ply
format ascii 1.0
element vertex 2048
property float x
property float y
property float z
end_header
0.262543648481369 0.934405505657196 -0.5319541096687317
-0.6045268177986145 0.771979570388794 -0.15907442569732666
-0.5550726056098938 0.3659578561782837 -0.28497353196144104
-0.46771204471588135 -0.04325417801737785 -0.3460023105144501
-0.5858036279678345 0.10202983766794205 -0.23850740492343903
0.21886180341243744 0.9459047913551331 -0.4076700210571289
0.10570420324802399 -0.5362398624420166 -0.2458847314119339
0.2997925877571106 1.4477602243423462 -0.09025544673204422
-0.607954204082489 0.3859238028526306 -0.30045992136001587
-0.5446296334266663 0.22601774334907532 -0.29208090901374817
-0.5654053092002869 0.1766073852777481 0.25954097509384155
-0.589618444442749 0.7601922750473022 -0.2711232900619507
-0.4478691518306732 0.3725098669528961 -0.24787162244319916
-0.5872371792793274 0.5095378160476685 -0.0348515510559082
-0.5966498255729675 0.9177989959716797 0.058574430644512177
-0.6051352620124817 0.4690638780593872 -0.11608248203992844
-0.36827629804611206 0.5353881120681763 0.16980953514575958
-0.5867010951042175 1.1988551616668701 0.018537383526563644
-0.49706700444221497 0.1822798103094101 -0.5673089027404785
-0.09763974696397781 0.7283540368080139 -0.3387781083583832
-0.5612927675247192 0.684152364730835 -0.41180574893951416
-0.6474621891975403 -0.15192174911499023 -0.16615912318229675
-0.5457015037536621 1.0218085050582886 0.4372291564941406
-0.6431446671485901 0.707641065120697 0.060411907732486725
0.3917165994644165 1.0939767360687256 -0.5306965112686157
-0.6438798308372498 0.4431776702404022 -0.5489585399627686
-0.7078654766082764 0.38215234875679016 0.13711297512054443
0.11660593748092651 0.9835954308509827 -0.04496721178293228
-0.5829088091850281 0.3952029049396515 -0.44758284091949463
-0.4452323019504547 0.01844172365963459 -0.20987965166568756
-0.03685767576098442 0.9030590653419495 -0.12336728721857071
-0.5389747023582458 0.6479031443595886 -0.15507769584655762
-0.5961872339248657 0.5582394599914551 -0.2884559631347656
-0.5964319705963135 1.0549601316452026 0.12534543871879578
-0.2815490961074829 0.23744787275791168 -0.2481255978345871
-0.5904482007026672 0.8710597157478333 0.31115269660949707
-0.6227923035621643 0.70343017578125 -0.24682743847370148
-0.5236266851425171 0.44678640365600586 0.226385235786438
-0.5580533742904663 0.9335282444953918 0.05724393203854561
-0.5488162040710449 -0.2936423718929291 -0.17928287386894226
-0.5529091954231262 0.2964397966861725 0.15713642537593842
0.026980094611644745 1.0122674703598022 0.05007223039865494
-0.5764946937561035 0.02733313851058483 -0.07658740133047104
0.014271801337599754 0.4169478118419647 -0.28912514448165894
-0.6400551795959473 0.424356073141098 0.3353631794452667
0.39599016308784485 0.7037655711174011 -0.36389026045799255
-0.6088270545005798 0.3179493844509125 0.24361898005008698
-0.761684000492096 0.3115141689777374 0.010531196370720863
-0.5103003978729248 0.2305363267660141 -0.43772780895233154
-0.6366512179374695 0.28502678871154785 0.1777321845293045
-0.56587153673172 0.9510554671287537 -0.3584167957305908
-0.6015262603759766 0.3607374131679535 -0.4237210154533386
-0.6752753257751465 0.8003632426261902 -0.24608026444911957
-0.6615539789199829 0.12589672207832336 -0.1923867017030716
0.07432207465171814 0.5704119801521301 -0.22700496017932892
0.16493840515613556 0.3191263675689697 -0.547929584980011
-0.5998159646987915 0.28930795192718506 0.08234933763742447
-0.3633231520652771 0.2482435256242752 -0.20617467164993286
0.47682619094848633 0.7804538011550903 -0.15745800733566284
-0.3367871940135956 0.5872594118118286 0.151299387216568
-0.6421680450439453 0.6857380867004395 0.014339802786707878
-0.4836355149745941 0.4146121144294739 -0.31152647733688354
-0.623012125492096 0.4795702397823334 -0.12840929627418518
-0.6179197430610657 0.794516921043396 -0.06968440860509872
-0.4184791147708893 0.8601866960525513 -0.20521771907806396
-0.6199109554290771 0.37206727266311646 -0.2742863595485687
-0.5833790302276611 0.6994120478630066 0.07193490117788315
-0.5229746699333191 0.23405304551124573 -0.22406040132045746
-0.6131620407104492 0.7049205303192139 0.042093392461538315
-0.5894545316696167 0.32305967807769775 -0.39295706152915955
-0.8147071003913879 0.2672647535800934 -0.040297575294971466
-0.6079524159431458 0.6604031324386597 -0.4991205930709839
-0.6076990365982056 0.42995935678482056 -0.292503297328949
-0.6023253202438354 0.3692139983177185 0.15736383199691772
-0.652103066444397 0.4660123586654663 0.04540353640913963
-0.7417646646499634 0.2353665828704834 0.002806230215355754
-0.47967779636383057 -0.062204185873270035 -0.4379262328147888
-0.5069336891174316 0.9097217917442322 0.18389567732810974
0.1669965237379074 0.32969900965690613 -0.5136570930480957
-0.6160941123962402 0.6850808262825012 0.3093346953392029
-0.5794869661331177 0.998869001865387 0.013429190963506699
-0.5716163516044617 0.4956589341163635 -0.23715519905090332
-0.6561522483825684 0.6120032668113708 -0.15930846333503723
-0.5383610725402832 0.3334210216999054 0.3078637719154358
-0.2691453993320465 0.606353223323822 0.0688461884856224
0.09765437990427017 1.0419731140136719 -0.18866020441055298
-0.5794755220413208 -0.0009193250443786383 -0.23771518468856812
-0.5344988703727722 0.2120746523141861 -0.6472330689430237
-0.6315189003944397 0.259657084941864 -0.10143584758043289
0.22506338357925415 0.6504353880882263 -0.22751152515411377
0.5012943148612976 0.48329421877861023 -0.2668287754058838
0.5006473064422607 0.4858044683933258 -0.283542662858963
-0.5554491281509399 0.7566534280776978 0.19647319614887238
-0.6320376396179199 0.28650471568107605 -0.2925029397010803
-0.6649518013000488 0.37425416707992554 0.2891446053981781
0.23482133448123932 0.5186656713485718 0.14372657239437103
-0.7057691812515259 0.5039124488830566 -0.4826897084712982
-0.633216142654419 0.6128872036933899 0.0656474158167839
0.3783867359161377 0.49124157428741455 -0.3483811914920807
-0.35867899656295776 -0.06127695366740227 0.08327052742242813
-0.7316576242446899 1.0927153825759888 -0.21891999244689941
-0.6506338715553284 0.8057237863540649 -0.05793214589357376
-0.5580843091011047 0.23071767389774323 0.3150545358657837
-0.3689732551574707 0.7198783755302429 -0.8033627867698669
0.11121596395969391 0.8916456699371338 -0.31427669525146484
-0.47073832154273987 0.7905089259147644 -0.12925083935260773
-0.5805302262306213 0.8706583380699158 0.18574488162994385
-0.34343400597572327 0.3145291209220886 -0.2811029255390167
-0.6096489429473877 0.5232343077659607 -0.17653022706508636
-0.5557835102081299 0.6213030219078064 -0.6146720051765442
-0.17743468284606934 0.9395906925201416 -0.10348925739526749
-0.14052964746952057 0.9562770128250122 -0.14889875054359436
-0.5456353425979614 0.5638325810432434 -0.5647470355033875
-0.6460726261138916 0.5399507880210876 -0.22372932732105255
-0.5422422885894775 0.2328827679157257 -0.15237778425216675
-0.6069758534431458 0.9271478652954102 -0.15394370257854462
-0.42943790555000305 0.9023630023002625 -0.1506817638874054
-0.4057246446609497 0.5399572849273682 -0.631925106048584
0.1384427696466446 0.8248329162597656 -0.4677232801914215
-0.589731752872467 0.9055759310722351 -0.07070491462945938
-0.6565563082695007 0.2805347144603729 0.16526609659194946
-0.5805836915969849 0.5548539757728577 -0.5476060509681702
-0.5800564289093018 0.12845516204833984 -0.30048617720603943
0.21862684190273285 0.45067694783210754 -0.04508921876549721
-0.5423417091369629 0.6644062995910645 0.31703636050224304
-0.6501908898353577 0.7981307506561279 -0.2642592191696167
-0.6539487242698669 0.7103040814399719 -0.1478072851896286
-0.5922297835350037 0.4122265875339508 -0.18284735083580017
-0.41362568736076355 0.5816614627838135 0.17191998660564423
-0.4859327971935272 0.7741700410842896 0.1236812174320221
-0.4307214021682739 0.04749886319041252 -0.3976795971393585
0.17423513531684875 0.9463985562324524 -0.2582566738128662
0.494704008102417 0.38584616780281067 -0.37891364097595215
-0.6216472387313843 0.44375550746917725 -0.3197280764579773
-0.09936682134866714 1.0819896459579468 -0.12808160483837128
-0.6014206409454346 -0.029890896752476692 0.054699599742889404
-0.462396502494812 0.8091458678245544 0.07106560468673706
-0.6305235624313354 0.3998570442199707 0.27317509055137634
-0.6231062412261963 0.500216543674469 -0.5630269050598145
-0.5892072319984436 1.0171024799346924 0.4069875180721283
-0.549678385257721 1.0220776796340942 -0.14776630699634552
-0.41450101137161255 0.3314399719238281 -0.525837779045105
-0.4663122296333313 0.15692263841629028 -0.18010585010051727
-0.548758327960968 0.7239648699760437 -0.09756899625062943
-0.7416582703590393 0.3064276874065399 -0.4384499490261078
-0.556175708770752 0.38816359639167786 -0.11133842170238495
-0.6614805459976196 0.386574923992157 -0.3593362271785736
-0.5724037289619446 0.12653174996376038 -0.3577911853790283
-0.02834044024348259 0.17758308351039886 -0.22674261033535004
0.1546269655227661 0.9427014589309692 0.12878313660621643
0.1950206160545349 0.6922383904457092 -0.5810372233390808
-0.5426951050758362 0.42935729026794434 -0.1802809089422226
-0.6820782423019409 0.3143388330936432 -0.45494747161865234
-0.6296990513801575 0.3241502642631531 -0.12897348403930664
-0.5204578042030334 0.2866387963294983 -0.02662825398147106
-0.6867368817329407 0.2856657803058624 -0.43737733364105225
-0.6385295391082764 0.15776090323925018 0.07418087869882584
-0.5733138918876648 0.2645547091960907 -0.3831447958946228
-0.6675354242324829 0.20717842876911163 -0.15281827747821808
-0.5584569573402405 0.9294000864028931 -0.037812408059835434
-0.630793035030365 0.475498765707016 0.0466528981924057
-0.5591413378715515 0.9056141376495361 -0.14396420121192932
-0.463051438331604 0.6672694087028503 0.10368575155735016
-0.6003623604774475 0.4064708352088928 0.3132621943950653
-0.7303057909011841 0.0912611186504364 -0.0289514921605587
-0.5158590078353882 0.3713648021221161 -0.22474394738674164
-1.2692128419876099 0.3396792411804199 0.068231500685215
0.06103193387389183 1.0027276277542114 -0.1909874975681305
-0.5619874000549316 0.7789731621742249 -0.19223865866661072
-0.6203432083129883 0.18440167605876923 -0.356406569480896
-0.6687853336334229 0.9192768335342407 -0.3282334804534912
0.11446297913789749 0.3546530604362488 -0.5466199517250061
-0.5229411721229553 0.2831791639328003 0.2667437493801117
-0.6269820928573608 -0.5899537801742554 0.004970205016434193
-0.20757035911083221 0.4297386109828949 0.3057089149951935
-0.09752222150564194 0.9697327613830566 0.0051014842465519905
-0.6336294412612915 0.33083203434944153 0.06342478841543198
-0.5255228877067566 0.27939626574516296 -0.1949489712715149
0.21385054290294647 0.5503023266792297 -0.29836419224739075
-0.6788876056671143 0.4366474151611328 -0.410793274641037
-0.47923266887664795 1.1313143968582153 -0.0872383788228035
-0.06593115627765656 1.238038420677185 -0.30630502104759216
-0.5938689112663269 0.13902896642684937 -0.024613777175545692
-0.05111944302916527 1.0561754703521729 -0.24420228600502014
-0.68165123462677 0.7297359704971313 -0.500217854976654
0.30309197306632996 0.4397274851799011 -0.2628915011882782
-0.2864129841327667 0.7685437202453613 0.0371587872505188
-0.004651178140193224 1.2274988889694214 0.09435426443815231
-0.6065118908882141 0.8826037645339966 -0.4000735282897949
-0.6949567794799805 -0.7342968583106995 0.00292455917224288
-0.6143006682395935 0.16019442677497864 -0.10470166057348251
-0.6064838171005249 0.4529232978820801 -0.31575271487236023
-0.6506386995315552 0.44415196776390076 -0.4709535241127014
0.15547531843185425 0.44541969895362854 -0.18118013441562653
-0.5985908508300781 0.6998695731163025 -0.18804094195365906
-0.650648295879364 0.6345723867416382 -0.0893726497888565
-0.682442307472229 0.23475903272628784 0.05052211135625839
-0.6176323890686035 0.13615842163562775 -0.16081303358078003
-0.5327072739601135 0.3428616523742676 -0.2916030287742615
0.5293349027633667 -0.09117919206619263 -0.40141934156417847
-0.39971378445625305 1.0788720846176147 -0.018053751438856125
-0.15168243646621704 0.7463359236717224 0.055240146815776825
-0.49182289838790894 0.4175253212451935 -0.1820138394832611
-0.655970573425293 0.6529133319854736 -0.1344943344593048
-0.7423807978630066 0.446002721786499 0.01019512303173542
-0.6836891770362854 0.8128635883331299 -0.2513143718242645
-0.5319480299949646 0.3077062964439392 -0.6318502426147461
-0.0789756029844284 0.1303587108850479 -0.24882829189300537
-0.610529363155365 0.6277199983596802 -0.20452561974525452
-0.14462587237358093 0.7345065474510193 -0.10924199223518372
-0.16243082284927368 0.6188093423843384 -0.5099959969520569
0.017791492864489555 1.0735636949539185 -0.03820692375302315
-0.5766757726669312 0.5723375082015991 0.3671657145023346
-0.4447074830532074 0.38079458475112915 0.1173073798418045
-0.6633405685424805 0.73497474193573 -0.28374385833740234
-0.4161885380744934 0.2749882638454437 -0.30906322598457336
-0.19438932836055756 0.5942558646202087 -0.24425604939460754
-0.5735079646110535 0.3211928904056549 -0.47785845398902893
-0.2917039394378662 1.060538411140442 -0.0016034264117479324
0.34128397703170776 0.8957421779632568 -0.290088027715683
0.2635703682899475 0.9318633079528809 0.1999506801366806
-0.2691648006439209 0.47022902965545654 -0.5773597359657288
-0.6110116243362427 0.9301862716674805 0.004466795362532139
-0.5818504095077515 0.499530166387558 -0.19684337079524994
-0.6078952550888062 0.535262942314148 0.04720105230808258
-0.5933061242103577 0.38375481963157654 0.28810757398605347
-0.5220503211021423 0.7251765727996826 0.20734526216983795
-0.5035683512687683 0.579858124256134 -0.5782407522201538
-0.033416733145713806 0.8759487867355347 0.0352606438100338
-0.5701772570610046 0.31516727805137634 0.3510322868824005
-0.6286277174949646 1.1294124126434326 -0.1060304194688797
-0.008034370839595795 1.2300111055374146 -0.0005934268701821566
-0.595365047454834 0.04372521862387657 -0.2904481589794159
-0.46262314915657043 0.7736087441444397 -0.4908806383609772
-0.027316613122820854 0.659507691860199 0.05340954288840294
-0.6397607326507568 0.06514354050159454 -0.09499005228281021
-0.5855741500854492 0.9126362800598145 -0.1256767064332962
-0.5108228921890259 0.5094375610351562 0.0057089319452643394
-0.6143299341201782 0.5806384086608887 -0.1451161950826645
-0.6374406218528748 0.5813999176025391 0.04505876451730728
-0.47044500708580017 0.15596149861812592 -0.5568607449531555
-0.6058850884437561 0.9777426719665527 0.10900316387414932
-0.6881868243217468 -0.00909675657749176 -0.1703200340270996
0.3801620900630951 0.9578614234924316 -0.31933504343032837
-0.6073873043060303 0.8617416620254517 -0.1803344190120697
-0.5859044194221497 0.6426690220832825 -0.2597430944442749
-0.6508333683013916 1.4457902908325195 0.14000260829925537
-0.5398679375648499 0.9304392337799072 -0.0005782542284578085
-0.5863832235336304 0.7943084239959717 -0.11784449964761734
-0.28450340032577515 0.5732563734054565 -0.27215978503227234
-0.39455628395080566 0.4413219392299652 -0.2262013852596283
-0.5786070823669434 0.8727998733520508 0.19710633158683777
-0.6978877782821655 -0.06598144769668579 0.16268616914749146
-0.6809436082839966 0.5222566723823547 0.059722986072301865
-0.6405423283576965 0.30206313729286194 -0.3076219856739044
-0.37916216254234314 0.8669642210006714 -0.1914474070072174
-0.5468131303787231 0.17097170650959015 -0.3742506504058838
-0.3481500446796417 0.20469284057617188 -0.27097761631011963
-0.6114164590835571 0.7752984762191772 -0.13176849484443665
-0.6103434562683105 0.6979480385780334 -0.11376266926527023
-0.6031332612037659 0.3434259295463562 0.01255924440920353
-0.49112582206726074 0.9434767365455627 -0.07118034362792969
-0.5555870532989502 0.49863043427467346 -0.14312998950481415
-0.4588797986507416 0.10199782252311707 -0.043702516704797745
-0.6242076754570007 0.39718130230903625 -0.3224184215068817
-0.5229477286338806 0.32969537377357483 -0.4274323284626007
-0.39474377036094666 0.9553421139717102 -0.16439862549304962
-0.42826488614082336 0.23411472141742706 0.07510387897491455
-0.6025287508964539 0.49573642015457153 -0.2656233608722687
-0.4758492708206177 0.3169184923171997 -0.4325818121433258
-0.5948876738548279 0.21487751603126526 -0.2091289758682251
0.0033525116741657257 0.9134121537208557 -0.2645592987537384
-0.5262643098831177 0.40872904658317566 -0.1309906542301178
-0.15436051785945892 1.027530550956726 -0.12088631838560104
-0.5140045881271362 0.4576864242553711 0.2657349407672882
-0.6481132507324219 0.6090862154960632 -0.27525150775909424
-0.5656515955924988 0.49935397505760193 0.21004003286361694
-0.5483826398849487 0.7337576746940613 0.08742270618677139
-0.3847987949848175 0.8386437892913818 0.16129301488399506
-0.04428243264555931 0.8791072964668274 0.17737196385860443
-0.39624616503715515 1.0577858686447144 0.0931689664721489
-0.5471068024635315 0.23845389485359192 -0.2519238591194153
-0.6321411728858948 0.4280949532985687 -0.23809823393821716
-0.6469233632087708 0.17396846413612366 0.006303929723799229
-0.6469345092773438 0.39631015062332153 -0.2962883710861206
-0.5381008386611938 0.2500753700733185 0.16572518646717072
0.20822441577911377 0.9626187682151794 -0.44065535068511963
-0.6584025025367737 0.723622739315033 -0.3375432789325714
-0.6539123058319092 0.3777153491973877 0.02218836545944214
-0.07139124721288681 0.7893374562263489 -0.2916558086872101
-0.48463091254234314 0.7135114669799805 -0.21663975715637207
-0.6334932446479797 0.7075106501579285 -0.25616687536239624
0.14706890285015106 0.7343754172325134 -0.2598666250705719
-0.31898799538612366 0.5095414519309998 -0.4345775842666626
-0.6310030817985535 0.3588424623012543 0.15856531262397766
-0.6427128911018372 0.3806644082069397 -0.10264389961957932
-0.5514464378356934 0.6730501651763916 0.18039840459823608
-0.4623722732067108 0.3763166069984436 -0.525597095489502
-0.836872398853302 0.10720445215702057 0.08575049787759781
-0.8290481567382812 -0.43199804425239563 0.0921366736292839
-0.227946475148201 0.34613335132598877 -0.47179076075553894
-0.4451461434364319 0.43889856338500977 -0.24543192982673645
-0.5557929873466492 0.9986957907676697 0.12204286456108093
-0.6055829524993896 0.9090356230735779 0.011677920818328857
-0.4880717992782593 0.18276157975196838 -0.5041950941085815
-0.6058487892150879 0.3868001103401184 -0.14340174198150635
-0.27933114767074585 0.8564243316650391 0.013949757441878319
-0.3852112293243408 0.8545089364051819 0.027736177667975426
-0.8599333763122559 0.09606269001960754 0.03842807188630104
-0.5582931637763977 0.39295920729637146 -0.34847867488861084
-0.6885077953338623 1.5482348203659058 -0.003845678176730871
-0.37219861149787903 1.1066032648086548 0.09763392060995102
-0.4780648946762085 0.21668313443660736 -0.4993552565574646
-0.4307223856449127 0.019195454195141792 -0.25892749428749084
-0.6545402407646179 0.7779935002326965 -0.2419407218694687
-0.6026920080184937 0.48265016078948975 -0.08859556913375854
-0.6437390446662903 0.9802464842796326 -0.0082705058157444
-0.6284928321838379 0.32771822810173035 -0.06468739360570908
-0.41770002245903015 0.686976969242096 -0.1124267429113388
-0.3935181200504303 0.874939501285553 -0.21745628118515015
-0.5923017263412476 0.8300089240074158 -0.2397613674402237
-0.6327127814292908 0.38755282759666443 -0.29433056712150574
-0.6328963041305542 0.7296206951141357 0.2943589389324188
-0.7160120606422424 0.561262309551239 -0.489736944437027
-0.4550534784793854 0.8889392018318176 0.28890126943588257
-0.6205148100852966 0.8231168389320374 -0.2768610119819641
0.2871324121952057 0.8222770690917969 -0.40860265493392944
-0.39330071210861206 0.6998438239097595 -0.2245001494884491
-0.7457035779953003 0.8127375245094299 -0.16484473645687103
-0.5870338678359985 0.8065453171730042 -0.13431434333324432
-0.5049120187759399 0.22012844681739807 -0.12113764882087708
-0.45840662717819214 0.6155753135681152 0.2175651639699936
-0.39214929938316345 0.2606489658355713 -0.6144701242446899
-0.5650078058242798 0.24993278086185455 -0.020922400057315826
0.06796052306890488 0.6549087762832642 -0.4442010521888733
-0.6959326863288879 -0.3424057364463806 0.013382446020841599
-0.6089121103286743 0.47482356429100037 -0.22016705572605133
-0.4355749487876892 0.24608248472213745 0.15938620269298553
0.324655145406723 1.0169010162353516 -0.03526843339204788
-0.5540596842765808 0.9483842253684998 0.04398667439818382
-0.6237717866897583 0.790679395198822 -0.28770700097084045
-0.310321569442749 0.9611040949821472 -0.5454543232917786
-0.6033545136451721 0.4298052191734314 -0.5999119877815247
-0.5332021117210388 0.005011265631765127 -0.3588964641094208
-0.5506678819656372 0.2876712679862976 -0.47192609310150146
-0.5362066030502319 0.7342284917831421 -0.28771594166755676
-0.5803537964820862 0.4307890832424164 -0.25002333521842957
-0.6414639949798584 0.4315682053565979 -0.05848171189427376
-0.5950289964675903 0.3787044286727905 0.01407536119222641
0.25471624732017517 0.6945704221725464 0.162761390209198
-0.5613750219345093 0.21104657649993896 -0.23822109401226044
0.11051540821790695 0.6592220664024353 0.008454659953713417
-0.5842974185943604 0.5083364248275757 0.15800055861473083
-0.6511163115501404 0.3094997704029083 0.408950537443161
-0.5587599873542786 0.06300856918096542 -0.21006986498832703
-0.6438276767730713 0.7359631657600403 -0.4086405336856842
-0.6097913980484009 0.8767285943031311 -0.210444837808609
-0.6929448246955872 0.770651638507843 0.030810611322522163
0.12319239974021912 1.203789234161377 0.38949641585350037
0.3363993465900421 0.8967484831809998 0.13345007598400116
-0.09813971817493439 0.6791987419128418 -0.5665745139122009
-0.355105459690094 0.6072856783866882 -0.8046222925186157
-0.3693096339702606 0.9767373204231262 -0.4061638414859772
-0.6760475635528564 0.34011563658714294 -0.2338091880083084
-0.49489080905914307 0.7242336869239807 -0.06507518142461777
-0.646122932434082 0.7152634859085083 -0.23357219994068146
-0.4996962249279022 -0.015990279614925385 -0.2916502058506012
-0.5837712287902832 1.1896049976348877 0.0066232322715222836
-0.5843130946159363 0.9453698396682739 -0.1260821670293808
-0.6568422913551331 -0.34723538160324097 0.1652994006872177
-0.5628055334091187 0.3903476893901825 -0.40575119853019714
-0.03544830530881882 1.0435515642166138 -0.24923565983772278
-0.6080046892166138 0.29032424092292786 0.3030467629432678
-0.6330134868621826 0.4573906660079956 -0.5656580924987793
-0.5560435056686401 0.46251389384269714 0.09437579661607742
0.03176837041974068 0.7913376688957214 -0.0857512503862381
-0.0616338849067688 -0.15285839140415192 -0.4871037006378174
-0.8592225313186646 0.29678958654403687 -0.5067722201347351
-0.5092427134513855 -0.0737149715423584 -0.163026824593544
-0.6128697991371155 0.997877836227417 -0.14440296590328217
-0.614382803440094 0.9448562264442444 0.13065439462661743
-0.6439802050590515 0.7670491933822632 -0.1672564297914505
-0.6014029383659363 0.4997338652610779 -0.457425981760025
-0.48645320534706116 0.39730948209762573 -0.6344519257545471
-0.31390589475631714 0.7739813327789307 -0.30681493878364563
-0.5937192440032959 0.4573906362056732 0.0023543797433376312
-0.6553616523742676 0.4907911419868469 -0.1493876874446869
-0.6177799701690674 0.7473362684249878 -0.08247185498476028
-0.4182323217391968 0.3656908869743347 0.26014021039009094
-0.654735267162323 0.5517333745956421 0.15508371591567993
0.40025433897972107 0.4685004949569702 -0.3281715214252472
-0.6388724446296692 0.0510730966925621 -0.041724447160959244
-0.394135981798172 0.38298413157463074 -0.5968416333198547
-0.49604532122612 0.5049601197242737 -0.5390112996101379
-0.6226123571395874 0.46769294142723083 0.1735275238752365
-0.5185638666152954 -0.23771034181118011 -0.16072995960712433
-0.6377692818641663 -0.1546977460384369 -0.2682645320892334
-0.23534618318080902 0.744354784488678 -0.2739371657371521
-0.23965178430080414 0.6603192687034607 0.15251386165618896
-0.5917369723320007 0.8554015755653381 -0.12251907587051392
0.4062862992286682 1.0288437604904175 -0.037798430770635605
-0.4906160533428192 0.8026569485664368 -0.2437719851732254
-0.7070846557617188 0.32556915283203125 -0.007987702265381813
-0.3185300827026367 0.3494251072406769 0.19850482046604156
-0.6439074873924255 0.37606072425842285 -0.42830517888069153
-0.6810135245323181 0.35678955912590027 -0.3471800684928894
-0.5514264702796936 -0.7640354037284851 -0.04215182363986969
-0.44188615679740906 0.379212349653244 0.2680850327014923
-0.7340062260627747 0.3055659532546997 0.06926528364419937
-0.6320829391479492 0.24799844622612 -0.3272188901901245
-0.5246269702911377 0.628545880317688 0.16141431033611298
-0.5724014043807983 0.7258301377296448 -0.045054927468299866
-0.5997262001037598 0.5441452264785767 0.24836523830890656
0.1369904726743698 1.2104119062423706 0.11929553747177124
-0.6826813817024231 0.3814811408519745 -0.4338195323944092
-0.5482015609741211 0.15256917476654053 -0.21453452110290527
-0.6919800639152527 0.472554087638855 -0.20779640972614288
-0.4283024072647095 0.5330019593238831 0.19916729629039764
-0.5809832215309143 0.3718664348125458 -0.11165730655193329
-0.7102787494659424 0.45271456241607666 -0.15769632160663605
-0.591025173664093 -0.1596422642469406 -0.24532771110534668
-0.6188998818397522 0.5530959963798523 0.249358132481575
-0.5742490887641907 0.5441868305206299 0.48454374074935913
-0.6350557804107666 0.424282044172287 -0.22135159373283386
-0.5759606957435608 0.05485472083091736 0.056934207677841187
0.2876889705657959 -0.04554039612412453 -0.2755218744277954
-0.6106045246124268 0.7915577292442322 -0.11121739447116852
-0.0037540807388722897 0.7557605504989624 0.19438590109348297
-0.8265300989151001 -0.6608238220214844 0.10666541755199432
-0.4894939064979553 0.46588796377182007 -0.4986501932144165
-0.6663432717323303 0.5202879905700684 0.21969468891620636
-0.5277907848358154 0.06686629354953766 -0.23904584348201752
-0.6107008457183838 0.6027213931083679 -0.5317469835281372
-0.5645660758018494 0.5330396890640259 -0.549780547618866
-0.5825504064559937 0.5842457413673401 -0.5250603556632996
0.31571143865585327 0.49940699338912964 -0.3962019979953766
-0.6266031265258789 0.8562042117118835 -0.09757106751203537
-0.6246258020401001 0.6543848514556885 0.13038784265518188
-0.6157329082489014 0.23568475246429443 0.050700340420007706
-0.6100499629974365 0.42319411039352417 -0.22293511033058167
-0.4275737702846527 0.8760735988616943 -0.45590367913246155
-0.16488370299339294 0.7167088389396667 0.2848135828971863
-0.0014195763505995274 1.1085256338119507 0.0805424228310585
-0.22305990755558014 0.6539112329483032 -0.36209553480148315
-0.6050742268562317 0.28526800870895386 0.10698684304952621
-0.085809625685215 0.5890055298805237 -0.56468665599823
0.3663939833641052 0.7178025841712952 -0.11098821461200714
-0.6104030013084412 0.6086113452911377 -0.5208873152732849
-0.6032394766807556 0.7673652768135071 0.057594045996665955
-0.6230471134185791 0.5087409615516663 -0.5013530254364014
-0.5100045800209045 0.8866140246391296 0.29103901982307434
-0.5267999768257141 0.126616969704628 -0.5785471796989441
-0.584837019443512 1.1283560991287231 0.12222084403038025
-0.541355550289154 1.0143462419509888 0.11665496230125427
-0.6818244457244873 0.369274377822876 -0.40811672806739807
-0.20770011842250824 0.7944144606590271 0.27540093660354614
-0.6035072207450867 0.7220051288604736 -0.20872364938259125
-0.5664432644844055 0.2014821171760559 -0.4076941907405853
-0.5907387733459473 0.5103661417961121 -0.1470409482717514
0.23113805055618286 0.6579598784446716 0.07393277436494827
0.33670252561569214 1.179551601409912 -0.20480650663375854
-0.2677164077758789 0.45883551239967346 -0.4486857056617737
-0.12905173003673553 0.4575636684894562 -0.300058513879776
-0.4546951949596405 0.25643226504325867 -0.3279899060726166
-0.3614409863948822 1.0673669576644897 -0.06780289113521576
-0.5749053955078125 0.8452621102333069 0.01622733101248741
-0.7349600791931152 0.3729150891304016 -0.38743406534194946
-0.6326174139976501 0.33552414178848267 -0.3749842643737793
-0.5926310420036316 0.6903181076049805 -0.26892325282096863
-0.7985877394676208 0.2720069885253906 -0.5559001564979553
-0.34313297271728516 -0.4770702123641968 -0.140532448887825
-0.6857993006706238 0.5620725154876709 -0.48604026436805725
-0.6782203316688538 -0.011561522260308266 -0.32397523522377014
-0.7411054968833923 0.21201537549495697 -0.10465005785226822
-0.6367833614349365 0.3724340498447418 -0.24208424985408783
-0.5402659177780151 0.2966206669807434 -0.22940769791603088
-0.5647426247596741 0.3175372779369354 -0.42416247725486755
-0.007352238986641169 0.6638666987419128 0.29130449891090393
-0.0806790143251419 0.914383053779602 -0.3192286193370819
-0.549199640750885 0.3378266394138336 -0.29459258913993835
-0.3493748903274536 0.5501574873924255 -0.6221539378166199
-0.5623358488082886 1.1066588163375854 0.19841064512729645
-0.6305238008499146 0.36373114585876465 0.14678075909614563
-0.6378307342529297 0.40851709246635437 -0.14878593385219574
-0.7446216940879822 -0.085472472012043 0.04752632603049278
-0.19556909799575806 0.9378199577331543 0.08884590119123459
-0.07139045000076294 0.7317256927490234 -0.4035317003726959
-0.6725714802742004 0.6587339043617249 -0.1166372001171112
-0.5809223651885986 0.3882553279399872 -0.19430367648601532
0.2546630799770355 0.8692994117736816 -0.3149808347225189
-0.09270033985376358 0.5777860879898071 -0.3735240399837494
-0.5906227231025696 0.7025899291038513 -0.037486277520656586
-0.5845896601676941 0.82080078125 0.22368565201759338
-0.09082158654928207 1.1453975439071655 0.10180871188640594
-0.48250290751457214 0.47931209206581116 0.08708477020263672
-0.6202168464660645 0.18098315596580505 -0.3960770070552826
-0.5432003140449524 0.32659631967544556 -0.22023171186447144
-0.5570461750030518 0.8232545256614685 0.16446980834007263
-0.5298234224319458 1.0935975313186646 0.16133475303649902
-0.64406818151474 1.0132951736450195 -0.26836255192756653
-0.6163879632949829 0.39966946840286255 0.06010948121547699
0.09077101945877075 1.1692978143692017 -0.33611810207366943
-0.6170358657836914 0.27812737226486206 -0.3209703862667084
-0.6206333637237549 0.09720481932163239 -0.22906294465065002
-0.5979134440422058 0.3165056109428406 -0.1302126944065094
-0.5079799890518188 0.6671292781829834 0.21420089900493622
-0.5481518507003784 0.3076786398887634 -0.1868412345647812
0.021107206121087074 0.7033865451812744 0.27570512890815735
-0.47922712564468384 -0.08667067438364029 -0.20695637166500092
-0.4152337312698364 0.31714195013046265 -0.3535666763782501
-0.6168834567070007 0.3594508171081543 0.11017392575740814
-0.5950945615768433 0.9597912430763245 0.1839701533317566
-0.6076673865318298 0.7581694722175598 0.055014196783304214
-0.615895688533783 0.44943511486053467 -0.003146996721625328
-0.5711793303489685 -0.1640527844429016 -0.41978999972343445
-0.525052011013031 0.4438623785972595 -0.291986882686615
-0.3698374629020691 0.10657613724470139 -0.4773061275482178
-0.6734749674797058 0.3099115490913391 0.10513972491025925
-0.5953404307365417 0.2884543538093567 -0.2842252552509308
-0.6134719252586365 0.7375279664993286 -0.3918766975402832
-0.2706882953643799 0.8841319680213928 -0.40474629402160645
-0.6312652230262756 0.9094837307929993 -0.09575206786394119
-0.5686364769935608 0.7053304314613342 -0.25424250960350037
-0.7112156748771667 -0.566354513168335 0.003857053816318512
-0.08566578477621078 0.41581395268440247 0.10515670478343964
0.36855417490005493 0.8897552490234375 -0.33269479870796204
-0.6404416561126709 0.29802682995796204 -0.32007932662963867
-0.6604243516921997 0.3757590651512146 -0.4166586399078369
-0.6084156632423401 0.5598353743553162 -0.4000636041164398
-0.40054500102996826 0.6376467347145081 -0.20431126654148102
-0.5306236147880554 0.5588012337684631 0.03788916394114494
-0.6422646045684814 0.8600502014160156 -0.22118057310581207
-0.05096188560128212 0.9195835590362549 -0.3936210572719574
-0.6259674429893494 0.9554183483123779 -0.138389453291893
-0.579077959060669 0.43811890482902527 -0.33927541971206665
-0.5685164332389832 0.8437001705169678 -0.1278982162475586
-0.47391414642333984 0.8022128939628601 -0.007396786008030176
0.052076555788517 0.6537039875984192 -0.588983416557312
0.35226234793663025 0.7330025434494019 -0.029037589207291603
-0.41929206252098083 0.21885934472084045 -0.4375399947166443
-0.5640073418617249 0.9019973874092102 -0.09246613830327988
-0.5119329690933228 -0.07568162679672241 -0.5242024660110474
0.43450093269348145 1.1235512495040894 0.04287333786487579
-0.550176739692688 0.09388364851474762 0.2668912410736084
-0.5201681852340698 0.5750476121902466 -0.35255327820777893
-0.5923599600791931 0.6839514374732971 0.08132212609052658
-0.5687080025672913 0.4199366271495819 -0.15304158627986908
-0.5827241539955139 0.4810502529144287 0.3792073428630829
0.12400385737419128 0.7842798233032227 0.05572963133454323
-0.6050516366958618 -0.27271130681037903 -0.37813514471054077
-0.5244322419166565 0.7408924102783203 -0.27044767141342163
0.4297173023223877 1.007623553276062 -0.17739911377429962
-0.5228331089019775 -0.07394886016845703 -0.15096251666545868
0.4086257815361023 0.9305704832077026 -0.4669714868068695
-0.4478948712348938 -0.3690391778945923 -0.34289035201072693
-0.6338480710983276 0.7840354442596436 -0.13329710066318512
0.1481049358844757 -0.20693497359752655 -0.274793416261673
-0.6399534940719604 0.6270323991775513 -0.10475923866033554
-0.5506475567817688 0.501315712928772 -0.1323554515838623
-0.2908911406993866 0.8391568064689636 0.04404619336128235
-0.5431095361709595 0.4371914267539978 -0.4032295346260071
-0.6872390508651733 0.2233315259218216 -0.03857240453362465
-0.5716509222984314 0.9427707195281982 -0.09175180643796921
0.3861076235771179 0.8973830342292786 -0.4320446252822876
-0.523179292678833 0.3606654405593872 -0.2716541886329651
-0.6930125951766968 0.1582644283771515 -0.1246747151017189
-0.613975465297699 0.5141779184341431 0.22138908505439758
-0.6115237474441528 1.09218430519104 -0.30802735686302185
-0.7185733318328857 1.064605474472046 0.12581633031368256
-0.48220792412757874 0.6867361664772034 -0.15738441050052643
-0.5658608078956604 0.6329988837242126 0.24634601175785065
-0.49569693207740784 0.40575531125068665 -0.16358071565628052
-0.539669930934906 0.9022449851036072 0.1957622766494751
-0.3876121938228607 1.0592081546783447 0.1886725127696991
-0.5585934519767761 0.5099651217460632 -0.3942621648311615
-0.5433297157287598 0.9291800260543823 -0.56709885597229
-0.5032963156700134 0.2240762710571289 -0.509989321231842
-0.5622325539588928 0.16543380916118622 -0.3401511609554291
-0.5946633219718933 0.324688583612442 0.06849093735218048
-0.6052550673484802 -0.3123360872268677 -0.4230669438838959
-0.3223615884780884 0.9422442317008972 -0.6423149704933167
-0.5583648681640625 0.9595881700515747 0.14318257570266724
-0.6109212040901184 0.583357572555542 -0.17813080549240112
-0.6757603287696838 0.12206035852432251 -0.060502003878355026
-0.6556227207183838 0.41307660937309265 0.2284274399280548
-0.5610652565956116 0.5413178205490112 -0.5430497527122498
-0.6636345386505127 0.5140836834907532 -0.10820048302412033
-0.6297223567962646 0.7295328974723816 -0.019206536933779716
-0.6206572651863098 0.906436562538147 0.13618682324886322
-0.6338298916816711 0.4128992557525635 -0.4479503929615021
-0.2619553506374359 0.12787699699401855 -0.09165205806493759
-0.41175347566604614 0.22930607199668884 -0.4207545816898346
-0.6049903035163879 0.3487810492515564 -0.13595683872699738
-0.5668983459472656 0.7131763100624084 -0.10677006095647812
-0.5323268175125122 0.7712331414222717 0.16230067610740662
-0.3771684169769287 0.5415997505187988 -0.1025315448641777
-0.34057191014289856 0.5109583735466003 0.07101793587207794
-0.6245931386947632 0.24723632633686066 0.10746434330940247
0.42944204807281494 1.1085370779037476 -0.43283510208129883
-0.5951102375984192 0.5193718671798706 -0.3614217936992645
-0.6265078783035278 -0.05072280392050743 -0.367337167263031
-0.5138684511184692 0.3577510118484497 -0.19205135107040405
-0.66558837890625 0.9618508219718933 -0.3371032178401947
-0.641788899898529 0.9795044660568237 -0.04549015313386917
-0.6139907836914062 0.832740843296051 -0.12279830873012543
-0.26914283633232117 0.7568572163581848 -0.2935490608215332
-0.266015887260437 0.4697047770023346 -0.4269521236419678
-0.5789706110954285 0.6568444967269897 0.42480769753456116
-0.6585922241210938 0.7655102014541626 -0.2088647037744522
-0.5830393433570862 0.22789804637432098 -0.2506905198097229
-0.5715664625167847 0.46034717559814453 0.3027626872062683
-0.5080015659332275 0.04114730656147003 -0.2741851508617401
-0.5968927145004272 0.32573196291923523 -0.17611774802207947
-0.5750278830528259 1.1339231729507446 0.005362731404602528
-0.5709585547447205 0.4711098372936249 -0.22907429933547974
-0.5138221383094788 0.0037661720998585224 -0.18863990902900696
-0.7191849946975708 0.3207712471485138 0.06038523465394974
0.535498857498169 1.2161824703216553 -0.06790301948785782
-0.4015900492668152 0.45945870876312256 -0.44677767157554626
-0.05968869477510452 0.8376303315162659 0.21756930649280548
-0.5639166235923767 0.6836799383163452 -0.20580753684043884
-0.5899787545204163 0.7416562438011169 0.15304410457611084
-0.2783823609352112 0.7836613655090332 -0.5069340467453003
-0.5884950160980225 0.2665312588214874 -0.3767090439796448
-0.551845371723175 0.8528612852096558 -0.13582773506641388
-0.560143232345581 0.2391313761472702 -0.5105246901512146
-0.6332550048828125 0.2977599799633026 0.2705979645252228
0.13630317151546478 0.38082629442214966 -0.3899332582950592
-0.44484326243400574 0.08422660827636719 -0.6868070960044861
-0.2866586148738861 -0.19560904800891876 -0.16775470972061157
-0.5203273296356201 0.5594674348831177 -0.2854003310203552
-0.6513984203338623 0.6540350914001465 -0.355909138917923
-0.5944008231163025 0.9830256104469299 0.016753222793340683
0.22067566215991974 1.155657410621643 -0.014917245134711266
-0.585532009601593 0.5258180499076843 0.34231987595558167
-0.4987550675868988 0.4927733838558197 -0.4296937584877014
-0.5607012510299683 0.40091025829315186 0.16413812339305878
-0.6371370553970337 0.6125688552856445 0.21033158898353577
0.36393851041793823 1.072483777999878 -0.2660921812057495
-0.6316809058189392 0.49213987588882446 -0.26133105158805847
-0.03574052080512047 0.8407013416290283 -0.24194134771823883
-0.5291633605957031 -0.010190531611442566 0.1611642688512802
-0.5355260968208313 0.14679425954818726 0.028907587751746178
-0.36148837208747864 0.8978070020675659 -0.4632822573184967
-0.047297872602939606 0.3633027672767639 -0.26760026812553406
-0.603201150894165 0.8353414535522461 0.02005734108388424
-0.4505011737346649 0.17334802448749542 -0.7807945013046265
-0.6225194334983826 0.40935787558555603 0.1121567115187645
-0.5834260582923889 0.7791426777839661 -0.27203497290611267
-0.630337119102478 0.7129113078117371 0.026619859039783478
-0.430842787027359 0.5626192688941956 0.1803252249956131
-0.43714287877082825 0.10409803688526154 -0.3992299437522888
-0.6424857974052429 0.4593641757965088 -0.42236843705177307
-0.39647313952445984 -0.005751947406679392 -0.23137007653713226
-0.5733593702316284 0.32817602157592773 -0.29780083894729614
-0.6031587719917297 0.3978356122970581 -0.2980136573314667
-0.5735119581222534 0.9578669667243958 0.04130620136857033
-0.6433550119400024 0.9434310793876648 -0.1411886215209961
-0.3271558880805969 0.8322144150733948 0.12278289347887039
-0.5935897827148438 0.8016949892044067 0.1121160015463829
-0.5897074937820435 0.5230862498283386 -0.47077861428260803
-0.5699136853218079 0.3285045623779297 0.2101004421710968
-0.4620617628097534 0.8364205360412598 -0.2349996566772461
-0.757591962814331 0.11884776502847672 0.010834136977791786
-0.5808484554290771 0.2127292901277542 -0.2595219612121582
-0.6176809668540955 0.8626917004585266 -0.3384753465652466
-0.6044837832450867 0.880131185054779 0.0005873717600479722
0.1963576227426529 1.1932322978973389 -0.29110339283943176
-0.661708652973175 0.41527706384658813 -0.06139546260237694
-0.5944565534591675 0.6023534536361694 -0.18810929358005524
-0.0541151724755764 0.9062763452529907 -0.7483689188957214
-0.10278399288654327 0.457326740026474 -0.44875577092170715
-0.6052846908569336 0.6590073704719543 -0.2928035259246826
-0.6762266755104065 0.6513590216636658 -0.017329299822449684
-0.6067948341369629 0.5659247636795044 0.3214530050754547
0.4813457727432251 0.7190287709236145 -0.39097777009010315
-0.5998942852020264 0.3607942759990692 -0.20275211334228516
-0.6287344694137573 0.4285973608493805 0.06964484602212906
-0.14838533103466034 1.5357933044433594 0.2737140357494354
-0.20586292445659637 0.8632115721702576 0.22440636157989502
-0.6463078260421753 0.7785356044769287 -0.2547861933708191
-0.5808771848678589 0.45774656534194946 0.26361793279647827
-0.6032996773719788 0.5667168498039246 -0.2745322287082672
0.3248373866081238 0.4256041646003723 -0.662558913230896
0.3381970524787903 0.7740021347999573 0.10251010209321976
-0.545468270778656 0.6883602142333984 -0.18224592506885529
0.06294306367635727 0.31442955136299133 -0.27380260825157166
-0.5799069404602051 0.4011765420436859 0.11100324988365173
-0.5975868701934814 0.5425697565078735 -0.1570006012916565
-0.546599805355072 0.5203501582145691 0.16258907318115234
-0.021522076800465584 1.2238152027130127 -0.11248541623353958
-0.6269916892051697 0.6274091601371765 0.06716834008693695
-0.31021648645401 0.8174796104431152 -0.6188291311264038
-0.4911055266857147 0.4332840144634247 -0.3304280936717987
-0.5711656212806702 0.11888422816991806 -0.32353708148002625
0.35563600063323975 0.7194849252700806 -0.14137016236782074
-0.5740118026733398 0.2802010178565979 -0.21213658154010773
-0.5895756483078003 0.3968643844127655 -0.15415632724761963
-0.6413334012031555 0.18353471159934998 -0.06751604378223419
-0.5545135140419006 0.4120692312717438 0.022135598585009575
0.25451359152793884 0.7855212092399597 -0.3144073188304901
-0.6303032040596008 0.4562654495239258 0.07087888568639755
-0.08711788058280945 0.8240678906440735 -0.16451403498649597
-0.6205134391784668 0.8143812417984009 -0.16934068500995636
-0.4900639057159424 0.6061385869979858 -0.14783364534378052
-0.6043974161148071 0.6986236572265625 -0.2019723355770111
-0.629159152507782 0.5936141610145569 -0.5406824946403503
-0.5848658680915833 0.33286091685295105 -0.28333622217178345
-0.5976818203926086 0.9285228848457336 0.0920160785317421
-0.6374271512031555 0.5611874461174011 -0.3027428686618805
-0.6158424019813538 0.4600082337856293 -0.2798827290534973
0.2109469324350357 0.5052186846733093 -0.5428127646446228
-0.5656532049179077 0.4350668489933014 0.29217490553855896
-0.1582687497138977 0.8437089323997498 -0.20642225444316864
-0.6408851146697998 0.2952488362789154 -0.15467815101146698
-0.6455724835395813 0.4767763614654541 -0.06311354786157608
-0.6406214833259583 0.524185299873352 -0.3510168790817261
-0.27957502007484436 0.6850842833518982 -0.6212836503982544
-0.5285212397575378 0.14632505178451538 -0.42310452461242676
-0.671209990978241 0.32193201780319214 -0.162265807390213
-0.5168280005455017 0.5166693329811096 -0.011115245521068573
-0.6539729237556458 0.3494734764099121 0.1350809633731842
-0.5110929012298584 0.7343051433563232 -0.14271529018878937
-0.4885726273059845 -0.013665761798620224 -0.09848842024803162
-0.6562609076499939 0.7153854966163635 -0.284866064786911
-0.5978082418441772 0.37672632932662964 -0.3335137665271759
-0.6095092296600342 0.11133705824613571 -0.1604291796684265
-0.5530625581741333 0.21385513246059418 -0.4165773391723633
-0.6522781252861023 0.7000110149383545 -0.4812649190425873
0.18237413465976715 0.7829341292381287 -0.3478606045246124
-0.5855332612991333 0.8046020865440369 0.17808829247951508
-0.5992594957351685 0.5414406657218933 0.22101618349552155
-0.6274552941322327 0.40991681814193726 0.028650714084506035
-0.5224601626396179 0.5118160843849182 -0.38598278164863586
-0.6000622510910034 0.33388131856918335 -0.23391002416610718
-0.731408953666687 0.9368438720703125 -0.23063400387763977
0.3628478944301605 0.8328873515129089 -0.4544007182121277
-0.649988055229187 0.5563275814056396 -0.2749008238315582
-0.5896228551864624 0.6168614029884338 -0.6700416803359985
0.49287647008895874 1.1422958374023438 -0.19573616981506348
-0.5384206771850586 0.6312288641929626 -0.2632303833961487
-0.6902511119842529 0.326873779296875 -0.11125077307224274
-0.5983311533927917 0.5775612592697144 0.0026963059790432453
-0.4779425263404846 0.6625678539276123 -0.37083691358566284
-0.5594877600669861 0.10377150774002075 0.016702428460121155
-0.5973548293113708 0.4498591721057892 -0.2186054289340973
0.3284832537174225 0.5134187936782837 0.03276224061846733
-0.22704654932022095 0.7798620462417603 -0.28620055317878723
-0.6179341673851013 0.8581050038337708 -0.030971789732575417
0.27020004391670227 0.15078799426555634 -0.20275680720806122
-0.4272913336753845 0.5472840070724487 -0.307664155960083
0.18714609742164612 0.7910772562026978 -0.42371127009391785
-0.5078443288803101 0.23192518949508667 -0.5868200659751892
-0.2135382741689682 0.5616286993026733 -0.3992084264755249
-0.664484977722168 0.4862021207809448 -0.19615961611270905
-0.6430816650390625 -0.054497674107551575 -0.3693351149559021
0.18313950300216675 0.5247731804847717 -0.44414523243904114
-0.6303683519363403 0.3348025381565094 0.05291922017931938
-0.5627591609954834 -0.18472933769226074 0.147931307554245
-0.570063591003418 0.7146246433258057 -0.025145987048745155
-0.6134340763092041 0.2994292080402374 0.30211108922958374
0.30520057678222656 0.5424246191978455 -0.41549307107925415
-0.6219185590744019 0.5837973952293396 -0.17607204616069794
-0.3499567210674286 0.7327339053153992 -0.2827998995780945
-0.08204464614391327 0.7318918704986572 -0.062259335070848465
-0.622861385345459 0.3162379860877991 -0.1856241077184677
-0.5536133050918579 0.20486965775489807 -0.12171425670385361
-0.5381804704666138 0.22334876656532288 -0.6130689382553101
-0.4066030979156494 0.2087496817111969 -0.14525173604488373
-0.233773872256279 0.6103408932685852 -0.02334516867995262
-0.7224647402763367 0.4363391697406769 -0.5159115195274353
0.1113620176911354 0.7832479476928711 0.17856474220752716
-0.6374686360359192 0.7044023275375366 -0.060434069484472275
-0.5503419637680054 0.7160636186599731 -0.35531532764434814
-0.6211884021759033 0.416579008102417 -0.30019786953926086
-0.6240450739860535 0.8748827576637268 -0.19153565168380737
-0.6384532451629639 0.32921305298805237 -0.11223988980054855
0.4454347491264343 1.0140680074691772 -0.19547586143016815
-0.38049983978271484 0.9596909284591675 -0.4620909094810486
-0.5334406495094299 0.539581835269928 -0.14902469515800476
-0.6327164769172668 0.42067471146583557 0.28166308999061584
0.07917577028274536 0.6465011835098267 -0.31213271617889404
-0.6109615564346313 0.5927286148071289 -0.14148567616939545
-0.6281145215034485 0.9988193511962891 0.06079619750380516
-0.3261467516422272 1.1904520988464355 0.10929263383150101
-0.6415026783943176 0.472476065158844 -0.04163790121674538
-0.38006773591041565 0.42406371235847473 0.175612211227417
-0.56146639585495 0.3034400939941406 -0.11753068119287491
-0.3464585244655609 0.5055940747261047 -0.2123856544494629
-0.4679020941257477 0.7210631966590881 -0.01928352192044258
-0.607198178768158 0.4190129339694977 -0.42699459195137024
-0.1552264243364334 0.6117815971374512 0.21899911761283875
-0.4621874988079071 0.09096023440361023 -0.2317708283662796
-0.6892017722129822 0.5073283314704895 -0.43542757630348206
-0.681760847568512 0.6942254900932312 -0.316156268119812
-0.5401550531387329 0.5542317032814026 0.09333639591932297
-0.5722493529319763 0.43212729692459106 0.1644085943698883
-0.6907877922058105 0.5324219465255737 0.2352210432291031
-0.5165367722511292 0.8186330795288086 -0.23750576376914978
-0.6017816662788391 0.8276719450950623 0.11614426970481873
-0.29801109433174133 0.719154417514801 0.09132359176874161
-0.593366801738739 0.6426498889923096 -0.02323462814092636
-0.6025291085243225 0.5957006812095642 0.15006232261657715
-0.5654234886169434 0.8540194630622864 0.23394165933132172
-0.5901263952255249 0.2678477168083191 -0.22196631133556366
-0.5661489963531494 0.3770964741706848 0.1566193550825119
-0.5758827328681946 0.41017594933509827 -0.23427176475524902
-0.26940372586250305 0.9744058847427368 -0.34190911054611206
0.07891955971717834 0.6049827337265015 -0.04451020807027817
-0.6159281730651855 0.3564662039279938 -0.2671656906604767
-0.5726650953292847 0.8586389422416687 0.3587460517883301
-0.4663549065589905 0.8474228382110596 -0.1460990458726883
-0.6026161909103394 0.6222207546234131 -0.1362016797065735
-0.6790136694908142 0.2623007893562317 -0.059107061475515366
-0.6636723875999451 0.3891192078590393 -0.42407456040382385
-0.6432939171791077 0.3751826286315918 -0.18476322293281555
-0.6278310418128967 0.4505855441093445 -0.40166598558425903
-0.6429772973060608 0.35626858472824097 -0.15978211164474487
-0.6097544431686401 0.30382174253463745 -0.4266451895236969
-0.3426476716995239 0.0669870376586914 -0.04674803838133812
-0.48754453659057617 0.4548881947994232 -0.6007252335548401
-0.5082737803459167 1.1493583917617798 0.09430186450481415
-0.005230214446783066 0.5554792881011963 -0.4341665804386139
0.455874502658844 0.6098422408103943 0.256995290517807
-0.11894863843917847 0.7173092365264893 -0.5367746353149414
-0.7730346322059631 -0.28056034445762634 0.04181409999728203
-0.5930506587028503 1.0045030117034912 0.027215061709284782
-0.6405584216117859 0.773790180683136 -0.21244238317012787
-0.6158744096755981 0.5188033580780029 0.38714173436164856
-0.6046146750450134 0.8770083785057068 0.13178814947605133
-0.621994137763977 0.7942751049995422 -0.22785310447216034
0.33988654613494873 1.0802150964736938 0.03300847113132477
-0.5971251726150513 0.3813250660896301 0.1809138059616089
-0.6190687417984009 0.20031678676605225 0.035931605845689774
0.09698976576328278 0.36076170206069946 -0.34320569038391113
0.1140478327870369 1.0887500047683716 0.13659478724002838
-0.36514410376548767 0.3546028435230255 -0.40983864665031433
-0.5739213228225708 0.8112591505050659 0.1496623009443283
-0.5464088916778564 -0.21382828056812286 -0.34565097093582153
-0.22587944567203522 0.6228914260864258 0.2114083468914032
-0.6034374237060547 0.15476298332214355 -0.2170868068933487
-0.7055956721305847 0.06113429740071297 -0.15947946906089783
-0.5408021807670593 -0.09001102298498154 -0.42022427916526794
-0.7328495979309082 0.8137781023979187 -0.21700720489025116
-0.6327238082885742 0.9681625962257385 -0.18365886807441711
-0.6134548783302307 0.9182576537132263 0.06809868663549423
-0.5633907914161682 0.5999330878257751 0.18809953331947327
-0.5877988934516907 0.3723052740097046 -0.2912026047706604
-0.6046913862228394 0.7863139510154724 0.1345852017402649
0.3229435384273529 0.8752499222755432 -0.5431914329528809
-0.47208741307258606 0.9103519320487976 -0.6661329865455627
-0.17415852844715118 0.8678094744682312 -0.7835955023765564
0.7245940566062927 0.21113404631614685 -0.2988121211528778
-0.3814973831176758 0.626049816608429 -0.2260492742061615
-0.5416207313537598 0.583539605140686 -0.1003238782286644
-0.5601240992546082 0.02001809887588024 0.10785626620054245
-0.5840407013893127 0.8619828224182129 -0.27568262815475464
-0.6916617155075073 -0.29619815945625305 -0.015784991905093193
-0.6482886075973511 0.28780657052993774 -0.28326067328453064
-0.5058111548423767 0.13619069755077362 -0.4986329674720764
0.21888098120689392 0.678641676902771 -0.2802540063858032
-0.615058958530426 0.5031832456588745 0.29785504937171936
-0.24527888000011444 0.3139476478099823 -0.2145107239484787
-0.6662232875823975 0.2651444971561432 -0.34846097230911255
-0.29660680890083313 0.43833643198013306 -0.4801327586174011
-0.5885885953903198 0.4628565311431885 -0.0908888429403305
-0.5092213749885559 0.864467442035675 0.21026426553726196
-0.2052345722913742 0.6575976014137268 0.0775030255317688
-0.5705850124359131 0.269155353307724 -0.4443572461605072
-0.6496828198432922 0.3513013422489166 -0.3115978538990021
0.11497437953948975 0.642932116985321 -0.3374384343624115
-0.5175548791885376 0.9480425715446472 -0.25936734676361084
-0.6285272240638733 0.8857644200325012 -0.13402710855007172
0.1427747905254364 0.5199614763259888 0.32472869753837585
0.17090967297554016 0.4888733923435211 0.04817280173301697
0.3496832847595215 0.5860785245895386 -0.4066774249076843
-0.5583568215370178 0.8525030612945557 0.04177949205040932
-0.6864324808120728 0.39052385091781616 -0.25186774134635925
-0.5534071922302246 0.444815069437027 -0.2799778878688812
-0.5333725214004517 0.6439681649208069 0.18595397472381592
0.16025467216968536 1.049377679824829 0.19388529658317566
-0.6192947030067444 0.9405168890953064 0.016657652333378792
-0.6114816069602966 0.793897807598114 0.031036654487252235
-0.5834609270095825 0.668730616569519 -0.2506813108921051
-0.06485985964536667 -0.1698821634054184 -0.3645530045032501
-0.3489529490470886 0.6569684743881226 -0.2905673086643219
-0.4021652042865753 0.4376680254936218 -0.18944187462329865
-0.7245615124702454 0.6204319000244141 0.10299893468618393
-0.5882288217544556 0.6334266066551208 0.06160174682736397
-0.6216972470283508 0.30506032705307007 -0.1701774150133133
-0.6543622612953186 0.5255553722381592 -0.7024490833282471
-0.25874754786491394 -0.08445405960083008 -0.41212761402130127
-0.10698617994785309 0.9988940954208374 0.21304073929786682
-0.5543487071990967 0.8722315430641174 0.23956158757209778
-0.45185577869415283 0.722195565700531 0.1800651103258133
-0.6002223491668701 0.7406886219978333 0.18987859785556793
-0.6079775094985962 0.45326149463653564 0.1886213719844818
0.07856010645627975 0.7745681405067444 0.1264970302581787
-0.6352179050445557 0.6754119992256165 -0.2919417917728424
-0.6281060576438904 0.29149407148361206 -0.22527086734771729
0.551901638507843 0.45402437448501587 -0.5470480918884277
-0.5714356899261475 0.3047873377799988 -0.11283794045448303
-0.6410688161849976 0.44355443120002747 -0.3206683099269867
-0.5731281638145447 0.602491021156311 -0.2884964644908905
-0.07434595376253128 0.36258283257484436 -0.0562574565410614
-0.5235680937767029 0.4129196107387543 0.2963332533836365
-0.7041219472885132 -0.29701974987983704 -0.11779981851577759
-0.4034819006919861 0.3323296308517456 -0.11739932745695114
-0.29143762588500977 0.7694450616836548 -0.3204876184463501
-0.6295173168182373 0.767245352268219 -0.26597529649734497
0.1367119997739792 0.7458730936050415 -0.5421218872070312
-0.5743057131767273 0.6059644222259521 -0.27693459391593933
-0.021150270476937294 0.5803075432777405 0.0949251726269722
-0.5745771527290344 0.331096887588501 0.32503291964530945
-0.5968866348266602 0.5857088565826416 0.20821154117584229
0.040837280452251434 1.0202397108078003 -0.2605043351650238
-0.5221604108810425 0.05094056576490402 -0.35544586181640625
-0.6402418613433838 0.4517112970352173 -0.2256191521883011
0.3321465849876404 1.2316466569900513 -0.24256008863449097
-0.6395715475082397 0.9290488362312317 -0.09876000136137009
-0.61553955078125 0.7707220911979675 0.016442796215415
-0.46648576855659485 0.7830075025558472 -0.3006933927536011
0.30397340655326843 0.6962906718254089 -0.49177953600883484
-0.591026246547699 0.531356155872345 -0.7378113865852356
-0.17932482063770294 0.8633308410644531 -0.11341115832328796
-0.3675592541694641 -0.4989371597766876 -0.09301199018955231
-0.5360193252563477 0.5232253074645996 0.07091110199689865
-0.6633947491645813 0.5504769682884216 -0.27857622504234314
0.07610023766756058 0.4318583905696869 -0.5348821878433228
-0.6416696906089783 0.9497661590576172 0.05958518013358116
-0.6747002005577087 0.646748423576355 0.20185264945030212
-0.48793959617614746 0.2552705705165863 -0.2997339367866516
-0.5515099167823792 0.7568556070327759 0.45311111211776733
-0.6074128746986389 0.432669460773468 -0.2021118402481079
-0.4424891769886017 -0.06920196861028671 -0.4746336042881012
-0.6134258508682251 0.7117222547531128 -0.24878492951393127
-0.5577853918075562 0.8897244334220886 -0.03670816496014595
-0.6053744554519653 -0.38340410590171814 -0.17003723978996277
-0.6022195816040039 1.037132978439331 0.041644658893346786
-0.5495741963386536 0.21989373862743378 -0.2390105426311493
-0.37803125381469727 0.923172652721405 0.022009845823049545
-0.6548545956611633 0.5923734903335571 0.16316452622413635
-0.6382214426994324 0.35436171293258667 -0.29891741275787354
-0.6508471965789795 1.262357234954834 -0.3720894455909729
-0.26389235258102417 0.5594903826713562 -0.3047793209552765
0.19590042531490326 1.2452497482299805 0.007756236474961042
-0.5931245684623718 0.30966657400131226 0.2242976576089859
-0.5947670340538025 0.9219818115234375 0.08766906708478928
-0.5056074857711792 0.5772964358329773 0.014925617724657059
-0.47449466586112976 1.0509576797485352 -0.1591651290655136
-0.5696190595626831 0.6092473268508911 0.07479560375213623
-0.676567018032074 1.1498854160308838 0.3375464975833893
-0.644233226776123 0.4323607087135315 -0.22646751999855042
-0.6390656232833862 -0.03030596859753132 -0.3165573477745056
-0.6100010275840759 0.3438851237297058 -0.31861743330955505
-0.6038766503334045 0.35528847575187683 -0.10233069956302643
-0.6257665157318115 0.2457997053861618 -0.07226918637752533
-0.6872656345367432 0.2649294137954712 -0.6475261449813843
-0.5484064221382141 0.7947126030921936 -0.037613168358802795
-0.49760618805885315 0.4351445734500885 0.21858420968055725
-0.5784579515457153 0.3431474566459656 0.13617043197155
-0.551609992980957 0.4864266812801361 -0.5439117550849915
-0.35357528924942017 1.3725203275680542 0.07456517219543457
-0.6710553765296936 0.2855566143989563 -0.1645018756389618
0.3039228022098541 0.7961477041244507 -0.6218029856681824
-0.6173929572105408 0.34742289781570435 -0.5178542733192444
0.14313799142837524 0.49336063861846924 0.2431999146938324
0.42622700333595276 0.9108237028121948 -0.5489071011543274
-0.6506200432777405 0.451752632856369 -0.25796031951904297
0.5547311902046204 0.4167766869068146 -0.5139220356941223
-0.5796213746070862 0.9987087845802307 -0.01564883068203926
-0.440913587808609 0.48726147413253784 -0.16410616040229797
-0.6725327968597412 0.15988536179065704 0.11720726639032364
-0.642153799533844 0.961718738079071 -0.09209159016609192
-0.19646793603897095 1.08530855178833 -0.22160105407238007
-0.4467333257198334 0.5588542222976685 0.24219317734241486
-0.6397364139556885 0.7370349764823914 -0.1403372436761856
-0.5665848851203918 0.7034041881561279 0.1674683392047882
-0.5662107467651367 0.2631380558013916 -0.18706929683685303
-0.6037930250167847 0.5399525165557861 -0.14176031947135925
-0.5289210677146912 0.14161568880081177 -0.20452842116355896
-0.6116706132888794 0.4691418409347534 -0.4155667722225189
0.49578040838241577 0.4890086054801941 -0.6144053936004639
-0.5800137519836426 0.4931735694408417 -0.12546448409557343
-0.6796954274177551 0.48513564467430115 0.10210190713405609
-0.4701367914676666 0.646090567111969 0.10652633011341095
-0.5369056463241577 0.8398289084434509 -0.12209057807922363
-0.6133512854576111 0.1292189359664917 -0.1553305685520172
-0.5234844088554382 0.6909101605415344 -0.6530245542526245
-0.5659960508346558 1.1321114301681519 0.6003464460372925
-0.6413964033126831 -0.511764645576477 -0.31035667657852173
-0.22160804271697998 0.5948466062545776 -0.23347696661949158
0.4809432029724121 0.981814980506897 -0.22976480424404144
-0.5614987015724182 0.42022451758384705 -0.21140043437480927
0.5504781603813171 0.7315666675567627 -0.11572058498859406
-0.6625991463661194 0.7770310044288635 -0.26067274808883667
-0.5111468434333801 0.6023769974708557 -0.20677746832370758
-0.1566779613494873 0.8438133001327515 0.24653293192386627
-0.5688315629959106 0.6049171090126038 0.29847657680511475
-0.41036489605903625 0.5198988914489746 -0.2888677716255188
-0.3810214102268219 0.6705044507980347 0.2003701776266098
0.07550252974033356 0.9943575263023376 -0.10053585469722748
-0.6655632257461548 0.6966289281845093 -0.22349660098552704
-0.5830416679382324 0.7440168261528015 0.2734910249710083
-0.6216243505477905 0.4170088768005371 0.053052112460136414
-0.48716962337493896 1.250338077545166 -0.031237522140145302
-0.6266617774963379 0.47032397985458374 -0.47687774896621704
-0.6318685412406921 0.8853986859321594 -0.09519269317388535
-0.5553486347198486 0.7090308666229248 0.2395649552345276
0.43748044967651367 1.0247184038162231 -0.5462749600410461
-0.6029359102249146 1.1689509153366089 -0.3426204025745392
-0.41183534264564514 0.5613468289375305 -0.06405309587717056
-0.6024183630943298 0.2058660387992859 -0.43495360016822815
-0.5069316029548645 0.23504576086997986 -0.26721474528312683
-0.5602031946182251 0.4461039900779724 0.11310309171676636
-0.6047970652580261 0.6715899705886841 -0.4895954728126526
-0.7130953073501587 0.37829992175102234 -0.5154493451118469
-0.5992532968521118 0.28121283650398254 -0.2411564141511917
-0.6236865520477295 0.6751905679702759 -0.40487051010131836
-0.6206560134887695 0.7692075967788696 0.2171688973903656
-0.5992026329040527 0.23185335099697113 0.1005386933684349
-0.5494146943092346 0.7178455591201782 0.16463397443294525
-0.5662933588027954 0.23475348949432373 -0.04145009443163872
-0.6025710105895996 0.3684198558330536 -0.5182468295097351
-0.61409991979599 0.6408864259719849 -0.27062100172042847
-0.5027554035186768 0.8127198219299316 0.1927069127559662
-0.79789799451828 0.33944782614707947 -0.5433298945426941
-0.7179334163665771 0.03787870332598686 -0.3084765076637268
-0.6455298662185669 0.9568373560905457 -0.12032017856836319
-0.6079949140548706 0.610339343547821 -0.4257250428199768
-0.6454525589942932 0.35027626156806946 0.08335153758525848
-0.6370031237602234 0.45140498876571655 -0.1838340312242508
-0.5757225751876831 0.62808758020401 0.32878512144088745
-0.15877622365951538 0.5956021547317505 -0.02563595585525036
-0.786831796169281 0.3949611783027649 0.42250949144363403
-0.6465203762054443 -0.18771910667419434 -0.16752588748931885
-0.5388689041137695 0.23649771511554718 -0.31369200348854065
-0.4350857734680176 0.44162458181381226 0.20144610106945038
-0.543743371963501 0.736385703086853 0.21812033653259277
-0.7686521410942078 -0.6129466891288757 0.03179381415247917
-0.4067349433898926 0.569307804107666 -0.5203766822814941
0.1734464168548584 1.0505229234695435 -0.06419064849615097
-0.5440980792045593 -0.2494489550590515 -0.3552325963973999
-0.5778802037239075 0.5255036950111389 0.36010387539863586
-0.6221689581871033 0.7972345948219299 -0.03217250108718872
-0.4716285467147827 1.0032503604888916 0.16365092992782593
-0.7063212990760803 0.36410874128341675 0.14403612911701202
-0.5565525889396667 1.3228055238723755 0.02913401834666729
-0.24049410223960876 0.7296115756034851 -0.5243083238601685
-0.6366418600082397 -0.11612194776535034 -0.1273941844701767
-0.5811964869499207 0.27969005703926086 -0.4423174560070038
-0.534239649772644 0.2201748639345169 0.17962421476840973
-0.5893673300743103 0.8246574401855469 -0.0007420249748975039
-0.5946635603904724 0.18365435302257538 -0.19635719060897827
-0.5752418041229248 0.25461849570274353 -0.06422723084688187
-0.03296462073922157 0.6381151080131531 -0.6412331461906433
-0.6059343814849854 0.33197060227394104 -0.1499229222536087
-0.6394950747489929 0.19462163746356964 -0.1981331706047058
-0.630973756313324 0.38829290866851807 -0.3665614724159241
-0.6189559102058411 0.3583492040634155 -0.27235978841781616
-0.6087693572044373 0.3682873249053955 0.2216806858778
-0.5728976726531982 0.5017234086990356 -0.07496899366378784
-0.37092867493629456 0.7006793022155762 -0.2522977292537689
-0.6362979412078857 0.7432001233100891 -0.4019521474838257
0.19467848539352417 -0.008060794323682785 -0.40469852089881897
-0.570321261882782 0.8454846739768982 -0.3421366214752197
0.4548683762550354 0.8052423596382141 -0.7081817984580994
-0.6233394742012024 0.506546676158905 -0.36675623059272766
-0.6262782216072083 0.8146097660064697 -0.21207568049430847
-0.5676537156105042 0.18515940010547638 -0.4812416732311249
-0.45417794585227966 0.8726256489753723 -0.23459097743034363
-0.09696761518716812 0.7820165157318115 -0.36057260632514954
-0.49182838201522827 0.6262384057044983 -0.544893741607666
-0.4172264635562897 0.060176096856594086 -0.30823245644569397
0.15152473747730255 0.8366773128509521 -0.18767273426055908
-0.6054129004478455 0.8299937844276428 -0.05990596115589142
-0.6392629146575928 0.4545370638370514 -0.1275002360343933
-0.04602488502860069 0.6248231530189514 0.035255178809165955
-0.5817060470581055 0.6552926301956177 0.1571051925420761
-0.042937394231557846 0.5131605863571167 -0.5075436234474182
-0.6161385774612427 0.5435702204704285 -0.5046631097793579
-0.6397216320037842 0.427837073802948 0.11597798764705658
-0.4191023111343384 0.618431031703949 0.2401590198278427
0.47241875529289246 0.7979510426521301 -0.647383451461792
-0.5635778307914734 0.5878956913948059 0.07186174392700195
-0.6146731972694397 0.2922990620136261 -0.20868180692195892
-0.6041586995124817 0.9035935997962952 0.16616471111774445
-0.8418483734130859 0.35460805892944336 0.26171940565109253
-0.273723304271698 0.8859567642211914 -0.26194655895233154
-0.5130847096443176 0.4019976854324341 -0.2669393718242645
-0.5789433717727661 0.07521338760852814 -0.1602487713098526
-0.5992804169654846 0.43902409076690674 -0.3974793553352356
-0.5938122868537903 1.0162352323532104 0.0835539698600769
-0.6348538994789124 0.6707064509391785 -0.012850228697061539
-0.655266523361206 0.305950403213501 -0.1753464937210083
-0.649889349937439 -0.4016715884208679 0.0679340735077858
-0.5380561947822571 0.36643603444099426 -0.23108911514282227
-0.6443975567817688 0.9356765151023865 -0.15584316849708557
-0.5675039291381836 0.404119074344635 0.16463206708431244
-0.6287793517112732 0.1631426066160202 -0.053691890090703964
-0.6058196425437927 0.8029452562332153 0.14575853943824768
-0.5479516983032227 0.37991347908973694 -0.19687813520431519
0.012257281690835953 0.3289923071861267 -0.5855013728141785
-0.5913414359092712 1.0830190181732178 -0.05751226469874382
-0.5006831884384155 -0.1739571988582611 -0.40394285321235657
-0.5960600972175598 0.06814025342464447 -0.5487668514251709
-0.33725449442863464 -0.2565227150917053 -0.2965155243873596
-0.6656361818313599 0.3741975724697113 -0.21089640259742737
-0.6055412888526917 0.7529329061508179 -0.43065473437309265
0.23890291154384613 0.5866378545761108 -0.25006115436553955
-0.4845617711544037 0.6599498391151428 -0.017894256860017776
0.14267973601818085 0.9907469749450684 -0.3464146852493286
-0.07796817272901535 0.8911266326904297 0.086737722158432
-0.5539838075637817 0.26141157746315 -0.1970999389886856
-0.5716252326965332 0.008082523941993713 -0.18268240988254547
-0.651058554649353 0.3373214304447174 -0.13449859619140625
-0.6256276369094849 0.9646706581115723 0.016705216839909554
-0.6061468720436096 0.26753005385398865 0.12437189370393753
-0.5947506427764893 0.21510393917560577 -0.3112017512321472
-0.11916442215442657 0.7477167248725891 -0.34400123357772827
-0.6386640667915344 0.3605901002883911 -0.22023364901542664
-0.5730047821998596 0.5362796783447266 -0.04397333785891533
0.42708712816238403 0.9940363168716431 -0.18652783334255219
-0.5774747729301453 0.4158024191856384 0.25166136026382446
-0.5524927377700806 0.47807157039642334 -0.4480089843273163
0.1443285197019577 0.7561385035514832 -0.30474355816841125
-0.706086277961731 0.11369596421718597 0.0793074518442154
0.25228261947631836 0.5725566744804382 -0.5132954120635986
-0.6520172953605652 0.3162163496017456 -0.10361061990261078
-0.6263017654418945 0.46372634172439575 -0.5259701609611511
-0.6394596695899963 0.45576751232147217 -0.1195293739438057
-0.6623456478118896 0.7423471212387085 -0.5182645320892334
-0.587242603302002 0.5281311869621277 0.2839224338531494
-0.717440128326416 0.46631407737731934 -0.08679969608783722
-0.3770701587200165 0.41706180572509766 -0.25909480452537537
-0.646291971206665 0.7331570982933044 -0.3646770715713501
-0.5643535852432251 0.8985713124275208 -0.009213589131832123
-0.5709272623062134 0.9263923764228821 0.3621744215488434
-0.5567306876182556 0.7908006906509399 0.24010895192623138
0.16563628613948822 1.0008792877197266 0.046144917607307434
-0.5608221888542175 0.8448579907417297 0.10802111029624939
-0.6066288948059082 0.20414593815803528 0.05761886388063431
0.3439743220806122 1.0190180540084839 -0.2685073912143707
-0.5995978713035583 0.45087170600891113 -0.23970866203308105
-0.5520924925804138 0.3472047746181488 -0.3192519545555115
-0.5403708815574646 1.043052315711975 0.022944096475839615
-0.5602527260780334 0.9136788249015808 0.11812831461429596
-0.389940083026886 1.1515653133392334 -0.19256789982318878
-0.46156132221221924 0.41844436526298523 -0.0715303048491478
-0.6149170994758606 0.2174910455942154 -0.3120696544647217
-0.594331681728363 0.30959969758987427 -0.031971294432878494
-0.477969765663147 0.651971697807312 -0.07851366698741913
-0.6035225987434387 0.2996777594089508 0.13461251556873322
-0.5515393614768982 0.1289042979478836 -0.3109179735183716
-0.6079461574554443 0.7508218288421631 -0.08159506320953369
-0.5951737761497498 0.7996363043785095 -0.030473990365862846
-0.6808571219444275 0.48484620451927185 -0.23738862574100494
-0.45945265889167786 0.43970125913619995 0.04515228047966957
-0.5212180614471436 0.38857537508010864 -0.17776748538017273
-0.5468515157699585 0.40855348110198975 0.3339829444885254
-0.5196455121040344 -0.012214679270982742 -0.3194756507873535
-0.38105309009552 0.7103837132453918 0.16212306916713715
-0.6557386517524719 0.8784099817276001 -0.4559668004512787
-0.2820919454097748 0.7135686874389648 -0.30791065096855164
-0.6638621091842651 0.5056923627853394 -0.29254382848739624
-0.6193007826805115 0.4340362846851349 -0.3562830984592438
-0.5031989812850952 0.649371325969696 -0.273412823677063
-0.4312744438648224 0.20494118332862854 -0.4007036089897156
-0.3766438961029053 0.9375640153884888 -0.23083484172821045
-0.5559467673301697 0.16343455016613007 -0.17441719770431519
-0.6522510647773743 0.5716412663459778 -0.006087994668632746
-0.4272296726703644 0.7793334722518921 -0.6080590486526489
0.2208722084760666 0.18614165484905243 -0.35277900099754333
-0.6135650277137756 0.37817659974098206 0.15829145908355713
-0.6372727751731873 0.21092800796031952 0.07688946276903152
-0.5101770162582397 0.7103859782218933 0.2605517506599426
-0.2613639831542969 0.28622281551361084 -0.592932403087616
-0.5542437434196472 0.6860586404800415 0.10988655686378479
-0.6077714562416077 0.9413396120071411 -0.1806449592113495
-0.6793339848518372 0.8260628581047058 -0.21975967288017273
-0.5989418029785156 0.09684724360704422 -0.22921191155910492
-0.6107727885246277 0.37774911522865295 -0.10164427757263184
-0.7131842374801636 0.8526795506477356 -0.19091765582561493
-0.26464855670928955 0.7183493375778198 -0.37443259358406067
0.03738350793719292 0.7475053071975708 -0.4182393252849579
-0.5719259977340698 0.6406042575836182 0.040662333369255066
-0.6355238556861877 0.3990260064601898 -0.17183026671409607
-0.42120182514190674 -0.14129304885864258 -0.4778733551502228
-0.5740498900413513 0.7753271460533142 -0.05986025556921959
-0.6459611654281616 1.1079607009887695 0.054793667048215866
-0.7307077050209045 0.06992089748382568 0.022760586813092232
0.3138558566570282 0.49024462699890137 -0.3281809389591217
-0.5882677435874939 0.4972142279148102 -0.15042109787464142
0.0031807159539312124 0.7955572605133057 0.08888401836156845
-0.3897305428981781 0.6588178873062134 0.0825749859213829
0.4165792465209961 0.7426308989524841 0.08315104991197586
-0.535919725894928 0.47640106081962585 0.26670926809310913
-0.6499727964401245 0.7349773645401001 -0.39708879590034485
-0.6122673749923706 0.7661511301994324 0.009903209283947945
-0.6930062770843506 0.4305291771888733 -0.37625589966773987
-0.6089316606521606 0.23486994206905365 -0.4473000466823578
-0.6849983334541321 0.43780916929244995 -0.07214979827404022
-0.5168293118476868 0.07539517432451248 -0.4204733669757843
0.5907624959945679 0.885263204574585 -0.05399680882692337
-0.6287400722503662 0.5596972107887268 -0.31304705142974854
-0.2236606776714325 0.586633563041687 -0.6824028491973877
-0.20007407665252686 0.898531973361969 0.21913260221481323
-0.20421651005744934 1.018162488937378 -0.6522971391677856
-0.5730761885643005 0.6430948972702026 0.24825459718704224
0.23670177161693573 0.3503754734992981 -0.41249075531959534
-0.6774032115936279 -0.6766149997711182 0.07140085101127625
-0.5386054515838623 0.0724177286028862 -0.26785925030708313
0.0525168776512146 0.1549789309501648 0.08397063612937927
-0.6269453167915344 0.3895937204360962 -0.4114123284816742
-0.5945615172386169 0.7345873713493347 0.13051603734493256
-0.6902592778205872 0.6427321434020996 -0.4681624472141266
0.06789185106754303 0.7975845336914062 -0.2457362413406372
-0.5750297904014587 0.5350818634033203 -0.19432669878005981
-0.5592730045318604 0.28621846437454224 -0.28502851724624634
-0.7287536859512329 0.4737832546234131 -0.29216551780700684
0.20590777695178986 1.2234281301498413 -0.022206924855709076
-0.4699976444244385 0.10687188804149628 -0.21132014691829681
-0.5523120760917664 0.527982234954834 -0.5307869911193848
0.4222370684146881 0.9570745825767517 0.05864930525422096
0.4128982126712799 0.6841261386871338 -0.48952439427375793
-0.4984531104564667 0.6217533349990845 0.2287316471338272
-0.5497244596481323 0.3981728255748749 -0.3994576930999756
-0.5552870631217957 0.4102824926376343 0.12210538983345032
-0.5500360131263733 0.5740460157394409 0.2978156507015228
-0.2826576232910156 0.22225430607795715 -0.28526678681373596
-0.5797166228294373 0.2662063241004944 -0.12475702911615372
-0.5964348316192627 0.6801910400390625 0.3138875961303711
-0.6731317043304443 0.9400115609169006 0.0035925672855228186
-0.6005184054374695 0.3871201276779175 -0.4351811408996582
-0.5724171996116638 0.4135455787181854 -0.5595636963844299
-0.6510863900184631 0.7509195804595947 -0.32855191826820374
-0.6369990706443787 0.5377469062805176 -0.1460597664117813
-0.662910521030426 0.3637314736843109 -0.19753462076187134
-0.6331883072853088 0.7245557904243469 -0.17861196398735046
-0.5798372030258179 0.18178734183311462 -0.4089217782020569
-0.07119128108024597 0.8506660461425781 0.07619795203208923
0.06296584010124207 0.3072153329849243 -0.37077683210372925
-0.649840772151947 0.33901697397232056 -0.16034667193889618
-0.6209738254547119 0.9200576543807983 -0.1062781810760498
-0.4545285999774933 0.6764618158340454 0.15441849827766418
-0.4226404130458832 0.6783723831176758 -0.529785692691803
-0.4341415762901306 0.29993191361427307 -0.15480805933475494
0.18706370890140533 0.7763647437095642 -0.05993327125906944
-0.2805290222167969 0.7851487994194031 -0.41602322459220886
-0.5460197329521179 0.17594745755195618 -0.3305833339691162
-0.6593421697616577 0.45760515332221985 0.037210576236248016
-0.5594063401222229 0.9498751759529114 0.23436984419822693
-0.42344745993614197 0.5524994730949402 -0.6064221262931824
-0.6278188824653625 0.6092175245285034 0.1116260513663292
0.26496177911758423 0.9324988126754761 0.07154261320829391
-0.5867085456848145 0.3883460760116577 -0.3105638325214386
-0.5784159898757935 0.9407142400741577 -0.25722673535346985
-0.4505017101764679 0.6712335348129272 0.0387221984565258
-0.383440762758255 0.7250778079032898 -0.45722901821136475
-0.2644008696079254 0.4157518744468689 0.20032145082950592
-0.5343453288078308 0.6023474335670471 -0.27430227398872375
-0.5688930749893188 0.02554294653236866 -0.3052560091018677
-0.6976637840270996 0.8082422614097595 -0.29212233424186707
-0.6024335026741028 0.9416782259941101 -0.032241299748420715
-0.6890268921852112 0.7723495364189148 0.16455666720867157
-0.6060134768486023 0.33426910638809204 0.09011039137840271
0.13492026925086975 0.23908716440200806 -0.5060929656028748
-0.6114776134490967 0.27846795320510864 -0.10714540630578995
-0.6122499108314514 0.6632715463638306 0.21388666331768036
-0.5033600926399231 0.7686214447021484 0.06818617135286331
-0.6406947374343872 0.6763691902160645 -0.02209159918129444
-0.3126654624938965 0.8936998844146729 0.018520396202802658
-0.03251682594418526 0.44980770349502563 0.01157170906662941
-0.2296431064605713 0.5134145617485046 -0.5334995985031128
-0.39526697993278503 0.6693059206008911 -0.6558185815811157
0.0816340446472168 0.8344389796257019 -0.038633573800325394
-0.6509584784507751 0.8536434769630432 -0.06169629469513893
-0.3729413151741028 1.6143134832382202 0.16211722791194916
0.3927050232887268 0.591018557548523 -0.1346018761396408
-0.4414196312427521 0.6866943836212158 -0.0647599920630455
-0.6346367001533508 0.4019108712673187 -0.1342155635356903
-0.16379214823246002 0.8501532673835754 -0.36113035678863525
-0.6109367609024048 0.6402181386947632 0.19755734503269196
-0.5636370182037354 0.5789372324943542 -0.15741273760795593
-0.6996431350708008 0.30116575956344604 -0.05946626886725426
-0.6144264936447144 0.7273595929145813 0.08048254251480103
-0.6281136274337769 0.7900332808494568 -0.3651543855667114
-0.6226552724838257 1.1369529962539673 0.07148008793592453
-0.5753244757652283 0.8345606327056885 0.4150021970272064
0.26019522547721863 0.37898293137550354 -0.36854925751686096
-0.7245163917541504 0.24970945715904236 -0.1721004843711853
-0.49934229254722595 0.3377717435359955 -0.3259453773498535
-0.6234960556030273 0.2992274761199951 -0.052764035761356354
-0.5994261503219604 0.44367218017578125 -0.22056877613067627
-0.6137095093727112 0.1364649087190628 -0.07864905148744583
-0.6626785397529602 0.3883509337902069 -0.06149613484740257
-0.6276203989982605 0.609244704246521 -0.3557385802268982
-0.6327722072601318 0.42344561219215393 0.03182177618145943
-0.6505610346794128 1.017517328262329 -0.16998407244682312
-0.6412526965141296 0.4206272065639496 -0.20751982927322388
-0.6020816564559937 0.33190542459487915 -0.4090300500392914
-0.5648146867752075 1.108190894126892 0.4339607357978821
-0.48213914036750793 0.7992914319038391 -0.25658857822418213
-0.26782655715942383 0.9101356863975525 0.038169603794813156
-0.4341384768486023 0.5423101782798767 -0.40332895517349243
-0.3243962824344635 -0.09821571409702301 -0.28703388571739197
-0.626526415348053 0.5742639899253845 -0.22369413077831268
-0.5875456929206848 0.9960485100746155 0.08158587664365768
-0.4593973755836487 0.49817711114883423 0.1720076948404312
0.009252408519387245 1.1893948316574097 0.2843186855316162
-0.6327645182609558 0.3409510552883148 0.12675043940544128
-0.7836363315582275 0.2846173644065857 -0.31954750418663025
-0.49113303422927856 0.3776227533817291 -0.3034729063510895
-0.5394144654273987 0.457305371761322 -0.19205600023269653
-0.6593760251998901 0.828214704990387 -0.047457966953516006
-0.5928038358688354 0.8093878626823425 0.034982576966285706
-0.4990379512310028 0.6051993370056152 -0.42940011620521545
0.1190338209271431 0.9593300223350525 0.12037134915590286
-0.524487316608429 0.305134117603302 0.07261860370635986
-0.6628286242485046 0.2579922080039978 -0.4035968482494354
-0.5235481262207031 1.1095552444458008 0.04008514806628227
-0.6040281653404236 0.30780529975891113 -0.0983646959066391
-0.5063910484313965 0.6229473352432251 0.2797205150127411
0.19899983704090118 1.062767505645752 -0.07224185019731522
-0.2450530230998993 1.0489442348480225 -0.0027151787653565407
-0.679180383682251 0.15007930994033813 -0.16054539382457733
-0.28121092915534973 1.3225650787353516 -0.11221298575401306
-0.615047037601471 0.5577282905578613 -0.13459829986095428
-0.5337967872619629 0.877239465713501 0.0015583945205435157
-0.08170857280492783 1.2357839345932007 -0.010961070656776428
-0.422577440738678 0.12436004728078842 -0.35085251927375793
-0.390270471572876 0.6544432640075684 0.017469674348831177
-0.5680682063102722 0.9945857524871826 -0.009432351216673851
-0.5924649834632874 -0.01281941868364811 0.17717009782791138
0.06355448812246323 0.27637577056884766 -0.23968170583248138
-0.5896344184875488 0.3276238441467285 -0.07949400693178177
-0.657837450504303 0.13523036241531372 -0.07305283099412918
-0.5570651888847351 0.5295078754425049 -0.5918657183647156
0.396134614944458 0.880279004573822 -0.7064687609672546
-0.4118569493293762 0.37390586733818054 -0.28608617186546326
-0.5845463871955872 0.4163246750831604 -0.40498971939086914
-0.6534457802772522 0.3335008919239044 0.05760316550731659
-0.5262117385864258 0.5265555381774902 -0.2301427572965622
-0.6379051804542542 0.5684040188789368 -0.14401492476463318
-0.5716882944107056 0.5978380441665649 -0.02736653946340084
-0.5056872963905334 -0.02476269192993641 -0.4116741120815277
-0.5492921471595764 0.9508519768714905 -0.06681118160486221
-0.6092553734779358 0.70596843957901 0.19852396845817566
-0.6415664553642273 0.5892264246940613 0.09237556904554367
-0.6071460843086243 0.7233551740646362 -0.27471601963043213
-0.5870774984359741 0.3955365717411041 -0.4610888361930847
0.44391459226608276 0.633182942867279 -0.23800131678581238
0.5015143156051636 0.6598206162452698 -0.3129870891571045
-0.004479955416172743 0.8783460259437561 -0.24092566967010498
-0.7388820052146912 0.5282242894172668 -0.03466641530394554
-0.05515655502676964 1.143821358680725 -0.3950265347957611
-0.5538461804389954 0.7402530312538147 -0.6378290057182312
-0.4218680262565613 0.8831524848937988 -0.02490411326289177
-0.6719281077384949 0.6954241991043091 -0.03877365216612816
-0.598296582698822 0.9936618208885193 0.37298470735549927
-0.6131340861320496 0.3420689105987549 -0.16984573006629944
-0.5827920436859131 0.0459335520863533 -0.24350784718990326
-0.6764134764671326 0.19464696943759918 -0.23231586813926697
-0.6283899545669556 0.5472661852836609 -0.08181523531675339
-0.6040460467338562 1.0344270467758179 0.21589963138103485
-0.5905691385269165 0.4679597020149231 -0.22311893105506897
-0.6659906506538391 0.5777573585510254 0.04124389588832855
0.05784935876727104 0.6424391865730286 -0.35337722301483154
-0.5723040699958801 0.5942959785461426 0.21887339651584625
-0.6392156481742859 0.42135605216026306 -0.6154025793075562
-0.49722278118133545 0.6073111295700073 -0.03480152785778046
-0.2768215835094452 0.942893922328949 -0.43767398595809937
-0.6210833787918091 0.31559956073760986 -0.013863183557987213
-0.3944074809551239 0.41837066411972046 -0.3078446388244629
-0.6243204474449158 0.9008455872535706 -0.04285944998264313
-0.6661099195480347 0.43306764960289 -0.3549678325653076
0.25955742597579956 1.1442457437515259 -0.15747293829917908
-0.254366397857666 1.5745137929916382 0.34799396991729736
0.4208372235298157 1.0771738290786743 -0.047535669058561325
-0.19265161454677582 0.9096865653991699 0.1514541357755661
-0.5971688628196716 1.1060106754302979 0.11470766365528107
0.14590288698673248 0.7072806358337402 -0.13464432954788208
0.22258828580379486 1.0549182891845703 -0.24041472375392914
-0.5928705334663391 0.6982088088989258 0.013291113078594208
-0.6135808825492859 0.9196275472640991 -0.10780493170022964
-0.5621255040168762 1.088626742362976 0.2054394632577896
-0.5971950888633728 0.3815644383430481 -0.21355928480625153
-0.5870277285575867 0.8293508291244507 -0.11518708616495132
0.2115715742111206 0.952034592628479 -0.4434249699115753
-0.6149196624755859 0.36370086669921875 -0.17818552255630493
-0.6362866163253784 0.3831774592399597 -0.07586915791034698
-0.37958550453186035 0.3669043183326721 -0.14274655282497406
-0.5488407611846924 1.0600248575210571 0.42945656180381775
-0.5371778607368469 0.3274845778942108 -0.37302514910697937
-0.5737017393112183 0.35223668813705444 -0.2006484568119049
-0.6196893453598022 0.8871119022369385 -0.09512542188167572
-0.5706672668457031 -0.12300079315900803 -0.09993603825569153
-0.5923211574554443 0.8672118782997131 0.25275763869285583
-0.6408392190933228 -0.8050093054771423 -0.0898013785481453
0.23856127262115479 1.0066161155700684 -0.27072879672050476
-0.5661336183547974 -0.2645013630390167 -0.25472018122673035
-0.6593999266624451 1.0542610883712769 0.21712955832481384
-0.002796357497572899 0.4694123864173889 -0.4851161539554596
0.24326245486736298 0.5517570972442627 -0.4476255774497986
-0.5024517774581909 0.8874142169952393 0.01901160180568695
-0.07738553732633591 0.5999618172645569 -0.18183933198451996
-0.6182143688201904 0.23807339370250702 -0.3315311372280121
-0.29135259985923767 0.8341004252433777 -0.36016613245010376
-0.6413565874099731 0.43609508872032166 -0.41782620549201965
-0.6991095542907715 -0.22348333895206451 0.07097014784812927
-0.46058788895606995 0.3315955698490143 -0.15781697630882263
-0.5068879127502441 0.8539242148399353 0.17967376112937927
-0.539456844329834 1.248956561088562 0.3303074836730957
-0.5697925686836243 0.8161121606826782 -0.14347752928733826
-0.6432940363883972 0.4845964312553406 -0.34879356622695923
-0.5912362337112427 0.3701079785823822 -0.19919705390930176
-0.6209723353385925 0.47279369831085205 0.14582541584968567
-0.6299631595611572 0.6524951457977295 0.13549542427062988
-0.6556353569030762 0.2750150263309479 0.052107881754636765
-0.656109094619751 0.6476179361343384 -0.14747855067253113
-0.5899202227592468 0.8615431785583496 0.015772173181176186
-0.42612937092781067 0.8239923119544983 0.2696464955806732
-0.13842438161373138 1.5068771839141846 0.20348885655403137
-0.6626450419425964 -0.16999800503253937 0.09572456777095795
-0.533125638961792 0.7630249857902527 -0.03883611038327217
-0.6416418552398682 0.21741117537021637 -0.29718831181526184
0.00449885381385684 0.8201534748077393 -0.33935150504112244
0.39316168427467346 1.1261123418807983 -0.1444522887468338
-0.5963775515556335 0.0813785120844841 -0.3188115358352661
-0.4128516912460327 0.59778892993927 -0.10439515113830566
-0.2334572970867157 0.3285331726074219 -0.5515676140785217
-0.4289361834526062 0.6168203949928284 0.18070703744888306
-0.6608791351318359 0.4217565953731537 -0.3881652355194092
-0.47239699959754944 0.8364561796188354 -0.14433592557907104
0.20077185332775116 0.7620788812637329 -0.6473813652992249
-0.6436237096786499 -0.07792367786169052 -0.013145960867404938
-0.5716299414634705 0.7560737133026123 0.3747510313987732
0.21705524623394012 0.5527057647705078 -0.5048489570617676
-0.6167705059051514 0.5964983701705933 0.28640398383140564
0.030601130798459053 0.9898362159729004 -0.15956340730190277
-0.4755302369594574 0.62939453125 0.1149873211979866
-0.7120830416679382 0.3275963366031647 0.23981823027133942
-0.6586107611656189 0.9495393633842468 -0.10986826568841934
-0.6202626824378967 0.8850982785224915 -0.2513887286186218
-0.6456904411315918 0.7162843942642212 -0.15783999860286713
0.10505539178848267 0.9753246903419495 -0.08935925364494324
-0.549537181854248 0.02108805812895298 0.0007036869646981359
0.2902259826660156 0.40822386741638184 -0.5020699501037598
0.32560741901397705 0.45547211170196533 0.011847611516714096
-0.5778118371963501 -0.004436592571437359 -0.17129552364349365
-0.4039655029773712 0.45001164078712463 0.1011616662144661
-0.42244747281074524 0.2420411854982376 -0.6950098276138306
-0.06253091990947723 0.7354710698127747 -0.16193978488445282
-0.6115437746047974 -0.14424581825733185 -0.025270212441682816
-0.5714091062545776 0.5989755988121033 -0.29433974623680115
-0.17010948061943054 0.9746536016464233 0.17980645596981049
0.3271581828594208 0.9367539286613464 -0.0240665003657341
-0.6388930678367615 0.33735191822052 -0.10270781069993973
-0.5734903216362 0.3742009401321411 -0.24651581048965454
-0.3052715063095093 0.4992242455482483 0.34132805466651917
-0.6253606677055359 0.6711682081222534 -0.20887161791324615
-0.536750078201294 0.994819164276123 0.19492357969284058
0.2927597463130951 1.0539209842681885 -0.019045772030949593
-0.31832724809646606 0.9079463481903076 -0.46042129397392273
-0.6452274322509766 0.7630922198295593 0.06005347520112991
-0.6575630903244019 0.5358504056930542 0.2804090976715088
-0.6760375499725342 0.08294122666120529 -0.12087585031986237
-0.5441440343856812 0.8229559063911438 0.1998707354068756
0.2486536055803299 0.3126010298728943 -0.37732425332069397
-0.18355052173137665 0.7079018950462341 -0.37993887066841125
-0.630953848361969 0.2717750668525696 -0.22962352633476257
-0.6434556245803833 0.32809439301490784 -0.23313447833061218
-0.4656790494918823 0.11086151748895645 -0.5204639434814453
-0.36014485359191895 0.41118162870407104 -0.24397310614585876
-0.14744746685028076 0.8315379619598389 -0.34388023614883423
-0.7361700534820557 -0.01737118698656559 0.05016796290874481
-0.48404380679130554 0.7717366218566895 0.18008850514888763
-0.45558223128318787 0.5477770566940308 -0.345389723777771
0.370684415102005 0.669664740562439 -0.2227986603975296
-0.6646745800971985 0.9204459190368652 0.08492361754179001
-0.6671946048736572 0.6349037289619446 -0.45570966601371765
-0.6361472010612488 0.4318026006221771 -0.17012721300125122
-0.6077541708946228 0.6420691609382629 0.15775063633918762
-0.7198760509490967 0.7646726965904236 -0.08222465962171555
-0.6103832721710205 0.49164098501205444 -0.5649674534797668
0.12694182991981506 0.6009907126426697 0.037100765854120255
-0.16394241154193878 1.0587629079818726 -0.16860097646713257
-0.6120609045028687 0.5547959804534912 -0.09245489537715912
-0.5809568166732788 0.5760647654533386 -0.6596503257751465
-0.5816758871078491 0.45951810479164124 -0.47017702460289
-0.6265417337417603 0.28941917419433594 -0.12900002300739288
-0.43577519059181213 1.0624337196350098 0.244376540184021
-0.582002580165863 1.038376808166504 0.05956592038273811
-0.43924832344055176 1.0991686582565308 0.03616004064679146
-0.639456033706665 0.5992801785469055 0.22461383044719696
-0.6124920845031738 1.0221983194351196 -0.022193482145667076
-0.6286088228225708 0.20147816836833954 -0.09013571590185165
-0.6135023236274719 0.6413239240646362 -0.18331904709339142
-0.6191039085388184 0.37910884618759155 -0.34004199504852295
-0.6095114946365356 -0.06310251355171204 -0.4623672068119049
-0.7115600109100342 0.0888497605919838 -0.07098300755023956
-0.5934609770774841 0.24545565247535706 0.2505744993686676
-0.11169642210006714 0.7924034595489502 -0.5138187408447266
-0.5965803861618042 0.43450266122817993 -0.13802388310432434
-0.412399560213089 0.2832316756248474 -0.05025704205036163
-0.3651704490184784 0.5441398620605469 -0.05616266280412674
-0.580355167388916 0.7407816052436829 0.057054292410612106
-0.5627537369728088 0.4726451635360718 -0.17533275485038757
-0.6213498711585999 0.9818086624145508 -0.05044745281338692
0.13216741383075714 0.7087650299072266 -0.3255612254142761
0.1960647702217102 0.6784539222717285 -0.2851526737213135
-0.5370058417320251 0.42738085985183716 0.23433388769626617
-0.638042151927948 0.7721557021141052 -0.4481407701969147
-0.34324783086776733 0.7514730095863342 -0.19708147644996643
-0.5283366441726685 0.5442913174629211 -0.2455509454011917
-0.48827114701271057 0.2537823021411896 -0.11977002024650574
0.08245145529508591 0.8941383957862854 0.0957237035036087
-0.5136052966117859 0.009377222508192062 0.06300883740186691
-0.4034910500049591 -0.6051114201545715 -0.6607041358947754
0.019710510969161987 0.9379833340644836 -0.1755797415971756
-0.6252255439758301 0.20673398673534393 0.16946154832839966
-0.10213113576173782 0.33569443225860596 -0.3583422303199768
-0.746436357498169 0.12193900346755981 -0.12558376789093018
-0.8640848994255066 0.1829739362001419 -0.018137861043214798
-0.6420092582702637 0.705899178981781 -0.27153873443603516
-0.6515284776687622 0.5952914357185364 -0.44715332984924316
-0.5019019842147827 0.21835704147815704 -0.2517707943916321
0.42039021849632263 0.8088342547416687 -0.3743792474269867
-0.6304125785827637 0.6897075176239014 -0.16463316977024078
-0.1718684732913971 0.39015212655067444 -0.40870270133018494
-0.23256993293762207 -0.23245598375797272 -0.5054826736450195
-0.7269856929779053 0.22529971599578857 -0.14346455037593842
-0.24894088506698608 0.9238810539245605 0.056722741574048996
-0.28643760085105896 0.2683239281177521 -0.5816876888275146
0.18952924013137817 0.892544150352478 -0.3780403733253479
-0.4642691910266876 0.3814982771873474 -0.6142064929008484
-0.6390796899795532 0.900527834892273 -0.06161878630518913
-0.5875678062438965 -0.16909173130989075 -0.4663340151309967
-0.642224133014679 0.71944659948349 0.03009214997291565
-0.6237667202949524 0.7632585167884827 -0.1523129940032959
-0.5649133324623108 0.6837494969367981 -0.4445410966873169
-0.22746439278125763 0.5973975658416748 0.22089830040931702
-0.27472859621047974 0.5050062537193298 -0.20233598351478577
-0.6009801626205444 0.9894106984138489 -0.11396736651659012
-0.6849917769432068 0.3505591154098511 -0.08608447015285492
0.4334942102432251 0.782684862613678 -0.3051723837852478
-0.6229341626167297 0.9188981056213379 -0.038634929805994034
-0.480808824300766 0.9549781084060669 0.2232651561498642
0.06352469325065613 1.1253647804260254 0.36516276001930237
-0.6168113350868225 0.9104408621788025 -0.0926898941397667
-0.6227924823760986 0.8833909034729004 -0.039397045969963074
-0.6052596569061279 0.30680444836616516 -0.08105885237455368
-0.5774110555648804 0.8882440328598022 -0.08641072362661362
-0.5609556436538696 0.817694365978241 -0.4393025040626526
-0.5516434907913208 0.44000449776649475 0.285666286945343
0.08137071877717972 0.5400457382202148 -0.14335061609745026
-0.6077812910079956 0.7908742427825928 -0.2207924723625183
-0.3932444155216217 -0.7751728296279907 -0.24838784337043762
-0.7582952976226807 0.22758729755878448 0.016435738652944565
0.17793814837932587 0.5905207395553589 -0.4975294768810272
-0.5841991901397705 0.3290936350822449 -0.2319469153881073
-0.21269623935222626 0.8012695908546448 0.23670652508735657
-0.615545392036438 0.22156664729118347 0.29889824986457825
-0.6055381894111633 0.6947645545005798 -0.1768096536397934
-0.562737226486206 0.8467631936073303 -0.13852286338806152
-0.5597699880599976 0.614461362361908 -0.13654223084449768
-0.3962666094303131 1.3183472156524658 -0.07153632491827011
-0.4165532886981964 0.560908854007721 -0.059929411858320236
-0.5555238723754883 0.516943633556366 -0.12875708937644958
-0.5354118347167969 1.0557146072387695 0.24533125758171082
-0.2481101006269455 1.3252040147781372 -0.17668990790843964
-0.6527534127235413 0.3831031918525696 -0.06904354691505432
-0.6046045422554016 0.24795202910900116 -0.032562047243118286
-0.47489669919013977 -0.18739591538906097 -0.2973167300224304
0.21399343013763428 0.9491203427314758 -0.30570507049560547
-0.5692716240882874 1.2835464477539062 0.18406341969966888
0.16746863722801208 0.9999620318412781 0.07374001294374466
-0.5739912390708923 0.2646178603172302 -0.27237826585769653
-0.669122576713562 0.6058204770088196 -0.2994610369205475
-0.5567352771759033 0.33530038595199585 -0.0025256313383579254
-0.6198817491531372 0.06793797016143799 -0.20308196544647217
-0.3973279595375061 0.7433408498764038 0.24323143064975739
-0.6221921443939209 0.9517189860343933 -0.0688616931438446
-0.5261198878288269 0.5369345545768738 -0.16557623445987701
-0.5385009050369263 0.2806616425514221 0.12271399796009064
-0.6155655980110168 0.6117516160011292 -0.2992081344127655
-0.6219754219055176 0.43461906909942627 -0.16375228762626648
-0.6251806020736694 0.8096407651901245 0.05607694387435913
-0.5017147064208984 0.3360682427883148 -0.6059219241142273
-0.5803573131561279 0.8840948939323425 -0.05161548778414726
-0.2974860370159149 0.8146310448646545 0.24498407542705536
-0.5977775454521179 0.3012825548648834 -0.592943012714386
-0.3546682596206665 0.9022360444068909 -0.5350794792175293
-0.5928717851638794 0.8009069561958313 -0.3204394280910492
-0.6124070882797241 0.38472139835357666 -0.23330658674240112
-0.5466398596763611 1.1384305953979492 0.013284524902701378
-0.45701369643211365 0.9471274018287659 -0.651045024394989
-0.46342703700065613 0.20843631029129028 -0.5632053017616272
-0.45809587836265564 0.9242653846740723 -0.5750113129615784
-0.6356438398361206 0.292342871427536 -0.017288587987422943
0.02555772103369236 0.42169925570487976 -0.2463037669658661
-0.6312704086303711 0.686936616897583 -0.224664106965065
-0.6291625499725342 0.4726225733757019 -0.2178555279970169
-0.06493833661079407 0.5204504728317261 0.08877738565206528
-0.6710083484649658 0.9278150796890259 -0.08323410153388977
-0.6130038499832153 0.7804940938949585 -0.18117709457874298
-0.8198381662368774 0.9196736216545105 -0.13709475100040436
-0.7862690687179565 0.260298490524292 0.01072695106267929
-0.6612508296966553 0.7190417051315308 0.32655569911003113
-0.5355744957923889 0.19817204773426056 -0.03141408413648605
-0.4610542058944702 1.048313856124878 0.02464437484741211
-0.6266416311264038 1.0399830341339111 -0.17986957728862762
-0.033171918243169785 1.154762864112854 -0.3394438624382019
-0.49485310912132263 0.480345219373703 0.31335392594337463
-0.6248919367790222 0.3839643895626068 0.08869936317205429
-0.6465821862220764 0.4496877193450928 -0.4125691056251526
-0.665086030960083 0.4132249653339386 -0.34650981426239014
0.23126621544361115 -0.49116432666778564 -0.253476083278656
-0.502765417098999 0.15368428826332092 -0.29681211709976196
-0.46167635917663574 0.5709383487701416 -0.0030878004617989063
-0.6141753196716309 0.7528623938560486 0.14653240144252777
-0.43332475423812866 0.11156710982322693 -0.3976704478263855
-0.5777876973152161 0.5965374708175659 0.2586612105369568
-0.5750259160995483 0.1687367707490921 0.21007652580738068
-0.641006350517273 0.6721583604812622 -0.2176068127155304
-0.6236637234687805 0.8706334233283997 0.08673728257417679
-0.6249507665634155 0.8818320631980896 -0.1537749469280243
-0.5414674282073975 0.45715340971946716 -0.5090704560279846
-0.4355490505695343 0.13044743239879608 -0.5566675066947937
-0.5477830767631531 0.0825870931148529 -0.36676979064941406
-0.5622361302375793 0.2115146517753601 -0.40350037813186646
-0.6097296476364136 0.23366212844848633 -0.037968192249536514
-0.5456269383430481 0.9599210023880005 -0.30042171478271484
-0.31295812129974365 0.19324710965156555 -0.08451138436794281
-0.7054775953292847 -0.7154733538627625 -0.3747788369655609
-0.035931263118982315 0.8840548396110535 -0.2079223096370697
-0.18142318725585938 0.6551029682159424 0.32122281193733215
-0.5783509016036987 0.3761681020259857 -0.34490475058555603
-0.6755760908126831 0.5091956853866577 -0.060299329459667206
0.26518434286117554 0.5130985379219055 -0.658164918422699
-0.5934544205665588 0.864831805229187 0.2805628776550293
-0.3639949858188629 0.6894835233688354 -0.3050878942012787
-0.594943106174469 0.23131482303142548 0.32469111680984497
-0.5896647572517395 0.10180307179689407 -0.32885944843292236
-0.649711012840271 0.39714834094047546 0.22618161141872406
-0.5899469256401062 0.5234703421592712 -0.16361163556575775
-0.545714795589447 0.5526564121246338 -0.3904881775379181
-0.2766614258289337 0.8735407590866089 -0.2173919826745987
-0.42893683910369873 0.6628674864768982 -0.5036404132843018
-0.45865556597709656 0.11523306369781494 0.24187886714935303
-0.3717465102672577 -0.020524712279438972 -0.38602906465530396
-0.3945804834365845 0.6932448148727417 -0.08934327960014343
-0.10848353058099747 -0.5737572908401489 -0.06331977993249893
-0.1064584031701088 1.0120667219161987 -0.27113810181617737
-0.5737233757972717 0.8412795662879944 -0.09323161095380783
-0.1571992039680481 1.010511875152588 -0.19000807404518127
-0.4625513255596161 0.24204909801483154 -0.4443114697933197
-0.46860578656196594 -0.09208880364894867 -0.279890775680542
-0.15572351217269897 0.15800194442272186 -0.3085445463657379
-0.6102335453033447 0.746235728263855 0.15265052020549774
-0.3953060209751129 0.5254853963851929 -0.28978702425956726
-0.35440900921821594 0.6286579966545105 0.11974626034498215
0.25140178203582764 0.4353669285774231 -0.3035772740840912
-0.60747891664505 0.9168204665184021 0.09942778944969177
0.46232232451438904 0.3845127522945404 -0.34061411023139954
-0.5776980519294739 0.41857054829597473 0.06200247257947922
-0.5462280511856079 0.7964045405387878 -0.5835395455360413
-0.6439402103424072 0.39980101585388184 -0.24243061244487762
-0.5929770469665527 0.7703434824943542 -0.08779651671648026
-0.6854814887046814 0.2645735442638397 -0.4258487820625305
-0.6050245761871338 0.32266002893447876 -0.48723599314689636
-0.6813711524009705 0.43777230381965637 -0.2282942235469818
-0.31539487838745117 0.13221733272075653 -0.24159011244773865
-0.6494995355606079 0.9172685146331787 0.048230741173028946
-0.3266286551952362 0.5783198475837708 -0.3547131419181824
-0.4061601758003235 0.6471458673477173 0.16874195635318756
-0.5501933097839355 0.8206031918525696 0.11048829555511475
0.003517781849950552 1.0417755842208862 -0.02117707021534443
-0.9704884886741638 0.2628309428691864 -0.030018063262104988
-0.10281689465045929 0.753235399723053 0.006777776870876551
-0.6371317505836487 0.5055241584777832 0.21508654952049255
-0.56861412525177 0.5684045553207397 -0.10334023088216782
0.36364123225212097 0.768792450428009 -0.036173172295093536
-0.5966860055923462 0.5798450708389282 -0.08795059472322464
0.22506582736968994 0.6157485842704773 -0.3236696124076843
0.18456432223320007 0.4427219033241272 0.18263079226016998
-0.8220080733299255 0.38609662652015686 -0.41266071796417236
0.42422017455101013 1.0965523719787598 -0.5843421220779419
-0.35529816150665283 0.3937089443206787 -0.46398472785949707
-0.6088035702705383 0.9153245091438293 0.15568268299102783
-0.1907317042350769 0.30901670455932617 -0.5483899712562561
0.2820643484592438 1.4326999187469482 -0.2005545049905777
-0.518607497215271 0.2718426585197449 -0.6335967779159546
-0.7246784567832947 0.7385730743408203 -0.371239572763443
-0.5796191692352295 -0.0963376834988594 -0.2567662000656128
-0.5361341834068298 0.3598402738571167 -0.24712073802947998
-0.50811368227005 0.21355684101581573 -0.3552958369255066
-0.49285829067230225 1.0520727634429932 -0.08415579050779343
0.15746460855007172 1.0108486413955688 -0.3368968665599823
-0.6112745404243469 1.0311059951782227 -0.09057095646858215
-0.5955527424812317 0.45891937613487244 -0.191126748919487
-0.6243470311164856 0.5644366145133972 -0.17733457684516907
-0.6431609392166138 0.8995640277862549 -0.321372389793396
-0.5884915590286255 0.3716013729572296 0.23577845096588135
-0.6517091393470764 0.730978786945343 -0.3526003956794739
-0.6439778804779053 0.3611356019973755 -0.2276397943496704
-0.5705855488777161 0.2224285900592804 -0.5620617866516113
-0.6683191061019897 0.46513375639915466 -0.12937098741531372
-0.6325424313545227 0.25355762243270874 -0.04707208648324013
0.39242494106292725 0.832776665687561 -0.4309738278388977
-0.47677481174468994 0.6020402312278748 0.17217819392681122
0.17913004755973816 0.6207872033119202 0.17631620168685913
-0.4814862012863159 -0.13811974227428436 -0.12699393928050995
-0.5704183578491211 0.5498622059822083 -0.001623647753149271
0.3660476803779602 0.5739476680755615 -0.616450309753418
-0.6228781938552856 0.3213929831981659 -0.2531241178512573
-0.5602986216545105 0.16421182453632355 -0.17442482709884644
-0.6553322076797485 0.2153012901544571 -0.15325121581554413
-0.3735862374305725 0.482977032661438 -0.3442007005214691
-0.4994625151157379 0.6401811838150024 0.12590891122817993
0.13630439341068268 1.1885470151901245 -0.09413542598485947
-0.031341344118118286 0.915536105632782 0.13509808480739594
0.3090251684188843 -0.018758416175842285 -0.3066481947898865
-0.6234241127967834 0.515144407749176 -0.07970837503671646
-0.6672868132591248 0.47132810950279236 0.23193836212158203
0.4337323009967804 0.6741294860839844 -0.7518438100814819
-0.6408213973045349 0.4761185050010681 -0.36698099970817566
-0.6123048067092896 0.32678207755088806 0.05182703584432602
-0.6910144090652466 0.23177357017993927 -0.31548094749450684
-0.5691187381744385 1.0115216970443726 0.19901177287101746
-0.6270543932914734 0.22054052352905273 -0.15646390616893768
0.3697431981563568 0.48230260610580444 -0.5173530578613281
-0.5912232995033264 0.8147839307785034 -0.2100435197353363
-0.7103225588798523 0.22657282650470734 -0.12437988072633743
-0.6207450032234192 0.5183067321777344 -0.44857272505760193
-0.5891392230987549 1.0954868793487549 0.193204864859581
-0.5232648253440857 1.0334749221801758 0.2804514169692993
-0.6348391771316528 0.550905704498291 -0.45353713631629944
-0.4621635675430298 0.2729978859424591 -0.16999217867851257
-0.4940878748893738 0.9836646318435669 0.15744057297706604
0.10888024419546127 0.5269660949707031 -0.39590099453926086
-0.6486300230026245 0.675391674041748 -0.11949004977941513
-0.5960265398025513 1.3387415409088135 -0.06413818895816803
-0.03091387078166008 0.21778182685375214 -0.28230640292167664
-0.5045539140701294 0.3592851459980011 -0.2645438313484192
-0.5408804416656494 0.813237726688385 -0.17974764108657837
-0.6769064664840698 0.9134759306907654 -0.015450706705451012
-0.4240294098854065 0.8084655404090881 -0.24222774803638458
-0.5802307724952698 0.8564792275428772 0.14092877507209778
-0.5254601240158081 0.15338009595870972 -0.3714510500431061
-0.5614413619041443 -0.5061331987380981 -0.35584649443626404
-0.6523005962371826 0.3027971088886261 -0.19279873371124268
-0.6905590891838074 0.2917046844959259 -0.4049948453903198
0.3054853081703186 0.9940317273139954 -0.2855980098247528
-0.643843948841095 0.4548770785331726 -0.25856032967567444
-0.5847694277763367 0.6898835301399231 -0.1769535392522812
-0.5938819646835327 0.4655107855796814 -0.01987995021045208
-0.5910223126411438 0.6477382183074951 -0.02437843568623066
-0.23083899915218353 0.6012442111968994 -0.5868569612503052
-0.6822006702423096 0.2870444357395172 -0.3066438138484955
-0.4876749813556671 0.31807202100753784 0.2957015931606293
-0.5091744661331177 0.47425228357315063 0.3452166020870209
-0.5864777565002441 0.6217337250709534 0.2451804131269455
-0.42574039101600647 0.8625616431236267 -0.1074414998292923
-0.304306298494339 0.3093533515930176 -0.226976215839386
-0.6250133514404297 0.21808315813541412 -0.5931956768035889
-0.575483500957489 0.3325856626033783 -0.2198874056339264
-0.5018984079360962 0.9267745614051819 -0.2598457634449005
-0.47609663009643555 0.5621619820594788 -0.018961068242788315
-0.5974549651145935 0.3197680711746216 0.24980290234088898
-0.583341658115387 0.30845460295677185 -0.16876491904258728
-0.6469277143478394 1.1467245817184448 0.05553467944264412
0.21291160583496094 0.8284679651260376 -0.1409568339586258
-0.6072624921798706 0.3049251139163971 -0.2377665936946869
-0.6095904111862183 0.4473244249820709 -0.27769210934638977
-0.5609527826309204 0.4010423719882965 0.2581770718097687
-0.803885817527771 -0.1006213128566742 0.02482142113149166
-0.6175407767295837 0.6760241389274597 -0.36701229214668274
-0.57086580991745 0.26082876324653625 -0.35120588541030884
-0.5812051892280579 0.4178292155265808 -0.18938374519348145
-0.6221565008163452 0.7882357239723206 -0.2956712543964386
-0.5552313923835754 0.39163655042648315 0.220070019364357
-0.5172953605651855 0.853275716304779 -0.08668302744626999
-0.4500575363636017 0.6911352276802063 -0.06358998268842697
-0.5694780349731445 0.1173502579331398 -0.31299418210983276
-0.5494202375411987 0.5008165240287781 -0.5654590129852295
-0.6617028713226318 0.2699243426322937 0.17858898639678955
-0.655836820602417 0.28250858187675476 -0.11092109233140945
-0.5755555629730225 0.8897666335105896 0.4320271909236908
-0.23239387571811676 0.6407321095466614 -0.5289557576179504
-0.5756559371948242 0.4314759373664856 -0.5662307143211365
-0.5904898643493652 0.8758596777915955 -0.019801916554570198
-0.5751094222068787 0.13319382071495056 -0.2167387157678604
-0.5764423608779907 0.17585639655590057 -0.181564599275589
0.4186500906944275 0.8493693470954895 -0.4842737019062042
-0.5867210626602173 0.46537184715270996 -0.2607592046260834
-0.4227272868156433 0.5548914074897766 -0.2010980248451233
-0.2468123883008957 0.5333287119865417 -0.5367598533630371
-0.3515610992908478 0.6262641549110413 0.15826712548732758
-0.5411674380302429 0.7379745244979858 0.27336105704307556
-0.6444481015205383 0.4289233386516571 -0.4718970060348511
-0.6624457836151123 0.5549549460411072 -0.08656561374664307
0.2006254941225052 -0.04075891152024269 -0.1581614762544632
-0.6443652510643005 0.5560218095779419 -0.21015353500843048
-0.02577243372797966 0.8456864953041077 -0.7294122576713562
-0.6490134000778198 1.3311152458190918 0.125055730342865
-0.35399699211120605 0.7628055214881897 -0.0949479341506958
-0.6375963091850281 0.7278709411621094 -0.25053298473358154
-0.600855827331543 0.8189035058021545 -0.19650757312774658
-0.6357119679450989 0.4788134694099426 0.03467405214905739
-0.597679078578949 0.5556162595748901 0.3833168148994446
-0.7961312532424927 0.6709986925125122 -0.41732925176620483
-0.562784731388092 0.5434456467628479 -0.49875354766845703
0.34956803917884827 0.7694322466850281 -0.4904820919036865
-0.167497918009758 1.0727088451385498 0.11065196245908737
-0.5496033430099487 1.1530133485794067 0.2254294902086258
-0.4195807874202728 0.7526007294654846 -0.2986103594303131
-0.5859953761100769 0.1772366166114807 0.32127827405929565
-0.6448188424110413 0.38232892751693726 -0.30838891863822937
-0.6274489760398865 0.1211649477481842 0.2596104145050049
-0.175530344247818 0.6907934546470642 -0.523109495639801
-0.469341903924942 0.7871020436286926 0.09375587850809097
-0.5733956098556519 1.263731837272644 0.19699956476688385
-0.5540939569473267 0.4433995187282562 -0.5221648812294006
-0.008067350834608078 0.4626140296459198 -0.6381338834762573
-0.3383994400501251 -0.15188834071159363 -0.2843080163002014
-0.499393492937088 0.4297667443752289 -0.034298375248909
-0.4765494167804718 0.9503180980682373 -0.1365024596452713
-0.37018147110939026 0.9661306142807007 -0.1464260220527649
-0.6278730034828186 0.8194133639335632 -0.3069237470626831
-0.6469511389732361 0.016392970457673073 -0.11110103875398636
-0.6051725149154663 0.7577787637710571 -0.24734839797019958
-0.5763547420501709 0.3382148742675781 0.04990055039525032
-0.6035608649253845 0.4924617111682892 -0.3329744338989258
-0.5947214961051941 0.12557099759578705 -0.2634640038013458
-0.7170009613037109 0.5862828493118286 0.06691009551286697
-0.5828084349632263 0.5679196715354919 0.1780042052268982
-0.381403386592865 0.7458744645118713 0.1262681633234024
-0.5800462961196899 0.5743716955184937 -0.13427738845348358
-0.6235105991363525 0.5518960952758789 0.19973009824752808
-0.551230251789093 0.30659765005111694 -0.6388628482818604
-0.6855946183204651 0.013417765498161316 0.014833923429250717
-0.5778895020484924 1.2373905181884766 -0.08307605981826782
-0.6301390528678894 0.4801804721355438 0.05353229120373726
-0.18986180424690247 0.766078531742096 -0.7626554369926453
-0.0554804764688015 1.0358150005340576 -0.010071422904729843
-0.4842852056026459 0.559093177318573 -0.4203821122646332
0.09930086880922318 1.2536954879760742 -0.04573507234454155
-0.6330407857894897 0.5088280439376831 -0.35444360971450806
-0.5602097511291504 0.043829839676618576 0.04501420259475708
-0.5893528461456299 0.8858979940414429 0.2360083907842636
-0.5925076603889465 0.34237954020500183 -0.26103463768959045
-0.033478669822216034 0.8583963513374329 0.36260539293289185
-0.720645010471344 0.1931345909833908 0.18323834240436554
-0.5512514114379883 0.38061589002609253 0.10029897838830948
-0.57024747133255 0.04545316845178604 -0.368665486574173
-0.5444068908691406 0.5643790364265442 -0.49283507466316223
-0.5368610620498657 -0.47709766030311584 -0.4396352767944336
-0.5179703235626221 0.9704807996749878 0.08542882651090622
-0.638929009437561 0.619418740272522 -0.14060692489147186
-0.5031212568283081 0.9448019862174988 -0.12263070791959763
-0.6495285630226135 0.743431568145752 -0.1852210909128189
-0.6255934238433838 0.8421024084091187 -0.5015847086906433
-0.5437323451042175 1.1060048341751099 -0.018300412222743034
-0.6214330792427063 0.841462254524231 -0.05203685536980629
-0.6390063166618347 0.43286004662513733 -0.41767439246177673
-0.38846373558044434 0.9631800055503845 0.3748050630092621
-0.5443987250328064 0.19038738310337067 -0.18308401107788086
-0.47039690613746643 1.4274978637695312 0.05204947665333748
-0.4643363654613495 0.7014672756195068 0.12336026877164841
-0.44341540336608887 0.8249250650405884 -0.43837910890579224
-0.6011819839477539 1.127450704574585 -0.16182203590869904
-0.5971569418907166 0.15715408325195312 -0.18384350836277008
-0.645709216594696 0.49968352913856506 -0.1778857707977295
-0.5807377099990845 0.6146734952926636 -0.25371113419532776
0.065283864736557 1.145327091217041 0.13191428780555725
-0.5539281368255615 0.2638870179653168 -0.18950285017490387
-0.6055998206138611 0.7903825044631958 0.07542398571968079
-0.6364854574203491 0.6260098814964294 -0.22425270080566406
-0.15263928472995758 0.6709290742874146 -0.24185651540756226
-0.4694295823574066 0.8835466504096985 -0.26882824301719666
-0.5637967586517334 0.7073719501495361 -0.15569540858268738
-0.6386993527412415 0.19148066639900208 -0.3585890233516693
-0.33854857087135315 0.34896624088287354 -0.0484728068113327
-0.6255630850791931 0.841113805770874 0.03736571967601776
-0.05528830364346504 0.8326311707496643 -0.35392555594444275
0.2653282582759857 0.4653559625148773 -0.3014296591281891
-0.6073170900344849 0.25756317377090454 0.3373325765132904
-0.6127854585647583 0.3665173649787903 -0.21769419312477112
-0.582116961479187 0.5369404554367065 0.1960255354642868
-0.4790706932544708 0.6453526020050049 -0.42438700795173645
-0.5102829933166504 0.444368451833725 -0.2647777497768402
-0.5513414740562439 0.010727543383836746 -0.25900763273239136
0.2933920919895172 0.34642285108566284 0.12828367948532104
-0.6316622495651245 0.9040877819061279 -0.1322321593761444
-0.4565604329109192 0.22177383303642273 -0.22997808456420898
-0.6056804060935974 0.2232680320739746 -0.014394395053386688
-0.6979090571403503 0.166559100151062 -0.13604681193828583
-0.4028182327747345 0.6753312349319458 -0.6706135869026184
-0.6355518102645874 -0.23078162968158722 -0.06264092773199081
-0.5940707325935364 0.6493684649467468 -0.3481319546699524
-0.5483038425445557 0.7532033324241638 -0.4263589382171631
-0.3785364627838135 0.9326187968254089 0.13441325724124908
-0.9353726506233215 -0.01976645737886429 -0.027861418202519417
-0.6245929002761841 0.9381650686264038 -0.07885049283504486
-0.6103529334068298 0.33691921830177307 -0.26987820863723755
-0.4961293041706085 0.10652506351470947 -0.3777158260345459
-0.6599990129470825 0.23604844510555267 0.10203661024570465
-0.6063300371170044 0.5120102167129517 -0.23809178173542023
-0.4391433298587799 0.935627281665802 -0.31972309947013855
-0.4918786287307739 0.23058824241161346 -0.2498045265674591
-0.5356625318527222 0.8925673961639404 -0.3482038974761963
-0.6192632913589478 0.5428057909011841 -0.1438901424407959
-0.5241594314575195 -0.046654537320137024 -0.38462963700294495
-0.6428150534629822 0.6694483757019043 -0.183440700173378
-0.6590202450752258 0.2867237627506256 -0.15527574717998505
-0.5958990454673767 1.2714316844940186 -0.022822489961981773
-0.6401268243789673 0.259743332862854 0.31476733088493347
0.24939361214637756 0.03711431100964546 -0.5727373361587524
-0.6054490208625793 0.3089108467102051 -0.11558892577886581
-0.6067279577255249 0.9579461812973022 0.2655603289604187
-0.545103132724762 0.8536218404769897 -0.5694435834884644
0.08227372169494629 0.696493923664093 -0.46858489513397217
0.11288978159427643 0.8530870676040649 -0.48698174953460693
-0.6605836749076843 0.9881359338760376 0.06676464527845383
-0.6115939021110535 0.830281674861908 -0.5671991109848022
-0.4760431945323944 0.2092987298965454 -0.5769833922386169
-0.5412669777870178 -0.014596723020076752 -0.1851222664117813
0.20402507483959198 1.2394851446151733 0.12207722663879395
-0.10377182811498642 0.7258673906326294 -0.2855587601661682
-0.6286342144012451 0.3434601426124573 -0.1889657825231552
-0.1565210074186325 0.781471848487854 -0.01602892205119133
0.05727321282029152 0.3948819637298584 -0.28041934967041016
-0.6525850296020508 0.2685874402523041 -0.13636837899684906
-0.627861499786377 0.6763969659805298 0.030583716928958893
-0.6223818063735962 0.6895615458488464 -0.0764026865363121
-0.5054926872253418 0.5914146304130554 -0.3936784267425537
-0.7204837799072266 0.6408101320266724 -0.4732911288738251
-0.6176308989524841 0.19248557090759277 0.0313401035964489
-0.16137878596782684 1.3060858249664307 -0.12015387415885925
-0.5525233149528503 0.7812970876693726 -0.32149651646614075
-0.6067959666252136 0.30924364924430847 -0.2097906619310379
-0.556610643863678 0.5671747326850891 0.1826619654893875
0.16767217218875885 0.8220056295394897 -0.05889274924993515
-0.6296277642250061 0.5692867636680603 0.13796289265155792
-0.5462921857833862 0.009257877245545387 -0.41246843338012695
0.2399722784757614 0.4076014459133148 -0.4044744074344635
-0.5750494003295898 1.089306354522705 0.23263955116271973
-0.41491037607192993 0.733353316783905 -0.6026108860969543
-0.6666262149810791 0.8652788400650024 -0.06933898478746414
-0.5889289975166321 0.7571818828582764 -0.11539943516254425
-0.6096727252006531 0.39357179403305054 -0.14451438188552856
-0.5621102452278137 0.6253818869590759 0.24484464526176453
-0.28463318943977356 -0.38983917236328125 -0.14172857999801636
0.12143465876579285 0.5929926633834839 0.08660384267568588
0.29745742678642273 0.7575797438621521 -0.5438768863677979
-0.5315857529640198 0.38473835587501526 0.3190363347530365
-0.6572773456573486 1.2755595445632935 0.2939399480819702
-0.3508378565311432 -0.3616543412208557 -0.42996951937675476
-0.6418308615684509 0.9014195799827576 -0.19241467118263245
-0.5794051885604858 0.007130160462111235 -0.25622397661209106
-0.02685907483100891 1.0489885807037354 -0.14722274243831635
-0.4980067312717438 0.44151630997657776 -0.2585047781467438
-0.13273952901363373 0.5715144872665405 -0.543626070022583
-0.6637445092201233 0.5915510058403015 -0.41466593742370605
-0.2577933967113495 0.8519681692123413 -0.5391638875007629
-0.4385811686515808 0.2124946117401123 -0.22399459779262543
-0.3692106604576111 0.36140677332878113 0.15637393295764923
-0.523781955242157 0.35350340604782104 -0.21205458045005798
-0.4944179654121399 0.8732200860977173 -0.42327532172203064
0.3823028802871704 1.0541280508041382 -0.31139737367630005
-0.6447061896324158 0.455701619386673 -0.2702399790287018
-0.4942956864833832 0.38819292187690735 -0.06184278801083565
-0.7505130767822266 0.8547173738479614 0.03925236687064171
-0.7123945951461792 0.11872938275337219 -0.1468907594680786
-0.4983599781990051 0.7030124664306641 0.2724437117576599
-0.592780351638794 0.5290716886520386 0.00282409880310297
0.18776199221611023 1.1790082454681396 -0.39179521799087524
-0.6353304982185364 0.391452819108963 -0.2122098207473755
-0.7094414234161377 0.02650006301701069 0.1224178746342659
-0.5891274809837341 0.389729768037796 -0.03505864366889
-0.6254113912582397 0.6915643811225891 -0.21562859416007996
-0.573975682258606 1.119513988494873 0.4024156928062439
-0.5206755995750427 0.7679097652435303 0.053136344999074936
-0.5336876511573792 -0.5022375583648682 -0.004166889004409313
-0.6722040176391602 0.3828641176223755 -0.37781646847724915
-0.5789771676063538 0.5882512331008911 -0.2473313808441162
-0.6086147427558899 0.9091771245002747 0.1802109181880951
-0.6063815355300903 0.5964568257331848 -0.5432450175285339
-0.6334568858146667 0.3925809860229492 -0.2613592743873596
-0.4859898090362549 0.8977354168891907 0.1304449588060379
-0.5919085144996643 0.8284629583358765 0.21660077571868896
-0.5850957632064819 0.3915335237979889 -0.2641969323158264
0.3592478334903717 0.8800039887428284 -0.3670788109302521
-0.6836890578269958 0.6262895464897156 -0.4175800681114197
-0.022838521748781204 0.1997809261083603 0.07173558324575424
-0.6289093494415283 0.6085024476051331 -0.28316110372543335
-0.6153789162635803 0.524126410484314 -0.4638620615005493
0.35253727436065674 0.5799470543861389 -0.6299501061439514
-0.5960848331451416 0.16737565398216248 -0.42373061180114746
-0.6790128350257874 1.157397747039795 -0.0321698859333992
-0.5535552501678467 0.38353386521339417 0.11419070512056351
-0.5587098598480225 0.5865002274513245 -0.28957924246788025
0.07168328762054443 0.41482609510421753 -0.25849127769470215
-0.6252189874649048 0.41648685932159424 -0.500189483165741
-0.0025204052217304707 0.9679898023605347 0.18510718643665314
-0.5527743101119995 0.8079861998558044 0.18198341131210327
-0.42915746569633484 0.4231893718242645 -0.9551200866699219
-0.7553372979164124 0.08180754631757736 -0.03269379213452339
-0.6895156502723694 0.31886765360832214 -0.14306440949440002
-0.4969521164894104 0.3663924038410187 -0.281830757856369
-0.623083233833313 0.3635934293270111 -0.06221010908484459
-0.6367396712303162 1.0075794458389282 0.04717152938246727
0.3884490728378296 0.459394246339798 -0.19849228858947754
-0.6392150521278381 0.9086337685585022 -0.02776421792805195
-0.5655775666236877 0.7585975527763367 -0.13699577748775482
-0.11454271525144577 0.8907492756843567 -0.34329888224601746
0.20566917955875397 0.9742906093597412 -0.0156436525285244
-0.6745529174804688 0.6642284989356995 -0.11938223987817764
-0.13945120573043823 0.5554518699645996 -0.05774322897195816
-0.5724910497665405 0.7189862132072449 0.07120151072740555
-0.36475229263305664 0.812318742275238 -0.3714255392551422
-0.5668694376945496 0.8444278240203857 0.25565099716186523
-0.6070166826248169 0.5542457699775696 0.10198845714330673
-0.5446872711181641 0.05128609389066696 -0.47452613711357117
-0.48995527625083923 0.7616176605224609 -0.21017055213451385
-0.5364077687263489 0.711043655872345 -0.3134860098361969
-0.520422637462616 0.8588544726371765 -0.3747546672821045
-0.6204555034637451 0.22956576943397522 0.2638249397277832
-0.5991175174713135 0.9131637215614319 -0.06994816660881042
-0.6323654055595398 0.6467732787132263 -0.3014838397502899
-0.573637068271637 0.23253293335437775 0.2663730978965759
-0.5174232721328735 -0.04996855929493904 -0.061567094177007675
-0.4679942727088928 0.8139625787734985 -0.27471476793289185
-0.5418033003807068 0.6828431487083435 -0.11261823773384094
0.327840119600296 -0.5009938478469849 -0.4190266728401184
-0.396343857049942 0.4285227358341217 -0.3055066168308258
-0.5261473655700684 0.33197450637817383 -0.3112853467464447
-0.6614965200424194 0.5581191778182983 0.19644686579704285
-0.5418515205383301 0.48581477999687195 0.32405754923820496
0.2035340964794159 0.8556014895439148 0.06652062386274338
-0.2625700533390045 0.4918355345726013 -0.3321094214916229
-0.596700131893158 0.29932743310928345 -0.3033255636692047
-0.5514602065086365 0.8019095659255981 0.059453461319208145
-0.3698785901069641 0.7934696674346924 -0.5972719788551331
-0.3621622920036316 0.837832510471344 -0.2638164758682251
0.11719698458909988 0.9544328451156616 -0.3516649305820465
-0.6717526316642761 0.42574504017829895 -0.2556156516075134
