ply
format ascii 1.0
element vertex 2048
property float x
property float y
property float z
end_header
0.0822853371500969 -0.06584838777780533 -0.2771661579608917
-0.2134408801794052 -0.05506650358438492 -0.11659861356019974
-0.17437735199928284 -0.2634367346763611 -0.045579660683870316
-0.1453758329153061 -0.4063505232334137 -0.06775990128517151
-0.2728365957736969 -0.3549310564994812 -0.006171044427901506
0.051844365894794464 -0.07672525942325592 -0.19390927255153656
0.10593029111623764 -0.5225790143013 -0.0762941911816597
0.10857883840799332 0.22029650211334229 0.02795071341097355
-0.23166224360466003 -0.2487228810787201 -0.10671740770339966
-0.19429485499858856 -0.3192668855190277 -0.03230420500040054
-0.25003042817115784 -0.3488156199455261 0.24594971537590027
-0.1786479502916336 -0.013936249539256096 -0.19295325875282288
-0.12301631271839142 -0.27089017629623413 0.019783684983849525
-0.22718816995620728 -0.17503905296325684 0.04385220259428024
-0.26938849687576294 0.06734125316143036 -0.05352120101451874
-0.24348540604114532 -0.18545283377170563 0.010945528745651245
-0.13831831514835358 -0.20044420659542084 0.15729813277721405
-0.30858367681503296 0.28677046298980713 -0.12056829035282135
-0.13478220999240875 -0.3943299353122711 -0.3885824978351593
-0.04479315131902695 -0.20094721019268036 -0.09736562520265579
-0.14795023202896118 -0.06914392113685608 -0.2671372890472412
-0.32277703285217285 -0.4145109951496124 -0.007080248091369867
-0.27538734674453735 0.196875661611557 0.5521703362464905
-0.4222041666507721 -0.009684188291430473 -0.04296061396598816
0.16380831599235535 0.12371645122766495 -0.25434064865112305
-0.3093353509902954 -0.2181949019432068 -0.45793262124061584
-0.4954069256782532 -0.1754721850156784 0.04253913462162018
-0.012110807001590729 -0.0953599214553833 -0.014851655811071396
-0.17913226783275604 -0.2756623327732086 -0.21787896752357483
-0.16688422858715057 -0.371041476726532 0.062374528497457504
-0.046125177294015884 -0.12318972498178482 -0.03556158021092415
-0.15433496236801147 -0.16488054394721985 -0.02881697379052639
-0.1880318969488144 -0.17526905238628387 -0.1354209929704666
-0.3229399621486664 0.1805478185415268 -0.015719985589385033
-0.08830293267965317 -0.34001654386520386 0.047493379563093185
-0.36161020398139954 0.0763169378042221 0.27809277176856995
-0.23679432272911072 -0.04961258918046951 -0.17797011137008667
-0.21105720102787018 -0.20681045949459076 0.17202994227409363
-0.1949670910835266 0.040346674621105194 -0.03692546486854553
-0.19237133860588074 -0.433556467294693 0.006552145816385746
-0.22844073176383972 -0.2519461214542389 0.13920092582702637
-0.031246554106473923 -0.036331478506326675 0.024174178019165993
-0.26024743914604187 -0.3409695029258728 0.08337388932704926
-0.018995175138115883 -0.32380834221839905 0.03483763709664345
-0.43486258387565613 -0.19829526543617249 0.21596652269363403
0.1137871965765953 -0.2548961341381073 -0.08919794112443924
-0.32352617383003235 -0.23442643880844116 0.15331509709358215
-0.5281349420547485 -0.23712113499641418 -0.022467777132987976
-0.1475750207901001 -0.33970141410827637 -0.140441432595253
-0.3503437340259552 -0.23624154925346375 0.11176221072673798
-0.19604431092739105 0.1952381283044815 -0.2757899761199951
-0.21766667068004608 -0.2852402925491333 -0.20550218224525452
-0.41606783866882324 0.12729419767856598 -0.2643358111381531
-0.34528714418411255 -0.35889387130737305 -0.02840329147875309
-0.010610338300466537 -0.2701069116592407 0.04276838153600693
0.05945634841918945 -0.3984512984752655 -0.17349688708782196
-0.2819227874279022 -0.23694775998592377 0.09018795937299728
-0.11554078757762909 -0.31940922141075134 0.0634787306189537
0.21746259927749634 -0.22429770231246948 -0.032038044184446335
-0.12776035070419312 -0.17920732498168945 0.14129219949245453
-0.39443251490592957 -0.04342195764183998 -0.04866465926170349
-0.12085918337106705 -0.25989407300949097 -0.05078085511922836
-0.276767373085022 -0.1743069440126419 -0.019649619236588478
-0.2702926695346832 -0.02964656613767147 -0.08388753235340118
-0.10552463680505753 -0.042040519416332245 -0.11228388547897339
-0.25973865389823914 -0.24912205338478088 -0.09866694360971451
-0.23796388506889343 -0.09605305641889572 0.022565066814422607
-0.18276727199554443 -0.3043362498283386 0.024279197677969933
-0.3001003563404083 -0.0616285614669323 -0.014005519449710846
-0.21534249186515808 -0.2962777316570282 -0.15512852370738983
-0.566931426525116 -0.2809435725212097 -0.06338868290185928
-0.20944929122924805 -0.0036805756390094757 -0.3603251874446869
-0.22182710468769073 -0.22597968578338623 -0.11045122891664505
-0.28960898518562317 -0.20254506170749664 0.10533113777637482
-0.38780248165130615 -0.15374398231506348 0.017874067649245262
-0.4681466221809387 -0.28247320652008057 0.016758468002080917
-0.13250970840454102 -0.4451671540737152 -0.2620832026004791
-0.17356085777282715 0.025642074644565582 0.10087926685810089
0.053538959473371506 -0.3887961506843567 -0.1335233449935913
-0.4457119405269623 -0.03840107470750809 0.19343143701553345
-0.2199762463569641 0.12011101841926575 -0.08128339797258377
-0.17664973437786102 -0.20656083524227142 -0.04874808341264725
-0.3768808841705322 -0.08694466948509216 -0.1372760832309723
-0.22871838510036469 -0.2578042447566986 0.2704806625843048
-0.1033342033624649 -0.19035382568836212 0.10743206739425659
-0.003088003024458885 -0.01531689241528511 -0.08150360733270645
-0.26904699206352234 -0.3842759132385254 -0.008756443858146667
-0.18995483219623566 -0.4060026705265045 -0.5813931226730347
-0.3149714767932892 -0.27231794595718384 0.02048008143901825
0.031133471056818962 -0.25531792640686035 0.024573691189289093
0.25967082381248474 -0.3252713680267334 -0.0037221680395305157
0.25365498661994934 -0.3247690200805664 -0.013107655569911003
-0.23178483545780182 -0.04149508848786354 0.095903180539608
-0.2925631105899811 -0.3005194365978241 -0.11331061273813248
-0.4498889744281769 -0.20398397743701935 0.1552472561597824
0.1098325252532959 -0.26029205322265625 0.1724628210067749
-0.4469526708126068 -0.1160934716463089 -0.4190075695514679
-0.3686499297618866 -0.08475816249847412 0.0013529532589018345
0.12476899474859238 -0.337325781583786 -0.025448216125369072
-0.09415362030267715 -0.47888442873954773 0.2202817052602768
-0.6542393565177917 0.28627127408981323 -0.3659914433956146
-0.4084409475326538 0.04408919811248779 -0.12436278909444809
-0.2554686665534973 -0.3205079734325409 0.3116149306297302
-0.10597594082355499 -0.14427781105041504 -0.7262880206108093
0.0005993677186779678 -0.14278940856456757 -0.11858997493982315
-0.12209252268075943 -0.11501913517713547 -0.05422298610210419
-0.2743672728538513 0.041997265070676804 0.06243220716714859
-0.0912814661860466 -0.3116114139556885 0.017756808549165726
-0.23455053567886353 -0.17386120557785034 -0.043170906603336334
-0.16343924403190613 -0.11975421756505966 -0.507347822189331
-0.07163839042186737 -0.05815504118800163 -0.04992830008268356
-0.06258923560380936 -0.043741099536418915 -0.06950727105140686
-0.12748144567012787 -0.21708478033542633 -0.41508445143699646
-0.3178647756576538 -0.13246290385723114 -0.14603634178638458
-0.2101922333240509 -0.28696778416633606 0.058226365596055984
-0.23464982211589813 0.1345667839050293 -0.17855530977249146
-0.11149110645055771 -0.006204899866133928 -0.09753122180700302
-0.05835206061601639 -0.29581695795059204 -0.4782998263835907
0.023092098534107208 -0.18590621650218964 -0.22134564816951752
-0.2063109129667282 0.05521320179104805 -0.1075931042432785
-0.3787681460380554 -0.23786836862564087 0.10030825436115265
-0.16365891695022583 -0.19344109296798706 -0.40313100814819336
-0.26086652278900146 -0.3560480773448944 -0.04898529499769211
0.07846800237894058 -0.32741793990135193 0.09933248162269592
-0.2464202642440796 -0.055881135165691376 0.2847293019294739
-0.3317982852458954 0.11327505856752396 -0.2494235336780548
-0.37749922275543213 -0.022020136937499046 -0.1523316651582718
-0.22185511887073517 -0.2188802808523178 -0.001472284086048603
-0.15187972784042358 -0.1687537282705307 0.14476262032985687
-0.15880662202835083 -0.0839335173368454 0.05309862270951271
-0.11451517790555954 -0.3925400972366333 -0.08085271716117859
0.016579989343881607 -0.11794603615999222 -0.09617986530065536
0.24545356631278992 -0.38231992721557617 -0.059008993208408356
-0.24015286564826965 -0.21421246230602264 -0.15576577186584473
-0.05325515940785408 0.07262985408306122 -0.07512641698122025
-0.27480587363243103 -0.34991833567619324 0.12920913100242615
-0.14038345217704773 -0.08488347381353378 0.020905738696455956
-0.38644495606422424 -0.19174471497535706 0.1483319252729416
-0.2620794475078583 -0.18544484674930573 -0.46595096588134766
-0.40339937806129456 0.16055583953857422 0.45604488253593445
-0.17677558958530426 0.17385312914848328 -0.1609923541545868
-0.0666486918926239 -0.3389275074005127 -0.23754017055034637
-0.16735577583312988 -0.3271929621696472 0.06600700318813324
-0.1640583723783493 -0.1334153115749359 -0.030817663297057152
-0.4242702126502991 -0.3263108432292938 -0.3636170029640198
-0.20022441446781158 -0.2291588932275772 0.05689661577343941
-0.3268783688545227 -0.24461603164672852 -0.23318471014499664
-0.24859410524368286 -0.36462515592575073 -0.0996679738163948
-0.03622908517718315 -0.3875991702079773 0.06809504330158234
0.010701077058911324 -0.07290208339691162 0.11820193380117416
0.050051841884851456 -0.2753896117210388 -0.2797786295413971
-0.1733059138059616 -0.22578459978103638 0.0261781495064497
-0.3416893184185028 -0.3233942687511444 -0.3362448811531067
-0.30492037534713745 -0.24414460361003876 -0.0006574692670255899
-0.19358299672603607 -0.266243040561676 0.09524207562208176
-0.34371694922447205 -0.34069791436195374 -0.3161719739437103
-0.33379071950912476 -0.2957248091697693 0.08833106607198715
-0.2131841480731964 -0.31665870547294617 -0.12495105713605881
-0.3546293079853058 -0.3175974190235138 -0.027119576930999756
-0.1746215671300888 0.046689171344041824 -0.08241774141788483
-0.33171162009239197 -0.155499666929245 0.036840710788965225
-0.16302944719791412 0.06340678781270981 -0.13330143690109253
-0.15352553129196167 -0.13946115970611572 0.07704441249370575
-0.34663352370262146 -0.20928287506103516 0.20602336525917053
-0.41458868980407715 -0.35307174921035767 0.03681479021906853
-0.15678974986076355 -0.25689828395843506 0.019156526774168015
-0.9004114270210266 -0.17255762219429016 -0.12436830252408981
-0.015767429023981094 -0.0468614436686039 -0.07954259216785431
-0.15863454341888428 -0.07067342847585678 -0.11926071345806122
-0.2875865697860718 -0.35299360752105713 -0.14206485450267792
-0.4350667893886566 0.21660976111888885 -0.3475966155529022
0.04232407361268997 -0.38253509998321533 -0.1763637363910675
-0.20425111055374146 -0.2891949415206909 0.2411297708749771
-0.22492611408233643 -0.47654348611831665 0.09340135753154755
-0.10278904438018799 -0.209598109126091 0.36487877368927
-0.06055435538291931 -0.05035989359021187 -0.005934565793722868
-0.3329998850822449 -0.21843530237674713 0.06302225589752197
-0.18286913633346558 -0.28180304169654846 0.042244795709848404
0.03410562872886658 -0.29759833216667175 0.011645648628473282
-0.370121031999588 -0.18864120543003082 -0.3142760097980499
-0.15787436068058014 0.20909418165683746 -0.11980584263801575
-0.050341587513685226 0.24910232424736023 -0.17580851912498474
-0.28004929423332214 -0.30409684777259827 0.07926011830568314
-0.030133627355098724 0.07773850858211517 -0.12168626487255096
-0.42737966775894165 0.11892642080783844 -0.43228742480278015
0.08751379698514938 -0.35238248109817505 0.0403006449341774
-0.0980459451675415 -0.13759897649288177 0.03806222602725029
-0.0172419436275959 0.1046462431550026 0.12245117872953415
-0.26732465624809265 0.1880415827035904 -0.3264988660812378
-0.2579340934753418 -0.5410243272781372 0.03313811123371124
-0.3032110035419464 -0.3110416531562805 0.043037768453359604
-0.21145468950271606 -0.218852698802948 -0.13549639284610748
-0.30202341079711914 -0.2060200273990631 -0.3442181348800659
0.02646205946803093 -0.3296244740486145 0.0723443254828453
-0.20133043825626373 -0.11075244098901749 -0.10329288244247437
-0.37989598512649536 -0.08450212329626083 -0.08828867226839066
-0.39508795738220215 -0.2744554281234741 0.05377962440252304
-0.3063199818134308 -0.3336925208568573 0.016913434490561485
-0.15942418575286865 -0.27691224217414856 -0.03678362816572189
0.34725698828697205 -0.5317848324775696 -0.09806236624717712
-0.11882096529006958 0.12295232713222504 -0.05465686693787575
-0.07568899542093277 -0.1544952541589737 0.06430233269929886
-0.1467457413673401 -0.24116156995296478 0.04201836511492729
-0.38708406686782837 -0.06432686746120453 -0.13103140890598297
-0.5466349720954895 -0.15725873410701752 -0.07694382220506668
-0.44046732783317566 0.141039177775383 -0.27865397930145264
-0.16272270679473877 -0.35520437359809875 -0.5121278166770935
-0.044234294444322586 -0.3969214856624603 0.05315122753381729
-0.22256848216056824 -0.1337481588125229 -0.09976086765527725
-0.06565604358911514 -0.18078425526618958 0.0184814240783453
-0.033919937908649445 -0.25740674138069153 -0.2290003001689911
-0.0324367880821228 0.00994066335260868 -0.02442988194525242
-0.32531192898750305 -0.0825721025466919 0.36854562163352966
-0.15459086000919342 -0.25074073672294617 0.14055782556533813
-0.36534684896469116 0.07538342475891113 -0.26057177782058716
-0.10479218512773514 -0.3212090730667114 -0.01666104421019554
-0.06450527161359787 -0.22668704390525818 0.009118789806962013
-0.19154289364814758 -0.31318438053131104 -0.24420292675495148
-0.09304448962211609 0.07657744735479355 -0.03211333230137825
0.08179505914449692 -0.1765403002500534 -0.10319159179925919
0.09086789190769196 -0.006306963507086039 0.3365744352340698
-0.036698099225759506 -0.31526410579681396 -0.29732298851013184
-0.295981764793396 0.09825345873832703 -0.09322026371955872
-0.19412580132484436 -0.19697269797325134 -0.024606257677078247
-0.2776294946670532 -0.14590643346309662 0.04577719047665596
-0.3158286511898041 -0.21556717157363892 0.1843368262052536
-0.1997884064912796 -0.06811656802892685 0.12093304097652435
-0.10195857286453247 -0.22997638583183289 -0.4205738604068756
-0.04980296269059181 -0.1192706897854805 0.027771010994911194
-0.29582878947257996 -0.2573244571685791 0.33860427141189575
-0.4049113988876343 0.29235002398490906 -0.24188730120658875
-0.027060426771640778 0.12541735172271729 0.026501549407839775
-0.28298091888427734 -0.3861352205276489 -0.058423563838005066
-0.10096956789493561 -0.0016972864978015423 -0.3049018979072571
-0.04562600702047348 -0.1968148648738861 0.10439514368772507
-0.32838526368141174 -0.3451879322528839 0.04684446007013321
-0.19260595738887787 0.08457810431718826 -0.13943101465702057
-0.17221441864967346 -0.19570410251617432 0.08153349906206131
-0.24658873677253723 -0.14824961125850677 -0.0456872396171093
-0.36850494146347046 -0.10480336844921112 0.0012009814381599426
-0.10926070809364319 -0.4038122892379761 -0.3582216501235962
-0.34280070662498474 0.14650480449199677 -0.04032597690820694
-0.3671974539756775 -0.40206673741340637 -0.026102330535650253
0.11720918118953705 -0.12247608602046967 -0.14056235551834106
-0.21960926055908203 0.07479965686798096 -0.1721167266368866
-0.17558026313781738 -0.1405203640460968 -0.13301880657672882
-0.5979063510894775 0.5054072141647339 0.01764480397105217
-0.16615493595600128 0.028655314818024635 -0.05752057209610939
-0.19209949672222137 -0.06429759413003922 -0.08660367876291275
-0.07554452866315842 -0.22639095783233643 -0.01562807708978653
-0.10721061378717422 -0.2536725699901581 0.03151573985815048
-0.27344855666160583 0.045596618205308914 0.08225636929273605
-0.3749782145023346 -0.3948989808559418 0.18221060931682587
-0.4745699465274811 -0.11480310559272766 -0.021292375400662422
-0.2999677360057831 -0.297372967004776 -0.13905248045921326
-0.09860941022634506 -0.05413682013750076 -0.09853526949882507
-0.2091078758239746 -0.3480122983455658 -0.09072771668434143
-0.09740141779184341 -0.3464256823062897 0.023565616458654404
-0.2338779866695404 -0.0516735315322876 -0.10458432137966156
-0.23955610394477844 -0.10573368519544601 -0.0623614527285099
-0.27466315031051636 -0.21825987100601196 0.06620711088180542
-0.13482695817947388 0.03761877492070198 -0.0824526771903038
-0.18069513142108917 -0.19888752698898315 0.022826137021183968
-0.16924592852592468 -0.34540340304374695 0.11401069909334183
-0.25464487075805664 -0.24148596823215485 -0.14926816523075104
-0.1387857049703598 -0.3052716553211212 -0.14615893363952637
-0.1045551747083664 0.050088562071323395 -0.1113877221941948
-0.14511089026927948 -0.31130293011665344 0.14482218027114868
-0.20770980417728424 -0.19736787676811218 -0.09962623566389084
-0.10843440145254135 -0.31701865792274475 -0.13478030264377594
-0.26578083634376526 -0.3110288381576538 -0.006699141580611467
-0.02707023359835148 -0.10488775372505188 -0.10308823734521866
-0.1729232221841812 -0.232902392745018 0.05681034177541733
-0.06515756994485855 0.03029555268585682 -0.07170626521110535
-0.20812533795833588 -0.20327140390872955 0.2086191028356552
-0.3105398714542389 -0.07201820611953735 -0.21052725613117218
-0.24799859523773193 -0.16867515444755554 0.13809986412525177
-0.19599059224128723 -0.09767317026853561 0.03272464871406555
-0.12469466775655746 -0.0495728924870491 0.08894366770982742
-0.05579959228634834 -0.0584261417388916 0.15332669019699097
-0.11426181346178055 0.0873376727104187 0.019722547382116318
-0.19805562496185303 -0.30805835127830505 -0.005892857443541288
-0.2819114029407501 -0.20715847611427307 -0.10087984055280685
-0.3414090871810913 -0.2991090416908264 0.06173228472471237
-0.30731624364852905 -0.2303137630224228 -0.1661694049835205
-0.2130727767944336 -0.2813427448272705 0.1577753871679306
0.05628296732902527 -0.03560963645577431 -0.21763792634010315
-0.3390763998031616 0.08289176970720291 -0.2849780023097992
-0.3732931613922119 -0.19860292971134186 0.02978072315454483
-0.044133178889751434 -0.17798759043216705 -0.08175842463970184
-0.12077485024929047 -0.1503671258687973 -0.0792548805475235
-0.2656484842300415 -0.01917686127126217 -0.19997982680797577
-0.00010414340067654848 -0.2190643846988678 -0.016373855993151665
-0.06484068185091019 -0.27015888690948486 -0.1477111428976059
-0.34233924746513367 -0.19961941242218018 0.09279713779687881
-0.332556813955307 -0.21085235476493835 -0.012758208438754082
-0.22445879876613617 -0.09816295653581619 0.09744732081890106
-0.08563944697380066 -0.3159607946872711 -0.2556874752044678
-0.5383335947990417 -0.36577317118644714 0.06302376836538315
-0.44445377588272095 -0.5124897956848145 0.09480343014001846
-0.033523403108119965 -0.33977073431015015 -0.13209673762321472
-0.11727534234523773 -0.24756547808647156 0.009741676971316338
-0.21009700000286102 0.09278187900781631 0.0030662294011563063
-0.27529478073120117 0.06716880947351456 -0.07846105098724365
-0.12672387063503265 -0.3738883435726166 -0.2413635104894638
-0.2526618242263794 -0.21776306629180908 0.01168787106871605
-0.09289293736219406 -0.09725503623485565 0.005159081891179085
-0.11372650414705276 -0.07864979654550552 0.000463343458250165
-0.5596911907196045 -0.37946921586990356 0.037978645414114
-0.16327525675296783 -0.2625853717327118 -0.10752016305923462
-0.7247575521469116 0.5811086297035217 -0.1641564965248108
-0.10689377039670944 0.11167418956756592 0.03835877776145935
-0.11341985315084457 -0.36135178804397583 -0.2149306982755661
-0.15063396096229553 -0.37990719079971313 0.03681598976254463
-0.3478589653968811 0.0871019959449768 -0.23388327658176422
-0.2426924854516983 -0.18003757297992706 0.021688126027584076
-0.44059595465660095 0.19291725754737854 -0.15196673572063446
-0.3096288740634918 -0.2322167158126831 0.02985229529440403
-0.11462756246328354 -0.169598788022995 0.0032585384324193
-0.09964661300182343 -0.028195030987262726 -0.11917736381292343
-0.18829955160617828 0.057065561413764954 -0.192005917429924
-0.27805063128471375 -0.24051909148693085 -0.13808777928352356
-0.4928857088088989 0.004826071206480265 0.15753933787345886
-0.4781106412410736 -0.055167313665151596 -0.43757814168930054
-0.16804061830043793 0.05808502808213234 0.31519582867622375
-0.24348534643650055 0.10933835804462433 -0.23956403136253357
0.060536205768585205 -0.20824992656707764 -0.16294938325881958
-0.09800415486097336 -0.17291727662086487 -0.054378408938646317
-0.5958097577095032 0.11979227513074875 -0.26677802205085754
-0.1894146054983139 -0.04558752849698067 -0.10328605026006699
-0.1865072101354599 -0.29523518681526184 0.07890643924474716
-0.1720971167087555 -0.1362350881099701 0.16082972288131714
-0.044537659734487534 -0.3926506042480469 -0.39081326127052307
-0.23724524676799774 -0.2659958600997925 0.08459816873073578
-0.0022616570349782705 -0.25731149315834045 -0.1443672478199005
-0.3339760899543762 -0.42240583896636963 0.09669581055641174
-0.22977551817893982 -0.19627350568771362 -0.06179505214095116
-0.14524662494659424 -0.31821298599243164 0.18594443798065186
0.08291608095169067 -0.10547327250242233 -0.010461555793881416
-0.1877743899822235 0.05087481439113617 -0.04478878900408745
-0.24398136138916016 0.08566264063119888 -0.23958438634872437
-0.05351591855287552 0.14182178676128387 -0.3025188744068146
-0.24144895374774933 -0.25549906492233276 -0.5154516696929932
-0.21067889034748077 -0.3974235951900482 -0.10778406262397766
-0.17377717792987823 -0.32487162947654724 -0.21361936628818512
-0.1383984535932541 -0.089563749730587 -0.1671234518289566
-0.19223546981811523 -0.22748476266860962 -0.04693468660116196
-0.33720988035202026 -0.1830289214849472 0.0002729963744059205
-0.2584321200847626 -0.2065340131521225 0.0685192197561264
0.09278687834739685 -0.173160582780838 0.17487701773643494
-0.2222685068845749 -0.3149814307689667 -0.0019881632179021835
0.0009885109029710293 -0.21836915612220764 0.09415765106678009
-0.2603773772716522 -0.15849433839321136 0.10323379933834076
-0.4174880087375641 -0.26636937260627747 0.4392758309841156
-0.24806727468967438 -0.3555465042591095 0.030742298811674118
-0.300162136554718 0.10490428656339645 -0.32242536544799805
-0.22762790322303772 0.11344677209854126 -0.20061293244361877
-0.5413296818733215 0.05648995190858841 -0.10811450332403183
0.0601651631295681 0.2642679512500763 0.5487003922462463
0.1507437825202942 -0.09138018637895584 0.18981701135635376
-0.013970725238323212 -0.24851156771183014 -0.3034912943840027
-0.080336794257164 -0.27234938740730286 -0.7765178680419922
-0.080254465341568 0.15054616332054138 -0.2345234751701355
-0.36898380517959595 -0.2650374174118042 -0.14464342594146729
-0.14023521542549133 -0.14384612441062927 -0.005713397637009621
-0.31689369678497314 0.001956635620445013 -0.20287658274173737
-0.18708394467830658 -0.39086949825286865 -0.011602522805333138
-0.29371145367622375 0.27952849864959717 -0.12762030959129333
-0.1968916654586792 0.11951164901256561 -0.14912764728069305
-0.29519861936569214 -0.536281943321228 0.2814486026763916
-0.162125363945961 -0.2729109227657318 -0.15779916942119598
-0.025923073291778564 0.060410089790821075 -0.12128020077943802
-0.3469499349594116 -0.2773844599723816 0.2218511700630188
-0.29071244597435 -0.21272598206996918 -0.4781726002693176
-0.21822835505008698 -0.190437912940979 0.10076514631509781
-0.03251877427101135 -0.18007194995880127 0.019427018240094185
0.08004459738731384 -0.5476592779159546 -0.2945522367954254
-0.5825949311256409 -0.33238208293914795 -0.5132094025611877
-0.21037618815898895 -0.38135847449302673 0.06784610450267792
-0.2784111201763153 0.2007443904876709 -0.20667730271816254
-0.38850608468055725 0.14563904702663422 -0.028943190351128578
-0.3309679329395294 0.016403522342443466 -0.16698209941387177
-0.18465833365917206 -0.21230928599834442 -0.2708575427532196
-0.09315447509288788 -0.3277541399002075 -0.4849280118942261
-0.08119906485080719 -0.13823722302913666 -0.13083940744400024
-0.2458878606557846 -0.18270842730998993 0.05839267000555992
-0.3645145893096924 -0.15852713584899902 -0.09289422631263733
-0.26534348726272583 -0.06581057608127594 -0.07219396531581879
-0.15338292717933655 -0.2613682150840759 0.24809320271015167
-0.44609886407852173 -0.08939947187900543 0.034148555248975754
0.14483243227005005 -0.3467291593551636 -0.011319717392325401
-0.3245198428630829 -0.3383266031742096 0.06863958388566971
-0.05352700874209404 -0.3373151421546936 -0.3556392192840576
-0.09237351268529892 -0.2680818736553192 -0.3223303556442261
-0.3411664068698883 -0.15152128040790558 0.08776971697807312
-0.19134683907032013 -0.4172935485839844 0.04046879708766937
-0.3118915557861328 -0.44051843881607056 -0.0951368436217308
-0.07024680078029633 -0.1749931424856186 -0.07660778611898422
-0.10271875560283661 -0.15534891188144684 0.13003911077976227
-0.19747278094291687 0.01481190137565136 -0.11976723372936249
0.1590028703212738 -0.09956337511539459 -0.013345625251531601
-0.12238774448633194 -0.0629030391573906 -0.1373133510351181
-0.4554956555366516 -0.22705306112766266 -0.007572950329631567
-0.11242103576660156 -0.28623178601264954 0.20884396135807037
-0.2857494652271271 -0.2714802920818329 -0.2698139250278473
-0.3590621054172516 -0.27060768008232117 -0.2387034296989441
-0.12504130601882935 -0.5493748188018799 0.050377488136291504
-0.1646697223186493 -0.2512551546096802 0.2481807917356491
-0.49389538168907166 -0.23341411352157593 0.02602674439549446
-0.2938067317008972 -0.32404187321662903 -0.13335773348808289
-0.19799382984638214 -0.13068559765815735 0.10683297365903854
-0.19395974278450012 -0.11856226623058319 -0.01670517958700657
-0.3280736207962036 -0.12855389714241028 0.1306995302438736
0.02103419415652752 0.07853963971138 0.17546293139457703
-0.36156630516052246 -0.2572992146015167 -0.3249562978744507
-0.22496728599071503 -0.3286244869232178 0.025429386645555496
-0.44431716203689575 -0.15820688009262085 -0.1986628919839859
-0.16119937598705292 -0.18935813009738922 0.16748149693012238
-0.22724755108356476 -0.2261563092470169 0.046786271035671234
-0.48158693313598633 -0.17034348845481873 -0.17728596925735474
-0.26480579376220703 -0.4226337969303131 -0.04317459091544151
-0.38892674446105957 -0.11044834554195404 0.11709415167570114
-0.29580968618392944 -0.06733524054288864 0.6420873403549194
-0.2930227220058441 -0.2058791071176529 -0.09163670986890793
-0.25474798679351807 -0.3301467001438141 0.12370920181274414
0.08378515392541885 -0.4643886685371399 0.01605106145143509
-0.23696811497211456 -0.042386263608932495 -0.0975591242313385
-0.04665502905845642 -0.1186026781797409 0.16828033328056335
-0.41823241114616394 -0.5924829840660095 0.08183535933494568
-0.09526515007019043 -0.2752394378185272 -0.247064471244812
-0.4873305559158325 -0.0970606580376625 0.07208665460348129
-0.21632346510887146 -0.35922771692276 0.027185484766960144
-0.21957434713840485 -0.08433855324983597 -0.4011349678039551
-0.14146926999092102 -0.22731047868728638 -0.3925572633743286
-0.16472037136554718 -0.1585656702518463 -0.3703781068325043
0.08749332278966904 -0.3345603942871094 -0.05711909011006355
-0.29583337903022766 0.053118616342544556 -0.13279159367084503
-0.37605756521224976 -0.047296177595853806 0.016997164115309715
-0.305846244096756 -0.2623545527458191 0.0783924087882042
-0.23949559032917023 -0.216575488448143 -0.05284731090068817
-0.08867631107568741 0.0926021859049797 -0.2718404233455658
-0.10823999345302582 -0.06037246435880661 0.320618212223053
-0.026892246678471565 0.03984992951154709 0.060482803732156754
-0.06096765771508217 -0.21724814176559448 -0.11249381303787231
-0.29166629910469055 -0.23720569908618927 0.09568792581558228
-0.013862226158380508 -0.28667762875556946 -0.2698632776737213
0.11750663071870804 -0.23469440639019012 0.03352778032422066
-0.2149645835161209 -0.07827212661504745 -0.38504558801651
-0.27785247564315796 -0.034842781722545624 -0.020443828776478767
-0.23399296402931213 -0.18088242411613464 -0.3572991192340851
-0.19692610204219818 0.06378769874572754 0.30684903264045715
-0.1826595515012741 -0.4160407483577728 -0.4734443724155426
-0.29477086663246155 0.20948578417301178 -0.0038995896466076374
-0.19150178134441376 0.09691537916660309 0.0041946833953261375
-0.35674184560775757 -0.2676703929901123 -0.2948133945465088
-0.11529253423213959 -0.020549485459923744 0.30391424894332886
-0.20403264462947845 -0.08166597038507462 -0.1336274892091751
-0.22210879623889923 -0.3437044024467468 -0.14602474868297577
-0.21279777586460114 -0.1843758523464203 -0.0020189532078802586
0.0660475641489029 -0.2172655165195465 0.1175728589296341
0.10828550159931183 0.08027825504541397 -0.07836280018091202
-0.05250483751296997 -0.2940046191215515 -0.13711069524288177
-0.04660531133413315 -0.29079964756965637 0.013646956533193588
-0.11757282167673111 -0.3252435028553009 -0.0381612554192543
-0.10870900005102158 0.11573516577482224 -0.07442274689674377
-0.20540858805179596 -0.028483526781201363 -0.03742165118455887
-0.454630047082901 -0.24903514981269836 -0.3281211853027344
-0.2758043706417084 -0.290780246257782 -0.19275766611099243
-0.18079374730587006 -0.09403786063194275 -0.16623210906982422
-0.4922802448272705 -0.36845242977142334 -0.5570806860923767
-0.061644479632377625 -0.4671748876571655 0.027412623167037964
-0.40803566575050354 -0.06237028166651726 -0.41065514087677
-0.3506765365600586 -0.43046489357948303 -0.16237960755825043
-0.4460199177265167 -0.31695911288261414 -0.04454929754137993
-0.2977852523326874 -0.24072261154651642 -0.09975627064704895
-0.1843215674161911 -0.2817547619342804 0.01340005174279213
-0.18358570337295532 -0.30465367436408997 -0.16463105380535126
-0.060143403708934784 -0.0832679271697998 0.38409724831581116
-0.03433383256196976 -0.055759768933057785 -0.14746631681919098
-0.17327985167503357 -0.2772737145423889 -0.04636910930275917
-0.04651353880763054 -0.296539306640625 -0.43533456325531006
-0.2505030035972595 0.1611999124288559 0.13474689424037933
-0.3394927382469177 -0.19734437763690948 0.08777762949466705
-0.31501510739326477 -0.20317210257053375 -0.03997165709733963
-0.40800580382347107 -0.38336941599845886 0.08762655407190323
-0.07806786149740219 -0.03820187225937843 0.03727095201611519
-0.03325435891747475 -0.2069000005722046 -0.15518362820148468
-0.4462762176990509 -0.04971000552177429 -0.14575792849063873
-0.21099893748760223 -0.23299287259578705 0.005028934217989445
0.041448406875133514 -0.18207094073295593 -0.10512938350439072
-0.03729340806603432 -0.2577238380908966 -0.07359986752271652
-0.2211311310529709 -0.11485879123210907 -0.014566134661436081
-0.3026566803455353 0.034699734300374985 0.11137092113494873
-0.04260622337460518 0.0773751512169838 0.0911477655172348
-0.16938655078411102 -0.20888005197048187 0.11575032025575638
-0.28306788206100464 -0.36310631036758423 -0.19492213428020477
-0.18315640091896057 -0.2681702673435211 0.017361510545015335
-0.22274433076381683 -0.015147266909480095 0.056648481637239456
-0.19142739474773407 0.13591773808002472 0.07785700261592865
-0.3949277698993683 0.2554382383823395 -0.32055723667144775
-0.2983485460281372 -0.18830665946006775 0.06429050117731094
0.007815977558493614 0.17669524252414703 -0.1598660945892334
-0.27150556445121765 -0.30622756481170654 -0.11672965437173843
-0.3078359067440033 -0.3638342618942261 -0.022760016843676567
-0.2565147876739502 -0.24716228246688843 0.032925549894571304
-0.19391316175460815 -0.10235154628753662 0.13731934130191803
-0.19680985808372498 -0.2674280107021332 0.03740266337990761
-0.05048264190554619 -0.07591915130615234 0.35395655035972595
-0.1869201362133026 -0.39210444688796997 0.04608568176627159
-0.09425006806850433 -0.31282931566238403 -0.05493152141571045
-0.30724194645881653 -0.202763170003891 0.08280912786722183
-0.3305851221084595 0.12234609574079514 0.05506429076194763
-0.2904883921146393 -0.03314143046736717 -0.022851459681987762
-0.2849906086921692 -0.17632855474948883 0.04173354431986809
-0.2315337210893631 -0.5206612944602966 -0.33774372935295105
-0.1402631402015686 -0.24056854844093323 -0.0568627305328846
-0.059375833719968796 -0.39840462803840637 -0.16596554219722748
-0.40513280034065247 -0.226436585187912 0.06299131363630295
-0.24163801968097687 -0.293446809053421 -0.06654348224401474
-0.21674582362174988 0.06806420534849167 -0.2891966700553894
-0.0553668811917305 0.01474083960056305 -0.224934384226799
-0.3277612328529358 0.12512145936489105 -0.15890730917453766
-0.15924403071403503 -0.10944978892803192 -0.1431484818458557
-0.30792757868766785 -0.48122599720954895 0.04892913997173309
-0.03772314637899399 -0.29106053709983826 0.1554235965013504
0.10055456310510635 -0.17736254632472992 -0.13287311792373657
-0.29855433106422424 -0.30190789699554443 -0.14785851538181305
-0.31743478775024414 -0.2664356529712677 -0.279224157333374
-0.19348324835300446 -0.15835167467594147 -0.24054764211177826
-0.10245884954929352 -0.19080744683742523 -0.01753292791545391
-0.1851498782634735 -0.17193807661533356 0.07498333603143692
-0.3245762884616852 0.13966265320777893 -0.23306767642498016
-0.01653657667338848 -0.027682727202773094 -0.1973372846841812
-0.3081713616847992 0.17608627676963806 -0.1994362473487854
-0.1753169298171997 -0.23916871845722198 -0.12645690143108368
-0.16926966607570648 -0.01757940836250782 -0.10585524141788483
-0.13504663109779358 -0.10286487638950348 -0.009189825505018234
0.016574367880821228 -0.28052353858947754 -0.2976348400115967
0.12246016412973404 -0.22013746201992035 0.0527275949716568
-0.08711300790309906 -0.3548092544078827 -0.11710000038146973
-0.17051705718040466 0.03830667957663536 -0.10535460710525513
-0.1731858253479004 -0.4797886908054352 -0.4828236401081085
0.253013014793396 -0.013903601095080376 0.11349095404148102
-0.22664298117160797 -0.4058074355125427 0.3068888187408447
-0.12258055061101913 -0.2035815268754959 -0.15786875784397125
-0.258375346660614 -0.09155286848545074 0.024129139259457588
-0.20027343928813934 -0.21880413591861725 0.030542543157935143
-0.3311869204044342 -0.13241776823997498 0.39324766397476196
-0.0045744976960122585 -0.16914334893226624 0.0710628405213356
-0.24855104088783264 -0.5496869683265686 -0.28547266125679016
-0.13358137011528015 -0.09917671978473663 -0.14895562827587128
0.1610073298215866 -0.10847458988428116 -0.07574717700481415
-0.21959799528121948 -0.3789963722229004 0.07070790976285934
0.14814403653144836 -0.10868678241968155 -0.24599827826023102
-0.057842351496219635 -0.4896524250507355 -0.14421796798706055
-0.30348241329193115 -2.7267728000879288e-05 -0.13596111536026
0.05352912098169327 -0.47363394498825073 -0.02123682200908661
-0.3347979485988617 -0.09761852025985718 -0.07655486464500427
-0.17857810854911804 -0.19864356517791748 0.028906837105751038
-0.09709491580724716 -0.09988030791282654 0.020836902782320976
-0.13695210218429565 -0.25805577635765076 -0.15952670574188232
-0.39105281233787537 -0.2878153622150421 0.021331386640667915
-0.18228471279144287 0.09206206351518631 -0.12151908874511719
0.12246781587600708 -0.1556737869977951 -0.21405670046806335
-0.15364238619804382 -0.2677140533924103 -0.01824566163122654
-0.3815099000930786 -0.3391530215740204 -0.011308757588267326
-0.3473970592021942 -0.13459673523902893 0.10838674753904343
-0.33543989062309265 0.28895923495292664 -0.30982840061187744
-0.6702051162719727 0.2719115912914276 -0.07604655623435974
-0.12678419053554535 -0.16396059095859528 -0.029118448495864868
-0.2624630928039551 -0.09837745130062103 0.14767594635486603
-0.15245766937732697 -0.24306535720825195 0.05157839506864548
-0.20638449490070343 0.03794083371758461 0.11166569590568542
-0.11798086762428284 0.08509452641010284 0.1660936176776886
-0.1408310830593109 -0.2247370332479477 -0.18576718866825104
-0.2240184098482132 0.20347028970718384 -0.4104839265346527
-0.13423560559749603 -0.35979151725769043 -0.2491835653781891
-0.23104946315288544 -0.3461519777774811 -0.07013439387083054
-0.27026981115341187 -0.2238379269838333 0.08600106835365295
-0.24683986604213715 -0.6196547746658325 -0.38482558727264404
-0.054973214864730835 0.13505564630031586 -0.3816344738006592
-0.21778948605060577 0.06686252355575562 0.024205652996897697
-0.23207104206085205 -0.15227700769901276 -0.06472957879304886
-0.3646848499774933 -0.33323970437049866 0.038097891956567764
-0.425418883562088 -0.1664588898420334 0.10537967085838318
-0.13730265200138092 -0.22330373525619507 -0.37941908836364746
-0.39893966913223267 -0.14476227760314941 -0.08570007234811783
-0.3350829482078552 -0.0405549593269825 -0.05772663652896881
-0.41346168518066406 0.1320943683385849 -0.027577321976423264
-0.2611886262893677 -0.2459520846605301 -0.28510135412216187
-0.0947064757347107 -0.3723989725112915 0.11217380315065384
-0.08564051240682602 -0.3508538007736206 -0.10131619870662689
-0.25949153304100037 -0.23322603106498718 0.0209527425467968
-0.1780966967344284 -0.13157975673675537 -0.03721640259027481
-0.19644401967525482 -0.057743798941373825 0.07105571776628494
-0.11317259818315506 -0.21620173752307892 0.06128164008259773
-0.11822742223739624 -0.2226589471101761 0.12203376740217209
-0.32156503200531006 -0.2542286217212677 0.09185731410980225
0.19000934064388275 0.10068804770708084 -0.20507776737213135
-0.17943644523620605 -0.1980501115322113 -0.18446163833141327
-0.3013601303100586 -0.4410446584224701 -0.21321526169776917
-0.1637313961982727 -0.2576908469200134 0.04154637083411217
-0.4462050199508667 0.2407366931438446 -0.3614359200000763
-0.4151607155799866 0.19330134987831116 -0.17155668139457703
-0.2430213987827301 0.01084473729133606 -0.12544986605644226
-0.07473330944776535 -0.16200397908687592 -0.10372770577669144
-0.05514157935976982 -0.28724586963653564 -0.1198277696967125
-0.3418952524662018 -0.012844521552324295 0.5031082034111023
-0.3718911409378052 0.06050468236207962 -0.21405495703220367
-0.2438390552997589 -0.3124869167804718 -0.026705309748649597
-0.2822168171405792 -0.1846671998500824 0.21237508952617645
-0.19713519513607025 -0.37303927540779114 0.010984070599079132
-0.24708211421966553 -0.2535157799720764 0.00959809310734272
-0.24721458554267883 0.2317655235528946 -0.11021067947149277
-0.18052037060260773 -0.2129926085472107 -0.03384006768465042
-0.21371261775493622 -0.3653183877468109 0.05951478332281113
-0.47861137986183167 -0.2236832082271576 0.022507375106215477
0.3821578323841095 0.05777592584490776 0.016853826120495796
-0.07788451015949249 -0.27923932671546936 -0.1613810956478119
-0.06780004501342773 -0.0519486628472805 0.21378740668296814
-0.16135214269161224 -0.14065422117710114 -0.08974874019622803
-0.283224880695343 -0.03455221652984619 0.03549594804644585
-0.054375823587179184 -0.09279534220695496 -0.29094767570495605
-0.23305286467075348 -0.31577616930007935 -0.13349443674087524
-0.15557357668876648 -0.014070350676774979 -0.10698621720075607
-0.19800691306591034 -0.3551269471645355 -0.30391281843185425
-0.3729405403137207 -0.2526625692844391 0.17129473388195038
0.027473704889416695 -0.3600974380970001 -0.03460082784295082
-0.12265491485595703 -0.4524872899055481 -0.6384024024009705
-0.09303106367588043 -0.4305635690689087 0.07125288248062134
-0.13046680390834808 -0.20408715307712555 -0.08854331076145172
-0.30814602971076965 0.00144031026866287 -0.27740243077278137
-0.2528948485851288 0.12094956636428833 -0.08623488992452621
0.0413668118417263 0.02718498930335045 0.012167049571871758
-0.3395833373069763 -0.13468854129314423 0.27663475275039673
-0.10644093155860901 -0.252021461725235 -0.1848115175962448
-0.2357037365436554 -0.2088724672794342 0.12706446647644043
-0.4413694441318512 -0.05313418433070183 0.0633675828576088
0.12013863027095795 -0.012586502358317375 -0.11298048496246338
-0.26752522587776184 -0.174080491065979 -0.13622425496578217
-0.04065278545022011 -0.15883563458919525 -0.067294642329216
-0.19843533635139465 -0.43698978424072266 0.23187041282653809
-0.21773268282413483 -0.3109065592288971 0.11446624994277954
-0.0684761330485344 0.0884939432144165 -0.2659802734851837
-0.035376086831092834 -0.33145830035209656 0.04798771068453789
-0.26401111483573914 -0.001662042224779725 -0.050452616065740585
-0.15825635194778442 -0.45507755875587463 -0.794366717338562
-0.3193757236003876 -0.17898054420948029 0.07427879422903061
-0.17310327291488647 0.0039621274918317795 -0.19548359513282776
-0.35977086424827576 -0.03361435979604721 -0.04047732427716255
-0.15940384566783905 -0.17518073320388794 0.15122748911380768
-0.11757949739694595 -0.377916157245636 -0.07184185087680817
-0.277088463306427 -0.19291925430297852 -0.2782673239707947
-0.14046220481395721 -0.3849563002586365 0.05532710254192352
-0.20007182657718658 -0.27913030982017517 -0.06235295161604881
-0.22127696871757507 -0.24360936880111694 -0.10176001489162445
-0.21313433349132538 0.07363580912351608 -0.05608374625444412
-0.3713902533054352 0.18281705677509308 -0.21497707068920135
-0.10909084975719452 -0.07587654143571854 0.06263941526412964
-0.2765982449054718 -0.00464350450783968 -0.0036997604183852673
-0.16636687517166138 -0.20825617015361786 -0.2836948335170746
-0.25391051173210144 -0.23629280924797058 0.15303972363471985
-0.11426736414432526 -0.03944448009133339 -0.1340447962284088
-0.4478577673435211 -0.34626513719558716 0.0426197350025177
-0.24463322758674622 -0.3194482922554016 -0.029865512624382973
-0.2645311653614044 0.16499824821949005 -0.29267632961273193
-0.26285767555236816 0.0356668084859848 -0.07289730757474899
0.041794631630182266 0.16029080748558044 -0.13186781108379364
-0.38489964604377747 -0.18926630914211273 -0.02430790662765503
-0.20198293030261993 -0.15865612030029297 -0.062483225017786026
0.01765766181051731 -0.004128888715058565 -0.4882677495479584
-0.024244068190455437 -0.31151387095451355 -0.11441884934902191
-0.19526416063308716 -0.09713480621576309 -0.18544799089431763
-0.47645261883735657 -0.052809394896030426 -0.09003209322690964
-0.3969188630580902 -0.11691248416900635 0.21063722670078278
0.18734847009181976 -0.25209569931030273 -0.14584113657474518
-0.23956695199012756 -0.24299733340740204 -0.014490853995084763
-0.32712602615356445 -0.1722474992275238 0.05409828945994377
-0.0064744832925498486 0.35642147064208984 0.35188549757003784
-0.0987539142370224 -0.01969183050096035 0.2131321281194687
-0.3159567713737488 0.08315601199865341 -0.23311340808868408
-0.2834557890892029 -0.17980985343456268 0.1644136756658554
-0.19985947012901306 -0.16560645401477814 -0.13196545839309692
0.12762616574764252 -0.42121365666389465 -0.3505048155784607
0.1444181352853775 -0.17853933572769165 0.10397744923830032
-0.15152375400066376 -0.14833642542362213 -0.06560944020748138
-0.009016010910272598 -0.362323135137558 0.04770021513104439
-0.24925488233566284 -0.1995692104101181 0.09957381337881088
-0.21718908846378326 -0.17341402173042297 -0.02320851758122444
-0.21955005824565887 -0.17025522887706757 0.12258942425251007
-0.040491651743650436 0.1655004918575287 -0.05918571352958679
-0.351251482963562 -0.08076153695583344 0.0036470331251621246
-0.05059317499399185 -0.008555945008993149 -0.38234466314315796
-0.1195061132311821 -0.2557983100414276 -0.0756792202591896
-0.2510506808757782 -0.36165761947631836 -0.06200374290347099
0.10267216712236404 -0.23606188595294952 0.026485323905944824
-0.22340963780879974 -0.2827077805995941 0.0069065396673977375
-0.22637608647346497 -0.22028294205665588 0.02011822909116745
-0.33201390504837036 -0.30201247334480286 0.039903126657009125
-0.21090562641620636 -0.21110166609287262 0.08697856962680817
0.03682151436805725 -0.2168230265378952 -0.0682460218667984
-0.33351394534111023 -0.16017155349254608 0.04826268181204796
-0.05315393954515457 -0.1606205552816391 -0.028418948873877525
-0.24910354614257812 0.022481927648186684 -0.15609532594680786
-0.13596868515014648 -0.1842307299375534 0.0044142110273242
-0.20794785022735596 -0.10157623887062073 -0.11880887299776077
-0.27318304777145386 -0.06712086498737335 -0.4319079518318176
-0.21477565169334412 -0.27377849817276 -0.060186631977558136
-0.2908402681350708 0.0861472636461258 -0.04030627757310867
-0.2687486708164215 -0.12107186019420624 -0.19992144405841827
-0.23272651433944702 -0.20566755533218384 -0.1182720959186554
0.05358818918466568 -0.34182778000831604 -0.1871589720249176
-0.2670051157474518 -0.19925272464752197 0.20669099688529968
-0.0627703070640564 -0.1357370913028717 -0.06447436660528183
-0.3216682970523834 -0.26761096715927124 -0.025463556870818138
-0.35049229860305786 -0.1637679934501648 -0.018308615311980247
-0.2720804512500763 -0.13980549573898315 -0.23096545040607452
-0.044869501143693924 -0.21570560336112976 -0.42515990138053894
-0.18836641311645508 -0.3637065887451172 -0.1431378573179245
-0.3715287446975708 -0.25860723853111267 -0.07613952457904816
-0.1728643923997879 -0.19329506158828735 0.07385211437940598
-0.38268497586250305 -0.20170094072818756 0.07498873770236969
-0.13677150011062622 -0.13872532546520233 -0.04821983352303505
-0.19166937470436096 -0.36502352356910706 0.1015150398015976
-0.3403613865375519 0.046330392360687256 -0.24999889731407166
-0.21465978026390076 -0.26073479652404785 -0.12055563181638718
-0.29972153902053833 -0.3388509452342987 0.025585569441318512
-0.20153100788593292 -0.33961021900177 -0.1430414915084839
-0.3328767418861389 0.08997271209955215 -0.3816177248954773
0.015774279832839966 -0.2130773812532425 -0.09395743906497955
-0.2843645513057709 0.008886290714144707 0.04862605407834053
-0.31259483098983765 -0.13140906393527985 0.11526849120855331
-0.31685715913772583 -0.18511717021465302 0.04648313298821449
-0.12068741023540497 -0.2335248738527298 -0.16327416896820068
-0.24167291820049286 -0.2629905939102173 -0.03533773496747017
-0.5885455012321472 0.2095612734556198 -0.3366278409957886
0.10260000824928284 -0.2071290761232376 -0.21384768187999725
-0.31623339653015137 -0.10974898189306259 -0.1999637335538864
-0.2961830496788025 -0.05988892540335655 -0.619661271572113
0.2596616744995117 0.0346241295337677 -0.08107289671897888
-0.13983313739299774 -0.1707056611776352 -0.10437434911727905
-0.41335171461105347 -0.24454553425312042 -0.0636892095208168
-0.24781864881515503 -0.14477717876434326 0.031174806877970695
-0.11013126373291016 -0.16265544295310974 -0.19312144815921783
-0.24073658883571625 -0.31795522570610046 0.10776840895414352
-0.2157098650932312 -0.210231751203537 -0.04094070568680763
0.16237162053585052 -0.29243889451026917 0.11234495043754578
-0.06891943514347076 -0.15686385333538055 -0.09968461841344833
-0.29255321621894836 0.03461655601859093 -0.091199591755867
0.0753561332821846 -0.42933139204978943 0.0722958967089653
-0.09860670566558838 -0.22492042183876038 -0.0699179619550705
0.026933578774333 -0.21431595087051392 -0.1653933972120285
-0.14043359458446503 -0.3788836896419525 -0.4109433591365814
-0.05351328104734421 -0.25651654601097107 -0.112728051841259
-0.3802577257156372 -0.15715532004833221 -0.14621798694133759
-0.31432703137397766 -0.4501194357872009 -0.23010365664958954
0.03471028059720993 -0.3170614242553711 -0.10082130134105682
-0.3258815407752991 -0.21734929084777832 0.06126737594604492
-0.20996913313865662 -0.49032455682754517 0.2599745988845825
-0.19597184658050537 -0.12115854769945145 -0.005224983207881451
-0.35590583086013794 -0.27014777064323425 0.2141438126564026
0.07779598236083984 -0.3178410530090332 -0.08005742728710175
-0.25665217638015747 -0.1403602510690689 -0.07815458625555038
-0.08790615946054459 -0.16159874200820923 -0.10224685072898865
-0.05655945464968681 -0.18278919160366058 0.03812588378787041
-0.2876206636428833 -0.26120755076408386 -0.026908371597528458
-0.22828169167041779 -0.2909069359302521 0.06588185578584671
-0.18411028385162354 -0.39106157422065735 -0.505875825881958
-0.13770276308059692 -0.32025858759880066 0.08374203741550446
-0.08831251412630081 -0.20275165140628815 0.07892821729183197
-0.4665378928184509 -0.19044913351535797 -0.4618418216705322
-0.004347866401076317 -0.12059526145458221 0.16608361899852753
-0.3458934426307678 -0.05383000522851944 -0.07587815076112747
-0.1434573084115982 -0.06250753998756409 -0.22668784856796265
-0.2479056417942047 -0.22771631181240082 -0.1316651999950409
-0.2671411633491516 0.11780894547700882 -0.19946394860744476
-0.3220880925655365 -0.23889578878879547 -0.002414409536868334
0.17820215225219727 -0.09813927859067917 -0.08571301400661469
-0.07872124761343002 0.15038804709911346 -0.26596978306770325
-0.1610499769449234 -0.19377769529819489 0.015257464721798897
-0.40047717094421387 -0.18196748197078705 0.15120987594127655
-0.011470381170511246 -0.24335122108459473 -0.02393435686826706
-0.23973992466926575 -0.1470380425453186 -0.04323466122150421
-0.4200059473514557 0.19394458830356598 -0.09562079608440399
-0.09288548678159714 0.1405976563692093 0.08666834980249405
-0.3426693379878998 -0.16449317336082458 -0.0020420344080775976
-0.1366100013256073 -0.24681739509105682 0.1727587878704071
-0.21869464218616486 -0.2555221915245056 0.060825154185295105
-0.09590056538581848 -0.23838616907596588 0.03225184231996536
-0.13604651391506195 -0.14391562342643738 0.014602169394493103
-0.20801681280136108 -0.25265103578567505 -0.22449378669261932
-0.09053013473749161 -0.1675628125667572 0.20107047259807587
-0.16615073382854462 -0.3555140495300293 0.04498468339443207
-0.4055618643760681 -0.11261764913797379 -0.3587266802787781
-0.41402214765548706 0.06081763654947281 -0.2921285927295685
-0.20089809596538544 -0.16498036682605743 0.09214933961629868
-0.24723993241786957 -0.1921662986278534 0.11918438225984573
-0.5442944765090942 -0.07866501063108444 0.06756112724542618
-0.1320982128381729 -0.029458723962306976 -0.14748087525367737
-0.30969715118408203 0.034168682992458344 -0.016024665907025337
-0.10658518224954605 -0.14253395795822144 0.07400818914175034
-0.2316526472568512 -0.1311904489994049 0.0076784854754805565
-0.3020346164703369 -0.10896129906177521 0.06845511496067047
-0.25556299090385437 0.04114263504743576 0.15916794538497925
-0.24535667896270752 -0.29117336869239807 -0.0135505311191082
-0.24122388660907745 -0.21488577127456665 0.12350674718618393
-0.19402793049812317 -0.23326098918914795 -0.025159133598208427
-0.06088092923164368 0.10265699028968811 -0.18794873356819153
-0.005369764287024736 -0.24326235055923462 0.08883082866668701
-0.25742292404174805 -0.2568413019180298 -0.08465886861085892
-0.3119196891784668 0.07828580588102341 0.393298864364624
-0.11952514201402664 -0.05973052605986595 -0.08437816798686981
-0.22383303940296173 -0.14415587484836578 -0.04125675931572914
-0.38593560457229614 -0.2693733274936676 0.005740240216255188
-0.3255971670150757 -0.25242698192596436 -0.29476651549339294
-0.32177025079727173 -0.2277013510465622 -0.0668591782450676
-0.2428950071334839 -0.2136904001235962 -0.23391945660114288
-0.3249938189983368 -0.23358772695064545 -0.04420918971300125
-0.24743019044399261 -0.31328853964805603 -0.216594859957695
-0.11717630177736282 -0.3831183910369873 0.12975019216537476
-0.08625976741313934 -0.30153170228004456 -0.42486223578453064
-0.1701579988002777 0.17783550918102264 0.009370109997689724
-0.015019899234175682 -0.28414249420166016 -0.11394721269607544
0.4493693709373474 -0.15138354897499084 0.41995474696159363
-0.02220056764781475 -0.21689660847187042 -0.28337162733078003
-0.41477906703948975 -0.44497206807136536 0.08164793998003006
-0.25696122646331787 0.13694730401039124 -0.08327925950288773
-0.3034968972206116 0.04003648832440376 -0.1958611011505127
-0.4088144600391388 -0.11553185433149338 0.38212406635284424
-0.33756503462791443 0.08105619251728058 -0.01679072342813015
-0.2418941855430603 0.04213394224643707 -0.19437330961227417
0.11820431053638458 -0.049783725291490555 0.0461694598197937
-0.2856720983982086 -0.20038935542106628 0.11599409580230713
-0.3107559382915497 -0.27906402945518494 0.0768284797668457
0.010114943608641624 -0.35821545124053955 0.0032571465708315372
0.0025662933476269245 0.020564770326018333 0.165897399187088
-0.07141903787851334 -0.31292274594306946 -0.09719470888376236
-0.24564418196678162 -0.014313960447907448 0.034127965569496155
-0.19376756250858307 -0.4586539566516876 -0.163178488612175
-0.10720472037792206 -0.1582496613264084 0.18419061601161957
-0.2865070700645447 -0.3369074761867523 -0.011114701628684998
-0.3844006359577179 -0.3868408203125 -0.02670728974044323
-0.20666758716106415 -0.4612319767475128 -0.2866394519805908
-0.5624099969863892 0.13725072145462036 -0.29379189014434814
-0.3345770537853241 0.20557785034179688 -0.243595153093338
-0.34405824542045593 0.10704562067985535 -0.0637696385383606
-0.24132418632507324 -0.1273939311504364 0.11404457688331604
-0.20721712708473206 -0.25715282559394836 -0.07531318068504333
-0.32845407724380493 0.023361561819911003 -0.002238204702734947
0.0999419093132019 -0.15842467546463013 -0.2870829999446869
-0.15457727015018463 0.16067270934581757 -0.47127318382263184
-0.01389245130121708 -0.027571802958846092 -0.5839137434959412
0.6293933987617493 -0.41947415471076965 -0.06885974854230881
-0.09643016755580902 -0.19744336605072021 -0.022433310747146606
-0.17019277811050415 -0.17691753804683685 0.020174792036414146
-0.23467674851417542 -0.3676344156265259 0.16611173748970032
-0.1846497803926468 0.10539226233959198 -0.21908554434776306
-0.33678460121154785 -0.41836532950401306 0.07554573565721512
-0.3147275149822235 -0.30182674527168274 -0.1259836107492447
-0.15272727608680725 -0.39041993021965027 -0.27917855978012085
0.025181075558066368 -0.2454008162021637 -0.008945360779762268
-0.39188021421432495 -0.14827404916286469 0.16886605322360992
-0.0829542949795723 -0.3166247010231018 0.0652288943529129
-0.32757821679115295 -0.3300754129886627 -0.19374242424964905
-0.05265438184142113 -0.30294325947761536 -0.16772016882896423
-0.22476215660572052 -0.19243748486042023 0.03523808717727661
-0.18204784393310547 0.014431092888116837 0.14135859906673431
-0.0898231789469719 -0.1752089411020279 0.09959175437688828
-0.20545285940170288 -0.3258551061153412 -0.1940368413925171
-0.3100414276123047 -0.2686179578304291 -0.16812093555927277
-0.0012566524092108011 -0.25107690691947937 -0.039631206542253494
-0.1399841457605362 0.13263049721717834 -0.190534770488739
-0.2965531051158905 0.10635320842266083 -0.16866695880889893
0.04555181786417961 -0.1206226572394371 0.5310022234916687
0.06350719183683395 -0.2928962707519531 0.12654641270637512
0.09523824602365494 -0.3014390468597412 -0.08500130474567413
-0.19147621095180511 -0.029642049223184586 -0.023824257776141167
-0.399130254983902 -0.2276000678539276 -0.19374045729637146
-0.16032934188842773 -0.23333190381526947 -0.06005549803376198
-0.2089812457561493 -0.11631011962890625 0.11464037746191025
0.01573653146624565 0.04608139023184776 0.3016261160373688
-0.34317725896835327 0.12826082110404968 -0.099517822265625
-0.29393211007118225 -0.012228157371282578 -0.04301771894097328
-0.17335832118988037 -0.12777206301689148 -0.13371162116527557
0.03123055025935173 -0.4672342836856842 -0.10017276555299759
-0.08534152060747147 -0.19583995640277863 -0.07604159414768219
-0.11451446264982224 -0.25161874294281006 0.04945066571235657
-0.5824585556983948 -0.022517427802085876 -0.062463510781526566
-0.2444564402103424 -0.12235581129789352 0.03856099769473076
-0.2890821099281311 -0.2635738253593445 -0.013739805668592453
-0.4547540247440338 -0.12897858023643494 -0.7011472582817078
-0.008658356964588165 -0.4487358033657074 -0.15249519050121307
-0.07388758659362793 0.040246833115816116 0.24951955676078796
-0.23685255646705627 0.04838383570313454 0.18386539816856384
-0.15549449622631073 -0.09571603685617447 0.10760710388422012
-0.33831629157066345 0.0017091361805796623 0.04979153349995613
-0.3095865845680237 -0.16597296297550201 0.1052701398730278
-0.01834889128804207 -0.14773651957511902 0.10854440927505493
-0.2633814215660095 -0.02996324561536312 -0.22039827704429626
-0.294491171836853 -0.28470751643180847 -0.059449318796396255
0.2878396809101105 -0.3570156991481781 -0.23252804577350616
-0.22903119027614594 -0.25228747725486755 0.05751659721136093
-0.2856467068195343 -0.19824935495853424 -0.18826435506343842
-0.1608576774597168 -0.16775020956993103 -0.13592475652694702
-0.039023689925670624 -0.3190174698829651 0.10827794671058655
-0.21607430279254913 -0.22062337398529053 0.24620024859905243
-0.3437170088291168 -0.44688472151756287 -0.020556392148137093
-0.1277765929698944 -0.2796580493450165 0.08470917493104935
-0.0766090527176857 -0.1450968235731125 -0.13587191700935364
-0.25615325570106506 0.05018884316086769 -0.2209940105676651
0.03057822771370411 -0.24046967923641205 -0.2613844871520996
-0.1633569598197937 -0.1661543995141983 -0.12693658471107483
-0.035964783281087875 -0.22656694054603577 0.13840505480766296
-0.2965439558029175 -0.2563086152076721 0.266852468252182
-0.3084088861942291 -0.11141806095838547 0.10302507132291794
-0.008206522092223167 0.010088751092553139 -0.11759058386087418
-0.1988341063261032 -0.38322991132736206 -0.07321847975254059
-0.3030906915664673 -0.18830585479736328 -0.11160203069448471
0.1087668389081955 0.14381538331508636 -0.09654117375612259
-0.3669812083244324 0.15720973908901215 -0.17890065908432007
-0.2995503544807434 -0.02700241096317768 -0.04371299222111702
-0.11271078884601593 -0.07163689285516739 -0.1675150990486145
0.07224307954311371 -0.2666909992694855 -0.18642419576644897
-0.36644411087036133 -0.14258718490600586 -0.7270992994308472
-0.07023120671510696 -0.12205087393522263 -0.03272188827395439
-0.07614614814519882 -0.4685322940349579 0.06476947665214539
-0.1958719938993454 -0.17895659804344177 0.09216921031475067
-0.36067837476730347 -0.09898726642131805 -0.2262408286333084
0.023725368082523346 -0.3524678349494934 -0.17527931928634644
-0.4592990577220917 0.16958828270435333 -0.09894312918186188
-0.5370180606842041 0.0008875086205080152 0.02112041972577572
-0.14060615003108978 -0.31663352251052856 -0.02341431938111782
-0.2830089330673218 0.06095214560627937 0.5986117124557495
-0.2370666265487671 -0.2097981870174408 -0.0355716310441494
-0.08776328712701797 -0.470761239528656 -0.3232525885105133
-0.21522268652915955 -0.05603189766407013 -0.17326489090919495
-0.17336687445640564 0.0019857422448694706 -0.06868064403533936
-0.21854057908058167 -0.45269572734832764 -0.019628046080470085
-0.30261796712875366 0.17670764029026031 -0.08739346265792847
-0.2068600058555603 -0.3118477463722229 0.003180066356435418
-0.11107385903596878 -0.02836775965988636 -0.016523495316505432
-0.4623398780822754 -0.06064069643616676 0.025269189849495888
-0.2921483814716339 -0.26351985335350037 -0.14214883744716644
-0.5307759046554565 0.3885273337364197 -0.3714316785335541
-0.06906604766845703 -0.23684649169445038 -0.03288192301988602
0.042720161378383636 0.08748513460159302 0.057829372584819794
-0.29190415143966675 -0.23762035369873047 0.1505802720785141
-0.27762895822525024 0.07419706135988235 -0.03932441398501396
-0.16661953926086426 -0.1742861270904541 0.06785406172275543
-0.1393851637840271 0.16986170411109924 -0.1433107554912567
-0.22202251851558685 -0.13914969563484192 0.06049945950508118
-0.5919099450111389 0.25158020853996277 0.22012066841125488
-0.3145205080509186 -0.19848403334617615 -0.11512554436922073
-0.3188225030899048 -0.42262178659439087 -0.13161222636699677
-0.24478779733181 -0.2732562720775604 -0.11619842797517776
-0.26095977425575256 -0.22510257363319397 0.03511139377951622
-0.31061244010925293 -0.27207693457603455 0.03854323551058769
-0.3610844612121582 -0.3960312604904175 -0.6654310822486877
-0.16857647895812988 -0.09007935225963593 -0.03167853131890297
-0.19238439202308655 -0.21953082084655762 0.17696887254714966
-0.2547101378440857 -0.22150567173957825 0.11302664130926132
-0.12752920389175415 -0.2602960765361786 -0.35899513959884644
-0.105936199426651 0.2471039593219757 0.09640178084373474
-0.3645496368408203 -0.28036201000213623 -0.06416760385036469
0.09970993548631668 -0.23557516932487488 -0.35053858160972595
-0.25205740332603455 -0.30622756481170654 -0.3654685616493225
0.049624036997556686 -0.22585642337799072 0.29307639598846436
0.16748963296413422 -0.11634018272161484 -0.3015848696231842
-0.3240031599998474 -0.18376536667346954 -0.1589983105659485
0.3008360266685486 -0.366720974445343 -0.1953722983598709
-0.21324098110198975 0.12758320569992065 -0.09797954559326172
-0.12563368678092957 -0.22744236886501312 0.04463309049606323
-0.37316736578941345 -0.2988075613975525 0.09736762195825577
-0.3901255428791046 0.18583175539970398 -0.1915714144706726
-0.06695263087749481 0.14018969237804413 -0.12917733192443848
-0.1732180118560791 -0.16444119811058044 0.1945907175540924
-0.3235604763031006 -0.026394527405500412 -0.13332116603851318
-0.24019578099250793 -0.07883699238300323 0.07403232157230377
-0.2224258929491043 -0.28285670280456543 0.02871076390147209
-0.22996710240840912 -0.1688883900642395 -0.01907062903046608
-0.2102578729391098 -0.32948896288871765 0.04016530513763428
-0.20646388828754425 -0.21803784370422363 -0.22982175648212433
0.2224571406841278 -0.3721525967121124 -0.29512590169906616
-0.2061031311750412 -0.19088424742221832 0.020579729229211807
-0.47118625044822693 -0.12566518783569336 0.008747860789299011
-0.1584320366382599 -0.14502401649951935 0.08450214564800262
-0.14775632321834564 -0.04463425651192665 -0.08788453787565231
-0.3027687966823578 -0.33319833874702454 0.023567436262965202
-0.1579487919807434 -0.030996976420283318 -0.5295829176902771
-0.40723493695259094 0.2927432656288147 0.7406497001647949
-0.21315167844295502 -0.5695592164993286 -0.22081774473190308
-0.06985311210155487 -0.2229471057653427 0.011538505554199219
0.21592898666858673 -0.11627118289470673 -0.10779131948947906
-0.18305861949920654 -0.22862373292446136 -0.0005087098106741905
0.3664211332798004 -0.23381903767585754 -0.03823821619153023
-0.37085679173469543 0.10516668856143951 -0.2545653283596039
-0.13518592715263367 -0.18609866499900818 -0.035504963248968124
-0.09684211760759354 -0.018988508731126785 0.2600569725036621
-0.2838233709335327 -0.1029215082526207 0.2107429951429367
-0.0974036380648613 -0.23224356770515442 -0.03845101594924927
-0.139661505818367 -0.12308192998170853 0.1440146267414093
-0.021314524114131927 -0.07723614573478699 -0.03937001898884773
-0.3930320739746094 0.009128451347351074 -0.21939648687839508
-0.320083886384964 -0.009713679552078247 0.17869530618190765
-0.30782362818717957 -0.18061016499996185 0.056499239057302475
-0.18487867712974548 0.27522870898246765 -0.09525872021913528
-0.23994560539722443 -0.20738419890403748 -0.321256548166275
-0.32445529103279114 0.09848842769861221 -0.14941854774951935
-0.2456720620393753 -0.055482979863882065 0.14564993977546692
0.19628146290779114 0.04958198964595795 -0.2813561260700226
-0.3493803143501282 0.32733097672462463 -0.32017964124679565
-0.12511292099952698 -0.2018451690673828 0.06313220411539078
-0.25798848271369934 -0.35716837644577026 -0.23054802417755127
-0.1621132791042328 -0.3152506351470947 -0.002494535408914089
-0.22580264508724213 -0.1934497356414795 0.10617222636938095
-0.2028290182352066 0.005238475278019905 -0.34956100583076477
-0.4227307140827179 -0.2618426978588104 -0.4484252333641052
-0.25279778242111206 -0.2897380590438843 -0.03726266697049141
-0.22663035988807678 0.006045062094926834 -0.290922611951828
-0.43827536702156067 0.062406495213508606 0.05631648749113083
-0.2864949107170105 -0.25996363162994385 0.1018138974905014
-0.21653205156326294 -0.08056087791919708 0.0768679678440094
-0.2397603541612625 -0.27226290106773376 0.08041597157716751
-0.22142603993415833 -0.2950027287006378 -0.34664005041122437
-0.2146696150302887 -0.10816530883312225 -0.1663123518228531
-0.17724981904029846 -0.027526576071977615 0.10826043039560318
-0.5281594395637512 -0.2939969003200531 -0.5284649729728699
-0.3877927362918854 -0.4235980212688446 -0.16146086156368256
-0.39057424664497375 0.18995752930641174 -0.21005921065807343
-0.1924598067998886 -0.10393811762332916 -0.27958187460899353
-0.359291672706604 -0.2062530815601349 0.06026340648531914
-0.3040004074573517 -0.18602220714092255 -0.07267600297927856
-0.31503772735595703 -0.07636731117963791 0.2686150074005127
-0.07140140980482101 -0.21738708019256592 0.08814119547605515
-0.6342683434486389 -0.21319712698459625 0.35004299879074097
-0.3148324489593506 -0.4217182993888855 -0.012362169101834297
-0.18362832069396973 -0.3190551996231079 -0.04626168683171272
-0.16065578162670135 -0.23059214651584625 0.1791495978832245
-0.223447784781456 -0.04964151978492737 0.12624843418598175
-0.36191630363464355 -0.5179980397224426 0.03219200298190117
-0.07185090333223343 -0.2526629567146301 -0.28112271428108215
0.009751874953508377 -0.05291331186890602 -0.025283513590693474
-0.18051129579544067 -0.4746409058570862 -0.18576645851135254
-0.32359617948532104 -0.11697250604629517 0.34158042073249817
-0.30216073989868164 -0.011892266571521759 -0.0747092142701149
-0.14651523530483246 0.06739784777164459 0.08643154799938202
-0.48589685559272766 -0.18742604553699493 0.052672069519758224
-0.29181861877441406 0.33822405338287354 -0.08499971032142639
-0.046891432255506516 -0.17298707365989685 -0.2935415804386139
-0.31749799847602844 -0.391569048166275 0.031120065599679947
-0.21607090532779694 -0.3223709464073181 -0.20253126323223114
-0.20848038792610168 -0.30383729934692383 0.17517143487930298
-0.2240210771560669 -0.03544403985142708 -0.043651629239320755
-0.27317649126052856 -0.3198780417442322 0.004689762368798256
-0.24562117457389832 -0.26459935307502747 0.07061246782541275
0.010143602266907692 -0.29797348380088806 -0.4025869071483612
-0.2622881531715393 -0.24397282302379608 0.014569820836186409
-0.3204084634780884 -0.32736819982528687 -0.03238062560558319
-0.2638048827648163 -0.2531103789806366 -0.1930624544620514
-0.2615266442298889 -0.2565464675426483 -0.09338223934173584
-0.3165628910064697 -0.2051016092300415 0.130213662981987
-0.20594388246536255 -0.18684382736682892 0.041011061519384384
-0.09213003516197205 -0.17544451355934143 -0.06936053186655045
-0.27889952063560486 0.10371463745832443 -0.3139544129371643
0.07190527021884918 -0.46068960428237915 -0.06498551368713379
-0.17122426629066467 0.10952488332986832 -0.2501109838485718
0.2044992595911026 -0.2298962026834488 -0.46950969099998474
-0.22819215059280396 -0.1775016188621521 -0.21314774453639984
-0.2591674029827118 0.06249384582042694 -0.19334754347801208
-0.21907520294189453 -0.3717499375343323 -0.2828448414802551
-0.11184122413396835 0.004696070682257414 -0.14253440499305725
-0.041930824518203735 -0.1752864271402359 -0.13932695984840393
-0.10486792773008347 -0.18568076193332672 -0.3632156252861023
-0.12767811119556427 -0.38090500235557556 0.004812746774405241
-0.002209179103374481 -0.18599434196949005 -0.02279658056795597
-0.23942966759204865 -0.01747210882604122 -0.08102978020906448
-0.3213293254375458 -0.17864753305912018 -0.03921075165271759
-0.04742112010717392 -0.21198584139347076 0.1066722571849823
-0.26212918758392334 -0.09652829170227051 0.07221907377243042
-0.011999500915408134 -0.30739715695381165 -0.17680759727954865
-0.21828286349773407 -0.15810666978359222 -0.35826578736305237
-0.3622523546218872 -0.16478559374809265 0.06126885861158371
-0.16101355850696564 -0.13363607227802277 0.18801048398017883
0.20607979595661163 -0.23402567207813263 -0.3983410596847534
-0.21561366319656372 -0.1489819884300232 0.06805967539548874
-0.27615195512771606 -0.27903831005096436 -0.030888943001627922
-0.3584865629673004 0.10766740143299103 0.013960890471935272
-0.6962647438049316 -0.19409871101379395 0.09708721190690994
-0.07501871138811111 -0.0430825836956501 -0.1288384646177292
-0.14312906563282013 -0.25257593393325806 -0.01844727247953415
-0.2691427171230316 -0.3426053822040558 0.04661362245678902
-0.19330169260501862 -0.24038831889629364 -0.1918979436159134
-0.2850106656551361 0.14553211629390717 -0.05017472803592682
-0.35310688614845276 -0.06766507774591446 -0.04280764237046242
-0.3416665494441986 -0.2687848210334778 -0.06006926670670509
-0.2774454951286316 -0.4280598759651184 0.15967056155204773
-0.170295849442482 -0.25598394870758057 0.007307152263820171
-0.36872729659080505 0.18133863806724548 -0.22228163480758667
-0.24290013313293457 -0.2045813351869583 0.12372305989265442
-0.31924232840538025 -0.3051914870738983 0.05358133837580681
-0.3428661525249481 0.04349559172987938 -7.2106486186385155e-06
-0.1818092316389084 -0.2435503602027893 0.02412118762731552
0.030997101217508316 -0.39601704478263855 -0.24888327717781067
-0.2581636607646942 0.22335176169872284 -0.15667085349559784
-0.1423288881778717 -0.47758832573890686 -0.24505877494812012
-0.2518598139286041 -0.44431841373443604 -0.5003049969673157
-0.05171333998441696 -0.45413678884506226 -0.055424485355615616
-0.3621762990951538 -0.23540963232517242 -0.12443182617425919
-0.21414442360401154 0.09205815196037292 -0.3133878707885742
0.042271148413419724 -0.28433316946029663 0.028662987053394318
-0.146731436252594 -0.15911656618118286 0.0336090549826622
0.02755015715956688 -0.019223572686314583 -0.15713141858577728
-0.05880075693130493 -0.08794581145048141 0.049990687519311905
-0.20893093943595886 -0.286180317401886 0.029276663437485695
-0.2631685435771942 -0.3652340769767761 0.03888487443327904
-0.34296298027038574 -0.23991887271404266 -0.034065455198287964
-0.37832149863243103 0.16208359599113464 -0.11369139701128006
-0.2958594858646393 -0.24425728619098663 0.10325662791728973
-0.25912344455718994 -0.32734015583992004 -0.07828906923532486
-0.047898005694150925 -0.19003348052501678 -0.11400622874498367
-0.3064471185207367 -0.24378369748592377 -0.08309575170278549
-0.20786873996257782 -0.17460988461971283 0.042334165424108505
0.15637733042240143 -0.11914044618606567 -0.07911255955696106
-0.27313199639320374 -0.19940181076526642 0.16214372217655182
-0.13337600231170654 -0.248012974858284 -0.21991312503814697
0.0011594813549891114 -0.2152836173772812 -0.05239935964345932
-0.3960682451725006 -0.32605570554733276 0.08080480992794037
0.058531660586595535 -0.3135697841644287 -0.1708749532699585
-0.346590131521225 -0.24554215371608734 -0.010359954088926315
-0.25265970826148987 -0.2158619463443756 -0.4001346528530121
-0.3232553005218506 -0.17744901776313782 -0.034913524985313416
-0.3935796320438385 0.12670278549194336 -0.4376959204673767
-0.3119007349014282 -0.14314454793930054 0.1719636172056198
-0.5049050450325012 -0.15725177526474 -0.13385091722011566
-0.09895927459001541 -0.26716142892837524 0.01797974482178688
-0.3011300265789032 0.09085505455732346 -0.2934144139289856
-0.18558214604854584 0.012081405147910118 -0.06100093945860863
-0.3068259358406067 0.1141793504357338 0.41161227226257324
-0.24484948813915253 0.0002866442082449794 0.15984241664409637
0.008652961812913418 -0.07468145340681076 0.0312512181699276
-0.21157586574554443 -0.01831704191863537 0.007683558855205774
-0.2958267331123352 -0.27381157875061035 0.08777948468923569
0.09928330779075623 -0.07080171257257462 -0.11279138177633286
-0.2148521989583969 -0.21250875294208527 -0.0609310083091259
-0.17084762454032898 -0.27703216671943665 -0.06974195688962936
-0.17924542725086212 0.13133099675178528 -0.06299232691526413
-0.21310314536094666 0.032151367515325546 0.0020795445889234543
-0.1284039318561554 0.22866719961166382 -0.1551782339811325
-0.1457568258047104 -0.24002525210380554 0.08272670954465866
-0.28153514862060547 -0.3303668797016144 -0.09786922484636307
-0.26284119486808777 -0.2374783307313919 0.06416069716215134
-0.13762889802455902 -0.16883382201194763 0.018117833882570267
-0.2913847267627716 -0.23099081218242645 0.1044783890247345
-0.2277531772851944 -0.35397836565971375 -0.03674238547682762
-0.24023708701133728 -0.07906392961740494 -0.06248874589800835
-0.22654001414775848 -0.05480852350592613 -0.04888473078608513
-0.41507405042648315 -0.14808154106140137 -0.20844820141792297
-0.15453535318374634 -0.22848114371299744 0.11070144176483154
-0.16589969396591187 -0.2442319244146347 0.04238269478082657
-0.24865281581878662 -0.2083616405725479 0.29840826988220215
-0.20023363828659058 -0.3948972523212433 -0.04931497201323509
-0.1319798082113266 -0.11757373064756393 0.10533411055803299
-0.4166320860385895 0.20711863040924072 -0.404960960149765
-0.0751531571149826 -0.18175652623176575 -0.09979061037302017
-0.35552966594696045 -0.13177421689033508 -0.2255413830280304
-0.23230169713497162 -0.22606804966926575 -0.1790831983089447
-0.12332962453365326 -0.17255538702011108 -0.1052379459142685
-0.10035516321659088 -0.35247471928596497 -0.08325143903493881
-0.09441857039928436 0.051343884319067 -0.138849675655365
-0.23487848043441772 -0.3153683543205261 0.04384463280439377
-0.3973318636417389 -0.11271092295646667 -0.029885275289416313
-0.08929966390132904 0.01154748909175396 -0.39770790934562683
0.05450122430920601 -0.42425379157066345 -0.011662347242236137
-0.3091632127761841 -0.19507814943790436 0.09868483990430832
-0.33594876527786255 -0.2747499346733093 0.08136684447526932
-0.20273160934448242 -0.05744045600295067 0.19432057440280914
-0.009387969970703125 -0.3938674330711365 -0.3158365786075592
-0.20963223278522491 -0.11010397970676422 0.05533309653401375
-0.2416432499885559 0.15971341729164124 -0.2025800347328186
-0.4376435875892639 0.13858528435230255 -0.2586382329463959
-0.28729966282844543 -0.3577007055282593 -0.0083167664706707
-0.2682511508464813 -0.21423621475696564 0.02653336524963379
-0.5328216552734375 0.15368284285068512 -0.2746604084968567
-0.06755132973194122 -0.18051815032958984 -0.15989528596401215
-0.01098710112273693 -0.2157173603773117 -0.15822768211364746
-0.2160976082086563 -0.13346558809280396 0.03856056183576584
-0.30611398816108704 -0.2118396759033203 -0.04975443705916405
-0.058230046182870865 -0.5170831084251404 -0.3538741171360016
-0.1896539181470871 -0.09262295812368393 -0.04151574894785881
-0.5066002607345581 0.2784149944782257 -0.12298468500375748
-0.41165870428085327 -0.35167860984802246 0.05992764234542847
0.085569828748703 -0.3340376615524292 -0.0032197823747992516
-0.21052469313144684 -0.1893027126789093 0.0015526096103712916
-0.04223490506410599 -0.14437800645828247 0.075119249522686
-0.12958621978759766 -0.15542778372764587 0.08077912777662277
0.24209171533584595 -0.20132221281528473 0.09064164757728577
-0.2268197238445282 -0.18797019124031067 0.1973600685596466
-0.31658732891082764 0.10559622943401337 -0.3189218044281006
-0.28428998589515686 -0.039904698729515076 -0.03999468684196472
-0.4045166075229645 -0.18803000450134277 -0.3016393780708313
-0.258870393037796 -0.3496209979057312 -0.25146105885505676
-0.439871221780777 -0.1772647202014923 -0.07136523723602295
-0.18203119933605194 -0.3874547779560089 -0.16710180044174194
0.4548209011554718 -0.16506057977676392 -0.03527732938528061
-0.24314641952514648 -0.1349731981754303 -0.19410942494869232
-0.01829596981406212 -0.317024290561676 -0.5348857641220093
-0.09549040347337723 -0.0028159739449620247 0.21604134142398834
-0.024382028728723526 0.15831564366817474 -0.37337011098861694
-0.2765878736972809 -0.08881435543298721 0.14332112669944763
0.06485807150602341 -0.38313063979148865 -0.04941518232226372
-0.25424903631210327 -0.5107507109642029 0.12574371695518494
-0.22328944504261017 -0.36407986283302307 0.003446678863838315
0.02966230735182762 -0.42716312408447266 0.18571294844150543
-0.25197675824165344 -0.2617996037006378 -0.22935377061367035
-0.2852958142757416 -0.04028438404202461 0.02125142700970173
-0.42231887578964233 0.03683088347315788 -0.39732712507247925
-0.020704448223114014 -0.19155490398406982 -0.03916953504085541
-0.18395031988620758 -0.18892955780029297 -0.029678473249077797
-0.19558978080749512 -0.2953804135322571 -0.039564669132232666
-0.5032567381858826 -0.1372925043106079 -0.29589882493019104
0.04165879264473915 0.07853878289461136 0.02552233636379242
-0.17225468158721924 -0.3464864194393158 0.05357804894447327
-0.12730178236961365 -0.23654672503471375 -0.348300576210022
0.22528542578220367 -0.12147817015647888 0.07294853776693344
0.12982666492462158 -0.27384352684020996 -0.19192788004875183
-0.19335931539535522 -0.12431032210588455 0.1608610302209854
-0.14931844174861908 -0.27064767479896545 -0.14708295464515686
-0.224401593208313 -0.2077147215604782 0.11360695958137512
-0.25103187561035156 -0.12473287433385849 0.22460095584392548
-0.07772427797317505 -0.3515693247318268 0.020170722156763077
-0.24442031979560852 -0.26722821593284607 0.050668977200984955
-0.38425198197364807 -0.045755986124277115 0.22205990552902222
-0.5222176909446716 0.17381814122200012 -0.15492670238018036
-0.20654386281967163 -0.2739725708961487 -0.2205575704574585
-0.1669064611196518 -0.28463417291641235 -0.39222514629364014
-0.32038894295692444 0.09917273372411728 -0.2788994610309601
-0.3100064694881439 -0.14378716051578522 -0.06900779902935028
-0.35776737332344055 -0.23972539603710175 -0.10583891719579697
-0.285295695066452 -0.03997275233268738 -0.1451999396085739
-0.24197253584861755 -0.35419583320617676 -0.16685757040977478
-0.058655060827732086 -0.11501125246286392 0.05048049986362457
0.008444014936685562 -0.3739156723022461 -0.018717356026172638
-0.3372250199317932 -0.24456623196601868 -0.05065956339240074
-0.284477561712265 0.12318228930234909 -0.15787281095981598
-0.1563730388879776 -0.12484636157751083 0.10057534277439117
-0.08722607046365738 -0.15886864066123962 -0.3276660740375519
-0.13912895321846008 -0.28723669052124023 0.07427491992712021
0.015138212591409683 -0.197270005941391 0.03938048332929611
-0.06450218707323074 -0.11080177873373032 -0.2222975343465805
-0.20893408358097076 -0.34065523743629456 -0.052660323679447174
-0.4033810794353485 -0.15720456838607788 0.010094577446579933
-0.24353133141994476 0.08896293491125107 0.19147361814975739
-0.06582363694906235 -0.2793973386287689 -0.4336288571357727
-0.3671163022518158 -0.08108183741569519 0.023278340697288513
0.060669172555208206 -0.1218884065747261 0.05700067803263664
-0.19918490946292877 -0.2535146176815033 -0.09411590546369553
-0.19401660561561584 0.1614733636379242 -0.22296744585037231
-0.14072924852371216 -0.15232715010643005 0.05271163582801819
-0.0823371633887291 -0.12744958698749542 -0.2613244652748108
-0.10266450047492981 -0.2629164159297943 0.20337967574596405
-0.13718168437480927 -0.18410147726535797 -0.10113628953695297
-0.2554668188095093 -0.38803762197494507 -0.0575488917529583
-0.4692625105381012 0.150833860039711 -0.31315112113952637
-0.25078028440475464 0.09904202073812485 -0.1075952872633934
-0.5762091279029846 0.09263883531093597 -0.03394269570708275
-0.28790944814682007 -0.2165061980485916 0.08513036370277405
0.05217456445097923 -0.4113842248916626 -0.12924818694591522
-0.2846849858760834 -0.26070636510849 0.033182986080646515
-0.37939438223838806 -0.037676844745874405 0.0743723213672638
-0.1591114103794098 -0.09997621923685074 0.024456847459077835
-0.37224751710891724 -0.06054994463920593 -0.05580010637640953
-0.09853772819042206 -0.064558245241642 -0.004978416953235865
-0.023766949772834778 -0.289341002702713 0.12047982215881348
-0.03913336992263794 -0.2948600649833679 -0.2355770766735077
-0.07712741941213608 -0.1898549646139145 -0.5137898921966553
-0.02149265818297863 -0.16741296648979187 0.02083921991288662
-0.41329318284988403 0.09021992981433868 -0.14226022362709045
-0.10461326688528061 0.42954421043395996 0.21418116986751556
0.15719090402126312 -0.283803254365921 0.05073326826095581
-0.12554624676704407 -0.16291525959968567 0.01594693213701248
-0.3099730610847473 -0.20459870994091034 -0.024188721552491188
-0.048631735146045685 -0.09467057883739471 -0.17387239634990692
-0.35903552174568176 -0.06084105744957924 0.07047673314809799
-0.17687618732452393 -0.17721444368362427 -0.014071634039282799
-0.42817431688308716 -0.24837784469127655 -0.024091066792607307
-0.3271315097808838 -0.02679893746972084 -0.01495792344212532
-0.2666298449039459 0.12619619071483612 -0.29662373661994934
-0.44092321395874023 0.2807847261428833 -0.08876360952854156
-0.34114715456962585 0.07472679018974304 0.4892713129520416
0.06948521733283997 -0.37483957409858704 -0.018508430570364
-0.4261573851108551 -0.31156644225120544 -0.10402227938175201
-0.13328702747821808 -0.2891078591346741 -0.05338708683848381
-0.30475109815597534 -0.2442597597837448 0.040908608585596085
-0.2193077802658081 -0.21202926337718964 -0.043118979781866074
-0.30355632305145264 -0.3147760033607483 0.05584760382771492
-0.3828032314777374 -0.20194688439369202 -0.017919331789016724
-0.23321817815303802 -0.08894622325897217 -0.24010352790355682
-0.33004918694496155 -0.1781306117773056 0.04084005206823349
-0.4187505841255188 0.24260357022285461 -0.2710237205028534
-0.3115979731082916 -0.2044481337070465 -0.09125374257564545
-0.22915711998939514 -0.29610323905944824 -0.18722999095916748
-0.33778706192970276 0.21831639111042023 0.5077263712882996
-0.11922406405210495 -0.06536340713500977 -0.14294078946113586
-0.09122037142515182 -0.057045113295316696 0.004739428870379925
-0.09066294133663177 -0.24064849317073822 -0.15918153524398804
-0.08799062669277191 -0.41983699798583984 0.0012793592177331448
-0.25670933723449707 -0.13801336288452148 -0.1194368377327919
-0.26111698150634766 0.12038146704435349 -0.04601018875837326
-0.1696682572364807 -0.20353274047374725 0.15130093693733215
-0.028268426656723022 0.17034827172756195 0.3911047577857971
-0.33915579319000244 -0.20883385837078094 0.08269103616476059
-0.4893389642238617 -0.3265364170074463 -0.27924802899360657
-0.12870775163173676 -0.2711354196071625 -0.03768513724207878
-0.16527436673641205 -0.21902219951152802 0.013451429083943367
-0.4447230398654938 0.07386605441570282 -0.13521164655685425
-0.2426540106534958 -0.03295868635177612 -0.02979160286486149
-0.10936009883880615 -0.1971891075372696 -0.22976253926753998
-0.003393428400158882 -0.06465017795562744 0.10106194019317627
-0.19933393597602844 -0.2559896409511566 0.11725296825170517
-0.3171793818473816 -0.3441157341003418 -0.24843639135360718
-0.17706544697284698 0.17384184896945953 -0.04937586933374405
-0.2700943350791931 -0.24507740139961243 0.04056675732135773
-0.2073441445827484 -0.10682480782270432 0.2196521908044815
0.020253783091902733 -0.04714177921414375 -0.027799667790532112
-0.0843459889292717 0.054838549345731735 -0.028199756518006325
-0.3643347918987274 -0.34793105721473694 -0.023901578038930893
-0.12089300155639648 0.2928895652294159 -0.10683529824018478
-0.25173088908195496 -0.15442581474781036 -0.03306453675031662
-0.16226501762866974 -0.02529647946357727 -0.04019337520003319
-0.047268323600292206 0.14782492816448212 0.01256224699318409
-0.1142866238951683 -0.3699372112751007 -0.03193659335374832
-0.1232801303267479 -0.16713179647922516 0.059237655252218246
-0.19647976756095886 0.11257325112819672 -0.08707965910434723
-0.2692307233810425 -0.406072735786438 0.21653620898723602
-0.011060545220971107 -0.3718057870864868 0.0632103830575943
-0.24920260906219482 -0.2360992580652237 0.054722998291254044
-0.3478252589702606 -0.3260079324245453 0.03825988620519638
-0.14197680354118347 -0.23589874804019928 -0.47251734137535095
0.16567185521125793 -0.14185458421707153 -0.42857885360717773
-0.1045006737112999 -0.28091758489608765 -0.00218697777017951
-0.17868520319461823 -0.2576099634170532 -0.17937681078910828
-0.36993736028671265 -0.2180865854024887 0.050414104014635086
-0.14352194964885712 -0.2064918577671051 -0.0306312944740057
-0.3137023150920868 -0.12882846593856812 -0.07848178595304489
-0.20518235862255096 -0.15654677152633667 0.031089799478650093
-0.16995865106582642 -0.41775330901145935 -0.20075735449790955
-0.16508102416992188 0.07485020160675049 -0.10004456341266632
-0.37096455693244934 -0.0073622544296085835 0.05445871129631996
-0.3987625539302826 -0.0875619575381279 0.00882423110306263
-0.2004895657300949 -0.03432609885931015 -0.19558154046535492
-0.1837395280599594 -0.2770746052265167 -0.23900586366653442
0.17286138236522675 -0.27107688784599304 -0.004194176755845547
0.2249366194009781 -0.2642800211906433 -0.07737304270267487
-0.03372438624501228 -0.13967934250831604 -0.07828673720359802
-0.5580263733863831 -0.11307068914175034 -0.13207800686359406
-0.02591262385249138 0.2011413872241974 -0.20141224563121796
-0.21142317354679108 0.07132252305746078 -0.5066673159599304
-0.11753919720649719 -0.054473310708999634 -0.03239661455154419
-0.46784183382987976 -0.025409456342458725 -0.107955701649189
-0.4220203459262848 0.14531542360782623 0.38936129212379456
-0.26906663179397583 -0.24317480623722076 -0.00644103204831481
-0.27230751514434814 -0.3731161952018738 -0.008430784568190575
-0.3542172610759735 -0.3424845337867737 -0.08447486907243729
-0.29937389492988586 -0.14250144362449646 -0.020794598385691643
-0.3906952738761902 0.19192053377628326 0.1186768114566803
-0.20318278670310974 -0.20729151368141174 -0.04293057695031166
-0.4496901333332062 -0.09356968104839325 -0.030577009543776512
-0.013203559443354607 -0.24729204177856445 -0.05703502520918846
-0.26200953125953674 -0.12168926000595093 0.1274188905954361
-0.33500486612319946 -0.2370023876428604 -0.566379189491272
-0.15392723679542542 -0.17293375730514526 0.044139206409454346
-0.05136426165699959 0.10077936202287674 -0.2410650998353958
-0.30348771810531616 -0.23255497217178345 0.051356274634599686
-0.0943799838423729 -0.27025526762008667 -0.024328190833330154
-0.3214262127876282 0.093958280980587 -0.11988978087902069
-0.3444066047668457 -0.19337742030620575 -0.25201719999313354
0.05930380895733833 0.04064369574189186 -0.0609782375395298
-0.027541767805814743 0.4355120062828064 0.4231981039047241
0.17932268977165222 -0.06268186867237091 -0.012981133535504341
-0.08047687262296677 -0.037171944975852966 0.1013178676366806
-0.3352435529232025 0.21786992251873016 -0.024183325469493866
0.0025162503588944674 -0.22028759121894836 0.04004789888858795
0.044575437903404236 -0.016759425401687622 -0.1002008467912674
-0.23784595727920532 -0.10337121039628983 0.00033297797199338675
-0.2575742304325104 0.11343608796596527 -0.15181291103363037
-0.2498355209827423 0.15242989361286163 0.14869840443134308
-0.22935731709003448 -0.23637649416923523 -0.022375358268618584
-0.19203855097293854 -0.026131270453333855 -0.10091806948184967
0.05591482296586037 -0.051526524126529694 -0.21966862678527832
-0.26701831817626953 -0.2337878793478012 -0.016769403591752052
-0.32171162962913513 -0.20657984912395477 0.008758358657360077
-0.11670266091823578 -0.2743058502674103 0.07653092592954636
-0.28290361166000366 0.20837648212909698 0.5298195481300354
-0.15610216557979584 -0.2950022220611572 -0.10270224511623383
-0.20950721204280853 -0.249955952167511 0.011326014995574951
-0.27580779790878296 0.07731620967388153 -0.1363905966281891
-0.2489924430847168 -0.3811414837837219 0.08115126937627792
-0.3466327488422394 0.08064058423042297 0.16564634442329407
-0.17079687118530273 -0.5776225328445435 -0.027703948318958282
0.04824986308813095 -0.0642450600862503 -0.11120092123746872
-0.20651552081108093 -0.44451671838760376 -0.05870187282562256
-0.5544502139091492 0.23852577805519104 0.06372983008623123
-0.002625154796987772 -0.32326793670654297 -0.13964378833770752
0.05263730511069298 -0.31268635392189026 -0.1081574335694313
-0.1478089690208435 -0.02739277109503746 -0.028685161843895912
-0.04829596355557442 -0.23602613806724548 0.04599958658218384
-0.27974286675453186 -0.32546156644821167 -0.12072336673736572
-0.06964287161827087 -0.06436127424240112 -0.1894393116235733
-0.27601855993270874 -0.21485193073749542 -0.267289936542511
-0.35464194416999817 -0.40004175901412964 0.14086788892745972
-0.14592741429805756 -0.2729424238204956 0.06802345812320709
-0.17536011338233948 -0.009542902931571007 0.0905238464474678
-0.24913671612739563 0.24201035499572754 0.34724903106689453
-0.1690412163734436 -0.04415842890739441 -0.10476770997047424
-0.2830691933631897 -0.16599395871162415 -0.22400331497192383
-0.22622355818748474 -0.23939235508441925 -0.004307010676711798
-0.329466849565506 -0.15106821060180664 0.07752688974142075
-0.3959665298461914 -0.04142594709992409 0.014367710798978806
-0.3651198446750641 -0.2505966126918793 0.0568360798060894
-0.38315895199775696 -0.06542513519525528 -0.1387176662683487
-0.23084472119808197 0.00023442727979272604 -0.050485312938690186
-0.15823246538639069 0.006615795195102692 0.25982174277305603
-0.016036244109272957 0.30466628074645996 0.27870211005210876
-0.3231038749217987 -0.39793720841407776 0.16639776527881622
-0.15977256000041962 -0.11527331918478012 -0.017199043184518814
-0.3104838728904724 -0.3346812427043915 -0.11079137027263641
-0.02501850388944149 -0.1722564995288849 -0.12099861353635788
0.14297117292881012 -0.0020423312671482563 -0.05303836241364479
-0.2802075743675232 -0.3796597123146057 -0.08296521753072739
-0.11937305331230164 -0.19327636063098907 0.0383930504322052
-0.01861233450472355 -0.36436906456947327 -0.23593935370445251
-0.1557644009590149 -0.14763565361499786 0.13846054673194885
-0.3260686695575714 -0.21120058000087738 -0.26672273874282837
-0.12117909640073776 -0.07012645155191422 -0.08069831877946854
0.06798848509788513 -0.2546742260456085 -0.3870607912540436
-0.31914636492729187 -0.3597738742828369 0.09315601736307144
-0.31879982352256775 0.02521548420190811 0.4076354205608368
0.04742849990725517 -0.31736940145492554 -0.15961197018623352
-0.418584406375885 -0.09064499288797379 0.15041807293891907
-0.027576666325330734 -0.059839993715286255 -0.06548047810792923
-0.1632276028394699 -0.14842350780963898 0.09306550770998001
-0.4945249855518341 -0.21412360668182373 0.11577431857585907
-0.43704813718795776 0.18922635912895203 -0.21439851820468903
-0.2614661157131195 0.15257544815540314 -0.24367490410804749
-0.3410513401031494 -0.027524467557668686 -0.14790284633636475
-0.014896715059876442 -0.10091353207826614 -0.030693212524056435
-0.22931993007659912 -0.345116525888443 0.11765877157449722
0.09016000479459763 -0.37594664096832275 -0.12873511016368866
0.16552376747131348 -0.324564129114151 0.10967899858951569
-0.26909536123275757 -0.366485059261322 0.041488196700811386
-0.13868096470832825 -0.23476764559745789 0.13313263654708862
-0.07848973572254181 -0.4058569669723511 -0.5944428443908691
-0.048906613141298294 -0.1919981986284256 0.009579814970493317
-0.27600187063217163 -0.37466251850128174 0.1070668026804924
-0.15875910222530365 -0.17017126083374023 -0.13909310102462769
-0.07642082870006561 0.011464079841971397 0.16495953500270844
0.08406508713960648 -0.15404711663722992 4.7690700739622116e-05
-0.32393893599510193 -0.23294956982135773 0.0008763449150137603
-0.19662685692310333 -0.250367671251297 -0.026094114407896996
-0.14028428494930267 -0.12920790910720825 0.4289052486419678
-0.2534750699996948 -0.08620746433734894 -0.13799209892749786
-0.20305925607681274 0.0881330817937851 0.12814104557037354
0.06668106466531754 -0.0713292732834816 -0.0011744867078959942
-0.05799175426363945 0.08222030848264694 -0.2594943344593048
-0.4406545162200928 0.03630900755524635 -0.06007251515984535
-0.4957757592201233 -0.10386806726455688 0.12610238790512085
-0.36178624629974365 -0.35856854915618896 0.014813421294093132
-0.21522602438926697 -0.004337603691965342 0.10706709325313568
0.06711012125015259 -0.39491569995880127 -0.022550547495484352
-0.05426539480686188 -0.20047497749328613 -0.14378011226654053
-0.3002607226371765 -0.296393483877182 -0.0626300498843193
-0.31416696310043335 -0.26748591661453247 -0.09314846992492676
-0.11041493713855743 -0.40904295444488525 -0.3071165382862091
-0.09816687554121017 -0.2705504894256592 0.031374599784612656
-0.04985736310482025 -0.12620548903942108 -0.15165741741657257
-0.40589627623558044 -0.36655393242836 0.0817946270108223
-0.1667541116476059 -0.06222457066178322 0.09760221093893051
-0.10193254053592682 -0.22707702219486237 -0.1152513399720192
0.1064336895942688 -0.25808897614479065 0.009702431038022041
-0.5281783938407898 0.1599472016096115 -0.09074847400188446
-0.35805240273475647 0.016709541901946068 -0.3637177348136902
-0.3058805465698242 -0.19449064135551453 -0.05675117298960686
-0.329226016998291 -0.07236123830080032 0.05158042162656784
-0.5607929229736328 0.0552581250667572 -0.18513764441013336
-0.22954365611076355 -0.20952217280864716 -0.4573379456996918
0.018890298902988434 -0.2403208315372467 0.11502666026353836
-0.06269121915102005 0.0845070481300354 -0.09818942844867706
-0.25447309017181396 -0.1536116600036621 -0.006668724585324526
-0.24662989377975464 -0.13144485652446747 -0.6055356860160828
-0.1615862399339676 -0.24929410219192505 -0.25856345891952515
-0.30280429124832153 -0.2626037895679474 0.007336943410336971
-0.14312703907489777 0.11155830323696136 0.26164761185646057
-0.24590671062469482 0.14873288571834564 -0.05964769423007965
-0.13114650547504425 0.13771767914295197 -0.027872929349541664
-0.4508848488330841 -0.06131793186068535 0.07549332827329636
-0.3136708438396454 0.18951416015625 -0.13698707520961761
-0.3162533938884735 -0.29537418484687805 0.035360388457775116
-0.23258815705776215 -0.1255420744419098 -0.09154444187879562
-0.2472769170999527 -0.2571163475513458 -0.151871457695961
-0.2661404609680176 -0.4863620102405548 -0.42287391424179077
-0.39578133821487427 -0.35617193579673767 0.023870738223195076
-0.3004407286643982 -0.2824177145957947 0.1860228031873703
-0.023196585476398468 -0.14823049306869507 -0.27712738513946533
-0.23159265518188477 -0.2024880200624466 0.0155724436044693
-0.13707536458969116 -0.2912311851978302 0.1041993722319603
-0.11430014669895172 -0.21396216750144958 0.07559846341609955
-0.22731836140155792 -0.08282231539487839 0.006153356283903122
-0.1835055947303772 -0.20718316733837128 0.009340635500848293
-0.3269418478012085 0.1721942126750946 -0.15080970525741577
0.000132416607812047 -0.23026017844676971 -0.050603415817022324
0.01754935458302498 -0.24333859980106354 -0.011640304699540138
-0.2224254012107849 -0.21061013638973236 0.17361296713352203
-0.3117808699607849 0.13876433670520782 -0.357754647731781
-0.09087812155485153 -0.15846286714076996 -0.04949013888835907
-0.14075279235839844 -0.20288868248462677 -0.050737567245960236
-0.171924889087677 -0.2885659337043762 0.08101649582386017
-0.019483858719468117 -0.1075204610824585 0.06724679470062256
-0.1938810497522354 -0.38190117478370667 0.16068461537361145
-0.07395949959754944 -0.7390462160110474 -0.7353402972221375
-0.031511127948760986 -0.10407881438732147 -0.06205179914832115
-0.3285652697086334 -0.27365317940711975 0.1264970302581787
-0.02834099344909191 -0.3436011075973511 -0.01953377015888691
-0.43008968234062195 -0.3716881573200226 -0.03405386954545975
-0.5912753939628601 -0.3400985598564148 -0.014184759929776192
-0.29140791296958923 0.004841780290007591 -0.22188855707645416
-0.3057806193828583 -0.04812905937433243 -0.3355933129787445
-0.16459780931472778 -0.31802064180374146 0.011237181723117828
0.13187843561172485 -0.22035548090934753 -0.1462935507297516
-0.28075045347213745 -0.07395775616168976 -0.11880122125148773
-0.035756226629018784 -0.3214409053325653 -0.07494354993104935
0.05271176993846893 -0.5855203866958618 -0.3701949417591095
-0.4271745979785919 -0.3178793787956238 -0.07149124890565872
-0.08797494322061539 -0.046573456376791 0.013625960797071457
-0.014327598735690117 -0.3944942057132721 -0.30156609416007996
0.03043944016098976 -0.1454763263463974 -0.16205258667469025
-0.0800730362534523 -0.3317221701145172 -0.4193834066390991
-0.3758784234523773 0.12292502820491791 -0.14673776924610138
-0.2444598376750946 -0.5464181900024414 -0.4600525498390198
-0.4080979526042938 -0.013107556849718094 -0.05482203885912895
-0.2614986300468445 -0.035106319934129715 -0.12724757194519043
-0.15121793746948242 -0.053458552807569504 -0.2934917211532593
-0.10903771221637726 -0.16954822838306427 0.1975969523191452
-0.0833439826965332 -0.2487362027168274 0.04553141072392464
-0.24183334410190582 0.17233867943286896 -0.17081968486309052
-0.41551509499549866 -0.22517924010753632 -0.04909564554691315
0.14322064816951752 -0.22825777530670166 -0.08724662661552429
-0.3218401372432709 0.11110524833202362 -0.12306379526853561
-0.16328491270542145 0.06260436028242111 0.19573184847831726
5.296431481838226e-06 0.19410833716392517 0.5075922608375549
-0.2709346115589142 0.10077089071273804 -0.14174319803714752
-0.31280359625816345 0.07107740640640259 -0.10988844931125641
-0.27372923493385315 -0.2429814636707306 0.04518870636820793
-0.1846584528684616 0.028934234753251076 -0.10330712050199509
-0.1679421216249466 0.11640926450490952 -0.30033862590789795
-0.2452755570411682 -0.20119628310203552 0.21047362685203552
-0.002706598024815321 -0.2791763246059418 0.07275916635990143
-0.20976786315441132 0.011327285319566727 -0.17619949579238892
0.008293816819787025 -0.5751841068267822 -0.10241317003965378
-0.48649147152900696 -0.2880668640136719 0.02111792378127575
0.032232873141765594 -0.2982112169265747 -0.16418848931789398
-0.22145266830921173 -0.265802800655365 -0.017519250512123108
-0.10426171869039536 -0.04905097931623459 0.21534593403339386
-0.34972846508026123 -0.32536980509757996 0.243548184633255
-0.21548748016357422 -0.10864611715078354 -0.09828988462686539
-0.16325964033603668 -0.013021135702729225 -0.11105310171842575
-0.17458195984363556 -0.16749170422554016 -0.013135293498635292
-0.15402136743068695 0.30300402641296387 -0.09785648435354233
-0.12683621048927307 -0.2010016292333603 0.06388270854949951
-0.18123231828212738 -0.192876398563385 0.02432422712445259
-0.21193905174732208 0.1293140947818756 0.24215167760849
-0.11259143799543381 0.31151536107063293 -0.142196387052536
-0.35901880264282227 -0.2056925892829895 -0.007993275299668312
-0.2852005958557129 -0.2627699375152588 0.06233004480600357
-0.13886740803718567 -0.4326927959918976 -0.05212295055389404
0.035893943160772324 -0.11059056222438812 -0.12367897480726242
-0.31346821784973145 0.2873653769493103 0.09858449548482895
0.012522745877504349 -0.0669001042842865 0.05404339358210564
-0.21996468305587769 -0.3013450503349304 -0.03790360316634178
-0.3783248960971832 -0.0425911508500576 -0.260024756193161
-0.21931013464927673 -0.23723456263542175 0.08660154044628143
-0.30952566862106323 -0.3666101098060608 -0.0029715867713093758
-0.14693833887577057 -0.06172091141343117 0.19015008211135864
-0.3126683533191681 0.14819538593292236 -0.15048274397850037
-0.15433746576309204 -0.19723086059093475 0.009649915620684624
-0.213192418217659 -0.26173126697540283 0.1322496235370636
-0.21364973485469818 -0.12010101228952408 -0.1829427033662796
-0.2723696827888489 -0.1964895874261856 -0.02971288003027439
-0.3725184202194214 0.043540164828300476 -0.05535239353775978
-0.11518088728189468 -0.33963093161582947 -0.41674259305000305
-0.19531837105751038 0.014947805553674698 -0.08377666771411896
-0.1223023384809494 -0.027388835325837135 0.22442121803760529
-0.24428777396678925 -0.3519851863384247 -0.49945181608200073
-0.06324447691440582 0.10527660697698593 -0.3034009635448456
-0.18864159286022186 0.07649655640125275 -0.24157315492630005
-0.24968042969703674 -0.23582518100738525 -0.056781332939863205
-0.20560023188591003 0.21439479291439056 -0.08424533158540726
-0.1380465030670166 0.17894986271858215 -0.4409796893596649
-0.0950646921992302 -0.3878978490829468 -0.33424878120422363
-0.11530563235282898 0.16646337509155273 -0.3571801781654358
-0.32790690660476685 -0.24576009809970856 0.04395246133208275
-0.018786422908306122 -0.32165098190307617 0.05541493743658066
-0.26639094948768616 -0.0579163022339344 -0.1651136875152588
-0.2735501825809479 -0.18352727591991425 -0.08983725309371948
-0.04144236817955971 -0.2501643896102905 0.14076168835163116
-0.4791845977306366 0.17265543341636658 -0.2013464868068695
-0.22616708278656006 -0.023076584562659264 -0.1442393809556961
-0.7545376420021057 0.1895512342453003 -0.3159042000770569
-0.5362831950187683 -0.2714470624923706 -0.004034135024994612
-0.547161340713501 -0.010791944339871407 0.19436906278133392
-0.21513497829437256 -0.29280608892440796 0.09456564486026764
-0.13543085753917694 0.10553325712680817 -0.04113323241472244
-0.3457809090614319 0.2489403486251831 -0.2593054473400116
-0.026869310066103935 0.19207222759723663 -0.17244352400302887
-0.20042815804481506 -0.17660513520240784 0.28623923659324646
-0.3197592496871948 -0.19111445546150208 0.0688367411494255
-0.28856441378593445 -0.1965106576681137 -0.27325740456581116
-0.3408283591270447 -0.21379472315311432 -0.23799937963485718
0.14708003401756287 -0.5269633531570435 -0.07802329957485199
-0.17249198257923126 -0.3456564247608185 -0.011150959879159927
-0.1466362476348877 -0.1858839988708496 0.07164953649044037
-0.3698875308036804 0.025198500603437424 0.0021455108653753996
-0.11466646939516068 -0.376261830329895 -0.06951601058244705
-0.28581202030181885 -0.11214153468608856 0.15253296494483948
-0.2596728205680847 -0.3242889940738678 0.18946856260299683
-0.3023613393306732 -0.052366212010383606 -0.17075763642787933
-0.3951193690299988 0.09824754297733307 -0.05506002530455589
-0.27733179926872253 0.10583914816379547 -0.17640601098537445
-0.12207598984241486 -0.2700309753417969 -0.28439080715179443
-0.07970874011516571 -0.417052686214447 -0.3466436564922333
-0.22471141815185547 -0.3774924874305725 -0.10000836104154587
-0.21447443962097168 -0.3387357294559479 -0.13553662598133087
-0.29317551851272583 -0.26995593309402466 0.059336159378290176
-0.16463622450828552 0.17111660540103912 -0.2290285974740982
-0.10863449424505234 -0.3414274752140045 0.10735899955034256
-0.2698143422603607 -0.8056105375289917 -0.41812247037887573
-0.041887834668159485 -0.13212160766124725 -0.06589832156896591
-0.11606759577989578 -0.053689323365688324 0.424996554851532
-0.18832150101661682 -0.2657429873943329 -0.1128980740904808
-0.4362451434135437 -0.1426192969083786 -0.07149242609739304
0.08928928524255753 -0.3772026598453522 -0.3511633276939392
-0.36338651180267334 0.07759339362382889 0.21370014548301697
-0.08833889663219452 -0.18047259747982025 -0.10625261068344116
-0.32688000798225403 -0.3270993232727051 0.29965510964393616
-0.2715202569961548 -0.3725895583629608 -0.08544051647186279
-0.4067710340023041 -0.17741845548152924 0.10968073457479477
-0.20739902555942535 -0.18316078186035156 -0.01512075960636139
-0.13133025169372559 -0.208819180727005 -0.1935800462961197
-0.0800691470503807 -0.07343693822622299 -0.0983557403087616
-0.0886150375008583 -0.17458611726760864 -0.2987110912799835
-0.1428130716085434 -0.4064920246601105 0.3009113669395447
-0.07900440692901611 -0.4123913645744324 -0.08199532330036163
-0.11149832606315613 -0.1683586835861206 0.012101950123906136
0.010611411184072495 -0.5056797862052917 0.08679535239934921
-0.03806210309267044 0.059471242129802704 -0.13552072644233704
-0.1794431060552597 -0.029514551162719727 -0.08618304133415222
-0.05887176841497421 0.038400061428546906 -0.10115750879049301
-0.10723182559013367 -0.34377408027648926 -0.13432689011096954
-0.16034047305583954 -0.40723904967308044 -0.010210977867245674
-0.044043995440006256 -0.38918784260749817 0.009510249830782413
-0.35622936487197876 0.014289142563939095 0.010936716571450233
-0.09390033781528473 -0.23233246803283691 -0.03709501028060913
-0.12692151963710785 -0.16337327659130096 0.1113957017660141
0.05850045755505562 -0.3495696783065796 0.023398451507091522
-0.335628479719162 0.10280791670084 -0.042870763689279556
0.2124374359846115 -0.38394519686698914 -0.022307375445961952
-0.2382361888885498 -0.19647033512592316 0.08610395342111588
-0.1861744523048401 0.12194693833589554 -0.4144105315208435
-0.3113976716995239 -0.22180421650409698 -0.11920757591724396
-0.20944124460220337 -0.08288685232400894 -0.062210965901613235
-0.34085649251937866 -0.35088852047920227 -0.29901987314224243
-0.2355322688817978 -0.31537318229675293 -0.2984309792518616
-0.4074420630931854 -0.18707428872585297 -0.18704918026924133
-0.09992196410894394 -0.3675370216369629 0.04793597012758255
-0.4731637239456177 0.14847032725811005 -0.10453171283006668
-0.07545771449804306 -0.23285530507564545 -0.09891360998153687
-0.1446220576763153 -0.13956472277641296 0.12465715408325195
-0.19996275007724762 -0.04014319181442261 0.019139599055051804
-0.03774547576904297 -0.01618501916527748 -0.016717465594410896
-0.7496492862701416 -0.29720184206962585 -0.12520186603069305
-0.06369490176439285 -0.16574905812740326 0.049211859703063965
-0.406978577375412 -0.12326278537511826 0.09137632697820663
-0.19175943732261658 -0.17359913885593414 0.014671005308628082
0.12508055567741394 -0.21238437294960022 0.03780314326286316
-0.2265312373638153 -0.15643902122974396 0.001988678937777877
0.03260688856244087 -0.2719630300998688 -0.019877858459949493
0.09143766760826111 -0.2801569700241089 0.2127722203731537
-0.5900719165802002 -0.21998652815818787 -0.40579718351364136
0.19244369864463806 0.1385800987482071 -0.28506311774253845
-0.06349587440490723 -0.30868205428123474 -0.15235327184200287
-0.37452784180641174 0.1221645325422287 -0.0012109267991036177
-0.009027158841490746 -0.37408557534217834 -0.22295895218849182
0.07450231909751892 0.27429890632629395 -0.07258140295743942
-0.154866561293602 -0.37274524569511414 -0.5118328332901001
-0.5117648839950562 0.12275419384241104 -0.36225610971450806
-0.2633814513683319 -0.4097644090652466 -0.03811940550804138
-0.1669640690088272 -0.2617197036743164 -0.0032136631198227406
-0.15680526196956635 -0.3345072567462921 -0.062269192188978195
-0.14821739494800568 0.15125755965709686 -0.10987716913223267
0.032739222049713135 -0.002635470125824213 -0.15144407749176025
-0.2923588752746582 0.21165718138217926 -0.18294315040111542
-0.21699748933315277 -0.20325538516044617 -0.020694473758339882
-0.2635604739189148 -0.1456749588251114 -0.07668569684028625
-0.3527382016181946 0.19945546984672546 -0.31772902607917786
-0.28604671359062195 -0.21238911151885986 0.14955872297286987
-0.3177856504917145 0.0896056741476059 -0.28969070315361023
-0.31530770659446716 -0.24526280164718628 -0.09771688282489777
-0.21528953313827515 -0.38268953561782837 -0.43117791414260864
-0.3997834622859955 -0.16966158151626587 -0.09502554684877396
-0.3211580514907837 -0.2664766311645508 0.04171294346451759
0.11762503534555435 -0.20837947726249695 -0.19819647073745728
-0.17427502572536469 -0.14927047491073608 0.1301247924566269
0.04983934760093689 -0.19739755988121033 0.1896747201681137
-0.18526029586791992 -0.3956688642501831 0.08880480378866196
-0.21108639240264893 -0.16715958714485168 0.05240558087825775
0.120038703083992 -0.33937689661979675 -0.2881491482257843
-0.27855250239372253 -0.2733495533466339 -0.07823203504085541
-0.23926293849945068 -0.3153899610042572 0.04162222146987915
-0.34109175205230713 -0.3113212585449219 -0.02034742198884487
-0.08376526087522507 -0.2577013075351715 -0.06832504272460938
-0.17530617117881775 -0.13840831816196442 0.09054625779390335
0.008936801925301552 0.09118400514125824 -0.034816958010196686
-0.047829728573560715 -0.06257738918066025 0.09760898351669312
0.0966816172003746 -0.4651518166065216 -0.0030999225564301014
-0.2858825623989105 -0.15741083025932312 -0.004336888901889324
-0.4751894474029541 -0.1274988353252411 0.09063193947076797
0.19896139204502106 -0.3473071753978729 -0.5639958381652832
-0.27477598190307617 -0.1762407422065735 -0.23147521913051605
-0.29458722472190857 -0.2212296575307846 0.07191259413957596
-0.35972073674201965 -0.3441424071788788 -0.17616379261016846
-0.256621390581131 0.11588437855243683 0.12012835592031479
-0.3081494867801666 -0.30342721939086914 -0.0006329896859824657
0.12230733782052994 -0.35684728622436523 -0.15944406390190125
-0.1861100196838379 0.014344070106744766 -0.1647116094827652
-0.41044241189956665 -0.3084632456302643 -0.045680172741413116
-0.21987445652484894 -0.17506802082061768 -0.28588250279426575
-0.32838648557662964 0.1961827129125595 0.10025700181722641
-0.20238099992275238 0.12794381380081177 0.3066067099571228
-0.25477334856987 -0.12193644791841507 -0.3148328363895416
-0.1521238386631012 -0.2914957106113434 0.06762087345123291
-0.15845809876918793 0.0599169097840786 0.06788446754217148
0.009238187223672867 -0.3020566999912262 -0.061622504144907
-0.36581170558929443 -0.0589495450258255 -0.11555670946836472
-0.4354674518108368 0.3925190269947052 -0.20243041217327118
-0.029729563742876053 -0.3814390301704407 0.03829856589436531
-0.14446118474006653 -0.26970380544662476 -0.005533385556191206
-0.14585797488689423 -0.05112236365675926 -0.11479280143976212
-0.5181921720504761 0.15479639172554016 -0.1604805737733841
-0.10491407662630081 -0.08795861154794693 -0.11943033337593079
-0.25605371594429016 0.018204903230071068 0.015247926115989685
-0.18925678730010986 -0.3534647822380066 -0.0737963616847992
-0.12398726493120193 -0.5727368593215942 -0.23976857960224152
-0.3342781960964203 -0.2746391296386719 -0.06824088841676712
-0.35182011127471924 -0.3321772813796997 -0.2815505266189575
0.07660046219825745 -0.08658144623041153 -0.11880779266357422
-0.3049864172935486 -0.18568845093250275 -0.146999329328537
-0.1856662631034851 -0.1296672821044922 -0.08128449320793152
-0.24195490777492523 -0.18265517055988312 0.05162752792239189
-0.22746099531650543 -0.13141275942325592 0.007166990078985691
-0.03263651952147484 -0.2752765417098999 -0.3419623076915741
-0.35465970635414124 -0.3144947588443756 -0.1819397658109665
-0.18433783948421478 -0.27059757709503174 0.2870245575904846
-0.21411298215389252 -0.15311896800994873 0.3570424020290375
-0.30361703038215637 -0.0942128598690033 0.13071836531162262
-0.11211620271205902 -0.06616824120283127 -0.06167207285761833
-0.09446404129266739 -0.3110891580581665 0.05624314770102501
-0.2757396399974823 -0.4088086485862732 -0.5426165461540222
-0.21229542791843414 -0.2622310519218445 -0.0015369190368801355
-0.1291114240884781 0.10524126887321472 -0.1817001849412918
-0.15051859617233276 -0.18781678378582 0.06714338064193726
-0.3065723776817322 -0.23756413161754608 0.16307546198368073
-0.2347286343574524 -0.2598310708999634 0.0267832912504673
-0.5199167132377625 0.30251628160476685 -0.12175143510103226
0.017850568518042564 -0.19274739921092987 -0.0012385693844407797
-0.25918397307395935 -0.27815571427345276 -0.04479893669486046
-0.22416049242019653 -0.21503464877605438 -0.10460083931684494
-0.2510511875152588 -0.21423856914043427 0.18086783587932587
-0.4642384946346283 -0.41396042704582214 0.05065474286675453
-0.21148701012134552 -0.020928259938955307 -0.26067787408828735
-0.21253173053264618 -0.3135623633861542 -0.09443473815917969
-0.20662522315979004 -0.22111070156097412 0.0023825119715183973
-0.2395293116569519 0.08588378876447678 -0.24328091740608215
-0.23785774409770966 -0.21734367311000824 0.15855109691619873
-0.14146976172924042 -0.04827583581209183 -0.06790079176425934
-0.12777471542358398 -0.16056132316589355 0.01353113166987896
-0.25003406405448914 -0.360250860452652 -0.05104603245854378
-0.12681777775287628 -0.25746259093284607 -0.40518897771835327
-0.3865317702293396 -0.24365247786045074 0.10777800530195236
-0.348948210477829 -0.2661285698413849 -0.010805074125528336
-0.3479098677635193 0.10567188262939453 0.5212872624397278
-0.04221827909350395 -0.2429800182580948 -0.27255481481552124
-0.16893339157104492 -0.2755425274372101 -0.41381117701530457
-0.2205757200717926 0.011269921436905861 -0.07020749151706696
-0.25811654329299927 -0.3380829393863678 0.011186748743057251
-0.2543086111545563 -0.3151451051235199 0.027427107095718384
0.14327006042003632 -0.19426226615905762 -0.2517627775669098
-0.19196823239326477 -0.21514208614826202 -0.07126083970069885
-0.11142652481794357 -0.21065445244312286 0.009941404685378075
-0.04177875816822052 -0.2869613766670227 -0.24871113896369934
-0.13045519590377808 -0.15726034343242645 0.13195914030075073
-0.2343088537454605 -0.028094932436943054 0.2119530588388443
-0.28666210174560547 -0.22675059735774994 -0.33467361330986023
-0.406441867351532 -0.12418831139802933 -0.08128880709409714
0.05141936615109444 -0.4561653733253479 0.10035964101552963
-0.31616270542144775 -0.12597768008708954 -0.13615906238555908
0.018004892393946648 -0.1029677763581276 -0.49419933557510376
-0.5739266276359558 0.42518487572669983 -0.0065633258782327175
-0.09998832643032074 -0.15034858882427216 -0.010150471702218056
-0.28121691942214966 0.007427792064845562 -0.20672260224819183
-0.20142291486263275 0.021392442286014557 -0.16291962563991547
-0.3428187370300293 -0.1542954295873642 0.027877219021320343
-0.37690114974975586 -0.09005732089281082 0.38955366611480713
-0.6382809281349182 0.07375451922416687 -0.4273078143596649
-0.13688020408153534 -0.2164716124534607 -0.30958291888237
0.09519217163324356 -0.24174296855926514 -0.21877717971801758
-0.0630556121468544 0.05047117546200752 0.07155706733465195
-0.23559124767780304 0.1773848831653595 0.1971171647310257
-0.10123127698898315 -0.12608955800533295 -0.14132723212242126
-0.3005179166793823 -0.36137813329696655 0.3334808945655823
-0.3008914291858673 -0.24386824667453766 -0.1675569862127304
-0.34220969676971436 -0.3698052763938904 0.23344647884368896
-0.034041158854961395 -0.22225679457187653 -0.27157190442085266
-0.14680702984333038 -0.08995907753705978 0.036321256309747696
-0.32267510890960693 0.28029319643974304 0.11390906572341919
-0.13405632972717285 -0.27436327934265137 -0.30978700518608093
0.016963597387075424 -0.3609258830547333 -0.35045602917671204
-0.08260279893875122 -0.4302559196949005 -0.014863386750221252
-0.16588403284549713 -0.22632281482219696 0.0855066180229187
-0.12706728279590607 0.0661352276802063 -0.11354340612888336
-0.10121273994445801 0.04541032761335373 -0.10056109726428986
-0.2664962708950043 0.12859892845153809 -0.2663287818431854
-0.334136426448822 -0.36258676648139954 0.03859591856598854
-0.20104169845581055 -0.014545559883117676 -0.18348316848278046
-0.24403800070285797 -0.22563152015209198 0.08970003575086594
-0.19795045256614685 -0.20366694033145905 -0.15926210582256317
-0.2787415683269501 -0.35380420088768005 -0.031792011111974716
-0.5555868148803711 -0.06131395325064659 -0.06695321947336197
-0.26554664969444275 -0.13386084139347076 0.10326048731803894
-0.12610433995723724 -0.11345736682415009 0.0746900886297226
-0.19713592529296875 -0.17079225182533264 -0.007476935628801584
-0.3743858337402344 -0.10780072212219238 0.08360359817743301
-0.19193017482757568 -0.35837575793266296 -0.5526273250579834
-0.3647885024547577 -0.3499331772327423 0.07789208739995956
-0.302933007478714 0.3231862783432007 -0.18527576327323914
-0.33194682002067566 -0.15294113755226135 0.03845740109682083
-0.024914447218179703 -0.16827625036239624 -0.6218307018280029
-0.050357479602098465 -0.005450772121548653 -0.015662802383303642
-0.10245765000581741 -0.2272537797689438 -0.19707806408405304
0.0005636649439111352 0.12666532397270203 0.0057976446114480495
-0.252255916595459 -0.16218450665473938 -0.21793223917484283
-0.23816095292568207 -0.3387511968612671 0.12725532054901123
-0.32538390159606934 0.08461039513349533 0.14416782557964325
-0.22519999742507935 -0.2648746371269226 -0.050012990832328796
-0.06524115055799484 0.08356737345457077 0.5707786083221436
-0.4410589635372162 -0.29240918159484863 0.1173509880900383
-0.2196943163871765 -0.21977822482585907 0.11062697321176529
-0.2509157359600067 -0.39380717277526855 -0.14066384732723236
-0.12407990545034409 -0.21169567108154297 -0.2989542484283447
-0.12703236937522888 -0.6678249835968018 -0.38133931159973145
-0.16493277251720428 0.05294923484325409 -0.012715194374322891
-0.31921276450157166 -0.10213848203420639 -0.09421611577272415
-0.136717289686203 0.06631917506456375 -0.11228040605783463
-0.34632375836372375 0.01204601675271988 -0.18052658438682556
-0.34299060702323914 0.1845429688692093 -0.41045957803726196
-0.19355319440364838 0.19642671942710876 -0.10037799924612045
-0.2936803996562958 0.02274475246667862 -0.09799521416425705
-0.27060091495513916 -0.21985846757888794 -0.2627411186695099
-0.1519073098897934 0.14725401997566223 0.49695885181427
-0.2168828397989273 -0.30786052346229553 0.04303885996341705
-0.1872878521680832 0.34048280119895935 0.016995543614029884
-0.15396930277347565 -0.12198182195425034 0.07491206377744675
-0.09441450983285904 0.03515678271651268 -0.2673805356025696
-0.30475956201553345 0.2812518775463104 -0.2346600443124771
-0.28142261505126953 -0.3268107771873474 0.013748690485954285
-0.3292451798915863 -0.1573513299226761 -0.09738533198833466
-0.17254000902175903 -0.16000552475452423 -0.1126321479678154
-0.007542869541794062 0.054533202201128006 0.16193386912345886
-0.20967961847782135 -0.283319890499115 0.034026969224214554
-0.2965712249279022 -0.004355248995125294 -0.025405721738934517
-0.28452980518341064 -0.09194674342870712 -0.15368197858333588
-0.05858541280031204 -0.20678795874118805 -0.011216990649700165
-0.11364797502756119 0.04413404315710068 -0.1704212874174118
-0.16746757924556732 -0.1342698335647583 -0.06298597902059555
-0.303084135055542 -0.355835884809494 -0.1634078323841095
-0.10932982712984085 -0.28101301193237305 0.1041126400232315
-0.3674179017543793 0.059087298810482025 -0.06980359554290771
-0.0332893542945385 -0.14865057170391083 -0.14636747539043427
0.063285231590271 -0.33925679326057434 0.020841648802161217
-0.3547583818435669 -0.3119048774242401 0.3038669228553772
-0.2567312717437744 -0.24161198735237122 -0.04232800751924515
-0.2678130269050598 -0.14594140648841858 0.11691875010728836
-0.10640311986207962 -0.1722305715084076 -0.2344985157251358
-0.13725726306438446 -0.23809273540973663 -0.026550766080617905
-0.23898528516292572 -0.3811522424221039 -0.005133673548698425
0.1927701234817505 -0.3478683531284332 0.17863288521766663
-0.31455686688423157 0.1312238574028015 -0.17874567210674286
-0.1444748342037201 -0.31747502088546753 0.037434693425893784
-0.2902449071407318 -0.2716054618358612 0.0679624006152153
-0.3860580623149872 -0.3400046229362488 -0.024036889895796776
-0.08215083181858063 -0.17797526717185974 -0.5384728312492371
-0.2933388650417328 -0.40138769149780273 0.07114333659410477
-0.17539159953594208 -0.09899858385324478 -0.22238169610500336
-0.14423470199108124 0.021525979042053223 -0.2826838195323944
-0.1150335967540741 -0.0018084405455738306 0.05828021466732025
-0.6502611637115479 -0.44530168175697327 -0.05030544102191925
-0.31462785601615906 0.1404101401567459 -0.15337859094142914
-0.2526845633983612 -0.26799458265304565 -0.07685370743274689
-0.16721944510936737 -0.36983636021614075 -0.06734926998615265
-0.36978477239608765 -0.26498857140541077 0.07966264337301254
-0.21719859540462494 -0.1861184984445572 -0.08436199277639389
-0.10291338711977005 0.1108563244342804 -0.20039235055446625
-0.1566726118326187 -0.31465524435043335 0.014958849176764488
-0.14653153717517853 0.12805798649787903 -0.2425711750984192
-0.2601397931575775 -0.15664154291152954 -0.04000653326511383
-0.1946021467447281 -0.41773054003715515 -0.17142553627490997
-0.32039567828178406 -0.060550011694431305 -0.1470705270767212
-0.3485931158065796 -0.27523887157440186 -0.04462685063481331
-0.3903069496154785 0.3493839204311371 -0.17378640174865723
-0.393648236989975 -0.303223192691803 0.2386225461959839
0.1351112425327301 -0.520586371421814 -0.2591387629508972
-0.27009981870651245 -0.24763049185276031 0.032914526760578156
-0.4097573161125183 0.14437167346477509 0.18948164582252502
-0.19949741661548615 0.16143670678138733 -0.4031204879283905
0.004218386486172676 -0.2465018779039383 -0.1792498528957367
0.02199389971792698 -0.15009842813014984 -0.2455008625984192
-0.5245981812477112 0.2055162936449051 -0.11290863156318665
-0.3433246314525604 0.17157386243343353 -0.46757742762565613
-0.10766676813364029 -0.38917332887649536 -0.3734724223613739
-0.23577071726322174 -0.36909186840057373 0.05039570480585098
0.052686721086502075 0.09325098991394043 0.20343716442584991
-0.04917459934949875 -0.19801141321659088 -0.054543230682611465
-0.2938882112503052 -0.24659694731235504 -0.04098443686962128
-0.07196248322725296 -0.15549388527870178 0.027646692469716072
-0.009234322234988213 -0.3365944027900696 0.04224763438105583
-0.3404858410358429 -0.27952930331230164 -0.02033679559826851
-0.34666797518730164 -0.059559911489486694 -0.024108968675136566
-0.28235340118408203 -0.08882176876068115 -0.055132873356342316
-0.11353257298469543 -0.20206762850284576 -0.19507165253162384
-0.49235230684280396 0.03925380855798721 -0.4254494905471802
-0.30894917249679565 -0.28234928846359253 0.07712200284004211
-0.08888662606477737 0.2565990090370178 -0.09144637733697891
-0.147640660405159 0.00613932590931654 -0.2165718823671341
-0.2606050670146942 -0.2699355483055115 -0.02323346585035324
-0.23224498331546783 -0.1453426629304886 0.12082632631063461
0.005016769282519817 -0.18301540613174438 0.023446284234523773
-0.37202879786491394 -0.09934205561876297 0.0448395274579525
-0.21998381614685059 -0.4126724600791931 -0.21895943582057953
0.06264311075210571 -0.3642348051071167 -0.04840753600001335
-0.2873026430606842 0.17075645923614502 0.19274196028709412
-0.08636485785245895 -0.07502962648868561 -0.40696972608566284
-0.4609902799129486 0.11490021646022797 -0.1655944138765335
-0.19826465845108032 -0.09384649991989136 -0.07025160640478134
-0.2576052248477936 -0.21414969861507416 0.005796205718070269
-0.25590237975120544 -0.10442335903644562 0.1495223194360733
-0.061981745064258575 -0.4572136402130127 0.04571407288312912
0.01984294317662716 -0.23480381071567535 0.13524632155895233
0.08012142032384872 -0.24982544779777527 -0.2597782611846924
-0.22555683553218842 -0.22820213437080383 0.28330084681510925
-0.5779643058776855 0.39162036776542664 0.16759435832500458
0.014765545725822449 -0.5604546070098877 -0.2650892734527588
-0.3401133418083191 0.163003072142601 -0.2294851839542389
-0.26865917444229126 -0.38609641790390015 -0.022430244833230972
-0.03712679073214531 0.019910261034965515 -0.07408685982227325
-0.1331632286310196 -0.23993302881717682 -0.01601678691804409
-0.02451949566602707 -0.28450340032577515 -0.24637064337730408
-0.34128090739250183 -0.043038975447416306 -0.3223392367362976
-0.04079936072230339 0.0016898710746318102 -0.30683737993240356
-0.13927437365055084 -0.3217277228832245 0.044652342796325684
-0.1269717961549759 -0.2727985084056854 0.17098785936832428
-0.16662313044071198 -0.2600076496601105 0.027547311037778854
-0.1191752478480339 0.11427738517522812 -0.2683529257774353
0.13462188839912415 -0.014701586216688156 -0.13845987617969513
-0.30462512373924255 -0.18472354114055634 -0.15855829417705536
-0.1638643741607666 -0.24198485910892487 0.08421213924884796
-0.6593908667564392 0.12984688580036163 -0.15046001970767975
-0.3951821029186249 -0.3674047589302063 -0.0284008476883173
-0.19758424162864685 -0.059272296726703644 0.21714065968990326
-0.24009805917739868 -0.16274279356002808 0.046742744743824005
0.04445280507206917 0.18163737654685974 -0.18040978908538818
-0.2987082004547119 -0.22341589629650116 -0.07767407596111298
-0.38797229528427124 -0.34527909755706787 0.11881031095981598
-0.2431187480688095 -0.20960815250873566 0.060041408985853195
-0.2511969804763794 -0.0692930743098259 -0.150828555226326
-0.35616767406463623 0.2089693695306778 0.4466017484664917
-0.16635897755622864 -0.09965983778238297 0.015648063272237778
-0.1592407375574112 -0.45161911845207214 0.13163883984088898
-0.345492422580719 -0.24920469522476196 -0.261430561542511
-0.17357544600963593 -0.17280350625514984 -0.09539420157670975
-0.38633787631988525 0.12358179688453674 0.028252923861145973
-0.21415016055107117 -0.09905369579792023 -0.41610074043273926
-0.28491005301475525 -0.23168210685253143 -0.11410073190927505
-0.15337607264518738 -0.006019412539899349 0.03720622509717941
-0.32761338353157043 0.050716333091259 0.0914715901017189
-0.20309889316558838 -0.2444934993982315 -0.05368509516119957
0.0966733768582344 -0.1797834038734436 -0.15440647304058075
-0.4020090103149414 0.010106103494763374 -0.3479866683483124
-0.006886331830173731 -0.3975856304168701 0.17129512131214142
-0.247166246175766 -0.10450100898742676 -0.18479329347610474
-0.20935243368148804 -0.17828330397605896 -0.2985486388206482
0.11568393558263779 -0.34106919169425964 -0.308831125497818
-0.25899359583854675 -0.36872512102127075 -0.21622177958488464
-0.5845991373062134 0.30945271253585815 -0.2274566888809204
-0.22318272292613983 -0.2177199274301529 0.11372880637645721
-0.15027163922786713 -0.1824992448091507 -0.12212754040956497
-0.00623441394418478 -0.33099085092544556 0.051437053829431534
-0.24845871329307556 -0.25373509526252747 -0.3489496409893036
-0.045877523720264435 -0.0034096604213118553 0.20489157736301422
-0.2222346067428589 -0.018484992906451225 0.07900893688201904
-0.3074294328689575 -0.19804035127162933 -0.9539207816123962
-0.4377307593822479 -0.3638366460800171 0.02784901112318039
-0.4037671387195587 -0.2579779028892517 -0.08318877220153809
-0.1364879161119461 -0.27101731300354004 -0.018669452518224716
-0.2974008321762085 -0.21481584012508392 0.030772890895605087
-0.448294460773468 0.20759940147399902 -0.11477207392454147
0.15905891358852386 -0.3472987711429596 0.05347190797328949
-0.39732882380485535 0.12937818467617035 -0.13317514955997467
-0.16868716478347778 -0.10442858934402466 -0.07351788878440857
-0.039141200482845306 -0.06585291028022766 -0.16333188116550446
0.018336612731218338 -0.11542552709579468 0.0008016958017833531
-0.4517488479614258 -0.04360821470618248 -0.1513567566871643
-0.06305009126663208 -0.23828011751174927 0.08838587999343872
-0.22036729753017426 -0.09583660215139389 0.021988071501255035
-0.08247524499893188 -0.05439576506614685 -0.2071666121482849
-0.2655312418937683 0.042343031615018845 0.19578517973423004
-0.29200631380081177 -0.131597638130188 0.05801839381456375
-0.20942729711532593 -0.4203433394432068 -0.3276437819004059
-0.12288446724414825 -0.1179797574877739 -0.09668265283107758
-0.13703620433807373 -0.1015653908252716 -0.18215887248516083
-0.13218805193901062 0.09804387390613556 -0.24866348505020142
-0.3452998101711273 -0.2969317138195038 0.19190534949302673
-0.2260817289352417 0.07357501983642578 -0.11584379523992538
-0.25268250703811646 -0.060212019830942154 -0.2160077691078186
-0.26875126361846924 -0.3062034249305725 0.2215716689825058
-0.2062053084373474 -0.36935219168663025 0.11201392114162445
-0.11401064693927765 -0.04517452046275139 -0.15705068409442902
-0.1601957380771637 -0.15151770412921906 -0.020173411816358566
0.25518113374710083 -0.6428290009498596 -0.23233486711978912
-0.09490979462862015 -0.26613402366638184 -0.0247544776648283
-0.15337218344211578 -0.2852993309497833 -0.04945981502532959
-0.4802151322364807 -0.07580572366714478 0.05005630478262901
-0.24139678478240967 -0.16787458956241608 0.27776920795440674
0.026399491354823112 -0.15166734158992767 0.05851049721240997
-0.06547683477401733 -0.2649654448032379 -0.03675926849246025
-0.23909327387809753 -0.29158541560173035 -0.08354470878839493
-0.18973228335380554 -0.06623554229736328 0.00023297127336263657
-0.068531833589077 -0.010758206248283386 -0.3742605149745941
-0.09133496135473251 -0.06972688436508179 -0.1310272365808487
0.016375219449400902 -0.05787517875432968 -0.15877893567085266
-0.3767305016517639 -0.19782905280590057 -0.18794353306293488
