ply
format ascii 1.0
element vertex 2048
property float x
property float y
property float z
end_header
-0.0388483852148056 0.6455128788948059 -0.3115995526313782
-0.4554365873336792 0.6187945008277893 -0.06760513782501221
-0.42468732595443726 0.45868197083473206 -0.11767292022705078
-0.35682162642478943 0.2171948403120041 -0.1893894374370575
-0.5070289373397827 0.2600572109222412 -0.0820494145154953
-0.09331101924180984 0.637204110622406 -0.2189236879348755
-0.05664825066924095 -0.0415540412068367 -0.20453079044818878
0.10954879969358444 0.911621630191803 0.09527000784873962
-0.5097792148590088 0.49355682730674744 -0.15194466710090637
-0.43615657091140747 0.3753059208393097 -0.12570105493068695
-0.35721519589424133 0.15088710188865662 0.3203074038028717
-0.4059860110282898 0.6510851979255676 -0.16311518847942352
-0.33535677194595337 0.42108720541000366 -0.0592697411775589
-0.45983651280403137 0.5066694021224976 0.05293627083301544
-0.4893638491630554 0.7001520395278931 0.10455533117055893
-0.4962237775325775 0.5084612965583801 0.011068077757954597
-0.2696872651576996 0.49386066198349 0.16007377207279205
-0.4666287899017334 0.893324077129364 0.08638910204172134
-0.4247063100337982 0.402100145816803 -0.4673095643520355
-0.2618429660797119 0.5386677980422974 -0.140582874417305
-0.36997494101524353 0.637973427772522 -0.26786985993385315
-0.5767374634742737 0.007679547183215618 -0.06675997376441956
-0.3293599486351013 0.8390268087387085 0.600192129611969
-0.6716898083686829 0.6177572011947632 0.1180834248661995
0.1247418150305748 0.7981647253036499 -0.33267515897750854
-0.5724971294403076 0.5595763921737671 -0.4501655101776123
-0.7598367929458618 0.47735556960105896 0.15469512343406677
-0.1751052737236023 0.6275015473365784 0.047959957271814346
-0.45124995708465576 0.5006247162818909 -0.2751396894454956
-0.30362316966056824 0.19593028724193573 -0.026932567358016968
-0.24076008796691895 0.5970220565795898 0.0060562072321772575
-0.3896030783653259 0.5454782247543335 -0.02772516943514347
-0.4407707154750824 0.5592013597488403 -0.15573488175868988
-0.52052241563797 0.7835862040519714 0.2031499147415161
-0.25071701407432556 0.30424174666404724 -0.0582568421959877
-0.5136055946350098 0.7334249019622803 0.45891863107681274
-0.48189717531204224 0.6260333061218262 -0.13991884887218475
-0.35332581400871277 0.48451679944992065 0.20224541425704956
-0.3984890580177307 0.7014038562774658 0.10458514839410782
-0.3692633807659149 0.025967394933104515 -0.0849633738398552
-0.39045730233192444 0.37732815742492676 0.14569447934627533
-0.1734112650156021 0.6704186797142029 0.13133512437343597
-0.4162927567958832 0.12522472441196442 0.06814953684806824
-0.1940000355243683 0.3531545400619507 -0.06600798666477203
-0.6655575037002563 0.48255884647369385 0.33641117811203003
-0.05500498786568642 0.49969246983528137 -0.17292344570159912
-0.5386921167373657 0.39107102155685425 0.2089093029499054
-0.7805395722389221 0.4597014784812927 0.07641861587762833
-0.4110581576824188 0.3829672336578369 -0.23574572801589966
-0.5964824557304382 0.3456624746322632 0.16399693489074707
-0.33812692761421204 0.8048211336135864 -0.2369650900363922
-0.5037490725517273 0.485053688287735 -0.25746649503707886
-0.6420443058013916 0.7232460975646973 -0.13461259007453918
-0.6380347013473511 0.2485271543264389 -0.07330590486526489
-0.18686607480049133 0.4264898896217346 -0.0344979427754879
-0.1706700623035431 0.3211412727832794 -0.2993098199367523
-0.49935606122016907 0.3868005871772766 0.10328145325183868
-0.27493271231651306 0.32270216941833496 -0.02780601941049099
0.10121683031320572 0.5434839129447937 -0.09316852688789368
-0.2681140601634979 0.5169217586517334 0.14899957180023193
-0.6503388285636902 0.6020033359527588 0.08783651143312454
-0.3591752052307129 0.46300166845321655 -0.12726163864135742
-0.5454888939857483 0.5246249437332153 -0.0018020409625023603
-0.5155574083328247 0.623894453048706 0.005523516796529293
-0.31804096698760986 0.6372767090797424 -0.06940413266420364
-0.5489355325698853 0.4889014661312103 -0.13325656950473785
-0.46384623646736145 0.5924283862113953 0.10704271495342255
-0.39131590723991394 0.3679109215736389 -0.06399191915988922
-0.5437421202659607 0.6011974215507507 0.09213773906230927
-0.49831461906433105 0.45577186346054077 -0.21980562806129456
-0.7953048348426819 0.4265071749687195 0.024217823520302773
-0.4266231656074524 0.6775780916213989 -0.3514333963394165
-0.49246591329574585 0.5149484276771545 -0.14819814264774323
-0.5170729160308838 0.44739028811454773 0.1427580714225769
-0.6745705008506775 0.5165359973907471 0.10521849989891052
-0.743640661239624 0.3649972975254059 0.07015487551689148
-0.40509089827537537 0.2629333734512329 -0.3566177189350128
-0.32754606008529663 0.7025027275085449 0.25914838910102844
-0.17036719620227814 0.318912535905838 -0.2574741840362549
-0.6668151617050171 0.6414175629615784 0.3694518506526947
-0.4151177704334259 0.7477712631225586 0.06949733197689056
-0.4256601929664612 0.5149682760238647 -0.08576948940753937
-0.6427205801010132 0.5837877988815308 -0.050078634172677994
-0.33079618215560913 0.42692485451698303 0.31976985931396484
-0.2619342505931854 0.5040261149406433 0.10010332614183426
-0.15756359696388245 0.6748546361923218 -0.03565017506480217
-0.4956570565700531 0.16717766225337982 -0.08902296423912048
-0.48778748512268066 0.4242023825645447 -0.6376925706863403
-0.5939521789550781 0.4006681442260742 0.013609306886792183
-0.14077956974506378 0.4574134349822998 -0.05147787183523178
0.13504210114479065 0.4323771595954895 -0.11896420270204544
0.12448381632566452 0.4334847033023834 -0.12800483405590057
-0.4116247296333313 0.6530337929725647 0.22254616022109985
-0.6071406006813049 0.4324507713317871 -0.15410202741622925
-0.7048887014389038 0.437212198972702 0.2592434883117676
0.06747002899646759 0.4430745542049408 0.13835754990577698
-0.6756737232208252 0.5980977416038513 -0.34904879331588745
-0.6305513978004456 0.5731788277626038 0.11563922464847565
-0.04610274359583855 0.38867154717445374 -0.1366925835609436
-0.18391016125679016 -0.009420730173587799 0.2307979017496109
-0.7664669156074524 0.9995929598808289 -0.19770671427249908
-0.6506155133247375 0.6509926319122314 0.025772646069526672
-0.35198354721069336 0.25591617822647095 0.3778783082962036
-0.24428154528141022 0.6357077360153198 -0.8807759284973145
-0.1881820559501648 0.5897495150566101 -0.1284942477941513
-0.34663519263267517 0.5914397239685059 -0.01574665494263172
-0.4664214253425598 0.7031981945037842 0.23677530884742737
-0.2895492911338806 0.3669494092464447 -0.08110440522432327
-0.4934317469596863 0.5350527167320251 -0.04373854771256447
-0.3651171326637268 0.6276955008506775 -0.5483281016349792
-0.26516857743263245 0.6408542394638062 0.02229737676680088
-0.25318941473960876 0.6480354070663452 -0.005325268488377333
-0.35947385430336 0.5765745043754578 -0.4520263969898224
-0.589331865310669 0.5673344731330872 -0.106696717441082
-0.40079620480537415 0.36064502596855164 -0.005476443562656641
-0.4383915662765503 0.7407249808311462 -0.08658270537853241
-0.3164656162261963 0.6602975726127625 -0.030373236164450645
-0.2740894556045532 0.5221536755561829 -0.5439286828041077
-0.16272829473018646 0.5748169422149658 -0.25734439492225647
-0.42627575993537903 0.6878727078437805 -0.0052948868833482265
-0.6379827857017517 0.33414092659950256 0.15724670886993408
-0.4019964933395386 0.5897824764251709 -0.4304337203502655
-0.5173118114471436 0.2983260452747345 -0.13503246009349823
-0.040573567152023315 0.36395666003227234 0.018173672258853912
-0.3304728865623474 0.6550090312957764 0.416272908449173
-0.55742347240448 0.7178629040718079 -0.15362142026424408
-0.631253719329834 0.6184602975845337 -0.04586334154009819
-0.4742659628391266 0.48650944232940674 -0.034303925931453705
-0.29605233669281006 0.5274693369865417 0.16451396048069
-0.3483012616634369 0.625074028968811 0.1489550918340683
-0.3350870907306671 0.26030033826828003 -0.2047615945339203
-0.15829023718833923 0.6072317361831665 -0.09157869964838028
0.09307734668254852 0.3662181496620178 -0.18207651376724243
-0.5150721073150635 0.5327357053756714 -0.18019232153892517
-0.19134429097175598 0.7335655689239502 0.01146361418068409
-0.41927069425582886 0.022325024008750916 0.1737831085920334
-0.3396342098712921 0.623995304107666 0.11205504089593887
-0.6445536017417908 0.4734686315059662 0.2440704107284546
-0.5109903216362 0.588259756565094 -0.47091206908226013
-0.520888090133667 0.7985568046569824 0.5725036263465881
-0.3327057659626007 0.7837446331977844 -0.07388268411159515
-0.32236891984939575 0.42708343267440796 -0.3333868384361267
-0.3210931122303009 0.29000529646873474 -0.01931733638048172
-0.3972003757953644 0.5713493824005127 0.0016441779443994164
-0.7255495190620422 0.4315783679485321 -0.3333604037761688
-0.413127064704895 0.44513654708862305 0.02041819505393505
-0.6299607157707214 0.5116536617279053 -0.23059694468975067
-0.5212531685829163 0.30671223998069763 -0.19159379601478577
-0.1620725393295288 0.22113972902297974 -0.038648076355457306
-0.06565117835998535 0.634871244430542 0.20649310946464539
-0.1441722959280014 0.5097910165786743 -0.3553505539894104
-0.3990929424762726 0.46846771240234375 -0.020712576806545258
-0.6655428409576416 0.44946959614753723 -0.3361375331878662
-0.5948500037193298 0.45496296882629395 -0.0026254449039697647
-0.3621765375137329 0.368497759103775 0.05921665206551552
-0.6755355000495911 0.42358943819999695 -0.3213984966278076
-0.55488520860672 0.18204890191555023 0.11522333323955536
-0.4923993945121765 0.41499537229537964 -0.202837273478508
-0.6614348888397217 0.35574600100517273 -0.041592493653297424
-0.38279393315315247 0.6938214302062988 0.02839958481490612
-0.6055116057395935 0.5128820538520813 0.09923721104860306
-0.36964648962020874 0.6951210498809814 -0.05745392665266991
-0.3400557041168213 0.5643254518508911 0.12418241798877716
-0.5522365570068359 0.4826631247997284 0.30114784836769104
-0.687669038772583 0.12211928516626358 0.045213356614112854
-0.3791033625602722 0.4383088946342468 -0.05001579597592354
-1.1418370008468628 0.4908776879310608 0.020365746691823006
-0.1871211975812912 0.6511067748069763 -0.03557011857628822
-0.3908371329307556 0.6167731881141663 -0.08616486936807632
-0.6026430130004883 0.34777069091796875 -0.21001000702381134
-0.63265061378479 0.8496717214584351 -0.22968141734600067
-0.1915191411972046 0.34658685326576233 -0.2959781587123871
-0.3150292932987213 0.36948737502098083 0.26418593525886536
-0.3643917143344879 -0.12089449167251587 0.08486751466989517
-0.09001806378364563 0.4910382330417633 0.3956552743911743
-0.23227056860923767 0.6567731499671936 0.08960192650556564
-0.6064903736114502 0.42519906163215637 0.09844274818897247
-0.38664713501930237 0.38937366008758545 -0.031892433762550354
-0.14617976546287537 0.4091077744960785 -0.08211422711610794
-0.6432671546936035 0.5530200004577637 -0.28239014744758606
-0.27301666140556335 0.8268921375274658 0.0012366920709609985
-0.09257636219263077 0.8951996564865112 -0.16523250937461853
-0.46130719780921936 0.22930064797401428 0.06832871586084366
-0.1618633270263672 0.728019118309021 -0.08568419516086578
-0.6310404539108276 0.7596604824066162 -0.3423718214035034
-0.05955827608704567 0.34148943424224854 -0.06851789355278015
-0.2861073613166809 0.5783262848854065 0.0895686224102974
-0.10930698364973068 0.7692328691482544 0.2892151176929474
-0.44199249148368835 0.8063154220581055 -0.2710599899291992
-0.42882150411605835 -0.23892194032669067 0.0031769864726811647
-0.532078206539154 0.2868013083934784 0.016690850257873535
-0.47850412130355835 0.5278064608573914 -0.17147107422351837
-0.5762189030647278 0.5601785182952881 -0.33897149562835693
-0.11687476187944412 0.3479338586330414 -0.019173162057995796
-0.4474530816078186 0.5893020033836365 -0.07996845245361328
-0.6452722549438477 0.5828894376754761 0.0135565847158432
-0.6706097722053528 0.3175462484359741 0.09268495440483093
-0.5527570247650146 0.2742024064064026 -0.028000017628073692
-0.40295150876045227 0.43862566351890564 -0.11779353767633438
0.22786356508731842 0.14580288529396057 -0.25499963760375977
-0.2594913840293884 0.7675740122795105 0.08318796008825302
-0.24348008632659912 0.5598486065864563 0.09715882688760757
-0.35562416911125183 0.4450106918811798 -0.015202991664409637
-0.6484349966049194 0.5946439504623413 -0.029073134064674377
-0.7811868190765381 0.5384997725486755 0.07686267048120499
-0.6620625853538513 0.7382002472877502 -0.13985884189605713
-0.43708717823028564 0.47360846400260925 -0.5820373296737671
-0.17665858566761017 0.20759910345077515 -0.06082102283835411
-0.4761207103729248 0.573207437992096 -0.0857977494597435
-0.2607961893081665 0.5312442183494568 0.012898925691843033
-0.25769302248954773 0.5177133083343506 -0.2995673716068268
-0.17584192752838135 0.7013127207756042 0.07785113900899887
-0.415169358253479 0.6069223284721375 0.4943324029445648
-0.2993364930152893 0.41219374537467957 0.12342718988656998
-0.59959477186203 0.6884300112724304 -0.16307449340820312
-0.3223315477371216 0.3673415184020996 -0.11971323192119598
-0.2709052264690399 0.4799100458621979 -0.04830699786543846
-0.4758712351322174 0.4635644257068634 -0.3090057373046875
-0.23893776535987854 0.7403208017349243 0.10311742126941681
-0.0761146992444992 0.5747517347335815 -0.13281206786632538
0.14919708669185638 0.6836336255073547 0.35110384225845337
-0.2715628147125244 0.47007280588150024 -0.38973701000213623
-0.5194087028503418 0.7083953022956848 0.06018204241991043
-0.4422898590564728 0.514687716960907 -0.05017367750406265
-0.5242621302604675 0.5280938744544983 0.09421107918024063
-0.5135374069213867 0.4641236662864685 0.25731104612350464
-0.36309003829956055 0.6343241930007935 0.22608233988285065
-0.3278176486492157 0.5682110786437988 -0.46265488862991333
-0.21760471165180206 0.6044127345085144 0.09302642196416855
-0.40088513493537903 0.3853111267089844 0.41538336873054504
-0.5825600028038025 0.9331277012825012 -0.07589989900588989
-0.11713407933712006 0.7819993495941162 0.18777650594711304
-0.5456058382987976 0.21090395748615265 -0.14048941433429718
-0.28693610429763794 0.6731116771697998 -0.31186842918395996
-0.187933549284935 0.5064101219177246 0.08795462548732758
-0.5610687732696533 0.1462056040763855 0.03286486119031906
-0.4021967351436615 0.7066802978515625 -0.052672430872917175
-0.3657779395580292 0.481322318315506 0.07092967629432678
-0.5036561489105225 0.5520394444465637 -0.02429838478565216
-0.6366841197013855 0.5593238472938538 0.10523787140846252
-0.3948802053928375 0.3827403485774994 -0.4436890780925751
-0.5546780228614807 0.7460578083992004 0.16519704461097717
-0.6535226106643677 0.0683533251285553 -0.08214359730482101
-0.011406376957893372 0.6169787049293518 -0.17411866784095764
-0.43999791145324707 0.6962220668792725 -0.09936277568340302
-0.42031213641166687 0.5801393389701843 -0.13669706881046295
-0.7413886785507202 1.0143300294876099 0.2663681209087372
-0.37040984630584717 0.6903846263885498 0.061524491757154465
-0.4294048249721527 0.6149208545684814 -0.031666308641433716
-0.2935852110385895 0.48756611347198486 -0.07438100874423981
-0.3123844861984253 0.4375137686729431 -0.037469178438186646
-0.45900893211364746 0.7064037919044495 0.2572348117828369
-0.5544355511665344 -0.07510437071323395 0.2767027020454407
-0.738507866859436 0.5503344535827637 0.12032175809144974
-0.6200105547904968 0.4439869523048401 -0.17226219177246094
-0.31043627858161926 0.6315932273864746 -0.05278002843260765
-0.4702190160751343 0.34431201219558716 -0.18771159648895264
-0.2772018611431122 0.3057435154914856 -0.08892399817705154
-0.4786003828048706 0.6170576810836792 -0.044824276119470596
-0.48920342326164246 0.5826074481010437 -0.016068467870354652
-0.5134015083312988 0.4361540675163269 0.07191312313079834
-0.3311258554458618 0.6928433775901794 0.017078403383493423
-0.409864217042923 0.49616506695747375 -0.0021951356902718544
-0.2863384485244751 0.19148558378219604 0.07146462798118591
-0.5418689250946045 0.5088439583778381 -0.17952437698841095
-0.3988388180732727 0.439823180437088 -0.2307458072900772
-0.2891623377799988 0.6973901391029358 -0.03926505893468857
-0.2697266936302185 0.29625797271728516 0.11295361071825027
-0.4682053029537201 0.5346991419792175 -0.1266806721687317
-0.3617783188819885 0.41833391785621643 -0.2270398736000061
-0.5212240815162659 0.3698912560939789 -0.0702529177069664
-0.22072061896324158 0.609550416469574 -0.08921243995428085
-0.3789064884185791 0.4443786144256592 0.012001587077975273
-0.22966870665550232 0.7009948492050171 0.014725308865308762
-0.32499825954437256 0.5011076331138611 0.25402525067329407
-0.5673011541366577 0.6087402701377869 -0.16065731644630432
-0.429696261882782 0.5172569155693054 0.18708808720111847
-0.407137930393219 0.6037843823432922 0.11792436987161636
-0.28123196959495544 0.6532092094421387 0.2028854489326477
-0.1457962542772293 0.6371262669563293 0.24878188967704773
-0.2573847770690918 0.7468161582946777 0.19294393062591553
-0.4304741621017456 0.38095903396606445 -0.09446434676647186
-0.5674265623092651 0.5204662680625916 -0.10625334829092026
-0.5864638090133667 0.24724765121936798 0.0742688775062561
-0.6067032217979431 0.5133436918258667 -0.1691611111164093
-0.3558449447154999 0.32151904702186584 0.16102230548858643
-0.07091554254293442 0.6605046391487122 -0.24729855358600616
-0.5687194466590881 0.7017565965652466 -0.20224636793136597
-0.6694619059562683 0.4711136817932129 0.08787231892347336
-0.2568510174751282 0.5548691749572754 -0.10289417207241058
-0.35299426317214966 0.5688684582710266 -0.07800173759460449
-0.510195791721344 0.6403913497924805 -0.14829549193382263
-0.19241297245025635 0.504237949848175 -0.07183529436588287
-0.3002023994922638 0.4837783873081207 -0.22773534059524536
-0.6080526113510132 0.4390084445476532 0.1484784483909607
-0.6296175122261047 0.4892134368419647 0.01708744280040264
-0.4136732518672943 0.6000884771347046 0.183351069688797
-0.3393796980381012 0.4613112211227417 -0.3427477180957794
-0.7570838928222656 0.07193959504365921 0.09000525623559952
-0.661125898361206 -0.20848625898361206 0.13147686421871185
-0.27396270632743835 0.3865644037723541 -0.23586538434028625
-0.3365066349506378 0.4534219205379486 -0.058507032692432404
-0.39119863510131836 0.7440050840377808 0.18447710573673248
-0.5017168521881104 0.69143146276474 0.06568571925163269
-0.40426695346832275 0.3732885420322418 -0.3345088064670563
-0.5123191475868225 0.47954052686691284 -0.005896979011595249
-0.2860262393951416 0.6170065999031067 0.08255745470523834
-0.3117792308330536 0.6295889019966125 0.08885078132152557
-0.7687824964523315 0.0701204463839531 0.05385613441467285
-0.4205803871154785 0.480966180562973 -0.17631468176841736
-0.7903734445571899 1.2651393413543701 0.0009039135184139013
-0.2382616400718689 0.7627221941947937 0.2259906530380249
-0.3840075731277466 0.38231152296066284 -0.31098657846450806
-0.30390167236328125 0.2111397385597229 -0.07119172811508179
-0.5809538960456848 0.6939732432365417 -0.1335182934999466
-0.49079522490501404 0.5087658762931824 0.027319874614477158
-0.6548511981964111 0.757911741733551 0.05056232586503029
-0.5885775089263916 0.44478166103363037 0.040328554809093475
-0.3307197391986847 0.5390710234642029 0.0076838345266878605
-0.30739209055900574 0.6457781791687012 -0.07660291343927383
-0.4042108952999115 0.6889840960502625 -0.14294199645519257
-0.5733998417854309 0.5040027499198914 -0.15889941155910492
-0.715308666229248 0.6549461483955383 0.3523908853530884
-0.688500702381134 0.633395791053772 -0.34751513600349426
-0.23494498431682587 0.7491787672042847 0.45739835500717163
-0.45593786239624023 0.7244898676872253 -0.17780184745788574
-0.11668436229228973 0.5527705550193787 -0.21061600744724274
-0.3246992528438568 0.5487967729568481 -0.06631062179803848
-0.7726449370384216 0.7242347002029419 -0.06822051107883453
-0.42481735348701477 0.6260582208633423 -0.047583919018507004
-0.349642276763916 0.3323601186275482 0.01785765029489994
-0.3083842694759369 0.5662558078765869 0.21103616058826447
-0.29962122440338135 0.4104717969894409 -0.49723124504089355
-0.4219736158847809 0.3578891158103943 0.059619903564453125
-0.2150169163942337 0.4976389408111572 -0.22371572256088257
-0.5277300477027893 -0.09462770074605942 0.12259259819984436
-0.49371466040611267 0.5241414904594421 -0.0807986930012703
-0.2601372301578522 0.30537834763526917 0.16743691265583038
-0.02920512855052948 0.6357871294021606 0.030267493799328804
-0.38822153210639954 0.7083911299705505 0.09567228704690933
-0.4634118378162384 0.7077720761299133 -0.1824253648519516
-0.1434522569179535 0.7652618288993835 -0.3294142782688141
-0.5030331015586853 0.5487813353538513 -0.5334786772727966
-0.4581545889377594 0.24124398827552795 -0.21389199793338776
-0.45339182019233704 0.4371064007282257 -0.2906835973262787
-0.36652642488479614 0.6144338250160217 -0.15951001644134521
-0.4471045136451721 0.49599871039390564 -0.0951046496629715
-0.6258511543273926 0.5058586597442627 0.047791752964258194
-0.48952069878578186 0.4534781277179718 0.07254213839769363
0.06341273337602615 0.536319375038147 0.17324864864349365
-0.45533299446105957 0.36485645174980164 -0.08687126636505127
-0.13677789270877838 0.4877193570137024 0.05637311562895775
-0.4729568660259247 0.5168288350105286 0.1496732085943222
-0.535361111164093 0.23135070502758026 0.5457670092582703
-0.4380775988101959 0.22210228443145752 -0.046076785773038864
-0.5170831680297852 0.7296667098999023 -0.25973835587501526
-0.43693554401397705 0.7251304388046265 -0.12874257564544678
-0.7532989978790283 0.6476259231567383 0.09961556643247604
0.12044727057218552 0.9074103236198425 0.5349238514900208
0.15900081396102905 0.6248440146446228 0.22914671897888184
-0.22467565536499023 0.540668785572052 -0.35975250601768494
-0.2288561761379242 0.5481943488121033 -0.9196184277534485
-0.18672332167625427 0.7661163806915283 -0.23763784766197205
-0.6904396414756775 0.47299543023109436 -0.1285407990217209
-0.3623117506504059 0.5640151500701904 0.026896491646766663
-0.5634193420410156 0.6440430283546448 -0.1273345798254013
-0.37895411252975464 0.20641261339187622 -0.12141947448253632
-0.44736117124557495 0.8882526755332947 0.0700971931219101
-0.3940451741218567 0.7332000136375427 -0.05722900480031967
-0.39958417415618896 -0.17221187055110931 0.3769451081752777
-0.425060898065567 0.48578351736068726 -0.2252720147371292
-0.16466490924358368 0.7159873247146606 -0.08775382488965988
-0.5276880860328674 0.32121750712394714 0.2977151870727539
-0.5483182072639465 0.5674554109573364 -0.47642719745635986
-0.4121644198894501 0.47886428236961365 0.11112482100725174
-0.21321512758731842 0.5387410521507263 0.016941681504249573
-0.15215301513671875 0.18382033705711365 -0.425184041261673
-0.7896187901496887 0.41849178075790405 -0.4203723073005676
-0.3509680926799774 0.11092532426118851 0.009589087218046188
-0.4631013870239258 0.8029665350914001 -0.09150043874979019
-0.6076532602310181 0.7313904166221619 0.18476895987987518
-0.577233076095581 0.6458218693733215 -0.07114093005657196
-0.4424099326133728 0.5641512274742126 -0.30078423023223877
-0.3317783772945404 0.4951941668987274 -0.5659164190292358
-0.3009936213493347 0.5870984792709351 -0.13726110756397247
-0.4794483184814453 0.48935553431510925 0.06936554610729218
-0.6499043703079224 0.542414665222168 -0.0316101498901844
-0.5141583681106567 0.6031979322433472 0.0007677653338760138
-0.23313015699386597 0.43278074264526367 0.26694223284721375
-0.7116988301277161 0.5587230920791626 0.172870472073555
-0.014626478776335716 0.37828564643859863 -0.12516339123249054
-0.5373754501342773 0.10949505120515823 0.07524900883436203
-0.29445329308509827 0.460526704788208 -0.4535100758075714
-0.33567747473716736 0.5290715098381042 -0.38307899236679077
-0.6028030514717102 0.5120114684104919 0.16634969413280487
-0.34496763348579407 0.04943105950951576 -0.03772784397006035
-0.5920034646987915 0.03750094398856163 -0.17853884398937225
-0.2911876440048218 0.5539196729660034 -0.09462421387434006
-0.23939062654972076 0.5491374731063843 0.1553930938243866
-0.42591392993927 0.6597999334335327 -0.04472801834344864
0.08075522631406784 0.6525490283966064 0.010347189381718636
-0.3436559736728668 0.6252192258834839 -0.11246450990438461
-0.7456102967262268 0.4633459746837616 0.07165659964084625
-0.20681636035442352 0.3901601731777191 0.19551260769367218
-0.5894939303398132 0.5043948292732239 -0.2868751287460327
-0.6739917993545532 0.4857194125652313 -0.22909285128116608
-0.26139727234840393 -0.1978989988565445 0.004610764794051647
-0.24693873524665833 0.4463132917881012 0.2738325595855713
-0.7603539228439331 0.42633020877838135 0.1102965846657753
-0.6133609414100647 0.4019255042076111 -0.183371901512146
-0.37959396839141846 0.5657307505607605 0.16187258064746857
-0.42766061425209045 0.5785468220710754 0.03461210057139397
-0.5544102787971497 0.5612146258354187 0.23215816915035248
-0.029917314648628235 0.7541611790657043 0.30413171648979187
-0.6581860780715942 0.5078928470611572 -0.31018638610839844
-0.4266900420188904 0.31236955523490906 -0.06043487414717674
-0.7165141701698303 0.545883059501648 -0.11180389672517776
-0.2901117503643036 0.5082122087478638 0.18520841002464294
-0.4559876620769501 0.4516914188861847 0.018418418243527412
-0.7478447556495667 0.5373383164405823 -0.06930810213088989
-0.5078608393669128 0.06777811050415039 -0.13164548575878143
-0.6411693692207336 0.5686963796615601 0.24318332970142365
-0.3104931116104126 0.5378178954124451 0.6025064587593079
-0.581437885761261 0.5182318687438965 -0.09040118008852005
-0.39507120847702026 0.09211167693138123 0.1479833424091339
-0.04145412892103195 0.12163890153169632 -0.10735198855400085
-0.48051032423973083 0.6214175224304199 -0.02928856760263443
-0.12256453931331635 0.5823442935943604 0.21863217651844025
-0.6237087845802307 -0.28935179114341736 0.09131024032831192
-0.3433345854282379 0.5063997507095337 -0.317263126373291
-0.7427673935890198 0.5511806011199951 0.22102326154708862
-0.397226482629776 0.23925714194774628 -0.06560558825731277
-0.4484208822250366 0.6425943374633789 -0.4017970561981201
-0.3837476372718811 0.5696086883544922 -0.4288105070590973
-0.3983948826789856 0.6068404316902161 -0.3907787501811981
-0.10551667958498001 0.3910179138183594 -0.16663090884685516
-0.5328516960144043 0.6710621118545532 -0.02197142131626606
-0.6270280480384827 0.5991439819335938 0.15340283513069153
-0.5320917367935181 0.33266621828079224 0.09129254519939423
-0.5095428824424744 0.5054791569709778 -0.08025160431861877
-0.23175762593746185 0.7209768891334534 -0.277044415473938
-0.10819465667009354 0.6426690816879272 0.38984414935112
-0.14076517522335052 0.7184451222419739 0.21052277088165283
-0.2858980894088745 0.5276776552200317 -0.1677452027797699
-0.5117212533950806 0.3784235119819641 0.11651251465082169
-0.23526893556118011 0.49451661109924316 -0.35295626521110535
-0.013535786420106888 0.4997496008872986 -0.03289437294006348
-0.4438905715942383 0.6447137594223022 -0.384302020072937
-0.5125871896743774 0.626356840133667 0.09833179414272308
-0.49031031131744385 0.5890138745307922 -0.36579063534736633
-0.27959415316581726 0.7517645955085754 0.4615458846092224
-0.49246785044670105 0.38644930720329285 -0.5303680300712585
-0.47837164998054504 0.8139134049415588 0.2200927883386612
-0.36480364203453064 0.7488222718238831 0.1849239617586136
-0.6626724004745483 0.4966524541378021 -0.2842457592487335
-0.135480135679245 0.6783052086830139 0.39744555950164795
-0.4475995600223541 0.6081962585449219 -0.10452856123447418
-0.5076439380645752 0.3745276927947998 -0.22989735007286072
-0.4589598774909973 0.5166536569595337 -0.011301152408123016
-0.02763177640736103 0.49846529960632324 0.08304651081562042
0.04903251677751541 0.770641028881073 -0.07093822956085205
-0.2885304391384125 0.4513813257217407 -0.22701644897460938
-0.24516209959983826 0.4029625356197357 -0.07635513693094254
-0.3457849323749542 0.3691517412662506 -0.14123322069644928
-0.2515457570552826 0.7593876123428345 0.04223620891571045
-0.42976611852645874 0.644516110420227 0.06856880336999893
-0.7283954620361328 0.49707329273223877 -0.27732715010643005
-0.5863749980926514 0.4697866439819336 -0.22736471891403198
-0.4201186001300812 0.6091523170471191 -0.15455470979213715
-0.7445279359817505 0.4048348367214203 -0.48660150170326233
-0.2010597586631775 0.009536461904644966 -0.07096649706363678
-0.6378410458564758 0.6336239576339722 -0.343622624874115
-0.6600823402404785 0.14267867803573608 -0.23257112503051758
-0.7429094314575195 0.35763534903526306 -0.018937719985842705
-0.5999126434326172 0.4927976131439209 -0.11139485239982605
-0.41065824031829834 0.40990620851516724 -0.06504516303539276
-0.45780977606773376 0.4479902982711792 -0.23929615318775177
-0.015671929344534874 0.6185433268547058 0.40792176127433777
-0.21981529891490936 0.638189971446991 -0.13928738236427307
-0.42298102378845215 0.44234487414360046 -0.12512220442295074
-0.26485955715179443 0.5164991021156311 -0.5034078359603882
-0.4101954996585846 0.7814151644706726 0.3481210470199585
-0.606539249420166 0.44398701190948486 0.14176836609840393
-0.6071792840957642 0.5061910152435303 -0.01988901197910309
-0.6515795588493347 -0.03562571480870247 0.12590292096138
-0.2380266636610031 0.6654377579689026 0.15313881635665894
-0.24748997390270233 0.5472494959831238 -0.20384173095226288
-0.6997994184494019 0.6009941101074219 -0.014120172709226608
-0.45731493830680847 0.4708084464073181 -0.039968036115169525
-0.1367107778787613 0.5650152564048767 -0.13438206911087036
-0.2576589286327362 0.4751521646976471 -0.1533927321434021
-0.4595925807952881 0.5764219164848328 0.04124740883708
-0.4909159243106842 0.695944607257843 0.28186875581741333
-0.15324874222278595 0.7435020208358765 0.261388897895813
-0.33809998631477356 0.4664858877658844 0.1082167774438858
-0.6074056625366211 0.3509085178375244 -0.2604583203792572
-0.41046178340911865 0.42560434341430664 -0.053991977125406265
-0.4115336239337921 0.6725280284881592 0.19869466125965118
-0.34284260869026184 0.7739052176475525 0.2890305817127228
-0.5797285437583923 0.8977396488189697 -0.21204707026481628
-0.5564635396003723 0.47095155715942383 0.0967584028840065
-0.04258333519101143 0.8240562677383423 -0.1741897314786911
-0.5763754844665527 0.4266452193260193 -0.17016395926475525
-0.5742156505584717 0.23650144040584564 -0.08608314394950867
-0.5025689601898193 0.43446093797683716 0.00375051936134696
-0.3507411479949951 0.6015015244483948 0.21624213457107544
-0.4133903384208679 0.4125854969024658 -0.027190975844860077
-0.011798128485679626 0.6209108233451843 0.38342928886413574
-0.33507591485977173 0.13720063865184784 -0.04235042631626129
-0.3274780809879303 0.3952569365501404 -0.15291540324687958
-0.5593874454498291 0.4427625238895416 0.11890193819999695
-0.5328999757766724 0.7399967908859253 0.2605312168598175
-0.527897834777832 0.6240015029907227 0.09769246727228165
-0.5439720153808594 0.49737733602523804 0.07048119604587555
-0.5419862866401672 0.19255340099334717 -0.3984031677246094
-0.38380467891693115 0.4865686595439911 -0.12103724479675293
-0.3045440912246704 0.2931596040725708 -0.28385964035987854
-0.6890965700149536 0.3982696831226349 0.12344580143690109
-0.5199713706970215 0.4291920065879822 -0.1319989114999771
-0.42923569679260254 0.705668032169342 -0.2578514516353607
-0.22462089359760284 0.6770145297050476 -0.22699090838432312
-0.5515721440315247 0.718092143535614 -0.024261485785245895
-0.39602699875831604 0.5997630953788757 -0.1354307234287262
-0.5011939406394958 -0.1575276255607605 0.04481342434883118
-0.14810587465763092 0.3800313174724579 0.11235065013170242
-0.050533443689346313 0.5782299041748047 -0.1694662719964981
-0.6195508241653442 0.44071856141090393 -0.18282051384449005
-0.6237412691116333 0.5037845373153687 -0.2833575904369354
-0.4424501061439514 0.5891609787940979 -0.25419318675994873
-0.32519426941871643 0.5228015184402466 -0.04290933907032013
-0.3864111602306366 0.5112919807434082 0.0863015204668045
-0.5434414148330688 0.7381017208099365 -0.12770165503025055
-0.18194054067134857 0.6571846604347229 -0.20490063726902008
-0.512380838394165 0.7713292837142944 -0.07455618679523468
-0.43511635065078735 0.5106782913208008 -0.18036828935146332
-0.3958401381969452 0.6444345116615295 -0.04118114709854126
-0.34886568784713745 0.6037374138832092 0.059805601835250854
-0.1899396926164627 0.5071516036987305 -0.3744092881679535
0.009255226701498032 0.5170612931251526 0.004857737571001053
-0.3323907256126404 0.3497321605682373 -0.22495603561401367
-0.3846278786659241 0.6809742450714111 -0.016029389575123787
-0.4917551875114441 0.31029585003852844 -0.5306536555290222
0.2757861614227295 0.7271307110786438 0.16203159093856812
-0.3006432354450226 0.036410629749298096 0.4186505973339081
-0.3636121451854706 0.5491191744804382 -0.2003813087940216
-0.48828527331352234 0.5907448530197144 0.11305950582027435
-0.43132084608078003 0.47208499908447266 -0.005221715196967125
-0.4193477928638458 0.5401197075843811 0.49906599521636963
-0.13877896964550018 0.5536512732505798 0.08700615912675858
-0.5434198379516602 0.0779799297451973 -0.35381126403808594
-0.3624339997768402 0.6075305938720703 -0.14064304530620575
0.05991606414318085 0.6359632611274719 -0.0950058177113533
-0.36169925332069397 0.10056139528751373 0.0212650615721941
0.03618669509887695 0.6260693669319153 -0.2892461121082306
-0.2719116508960724 0.07161463052034378 -0.266611248254776
-0.5505416393280029 0.6379794478416443 -0.045040518045425415
-0.09519390016794205 0.08123692870140076 -0.15069624781608582
-0.5995727181434631 0.577482283115387 0.0007337989518418908
-0.40433159470558167 0.49404287338256836 0.004687270149588585
-0.2855689525604248 0.6157614588737488 0.10050229728221893
-0.3911433517932892 0.5023568868637085 -0.22474369406700134
-0.6829916834831238 0.3536511957645416 0.047263406217098236
-0.38363292813301086 0.716839075088501 -0.02208896540105343
-0.013625644147396088 0.5981350541114807 -0.2531917691230774
-0.3905928432941437 0.4423753023147583 -0.09587311744689941
-0.677692711353302 0.27806299924850464 -0.02541375532746315
-0.5967146158218384 0.5418857336044312 0.20622806251049042
-0.49310386180877686 0.9486202001571655 -0.2305610626935959
-0.7791368365287781 0.782069206237793 0.21752691268920898
-0.35525771975517273 0.5491052269935608 -0.02630716934800148
-0.43663251399993896 0.600845217704773 0.24411585927009583
-0.3558805286884308 0.43731769919395447 -0.0037411279045045376
-0.3630405068397522 0.7086271047592163 0.2777605652809143
-0.23847956955432892 0.7483435869216919 0.342558354139328
-0.39094212651252747 0.5396738052368164 -0.2337917983531952
-0.3593830168247223 0.8410952091217041 -0.4096396863460541
-0.4132816791534424 0.39998671412467957 -0.33765116333961487
-0.4914146959781647 0.33766207098960876 -0.16313037276268005
-0.4898208975791931 0.4169202446937561 0.09565728902816772
-0.5501431226730347 0.0785556212067604 -0.43583032488822937
-0.14157499372959137 0.7726520895957947 -0.42385101318359375
-0.4013464152812958 0.726794421672821 0.2014348804950714
-0.48850396275520325 0.5546713471412659 -0.053637806326150894
-0.6304930448532104 0.19488728046417236 0.03764941170811653
-0.7012131214141846 0.4859965443611145 0.2095344364643097
-0.37842050194740295 0.5714309811592102 -0.4154699742794037
-0.6808054447174072 0.5486860871315002 0.002347530797123909
-0.5863782167434692 0.609280526638031 0.055800337344408035
-0.6377984285354614 0.7131809592247009 0.18513834476470947
-0.5481029748916626 0.5326968431472778 -0.303386926651001
-0.20186738669872284 0.2008766084909439 0.040641989558935165
-0.3267802298069 0.350867360830307 -0.20937173068523407
-0.5175044536590576 0.45858749747276306 -0.0006761976983398199
-0.41541585326194763 0.5713983178138733 -0.005912939086556435
-0.3814550042152405 0.643718421459198 0.18590766191482544
-0.3050791323184967 0.47058355808258057 0.023446040228009224
-0.27243107557296753 0.45874595642089844 0.09940582513809204
-0.5531931519508362 0.32249903678894043 0.12165804207324982
0.14594213664531708 0.781716525554657 -0.28455230593681335
-0.43408435583114624 0.5564289689064026 -0.21592624485492706
-0.6145736575126648 0.18375790119171143 -0.2865513265132904
-0.37303856015205383 0.42447805404663086 -0.02319692075252533
-0.6361276507377625 0.8911488652229309 -0.25218823552131653
-0.627917468547821 0.7664617896080017 0.014053283259272575
-0.481160044670105 0.6516668200492859 -0.04434002563357353
-0.29632389545440674 0.5682535171508789 -0.11751630902290344
-0.28932639956474304 0.45426034927368164 -0.208301842212677
-0.399954229593277 0.6464319825172424 0.565712571144104
-0.6113075017929077 0.6707662343978882 -0.10475581884384155
-0.5018197894096375 0.3823266923427582 -0.10237711668014526
-0.4330597221851349 0.5219559073448181 0.2974596321582794
-0.3814365863800049 0.2303844541311264 -0.09283716976642609
-0.5031664967536926 0.4453831911087036 -0.031895674765110016
-0.40236806869506836 0.8426035046577454 0.07094967365264893
-0.42858996987342834 0.5045318007469177 -0.0744086429476738
-0.36291074752807617 0.17427392303943634 -0.012554662302136421
-0.7542652487754822 0.4418341815471649 0.10743876546621323
0.3907007575035095 0.8162801861763 0.014472328126430511
-0.31922224164009094 0.47743216156959534 -0.242575004696846
-0.12074847519397736 0.6365257501602173 0.2993338108062744
-0.4023137390613556 0.5737707018852234 -0.08423999696969986
-0.5006107091903687 0.6388255953788757 0.16901330649852753
-0.24606524407863617 0.6300495266914368 -0.30728140473365784
-0.5219528675079346 0.4191402494907379 -0.20402087271213531
-0.37791281938552856 0.6481221318244934 -0.043273162096738815
-0.49695706367492676 0.4254867732524872 -0.3697224259376526
-0.5972989201545715 0.33130043745040894 0.2454078197479248
-0.1737643927335739 0.3313644230365753 -0.15112897753715515
-0.40051352977752686 0.36964529752731323 -0.7235584259033203
-0.21166783571243286 0.0809384360909462 -0.014655664563179016
-0.3719232678413391 0.5304009318351746 -0.13031195104122162
-0.5489155054092407 0.6576594114303589 -0.2205023169517517
-0.4589414894580841 0.7404412031173706 0.07016719877719879
-0.04611249640583992 0.7253023982048035 0.11701356619596481
-0.48119208216667175 0.5719418525695801 0.4124901592731476
-0.3523598313331604 0.5151065587997437 -0.24912697076797485
-0.4157038629055023 0.4566801190376282 0.14741362631320953
-0.6959845423698425 0.5914438962936401 0.21718722581863403
0.02502613514661789 0.6899852156639099 -0.13733862340450287
-0.5397221446037292 0.5502665638923645 -0.13455967605113983
-0.24739210307598114 0.5689135789871216 -0.06762509793043137
-0.2895473837852478 -0.014413382858037949 0.3080131709575653
-0.35512325167655945 0.2217595875263214 0.09829777479171753
-0.20256686210632324 0.7194396257400513 -0.276004433631897
-0.1997830718755722 0.3319326341152191 -0.053555019199848175
-0.4978831708431244 0.6478659510612488 0.07207775115966797
-0.4193955659866333 0.4088062047958374 -0.8835625052452087
-0.5830578804016113 0.4766109883785248 0.12430495768785477
-0.3959183394908905 0.6607379913330078 -0.1634436547756195
-0.6105605959892273 0.6105347275733948 0.09019502252340317
-0.3008124828338623 0.5204024910926819 0.17007076740264893
-0.3408817648887634 0.28609707951545715 -0.19264689087867737
-0.5501996278762817 0.5638039112091064 -0.27904683351516724
-0.27630624175071716 0.1860852986574173 -0.04479435086250305
-0.4616062641143799 0.4466370642185211 -0.13531875610351562
-0.49424147605895996 0.4974815845489502 -0.14850865304470062
-0.4177597761154175 0.7180742025375366 0.09201324731111526
-0.5826154947280884 0.7713820338249207 -0.06965701282024384
-0.27738580107688904 0.6354814171791077 0.16117489337921143
-0.499003142118454 0.6556487679481506 0.1399754136800766
-0.41777485609054565 0.569974958896637 -0.3149957060813904
-0.4236923158168793 0.41099444031715393 0.1790168285369873
-0.3293421268463135 0.6379437446594238 -0.1009087786078453
-0.7147727608680725 0.13528268039226532 0.061149127781391144
-0.5016714334487915 0.3711613416671753 -0.1084478572010994
-0.4555039405822754 0.7778947353363037 -0.22894269227981567
-0.4937984347343445 0.6708376407623291 0.05650545284152031
-0.004225094802677631 0.8204351663589478 -0.14201253652572632
-0.6830011606216431 0.5076357126235962 0.04400467127561569
-0.4523095190525055 0.5531156063079834 -0.060712721198797226
-0.07635829597711563 0.6887763142585754 -0.557738721370697
-0.2550145983695984 0.4222043454647064 -0.21189257502555847
-0.437625527381897 0.6094055771827698 -0.1755804866552353
-0.7253040075302124 0.5972349643707275 0.06912073493003845
-0.6097389459609985 0.5866245627403259 0.35772064328193665
0.04162096977233887 0.5226240158081055 -0.22329029440879822
-0.5039904713630676 0.4689021110534668 -0.055594369769096375
-0.600448727607727 0.48962873220443726 0.10658709704875946
-0.09054648131132126 0.9681746959686279 0.4365032911300659
-0.17288954555988312 0.66704261302948 0.32292917370796204
-0.5473037958145142 0.6958735585212708 -0.14630314707756042
-0.46866321563720703 0.5127178430557251 0.2352714091539383
-0.45387789607048035 0.5631787180900574 -0.14505568146705627
-0.07668136060237885 0.3864844739437103 -0.48117783665657043
0.08968654274940491 0.5655098557472229 0.11214516311883926
-0.38960498571395874 0.5655636191368103 -0.05871601775288582
-0.1602582186460495 0.2890688180923462 -0.0639992207288742
-0.45565667748451233 0.45944294333457947 0.11695097386837006
-0.46795976161956787 0.5316590070724487 -0.02468479424715042
-0.4001052677631378 0.5119311213493347 0.15341457724571228
-0.10781128704547882 0.8141518831253052 0.04122255742549896
-0.608372151851654 0.577872633934021 0.1142069399356842
-0.19663827121257782 0.6740677356719971 -0.41195911169052124
-0.36140385270118713 0.4767162501811981 -0.14935840666294098
-0.5074166655540466 0.29441994428634644 -0.1537085473537445
-0.037707969546318054 0.4957561492919922 -0.04184061661362648
-0.4645885229110718 0.41158729791641235 -0.06164484843611717
-0.4714382588863373 0.4747360050678253 -0.009778255596756935
-0.5893454551696777 0.3029717206954956 0.03543348237872124
-0.408733069896698 0.45120251178741455 0.0766633078455925
-0.14968933165073395 0.5249122381210327 -0.12379059940576553
-0.6073567867279053 0.5038968920707703 0.10964842140674591
-0.25686782598495483 0.5622715353965759 -0.017263362184166908
-0.4864572286605835 0.6592951416969299 -0.08289796113967896
-0.35966041684150696 0.5204133987426758 -0.010394712910056114
-0.45464667677879333 0.595548152923584 -0.09423156082630157
-0.5026296377182007 0.6489154696464539 -0.4175393581390381
-0.4811696410179138 0.45270493626594543 -0.1266666054725647
-0.5069946646690369 0.7130604982376099 0.1361236423254013
-0.5288262367248535 0.5899142622947693 -0.18046142160892487
-0.5027697086334229 0.5310226082801819 -0.14274176955223083
-0.1650524139404297 0.411767840385437 -0.29665303230285645
-0.41388875246047974 0.5018982887268066 0.2765216529369354
-0.2735947072505951 0.583734929561615 -0.04541444033384323
-0.6270892024040222 0.43995529413223267 -0.03127161040902138
-0.6362667083740234 0.5260517597198486 0.04465944319963455
-0.5346365571022034 0.5854994058609009 -0.21819999814033508
-0.24328391253948212 0.5731846690177917 -0.468254417181015
-0.4568710923194885 0.3355899155139923 -0.24208851158618927
-0.6909744739532471 0.46366602182388306 -0.0516025647521019
-0.37160202860832214 0.48553070425987244 0.06335161626338959
-0.6660767793655396 0.4330664575099945 0.13928985595703125
-0.36777254939079285 0.57187819480896 -0.026533158496022224
-0.31158527731895447 0.11550185829401016 0.06476651132106781
-0.5787690877914429 0.6721764206886292 -0.16638275980949402
-0.48935845494270325 0.48666033148765564 -0.17523905634880066
-0.5307424068450928 0.24477925896644592 -0.02191741392016411
-0.47967007756233215 0.38222482800483704 -0.23011761903762817
-0.5487991571426392 0.7280667424201965 -0.3194689452648163
-0.18034932017326355 0.531679093837738 -0.14679792523384094
-0.48844286799430847 0.6765261292457581 0.2082226723432541
-0.5404305458068848 0.5516353845596313 0.20329365134239197
-0.5907570719718933 0.48110082745552063 0.08619334548711777
-0.36665698885917664 0.5268564820289612 -0.21966545283794403
-0.5132492780685425 0.45618465542793274 -0.08701032400131226
-0.7520804405212402 0.8518993258476257 -0.15743406116962433
-0.056404959410429 0.5629839301109314 -0.25872015953063965
-0.5805995464324951 0.587151825428009 -0.15923765301704407
-0.48323312401771545 0.6678410768508911 -0.669520378112793
0.21523292362689972 0.7521876096725464 -0.12179047614336014
-0.38010984659194946 0.5585812926292419 -0.12401560693979263
-0.7231237292289734 0.47174882888793945 -0.009017184376716614
-0.48737815022468567 0.5381640195846558 0.07135354727506638
-0.3398034870624542 0.5823372006416321 -0.21796032786369324
-0.38332703709602356 0.17033059895038605 0.10197848081588745
-0.4749086797237396 0.5082206726074219 -0.07207085192203522
0.07954251766204834 0.4267323315143585 0.041603267192840576
-0.2878379821777344 0.5715919733047485 -0.10871711373329163
-0.5301113128662109 0.6612801551818848 0.03360778093338013
-0.029492955654859543 0.18461211025714874 -0.03766784444451332
-0.3325192630290985 0.5068265199661255 -0.12785427272319794
-0.16567012667655945 0.5454345345497131 -0.217357337474823
-0.4242420494556427 0.4273870587348938 -0.49022623896598816
-0.281566321849823 0.48860687017440796 -0.19006098806858063
-0.6634455919265747 0.5466833710670471 -0.08486943691968918
-0.6317987442016602 0.17579498887062073 -0.29841187596321106
-0.17907145619392395 0.4170481264591217 -0.20329146087169647
-0.597383439540863 0.42986592650413513 0.09323952347040176
-0.29675328731536865 -0.08809936046600342 0.3537306487560272
-0.42722949385643005 0.5760579705238342 0.04817919805645943
-0.5483046174049377 0.33483976125717163 0.2910598814487457
-0.11938489973545074 0.41754329204559326 -0.18506364524364471
-0.5174460411071777 0.561517059803009 -0.05555199086666107
-0.3134537935256958 0.5673739910125732 -0.11554402858018875
-0.2387331873178482 0.5277168154716492 0.0329153947532177
-0.5791365504264832 0.4519102871417999 -0.05139018967747688
-0.4121387302875519 0.33732330799102783 0.012747630476951599
-0.48174306750297546 0.42970040440559387 -0.5655578374862671
-0.2806779742240906 0.3005812466144562 0.00772912846878171
-0.2624559998512268 0.49055561423301697 0.055799730122089386
-0.6963177919387817 0.549019992351532 -0.4006832540035248
-0.06267277896404266 0.5815058350563049 0.21199916303157806
-0.6022509932518005 0.6010781526565552 0.028312798589468002
-0.3660629689693451 0.6351755857467651 -0.22193922102451324
-0.5286146402359009 0.5163567662239075 -0.1601659506559372
-0.4845207631587982 0.7238932847976685 -0.11025329679250717
-0.6191545128822327 0.4591448903083801 0.008657115511596203
0.08403731137514114 0.6432569622993469 -0.11403622478246689
-0.18081508576869965 0.7662685513496399 -0.2772950828075409
-0.38794994354248047 0.5053160786628723 -0.007791994605213404
-0.6597791314125061 0.49077799916267395 0.25781261920928955
-0.21360452473163605 0.4775431752204895 -0.09637369960546494
-0.49457159638404846 0.5532001852989197 -0.021928347647190094
-0.6335360407829285 0.7594317197799683 0.1229480430483818
-0.21214675903320312 0.7862804532051086 0.2864183783531189
-0.6265076994895935 0.5204501152038574 0.05805005133152008
-0.2581821084022522 0.43588340282440186 0.1638159453868866
-0.4247671961784363 0.40516209602355957 0.01702938601374626
-0.2996211349964142 0.45595020055770874 -0.028427155688405037
-0.34928643703460693 0.5641515851020813 0.05364539101719856
-0.4837961494922638 0.5228643417358398 -0.2655262053012848
-0.16478919982910156 0.5313987135887146 0.21969890594482422
-0.32438430190086365 0.25332826375961304 -0.056515779346227646
-0.6513057947158813 0.5983215570449829 -0.2979336977005005
-0.6468472480773926 0.6801894903182983 -0.18474037945270538
-0.3960627317428589 0.5167393088340759 0.11434055864810944
-0.44043591618537903 0.47720056772232056 0.14871443808078766
-0.7717533111572266 0.5575127601623535 0.23697614669799805
-0.35082516074180603 0.6422719359397888 -0.11477721482515335
-0.5346879363059998 0.6726997494697571 0.14818666875362396
-0.27908140420913696 0.5691970586776733 0.1191311776638031
-0.4701622426509857 0.558463454246521 0.055156998336315155
-0.5384255647659302 0.5643514394760132 0.15434230864048004
-0.40748855471611023 0.7077176570892334 0.32849475741386414
-0.5045722126960754 0.4100455641746521 -0.0779917761683464
-0.42480388283729553 0.443499356508255 0.1417384147644043
-0.44510629773139954 0.48301997780799866 -0.07640237361192703
-0.19345416128635406 0.7322242259979248 -0.1800413280725479
-0.15440060198307037 0.4540797770023346 0.03490995988249779
-0.5456976890563965 0.47785234451293945 -0.12451543658971786
-0.4001169502735138 0.751588761806488 0.526609480381012
-0.33785685896873474 0.6266804933547974 -0.030465932562947273
-0.47406214475631714 0.5567709803581238 -0.019879493862390518
-0.6899202466011047 0.4069073498249054 0.03613369166851044
-0.6246767640113831 0.5157074332237244 -0.2925788164138794
-0.6256747245788574 0.4934799373149872 -0.05685070529580116
-0.5171236395835876 0.5491695404052734 -0.2525688409805298
-0.6298876404762268 0.4817816913127899 -0.032691556960344315
-0.5521185398101807 0.4513598382472992 -0.26689937710762024
-0.2185993492603302 0.14578011631965637 0.07711609452962875
-0.3247000575065613 0.5114904642105103 -0.49570873379707336
-0.3115704357624054 0.8048068284988403 0.2123059630393982
-0.23674720525741577 0.4578273296356201 -0.20418789982795715
0.4816250503063202 0.5812602043151855 0.3719647526741028
-0.22985273599624634 0.5625502467155457 -0.32734087109565735
-0.6447030305862427 -0.12212809175252914 0.11740482598543167
-0.45736050605773926 0.7546975016593933 0.08237020671367645
-0.5432313084602356 0.6661694049835205 -0.11297068744897842
-0.5385952591896057 0.5425050854682922 0.5038580298423767
-0.5590271949768066 0.6997401118278503 0.17098453640937805
-0.4733148217201233 0.6753313541412354 -0.1325443685054779
0.06594566255807877 0.6824828386306763 0.12162608653306961
-0.504234254360199 0.45574796199798584 0.1573680192232132
-0.5302304625511169 0.286557137966156 0.08692942559719086
-0.1735336035490036 0.31812697649002075 -0.11307775974273682
-0.056753505021333694 0.7029428482055664 0.2841413915157318
-0.31076890230178833 0.41129428148269653 -0.19333165884017944
-0.44867685437202454 0.666134774684906 0.1776616871356964
-0.44658100605010986 0.12709572911262512 -0.2643473148345947
-0.20219393074512482 0.5426496863365173 0.2089662253856659
-0.5418860912322998 0.31079909205436707 -0.07486478239297867
-0.6777790188789368 0.12938395142555237 -0.0724354237318039
-0.5043498873710632 0.24271036684513092 -0.36432796716690063
-0.7521312236785889 0.7445853352546692 -0.11286435276269913
-0.5308426022529602 0.8081223368644714 -0.12094051390886307
-0.5681819319725037 0.7081131339073181 0.11936558037996292
-0.4335399270057678 0.5625581741333008 0.17877855896949768
-0.4733567535877228 0.47645092010498047 -0.13486416637897491
-0.5560110211372375 0.6620787978172302 0.16149888932704926
-0.04304627701640129 0.5984025597572327 -0.3220374286174774
-0.2699713706970215 0.8197627067565918 -0.5212512612342834
-0.11282499879598618 0.686237096786499 -0.6855714917182922
0.4896780848503113 0.40828070044517517 -0.20919974148273468
-0.3196008503437042 0.518063485622406 -0.055488310754299164
-0.3957795798778534 0.5200512409210205 0.01689162477850914
-0.35288283228874207 0.03479668125510216 0.21836374700069427
-0.3810736835002899 0.7236843109130859 -0.1735994964838028
-0.5427030324935913 -0.07521813362836838 0.0927119255065918
-0.6394803524017334 0.43248024582862854 -0.15508827567100525
-0.4420080780982971 0.3619394898414612 -0.36403968930244446
-0.16028554737567902 0.4762907028198242 -0.08316787332296371
-0.632619321346283 0.5489140748977661 0.2965632677078247
-0.2419944852590561 0.335113525390625 -0.02502180077135563
-0.6633622050285339 0.4086807668209076 -0.22298476099967957
-0.2923010289669037 0.4497428834438324 -0.25874313712120056
-0.46169623732566833 0.4931890368461609 0.027046948671340942
-0.32332563400268555 0.6939153075218201 0.29161718487739563
-0.24633657932281494 0.5269368886947632 0.1059129610657692
-0.49349483847618103 0.4271279275417328 -0.2666977345943451
-0.6252167820930481 0.4819958508014679 -0.18267180025577545
-0.20445939898490906 0.4748998284339905 -0.11724032461643219
-0.3020593523979187 0.7467907667160034 -0.14767132699489594
-0.5221912860870361 0.7087926864624023 -0.05700504407286644
0.12017201632261276 0.5534745454788208 0.48316994309425354
-0.04416314512491226 0.400127649307251 0.0655074194073677
-0.09218260645866394 0.4427316188812256 -0.1865052580833435
-0.40814775228500366 0.6512004137039185 0.08782105892896652
-0.7000541090965271 0.506978452205658 -0.15166696906089783
-0.4090099036693573 0.4950427711009979 -0.1173158511519432
-0.38709762692451477 0.5823837518692017 0.18354101479053497
0.03165791928768158 0.7295553684234619 0.3704920709133148
-0.5653089880943298 0.7199379801750183 0.07403343170881271
-0.5325234532356262 0.635134220123291 0.08246616274118423
-0.41590479016304016 0.5874727368354797 -0.13114744424819946
-0.16374307870864868 0.13283665478229523 -0.2413390874862671
-0.3133750557899475 0.5353404879570007 -0.11284113675355911
-0.31042104959487915 0.43147727847099304 -0.01419113576412201
-0.7814571261405945 0.5956991314888 0.14485187828540802
-0.4739530086517334 0.5628698468208313 0.10124964267015457
-0.5763884782791138 0.4428615868091583 -0.03750043362379074
-0.6175960302352905 0.613556981086731 -0.7076296806335449
-0.23094332218170166 0.1973891258239746 -0.28645455837249756
-0.1299065500497818 0.7201086282730103 0.36943215131759644
-0.3728109300136566 0.7160699367523193 0.3547894060611725
-0.31799808144569397 0.6129050254821777 0.19102095067501068
-0.5606405735015869 0.6548517942428589 0.20825138688087463
-0.5504662394523621 0.5024036765098572 0.17029906809329987
-0.12815994024276733 0.5701537132263184 0.14369991421699524
-0.5080346465110779 0.6386523842811584 -0.17663373053073883
-0.5986700057983398 0.4358786940574646 -0.09326591342687607
0.12619248032569885 0.4381932318210602 -0.3495550751686096
-0.4420785903930664 0.41031432151794434 0.018354296684265137
-0.567375898361206 0.542424201965332 -0.18961316347122192
-0.40591076016426086 0.5659916400909424 -0.15604203939437866
-0.16958940029144287 0.333044171333313 0.03810599446296692
-0.31676241755485535 0.4839229881763458 0.3002331852912903
-0.5871751308441162 -0.07838084548711777 -0.06807640939950943
-0.29137444496154785 0.37209126353263855 0.021795930340886116
-0.29579102993011475 0.5840659737586975 -0.14705795049667358
-0.4869821071624756 0.6818147301673889 -0.16099916398525238
-0.1638173758983612 0.5401462912559509 -0.3180718421936035
-0.40878981351852417 0.5649109482765198 -0.14504815638065338
-0.15762707591056824 0.46912482380867004 0.10728442668914795
-0.43261003494262695 0.41411295533180237 0.3385031521320343
-0.534031331539154 0.5700510144233704 0.19630973041057587
-0.15958791971206665 0.6847736239433289 -0.09333816915750504
-0.43246597051620483 0.2613140046596527 -0.18360739946365356
-0.5882301926612854 0.5324211716651917 -0.09900862723588943
0.076082743704319 0.8294718265533447 -0.10790081322193146
-0.5857579708099365 0.7405285835266113 -0.027911271899938583
-0.5419244170188904 0.6235349774360657 0.07364926487207413
-0.33093711733818054 0.6245589852333069 -0.15702056884765625
-0.11604724079370499 0.5006276965141296 -0.2692742645740509
-0.5421069264411926 0.6231984496116638 -0.7997231483459473
-0.2739337682723999 0.594327449798584 0.011915070936083794
-0.2014656364917755 -0.002285872120410204 -0.009303238242864609
-0.3894856870174408 0.4983885884284973 0.1016390398144722
-0.6235055327415466 0.589319109916687 -0.1668170541524887
-0.2086525559425354 0.3903084099292755 -0.2852073311805725
-0.6778656840324402 0.728257954120636 0.11927260458469391
-0.7593045830726624 0.60663902759552 0.21806958317756653
-0.36792343854904175 0.3763718008995056 -0.12282674014568329
-0.30372071266174316 0.7190952301025391 0.5951141715049744
-0.5024878978729248 0.5058318972587585 -0.059112053364515305
-0.36450955271720886 0.27771520614624023 -0.41141071915626526
-0.4572288990020752 0.6248717308044434 -0.14215581119060516
-0.39096903800964355 0.6642900705337524 0.030937276780605316
-0.42114806175231934 -0.036550410091876984 -0.10667791962623596
-0.5009042024612427 0.7790941596031189 0.10271525382995605
-0.43353044986724854 0.3683909475803375 -0.08471176773309708
-0.30033397674560547 0.6665633320808411 0.091952383518219
-0.719043493270874 0.5778012871742249 0.1811957210302353
-0.600334882736206 0.4831317961215973 -0.16495472192764282
-0.6820197701454163 1.2375531196594238 -0.33215123414993286
-0.29019105434417725 0.48272934556007385 -0.09963805973529816
-0.022345125675201416 0.7666777968406677 0.19423002004623413
-0.4838482439517975 0.3904004991054535 0.19115321338176727
-0.49382299184799194 0.7075825929641724 0.13044415414333344
-0.36683112382888794 0.5131040215492249 0.07483388483524323
-0.2745051085948944 0.7860162258148193 -0.06376666575670242
-0.43889281153678894 0.5480321645736694 0.1072559729218483
-0.7479106187820435 0.7854891419410706 0.45904287695884705
-0.605816125869751 0.5250953435897827 -0.10115191340446472
-0.6199078559875488 0.14570429921150208 -0.20944391191005707
-0.5331025719642639 0.4704954922199249 -0.16639962792396545
-0.5122408270835876 0.456680029630661 0.021229274570941925
-0.5721656084060669 0.3789249062538147 0.0332765132188797
-0.6515780687332153 0.4223097860813141 -0.6299866437911987
-0.39540237188339233 0.6050143837928772 0.03549598529934883
-0.3255940079689026 0.4711114168167114 0.1968037635087967
-0.44924721121788025 0.4236085116863251 0.12927310168743134
-0.3781166672706604 0.5425631403923035 -0.40841689705848694
-0.21578939259052277 0.8669276237487793 0.29597312211990356
-0.686315655708313 0.43570297956466675 -0.05423964560031891
-0.05899326130747795 0.5566288828849792 -0.3945879638195038
-0.5534136295318604 0.4931584894657135 -0.3920910954475403
0.08841350674629211 0.46864739060401917 0.29224711656570435
0.06184720620512962 0.6224819421768188 -0.3442935645580292
-0.6100555062294006 0.5397170186042786 -0.1379924863576889
0.13876906037330627 0.4222916066646576 -0.31583544611930847
-0.4057322144508362 0.7503963112831116 0.0412428192794323
-0.3298082649707794 0.46110397577285767 -0.004987841006368399
-0.6152531504631042 0.14204272627830505 0.14129945635795593
-0.6025211215019226 0.7670932412147522 -0.027186159044504166
-0.1784631907939911 0.7715228199958801 -0.08061961829662323
-0.2833814024925232 0.5403396487236023 0.23669728636741638
-0.5761756896972656 0.6207830905914307 -0.04473100230097771
-0.44079190492630005 0.6159043908119202 0.17681625485420227
-0.4465772807598114 0.39507514238357544 -0.03764548525214195
-0.4826734960079193 0.5328640937805176 -0.01336645521223545
-0.3932640552520752 0.29854875802993774 -0.046893902122974396
-0.47242653369903564 0.5505093932151794 -0.2596835494041443
0.048746492713689804 0.4280051589012146 -0.41523557901382446
-0.4431093633174896 0.5029152035713196 0.0068197124637663364
-0.7394809126853943 0.5342954993247986 0.14146281778812408
-0.3430868089199066 0.5552012920379639 0.12494181096553802
-0.37176284193992615 0.6321792006492615 -0.02696054056286812
-0.5404123067855835 0.2649424970149994 -0.02109423093497753
-0.3273870348930359 0.6754937767982483 -0.5881509184837341
-0.4597878158092499 0.8591204881668091 0.7255240678787231
-0.46344614028930664 -0.08490166813135147 -0.30034133791923523
-0.27654895186424255 0.4827766418457031 -0.04266686365008354
0.12437216937541962 0.6321465373039246 -0.15474282205104828
-0.42327678203582764 0.477696031332016 -0.050217244774103165
0.26944392919540405 0.5509535074234009 -0.11414303630590439
-0.6006883978843689 0.7074665427207947 -0.14622172713279724
-0.3699420690536499 0.5299475789070129 -0.05767329782247543
-0.13681833446025848 0.6711128354072571 0.3582834303379059
-0.4257490336894989 0.6068193912506104 0.3284391164779663
-0.3269267678260803 0.4885684847831726 -0.10099952667951584
-0.27609679102897644 0.5828860998153687 0.2007559984922409
-0.193710595369339 0.6362760066986084 0.02140086516737938
-0.639289379119873 0.6396769285202026 -0.1155175045132637
-0.4916311800479889 0.6755491495132446 0.34108346700668335
-0.573408842086792 0.48206454515457153 0.09589148312807083
-0.2845303416252136 0.8797683119773865 0.07120920717716217
-0.5073633193969727 0.5683314204216003 -0.33453169465065
-0.5544878840446472 0.6979129314422607 -0.02075527422130108
-0.40675437450408936 0.6425495743751526 0.26576608419418335
0.1427122801542282 0.7335121035575867 -0.35471096634864807
-0.507362425327301 1.0341657400131226 -0.26261335611343384
-0.31851693987846375 0.48599687218666077 0.03888509422540665
-0.5762477517127991 0.3838105797767639 -0.2928146719932556
-0.3817625045776367 0.3681151866912842 -0.10002575814723969
-0.41825011372566223 0.47445112466812134 0.12004415690898895
-0.41796720027923584 0.6809108257293701 -0.34026625752449036
-0.6882501244544983 0.502039909362793 -0.40827375650405884
-0.5272666215896606 0.423021137714386 -0.09733464568853378
-0.4543881416320801 0.672058641910553 -0.26396217942237854
-0.6707165241241455 0.6722808480262756 0.252645343542099
-0.483018696308136 0.3158950209617615 0.11750202625989914
-0.4091570973396301 0.6198939085006714 0.17724668979644775
-0.4247285723686218 0.34915798902511597 0.0513952374458313
-0.5109788179397583 0.5057274103164673 -0.3840404152870178
-0.46332600712776184 0.5986496806144714 -0.15372851490974426
-0.33559826016426086 0.6671522855758667 0.23705728352069855
-0.7500975728034973 0.4616807699203491 -0.447649210691452
-0.6946262717247009 0.15122085809707642 -0.2229793518781662
-0.601538360118866 0.7755309343338013 -0.05266612768173218
-0.4302140176296234 0.6223430037498474 -0.27990156412124634
-0.644294023513794 0.43977391719818115 0.11122506111860275
-0.5884657502174377 0.5268908739089966 -0.054660845547914505
-0.4382554292678833 0.6315126419067383 0.4163716733455658
-0.236988827586174 0.4740859866142273 0.054075319319963455
-0.7358384132385254 0.3011789321899414 0.48248091340065
-0.564976692199707 -0.005264256149530411 -0.07577887922525406
-0.4293610453605652 0.38171279430389404 -0.14040549099445343
-0.2832435071468353 0.4598523676395416 0.18496015667915344
-0.3875572979450226 0.6480618119239807 0.24589209258556366
-0.5667519569396973 -0.2154458910226822 0.0334317572414875
-0.3064012825489044 0.5350286960601807 -0.3403257727622986
-0.13391120731830597 0.6611571311950684 0.04352155327796936
-0.4357384443283081 0.11659584194421768 -0.285465270280838
-0.4241531789302826 0.5776099562644958 0.46810269355773926
-0.5470195412635803 0.630549430847168 0.03737317770719528
-0.29266154766082764 0.7308752536773682 0.2666594386100769
-0.753822922706604 0.4588406980037689 0.1553686410188675
-0.4344479441642761 0.9389287233352661 0.12178771942853928
-0.2526833117008209 0.5908746123313904 -0.3238379955291748
-0.5472606420516968 0.0281613040715456 -0.004460353869944811
-0.5082849264144897 0.4353505074977875 -0.2695372700691223
-0.3387398421764374 0.27479830384254456 0.18321967124938965
-0.4555495083332062 0.6331832408905029 0.056282591074705124
-0.5177326202392578 0.3397659957408905 -0.05777277797460556
-0.4454384446144104 0.3719386160373688 0.04059549793601036
-0.18923765420913696 0.509480357170105 -0.4728309214115143
-0.5240688920021057 0.4512080252170563 -0.012356709688901901
-0.6157861351966858 0.3451845347881317 -0.0724104568362236
-0.5577648282051086 0.5082302093505859 -0.22006027400493622
-0.552573561668396 0.4803047776222229 -0.13076038658618927
-0.5483005046844482 0.44739049673080444 0.18782807886600494
-0.4333263337612152 0.498342901468277 0.03412657976150513
-0.3191746771335602 0.550287663936615 -0.08679358661174774
-0.4934673309326172 0.7290195226669312 -0.2586122155189514
-0.10486029833555222 0.1508701592683792 -0.2069229930639267
-0.3562871515750885 0.7294143438339233 -0.2202814668416977
0.097490094602108 0.5619779825210571 -0.5181689858436584
-0.4903203248977661 0.5692591071128845 -0.22544144093990326
-0.4894571304321289 0.6854665875434875 -0.11975295841693878
-0.5280067920684814 0.38714221119880676 -0.3497781753540039
-0.3166954815387726 0.662930965423584 -0.10177651047706604
-0.2539888620376587 0.5673385262489319 -0.16775377094745636
-0.3271102011203766 0.5916186571121216 -0.39521124958992004
-0.3053068220615387 0.24232007563114166 -0.11493618786334991
-0.18846216797828674 0.5436749458312988 -0.0395989716053009
-0.4780225157737732 0.6363565921783447 0.009715668857097626
-0.6066386699676514 0.523260235786438 -0.0031966427341103554
-0.19298961758613586 0.48621729016304016 0.07845515757799149
-0.4764018952846527 0.5898998975753784 0.16181400418281555
-0.2408086508512497 0.44749221205711365 -0.2723251283168793
-0.4659716784954071 0.6033557653427124 -0.36646202206611633
-0.643318772315979 0.4915010631084442 0.1336359977722168
-0.27109628915786743 0.5704110264778137 0.24232323467731476
0.08539360016584396 0.5619222521781921 -0.44208648800849915
-0.4283953607082367 0.536138653755188 0.10474073141813278
-0.562187910079956 0.43341127038002014 -0.0723084807395935
-0.5751654505729675 0.7181717753410339 0.2169116884469986
-0.8065340518951416 0.40648353099823 0.22651407122612
-0.2764115035533905 0.6400492787361145 -0.10067035257816315
-0.3786647915840149 0.45949962735176086 -0.08933817595243454
-0.4586280882358551 0.21174392104148865 -0.007347332779318094
-0.4612443149089813 0.5265254974365234 -0.23584285378456116
-0.48486316204071045 0.7623805999755859 0.14264075458049774
-0.6109547019004822 0.5907074809074402 0.06742998212575912
-0.6597779989242554 0.45046162605285645 -0.05685846507549286
-0.41130226850509644 -0.11575949192047119 0.20579537749290466
-0.40209832787513733 0.4453832507133484 -0.06075909361243248
-0.5800741910934448 0.7716047763824463 -0.08174266666173935
-0.42899611592292786 0.460639089345932 0.14754249155521393
-0.5522730350494385 0.265762060880661 0.04706290736794472
-0.5691656470298767 0.6735571622848511 0.17522838711738586
-0.4093139171600342 0.45067811012268066 -0.03278980031609535
-0.21328777074813843 0.3618753254413605 -0.3671253025531769
-0.4218262732028961 0.8306517601013184 -0.007422803435474634
-0.4065486788749695 0.19057026505470276 -0.3418886363506317
-0.5894250273704529 0.34155914187431335 -0.530323326587677
-0.23361477255821228 0.1075921282172203 -0.18521423637866974
-0.6743360757827759 0.49536585807800293 -0.09901704639196396
-0.4148416519165039 0.724010169506073 -0.28613317012786865
-0.12676191329956055 0.42358869314193726 -0.05867702513933182
-0.35742589831352234 0.542110025882721 0.05615655332803726
-0.11323423683643341 0.6685642004013062 -0.1685570925474167
-0.21364626288414001 0.6295287013053894 0.13819730281829834
-0.42755600810050964 0.3909887969493866 -0.043303314596414566
-0.45136016607284546 0.15779544413089752 -0.023227984085679054
-0.6523419618606567 0.4708041846752167 -0.01370147243142128
-0.5962852239608765 0.7392221689224243 0.0752343237400055
-0.509131669998169 0.35396909713745117 0.12773947417736053
-0.5433299541473389 0.377080500125885 -0.15171925723552704
-0.26473039388656616 0.5513045191764832 -0.14988940954208374
-0.6118690371513367 0.48531046509742737 -0.09061874449253082
-0.4344273805618286 0.510686993598938 0.04805142059922218
0.049912236630916595 0.627720832824707 -0.10036025196313858
-0.4530133605003357 0.48300421237945557 0.21739009022712708
-0.3868822157382965 0.5283823013305664 -0.2750631868839264
-0.19748379290103912 0.5178514122962952 -0.10615573823451996
-0.6508796215057373 0.10105368494987488 0.1162368431687355
-0.14852890372276306 0.4430519640445709 -0.2731909453868866
-0.6532096266746521 0.45375680923461914 0.011042827740311623
-0.518135130405426 0.5684137940406799 -0.4093107581138611
-0.6084408760070801 0.522876501083374 0.0034455745480954647
-0.5953078866004944 0.7689632177352905 -0.3631472885608673
-0.506162703037262 0.5610328316688538 0.27460482716560364
-0.7609384059906006 0.5454533100128174 -0.0011883215047419071
-0.3082004487514496 0.4273618757724762 -0.06026751920580864
-0.5246333479881287 0.71375572681427 -0.22646097838878632
-0.4021047353744507 0.6724684238433838 0.050476059317588806
-0.3945405185222626 0.7790400385856628 0.5385059714317322
-0.39302343130111694 0.6838433742523193 0.3111107349395752
-0.11571713536977768 0.6475337743759155 0.11566651612520218
-0.4179084897041321 0.6651714444160461 0.14068157970905304
-0.49843674898147583 0.28880828619003296 0.0974244624376297
-0.02216739021241665 0.6488062143325806 -0.13160765171051025
-0.47689056396484375 0.5124518275260925 -0.09432835876941681
-0.4252254366874695 0.4509828984737396 -0.14722940325737
-0.34869202971458435 0.767022430896759 0.09216571599245071
-0.41028323769569397 0.7012774348258972 0.158863365650177
-0.21094578504562378 0.8472965359687805 -0.08535555005073547
-0.32729771733283997 0.4270690381526947 0.03944505378603935
-0.5846705436706543 0.37758249044418335 -0.16091664135456085
-0.4892135262489319 0.41476261615753174 0.053000789135694504
-0.35421156883239746 0.533886730670929 0.025396639481186867
-0.5093687176704407 0.38916319608688354 0.13076047599315643
-0.4644024074077606 0.3039283752441406 -0.13479305803775787
-0.48577794432640076 0.5987973213195801 0.0015481829177588224
-0.46332570910453796 0.6176261305809021 0.03591656684875488
-0.6882036924362183 0.5543546080589294 -0.13590572774410248
-0.3215568959712982 0.4394872188568115 0.08789943903684616
-0.37813395261764526 0.44012653827667236 -0.014245918020606041
-0.33883240818977356 0.4940713047981262 0.3772772550582886
-0.41691839694976807 0.21750691533088684 -0.15893247723579407
-0.29108116030693054 0.5927092432975769 0.17060869932174683
-0.6067224144935608 0.8531463146209717 -0.3193982243537903
-0.29952868819236755 0.5530627965927124 -0.12782783806324005
-0.625023603439331 0.5731678009033203 -0.17847663164138794
-0.5080392956733704 0.5306308269500732 -0.20884868502616882
-0.3598482012748718 0.5583962798118591 -0.1268911361694336
-0.33666855096817017 0.34013307094573975 -0.19358719885349274
-0.27614617347717285 0.6950349807739258 -0.09127496927976608
-0.42818811535835266 0.314887672662735 -0.027680642902851105
-0.6709009408950806 0.5593389272689819 0.08041220903396606
-0.2429775446653366 0.6857436299324036 -0.4274289608001709
-0.1084052100777626 0.21585212647914886 -0.14531482756137848
-0.5547946095466614 0.45470038056373596 0.14555522799491882
-0.5728005170822144 0.271606981754303 0.10775989294052124
-0.31955644488334656 0.644736111164093 0.31135088205337524
-0.26272985339164734 0.3911605477333069 -0.42575058341026306
-0.41759398579597473 0.588428258895874 0.1313793659210205
-0.43554073572158813 0.7636662721633911 -0.11387749761343002
-0.6612603068351746 0.7311680912971497 -0.11568313091993332
-0.5310863852500916 0.24698632955551147 -0.07777096331119537
-0.5286020040512085 0.4726003408432007 0.021407553926110268
-0.734028160572052 0.753056526184082 -0.09579325467348099
-0.288664847612381 0.5665001273155212 -0.19292105734348297
-0.2187311202287674 0.5411311388015747 -0.21238964796066284
-0.43947112560272217 0.557940661907196 0.08932363241910934
-0.5991010665893555 0.5029945969581604 -0.040265023708343506
-0.32920852303504944 0.24456340074539185 -0.4413297176361084
-0.42394790053367615 0.5984383225440979 0.018940452486276627
-0.6950497031211853 0.8342214822769165 0.1318424642086029
-0.675077497959137 0.07822265475988388 0.08196594566106796
-0.08806198090314865 0.3772095739841461 -0.11148359626531601
-0.4555746018886566 0.5113796591758728 -0.012119133025407791
-0.18451036512851715 0.5766871571540833 0.11879747360944748
-0.3086572289466858 0.5470763444900513 0.11019858717918396
0.19429457187652588 0.5610623955726624 0.07801534980535507
-0.3577253520488739 0.5157448649406433 0.25202810764312744
-0.5360634326934814 0.7278459668159485 -0.2484198808670044
-0.5261324048042297 0.6178537011146545 0.06796485185623169
-0.6761444211006165 0.5454608201980591 -0.2555235028266907
-0.5785336494445801 0.406729519367218 -0.30508196353912354
-0.7261753678321838 0.5265969038009644 0.028022266924381256
-0.4486772119998932 0.29892510175704956 -0.2697911858558655
0.382127583026886 0.6217040419578552 -0.07681436836719513
-0.5010365843772888 0.5860775709152222 -0.18725164234638214
-0.20593641698360443 0.5076274871826172 -0.6113670468330383
-0.17031478881835938 0.6812906265258789 0.33258935809135437
-0.09493380784988403 0.8007878661155701 -0.4192064106464386
-0.458163857460022 0.6089388728141785 0.24895305931568146
-0.1316961944103241 0.3070034086704254 -0.1737162470817566
-0.39734429121017456 -0.19119364023208618 0.13083121180534363
-0.42446213960647583 0.2489594966173172 -0.09324590861797333
-0.04473158344626427 0.19263990223407745 0.12673382461071014
-0.5442541837692261 0.5107133388519287 -0.25946637988090515
-0.509644627571106 0.6296454071998596 0.14902648329734802
-0.642378568649292 0.6878132224082947 -0.30877333879470825
-0.22089765965938568 0.5369887948036194 -0.06675564497709274
-0.4295540452003479 0.5233506560325623 -0.05048668384552002
-0.447525292634964 0.41621455550193787 -0.12217958271503448
-0.7414000630378723 0.563457727432251 -0.1924203485250473
-0.02795444056391716 0.7617959380149841 0.1491958498954773
-0.32740435004234314 0.2614155113697052 -0.041451357305049896
-0.37180307507514954 0.5599356293678284 -0.38997340202331543
0.19898642599582672 0.6441810131072998 0.11590148508548737
-0.04093267768621445 0.4996630847454071 -0.27721065282821655
-0.33569854497909546 0.5785553455352783 0.2242860645055771
-0.40754494071006775 0.4847516119480133 -0.2171696424484253
-0.4088080823421478 0.4559466540813446 0.12357854098081589
-0.3692275583744049 0.5862246155738831 0.32286301255226135
-0.25726085901260376 0.3022800385951996 -0.09466530382633209
-0.46185699105262756 0.3918929696083069 0.008563250303268433
-0.5735523104667664 0.6480414867401123 0.3891306519508362
-0.727540135383606 0.7319076061248779 0.06686002016067505
-0.4870274066925049 0.5019944310188293 -0.2696811556816101
-0.4340021014213562 0.5246614217758179 -0.440883606672287
-0.5457433462142944 0.7143803238868713 -0.1990358829498291
-0.5825538635253906 0.5521245002746582 -0.02581753395497799
-0.6720396280288696 0.4889667332172394 -0.08309207111597061
-0.5366925597190857 0.6197631359100342 -0.07963827252388
-0.5397287607192993 0.36106452345848083 -0.24662929773330688
-0.21772806346416473 0.6066905856132507 0.12106157094240189
-0.18366260826587677 0.29830899834632874 -0.1410619020462036
-0.6485713124275208 0.4727136492729187 -0.03738429769873619
-0.5033101439476013 0.7241073250770569 -0.03869231790304184
-0.3277185261249542 0.5814406275749207 0.16024121642112732
-0.3010956048965454 0.6025592684745789 -0.354531466960907
-0.3074147403240204 0.36352258920669556 0.003746260888874531
-0.14061085879802704 0.5238061547279358 0.01604229025542736
-0.26917511224746704 0.6142398118972778 -0.2351902425289154
-0.45596402883529663 0.34359514713287354 -0.15060177445411682
-0.691595196723938 0.516028881072998 0.10258070379495621
-0.38173118233680725 0.7415327429771423 0.3771631121635437
-0.28911828994750977 0.5321261286735535 -0.4925575852394104
-0.6256248950958252 0.5745859742164612 0.14009834825992584
-0.031582001596689224 0.616547703742981 0.11662466824054718
-0.46488383412361145 0.48632562160491943 -0.1525004804134369
-0.3647163510322571 0.7693527936935425 -0.1669474095106125
-0.33883172273635864 0.5509103536605835 0.08607177436351776
-0.2937052845954895 0.6108942627906799 -0.27942854166030884
-0.19323843717575073 0.42494887113571167 0.19379283487796783
-0.37843090295791626 0.5486850142478943 -0.12964943051338196
-0.5008007287979126 0.2173607051372528 -0.1498280167579651
-0.6829990744590759 0.7575469613075256 -0.1711224615573883
-0.4676423966884613 0.7158703207969666 0.024418771266937256
-0.7668063640594482 0.6550419926643372 0.19701144099235535
-0.5224921703338623 0.4244679808616638 0.10678725689649582
-0.16742931306362152 0.2746632695198059 -0.26149967312812805
-0.5407375693321228 0.41085031628608704 0.014547280967235565
-0.6188895106315613 0.6186819076538086 0.22055494785308838
-0.3652072250843048 0.6077690124511719 0.10618488490581512
-0.6309190392494202 0.5945109128952026 0.062260158360004425
-0.28967514634132385 0.6419573426246643 0.0885549932718277
-0.1556786149740219 0.38144373893737793 0.06243085488677025
-0.27291831374168396 0.47819676995277405 -0.3221234977245331
-0.2629036605358124 0.5868069529533386 -0.5689085721969604
-0.19170938432216644 0.5575391054153442 0.037746891379356384
-0.6482100486755371 0.67864990234375 0.017571838572621346
-0.2299489676952362 0.9956664443016052 0.32414132356643677
0.03631193935871124 0.44757339358329773 -0.04026765748858452
-0.3386153280735016 0.5432370901107788 0.031643372029066086
-0.5996186137199402 0.5005966424942017 -0.0059750983491539955
-0.247201070189476 0.6177306771278381 -0.17792917788028717
-0.5998197197914124 0.6015872955322266 0.19985802471637726
-0.4157015085220337 0.5291044116020203 -0.02272730879485607
-0.7313187718391418 0.4517979919910431 0.034655001014471054
-0.5681056380271912 0.6213883757591248 0.11763837933540344
-0.47369369864463806 0.7441234588623047 -0.23876060545444489
-0.6355857849121094 0.8455382585525513 0.15939940512180328
-0.40733999013900757 0.740824282169342 0.5709708333015442
-0.11308625340461731 0.3149406611919403 -0.13988898694515228
-0.7401090264320374 0.39707472920417786 -0.08441872149705887
-0.3748108446598053 0.42811155319213867 -0.14117442071437836
-0.5719648003578186 0.4198038578033447 0.044957805424928665
-0.48025956749916077 0.5072829127311707 -0.07444462925195694
-0.5169159770011902 0.24109967052936554 0.03793651610612869
-0.6845929622650146 0.4952288568019867 0.04336570203304291
-0.4799012541770935 0.6184293627738953 -0.22405938804149628
-0.6093205809593201 0.48958390951156616 0.09002126008272171
-0.6140638589859009 0.8610042929649353 -0.12129056453704834
-0.6047568917274475 0.5172116160392761 -0.07934415340423584
-0.5206423401832581 0.4659348428249359 -0.2423761934041977
-0.43296027183532715 0.8470797538757324 0.5964712500572205
-0.33971503376960754 0.6246922612190247 -0.12155173718929291
-0.27387574315071106 0.6499346494674683 0.10479451715946198
-0.32925736904144287 0.518926203250885 -0.22271393239498138
-0.24941036105155945 0.1610298454761505 -0.12197902053594589
-0.518728494644165 0.5694348216056824 -0.10277286916971207
-0.4617036283016205 0.7482879757881165 0.13545864820480347
-0.31324502825737 0.48570647835731506 0.16011245548725128
-0.02893369272351265 0.8330551981925964 0.4734066426753998
-0.6067259907722473 0.42563456296920776 0.13009044528007507
-0.7708417177200317 0.4099791646003723 -0.23509033024311066
-0.36572742462158203 0.44500279426574707 -0.11907250434160233
-0.39525628089904785 0.4812025725841522 -0.03136667236685753
-0.6804262399673462 0.6654059290885925 0.03357132524251938
-0.4731902778148651 0.6344811320304871 0.08172929286956787
-0.34417885541915894 0.5685301423072815 -0.26724952459335327
-0.09693919867277145 0.6430944800376892 0.19758868217468262
-0.36169493198394775 0.378345787525177 0.10113959014415741
-0.6543037295341492 0.40529492497444153 -0.2779194414615631
-0.3240394592285156 0.8014056086540222 0.12529093027114868
-0.5175062417984009 0.4272041320800781 0.022321462631225586
-0.3094426393508911 0.6011070013046265 0.30980348587036133
-0.11683172732591629 0.6665316224098206 0.038075610995292664
-0.23480087518692017 0.726688802242279 0.10100614279508591
-0.6626767516136169 0.272645503282547 -0.05331079289317131
-0.16720551252365112 0.9097659587860107 -0.0008357998449355364
-0.5097876787185669 0.5446187257766724 -0.01246945746243
-0.3755878210067749 0.6548842191696167 0.06232364848256111
-0.13622483611106873 0.7957980036735535 0.17600293457508087
-0.321114718914032 0.2869313061237335 -0.15285594761371613
-0.31463780999183655 0.5334156155586243 0.07475688308477402
-0.38737666606903076 0.7431244850158691 0.05018843710422516
-0.37870582938194275 -0.0239421296864748 0.3230349123477936
-0.14688004553318024 0.26501813530921936 -0.0448249951004982
-0.47772783041000366 0.429328978061676 0.03312292695045471
-0.6068449020385742 0.22656212747097015 0.03231531009078026
-0.37618163228034973 0.5663581490516663 -0.513475775718689
0.06712271273136139 0.6078150868415833 -0.47382745146751404
-0.32310330867767334 0.418436735868454 -0.08854998648166656
-0.4455617666244507 0.5084407329559326 -0.23447813093662262
-0.6601683497428894 0.43084385991096497 0.09940050542354584
-0.3812960386276245 0.5098769664764404 -0.07042299956083298
-0.5832427144050598 0.5618082284927368 -0.02752773091197014
-0.4333498775959015 0.5341969728469849 0.05460577458143234
-0.4360896050930023 0.26006880402565 -0.3023650646209717
-0.36320480704307556 0.71138596534729 0.005883186124265194
-0.6044654250144958 0.6393217444419861 0.2121521383523941
-0.6651531457901001 0.5671456456184387 0.13289512693881989
-0.43570584058761597 0.6399229764938354 -0.16659626364707947
-0.4582480788230896 0.5045998692512512 -0.2931341826915741
0.035125765949487686 0.4754880368709564 -0.09807315468788147
0.08824904263019562 0.5061491131782532 -0.16930408775806427
-0.23536603152751923 0.5851132273674011 -0.06906172633171082
-0.7794228792190552 0.5721997022628784 0.039095617830753326
-0.07978104799985886 0.837670087814331 -0.2194356918334961
-0.37479451298713684 0.7386398315429688 -0.5488982796669006
-0.32210662961006165 0.6414490938186646 0.055737465620040894
-0.7139368653297424 0.6122314929962158 0.0508517362177372
-0.5663150548934937 0.7810317873954773 0.5375809669494629
-0.544173538684845 0.46320295333862305 -0.03118801675736904
-0.5021960139274597 0.20468221604824066 -0.08692975342273712
-0.6747575402259827 0.33523330092430115 -0.1185399666428566
-0.5656452775001526 0.5450073480606079 0.028090061619877815
-0.6009083986282349 0.7652517557144165 0.33768048882484436
-0.45853573083877563 0.5117204785346985 -0.07535602152347565
-0.7146043181419373 0.5670251250267029 0.11019082367420197
-0.2226492464542389 0.4833134412765503 -0.1327091008424759
-0.45377254486083984 0.5703207850456238 0.20471252501010895
-0.5842236876487732 0.5465364456176758 -0.5551019906997681
-0.3634399175643921 0.5213209390640259 0.04971801117062569
-0.17162498831748962 0.7295650243759155 -0.2527710497379303
-0.5659045577049255 0.4241257905960083 0.06243012100458145
-0.32017531991004944 0.4406587481498718 -0.10701783001422882
-0.5510846376419067 0.6958962678909302 0.02242344245314598
-0.6273744106292725 0.5453452467918396 -0.2293042093515396
-0.03427892178297043 0.7327685356140137 -0.017624398693442345
-0.13490621745586395 1.0080015659332275 0.47198233008384705
0.11982057988643646 0.6831622123718262 0.012161292135715485
-0.21358154714107513 0.6602595448493958 0.21962791681289673
-0.5289098620414734 0.8106741905212402 0.20469607412815094
-0.16612912714481354 0.4909541606903076 -0.010062390938401222
-0.08724480867385864 0.6783744692802429 -0.0879894345998764
-0.47332581877708435 0.5829578042030334 0.07227383553981781
-0.4745424687862396 0.7204270958900452 -0.04204312711954117
-0.40629327297210693 0.7761505246162415 0.3580078184604645
-0.491896390914917 0.4787038564682007 -0.06437729299068451
-0.42503008246421814 0.6367875933647156 -0.03419953212141991
-0.07727007567882538 0.651548445224762 -0.2483142614364624
-0.5440789461135864 0.4769083559513092 -0.038506679236888885
-0.61094731092453 0.4835263192653656 0.03634793683886528
-0.2876375913619995 0.3869469463825226 0.010794570669531822
-0.3498400151729584 0.8469985127449036 0.5950359106063843
-0.413196325302124 0.43865081667900085 -0.18622584640979767
-0.45102936029434204 0.45021045207977295 -0.04378224164247513
-0.5054810047149658 0.6906194686889648 -0.024585235863924026
-0.39758196473121643 0.039336398243904114 0.06575046479701996
-0.5356107354164124 0.7188732028007507 0.3521186113357544
-0.33194831013679504 -0.2813540995121002 -0.10043471306562424
-0.09715627878904343 0.646011233329773 -0.11221875995397568
-0.425845205783844 0.04872196540236473 -0.16110408306121826
-0.738218367099762 0.7584022879600525 0.3270505964756012
-0.23243188858032227 0.41628730297088623 -0.2408425211906433
-0.1546662300825119 0.427482545375824 -0.21048787236213684
-0.3534764051437378 0.6594098210334778 0.07801035046577454
-0.23274388909339905 0.46077919006347656 -0.012296028435230255
-0.5893973708152771 0.39577263593673706 -0.179562047123909
-0.26995396614074707 0.633004903793335 -0.1881580799818039
-0.5564395785331726 0.54847651720047 -0.27440088987350464
-0.5415827035903931 -0.09951398521661758 0.19785399734973907
-0.3265022039413452 0.38815367221832275 0.00180945941247046
-0.3384058475494385 0.6802204251289368 0.2302161455154419
-0.3919043242931366 0.8560900688171387 0.5051266551017761
-0.39973321557044983 0.6292365789413452 -0.051600825041532516
-0.5536048412322998 0.5681712627410889 -0.21580007672309875
-0.48157528042793274 0.46848389506340027 -0.04844781756401062
-0.5900647640228271 0.5116368532180786 0.14822836220264435
-0.6489244699478149 0.6000843048095703 0.15890754759311676
-0.6436363458633423 0.3717758059501648 0.09401525557041168
-0.6446785926818848 0.5946172475814819 -0.040980417281389236
-0.45839017629623413 0.6569811105728149 0.06772924214601517
-0.2324949949979782 0.7008427977561951 0.39362388849258423
-0.10074787586927414 0.9333276748657227 0.39873021841049194
-0.47418245673179626 -0.08347026258707047 0.24061556160449982
-0.3851601481437683 0.587457537651062 0.03768660128116608
-0.6309983134269714 0.37128615379333496 -0.16102060675621033
-0.23045143485069275 0.567593514919281 -0.14497949182987213
0.07206422090530396 0.71431964635849 -0.04132303595542908
-0.5551385283470154 0.251056969165802 -0.16632084548473358
-0.32436513900756836 0.5030015707015991 0.01824038475751877
-0.26895296573638916 0.39498189091682434 -0.3428146541118622
-0.3045434355735779 0.5524511933326721 0.1747979074716568
-0.6122983694076538 0.5403344035148621 -0.25580644607543945
-0.3415070176124573 0.6202620267868042 -0.029656527563929558
-0.10172813385725021 0.5447913408279419 -0.4361453950405121
-0.5073491334915161 0.01226862519979477 0.11986193805932999
-0.3975401818752289 0.7081958651542664 0.5290377736091614
-0.16484065353870392 0.43448570370674133 -0.2624565660953522
-0.660223662853241 0.596642017364502 0.30110061168670654
-0.2057424783706665 0.6428771615028381 -0.012544987723231316
-0.3447108864784241 0.5490162372589111 0.12938673794269562
-0.7367661595344543 0.37837105989456177 0.21057789027690887
-0.6508816480636597 0.7707325220108032 -0.04147418588399887
-0.46237942576408386 0.7592049241065979 -0.1663912832736969
-0.5949286222457886 0.6191140413284302 -0.05730234459042549
-0.1871616095304489 0.620654821395874 0.02274538017809391
-0.35859572887420654 0.09197679907083511 0.1208437979221344
-0.12321341037750244 0.34938284754753113 -0.24948018789291382
0.07887968420982361 0.38969147205352783 0.030878687277436256
-0.4585461914539337 0.14037926495075226 -0.014531387016177177
-0.28760266304016113 0.4399067759513855 0.11425499618053436
-0.31873035430908203 0.4208281338214874 -0.6998295187950134
-0.24451430141925812 0.5219379663467407 -0.012692462652921677
-0.426287442445755 -0.008755361661314964 0.12890276312828064
-0.4036456048488617 0.5653199553489685 -0.1609584093093872
-0.1772942692041397 0.6918913125991821 0.2982640564441681
-0.03790988028049469 0.5958688855171204 0.02265199087560177
-0.6201233267784119 0.46300044655799866 0.01623079553246498
-0.4487725794315338 0.466386079788208 -0.08686720579862595
-0.11966630816459656 0.5767596960067749 0.4682435095310211
-0.5068968534469604 0.5999536514282227 -0.10043688118457794
-0.3503541350364685 0.7411116361618042 0.31869539618492126
-0.03981269150972366 0.6591172218322754 0.058760419487953186
-0.19047413766384125 0.7162004113197327 -0.2709466218948364
-0.6817346811294556 0.6417220830917358 0.11956780403852463
-0.7420671582221985 0.5600224733352661 0.28309231996536255
-0.6375036835670471 0.16670852899551392 -0.010568303987383842
-0.3801874816417694 0.6814417243003845 0.25224798917770386
-0.11266487091779709 0.2803806960582733 -0.15076442062854767
-0.2747381031513214 0.549366295337677 -0.188329815864563
-0.6074960231781006 0.42041242122650146 -0.09905056655406952
-0.6293073296546936 0.4645223617553711 -0.10724993050098419
-0.39380714297294617 0.35271766781806946 -0.39631548523902893
-0.2989385426044464 0.4172220826148987 -0.046555183827877045
-0.2558746337890625 0.5985590219497681 -0.1594274342060089
-0.6561846733093262 0.004251665435731411 0.11614721268415451
-0.3327289819717407 0.64220130443573 0.20564362406730652
-0.3400954306125641 0.5191432237625122 -0.1735611855983734
-0.045233357697725296 0.4734781086444855 -0.07377714663743973
-0.7324996590614319 0.7104016542434692 0.14374160766601562
-0.5890433192253113 0.6756181716918945 -0.2976658046245575
-0.5932765007019043 0.5175572633743286 -0.03987070173025131
-0.5682942867279053 0.5926448106765747 0.16568171977996826
-0.7632055282592773 0.6612333059310913 0.01032574288547039
-0.48196715116500854 0.5777599811553955 -0.47332683205604553
-0.10435391217470169 0.46120041608810425 0.06811811029911041
-0.20500047504901886 0.7338852286338806 -0.025682736188173294
-0.508549690246582 0.5385501980781555 0.020418943837285042
-0.45059242844581604 0.6258206963539124 -0.6573502421379089
-0.42332538962364197 0.535789966583252 -0.3055603802204132
-0.5867051482200623 0.4287410080432892 -0.004560629837214947
-0.24477942287921906 0.7782261967658997 0.4273446202278137
-0.4342629909515381 0.7728238701820374 0.12146633118391037
-0.26824772357940674 0.779103696346283 0.13677039742469788
-0.7054709792137146 0.5868863463401794 0.2297307848930359
-0.5123533010482788 0.7827851176261902 0.032647278159856796
-0.5718274116516113 0.3358885645866394 0.02192295528948307
-0.48655369877815247 0.5753964781761169 -0.06860196590423584
-0.536007821559906 0.4967319071292877 -0.19060516357421875
-0.6054279208183289 0.26229774951934814 -0.4607471525669098
-0.673963189125061 0.1431446075439453 0.018267011269927025
-0.46059450507164 0.2734089493751526 0.24131719768047333
-0.21579581499099731 0.6017889380455017 -0.30252718925476074
-0.48019951581954956 0.4928559362888336 -0.0008363362867385149
-0.2830073833465576 0.3418656587600708 0.05138140916824341
-0.29787954688072205 0.4703481197357178 0.043475691229104996
-0.4531967341899872 0.6056115627288818 0.09703688323497772
-0.41955679655075073 0.49374502897262573 -0.023862404748797417
-0.5353862047195435 0.7611180543899536 0.007187157403677702
-0.20125402510166168 0.501298189163208 -0.11631729453802109
-0.17115993797779083 0.47811833024024963 -0.08457125723361969
-0.36841830611228943 0.4781184494495392 0.20707981288433075
-0.5160053372383118 0.7639784216880798 -0.29406315088272095
-0.31262877583503723 0.561097264289856 -0.0449475459754467
-0.38100484013557434 0.5196671485900879 -0.08886896818876266
-0.3362232446670532 0.3478274941444397 0.019906777888536453
-0.1461012363433838 0.6156607866287231 0.14136084914207458
-0.3037516474723816 0.04570908471941948 0.1827966421842575
-0.3246891498565674 0.08766133338212967 -0.8061516880989075
-0.22224828600883484 0.6113696098327637 -0.024814730510115623
-0.5318247079849243 0.21279820799827576 0.17374983429908752
-0.23332704603672028 0.34130558371543884 -0.13113752007484436
-0.7223165035247803 0.19369709491729736 -0.05720672756433487
-0.7932001948356628 0.28308042883872986 0.028614839538931847
-0.5342744588851929 0.6522921919822693 -0.15979918837547302
-0.5477107763290405 0.6440292000770569 -0.2953963875770569
-0.37376824021339417 0.3551437556743622 -0.08685749769210815
-0.020520929247140884 0.547248899936676 -0.20306918025016785
-0.5361958146095276 0.6000150442123413 -0.06217912957072258
-0.2642037570476532 0.3935767412185669 -0.1760450154542923
-0.1873033344745636 0.19005946815013885 -0.48287269473075867
-0.736352801322937 0.3720515966415405 -0.05494304373860359
-0.2631400525569916 0.6588228344917297 0.12120598554611206
-0.27085360884666443 0.3842204213142395 -0.4105675220489502
-0.1443665623664856 0.5945512056350708 -0.18520474433898926
-0.32210907340049744 0.47933927178382874 -0.5100764632225037
-0.6036804914474487 0.7071797251701355 0.009720103815197945
-0.5744406580924988 0.2158365398645401 -0.4935134947299957
-0.6583701968193054 0.6181139349937439 0.09782928228378296
-0.509069561958313 0.6238300204277039 -0.06148180738091469
-0.3694742023944855 0.6484513282775879 -0.29416587948799133
-0.19357351958751678 0.531204879283905 0.21887710690498352
-0.2759428918361664 0.4402007460594177 -0.018743522465229034
-0.4293866753578186 0.7755826115608215 -0.058841805905103683
-0.7203085422515869 0.4853018820285797 0.01670832559466362
-0.006169875152409077 0.5333974957466125 -0.15241338312625885
-0.5474604368209839 0.7087695598602295 0.02434922568500042
-0.2821214199066162 0.7318759560585022 0.36276301741600037
0.05098270624876022 0.8548077344894409 0.5223314762115479
-0.4938696622848511 0.7087796926498413 -0.025847507640719414
-0.5463019609451294 0.6815961599349976 0.02632242441177368
-0.5200275182723999 0.42428576946258545 0.03144145384430885
-0.4052661657333374 0.6727214455604553 -0.013789625838398933
-0.33876657485961914 0.7381986379623413 -0.2855320870876312
-0.3781530559062958 0.5015563368797302 0.27196693420410156
-0.16016221046447754 0.40946438908576965 -0.0010910241398960352
-0.44124025106430054 0.6593726277351379 -0.12618547677993774
-0.1655261516571045 -0.23058514297008514 -0.1967017501592636
-0.750702977180481 0.34785157442092896 0.07635895162820816
-0.1790437549352646 0.45755043625831604 -0.26041558384895325
-0.47824087738990784 0.446120023727417 -0.07899320870637894
-0.17312970757484436 0.6425641179084778 0.3115966320037842
-0.5073534250259399 0.17158208787441254 0.34397783875465393
-0.4639635682106018 0.5880926251411438 -0.07013658434152603
-0.3877961337566376 0.6475659608840942 -0.04838867112994194
-0.4112687110900879 0.5376812219619751 -0.011452453210949898
-0.21843533217906952 0.9069100618362427 0.03685832396149635
-0.32019302248954773 0.48660439252853394 0.040683720260858536
-0.40950873494148254 0.5014047026634216 0.005235802847892046
-0.3360545337200165 0.7797524333000183 0.4286203384399414
-0.1545162945985794 0.9484504461288452 -0.079315684735775
-0.6596593260765076 0.4892824590206146 0.039451029151678085
-0.5123713612556458 0.36856600642204285 0.05330255255103111
-0.3336172103881836 0.13326427340507507 -0.17188209295272827
-0.12842193245887756 0.6146172285079956 -0.13259047269821167
-0.5031485557556152 0.8531942963600159 0.3294477164745331
-0.0966908186674118 0.650994598865509 0.14652641117572784
-0.4779558479785919 0.4068619906902313 -0.11674823611974716
-0.6285905241966248 0.6209954023361206 -0.1827431470155716
-0.4119120240211487 0.4115683138370514 0.0658436119556427
-0.5634485483169556 0.19640599191188812 -0.062248390167951584
-0.24991273880004883 0.6366540789604187 0.2919078767299652
-0.5272926688194275 0.7410699129104614 -0.007273415569216013
-0.3820834457874298 0.504316508769989 -0.017977150157094002
-0.37027642130851746 0.35984909534454346 0.12771844863891602
-0.4632751941680908 0.5957222580909729 -0.1773529350757599
-0.5469286441802979 0.5117381811141968 -0.028986362740397453
-0.6109960675239563 0.6568843722343445 0.11067897826433182
-0.3740648329257965 0.4723643362522125 -0.5028253793716431
-0.41908010840415955 0.665562093257904 0.01477186568081379
-0.19665823876857758 0.6637635231018066 0.33532971143722534
-0.5473852157592773 0.4707566797733307 -0.524962842464447
-0.177384153008461 0.7333265542984009 -0.32412317395210266
-0.39515888690948486 0.7060081958770752 -0.20664897561073303
-0.5275999903678894 0.4898572266101837 -0.09039641171693802
-0.34912505745887756 0.830422580242157 0.09147080779075623
-0.24415652453899384 0.8309249877929688 -0.4809589385986328
-0.37274226546287537 0.3978102207183838 -0.4256414473056793
-0.21872466802597046 0.7894003987312317 -0.3767392933368683
-0.6044207811355591 0.40837305784225464 0.06155666708946228
-0.1800345629453659 0.3493454158306122 -0.03958393260836601
-0.5176705718040466 0.6159338355064392 -0.11801216751337051
-0.5492638349533081 0.5350237488746643 -0.08721328526735306
-0.16607864201068878 0.4364808201789856 0.10282789915800095
-0.6945813894271851 0.7471256852149963 -0.012461265549063683
-0.4666908085346222 0.6362600922584534 -0.08955691754817963
-0.8377507328987122 0.8264039754867554 -0.07515998184680939
-0.7797465920448303 0.4070643484592438 0.0738900750875473
-0.7482125163078308 0.6412417888641357 0.39029067754745483
-0.37184032797813416 0.30422818660736084 0.05995254963636398
-0.2912347614765167 0.755321204662323 0.1081802248954773
-0.5248211026191711 0.8696057200431824 -0.13488179445266724
-0.08285464346408844 0.8291585445404053 -0.17814405262470245
-0.2649807333946228 0.5362957119941711 0.357730895280838
-0.5868327617645264 0.46181148290634155 0.11135517060756683
-0.5649287104606628 0.5584324598312378 -0.27147579193115234
-0.6322950124740601 0.5310934782028198 -0.22182510793209076
-0.006633150856941938 -0.028847642242908478 -0.21266190707683563
-0.3844127058982849 0.3166123032569885 -0.1194068193435669
-0.3397005498409271 0.5012185573577881 0.06600072979927063
-0.6047847867012024 0.6525649428367615 0.17190656065940857
-0.3374491035938263 0.2888966500759125 -0.19016699492931366
-0.471201092004776 0.5871574282646179 0.25066375732421875
-0.3874052166938782 0.15337230265140533 0.2458420842885971
-0.5570343136787415 0.6139870285987854 -0.1101870983839035
-0.625618577003479 0.6889960765838623 0.1369672417640686
-0.5004540085792542 0.711628258228302 -0.07590014487504959
-0.37705907225608826 0.5215707421302795 -0.3447122871875763
-0.3593158721923828 0.3639846444129944 -0.43846482038497925
-0.4817005693912506 0.28139424324035645 -0.20184117555618286
-0.4951491355895996 0.38015004992485046 -0.22073929011821747
-0.5238341093063354 0.35599666833877563 0.05131442844867706
-0.31097668409347534 0.7790101170539856 -0.18981340527534485
-0.2290378361940384 0.2619885504245758 0.03948218375444412
-0.4931321144104004 -0.21708287298679352 -0.4518528878688812
-0.24392248690128326 0.5892302393913269 -0.04574695974588394
-0.08692622929811478 0.6538920402526855 0.4648140072822571
-0.45379817485809326 0.47938260436058044 -0.17758095264434814
-0.7138743996620178 0.5482854247093201 0.04019642248749733
-0.10859314352273941 0.4230750501155853 -0.4703482687473297
-0.5424976944923401 0.7230393886566162 0.4011508524417877
-0.3165491819381714 0.5547347664833069 -0.13425227999687195
-0.45162108540534973 0.19472350180149078 0.40344318747520447
-0.54544997215271 0.2744280993938446 -0.17126362025737762
-0.682384192943573 0.4719029664993286 0.20357246696949005
-0.4552488923072815 0.5222923159599304 -0.025878077372908592
-0.3755406141281128 0.5533518195152283 -0.2357250154018402
-0.28910836577415466 0.6222251057624817 -0.0624844990670681
-0.30868610739707947 0.5917006134986877 -0.32822462916374207
-0.20691248774528503 0.1210498958826065 0.34450340270996094
-0.2899857461452484 0.22526195645332336 -0.21161270141601562
-0.3228624761104584 0.5395547151565552 0.020413130521774292
-0.10131054371595383 -0.0266280397772789 0.014479424804449081
-0.18464748561382294 0.7105433344841003 -0.10760285705327988
-0.40862396359443665 0.6374896764755249 -0.013897817581892014
-0.22398033738136292 0.6988525986671448 -0.03907070308923721
-0.3614366054534912 0.375014066696167 -0.23514124751091003
-0.34080079197883606 0.17010577023029327 -0.12456496804952621
-0.21329866349697113 0.24573549628257751 -0.11616108566522598
-0.5890809893608093 0.6498663425445557 0.17462606728076935
-0.3222663700580597 0.4880751967430115 -0.09987431019544601
-0.28671497106552124 0.5356183648109436 0.13074010610580444
-0.10615921020507812 0.34004783630371094 -0.08731959015130997
-0.5566232204437256 0.7116619348526001 0.14556190371513367
0.06689336150884628 0.3477327525615692 -0.14546534419059753
-0.44937190413475037 0.46544477343559265 0.09393945336341858
-0.33729225397109985 0.7583851218223572 -0.42790305614471436
-0.6106094717979431 0.5101170539855957 -0.11637542396783829
-0.4498988687992096 0.6011853814125061 -0.004413194488734007
-0.6771484017372131 0.4053921401500702 -0.31172290444374084
-0.5373721718788147 0.47291335463523865 -0.34113359451293945
-0.6947400569915771 0.5310578346252441 -0.12721090018749237
-0.2481706142425537 0.24977286159992218 -0.06349191814661026
-0.694106936454773 0.7090063095092773 0.10840214043855667
-0.3060701787471771 0.508888840675354 -0.16311480104923248
-0.2985455095767975 0.5638738870620728 0.16769929230213165
-0.4040214717388153 0.6524868011474609 0.1413886547088623
-0.19127322733402252 0.6828529238700867 0.08278059214353561
-0.8609763383865356 0.40691429376602173 -0.00915134884417057
-0.23787662386894226 0.5483339428901672 0.06846551597118378
-0.6755035519599915 0.5405339002609253 0.2089429646730423
-0.4249858260154724 0.5226455330848694 0.015311481431126595
0.00929178949445486 0.5304072499275208 -0.0015731931198388338
-0.47087910771369934 0.5376443862915039 0.022195512428879738
-0.15757842361927032 0.4495371878147125 -0.10690334439277649
0.07979001104831696 0.41483303904533386 0.19475781917572021
-0.7853484153747559 0.5077980756759644 -0.3049698770046234
0.1552744209766388 0.819597601890564 -0.3674456775188446
-0.30670827627182007 0.43712154030799866 -0.244807168841362
-0.5937169194221497 0.7213484048843384 0.20682254433631897
-0.259103387594223 0.37600114941596985 -0.33343425393104553
0.07097955793142319 0.9781649112701416 -0.07125508785247803
-0.43229514360427856 0.45273682475090027 -0.5880876779556274
-0.7131773829460144 0.7443315386772156 -0.22173719108104706
-0.5025091767311096 0.1138322576880455 -0.1264118105173111
-0.4019722640514374 0.44354403018951416 -0.07560747861862183
-0.3985438644886017 0.36161309480667114 -0.16449052095413208
-0.29788297414779663 0.7753776907920837 0.0009356036316603422
-0.09922463446855545 0.6801636815071106 -0.16283877193927765
-0.4756033718585968 0.8120003342628479 -0.0422685332596302
-0.4717453122138977 0.507270872592926 -0.04560205340385437
-0.5268988609313965 0.557228684425354 -0.05496734380722046
-0.5494474768638611 0.8171035647392273 -0.21959944069385529
-0.4820718467235565 0.45094388723373413 0.19832293689250946
-0.5438687205314636 0.7100982666015625 -0.2153387814760208
-0.624471127986908 0.48661118745803833 -0.10139293968677521
-0.5266093611717224 0.42530032992362976 -0.47897815704345703
-0.6891935467720032 0.5345461964607239 -0.01798020303249359
-0.5885023474693298 0.38056328892707825 0.04656582698225975
-0.036127422004938126 0.5615073442459106 -0.2452830970287323
-0.3349881172180176 0.5471200942993164 0.16681183874607086
0.012775175273418427 0.5022772550582886 0.17614221572875977
-0.3080916106700897 0.06325866281986237 0.045428622514009476
-0.43302178382873535 0.5159076452255249 0.0678548738360405
-0.0672307163476944 0.4471307098865509 -0.39791449904441833
-0.5783355832099915 0.457063764333725 -0.11542261391878128
-0.4361736476421356 0.31607672572135925 -0.028727630153298378
-0.6435610055923462 0.36603355407714844 -0.037829212844371796
-0.3160737454891205 0.47182878851890564 -0.14575830101966858
-0.3606625497341156 0.560295581817627 0.13764093816280365
-0.0769806057214737 0.7676870822906494 0.060064442455768585
-0.1683102250099182 0.6430614590644836 0.19949176907539368
-0.03725827485322952 0.1322372704744339 -0.13320404291152954
-0.5505218505859375 0.5314657092094421 0.03146621584892273
-0.7382021546363831 0.5269631743431091 0.2252638339996338
0.09054206311702728 0.49093037843704224 -0.6421398520469666
-0.5459504127502441 0.5654670000076294 -0.22920802235603333
-0.5407342910766602 0.422821968793869 0.08964160829782486
-0.6957699656486511 0.37049463391304016 -0.20394428074359894
-0.4211459755897522 0.7516844272613525 0.32151031494140625
-0.587028980255127 0.3711605668067932 -0.03190524876117706
-0.07870534807443619 0.39447927474975586 -0.27601632475852966
-0.412008672952652 0.6620483994483948 -0.11551231145858765
-0.7211783528327942 0.37843310832977295 -0.028724653646349907
-0.476541668176651 0.5850733518600464 -0.2975274622440338
-0.5218856930732727 0.785105288028717 0.31963205337524414
-0.3062375783920288 0.793390691280365 0.47538018226623535
-0.5053287744522095 0.6123437881469727 -0.3045808970928192
-0.324468731880188 0.3582533597946167 -0.00671947980299592
-0.313547819852829 0.7261629104614258 0.24376095831394196
-0.20314018428325653 0.4211466908454895 -0.15907098352909088
-0.6258130073547363 0.5982807874679565 -0.01737022213637829
-0.6044375896453857 1.1115213632583618 -0.0387466661632061
-0.18021301925182343 0.2518554925918579 -0.08095744997262955
-0.37418532371520996 0.4343383014202118 -0.08469969034194946
-0.3721306622028351 0.6280199289321899 -0.07240388542413712
-0.7280004620552063 0.7183654308319092 0.05192837864160538
-0.32501766085624695 0.6121155023574829 -0.09800722450017929
-0.46215030550956726 0.6845796704292297 0.17406053841114044
-0.43523383140563965 0.3281884491443634 -0.1786530762910843
-0.37200096249580383 -0.028018364682793617 -0.33159443736076355
-0.653099536895752 0.4472558796405792 -0.07299669086933136
-0.6839309334754944 0.4256322681903839 -0.2872633635997772
-0.060588520020246506 0.635329008102417 -0.13411922752857208
-0.5887649059295654 0.5395618677139282 -0.13485202193260193
-0.4299154579639435 0.5770166516304016 -0.0642455667257309
-0.4773184061050415 0.492995947599411 0.05983871594071388
-0.4650256633758545 0.5592080354690552 0.05409657582640648
-0.25338423252105713 0.522478461265564 -0.40834367275238037
-0.6884579658508301 0.42557787895202637 -0.19338364899158478
-0.2595193386077881 0.41490161418914795 0.321268767118454
-0.25635793805122375 0.5554355978965759 0.4353415369987488
-0.5072373151779175 0.598516583442688 0.23902031779289246
-0.3256945312023163 0.6265043616294861 0.002812282182276249
-0.26345497369766235 0.3460732102394104 -0.03511252999305725
-0.6021597385406494 0.40784206986427307 -0.5535911321640015
-0.45941928029060364 0.4429594576358795 -0.0636947974562645
-0.30217689275741577 0.7263705134391785 -0.1409749984741211
-0.3474443554878235 0.4984445869922638 0.058842845261096954
-0.5036244988441467 0.3977630138397217 0.21381764113903046
-0.47293782234191895 0.4271502196788788 -0.02211286686360836
-0.7008318901062012 0.8615720272064209 0.13909204304218292
-0.15373826026916504 0.5364170670509338 -0.02289966680109501
-0.5412778258323669 0.44119343161582947 -0.09559181332588196
-0.4930454194545746 0.5217381715774536 -0.13655485212802887
-0.4061748683452606 0.4712744653224945 0.22663670778274536
-0.7030156254768372 -0.05675313621759415 0.07865799218416214
-0.443009614944458 0.6555193066596985 -0.23770949244499207
-0.4845075011253357 0.40886253118515015 -0.17529936134815216
-0.4526030421257019 0.48330268263816833 -0.03645075857639313
-0.45762136578559875 0.7088404297828674 -0.18891331553459167
-0.39941728115081787 0.45715296268463135 0.18875201046466827
-0.36134541034698486 0.633512556552887 0.0035023032687604427
-0.34211593866348267 0.5459807515144348 0.03173071891069412
-0.5004358291625977 0.29178452491760254 -0.14269517362117767
-0.37194544076919556 0.5492190718650818 -0.45114773511886597
-0.6405555009841919 0.3067314326763153 0.16730377078056335
-0.656818151473999 0.4298093020915985 0.0016444944776594639
-0.4096297323703766 0.7629164457321167 0.5884801745414734
-0.2642461955547333 0.5408235192298889 -0.3296818137168884
-0.4322126507759094 0.5346997380256653 -0.4572051763534546
-0.44845348596572876 0.6617981791496277 0.03975912928581238
-0.4787505567073822 0.29338616132736206 -0.06529011577367783
-0.47142037749290466 0.32987135648727417 -0.03970995545387268
0.004258033819496632 0.5771917104721069 -0.2938377559185028
-0.4487743079662323 0.514353334903717 -0.11183802783489227
-0.329301655292511 0.49314528703689575 -0.03266344219446182
-0.27436935901641846 0.4905341565608978 -0.33099794387817383
-0.2764008641242981 0.543279230594635 0.15711238980293274
-0.3499002158641815 0.6712051630020142 0.3549349904060364
-0.5672839283943176 0.5485020279884338 -0.33843329548835754
-0.6820235848426819 0.5600693821907043 0.020013056695461273
-0.04154869541525841 0.10324724018573761 0.0041006323881447315
-0.5861073732376099 0.5697861909866333 -0.09339476376771927
-0.10693499445915222 0.626183271408081 -0.5517131090164185
-0.7309471964836121 0.930199146270752 0.2648836672306061
-0.31283289194107056 0.5639442801475525 0.0163938757032156
-0.5234359502792358 0.6528483629226685 -0.14396733045578003
-0.42978358268737793 0.6644114255905151 -0.10688840597867966
-0.6209437847137451 0.516169011592865 0.09541736543178558
-0.485932856798172 0.5795279741287231 0.5116029977798462
-0.7827359437942505 0.7194143533706665 -0.2673698365688324
-0.38109520077705383 0.5691667199134827 -0.34609997272491455
-0.07691061496734619 0.5339845418930054 -0.27964961528778076
-0.1891438066959381 0.7227184176445007 0.23496055603027344
-0.3827936351299286 0.79758620262146 0.40086665749549866
-0.32498887181282043 0.5943011045455933 -0.144124373793602
-0.3990543484687805 0.09735710173845291 0.45687103271484375
-0.6039401888847351 0.5044074058532715 -0.1779758781194687
-0.4853351414203644 0.0354798324406147 0.36140918731689453
-0.248147651553154 0.5571632981300354 -0.3188782036304474
-0.342130184173584 0.6201803088188171 0.12669073045253754
-0.5160961151123047 0.8427929282188416 0.34307020902633667
-0.39304229617118835 0.5225983262062073 -0.36777928471565247
-0.20340020954608917 0.4345865547657013 -0.4621342718601227
-0.2506602704524994 0.1425267457962036 -0.1400153934955597
-0.35194361209869385 0.440897673368454 0.054294612258672714
-0.31551674008369446 0.7055022120475769 -0.032028768211603165
-0.2841232419013977 0.6974558234214783 -0.021655386313796043
-0.47596168518066406 0.7411379814147949 -0.19956347346305847
-0.5751189589500427 0.10420738905668259 0.017870258539915085
-0.4342651963233948 0.6477594375610352 -0.14560876786708832
-0.4468178451061249 0.4205871522426605 0.08708734810352325
-0.4585634469985962 0.5455162525177002 -0.1905841827392578
-0.5352198481559753 0.28660887479782104 -0.10771153122186661
-0.7738863229751587 0.5824289917945862 0.12263720482587814
-0.4765869379043579 0.5483971238136292 0.16786977648735046
-0.30045002698898315 0.5999749898910522 0.1470348984003067
-0.43846145272254944 0.5311656594276428 -0.00698514049872756
-0.6330108046531677 0.5582422614097595 0.19603146612644196
-0.4747013747692108 0.4774772822856903 -0.6067829132080078
-0.6031398177146912 0.04875292256474495 0.10453878343105316
-0.4363735616207123 0.9635897278785706 -0.03351546823978424
-0.6046695113182068 0.5146563649177551 0.10256396979093552
-0.15747100114822388 0.5964676141738892 -0.7165510654449463
-0.2057984322309494 0.6892998814582825 0.09159743785858154
-0.34247681498527527 0.5403050184249878 -0.24994537234306335
-0.0716669037938118 0.7906883955001831 0.14171847701072693
-0.5163386464118958 0.5747907161712646 -0.21837280690670013
-0.3696427345275879 0.08903519064188004 0.14505340158939362
-0.5117031931877136 0.7217397093772888 0.3305143713951111
-0.4934958219528198 0.4595786929130554 -0.10912001132965088
-0.012082749977707863 0.7606502771377563 0.5366248488426208
-0.6838666200637817 0.14085553586483002 0.17815576493740082
-0.40197980403900146 0.436946839094162 0.11173921823501587
-0.5302793979644775 0.2568935751914978 -0.23369668424129486
-0.363832950592041 0.5707951188087463 -0.3360530734062195
-0.39932742714881897 0.028038952499628067 -0.4509880542755127
-0.34640005230903625 0.7200024724006653 0.14075729250907898
-0.5838515162467957 0.577832818031311 -0.030689002946019173
-0.32916051149368286 0.7046765089035034 -0.0267231073230505
-0.5937014222145081 0.6425616145133972 -0.08437618613243103
-0.5277416706085205 0.8223459720611572 -0.3523264527320862
-0.3394412100315094 0.8146454691886902 0.05322759225964546
-0.5342229008674622 0.6525832414627075 0.017490357160568237
-0.5518751740455627 0.5454735159873962 -0.27305489778518677
-0.1683187633752823 0.8193032741546631 0.5512605905532837
-0.41173943877220154 0.33785295486450195 -0.03364984691143036
-0.30496248602867126 0.9216629266738892 0.20809884369373322
-0.3386979401111603 0.5865923762321472 0.1399286389350891
-0.2706000506877899 0.6880081295967102 -0.2682902216911316
-0.45409515500068665 0.9162837266921997 -0.11422058194875717
-0.5178492665290833 0.3095516264438629 -0.045148249715566635
-0.6098145842552185 0.5462300181388855 -0.05602974072098732
-0.41914400458335876 0.5650551319122314 -0.12432540208101273
-0.08014343678951263 0.73028165102005 0.2983068525791168
-0.42564183473587036 0.39122384786605835 -0.0359707735478878
-0.5296403765678406 0.6440299153327942 0.11281133443117142
-0.5435523986816406 0.5944896340370178 -0.1117190569639206
-0.26827308535575867 0.5086323618888855 -0.0535033643245697
-0.30681112408638 0.6864684224128723 -0.13607145845890045
-0.4068516194820404 0.5734702348709106 -0.043690700083971024
-0.6303313374519348 0.3490637242794037 -0.22350741922855377
-0.2591220438480377 0.36781546473503113 0.049463190138339996
-0.6039882302284241 0.6666634678840637 0.09619849175214767
-0.2371232807636261 0.5860213041305542 -0.16255539655685425
-0.10335975140333176 0.35745230317115784 -0.08678038418292999
-0.4950557053089142 0.23185330629348755 0.40706244111061096
-0.5360901951789856 0.4796849489212036 -0.07530958950519562
-0.47372061014175415 0.5370347499847412 0.17865513265132904
-0.33502253890037537 0.5841179490089417 -0.2631755471229553
-0.3739555776119232 0.47795698046684265 -0.0897054374217987
-0.44671231508255005 0.1974773406982422 -0.09691282361745834
0.1728055328130722 0.35608577728271484 0.14157406985759735
-0.535532534122467 0.7262840867042542 -0.05683538317680359
-0.32958027720451355 0.3394923210144043 -0.05957872420549393
-0.5090474486351013 0.3388432562351227 0.06204262003302574
-0.6874750256538391 0.2909085154533386 -0.038414083421230316
-0.2610072195529938 0.5928409099578857 -0.6003450155258179
-0.4749681055545807 -0.026454266160726547 0.07077138125896454
-0.41159874200820923 0.6163855791091919 -0.22107677161693573
-0.34553179144859314 0.681788980960846 -0.2757713496685028
-0.272737056016922 0.68776535987854 0.19862203299999237
-0.7799054384231567 -0.04044296592473984 -0.05288967490196228
-0.532206118106842 0.7335852384567261 -0.014332128688693047
-0.5389044880867004 0.4641353189945221 -0.1246287003159523
-0.39790669083595276 0.2943480312824249 -0.1815974861383438
-0.6278173327445984 0.2885722517967224 0.12036044150590897
-0.4774456322193146 0.5379810333251953 -0.10190141946077347
-0.25551921129226685 0.7324411869049072 -0.17974597215652466
-0.3634846806526184 0.3590015470981598 -0.08239316195249557
-0.3089244067668915 0.7429154515266418 -0.2188696265220642
-0.5218819975852966 0.5437047481536865 -0.019805077463388443
-0.4566819965839386 0.2354087084531784 -0.2738741636276245
-0.5783395767211914 0.6044138669967651 -0.07718101888895035
-0.6655785441398621 0.43617329001426697 -0.03968385234475136
-0.5544055104255676 0.9945454001426697 0.02188912034034729
-0.5836929678916931 0.2270505577325821 0.3363740146160126
-0.08564264327287674 0.2068127542734146 -0.40648218989372253
-0.5228155255317688 0.43144190311431885 0.011668369174003601
-0.6132436394691467 0.7454965114593506 0.3932412564754486
-0.3409951627254486 0.7910525798797607 -0.40702465176582336
-0.20404578745365143 0.5171876549720764 -0.2508977949619293
-0.1543177217245102 0.598334014415741 -0.2731427252292633
-0.7226348519325256 0.751745343208313 0.13084469735622406
-0.520751953125 0.8224256634712219 -0.4366658627986908
-0.3876344859600067 0.40706688165664673 -0.4612310230731964
-0.39964133501052856 0.15349356830120087 -0.01698901690542698
0.03474591672420502 0.7724136710166931 0.3113310635089874
-0.263973206281662 0.5303357243537903 -0.09160958230495453
-0.5904039740562439 0.4716770052909851 -0.0549386627972126
-0.25865137577056885 0.5616278052330017 0.05876415967941284
-0.1742333024740219 0.333423912525177 -0.06193066015839577
-0.649156928062439 0.4192468225955963 -0.02053363434970379
-0.6001198291778564 0.5949469804763794 0.09254595637321472
-0.5357434749603271 0.5862957835197449 0.014535745605826378
-0.3514557182788849 0.5585227012634277 -0.23609112203121185
-0.6942992806434631 0.6907066702842712 -0.3157016634941101
-0.5245437622070312 0.27700337767601013 0.08554724603891373
-0.13052013516426086 0.8817291855812073 0.012926649302244186
-0.3608793616294861 0.6659045815467834 -0.19612255692481995
-0.5366340279579163 0.44246411323547363 -0.06871771067380905
-0.4185585677623749 0.54222571849823 0.17119944095611572
-0.15723684430122375 0.542868435382843 0.019386453554034233
-0.6352468132972717 0.5588247179985046 0.15480130910873413
-0.5097353458404541 0.2722897231578827 -0.30867382884025574
-0.13671234250068665 0.3379676342010498 -0.16597090661525726
-0.4499290883541107 0.7807454466819763 0.39443492889404297
-0.2672272324562073 0.6446089148521423 -0.43608376383781433
-0.6890930533409119 0.6935513615608215 0.010801674798130989
-0.4391825199127197 0.5962203741073608 -0.024243252351880074
-0.5214350819587708 0.48524317145347595 -0.007780779618769884
-0.4269856810569763 0.5951563119888306 0.24053996801376343
-0.19181716442108154 0.03883597254753113 -0.049348875880241394
-0.08585955202579498 0.46662649512290955 0.09608010947704315
-0.0980127602815628 0.5329952836036682 -0.31974849104881287
-0.313787579536438 0.4721757471561432 0.34540796279907227
-0.7408744692802429 0.8369106650352478 0.4194962680339813
-0.22119978070259094 0.10347701609134674 -0.3841833472251892
-0.5539274215698242 0.7574822306632996 -0.10937057435512543
-0.5031113624572754 0.17970417439937592 -0.10582166165113449
-0.19308096170425415 0.6967464089393616 -0.0018807935994118452
-0.3659823536872864 0.4719797372817993 -0.08041384071111679
-0.2504356801509857 0.49198785424232483 -0.32941344380378723
-0.5852562785148621 0.638677179813385 -0.2671692371368408
-0.19424790143966675 0.6749469041824341 -0.32433024048805237
-0.3151004910469055 0.32731881737709045 -0.05288122221827507
-0.24766625463962555 0.39369168877601624 0.15131205320358276
-0.38553693890571594 0.42996975779533386 -0.04082179442048073
-0.2687796354293823 0.7341629862785339 -0.2631250023841858
0.04387665539979935 0.6869926452636719 -0.17904746532440186
-0.5875469446182251 0.5420901775360107 -0.1468065083026886
-0.34644585847854614 0.4198547601699829 0.043496131896972656
-0.7945377230644226 0.6931101679801941 0.10219704359769821
-0.6926640272140503 0.2071346640586853 -0.0591270811855793
-0.29784509539604187 0.6452881097793579 0.3345640301704407
-0.4747909903526306 0.5168637633323669 0.07066550105810165
0.004682852420955896 0.8399863243103027 -0.21826864778995514
-0.5946398973464966 0.5016376376152039 -0.08030201494693756
-0.6188468933105469 0.0036969706416130066 0.17685365676879883
-0.4719547629356384 0.45810723304748535 0.05222318693995476
-0.5019084811210632 0.6105274558067322 -0.10963660478591919
-0.47802630066871643 0.8401321768760681 0.5706663727760315
-0.37799352407455444 0.6055587530136108 0.0956258624792099
-0.27135035395622253 -0.06346116960048676 0.11735924333333969
-0.6484402418136597 0.5091601014137268 -0.25197747349739075
-0.42168229818344116 0.5530322194099426 -0.1127045676112175
-0.6053283214569092 0.7221181988716125 0.2386498749256134
-0.4425327777862549 0.636500358581543 -0.42190271615982056
-0.579681396484375 0.5048125386238098 -0.12874232232570648
-0.3306567966938019 0.684491753578186 0.17592425644397736
-0.5293937921524048 0.6990957260131836 0.2704923450946808
-0.4635891020298004 0.4822274446487427 -0.10896093398332596
-0.057114169001579285 0.5774216055870056 -0.19272755086421967
-0.634070873260498 0.6635908484458923 -0.2638521194458008
-0.0929175317287445 0.22574512660503387 0.11103960871696472
-0.5013201236724854 0.5990635752677917 -0.16462455689907074
-0.4636765420436859 0.5864686369895935 -0.31314435601234436
-0.07056136429309845 0.45008400082588196 -0.4173395335674286
-0.5751360654830933 0.35324347019195557 -0.28714510798454285
-0.7376524806022644 0.9387421011924744 0.014908092096447945
-0.40510091185569763 0.440234512090683 0.11873466521501541
-0.3948628604412079 0.554186999797821 -0.15042419731616974
-0.16619445383548737 0.3400232493877411 -0.04810295253992081
-0.530888020992279 0.5381177663803101 -0.3682771623134613
-0.10398093611001968 0.6790556907653809 0.31144440174102783
-0.4026156961917877 0.6711748838424683 0.2187589854001999
-0.47026535868644714 0.5804978609085083 -1.2090141773223877
-0.7104632258415222 0.1046908050775528 0.032575834542512894
-0.7190455198287964 0.464019238948822 -0.04125791788101196
-0.36939725279808044 0.4379747807979584 -0.09948407858610153
-0.5705445408821106 0.46480393409729004 0.04273444786667824
-0.6592131853103638 0.7667320370674133 0.10916405916213989
0.03724873065948486 0.36888304352760315 -0.05354238674044609
-0.6246280670166016 0.7076615691184998 0.039171136915683746
-0.40533581376075745 0.5936057567596436 -0.037295546382665634
-0.22834433615207672 0.6327887177467346 -0.16096928715705872
-0.12551087141036987 0.6176419854164124 0.054731789976358414
-0.703184962272644 0.6042107939720154 -0.016854634508490562
-0.2273620069026947 0.4472369849681854 0.04083492234349251
-0.44170770049095154 0.5978010892868042 0.10658707469701767
-0.28469330072402954 0.6388450860977173 -0.20595677196979523
-0.40442413091659546 0.7122918367385864 0.3685242831707001
-0.5360105037689209 0.5397626757621765 0.12336824834346771
-0.5229581594467163 0.3284801244735718 -0.3947879672050476
-0.352103590965271 0.5917530059814453 -0.07966369390487671
-0.3656219244003296 0.6109141707420349 -0.18182559311389923
-0.3028629422187805 0.7222111821174622 -0.23344440758228302
-0.5257943868637085 0.20237471163272858 0.2709273397922516
-0.4465287923812866 0.6973953247070312 -0.0068826149217784405
-0.5001736879348755 0.6249329447746277 -0.18336530029773712
-0.40009966492652893 0.25916898250579834 0.2750603258609772
-0.3267386555671692 0.06769853085279465 0.09791689366102219
-0.32914620637893677 0.6364443302154541 -0.13556867837905884
-0.3928285539150238 0.5551562905311584 -0.002280182670801878
0.06550101190805435 -0.045759689062833786 -0.3778340518474579
-0.32103222608566284 0.4457753896713257 -0.10557570308446884
-0.3984929323196411 0.4323696196079254 -0.13414065539836884
-0.735191285610199 0.5660386681556702 0.2047339379787445
-0.33054298162460327 0.5446946620941162 0.3667703866958618
-0.0915757268667221 0.5825760364532471 0.0966976210474968
-0.2879808843135834 0.45241084694862366 -0.11828704923391342
-0.5205895304679871 0.4376537799835205 -0.1476779282093048
-0.4054524004459381 0.6282309293746948 0.09975424408912659
-0.22655300796031952 0.6727931499481201 -0.399524062871933
-0.30390769243240356 0.623801589012146 -0.10928867012262344
-0.14319203794002533 0.6437143683433533 -0.1680074781179428
-0.6692972779273987 0.5280137658119202 -0.14779479801654816
