ply
format ascii 1.0
element vertex 2048
property float x
property float y
property float z
end_header
0.03460606187582016 0.33041131496429443 -0.2450699657201767
-0.0966251790523529 0.29532527923583984 -0.05752427875995636
-0.1016688197851181 0.08181320875883102 -0.05156652256846428
-0.014255240559577942 -0.2091839462518692 -0.11567913740873337
-0.11745378375053406 -0.08322218805551529 -0.025959523394703865
0.009311104193329811 0.3322010934352875 -0.17634211480617523
0.10725883394479752 -0.4559873044490814 -0.08685164153575897
-0.06076039373874664 0.6250749826431274 0.13830482959747314
-0.11822796612977982 0.08327936381101608 -0.09101222455501556
-0.10138439387083054 -0.016833744943141937 -0.0718807727098465
-0.11977287381887436 -0.07184405624866486 0.19530007243156433
-0.09848464280366898 0.31470492482185364 -0.13885892927646637
-0.09133727103471756 0.08657605946063995 -0.00035027717240154743
-0.11416278779506683 0.19256658852100372 0.04005240276455879
-0.09708302468061447 0.37351489067077637 -0.038123540580272675
-0.11777917295694351 0.17979492247104645 0.019881248474121094
-0.09982914477586746 0.2122521847486496 0.10178017616271973
-0.08325492590665817 0.5020102858543396 0.052788928151130676
0.010677287355065346 -0.3216635286808014 -0.3148041367530823
-0.04553928226232529 0.22462628781795502 -0.07527048885822296
-0.09395670890808105 0.2890728712081909 -0.2173725813627243
-0.1455402970314026 -0.2640897035598755 0.0032670865766704082
-0.08968540281057358 0.4468560218811035 0.2811136841773987
-0.12833179533481598 0.3019596338272095 0.002108958549797535
0.11655499041080475 0.4802592098712921 -0.11309649050235748
-0.1624012291431427 -0.014618640765547752 -0.2697661221027374
-0.16634130477905273 0.1770540326833725 0.07063966244459152
-0.04800214618444443 0.3726109564304352 -0.06224219128489494
-0.08680949360132217 -0.026618314906954765 -0.20004938542842865
-0.07967297732830048 -0.06679489463567734 0.02176627703011036
-0.06028779223561287 0.33233752846717834 -0.07165315747261047
-0.1000932827591896 0.23501215875148773 -0.007995443418622017
-0.10853956639766693 0.19115307927131653 -0.06751205027103424
-0.08560427278280258 0.4538416862487793 0.03996088728308678
-0.07686107605695724 0.0016495964955538511 0.012138329446315765
-0.0943305566906929 0.374652236700058 0.12923286855220795
-0.10605482757091522 0.2831874191761017 -0.08375657349824905
-0.10928437858819962 0.17250488698482513 0.1373024433851242
-0.08841963112354279 0.38284894824028015 -0.0348600372672081
-0.07076535373926163 -0.29863297939300537 -0.010665182024240494
-0.11630212515592575 0.04761673882603645 0.13347949087619781
-0.06140327453613281 0.4078996479511261 -0.01320020854473114
-0.1037425845861435 -0.08210138231515884 0.07675577700138092
-0.06022993475198746 0.050907205790281296 0.014034468680620193
-0.1496705412864685 0.10481433570384979 0.19271361827850342
0.08320257067680359 0.22957083582878113 -0.09834951162338257
-0.13521508872509003 0.023310521617531776 0.1551496982574463
-0.19360505044460297 0.15656590461730957 0.028752528131008148
-0.03465791419148445 -0.14014959335327148 -0.20407241582870483
-0.14396125078201294 0.009299153462052345 0.12209628522396088
-0.1130242645740509 0.4356934130191803 -0.1694646179676056
-0.11067333817481995 -0.033602554351091385 -0.1936221718788147
-0.14290550351142883 0.3404354751110077 -0.13693451881408691
-0.16261805593967438 -0.0828058049082756 -0.02880876138806343
-0.053277257829904556 0.13142095506191254 0.023181654512882233
0.04005330055952072 -0.1944812834262848 -0.22484450042247772
-0.12384820729494095 0.046661827713251114 0.08814438432455063
-0.09312350302934647 0.024028869345784187 0.030690791085362434
0.31458720564842224 0.25767067074775696 -0.09244272112846375
-0.0946289524435997 0.2401517629623413 0.07912983000278473
-0.12928883731365204 0.28236258029937744 0.0038338471204042435
-0.07365596294403076 0.09549868106842041 -0.0548933781683445
-0.12208060920238495 0.18756741285324097 0.009096574038267136
-0.10376822203397751 0.30178380012512207 -0.03664424270391464
-0.07921790331602097 0.334409236907959 -0.10027793794870377
-0.12417153269052505 0.08745112270116806 -0.07434649765491486
-0.09758932888507843 0.28585997223854065 0.014640983194112778
-0.10593174397945404 0.02059995010495186 -0.01040944829583168
-0.10721005499362946 0.28420934081077576 0.006444340571761131
-0.10642893612384796 -0.04337232932448387 -0.18145811557769775
-0.22618858516216278 0.1125887781381607 0.0018868292681872845
-0.12273465096950531 0.29100707173347473 -0.2677494287490845
-0.11740320920944214 0.119737908244133 -0.07367731630802155
-0.12550978362560272 0.09770113229751587 0.10916527360677719
-0.14444652199745178 0.19926151633262634 0.04646267741918564
-0.18795083463191986 0.045397497713565826 0.036409106105566025
0.03643254190683365 -0.39893946051597595 -0.2533450126647949
-0.08060454577207565 0.39055004715919495 0.02984962798655033
0.02044866792857647 -0.1484087109565735 -0.19383081793785095
-0.11751173436641693 0.3041349947452545 0.12246035784482956
-0.0880429744720459 0.4186948239803314 -0.028055286034941673
-0.10886985808610916 0.16634711623191833 -0.02385556884109974
-0.13976408541202545 0.23436667025089264 -0.02928917109966278
-0.11739089339971542 0.09256668388843536 0.19671161472797394
-0.09444444626569748 0.2321128249168396 0.060545265674591064
-0.03734545782208443 0.41194865107536316 -0.06888645142316818
-0.11331892013549805 -0.15118707716464996 -0.014805087819695473
-0.07105512917041779 -0.38449570536613464 -0.38468560576438904
-0.13786640763282776 0.03409741446375847 0.016928179189562798
-0.023877045139670372 0.1764165163040161 -0.0005585108883678913
0.3369027078151703 0.15755097568035126 -0.07903208583593369
0.3351901173591614 0.1553712636232376 -0.0833054631948471
-0.08854129165410995 0.337147057056427 0.02512209862470627
-0.13301925361156464 -0.010607339441776276 -0.12888014316558838
-0.1561409831047058 0.08820229768753052 0.1606510430574417
0.00852739717811346 0.231962651014328 0.05317108333110809
-0.18385624885559082 0.156715527176857 -0.2002526819705963
-0.12789183855056763 0.25510522723197937 0.032267976552248
0.04886724054813385 0.11418923735618591 -0.04379832744598389
-0.08066492527723312 -0.19275757670402527 0.19907225668430328
-0.17011183500289917 0.4542951285839081 -0.10738430917263031
-0.12847809493541718 0.3189278841018677 -0.042144011706113815
-0.12659116089344025 -0.029501549899578094 0.21220189332962036
-0.15320582687854767 0.08737851679325104 -0.6649296283721924
-0.022496500983834267 0.30083340406417847 -0.11136145144701004
-0.08269868791103363 0.30012446641921997 -0.04744928702712059
-0.08965539932250977 0.3786523938179016 0.017915459349751472
-0.07590648531913757 0.035733792930841446 -0.008773308247327805
-0.1153053268790245 0.19695019721984863 -0.006406583357602358
-0.10004235059022903 0.15027238428592682 -0.35795363783836365
-0.07139802724123001 0.3607376515865326 -0.07151816785335541
-0.06633708626031876 0.36567580699920654 -0.08247468620538712
-0.059838347136974335 0.03659705072641373 -0.30124494433403015
-0.1318502575159073 0.1998845785856247 -0.044943541288375854
-0.11388864368200302 0.03336244449019432 0.028300093486905098
-0.10458768159151077 0.4059242308139801 -0.09591832011938095
-0.08073897659778595 0.35996732115745544 -0.08991025388240814
-0.03024192526936531 -0.11822821199893951 -0.36575862765312195
0.001991529483348131 0.2586671710014343 -0.1946554034948349
-0.09660540521144867 0.36538416147232056 -0.07611574232578278
-0.15229184925556183 0.011468403041362762 0.11259932070970535
-0.08907442539930344 0.08136144280433655 -0.2760205566883087
-0.1150597482919693 -0.09143534302711487 -0.07158428430557251
-0.03224986791610718 0.10712356865406036 0.06235026568174362
-0.08914180845022202 0.2993173897266388 0.12927798926830292
-0.13425303995609283 0.34718814492225647 -0.15934637188911438
-0.13296490907669067 0.27402472496032715 -0.03973064199090004
-0.1172846332192421 0.1419209986925125 0.003627869300544262
-0.09593900293111801 0.2431230992078781 0.08288315683603287
-0.08616796135902405 0.3370397090911865 -0.004257754888385534
-0.0025338614359498024 -0.18034112453460693 -0.1439540535211563
-0.019648168236017227 0.3320375382900238 -0.11294513195753098
0.3097246289253235 0.07399635016918182 -0.10771108418703079
-0.12143594771623611 0.11569606512784958 -0.10810541361570358
-0.05701780319213867 0.45077410340309143 -0.011052314192056656
-0.10443541407585144 -0.16182394325733185 0.1560889631509781
-0.08553921431303024 0.34136155247688293 -0.02318200096487999
-0.14412158727645874 0.11017780005931854 0.15321366488933563
-0.14439314603805542 0.022269446402788162 -0.28973037004470825
-0.10375316441059113 0.4098859429359436 0.22281377017498016
-0.08654700219631195 0.4508874714374542 -0.04205095022916794
-0.004279345739632845 -0.1627403348684311 -0.24809367954730988
-0.10096535086631775 -0.006929267663508654 0.027932416647672653
-0.0937778651714325 0.27100273966789246 -0.013426553457975388
-0.22008170187473297 -0.055214475840330124 -0.22763976454734802
-0.11509757488965988 0.11895109713077545 0.04036550596356392
-0.14564086496829987 0.06289268285036087 -0.15747606754302979
-0.10635314881801605 -0.14444994926452637 -0.1300489902496338
-0.04988759383559227 -0.03366018086671829 0.03314662724733353
-0.04926416650414467 0.4061632752418518 0.019111085683107376
0.013752322643995285 0.09057193249464035 -0.24262021481990814
-0.1114657074213028 0.1382465362548828 0.015253903344273567
-0.17505459487438202 -0.08550651371479034 -0.23097404837608337
-0.1347011923789978 0.09238418191671371 0.010419882833957672
-0.11314254254102707 0.059699248522520065 0.07684899121522903
-0.18294547498226166 -0.11163435131311417 -0.22939634323120117
-0.13679885864257812 -0.05734001100063324 0.0922170951962471
-0.10010277479887009 -0.07740454375743866 -0.17794731259346008
-0.1632578819990158 -0.016889583319425583 -0.0238551776856184
-0.08966979384422302 0.3786996603012085 -0.06214709207415581
-0.13227857649326324 0.18832214176654816 0.05185117945075035
-0.09147099405527115 0.3800249695777893 -0.09575316309928894
-0.09080392867326736 0.2808287441730499 0.03244010731577873
-0.13637466728687286 0.09191018342971802 0.18221090734004974
-0.17806954681873322 -0.08296620845794678 0.04862844944000244
-0.1048290878534317 0.09801919758319855 0.0012661461951211095
-0.5748484134674072 0.15089751780033112 0.010339628905057907
-0.04395211115479469 0.37990665435791016 -0.0903676301240921
-0.0880155861377716 0.30182185769081116 -0.07459147274494171
-0.13396450877189636 -0.14313307404518127 -0.16781973838806152
-0.1571478545665741 0.3957517743110657 -0.1984236091375351
0.025337262079119682 -0.17312799394130707 -0.22431479394435883
-0.1156996563076973 0.052122436463832855 0.18305604159832
-0.09939491748809814 -0.40240973234176636 0.12820130586624146
-0.08731116354465485 0.22311998903751373 0.18502460420131683
-0.07022865861654282 0.38404422998428345 -0.04085199162364006
-0.1406497061252594 0.07505219429731369 0.07084725052118301
-0.1104019358754158 0.054266367107629776 0.013197647407650948
-0.02511283941566944 0.10915836691856384 -0.003029987681657076
-0.1584533303976059 0.11175430566072464 -0.1701866239309311
-0.07549871504306793 0.4887527525424957 0.020052343606948853
-0.07057260721921921 0.5763214826583862 0.01671680621802807
-0.11701835691928864 -0.037308961153030396 0.0679704025387764
-0.04584807902574539 0.4541480839252472 -0.04359637200832367
-0.17799201607704163 0.32142704725265503 -0.24795840680599213
-0.013030396774411201 0.06479330360889435 0.01552267000079155
-0.08158566802740097 0.31443122029304504 -0.013110281899571419
-0.061822131276130676 0.49314892292022705 0.12380505353212357
-0.1382531374692917 0.41324031352996826 -0.22874756157398224
-0.13112756609916687 -0.7399834394454956 0.16269294917583466
-0.12887340784072876 -0.03297800570726395 0.024012336507439613
-0.11519288271665573 0.12094991654157639 -0.09539765119552612
-0.1455288827419281 0.06637491285800934 -0.20254196226596832
-0.054185900837183 0.07469413429498672 0.04756009578704834
-0.09979043155908585 0.26036226749420166 -0.039346691220998764
-0.13599668443202972 0.24915602803230286 -0.008279314264655113
-0.16327913105487823 0.004038780461996794 0.0606396347284317
-0.13226330280303955 -0.055227894335985184 -0.0038284962065517902
-0.0925850123167038 0.06317734718322754 -0.052628904581069946
0.46221816539764404 -0.2776569724082947 -0.22911106050014496
-0.07052344083786011 0.46006515622138977 0.02178560383617878
-0.07763087004423141 0.3051997125148773 -0.0009235183242708445
-0.10704177618026733 0.12273766100406647 0.02377505972981453
-0.13858374953269958 0.25191012024879456 -0.026216555386781693
-0.18171651661396027 0.23784342408180237 0.008669441565871239
-0.1469738483428955 0.345490038394928 -0.14223086833953857
-0.06162255257368088 -0.2701566815376282 -0.35059496760368347
-0.03636534884572029 -0.05356236919760704 0.012190036475658417
-0.1086784303188324 0.2325635403394699 -0.031019246205687523
-0.07501666992902756 0.2589426338672638 -0.004695044830441475
-0.02640252374112606 0.07885964959859848 -0.20154094696044922
-0.055354565382003784 0.4276133179664612 -0.015033027157187462
-0.11005628108978271 0.2331480085849762 0.2053651660680771
-0.109376922249794 0.10751602053642273 0.11919795721769333
-0.13877414166927338 0.32203954458236694 -0.14679813385009766
-0.06808744370937347 0.006791257299482822 -0.046513888984918594
-0.07231588661670685 0.16947077214717865 -0.0022287629544734955
-0.08558258414268494 -0.11287801712751389 -0.23140102624893188
-0.06893923133611679 0.44351014494895935 0.01148473471403122
0.027139812707901 0.3123425543308258 -0.11571855843067169
-0.028987258672714233 0.4616285264492035 0.12773272395133972
-0.009404608979821205 -0.12606313824653625 -0.26563704013824463
-0.10332297533750534 0.3743554651737213 -0.05384121462702751
-0.11215849220752716 0.1778959184885025 -0.006319377105683088
-0.11727769672870636 0.20893536508083344 0.049504105001688004
-0.13080473244190216 0.08372927457094193 0.16971498727798462
-0.08666440099477768 0.32719486951828003 0.034898415207862854
-0.04551762342453003 0.019146056845784187 -0.31258028745651245
-0.0689278393983841 0.3539902865886688 -0.03708316758275032
-0.13160358369350433 0.021626390516757965 0.2250567376613617
-0.10731334984302521 0.4756409227848053 -0.02012404054403305
-0.06113635003566742 0.5001177191734314 0.09506388753652573
-0.12758789956569672 -0.15792739391326904 -0.056806404143571854
-0.08482024073600769 0.3167058825492859 -0.27207422256469727
-0.07410271465778351 0.25142937898635864 0.039787884801626205
-0.1352601796388626 -0.08710173517465591 0.039284560829401016
-0.09645816683769226 0.38560110330581665 -0.09085860103368759
-0.10954008251428604 0.18279536068439484 0.060505542904138565
-0.11344148963689804 0.22071245312690735 -0.0031673703342676163
-0.13171051442623138 0.24093317985534668 0.03418198600411415
0.029544193297624588 -0.32792922854423523 -0.31033995747566223
-0.09562688320875168 0.41992881894111633 -0.0023347269743680954
-0.17296333611011505 -0.1733430176973343 -0.0018580155447125435
0.06475633382797241 0.3434349596500397 -0.13139910995960236
-0.10664544254541397 0.36153995990753174 -0.12053697556257248
-0.1003740057349205 0.23652562499046326 -0.06015104800462723
-0.13079485297203064 0.628786563873291 0.14057010412216187
-0.08751385658979416 0.3781447410583496 -0.050832703709602356
-0.09221616387367249 0.30320483446121216 -0.05214740335941315
-0.07134338468313217 0.1640681028366089 -0.01917850971221924
-0.09192448854446411 0.11579932272434235 0.01427292451262474
-0.08859957754611969 0.3804011642932892 0.027213778346776962
-0.14839360117912292 -0.27253544330596924 0.21718361973762512
-0.15287940204143524 0.24598358571529388 0.030398666858673096
-0.13614483177661896 -0.01019226387143135 -0.14712382853031158
-0.07727352529764175 0.3344642221927643 -0.09336066246032715
-0.08681242913007736 -0.116792693734169 -0.15117569267749786
-0.06899896264076233 -0.016734294593334198 -0.015197087079286575
-0.09949128329753876 0.29331737756729126 -0.046713490039110184
-0.10473961383104324 0.25979673862457275 -0.01409510150551796
-0.12401808053255081 0.09191446751356125 0.06248823180794716
-0.08264698833227158 0.3883989751338959 -0.06337182968854904
-0.11148114502429962 0.17727361619472504 0.01881697215139866
-0.10028105229139328 -0.039454687386751175 0.10173076391220093
-0.1233583465218544 0.07684344798326492 -0.12246988713741302
-0.049948662519454956 -0.07036318629980087 -0.1956431120634079
-0.07398808747529984 0.4019407033920288 -0.07681018114089966
-0.10759411752223969 0.016766846179962158 0.12826426327228546
-0.11410548537969589 0.1653214544057846 -0.04724342003464699
-0.039195865392684937 -0.08212696015834808 -0.19231434166431427
-0.12217706441879272 -0.006576368119567633 -0.029229221865534782
-0.04340415447950363 0.32286256551742554 -0.10894983261823654
-0.11224101483821869 0.12472506612539291 0.03790230304002762
-0.061752744019031525 0.41824400424957275 -0.044101931154727936
-0.10624063014984131 0.1918964684009552 0.14921200275421143
-0.12953388690948486 0.24324513971805573 -0.09325246512889862
-0.11056062579154968 0.19680851697921753 0.11344411224126816
-0.09111039340496063 0.307926207780838 0.0014049432938918471
-0.08077752590179443 0.3672012686729431 0.00913870707154274
-0.06887610256671906 0.387315034866333 0.03436809033155441
-0.0702560767531395 0.4501565396785736 0.04822201281785965
-0.1072654277086258 0.009765192866325378 -0.03833407163619995
-0.12814335525035858 0.14463569223880768 -0.04315480589866638
-0.1440446376800537 -0.037907786667346954 0.05784770846366882
-0.1366443932056427 0.09767479449510574 -0.11412960290908813
-0.11457528918981552 0.014716219156980515 0.14628204703330994
0.009853413328528404 0.3542514741420746 -0.19663161039352417
-0.14164361357688904 0.3255946636199951 -0.1848122626543045
-0.14964720606803894 0.14189450442790985 0.0504043847322464
-0.048497274518013 0.25712084770202637 -0.066569022834301
-0.08515501022338867 0.2578926086425781 -0.04369327798485756
-0.11365710943937302 0.294856458902359 -0.100754015147686
-0.03224625065922737 0.21964827179908752 -0.03316778317093849
-0.0383000411093235 0.05107777565717697 -0.15949876606464386
-0.1404367983341217 0.08773332834243774 0.10467340797185898
-0.14092272520065308 0.14556965231895447 0.015856534242630005
-0.09300888329744339 0.29043614864349365 0.043870795518159866
-0.019221866503357887 -0.1272190511226654 -0.2476094514131546
-0.22221030294895172 -0.08270396292209625 0.08513997495174408
-0.18039509654045105 -0.35265329480171204 0.1554442048072815
-0.021404365077614784 -0.09378731995820999 -0.18800577521324158
-0.09067624062299728 0.11925064772367477 -0.0028368793427944183
-0.08077462762594223 0.42340341210365295 0.017981508746743202
-0.10106764733791351 0.36265861988067627 -0.05177170783281326
0.008944403380155563 -0.24502672255039215 -0.24722380936145782
-0.12137506902217865 0.13464446365833282 0.015972720459103584
-0.07970136404037476 0.34799686074256897 -0.039663370698690414
-0.08277976512908936 0.35096412897109985 -0.0381477065384388
-0.23636603355407715 -0.08651486039161682 0.06527649611234665
-0.08559288084506989 0.05686744675040245 -0.12199290096759796
-0.21578648686408997 0.7774863839149475 0.13496138155460358
-0.0678747296333313 0.4687337279319763 0.07920944690704346
0.004114828538149595 -0.21216751635074615 -0.2387884557247162
-0.06102372705936432 -0.08112115412950516 -0.009639399126172066
-0.13200582563877106 0.3313889801502228 -0.12948164343833923
-0.11705303192138672 0.1848648339509964 0.026889735832810402
-0.11663433164358139 0.40918710827827454 -0.04853171110153198
-0.13487638533115387 0.08962751179933548 0.034887660294771194
-0.09181889146566391 0.2506183683872223 0.0006541506154462695
-0.07780525833368301 0.34177732467651367 -0.10764671862125397
-0.10467921942472458 0.3515514135360718 -0.15231823921203613
-0.12866297364234924 0.08771508187055588 -0.10438293218612671
-0.12311436980962753 0.33410048484802246 0.09689905494451523
-0.18888595700263977 0.20672954618930817 -0.20215673744678497
-0.07581886649131775 0.39448556303977966 0.1404780000448227
-0.12314281612634659 0.37011656165122986 -0.18758201599121094
0.023531880229711533 0.2602701485157013 -0.1426052749156952
-0.08076999336481094 0.2426857054233551 -0.03472621366381645
-0.166280597448349 0.3463221490383148 -0.08569259941577911
-0.09254331886768341 0.3117509186267853 -0.06645947694778442
-0.110709547996521 0.029232358559966087 0.050878141075372696
-0.09028786420822144 0.2729673683643341 0.07605405151844025
0.037097956985235214 -0.3023316264152527 -0.3253433406352997
-0.11685385555028915 0.03875904157757759 0.06899822503328323
-0.015951305627822876 0.14050430059432983 -0.14153951406478882
-0.13090357184410095 -0.3049767017364502 0.12605944275856018
-0.11721981316804886 0.16974914073944092 -0.021697266027331352
-0.10871971398591995 0.019481929019093513 0.1544266641139984
-0.0021442845463752747 0.4055449664592743 -0.04802360013127327
-0.08728481829166412 0.3900570869445801 -0.03535442426800728
-0.12365806847810745 0.3503112494945526 -0.19240041077136993
-0.06955333054065704 0.4648399353027344 -0.23722593486309052
-0.1480574756860733 -0.10240703076124191 -0.3323252499103546
-0.08251290768384933 -0.2268163561820984 -0.12525087594985962
-0.05632755532860756 -0.13787955045700073 -0.23075227439403534
-0.08417624980211258 0.28778719902038574 -0.10608921945095062
-0.11189188063144684 0.1342962682247162 -0.029447901993989944
-0.13827258348464966 0.17284901440143585 0.02738122083246708
-0.120963916182518 0.11795652657747269 0.06335441768169403
0.007504873909056187 0.35567739605903625 -0.004533031955361366
-0.11146635562181473 -0.006684471387416124 -0.03514639288187027
-0.050713375210762024 0.2352815717458725 0.029797548428177834
-0.1136503517627716 0.19644328951835632 0.08998071402311325
-0.15959423780441284 -0.07428116351366043 0.2598813772201538
-0.10350745171308517 -0.08191554993391037 0.001592405722476542
-0.14780236780643463 0.3395882546901703 -0.23853065073490143
-0.11102128028869629 0.3855914771556854 -0.13546912372112274
-0.14565251767635345 0.3324762284755707 -0.02480383776128292
-0.09163741767406464 0.6380686163902283 0.35962510108947754
0.05901729688048363 0.42853477597236633 0.0407751090824604
-0.017403243109583855 0.11376559734344482 -0.23688112199306488
-0.10090810805559158 -0.1274331957101822 -0.6470300555229187
-0.06824106723070145 0.45467716455459595 -0.13088124990463257
-0.1645977944135666 0.0924578309059143 -0.09802699834108353
-0.09088009595870972 0.275653600692749 -0.006427173037081957
-0.12351525574922562 0.2957410514354706 -0.08826612681150436
-0.07297033816576004 -0.13298256695270538 -0.03296924754977226
-0.08300955593585968 0.4993121027946472 0.04652952775359154
-0.09489287436008453 0.4109349250793457 -0.07760550826787949
-0.12731952965259552 -0.4030221104621887 0.2699824869632721
-0.07514771819114685 0.0028700896073132753 -0.17399480938911438
-0.04370151087641716 0.4442356526851654 -0.05579650402069092
-0.14109747111797333 -0.02215721644461155 0.18915796279907227
-0.15895779430866241 -0.024072805419564247 -0.28957876563072205
-0.112926185131073 0.16702117025852203 0.0855344757437706
-0.05703955888748169 0.2800072729587555 -0.023009805008769035
0.1155288815498352 -0.48300421237945557 -0.32464098930358887
-0.31842219829559326 -0.08747778087854385 -0.2771366834640503
-0.0842704102396965 -0.11612221598625183 0.04494763910770416
-0.10461988300085068 0.43824994564056396 -0.06923393905162811
-0.10108083486557007 0.4107978940010071 -0.003202295396476984
-0.12110891938209534 0.3043915629386902 -0.06559190899133682
-0.10379749536514282 0.09329891949892044 -0.1904330849647522
-0.035373225808143616 -0.19293968379497528 -0.35700759291648865
-0.06324394792318344 0.27509263157844543 -0.09001394361257553
-0.11766672134399414 0.16799305379390717 0.05314848944544792
-0.14368589222431183 0.1932031810283661 -0.014505188912153244
-0.10496044158935547 0.27996131777763367 -0.021348411217331886
-0.10657920688390732 0.1364699900150299 0.17312608659267426
-0.14027681946754456 0.24997927248477936 0.05794472247362137
0.08577726781368256 0.12472479045391083 -0.040493108332157135
-0.12910377979278564 -0.09255582094192505 0.0695965364575386
0.0016560758231207728 -0.19525882601737976 -0.29366084933280945
-0.03549887612462044 -0.0409788116812706 -0.2541428208351135
-0.13157296180725098 0.18196368217468262 0.09350921958684921
-0.06506898999214172 -0.21909312903881073 0.012089215219020844
-0.16788358986377716 -0.36940187215805054 -0.07519080489873886
-0.0633372962474823 0.249625101685524 -0.05596758797764778
-0.08317757397890091 0.2840439975261688 0.04631219431757927
-0.09683988243341446 0.33851560950279236 -0.08612964302301407
0.10287463665008545 0.41512659192085266 -0.03088395856320858
-0.08137346059083939 0.3121257722377777 -0.10202033817768097
-0.17192433774471283 0.14706769585609436 0.03195854648947716
-0.10487958788871765 0.101887546479702 0.15558992326259613
-0.1363365203142166 -0.006586671341210604 -0.19446255266666412
-0.16325300931930542 0.04681960865855217 -0.16520820558071136
-0.0847574919462204 -0.62055903673172 0.13517674803733826
-0.10681578516960144 0.1471911519765854 0.1729263812303543
-0.18065187335014343 0.12059395015239716 0.05486684665083885
-0.1347723752260208 -0.07144224643707275 -0.16344687342643738
-0.09566332399845123 0.2658282220363617 0.05924070253968239
-0.09564948081970215 0.2776748538017273 -0.005146248731762171
-0.11875957250595093 0.22332029044628143 0.11224707216024399
-0.05681319534778595 0.4928016662597656 0.12551788985729218
-0.16527923941612244 0.02755546383559704 -0.19447189569473267
-0.10748501867055893 -0.031644273549318314 -0.013345867395401001
-0.17156369984149933 0.1857908070087433 -0.0749569982290268
-0.09981092065572739 0.22050432860851288 0.10737442225217819
-0.11788813024759293 0.11581595242023468 0.03550051152706146
-0.18092814087867737 0.19607558846473694 -0.052328649908304214
-0.12331758439540863 -0.30238786339759827 -0.0383070670068264
-0.12731032073497772 0.23755639791488647 0.10729432106018066
-0.1159181296825409 0.1978423297405243 0.3120216429233551
-0.13018979132175446 0.1479414701461792 -0.03478718921542168
-0.10439679026603699 -0.09480729699134827 0.1386033147573471
0.04362337663769722 -0.12812022864818573 -0.018571222200989723
-0.09921438246965408 0.30020377039909363 -0.04709641635417938
-0.06748554110527039 0.3524777293205261 0.029228052124381065
-0.1798694133758545 -0.5223663449287415 0.17793506383895874
-0.03828876465559006 -0.03167044371366501 -0.21986638009548187
-0.1457250714302063 0.24456912279129028 0.08485604077577591
-0.0947469174861908 -0.07551360130310059 -0.008443759754300117
-0.12142517417669296 0.22787579894065857 -0.2574453055858612
-0.06565624475479126 0.01480192318558693 -0.28203925490379333
-0.09645142406225204 0.16844810545444489 -0.25021761655807495
0.00852891430258751 0.0627874955534935 -0.06514006108045578
-0.11102395504713058 0.3357301652431488 -0.07365104556083679
-0.12132243812084198 0.2809812128543854 0.03323384374380112
-0.1292642205953598 0.007991370745003223 0.07372422516345978
-0.11977571994066238 0.14405779540538788 -0.022377382963895798
-0.07590733468532562 0.4130661189556122 -0.23513701558113098
-0.07252654433250427 0.3529910147190094 0.11809519678354263
-0.06176304817199707 0.45274418592453003 0.053925931453704834
-0.04995467886328697 0.1907101571559906 -0.08748409897089005
-0.1258954256772995 0.03750917688012123 0.09621492028236389
-0.014373406767845154 -0.02989307977259159 -0.2396451085805893
0.05477776378393173 0.2791319787502289 -0.05078854411840439
-0.11903225630521774 0.23983387649059296 -0.2520066499710083
-0.10031303018331528 0.3132871985435486 -0.014890156686306
-0.12478620558977127 0.10419740527868271 -0.22308090329170227
-0.07847697287797928 0.3895131051540375 0.1350211501121521
-0.04739794880151749 -0.3847789764404297 -0.33718764781951904
-0.07977604120969772 0.47507473826408386 0.07061564922332764
-0.07809902727603912 0.43151190876960754 0.026161551475524902
-0.1636698991060257 0.025994541123509407 -0.18689030408859253
-0.07230282574892044 0.37264809012413025 0.1148228868842125
-0.09790109097957611 0.27639663219451904 -0.059268321841955185
-0.09228385984897614 -0.14342133700847626 -0.18792065978050232
-0.11348670721054077 0.1909119039773941 0.009896684437990189
-0.010855009779334068 0.27994319796562195 -0.0007582167163491249
-0.021103788167238235 0.5230886936187744 0.022107528522610664
-0.03514772653579712 -4.231592174619436e-05 -0.16473375260829926
-0.06163612753152847 0.08184074610471725 -0.002334682270884514
-0.06544478982686996 -0.014071062207221985 -0.07512293010950089
-0.07006970047950745 0.455901175737381 0.004649306181818247
-0.0922572985291481 0.3385242819786072 -0.04240981489419937
-0.20176294445991516 0.07998520880937576 -0.17890968918800354
-0.12871180474758148 -0.023744937032461166 -0.1792748123407364
-0.09595279395580292 0.270711213350296 -0.08695859462022781
-0.30980798602104187 -0.1937602460384369 -0.3121033012866974
0.04042360186576843 -0.28866350650787354 -0.03053874708712101
-0.17074307799339294 0.2101035863161087 -0.20412002503871918
-0.20998381078243256 -0.29323315620422363 -0.1337985396385193
-0.1985882967710495 0.008484214544296265 -0.014714948832988739
-0.13402245938777924 0.10615354031324387 -0.058269549161195755
-0.10881628096103668 0.055916678160429 -0.011492446064949036
-0.08003368228673935 -0.07427001744508743 -0.20068830251693726
-0.06589043140411377 0.35493025183677673 0.14057911932468414
-0.04690416902303696 0.3336833417415619 -0.14005690813064575
-0.09842406958341599 0.058234501630067825 -0.06200646981596947
-0.02262205071747303 -0.10901346057653427 -0.3377748727798462
-0.07529564201831818 0.4582277834415436 0.1092454269528389
-0.13970068097114563 0.09490298479795456 0.09903106838464737
-0.1344766616821289 0.15573222935199738 -0.0009792526252567768
-0.16100864112377167 -0.18088330328464508 0.12707161903381348
-0.07520478218793869 0.390110045671463 -0.012123608961701393
-0.0340927392244339 0.21770691871643066 -0.1285129338502884
-0.14962679147720337 0.26656395196914673 -0.030819835141301155
-0.11608786880970001 0.12265987694263458 0.0022357075940817595
0.001260097953490913 0.2876216471195221 -0.10228002071380615
-0.0362226739525795 0.12924611568450928 -0.0688912570476532
-0.10000023245811462 0.26943549513816833 0.0023886538110673428
-0.09159884601831436 0.36650848388671875 0.04114006459712982
-0.06374847143888474 0.4682210385799408 0.08862172812223434
-0.10875432938337326 0.16899403929710388 0.08989008516073227
-0.1380615532398224 -0.18535949289798737 -0.18931944668293
-0.1102081909775734 0.07631900906562805 -0.0034583979286253452
-0.08791530132293701 0.35821107029914856 0.004483097232878208
-0.07256213575601578 0.45983532071113586 0.09275458753108978
-0.1405670940876007 0.43247953057289124 -0.15314987301826477
-0.1282147765159607 0.13391990959644318 0.06748603284358978
-0.045654211193323135 0.5211650729179382 -0.010358219966292381
-0.12440883368253708 -0.03505205735564232 -0.1466129720211029
-0.13758213818073273 -0.09937594085931778 -0.029126333072781563
-0.12172158062458038 0.08062956482172012 0.023489829152822495
-0.0885571762919426 0.29827940464019775 0.05323772877454758
-0.11354469507932663 0.07130324840545654 0.013594718649983406
-0.06301238387823105 0.3674396276473999 0.1233779713511467
-0.06992894411087036 -0.12930820882320404 0.011765055358409882
-0.05739504098892212 0.005642609670758247 -0.08440512418746948
-0.13110600411891937 0.09419483691453934 0.08827420324087143
-0.08913102000951767 0.4199386537075043 0.037622466683387756
-0.10253944993019104 0.3093265891075134 -0.012023992836475372
-0.12393959611654282 0.16904360055923462 0.04639345780014992
-0.11040053516626358 -0.5331844091415405 -0.26009097695350647
-0.08831252157688141 0.12035480886697769 -0.04885169491171837
0.03446577116847038 -0.24468491971492767 -0.2142036110162735
-0.1589059978723526 0.06644358485937119 0.07928484678268433
-0.1181178167462349 0.01593107543885708 -0.08535891771316528
-0.12570622563362122 0.3364177346229553 -0.24476243555545807
-0.057501766830682755 0.35749733448028564 -0.2167874127626419
-0.11470569670200348 0.3706403970718384 -0.0839550718665123
-0.09093544632196426 0.2694038450717926 -0.07422538101673126
-0.13928648829460144 -0.44428256154060364 0.09666449576616287
-0.09315574169158936 0.10998503863811493 0.11946837604045868
0.0542549230158329 0.3080885708332062 -0.12911821901798248
-0.13600030541419983 -0.023533057421445847 -0.157393217086792
-0.14683517813682556 0.012511137872934341 -0.188444122672081
-0.10990829020738602 0.19328397512435913 -0.16501466929912567
-0.08915012329816818 0.21520134806632996 -0.01214410737156868
-0.10680810362100601 0.21520254015922546 0.05535208061337471
-0.12722371518611908 0.3744359016418457 -0.13661834597587585
-0.03471609577536583 0.34195220470428467 -0.18814267218112946
-0.11089491099119186 0.41571831703186035 -0.08282405138015747
-0.09952051192522049 0.09398029744625092 -0.11308179050683975
-0.09149254858493805 0.3318791091442108 -0.08188682049512863
-0.08570142835378647 0.3222229480743408 -0.034248627722263336
-0.0038023036904633045 0.012644568458199501 -0.2528699040412903
0.062487974762916565 0.3092060089111328 -0.0585055947303772
-0.018976015970110893 -0.13377684354782104 -0.18696743249893188
-0.09171425551176071 0.36597853899002075 -0.08106105029582977
-0.017552565783262253 -0.524947464466095 -0.37219375371932983
0.25691771507263184 0.44064414501190186 0.04184199869632721
-0.11515996605157852 -0.13771411776542664 0.22375716269016266
-0.0786343663930893 0.17527788877487183 -0.12021186947822571
-0.10072459280490875 0.27943533658981323 0.02115320973098278
-0.11495386064052582 0.14113600552082062 0.02166834846138954
-0.1235434040427208 0.16288039088249207 0.23896795511245728
-0.049557168036699295 0.3233773112297058 -0.025326915085315704
-0.1315811425447464 -0.6074174046516418 -0.21731561422348022
-0.08270756900310516 0.2850978672504425 -0.09074588119983673
0.1319940686225891 0.3799717426300049 -0.08230569213628769
-0.08681169897317886 -0.11865316331386566 0.05184242129325867
0.19932134449481964 0.29984140396118164 -0.1940300017595291
0.08052733540534973 -0.4879873991012573 -0.1724771410226822
-0.11339830607175827 0.3034355938434601 -0.054853491485118866
0.06534117460250854 -0.23507998883724213 -0.0725129246711731
-0.12595324218273163 0.24039828777313232 -0.0064846365712583065
-0.1112913116812706 0.17791306972503662 0.022584965452551842
-0.08061408251523972 0.34764182567596436 -0.030497057363390923
-0.06496398895978928 0.04250023886561394 -0.16379675269126892
-0.16729818284511566 0.01088697463274002 0.029394160956144333
-0.09115955978631973 0.40048837661743164 -0.07037997990846634
0.127574160695076 0.29821741580963135 -0.17535217106342316
-0.09512672573328018 0.08156586438417435 -0.031938884407281876
-0.17713065445423126 -0.05193755775690079 -0.008785007521510124
-0.1266917884349823 0.20956793427467346 0.10528533160686493
-0.1176876351237297 0.49210262298583984 -0.08412353694438934
-0.15392625331878662 0.4857654273509979 0.02860989049077034
-0.09274627268314362 0.24763406813144684 -0.014045970514416695
-0.09715293347835541 0.2722403109073639 0.08325379341840744
-0.1088455393910408 0.11821754276752472 0.03139853477478027
-0.08237814158201218 0.38774794340133667 0.03647218272089958
-0.06946218013763428 0.44338834285736084 0.09982260316610336
-0.07992245256900787 0.11413657665252686 -0.1547379344701767
-0.1455051600933075 0.44563478231430054 -0.30132797360420227
-0.0029172999784350395 -0.2232363522052765 -0.25035524368286133
-0.10144749283790588 -0.09330372512340546 -0.11930140852928162
-0.12228699773550034 0.07479743659496307 0.08310869336128235
-0.11992255598306656 -0.6944296956062317 -0.29193535447120667
-0.08533287793397903 0.4680904746055603 -0.332234650850296
-0.08332393318414688 0.4062943458557129 0.01207759603857994
-0.1121441051363945 0.21820038557052612 -0.013837756589055061
-0.15782225131988525 -0.06448480486869812 0.035612527281045914
-0.14821398258209229 0.15378759801387787 0.11893922835588455
-0.06569082289934158 0.04042039066553116 -0.27159935235977173
-0.14978773891925812 0.21329736709594727 -0.006442559417337179
-0.11600055545568466 0.28531941771507263 -0.00854981504380703
-0.10682926326990128 0.39405950903892517 -0.00932973064482212
-0.12997572124004364 0.018435325473546982 -0.19439366459846497
-0.08731447905302048 -0.03260157257318497 0.09216243773698807
-0.027893081307411194 -0.11131633073091507 -0.17143544554710388
-0.12263572961091995 0.10635016858577728 0.01946791261434555
-0.09631925076246262 0.2655515670776367 -0.012732865288853645
-0.08731190860271454 0.3406126797199249 0.008226443082094193
-0.10225588083267212 0.17542460560798645 0.04040558636188507
-0.10354182869195938 0.1755833923816681 0.0868808701634407
-0.13450811803340912 0.0012930474476888776 0.09357918053865433
0.18585799634456635 0.45187294483184814 -0.0760791227221489
-0.10562995076179504 0.14845560491085052 -0.1325397491455078
-0.17761966586112976 -0.36162203550338745 -0.1743721067905426
-0.1090315654873848 0.09480294585227966 0.0194321908056736
-0.1600080281496048 0.4085688292980194 -0.20207661390304565
-0.11633569747209549 0.40821170806884766 -0.058924730867147446
-0.10284525901079178 0.32486316561698914 -0.07477094978094101
-0.06241300702095032 0.2594160735607147 -0.07166188210248947
-0.03828589990735054 0.03156300261616707 -0.14157910645008087
-0.10446193814277649 0.26914697885513306 0.2383793145418167
-0.13194134831428528 0.3172661066055298 -0.0940907746553421
-0.1169736236333847 -0.007134649436920881 -0.052954647690057755
-0.11690442264080048 0.16873055696487427 0.16902004182338715
-0.08446066826581955 -0.09291737526655197 -0.020838789641857147
-0.12070077657699585 0.08394040912389755 0.0034390173386782408
-0.08129948377609253 0.48024609684944153 0.030065447092056274
-0.11030327528715134 0.15717439353466034 -0.017343051731586456
-0.09098869562149048 -0.08409994095563889 0.027974672615528107
-0.17467238008975983 0.13330106437206268 0.052545368671417236
0.4125032126903534 0.45917418599128723 0.014889447018504143
-0.039575956761837006 0.00837731920182705 -0.1780371218919754
-0.0686720609664917 0.38171762228012085 0.06147317960858345
-0.0957556664943695 0.2503129243850708 -0.03875561058521271
-0.09692981839179993 0.32189372181892395 0.007958052679896355
-0.046544406563043594 0.2916237413883209 -0.2561453580856323
-0.10880294442176819 -0.07604633271694183 -0.17816057801246643
-0.08988272398710251 0.3370157778263092 -0.08668726682662964
-0.07657774537801743 -0.2169022113084793 -0.2511788308620453
-0.14813204109668732 -0.010731136426329613 0.16992957890033722
-0.024116331711411476 -0.014210907742381096 -0.05580407381057739
0.035842522978782654 -0.5439971089363098 -0.47956424951553345
-0.017052995041012764 -0.14767540991306305 0.029593730345368385
-0.08972286432981491 0.17967908084392548 -0.05379359796643257
-0.13272669911384583 0.2961474061012268 -0.17207302153110504
-0.09340930730104446 0.4073095917701721 -0.03745085000991821
-0.038931120187044144 0.47250598669052124 0.03834353759884834
-0.12158483266830444 0.19437651336193085 0.1931782066822052
-0.052207186818122864 0.059703078120946884 -0.17443419992923737
-0.11542122811079025 0.12761378288269043 0.11885452270507812
-0.1295357048511505 0.2760299742221832 0.06501997262239456
0.02898600697517395 0.4385204017162323 -0.06401394307613373
-0.12470812350511551 0.17072026431560516 -0.05684293434023857
-0.049567122012376785 0.28472718596458435 -0.06761447340250015
-0.09888452291488647 -0.19301167130470276 0.21160845458507538
-0.10900089144706726 -0.028307121247053146 0.10743194073438644
-0.06562608480453491 0.4189733564853668 -0.22844208776950836
-0.06821292638778687 0.03583505004644394 0.02282640151679516
-0.09943407773971558 0.33236417174339294 -0.03857433795928955
-0.04433700069785118 -0.509870707988739 -0.5411378145217896
-0.13237257301807404 0.1399051398038864 0.08089996129274368
-0.09959506243467331 0.32295846939086914 -0.15073992311954498
-0.1195981502532959 0.2899288535118103 0.0006090860115364194
-0.09810248017311096 0.23360756039619446 0.09185971319675446
-0.02191188372671604 -0.13914667069911957 -0.1359339952468872
-0.13344871997833252 0.10401244461536407 -0.1724371761083603
-0.05941613018512726 -0.07874983549118042 0.01045219600200653
-0.10856186598539352 0.047046810388565063 -0.07786819338798523
-0.11645153909921646 0.09464994072914124 -0.08207115530967712
-0.08955028653144836 0.39381667971611023 -0.035634759813547134
-0.11997579783201218 0.4018956124782562 -0.0904039815068245
-0.080901138484478 0.3600224554538727 -0.006600154098123312
-0.09697535634040833 0.3404652178287506 -0.016647377982735634
-0.09484399855136871 0.10963868349790573 -0.20118987560272217
-0.11945250630378723 0.06318456679582596 0.14702469110488892
-0.08125249296426773 0.32671913504600525 -0.11031194776296616
-0.18942348659038544 -0.0698465034365654 0.05531347915530205
-0.1159370094537735 -0.0205706600099802 -0.05927025526762009
-0.13319480419158936 0.4034939706325531 -0.20957469940185547
-0.10038814693689346 0.34774842858314514 -0.0515693798661232
-0.04075298830866814 0.5285741686820984 0.008088326081633568
-0.15155605971813202 0.1794530600309372 0.0196225643157959
-0.10781080275774002 0.2212880700826645 -0.017227398231625557
-0.022422047331929207 0.3258380591869354 -0.441633939743042
-0.031038522720336914 -0.0061545721255242825 -0.14460796117782593
-0.10166102647781372 0.26205509901046753 -0.10231180489063263
-0.14757512509822845 0.2809184789657593 -0.00711307255551219
-0.12650319933891296 0.22780394554138184 0.1639394313097
0.32140082120895386 0.19661645591259003 -0.15214292705059052
-0.11991813778877258 0.1062176302075386 -0.009319422766566277
-0.1340290606021881 0.15926334261894226 0.06379389017820358
-0.08218417316675186 0.6239622831344604 0.2647104859352112
-0.07252367585897446 0.3839062750339508 0.06847968697547913
-0.12934887409210205 0.334697425365448 -0.14422227442264557
-0.11772029101848602 0.16698689758777618 0.14472036063671112
-0.11034102737903595 0.19944608211517334 -0.059108275920152664
0.08828359842300415 -0.2811116576194763 -0.3788246512413025
0.08327948302030563 0.36934399604797363 -0.030622219666838646
-0.0948784351348877 0.2506440579891205 -0.02832077443599701
-0.05301579087972641 0.002442993689328432 0.018637917935848236
-0.11786484718322754 0.1290934532880783 0.09438934177160263
-0.11243550479412079 0.2036823034286499 0.0015145509969443083
-0.10801362991333008 0.20494067668914795 0.09511302411556244
-0.059412553906440735 0.5103632211685181 0.05281548574566841
-0.12283670902252197 0.25861167907714844 0.03065001219511032
-0.05828290060162544 0.3179507553577423 -0.32014819979667664
-0.06905992329120636 0.09701292961835861 -0.0758558064699173
-0.10946929454803467 -0.1084919199347496 -0.08594228327274323
0.03221689537167549 0.26581713557243347 -0.04149629920721054
-0.11604814231395721 0.04635753110051155 -0.013959541916847229
-0.1179039254784584 0.1348246932029724 0.017197374254465103
-0.1430681049823761 -0.02503250166773796 0.030050478875637054
-0.11477412283420563 0.13362540304660797 0.07305967062711716
-0.0037918495945632458 0.2456265687942505 -0.07330691814422607
-0.13359735906124115 0.17790701985359192 0.06037130951881409
-0.06160799413919449 0.2886396646499634 -0.046133365482091904
-0.10716621577739716 0.32472848892211914 -0.09126417338848114
-0.10142961144447327 0.2155948132276535 0.006649353075772524
-0.10070104897022247 0.2622339129447937 -0.04635951668024063
-0.1422603726387024 0.22373925149440765 -0.2585562467575073
-0.11371097713708878 0.05718452110886574 -0.06746255606412888
-0.09653536230325699 0.3865188658237457 -0.025046754628419876
-0.12417233735322952 0.21166524291038513 -0.10258783400058746
-0.11947602778673172 0.14461271464824677 -0.06340823322534561
0.005050645209848881 -0.0866817831993103 -0.2181250900030136
-0.11625556647777557 0.15582101047039032 0.1677999645471573
-0.06244923919439316 0.30089548230171204 -0.06888777017593384
-0.1428450495004654 0.06530970335006714 -0.010295290499925613
-0.13868539035320282 0.19546903669834137 0.020725728943943977
-0.1278906762599945 0.18609410524368286 -0.13640795648097992
-0.025293154641985893 0.11216957122087479 -0.31876513361930847
-0.05750700458884239 -0.18180035054683685 -0.18244153261184692
-0.1624707728624344 0.10726555436849594 -0.028587747365236282
-0.10957653820514679 0.1862826943397522 0.054566431790590286
-0.1503753364086151 0.0937180146574974 0.09097545593976974
-0.08902975171804428 0.2717571556568146 -0.027110135182738304
-0.09025727957487106 -0.08486495167016983 0.09297613054513931
-0.13394533097743988 0.31390559673309326 -0.1411503255367279
-0.11236149072647095 0.052910298109054565 -0.12380106002092361
-0.1265208125114441 -0.06559702008962631 0.0035972432233393192
-0.07975690066814423 -0.13707230985164642 -0.1937340945005417
-0.16053563356399536 0.31891775131225586 -0.2527969479560852
-0.01246754638850689 0.23859654366970062 -0.08485578745603561
-0.09341511875391006 0.3548886477947235 0.009018591605126858
-0.11729634553194046 0.21913433074951172 0.10113783180713654
-0.13316120207309723 0.146859273314476 0.05523166060447693
-0.06686227023601532 0.1109570786356926 -0.14663082361221313
-0.12008184939622879 0.07688114047050476 -0.03226115554571152
-0.16265805065631866 0.3915967345237732 -0.13646917045116425
0.08179838955402374 0.2686809003353119 -0.1893651783466339
-0.13353648781776428 0.21104808151721954 -0.08766977488994598
-0.18507912755012512 0.13964197039604187 -0.417041540145874
0.309095561504364 0.4238913655281067 -0.03046088106930256
-0.09339971095323563 0.22186657786369324 -0.05283442512154579
-0.17067420482635498 0.13473297655582428 -0.007396462839096785
-0.11155059933662415 0.22510918974876404 0.03593011572957039
-0.0742083340883255 0.23552539944648743 -0.14927704632282257
-0.10712745040655136 -0.05247509479522705 0.10583923012018204
-0.11592896282672882 0.15594904124736786 -0.016513193026185036
0.07940143346786499 0.22140604257583618 0.014550752937793732
-0.05994607135653496 0.26785609126091003 -0.07210501283407211
-0.10621300339698792 0.3350396454334259 -0.053848620504140854
-0.0031602182425558567 -0.04536212980747223 0.04222322255373001
-0.07161317765712738 0.15874835848808289 -0.05333288386464119
0.0008672720869071782 0.23704950511455536 -0.14637157320976257
-0.003687768243253231 -0.3001749515533447 -0.31747642159461975
-0.038616616278886795 0.11468073725700378 -0.10949624329805374
-0.15050248801708221 0.18353982269763947 -0.043648768216371536
-0.19579510390758514 -0.3732152283191681 -0.18042343854904175
-0.011955015361309052 0.03680383414030075 -0.11323459446430206
-0.1384149193763733 0.07954129576683044 0.06785058230161667
-0.10427665710449219 -0.277511864900589 0.23365646600723267
-0.0961199626326561 0.2766140401363373 0.0009689166909083724
-0.14327095448970795 -0.01593211106956005 0.18721815943717957
0.011232838034629822 0.08384645730257034 -0.08570282906293869
-0.11555631458759308 0.2195362001657486 -0.016208063811063766
-0.06929239630699158 0.25476178526878357 -0.06643310934305191
-0.07252902537584305 0.2639831304550171 0.0017690391978248954
-0.13054689764976501 0.07454086095094681 -0.016365598887205124
-0.11499223858118057 0.01684979908168316 0.03832358866930008
-0.05898255854845047 -0.3394370973110199 -0.3465358316898346
-0.10122212767601013 0.016812730580568314 0.05397718772292137
-0.0938621535897255 0.21475200355052948 0.04570595920085907
-0.2062845081090927 0.07033471763134003 -0.23021787405014038
-0.053676869720220566 0.36825042963027954 0.020151488482952118
-0.12209092825651169 0.2711687982082367 -0.01009279303252697
-0.09112179279327393 0.2983154058456421 -0.1852024793624878
-0.12250743806362152 0.10678320378065109 -0.09339671581983566
-0.11594878137111664 0.37855690717697144 -0.12416616827249527
-0.14036448299884796 0.10237808525562286 0.014538245275616646
0.1823461502790451 0.3716755509376526 -0.08624949306249619
-0.07305204123258591 0.45436328649520874 -0.18469753861427307
-0.10804354399442673 0.19136939942836761 0.013874901458621025
-0.14409413933753967 0.1320132613182068 0.15426035225391388
-0.035100504755973816 0.1687825620174408 -0.03199176490306854
-0.11186715960502625 0.2246067374944687 -0.002787534147500992
-0.10550392419099808 0.42691171169281006 -0.01653236709535122
-0.06630395352840424 0.4899057447910309 0.12343433499336243
-0.13664770126342773 0.1918679177761078 0.028486864641308784
-0.10584535449743271 0.1422283798456192 0.1331978142261505
-0.11648533493280411 0.07298675179481506 0.039951663464307785
-0.09055787324905396 0.14133518934249878 0.017105242237448692
-0.0896860882639885 0.2822931706905365 -3.0067400075495243e-05
-0.11024066805839539 0.02337527647614479 -0.18041139841079712
-0.0796661302447319 0.27642306685447693 0.0791899636387825
-0.0847957506775856 -0.04776826873421669 -0.000837007537484169
-0.1658809632062912 0.17644551396369934 -0.17744460701942444
-0.14960624277591705 0.30917009711265564 -0.1493644416332245
-0.10659131407737732 0.21760405600070953 0.0683281347155571
-0.11562079936265945 0.15016934275627136 0.11059320718050003
-0.15637217462062836 0.26145270466804504 0.08226887136697769
-0.08609389513731003 0.3239961266517639 -0.11463912576436996
-0.10052871704101562 0.35328447818756104 -0.019258402287960052
-0.08309373259544373 0.3032325804233551 0.01138489693403244
-0.10538670420646667 0.24949364364147186 0.019210778176784515
-0.11288703978061676 0.24202197790145874 0.06306140124797821
-0.08559615164995193 0.3736155331134796 0.05799052491784096
-0.11948437988758087 0.030645504593849182 -0.02989923022687435
-0.11681052297353745 0.10888272523880005 0.11856655031442642
-0.11274357885122299 0.1265658140182495 -0.018381787464022636
-0.05625468119978905 0.44035544991493225 -0.10522240400314331
-0.05971502512693405 0.1849600076675415 0.046795278787612915
-0.12344647198915482 0.07874909043312073 -0.06698836386203766
-0.08978728204965591 0.35967546701431274 0.17117689549922943
-0.08242429792881012 0.3300297260284424 -0.07946857064962387
-0.10825467109680176 0.23357510566711426 -0.003900954034179449
-0.16447725892066956 0.054829832166433334 0.02343796007335186
-0.14931756258010864 0.029367459937930107 -0.18718373775482178
-0.1398724764585495 0.13067035377025604 -0.022024309262633324
-0.1231745257973671 0.08699855208396912 -0.1609039604663849
-0.14138895273208618 0.12346368283033371 -0.008989829570055008
-0.11876353621482849 -0.0879143476486206 -0.2093520313501358
-0.08865758776664734 -0.06432326138019562 0.12165562808513641
-0.031517982482910156 -0.1370544731616974 -0.32264119386672974
-0.07054029405117035 0.48496779799461365 0.09056709706783295
-0.024940095841884613 0.07289698719978333 -0.12194989621639252
0.4393644332885742 0.3289388418197632 0.09132766723632812
-0.023640524595975876 0.18885043263435364 -0.22523556649684906
-0.1641101986169815 -0.2784489095211029 0.1276991218328476
-0.09115100651979446 0.4196608066558838 -0.025337444618344307
-0.12009529024362564 0.31987839937210083 -0.10103046149015427
-0.1372189223766327 0.15325897932052612 0.24473051726818085
-0.10093510150909424 0.37750211358070374 -0.013937870040535927
-0.11237074434757233 0.3307546377182007 -0.12920989096164703
-0.0021691054571419954 0.46511372923851013 0.026485808193683624
-0.12396977096796036 0.10588712245225906 0.11858939379453659
-0.1299252212047577 -0.016023093834519386 0.07101992517709732
-0.0377737395465374 -0.0008435049094259739 -0.02082439698278904
-0.0560452863574028 0.45317286252975464 0.08302189409732819
-0.0437210313975811 -0.023007556796073914 -0.1397056132555008
-0.09104380756616592 0.3511061668395996 -0.003444196656346321
-0.0848923847079277 -0.44485777616500854 -0.14760880172252655
-0.08235810697078705 0.27896347641944885 0.0728556290268898
-0.12668125331401825 -0.05272281542420387 -0.033691469579935074
-0.1823125034570694 -0.12562081217765808 -0.0054601458832621574
-0.0810919776558876 -0.43297651410102844 -0.2353372722864151
-0.16202333569526672 0.3470388352870941 -0.11296696960926056
-0.11826261132955551 0.4260709583759308 -0.09793367981910706
-0.10500173270702362 0.3796520233154297 -0.034012533724308014
-0.10214807093143463 0.2478284239768982 0.07722847163677216
-0.1125980094075203 0.08210264146327972 -0.06986827403306961
-0.10296066105365753 0.3433607518672943 -0.009563982486724854
0.07668079435825348 0.2921009957790375 -0.2424156367778778
-0.15190599858760834 0.4416886270046234 -0.44207727909088135
-0.06852727383375168 0.2261023074388504 -0.6204404234886169
0.8040449619293213 0.004747599363327026 -0.17710576951503754
-0.08540493249893188 0.20558223128318787 -0.016973281279206276
-0.10653828829526901 0.21561291813850403 0.01961788907647133
-0.10033875703811646 -0.14911389350891113 0.1828654408454895
-0.10668312758207321 0.3871563673019409 -0.17025701701641083
-0.13224779069423676 -0.2760026752948761 0.09806584566831589
-0.1433487981557846 -0.0060113463550806046 -0.13313262164592743
-0.0021504550240933895 -0.28520816564559937 -0.25636330246925354
-0.019154516980051994 0.1886773258447647 -0.02651146613061428
-0.13366065919399261 0.1950071007013321 0.15440909564495087
-0.08726493269205093 0.04170287773013115 0.037095941603183746
-0.15907874703407288 -0.07641805708408356 -0.1888134777545929
-0.029363613575696945 -0.04618231579661369 -0.19593045115470886
-0.11608555167913437 0.17092178761959076 0.03187239170074463
-0.08129338175058365 0.37748444080352783 0.04276391863822937
-0.08579415827989578 0.26290807127952576 0.0422082245349884
-0.09005817025899887 -0.12538184225559235 -0.21580271422863007
-0.13952258229255676 0.043053388595581055 -0.14163988828659058
-0.02609686367213726 0.16210950911045074 -0.04398484155535698
-0.08640389144420624 0.42854738235473633 -0.1013995110988617
-0.11444829404354095 0.36460068821907043 -0.09714400768280029
-0.05209279805421829 0.3302057087421417 0.20299828052520752
-0.04015260934829712 0.14643114805221558 0.07803327590227127
0.03592159226536751 0.1407686322927475 -0.08920781314373016
-0.0903020054101944 0.346978098154068 -0.038547057658433914
-0.16938109695911407 0.12477228790521622 -0.11153203994035721
-0.0998959094285965 0.1278560757637024 -0.04507393762469292
-0.09367835521697998 0.2770526707172394 0.057614102959632874
-0.053051091730594635 0.470609188079834 0.14554542303085327
-0.10746217519044876 0.383279949426651 -0.04861929267644882
-0.10349547117948532 0.3186942934989929 -0.02547694556415081
-0.09751733392477036 0.24965514242649078 -0.06126052513718605
0.07896739989519119 -0.3253766894340515 -0.16941334307193756
-0.07041086256504059 0.21251392364501953 -0.05207206681370735
-0.09912039339542389 0.118754543364048 0.029548676684498787
-0.16558939218521118 0.3029407560825348 0.011095372959971428
-0.10473527014255524 0.25338122248649597 0.036052875220775604
-0.13069625198841095 0.06732596457004547 -0.00842302106320858
-0.25090014934539795 0.006799049209803343 -0.4343539774417877
0.07436610758304596 -0.3370038866996765 -0.2088075876235962
-0.06552702933549881 0.4275021553039551 0.1111082211136818
-0.08333713561296463 0.3793528378009796 0.06911127269268036
-0.08481629937887192 0.3251097500324249 0.024083275347948074
-0.10250336676836014 0.33214646577835083 0.019154056906700134
-0.12535686790943146 0.16575895249843597 0.10567227005958557
-0.05900900810956955 0.34417638182640076 -0.005201691295951605
-0.11641845107078552 0.2889010012149811 -0.12497550994157791
-0.13435648381710052 0.0387861430644989 -0.05238448083400726
0.41060176491737366 0.02043638937175274 -0.26437416672706604
-0.11760854721069336 0.0737488716840744 0.03878725692629814
-0.1311604529619217 0.12415027618408203 -0.11800481379032135
-0.09962247312068939 0.21196956932544708 -0.07039439678192139
-0.08888011425733566 0.06299428641796112 0.08400963246822357
-0.11000117659568787 0.16508568823337555 0.17596280574798584
-0.16496311128139496 -0.37727755308151245 0.014842556789517403
-0.10516323894262314 0.07705240696668625 0.05931845307350159
-0.06047838181257248 0.269942969083786 -0.09394243359565735
-0.1195569783449173 0.3292091190814972 -0.155193492770195
0.004736918956041336 0.1842023730278015 -0.22101952135562897
-0.10043839365243912 0.21427187323570251 -0.062136489897966385
-0.07932182401418686 0.20952433347702026 0.0761924460530281
-0.1297404170036316 0.03875865042209625 0.20179910957813263
-0.11242184042930603 0.2408645898103714 0.08468244969844818
-0.03624572604894638 0.41622546315193176 -0.08657225966453552
-0.07673944532871246 -0.15407231450080872 -0.09741473197937012
-0.13175489008426666 0.16057269275188446 -0.03996960073709488
-0.03162636235356331 0.5535900592803955 0.03651445731520653
-0.11831679940223694 0.38356736302375793 -0.08269789814949036
-0.10551958531141281 0.30611366033554077 -0.01805785857141018
-0.0774870440363884 0.3042818307876587 -0.1240147277712822
0.030482057482004166 0.17287848889827728 -0.1865541785955429
-0.24257946014404297 -0.020409636199474335 -0.5029510855674744
-0.07071920484304428 0.32436004281044006 -0.06171300634741783
0.010519297793507576 -0.2475900650024414 0.021411340683698654
-0.10900751501321793 0.19839048385620117 0.07056394219398499
-0.1439467966556549 0.21176603436470032 -0.10184885561466217
0.0008411769522354007 -0.11949107050895691 -0.21694591641426086
-0.11620437353849411 0.39987513422966003 -0.032237984240055084
-0.1440419852733612 0.3072131276130676 0.04107767343521118
-0.07913624495267868 0.0017979624681174755 -0.05759500712156296
-0.09418206661939621 0.3412199318408966 0.25544410943984985
-0.11895103007555008 0.1537964791059494 -0.01088661514222622
0.07010209560394287 -0.4395712912082672 -0.30960747599601746
-0.10123789310455322 0.28561797738075256 -0.08708905428647995
-0.09054934233427048 0.3538300096988678 -0.06263302266597748
-0.1049342229962349 -0.42415401339530945 -0.002547567244619131
-0.091753751039505 0.437654972076416 -0.006728472653776407
-0.10896294564008713 0.0020910250023007393 -0.031061330810189247
-0.08105235546827316 0.375590980052948 -0.04061343893408775
-0.13808095455169678 0.27014651894569397 0.04944142326712608
-0.13240911066532135 0.052069321274757385 -0.12426488846540451
-0.1500782072544098 0.6330503225326538 -0.06256558001041412
-0.061535805463790894 0.14986075460910797 -0.03326103836297989
-0.05184286832809448 0.5070603489875793 0.09790752828121185
-0.1265745908021927 0.031082501634955406 0.15006746351718903
-0.09579120576381683 0.3814912438392639 -0.027856191620230675
-0.10473472625017166 0.22143486142158508 0.04794832319021225
-0.07809609919786453 0.46252962946891785 -0.02316921018064022
-0.10428058356046677 0.2438971996307373 0.04715856909751892
-0.12906686961650848 0.4911998212337494 0.15157310664653778
-0.1356128752231598 0.15079669654369354 -0.04468080773949623
-0.1746348887681961 -0.28791558742523193 -0.11625821888446808
-0.11887121945619583 0.03103449009358883 -0.12480231374502182
-0.12254840135574341 0.11032906174659729 0.03164588660001755
-0.1345994621515274 0.023490162566304207 0.03047696314752102
-0.275530606508255 -0.31289252638816833 -0.37649771571159363
-0.08912388235330582 0.31086960434913635 -0.034544847905635834
-0.10858237743377686 0.16397814452648163 0.13937707245349884
-0.11921872198581696 0.0828130841255188 0.11184032261371613
-0.049545034766197205 -0.04895356670022011 -0.27031368017196655
-0.06886164098978043 0.5435003042221069 0.16766856610774994
-0.16337400674819946 0.06616836786270142 -0.03110603429377079
0.1038929745554924 0.21379657089710236 -0.2785649299621582
-0.13572737574577332 -0.11651737242937088 -0.2551063299179077
-0.03395804017782211 0.2594642639160156 0.10624922811985016
0.26321181654930115 0.2759338915348053 -0.24180157482624054
-0.13835293054580688 0.15235836803913116 -0.07381837069988251
0.41661518812179565 0.027836337685585022 -0.24111104011535645
-0.08837997913360596 0.4225744903087616 -0.033573444932699203
-0.1036660447716713 0.1499372124671936 0.02799403667449951
-0.15253429114818573 -0.07315193116664886 0.11095090955495834
-0.11780606955289841 0.4023897349834442 -0.07450743019580841
-0.06038440018892288 0.4749666154384613 -0.015912987291812897
-0.0940435454249382 0.2483457773923874 0.1071782112121582
-0.11937202513217926 0.28134119510650635 -0.04007815569639206
-0.09315364807844162 0.30381885170936584 0.027935855090618134
-0.11585182696580887 0.04233177751302719 0.003016307018697262
-0.11359679698944092 0.20564021170139313 0.005440651439130306
-0.104605533182621 -0.028890667483210564 -0.0010024821385741234
-0.11263832449913025 0.08658616989850998 -0.1657666563987732
0.2707515358924866 -0.10981891304254532 -0.36749503016471863
-0.11363941431045532 0.18204402923583984 0.020828183740377426
-0.15299974381923676 0.23155859112739563 0.04739634692668915
-0.09315919131040573 0.26979371905326843 0.042323194444179535
-0.08739928156137466 0.3288162648677826 -0.07521559298038483
-0.1292632669210434 -0.05638447403907776 0.0016668214229866862
-0.11735737323760986 0.2360389232635498 -0.4150658845901489
-0.14067412912845612 0.49905630946159363 0.41040924191474915
-0.12437977641820908 -0.7831291556358337 -0.1403219848871231
-0.07619847357273102 0.1737663447856903 0.00017954001668840647
0.28673622012138367 0.3219456970691681 -0.1097947284579277
-0.11182142794132233 0.1339285671710968 -0.002639155834913254
0.5061634182929993 0.22725874185562134 -0.10483512282371521
-0.1380009949207306 0.3346292972564697 -0.1442508101463318
-0.098723866045475 0.20876038074493408 -0.01617974229156971
-0.07063835859298706 0.383370965719223 0.09150562435388565
-0.1003185585141182 0.259600967168808 0.12427809834480286
-0.07457789033651352 0.14624585211277008 -0.034358054399490356
-0.08418847620487213 0.302705317735672 0.0472668781876564
-0.050558917224407196 0.3721330165863037 -0.07281652837991714
-0.14016228914260864 0.2837718725204468 -0.07983354479074478
-0.09479603916406631 0.3309284746646881 0.08181746304035187
-0.12995898723602295 0.14868071675300598 0.06221915781497955
-0.07410173118114471 0.5329669117927551 0.07054576277732849
-0.12502031028270721 0.06699001789093018 -0.20534496009349823
-0.11513634026050568 0.3535115122795105 -0.08145149052143097
-0.0895189419388771 0.31686753034591675 0.05631683021783829
0.2599834203720093 0.39267969131469727 -0.18194332718849182
-0.1208999902009964 0.5658900737762451 -0.0646563246846199
-0.10361886024475098 0.19511623680591583 0.0418521985411644
-0.1210428923368454 -0.19065526127815247 -0.20961400866508484
-0.09334802627563477 0.005527696572244167 -0.03799083083868027
-0.11379225552082062 0.15811151266098022 0.09322395920753479
-0.12166912853717804 0.2962987720966339 -0.2677396237850189
-0.20347096025943756 -0.019947456195950508 -0.24448226392269135
-0.12150336056947708 0.03165055438876152 -0.04716813564300537
-0.12167445570230484 0.3056745231151581 -0.22429443895816803
-0.11149667203426361 0.3550080358982086 0.02928079105913639
-0.12258098274469376 0.003867676015943289 0.09985664486885071
-0.0904170423746109 0.3137744069099426 0.021113621070981026
-0.11690836399793625 0.031024625524878502 0.06288992613554001
-0.11946382373571396 -0.10011190921068192 -0.2513565123081207
-0.10695531219244003 0.24632810056209564 -0.07508572936058044
-0.08347096294164658 0.3606938421726227 0.02333480678498745
-0.2696382999420166 -0.06057549640536308 -0.27839162945747375
-0.23032258450984955 -0.24213410913944244 -0.12980523705482483
-0.11997903138399124 0.4038843810558319 -0.08264274895191193
-0.10762885957956314 0.24857239425182343 -0.19720572233200073
-0.14694161713123322 0.09804002195596695 0.07370252907276154
-0.1302410364151001 0.1698601096868515 -0.016298620030283928
-0.1023276150226593 0.26506105065345764 0.1504298746585846
-0.09065175801515579 0.19879737496376038 0.052531927824020386
-0.23039783537387848 0.013534048572182655 0.263750284910202
-0.1452028751373291 -0.2960684895515442 -0.00023188535124063492
-0.09468512237071991 -0.023911796510219574 -0.09176035970449448
-0.10621803998947144 0.16313941776752472 0.1356043815612793
-0.08744138479232788 0.33128055930137634 0.03956973925232887
-0.15882658958435059 -0.5054528713226318 0.1125466600060463
-0.03626760095357895 0.0431399941444397 -0.22436107695102692
-0.037694141268730164 0.4057862162590027 -0.047552429139614105
-0.07517024129629135 -0.4815267324447632 -0.16024909913539886
-0.11643711477518082 0.20374876260757446 0.20983310043811798
-0.10779281705617905 0.3081616759300232 -0.03188210725784302
-0.07417265325784683 0.4268532395362854 0.053230904042720795
-0.16645647585391998 0.15407027304172516 0.07756093889474869
-0.07926306128501892 0.5467090606689453 0.0938040167093277
-0.03599487990140915 0.23379406332969666 -0.23744627833366394
-0.12972784042358398 -0.201032817363739 0.030142461881041527
-0.09972099959850311 -0.11635813862085342 -0.2154601514339447
-0.11378595232963562 -0.008541664108633995 0.1571940779685974
-0.09459401667118073 0.32545721530914307 -0.0390707366168499
-0.12219612300395966 -0.025195440277457237 -0.021090226247906685
-0.11834320425987244 0.04280651733279228 0.052651938050985336
-0.005679500289261341 -0.07094166427850723 -0.3252129554748535
-0.1232563778758049 0.09218765795230865 0.01250985637307167
-0.14697155356407166 -0.03432644158601761 -0.04260929673910141
-0.12608326971530914 0.041850242763757706 -0.15692147612571716
-0.12433900684118271 0.07671262323856354 -0.07492192089557648
-0.13214729726314545 0.0830400213599205 0.13610638678073883
-0.11318670958280563 0.18489691615104675 0.03451388701796532
-0.07590794563293457 0.23988038301467896 -0.04491764307022095
-0.1433815360069275 0.34504061937332153 -0.24274325370788574
0.06263802200555801 -0.2165755182504654 -0.12283627688884735
-0.10791414231061935 0.39149466156959534 -0.20769637823104858
0.38846951723098755 0.12601503729820251 -0.4056066572666168
-0.11937087029218674 0.15380725264549255 -0.13953246176242828
-0.11544887721538544 0.3395422399044037 -0.1258295774459839
-0.09326495975255966 -0.23937316238880157 -0.2333817183971405
-0.08175870031118393 0.3509284555912018 -0.12308022379875183
-0.04126984253525734 0.25366097688674927 -0.1045028492808342
-0.060321204364299774 0.16533824801445007 -0.26214948296546936
-0.045839451253414154 -0.08509137481451035 -0.04165691137313843
-0.033469874411821365 0.2779419720172882 -0.05137120932340622
-0.0985276997089386 0.3197828233242035 -0.05117711052298546
-0.13300558924674988 0.17967434227466583 0.0045159258879721165
-0.07946174591779709 0.22388701140880585 0.05299454927444458
-0.10023265331983566 0.2731289267539978 0.04743346571922302
-0.019092312082648277 -0.03817388042807579 -0.19825921952724457
-0.1194763034582138 0.14869827032089233 -0.22638431191444397
-0.14078481495380402 0.16479197144508362 0.07505127787590027
-0.08682074397802353 0.2818846106529236 0.08101218938827515
0.3902699649333954 0.1573026180267334 -0.3293873071670532
-0.10576605051755905 0.23348359763622284 0.052676908671855927
-0.12764352560043335 0.04764581099152565 -0.030210280790925026
-0.09766197949647903 0.3984556198120117 0.007737856358289719
-0.23947232961654663 0.15511226654052734 0.12031658738851547
-0.06828328222036362 0.33679863810539246 -0.11919950693845749
-0.09344509989023209 0.10519640147686005 -0.02599094621837139
-0.11033699661493301 -0.07088106870651245 0.02009613998234272
-0.10555562376976013 0.05996917188167572 -0.15962405502796173
-0.08905479311943054 0.42971280217170715 0.0011968172620981932
-0.12343475967645645 0.2669709026813507 0.006174154579639435
-0.15223269164562225 0.07825914025306702 -0.02927282452583313
-0.11304053664207458 -0.3691992461681366 0.19766998291015625
-0.10732756555080414 0.09680576622486115 -0.007373071741312742
-0.12133574485778809 0.4007241427898407 -0.09637092798948288
-0.1161380484700203 0.12969903647899628 0.11691354215145111
-0.1346629410982132 -0.03524438291788101 0.04180183261632919
-0.10342520475387573 0.35378777980804443 -0.007815368473529816
-0.11203031986951828 0.11095350235700607 0.009554494172334671
0.04467616602778435 -0.2391997128725052 -0.26876577734947205
-0.08902312070131302 0.4630032181739807 -0.009611262008547783
0.01182028278708458 -0.4686657190322876 -0.2288263738155365
-0.15584810078144073 -0.4161807596683502 -0.31812456250190735
0.06096033379435539 -0.31868672370910645 -0.12724441289901733
-0.15632295608520508 0.12605735659599304 -0.05965408682823181
-0.1288728266954422 0.35577377676963806 -0.262148916721344
-0.02168477699160576 0.13687148690223694 0.007449049036949873
-0.09645936638116837 0.2561066448688507 0.020841220393776894
-0.014947647228837013 0.38508161902427673 -0.13770976662635803
-0.07255874574184418 0.37169787287712097 -0.019062990322709084
-0.11366167664527893 0.04114745557308197 0.0010917463805526495
-0.10435889661312103 -0.10992949455976486 0.017725517973303795
-0.14845530688762665 0.11701444536447525 -0.0006777218077331781
-0.10914187133312225 0.3997316360473633 -0.043865956366062164
-0.12626224756240845 0.02052818424999714 0.10455377399921417
-0.1176874116063118 -0.061170484870672226 -0.1219063326716423
-0.046138301491737366 0.23690132796764374 -0.0852808877825737
-0.13671445846557617 0.10679827630519867 -0.043859608471393585
-0.1114272028207779 0.20224741101264954 0.0368216335773468
0.12582539021968842 0.3710745573043823 -0.0899176374077797
-0.11896340548992157 0.13510094583034515 0.14872929453849792
-0.06358925998210907 0.04302851855754852 -0.18832829594612122
-0.025889307260513306 0.22746337950229645 -0.05644223839044571
-0.16241978108882904 -0.0869060605764389 0.09761185199022293
0.004130775108933449 0.008695241063833237 -0.18948505818843842
-0.14994272589683533 0.09983152151107788 0.013150665909051895
-0.13455088436603546 0.00969872996211052 -0.24996662139892578
-0.13332222402095795 0.1809900403022766 0.0071068089455366135
-0.17855767905712128 0.32871660590171814 -0.27044209837913513
-0.11610410362482071 0.21156173944473267 0.13769075274467468
-0.17744076251983643 0.22236089408397675 -0.02173778973519802
-0.08255837857723236 0.0980539321899414 0.0007739835418760777
-0.14154009521007538 0.3332214951515198 -0.2145378738641739
-0.09121205657720566 0.3589567542076111 -0.056010033935308456
-0.08747313916683197 0.3859555423259735 0.18412932753562927
-0.08625094592571259 0.352617472410202 0.056302547454833984
-0.04403837397694588 0.40065237879753113 -0.024541866034269333
-0.08979711681604385 0.3553977608680725 -0.020445864647626877
-0.12434350699186325 -0.010809646919369698 0.08274827152490616
0.021419525146484375 0.39143577218055725 -0.10464242100715637
-0.11585713177919388 0.15140096843242645 -0.028680097311735153
-0.09302094578742981 0.04879466071724892 -0.08947858959436417
-0.07858884334564209 0.4442073106765747 0.005458147265017033
-0.08764167875051498 0.38220682740211487 -0.014948101714253426
-0.0747402235865593 0.5115280151367188 0.014071263372898102
-0.10929594933986664 0.12380574643611908 0.06031306833028793
-0.12734492123126984 -0.07416243106126785 -0.1383577287197113
-0.12165321409702301 0.07218194752931595 0.05440131574869156
-0.09800226986408234 0.2430841326713562 0.013714225962758064
-0.12602300941944122 0.04279575124382973 0.10738430917263031
-0.1012667566537857 -0.08058332651853561 -0.06837551295757294
-0.10053110122680664 0.2812902331352234 -0.021181389689445496
-0.09543480724096298 0.3091353178024292 -0.032804764807224274
-0.16217757761478424 0.18120712041854858 -0.08729903399944305
-0.10932126641273499 0.14048998057842255 0.0875510573387146
-0.1103777140378952 0.11265303939580917 0.02331838384270668
-0.1154961884021759 0.15123078227043152 0.20382951200008392
-0.07955722510814667 -0.16461297869682312 -0.060679011046886444
-0.08382325619459152 0.31593167781829834 0.023366795852780342
-0.1716584712266922 0.38833504915237427 -0.25280386209487915
-0.06267299503087997 0.236175999045372 -0.0685238242149353
-0.14501629769802094 0.18470096588134766 -0.11006517708301544
-0.11950209736824036 0.08787226676940918 -0.1369277387857437
-0.08654376119375229 0.22639204561710358 -0.057900186628103256
-0.035481348633766174 -0.10075698792934418 -0.15213575959205627
-0.07094612717628479 0.39792540669441223 -0.10248925536870956
-0.1118764728307724 -0.017453322187066078 0.00818265788257122
-0.14019624888896942 0.24076363444328308 0.02027476578950882
-0.08229915052652359 0.31840530037879944 -0.3285576403141022
0.013922840356826782 -0.08159862458705902 -0.0453282855451107
-0.13035883009433746 0.10512955486774445 0.10514499247074127
-0.14014828205108643 -0.023010097444057465 0.08181607723236084
-0.08454150706529617 0.32626453042030334 0.07256832718849182
0.04012215882539749 -0.2686566710472107 -0.2961498498916626
-0.09401590377092361 0.28790682554244995 0.024965902790427208
-0.10672572255134583 0.4197681248188019 -0.09907910227775574
-0.1424931287765503 0.34655898809432983 -0.12405603379011154
-0.12419406324625015 -0.0898720994591713 -0.02353767119348049
-0.12375246733427048 0.12943649291992188 0.028645724058151245
-0.15213799476623535 0.35609203577041626 -0.10872358828783035
-0.05306456238031387 0.23527483642101288 -0.12089142203330994
-0.021715756505727768 0.21607829630374908 -0.13704529404640198
-0.1019129827618599 0.255693644285202 0.031850650906562805
-0.13304540514945984 0.14643891155719757 -0.009781613945960999
0.09158626943826675 -0.5130938291549683 -0.3401215374469757
-0.0920676738023758 0.2965855896472931 -0.027261948212981224
-0.10705729573965073 0.4804776608943939 0.02084357477724552
-0.1710864156484604 -0.09668805450201035 0.07846217602491379
-0.0013052597641944885 0.0805586576461792 -0.018324656412005424
-0.11384036391973495 0.1846611648797989 0.010670190677046776
-0.06785497814416885 0.33787763118743896 -0.014338759705424309
-0.0905030369758606 0.27100062370300293 0.03622442111372948
0.29213830828666687 0.31086716055870056 -0.0457659587264061
-0.10685372352600098 0.19945189356803894 0.14342385530471802
-0.1486295461654663 0.3368251323699951 -0.22775156795978546
-0.103403240442276 0.3020361065864563 -0.016314225271344185
-0.16781476140022278 0.12273699045181274 -0.1583813577890396
-0.12384491413831711 -0.17645180225372314 -0.21998795866966248
-0.16234619915485382 0.20230209827423096 0.001989884302020073
-0.04919327050447464 -0.24003560841083527 -0.1833934783935547
0.5543990731239319 0.2834993302822113 -0.09406734257936478
-0.11950695514678955 0.2065672129392624 -0.10633613914251328
-0.012161541730165482 -0.14889594912528992 -0.4239460229873657
-0.07125750184059143 0.39405161142349243 0.07438323646783829
-0.08684948831796646 0.49746042490005493 -0.32000732421875
-0.09791851788759232 0.2765285074710846 0.08098602294921875
-0.0016590002924203873 -0.04493147134780884 -0.07677796483039856
-0.11913963407278061 -0.5534791350364685 0.20983386039733887
-0.09671014547348022 -0.08674801141023636 -0.024095192551612854
-0.07195213437080383 -0.03803057596087456 0.14523018896579742
-0.12435296922922134 0.011734772473573685 -0.18047432601451874
-0.09873868525028229 0.314255028963089 0.00484719593077898
-0.1673218160867691 0.2869117856025696 -0.20568573474884033
-0.04109228402376175 0.2546314299106598 -0.04822269827127457
-0.10976198315620422 0.1911158561706543 -0.007911903783679008
-0.10636727511882782 0.02495991252362728 -0.06547320634126663
-0.19155852496623993 0.1897578239440918 -0.1303335428237915
-0.048031892627477646 0.5022833943367004 0.07750862836837769
-0.09232715517282486 -0.036456216126680374 0.009598806500434875
-0.057530492544174194 0.027296127751469612 -0.2549186944961548
0.23999139666557312 0.38397160172462463 -0.014127220958471298
0.19747358560562134 0.17716741561889648 -0.19800105690956116
-0.09103811532258987 0.2760166823863983 0.07693294435739517
-0.06824111938476562 0.014790399000048637 -0.1664503663778305
-0.1145712211728096 0.1341097354888916 0.1032167300581932
-0.09826916456222534 0.2521175146102905 0.1299445927143097
-0.06182079017162323 -0.018527977168560028 -0.017129309475421906
-0.1189575344324112 0.049610670655965805 0.03036513924598694
-0.10827593505382538 0.2947949469089508 0.12971147894859314
-0.13154684007167816 0.39097580313682556 -0.051286328583955765
-0.10730654001235962 -0.017156869173049927 -0.1932181566953659
-0.07440653443336487 -0.11432135850191116 -0.2853795289993286
-0.14032360911369324 0.33632615208625793 -0.19417926669120789
-0.1263619363307953 0.20714694261550903 -0.006825892720371485
-0.15510861575603485 0.12397892773151398 -0.04692502319812775
-0.11326590180397034 0.27915284037590027 -0.050359711050987244
-0.10360965877771378 -0.1694934219121933 -0.18660639226436615
-0.07270647585391998 0.3556244969367981 -0.022532477974891663
-0.025317514315247536 -0.03595886752009392 -0.04880603030323982
-0.14726150035858154 0.11282464861869812 -0.013909079134464264
-0.10922965407371521 0.3837570250034332 -0.08603417873382568
-0.08787284791469574 0.29560765624046326 0.034390803426504135
-0.05640055611729622 0.22541028261184692 -0.25110918283462524
-0.10519572347402573 0.06220491975545883 0.04645565524697304
-0.0320935994386673 0.2787669897079468 -0.02540278621017933
-0.050984371453523636 0.28866907954216003 -0.1953839659690857
-0.09655258804559708 -0.06994488835334778 -0.10350769758224487
-0.14787989854812622 0.20074062049388885 0.04297132417559624
-0.08071769028902054 0.4048667252063751 0.08499930053949356
-0.031176265329122543 -0.08237476646900177 -0.3322998881340027
-0.12563885748386383 0.25647595524787903 0.0433858297765255
-0.019323645159602165 0.39401766657829285 -0.024936096742749214
-0.10959801077842712 0.08128247410058975 -0.08872279524803162
-0.1031150296330452 0.42749279737472534 -0.11996698379516602
-0.09241849929094315 0.2705889940261841 0.024615855887532234
-0.05826040729880333 0.26896974444389343 -0.22166436910629272
-0.10154034942388535 0.14393435418605804 0.14547182619571686
-0.09312153607606888 0.20560887455940247 -0.054178182035684586
-0.11139249056577682 -0.164775088429451 -0.06034207344055176
-0.15583536028862 0.34720203280448914 -0.16310474276542664
-0.09926264733076096 0.3842919170856476 -0.06267274171113968
-0.146166130900383 0.35491618514060974 0.0037033625412732363
-0.12612813711166382 0.07671784609556198 0.08629300445318222
0.03915855288505554 -0.18797637522220612 -0.19280648231506348
-0.12722904980182648 0.05105765163898468 0.02421812154352665
-0.11457738280296326 0.2939852774143219 0.05435006693005562
-0.08774151653051376 0.32219722867012024 -0.013896699994802475
-0.1278681457042694 0.27025672793388367 0.0016660537803545594
-0.08024577051401138 0.36244073510169983 -0.04191774129867554
-0.08538080006837845 0.11046479642391205 0.09154263883829117
-0.021325398236513138 -0.05330526828765869 -0.22679486870765686
-0.04478814825415611 0.07453017681837082 -0.394842267036438
-0.052656177431344986 0.31094038486480713 -0.042236343026161194
-0.12697501480579376 0.3385983407497406 -0.059296999126672745
-0.08427277952432632 0.6650148630142212 0.22295382618904114
0.11592979729175568 0.22360768914222717 -0.026994973421096802
-0.0929621160030365 0.25873249769210815 0.007790167350322008
-0.1331280618906021 0.1530679613351822 0.0064837331883609295
-0.04722999408841133 0.3046494424343109 -0.14673079550266266
-0.11549123376607895 0.2769407331943512 0.05869700387120247
-0.10724007338285446 0.2108995020389557 0.0016534917522221804
-0.1721966564655304 0.1215256005525589 0.01645606756210327
-0.10875975340604782 0.3037124276161194 0.0002486265730112791
-0.13807059824466705 0.3708374500274658 -0.23288311064243317
-0.09481675922870636 0.4889010787010193 0.04448620602488518
-0.09608971327543259 0.3437848687171936 0.2174663096666336
-0.00960288755595684 -0.009449994191527367 -0.039325203746557236
-0.19748100638389587 0.03374039754271507 -0.06188303604722023
-0.07328220456838608 0.040348708629608154 -0.07607220858335495
-0.1327650547027588 0.06204156577587128 0.039109695702791214
-0.11653061211109161 0.15298719704151154 -0.01787218637764454
-0.12605611979961395 -0.04479903355240822 0.03991331160068512
-0.15318158268928528 0.16549541056156158 0.021675651893019676
-0.11526931077241898 0.2531522810459137 -0.1550869196653366
-0.13587436079978943 0.15894582867622375 0.05345446243882179
-0.12617287039756775 0.4319669306278229 -0.09143390506505966
-0.13466349244117737 0.15008355677127838 -0.031271785497665405
-0.11284773051738739 -0.049791257828474045 -0.19249190390110016
-0.09403708577156067 0.4520963132381439 0.26325100660324097
-0.08028214424848557 0.31036192178726196 -0.10571472346782684
-0.07876402884721756 0.371081680059433 -0.035612236708402634
-0.05195930227637291 0.11229341477155685 -0.14914514124393463
0.009558223187923431 -0.1653091460466385 -0.05345546454191208
-0.11780635267496109 0.21290704607963562 -0.03647851198911667
-0.08879169821739197 0.4180643856525421 -0.00851888582110405
-0.10503292828798294 0.19218042492866516 0.11085902154445648
-0.07041565328836441 0.5337443351745605 0.2527577877044678
-0.14095358550548553 0.07471203058958054 0.09355154633522034
-0.24254238605499268 0.018368709832429886 -0.18495121598243713
-0.07783911377191544 0.07835379987955093 -0.049213308840990067
-0.10968568921089172 0.1506510227918625 0.007773122284561396
-0.13182644546031952 0.3319720923900604 -0.04864390939474106
-0.09597016870975494 0.3252204954624176 -0.029753776267170906
-0.06889940798282623 0.1823413372039795 -0.18269845843315125
-0.054675012826919556 0.40592241287231445 0.014414625242352486
-0.1134694442152977 0.06300602108240128 0.10622764378786087
-0.16286000609397888 -0.12729595601558685 -0.2131073921918869
-0.07363948971033096 0.47392982244491577 0.04695245623588562
-0.12384151667356491 0.07365732640028 0.03222115710377693
-0.08838663250207901 0.2855282723903656 0.10032767057418823
-0.03298370912671089 0.4135061204433441 -0.04311962425708771
-0.06868945807218552 0.4340120255947113 0.0008722076890990138
-0.1722732037305832 -0.06339776515960693 -0.023270277306437492
-0.07385142147541046 0.584697961807251 0.07593397796154022
-0.11505471169948578 0.21415728330612183 0.0026546826120465994
-0.08833667635917664 0.35257574915885925 -0.05042728781700134
-0.06267059594392776 0.5038540363311768 0.0956687182188034
-0.04305419325828552 -0.08214500546455383 -0.08045566827058792
-0.09344848990440369 0.2564786672592163 0.030677657574415207
-0.0863686203956604 0.41965049505233765 -0.032230962067842484
-0.1112746074795723 -0.21210622787475586 0.21473628282546997
-0.05455116555094719 -0.006066516973078251 0.032891031354665756
-0.12017129361629486 0.08700112253427505 0.04327601566910744
-0.1503078192472458 -0.05603214353322983 0.030838798731565475
-0.069696344435215 -0.050421182066202164 -0.3450118601322174
0.30598267912864685 0.21683795750141144 -0.34056156873703003
-0.07641236484050751 0.07458051294088364 -0.020029982551932335
-0.09320013225078583 0.030166607350111008 -0.16890037059783936
-0.15117919445037842 0.08988480269908905 0.06500087678432465
-0.10157115757465363 0.1739451140165329 -0.017188267782330513
-0.1256812959909439 0.21737831830978394 -0.009612392634153366
-0.10681986063718796 0.2306804358959198 0.030016331002116203
-0.03508592024445534 -0.3268851935863495 -0.19877690076828003
-0.08699732273817062 0.39918947219848633 -0.060910630971193314
-0.10968285799026489 0.31648319959640503 0.03202284500002861
-0.13392211496829987 0.25274866819381714 0.03966079279780388
-0.10080776363611221 0.3013237714767456 -0.1234242245554924
-0.09050461649894714 -0.036585912108421326 -0.20803219079971313
0.20684359967708588 0.21895338594913483 -0.066724993288517
0.35014766454696655 0.19644175469875336 -0.1167432963848114
-0.046315036714076996 0.3035818040370941 -0.08543702960014343
-0.17994780838489532 0.26104700565338135 -0.01614335924386978
-0.05597637593746185 0.5208390355110168 -0.039054155349731445
-0.15428756177425385 0.3068305552005768 -0.39053207635879517
-0.08306555449962616 0.35348081588745117 -0.054068662226200104
-0.1442078948020935 0.2906569540500641 -0.01792435720562935
-0.10401111841201782 0.40952804684638977 0.19500815868377686
-0.12505026161670685 0.09956912696361542 0.000491711194626987
-0.11547745019197464 -0.12119759619235992 -0.018179479986429214
-0.17337346076965332 -0.05664927139878273 -0.08758838474750519
-0.12202200293540955 0.2150125950574875 0.014306418597698212
-0.08855877071619034 0.4537055194377899 0.0854511484503746
-0.11389155685901642 0.16153663396835327 -0.018048718571662903
-0.14528237283229828 0.2572081685066223 0.022609474137425423
-0.029201066121459007 0.1628669798374176 -0.05531995743513107
-0.10350345075130463 0.2466135025024414 0.08799640089273453
-0.19006268680095673 -0.08279616385698318 -0.3379291594028473
-0.10257995128631592 0.23018042743206024 0.031560443341732025
-0.05673493444919586 0.4364105761051178 -0.18197710812091827
-0.13184437155723572 0.07046257704496384 0.05078417807817459
-0.06725151836872101 0.09014236927032471 -0.035035278648138046
-0.11082245409488678 0.3570139706134796 -0.06665210425853729
-0.14757166802883148 0.11951667815446854 -0.14522024989128113
-0.027978409081697464 0.4839545488357544 0.005660971160978079
-0.09118784219026566 0.6635348796844482 0.29722028970718384
0.1523994356393814 0.42711204290390015 -0.012354932725429535
-0.07429710030555725 0.3896835148334503 0.017261935397982597
-0.08403630554676056 0.472441166639328 0.05644092336297035
-0.041209589689970016 0.2238401621580124 0.0016688215546309948
-0.015871036797761917 0.4229632616043091 -0.07389965653419495
-0.10023976862430573 0.27532345056533813 0.009253709577023983
-0.1056876927614212 0.38570672273635864 -0.08634522557258606
-0.07567723840475082 0.4519531726837158 0.10765165835618973
-0.1184624508023262 0.11802294850349426 -0.013242362067103386
-0.09350675344467163 0.322767436504364 -0.07107789814472198
0.011794427409768105 0.34197136759757996 -0.20101331174373627
-0.12462981790304184 0.11642797291278839 -0.0030515692196786404
-0.13701537251472473 0.14219871163368225 0.027312258258461952
-0.10251349955797195 0.08926308155059814 0.05151040107011795
-0.08872770518064499 0.4545179307460785 0.2758755385875702
-0.07079268246889114 -0.01885771006345749 -0.15187323093414307
-0.11560691893100739 0.09751670062541962 0.0005258413730189204
-0.10853981226682663 0.3543924391269684 -0.08263252675533295
-0.091616190969944 -0.1579952985048294 0.07904481887817383
-0.09200453013181686 0.38761377334594727 0.07215952128171921
-0.1275937706232071 -0.9819065928459167 0.15790241956710815
-0.007405759301036596 0.3770645260810852 -0.11372660845518112
-0.09543496370315552 -0.38205572962760925 -0.052891381084918976
-0.11789775639772415 0.47194039821624756 0.07085948437452316
-0.02062050811946392 -0.044485658407211304 -0.1763366013765335
-0.0012919350992888212 0.05832111835479736 -0.11886041611433029
-0.08643732219934464 0.35984161496162415 -0.04588032886385918
-0.0733124241232872 0.16665424406528473 0.024822091683745384
-0.12695124745368958 -0.07676220685243607 -0.15928630530834198
-0.06058429926633835 0.3120509386062622 -0.1651233285665512
-0.13285189867019653 0.07527664303779602 -0.1724492758512497
-0.13714024424552917 -0.30881941318511963 0.18131357431411743
-0.10706574469804764 0.07946131378412247 0.0417327918112278
-0.08315803855657578 0.3715151250362396 0.016888439655303955
-0.0782357007265091 0.49836933612823486 0.22020223736763
-0.090223029255867 0.31803566217422485 -0.07515101879835129
-0.13117502629756927 0.15365484356880188 -0.13358823955059052
-0.11801163852214813 0.11218997091054916 -0.0037314030341804028
-0.12944753468036652 0.18394415080547333 0.08291612565517426
-0.12437259405851364 0.2835206091403961 0.03324887901544571
-0.15228351950645447 0.032067522406578064 0.06414030492305756
-0.13853523135185242 0.2488517016172409 -0.029638687148690224
-0.09537339210510254 0.3430444598197937 -0.045286234468221664
-0.07740530371665955 0.37036532163619995 0.09914156794548035
-0.0755259245634079 0.5945400595664978 0.23326733708381653
-0.1253352016210556 -0.30823829770088196 0.20062130689620972
-0.089499332010746 0.296478807926178 -0.01992039941251278
-0.14491860568523407 -0.07642979174852371 -0.14165420830249786
-0.034024808555841446 0.2659262716770172 -0.0951652079820633
0.04766342043876648 0.47463470697402954 -0.0009586855303496122
-0.12734106183052063 -0.1541275829076767 -0.08985038846731186
-0.10036389529705048 0.21029074490070343 0.024783380329608917
0.016381260007619858 -0.19328324496746063 -0.2521516978740692
-0.09150300174951553 0.26621025800704956 0.06824806332588196
-0.14487192034721375 0.09147365391254425 -0.16093379259109497
-0.0824122503399849 0.3246227502822876 -0.0752061977982521
0.043370284140110016 0.14730407297611237 -0.30195915699005127
-0.11959867179393768 -0.16948530077934265 0.11284161359071732
-0.09411153942346573 0.3185094892978668 0.18342755734920502
-0.0021852620411664248 -0.005596927832812071 -0.18236103653907776
-0.12420552223920822 0.2608594000339508 0.11934702843427658
-0.051157865673303604 0.3706232011318207 -0.08549685031175613
-0.09494644403457642 0.26182323694229126 0.05072915554046631
-0.17128886282444 0.070397287607193 0.13204802572727203
-0.12617559731006622 0.39462172985076904 -0.08323617279529572
-0.12195762991905212 0.40190818905830383 -0.15727375447750092
-0.12495701760053635 0.2750777304172516 -0.042342912405729294
-0.04706859588623047 0.36282622814178467 -0.07348180562257767
-0.09795398265123367 -0.09448849409818649 0.12697991728782654
0.016108069568872452 -0.0963582769036293 -0.18045732378959656
0.06125817820429802 0.1797448843717575 0.03137226402759552
-0.10565850883722305 -0.1166253462433815 0.022562293335795403
-0.10693615674972534 0.14656269550323486 0.10463346540927887
0.028524383902549744 -0.3949868977069855 -0.45380669832229614
-0.06547021865844727 0.2440265566110611 -0.010878538712859154
-0.10080243647098541 -0.20327557623386383 0.12618394196033478
-0.09901218861341476 0.20942574739456177 -0.07446988672018051
-0.06932590901851654 0.41399189829826355 0.06178136542439461
0.005218773614615202 0.3750106394290924 -0.06383956223726273
-0.1404789835214615 0.10989419370889664 0.018437905237078667
-0.11230064928531647 0.10154083371162415 -0.026383861899375916
-0.08151546120643616 0.2788984477519989 0.18854860961437225
-0.11073212325572968 0.2547581195831299 -0.04611178860068321
-0.07718914747238159 0.4210275709629059 0.06935740262269974
-0.015522172674536705 0.42287376523017883 -0.027244677767157555
-0.059954456984996796 0.4180781841278076 -0.2232506424188614
-0.12639234960079193 0.3249734044075012 -0.01420021802186966
-0.14406980574131012 0.24249377846717834 0.1214965209364891
-0.16107094287872314 -0.09076488018035889 0.014679832383990288
-0.0852387547492981 0.362835556268692 0.02743341028690338
0.00019408611115068197 -0.043206509202718735 -0.050614144653081894
-0.046022847294807434 0.21748000383377075 -0.11198297888040543
-0.137187659740448 0.019023099914193153 -0.06119505688548088
-0.14132563769817352 0.07116765528917313 -0.06628277152776718
0.03393809124827385 -0.3239559531211853 -0.2856913208961487
-0.0863247960805893 0.09563598036766052 0.011931641027331352
-0.04663923382759094 0.2898906469345093 -0.11836231499910355
-0.16241993010044098 -0.14441537857055664 0.11528889089822769
-0.08437760919332504 0.3460964560508728 0.016928507015109062
-0.06568445265293121 0.15014813840389252 -0.09282757341861725
0.03673860430717468 0.22921961545944214 -0.034470975399017334
-0.12791398167610168 0.39251479506492615 -0.026071153581142426
-0.1530282199382782 0.28880587220191956 -0.20763103663921356
-0.13121646642684937 0.16360041499137878 -0.009506134316325188
-0.11224883794784546 0.27017563581466675 0.04813770577311516
-0.1578451544046402 0.32556936144828796 -0.05080015957355499
-0.12825529277324677 -0.01787840574979782 -0.29721423983573914
-0.048333268612623215 0.20699143409729004 0.05190776661038399
-0.0583624467253685 0.45012184977531433 -0.024379216134548187
-0.11492302268743515 0.21522174775600433 0.015618495643138885
-0.16033507883548737 0.0460004024207592 -0.4149521291255951
-0.07930859178304672 0.01358337327837944 -0.20354485511779785
-0.13423363864421844 0.058319516479969025 0.008590096607804298
-0.07006465643644333 0.4470313489437103 0.14779509603977203
-0.0845993235707283 0.4385641813278198 0.004842807073146105
-0.06996498256921768 0.4700941741466522 0.04963092878460884
-0.13135723769664764 0.2715131342411041 0.07433556765317917
-0.09832722693681717 0.4322507977485657 -0.032921429723501205
-0.13685989379882812 -0.009603025391697884 0.02265225164592266
-0.10883601754903793 0.23843634128570557 -0.02544967085123062
-0.12078830599784851 0.047236863523721695 -0.1395418494939804
-0.16785326600074768 -0.47092482447624207 -0.2899848520755768
-0.173819899559021 -0.08475104719400406 0.031297679990530014
-0.1279790699481964 -0.031710993498563766 0.17150630056858063
-0.02358713373541832 0.2678040564060211 -0.23708966374397278
-0.11772210150957108 0.1597418338060379 0.018437841907143593
-0.10693014413118362 0.05423979088664055 0.08268149942159653
-0.10292846709489822 0.18114686012268066 0.050629664212465286
-0.09474391490221024 0.3019815683364868 -0.003412427846342325
-0.11213544756174088 0.1647385209798813 0.00907414685934782
-0.10568080097436905 0.4121316373348236 -0.05666505545377731
-0.025463419035077095 0.20144644379615784 -0.053346045315265656
-0.02274751104414463 0.1872236430644989 -0.02750318869948387
-0.11146920174360275 0.1582413911819458 0.14389318227767944
-0.15597078204154968 0.36345043778419495 -0.2583220601081848
-0.07656358182430267 0.2672688066959381 -0.037585314363241196
-0.09874274581670761 0.17971621453762054 -0.028107009828090668
-0.109991155564785 0.04538428410887718 0.05401083081960678
-0.059133559465408325 0.3758542537689209 -0.01752227358520031
-0.09282984584569931 -0.13908271491527557 0.17333631217479706
0.12289323657751083 -1.0100362300872803 -0.5621038675308228
-0.05114675313234329 0.3404516577720642 -0.08928950130939484
-0.13408157229423523 -0.05186794325709343 0.13405732810497284
-0.045167215168476105 -0.004113390110433102 -0.04429592937231064
-0.2029668390750885 -0.08214498311281204 -0.012265462428331375
-0.2493813931941986 -0.014884116128087044 0.015212474390864372
-0.1217002272605896 0.3030368983745575 -0.12126746773719788
-0.1395035684108734 0.2557772397994995 -0.19865857064723969
-0.09594306349754333 0.0028607838321477175 -0.02625546231865883
0.17801357805728912 0.25216051936149597 -0.1309555321931839
-0.11387099325656891 0.259012371301651 -0.03313058614730835
-0.039263997226953506 0.0005875301430933177 -0.0997244194149971
0.12283675372600555 -0.570016086101532 -0.3770864009857178
-0.1963387280702591 0.011913331225514412 -0.0374269112944603
-0.07770015299320221 0.37949758768081665 -0.02801939845085144
0.039831969887018204 -0.2681485414505005 -0.2900579571723938
-0.00037491368129849434 0.2989994287490845 -0.14035309851169586
-0.014603683724999428 -0.1995832920074463 -0.3204827308654785
-0.11941131949424744 0.3593128025531769 -0.07151013612747192
-0.12716443836688995 -0.591457188129425 -0.3308132290840149
-0.12768404185771942 0.29965877532958984 -0.003709318581968546
-0.10586050897836685 0.2919512391090393 -0.051452722400426865
-0.0975804328918457 0.2911803722381592 -0.23785749077796936
-0.08421782404184341 0.2666209042072296 0.08732253313064575
-0.08794495463371277 0.13259315490722656 0.02746443822979927
-0.09754348546266556 0.4336223602294922 -0.05883169546723366
-0.165899395942688 0.15430429577827454 0.005593990441411734
0.18280786275863647 0.2550956904888153 -0.10415851324796677
-0.10993074625730515 0.36819976568222046 -0.0668383315205574
-0.07540274411439896 0.4085150957107544 0.08530246466398239
-0.08047173172235489 0.5660015344619751 0.3183061182498932
-0.10721061378717422 0.37236425280570984 -0.08358994126319885
-0.10969112068414688 0.34717249870300293 -0.062455471605062485
-0.124380923807621 0.07197003066539764 0.037206508219242096
-0.09402745217084885 0.35508742928504944 -0.07943060994148254
-0.11319570988416672 0.3966405689716339 -0.2506280541419983
-0.11225765943527222 0.17027220129966736 0.16311129927635193
-0.059541475027799606 0.128127321600914 0.046568844467401505
-0.10322605818510056 0.3228946924209595 -0.11704462766647339
0.04981052875518799 -0.8933310508728027 -0.01394643634557724
-0.19434142112731934 0.038143351674079895 0.039482489228248596
-0.005531341768801212 0.037072062492370605 -0.1781144142150879
-0.11653350293636322 0.07506910711526871 -0.024519678205251694
-0.07420723140239716 0.3664541244506836 0.06564168632030487
-0.14176566898822784 -0.083075612783432 0.20037026703357697
-0.10229776799678802 0.2579899728298187 -0.033794477581977844
-0.09111586958169937 0.33435434103012085 -0.08689310401678085
-0.10477209091186523 0.22592918574810028 0.0027905884198844433
-0.07460535317659378 0.5747876763343811 0.08094863593578339
-0.10384885966777802 0.1958489865064621 0.04248892888426781
-0.1109192967414856 0.1863522231578827 0.020828239619731903
-0.07409987598657608 0.4405632019042969 0.13451306521892548
-0.07979501783847809 0.6211634278297424 0.06652241945266724
-0.1480390429496765 0.1541406214237213 0.023699019104242325
-0.12496171146631241 0.02920563332736492 0.05098479986190796
0.003213683608919382 -0.2896259129047394 -0.10187191516160965
-0.005863138474524021 0.3320874571800232 -0.12829053401947021
-0.07818614691495895 0.5048532485961914 0.13861508667469025
-0.044962327927351 0.40815702080726624 -0.007799838203936815
-0.1127772182226181 0.012278741225600243 -0.06370794028043747
-0.14573270082473755 0.25071123242378235 -0.12254040688276291
-0.11605365574359894 0.08721764385700226 0.0724816545844078
-0.1344819813966751 -0.10931524634361267 -0.010014768689870834
-0.07997845858335495 0.3443722724914551 0.059823501855134964
-0.10803398489952087 0.3960319459438324 -0.07021424919366837
-0.10707834362983704 0.1875905990600586 0.009465396404266357
-0.11453406512737274 0.041554488241672516 0.12490510195493698
-0.10983914881944656 0.23473107814788818 -0.09574995934963226
-0.12369529157876968 0.16450057923793793 -0.0003125306684523821
-0.1144166812300682 0.33591005206108093 -0.026205657050013542
-0.022398866713047028 -0.22181032598018646 -0.3135327994823456
-0.09390255808830261 0.34951961040496826 -0.06713327765464783
-0.07545911520719528 0.3690281808376312 0.07412499189376831
-0.14704765379428864 -0.24224145710468292 -0.3134644329547882
-0.06830457597970963 0.43763843178749084 -0.2553425133228302
-0.11298057436943054 0.35788270831108093 -0.21228575706481934
-0.12193158268928528 0.11670558899641037 -0.03145378455519676
-0.07651003450155258 0.4840918481349945 0.04228154197335243
-0.14428411424160004 0.46968749165534973 -0.39265176653862
0.023764342069625854 -0.2898702919483185 -0.29575276374816895
-0.10556142032146454 0.45517075061798096 -0.28585538268089294
-0.14061971008777618 0.05249619111418724 0.04629199951887131
-0.0662773996591568 0.06036420166492462 0.03303711861371994
-0.11256981641054153 0.26905298233032227 -0.062248799949884415
-0.12433481961488724 0.1718531847000122 -0.0285642109811306
-0.08796611428260803 0.16972099244594574 0.09427081048488617
-0.13192270696163177 0.3797493577003479 -0.07746826857328415
-0.10058387368917465 0.30685698986053467 -0.0771484449505806
-0.23047251999378204 0.4099206328392029 -0.0703214555978775
-0.20630155503749847 0.09915275126695633 0.03250071778893471
-0.14107176661491394 0.32467374205589294 0.12836024165153503
-0.11277548223733902 0.011230755597352982 0.07717612385749817
-0.07345191389322281 0.44576671719551086 0.014712126925587654
-0.11579171568155289 0.44768989086151123 -0.0803791806101799
-0.05420166999101639 0.5176928043365479 -0.016106346622109413
-0.09870565682649612 0.22565674781799316 0.16491326689720154
-0.13432222604751587 0.12049966305494308 0.07603897899389267
-0.13601642847061157 0.10119863599538803 -0.16812627017498016
-0.14742310345172882 0.10119668394327164 -0.14490915834903717
0.14482569694519043 -0.43332943320274353 -0.11407257616519928
-0.08556126058101654 -0.04765091836452484 -0.0550910122692585
-0.10428528487682343 0.21263277530670166 0.0487159825861454
-0.10990265756845474 0.3338841497898102 0.0006389959016814828
-0.023843560367822647 -0.13231760263442993 -0.13342447578907013
-0.10413380712270737 0.2510492503643036 0.10250982642173767
-0.1163366362452507 -0.0718134343624115 0.17657452821731567
-0.12132973223924637 0.26256757974624634 -0.05762184038758278
-0.11208733916282654 0.36591172218322754 -0.027947036549448967
-0.11361222714185715 0.36916235089302063 -0.10578606277704239
-0.046298470348119736 -0.04226044565439224 -0.23279885947704315
0.0453496091067791 -0.34300047159194946 -0.3139437735080719
-0.09149941056966782 -0.1691320389509201 -0.12408175319433212
-0.08998426795005798 -0.12949202954769135 -0.18659329414367676
-0.12687842547893524 0.01804323121905327 0.04778367280960083
-0.09670612215995789 0.43776175379753113 -0.11761080473661423
-0.09757086634635925 0.002100162673741579 0.08491484075784683
-0.15860749781131744 -1.0745986700057983 -0.25010666251182556
-0.05306502431631088 0.312102735042572 -0.08161185681819916
-0.07442720234394073 0.34342658519744873 0.1694377362728119
-0.10086218267679214 0.04631698504090309 -0.12724006175994873
-0.15503595769405365 0.22627891600131989 0.003014097921550274
0.05573097988963127 -0.22276653349399567 -0.34425845742225647
-0.09376329928636551 0.38261860609054565 0.09799426794052124
-0.0689409151673317 0.2313699573278427 -0.06920173019170761
-0.13739065825939178 -0.06885029375553131 0.21251803636550903
-0.12120760232210159 -0.143168106675148 -0.10033347457647324
-0.14755882322788239 0.13144467771053314 0.12322574853897095
-0.11253087967634201 0.19401362538337708 0.00287733250297606
-0.07960884273052216 0.15375472605228424 -0.15459805727005005
-0.07036863267421722 0.32882413268089294 -0.09613962471485138
-0.05748918280005455 0.2125454694032669 -0.23132437467575073
-0.1053018644452095 -0.08243649452924728 0.20679883658885956
0.02622653730213642 -0.22120116651058197 -0.15116693079471588
-0.09068464487791061 0.25602826476097107 0.0038030503783375025
0.024008048698306084 -0.26829710602760315 0.05679549276828766
-0.047081779688596725 0.43359553813934326 -0.07586200535297394
-0.09152969717979431 0.32862624526023865 -0.06825108826160431
-0.057054389268159866 0.4194315969944 -0.06248069182038307
-0.023185143247246742 -0.13444975018501282 -0.20068995654582977
-0.040693555027246475 -0.17250122129917145 -0.042213305830955505
-0.027613535523414612 -0.0637541338801384 -0.033812981098890305
-0.10782267898321152 0.3306821584701538 0.003921125549823046
-0.07324009388685226 0.14734630286693573 -0.0336768701672554
-0.0915597677230835 0.2597813010215759 0.05556660518050194
-0.026746343821287155 0.0458390936255455 0.004417034797370434
-0.10142095386981964 0.3862340748310089 -0.023140951991081238
0.22933010756969452 0.08314984291791916 -0.07182163745164871
-0.11688484996557236 0.14183078706264496 0.0775078758597374
-0.13496151566505432 0.39409518241882324 -0.3374623656272888
-0.13702814280986786 0.1266859620809555 -0.06031613051891327
-0.0950392559170723 0.2902286648750305 -0.03006208874285221
-0.1866980493068695 -0.13604481518268585 -0.22599980235099792
-0.12047888338565826 -0.1147010549902916 -0.2377433478832245
-0.16481052339076996 0.15841522812843323 -0.08380196243524551
-0.06316528469324112 -0.03825721889734268 0.003799507860094309
-0.12221533805131912 0.3808177411556244 -0.039152540266513824
-0.054455649107694626 0.15533439815044403 -0.0810127779841423
-0.0881698951125145 0.2818741798400879 0.05154659226536751
-0.08904673159122467 0.348503977060318 -0.016812821850180626
-0.05899162217974663 0.41123735904693604 -0.028320932760834694
-0.3392590284347534 0.08521610498428345 -0.018068775534629822
-0.0743478536605835 0.29372572898864746 -0.005468038842082024
-0.13639698922634125 0.2176937609910965 0.09800979495048523
-0.1089574322104454 0.21237225830554962 0.018723847344517708
0.06809031218290329 0.3211434781551361 -0.06627079099416733
-0.11059949547052383 0.2221418172121048 0.016793707385659218
-0.01300828531384468 0.14606663584709167 -0.03062942810356617
-0.01872137375175953 0.19430355727672577 0.10173921287059784
-0.25596949458122253 0.1170901283621788 -0.1853598654270172
0.18088266253471375 0.482277512550354 -0.1431770622730255
-0.03207061439752579 -0.056357450783252716 -0.19152581691741943
-0.09953287243843079 0.4021335244178772 0.0033009969629347324
0.022885851562023163 -0.20259718596935272 -0.247621089220047
-0.06418555229902267 0.6517671346664429 0.10089174658060074
-0.0315200500190258 -0.31323039531707764 -0.3602777123451233
-0.1710747480392456 0.33026546239852905 -0.17742663621902466
-0.11715766787528992 -0.24242538213729858 -0.03616569563746452
-0.10431118309497833 0.08917826414108276 -0.017494941130280495
-0.06936119496822357 -0.06416210532188416 -0.12486892193555832
-0.0770692378282547 0.45819562673568726 -0.008069409057497978
-0.014891121536493301 0.40492939949035645 -0.1203308254480362
-0.09910266846418381 0.44508063793182373 -0.04178529977798462
-0.11579421162605286 0.1653113067150116 -0.003587137907743454
-0.11761893332004547 0.2128441333770752 -0.01525484211742878
-0.1462544947862625 0.40333783626556396 -0.19902320206165314
-0.12403973191976547 0.08995001018047333 0.14680339395999908
-0.1418343335390091 0.3304566442966461 -0.20197652280330658
-0.14009472727775574 0.1051403060555458 -0.05475080758333206
-0.10195042192935944 -0.2890947163105011 -0.29520684480667114
-0.1548372209072113 0.19353465735912323 -0.013328397646546364
-0.13820159435272217 0.026279186829924583 0.037179235368967056
0.12921912968158722 0.26528066396713257 -0.16971157491207123
-0.09559463709592819 0.2549324929714203 0.07296013087034225
-0.025071870535612106 0.29909709095954895 0.024759314954280853
-0.0761173665523529 -0.13870950043201447 0.07545999437570572
-0.11021874845027924 0.2105473279953003 0.04412667080760002
0.05291779711842537 -0.07124623656272888 -0.29593753814697266
-0.12870852649211884 0.053586795926094055 -0.06765579432249069
-0.11255127936601639 -0.01860222965478897 0.006598631385713816
-0.15503330528736115 -0.00930076651275158 -0.020389506593346596
-0.05538904294371605 0.10791554301977158 -0.06696318089962006
-0.09423685073852539 0.26910772919654846 0.04743320867419243
-0.047800883650779724 0.49396470189094543 0.043204184621572495
-0.06889346987009048 0.39026758074760437 0.010313501581549644
0.051768094301223755 -0.13254690170288086 -0.037239085882902145
-0.12134253233671188 0.20259839296340942 0.019873447716236115
-0.14839555323123932 0.2143433392047882 0.1032094657421112
0.31947508454322815 -0.08313414454460144 -0.5398393869400024
-0.1300942301750183 0.1397087574005127 -0.14288729429244995
-0.12831783294677734 0.07386739552021027 0.07192588597536087
-0.1845499575138092 -0.08749856799840927 -0.1771961897611618
-0.07964871823787689 0.42756086587905884 0.0732789859175682
-0.13760751485824585 -0.0015893946401774883 -0.011743983253836632
0.04503772035241127 -0.03658969700336456 -0.19595812261104584
-0.09907252341508865 0.33076006174087524 -0.11868090182542801
-0.18502116203308105 0.01780339889228344 -0.018838610500097275
-0.11833509802818298 0.14402338862419128 -0.18622253835201263
-0.08099599927663803 0.46448299288749695 0.09326563775539398
-0.07400928437709808 0.43889886140823364 0.1643412560224533
-0.1275300234556198 0.19842217862606049 -0.19425450265407562
-0.10610164701938629 0.050637710839509964 0.03765079751610756
-0.07640613615512848 0.4191587567329407 0.03835897892713547
-0.022995999082922935 0.07185934484004974 -0.06547386199235916
-0.13135980069637299 0.257974773645401 -0.02189759723842144
-0.09748192131519318 0.6110840439796448 0.0817505493760109
-0.04162389412522316 -0.033727504312992096 0.0003094814019277692
-0.09330324828624725 0.08130763471126556 -0.022288473322987556
-0.08686700463294983 0.3179185390472412 -0.08561176061630249
-0.13455767929553986 0.3751640319824219 -0.057318463921546936
-0.0755838081240654 0.3067273795604706 -0.0913245901465416
-0.09174338728189468 0.3651682436466217 -0.009557807818055153
-0.07563353329896927 -0.11080698668956757 -0.13546842336654663
-0.022101856768131256 -0.7246328592300415 -0.18578562140464783
-0.15003232657909393 0.06667270511388779 -0.04098118469119072
-0.17961491644382477 -0.07742255926132202 -0.2144549936056137
0.011504124850034714 0.3657550513744354 -0.12133962661027908
-0.1335427165031433 0.1533048301935196 -0.06669081747531891
-0.09895364195108414 0.2540632486343384 -0.030209271237254143
-0.1172027662396431 0.1724678874015808 0.04711877554655075
-0.10459153354167938 0.2512686252593994 0.018145835027098656
-0.019069204106926918 -0.028755778446793556 -0.271900475025177
-0.1692974865436554 -0.01821533404290676 -0.16725094616413116
-0.1116047278046608 0.10643919557332993 0.19578805565834045
-0.09907802939414978 0.22857682406902313 0.1920604407787323
-0.10501143336296082 0.26311561465263367 0.08780630677938461
-0.08150400221347809 0.3373192548751831 -0.0704604759812355
-0.08829503506422043 0.04342244565486908 0.027590615674853325
-0.18715760111808777 -0.3281105160713196 -0.32382091879844666
-0.11536019295454025 0.08086976408958435 -0.01285451278090477
-0.08369985967874527 0.4136054217815399 -0.11516959220170975
-0.1055474728345871 0.20706355571746826 0.0466015599668026
-0.13051439821720123 0.029327241703867912 0.15938125550746918
-0.11859188973903656 0.07292715460062027 0.01139085553586483
-0.10675910860300064 0.49588513374328613 0.03497188165783882
-0.02501780353486538 0.28291448950767517 -0.04773867875337601
-0.12343692034482956 0.05026125907897949 -0.044780924916267395
-0.11788535863161087 0.13759993016719818 -0.059033531695604324
-0.11628060042858124 0.1315351128578186 0.15727199614048004
-0.1914379894733429 -0.18019072711467743 0.09921257197856903
-0.11295229196548462 0.3019137680530548 -0.20011533796787262
-0.10305225104093552 -0.051940832287073135 -0.15014223754405975
-0.11544466018676758 0.14081141352653503 0.003540882607921958
-0.1236923560500145 0.35097143054008484 -0.1986522227525711
-0.1154116615653038 0.12311050295829773 0.14356550574302673
-0.08642749488353729 0.3357762396335602 -0.06765832751989365
-0.09274927526712418 0.26107367873191833 0.006281416397541761
-0.10939953476190567 -0.09933008253574371 -0.07342413067817688
-0.05228237435221672 -0.058883801102638245 -0.3004353940486908
-0.15438224375247955 -0.0014541915152221918 0.12001197040081024
-0.15296517312526703 0.06495530903339386 0.006740126758813858
-0.09746093302965164 0.36324575543403625 0.23344430327415466
-0.03042929247021675 0.111671581864357 -0.2174265831708908
-0.08003492653369904 -0.10499074310064316 -0.2952626347541809
-0.09563229978084564 0.34520360827445984 -0.05629962310194969
-0.11317774653434753 -0.05337761342525482 -0.01960786245763302
-0.11611384153366089 -0.019199399277567863 -0.004188838414847851
0.24040906131267548 0.2479822039604187 -0.2116885781288147
-0.11148033291101456 0.14940336346626282 -0.03888449817895889
-0.09587735682725906 0.1785181313753128 0.004215295426547527
-0.022643227130174637 -0.0396965891122818 -0.2283177524805069
-0.08960923552513123 0.2664334774017334 0.06189868971705437
-0.08579887449741364 0.33296021819114685 0.08457589894533157
-0.14081226289272308 0.03466050699353218 -0.20579394698143005
-0.14750322699546814 0.23015181720256805 -0.0031459596939384937
-0.0012467850465327501 -0.10320566594600677 0.07170465588569641
-0.13004560768604279 0.20737221837043762 -0.03773947432637215
0.0007744195754639804 0.25279462337493896 -0.4113014340400696
-0.11327655613422394 0.5671409964561462 0.11380992829799652
-0.08193942904472351 0.28560134768486023 -0.021323328837752342
-0.11765260249376297 0.3067123293876648 -0.10932208597660065
-0.10146886110305786 0.3318747580051422 -0.11343694478273392
-0.13494928181171417 0.19261440634727478 0.047506481409072876
-0.12489555031061172 0.19817699491977692 0.2331094890832901
-0.21159256994724274 0.3132668137550354 -0.172932431101799
-0.074139803647995 0.10118154436349869 -0.22411292791366577
0.06890688836574554 0.2297006994485855 -0.20587800443172455
-0.06687600165605545 0.4452895522117615 0.05656151846051216
-0.0735614225268364 0.46909385919570923 0.14147737622261047
-0.07165505737066269 0.2767350673675537 -0.09208454191684723
-0.1325015425682068 -0.10661406815052032 0.22574500739574432
-0.1352314054965973 0.07703980803489685 -0.12648509442806244
-0.13728374242782593 -0.15746459364891052 0.21660859882831573
-0.02968226745724678 0.17298252880573273 -0.2165912240743637
-0.08587823063135147 0.33684951066970825 -0.013906963169574738
-0.07886990904808044 0.5009036064147949 0.13857527077198029
-0.04896596819162369 -0.06494144350290298 -0.24668623507022858
0.028365608304739 -0.21329639852046967 -0.3063676953315735
0.027977874502539635 -0.2112327516078949 -0.07529040426015854
-0.11128660291433334 0.13466835021972656 0.064781554043293
-0.07998885214328766 0.40362679958343506 -0.07239893078804016
-0.07292397320270538 0.40370413661003113 -0.06876705586910248
-0.13196785748004913 0.37604695558547974 -0.20488591492176056
-0.13790810108184814 -0.11627314239740372 0.036063723266124725
-0.10067950934171677 0.31143635511398315 -0.11766240745782852
-0.11841730028390884 0.08755448460578918 0.08229147642850876
-0.11194584518671036 0.138794407248497 -0.10923004150390625
-0.12321589887142181 -0.08238203823566437 -0.04959416389465332
-0.16405467689037323 0.285308301448822 0.010188775137066841
-0.10900590568780899 0.2281143218278885 0.08248602598905563
-0.0837097316980362 0.32588544487953186 0.004921391606330872
-0.10905582457780838 0.2140040546655655 0.007749529089778662
-0.12807708978652954 0.23449496924877167 0.08490602672100067
-0.10082437843084335 -0.2773438096046448 -0.360336035490036
-0.14473438262939453 -0.1213100329041481 0.09700582176446915
-0.08598873764276505 0.5391789078712463 0.04859346151351929
-0.13183698058128357 0.190569207072258 0.05311138182878494
-0.04504534974694252 0.09448756277561188 -0.5409257411956787
-0.06341106444597244 0.41302400827407837 -0.023170027881860733
-0.05948994681239128 0.12911219894886017 -0.16772398352622986
-0.05666114389896393 0.5096235871315002 0.08553636074066162
-0.12423843890428543 0.16612887382507324 -0.13488289713859558
-0.10105561465024948 -0.09635931253433228 0.1410685032606125
-0.08982238918542862 0.3928508460521698 0.0616394467651844
-0.11689736694097519 0.07419753819704056 -0.04851098358631134
-0.0715852752327919 0.4463194012641907 0.26588088274002075
-0.1748860776424408 -0.06757976859807968 0.13426853716373444
-0.11500164121389389 0.11314359307289124 0.10102751106023788
-0.11191172897815704 -0.23715665936470032 -0.1467447280883789
-0.06947968900203705 0.1266595721244812 -0.2200431078672409
0.047172773629426956 -0.7835257053375244 -0.3238109052181244
-0.08112654089927673 0.4079348146915436 -0.009078333154320717
-0.12436198443174362 0.2343924194574356 -0.015355858951807022
-0.08255211263895035 0.40006789565086365 -0.07275111973285675
-0.12591242790222168 0.2970812916755676 -0.0662757009267807
-0.16745415329933167 0.38948574662208557 -0.27919185161590576
-0.07808999717235565 0.4737524390220642 0.020845837891101837
-0.10737667977809906 0.3261483907699585 -0.05322996899485588
-0.1312529593706131 0.068619504570961 -0.1728675365447998
-0.07786069810390472 0.45691123604774475 0.26581719517707825
-0.11155829578638077 0.0014496748335659504 0.0069974567741155624
-0.07376494258642197 0.5721234083175659 0.14182135462760925
-0.08768105506896973 0.302863210439682 0.018634255975484848
-0.08051389455795288 0.35415908694267273 -0.2519124448299408
-0.09790857881307602 0.487017959356308 -0.021087411791086197
-0.1228126585483551 -0.04024786502122879 -0.012571925297379494
-0.13406816124916077 0.18966276943683624 -0.02050940692424774
-0.10241895169019699 0.2203645557165146 -0.049259983003139496
-0.05931674316525459 0.4675354063510895 0.10099488496780396
-0.1140943095088005 0.04442308098077774 0.006198459304869175
-0.10183116793632507 0.3282540738582611 -0.021242721006274223
-0.12049441039562225 0.2383062243461609 -0.04861859232187271
-0.06691693514585495 0.20749489963054657 -0.018017282709479332
-0.08184175193309784 0.37175214290618896 -0.14332902431488037
-0.09543737024068832 0.26052185893058777 -0.025666875764727592
-0.1489546149969101 -0.1507657915353775 -0.17666594684123993
-0.1039779856801033 0.08136118948459625 0.081028051674366
-0.1137615367770195 0.34256595373153687 -0.03554270789027214
-0.03699149191379547 0.27933746576309204 -0.11360970884561539
-0.022365372627973557 0.06481770426034927 0.0030942088924348354
-0.14386826753616333 -0.05961169674992561 0.21481984853744507
-0.12308192998170853 0.10829508304595947 -0.02338903583586216
-0.11114633828401566 0.21366149187088013 0.09636418521404266
-0.0699659064412117 0.2202082872390747 -0.18840892612934113
-0.09319785237312317 0.1266954392194748 -0.026179568842053413
-0.09937826544046402 -0.13040778040885925 -0.01820673979818821
0.0555100180208683 0.1600668728351593 0.08272405713796616
-0.11567224562168121 0.37759435176849365 -0.09541664272546768
-0.09452599287033081 0.012824635952711105 0.00045352010056376457
-0.12509356439113617 0.011006597429513931 0.05681036040186882
-0.18146558105945587 -0.04889800772070885 -0.01827707141637802
-0.051919929683208466 0.08259148895740509 -0.41575005650520325
-0.11084794998168945 -0.2352350950241089 0.07796203345060349
-0.09945681691169739 0.267585426568985 -0.15905849635601044
-0.10403694957494736 0.32337266206741333 -0.25249531865119934
-0.07775473594665527 0.3966525197029114 0.00788600742816925
-0.29867464303970337 -0.17721140384674072 0.02611956000328064
-0.11004001647233963 0.38836681842803955 -0.07591015100479126
-0.12207372486591339 0.06139274686574936 -0.06989915668964386
-0.055232562124729156 -0.12748022377490997 -0.12191708385944366
-0.15272463858127594 -0.011139906942844391 0.08579009771347046
-0.11471588164567947 0.18073490262031555 -0.03233233839273453
-0.07456643879413605 0.4252576529979706 -0.12581650912761688
-0.0946509838104248 0.010814547538757324 -0.021031811833381653
-0.09718965739011765 0.4147466719150543 -0.1792326271533966
-0.11709316819906235 0.20871858298778534 8.453719783574343e-05
-0.06973730027675629 -0.3240080177783966 -0.17353291809558868
-0.12414673715829849 0.25515216588974 -0.04057749733328819
-0.15532909333705902 0.06456730514764786 -0.019151395186781883
-0.08983045816421509 0.545897901058197 0.06656964868307114
-0.15439720451831818 -0.058741964399814606 0.19972267746925354
0.1130993664264679 -0.4019836187362671 -0.31897643208503723
-0.12413492053747177 0.0747431293129921 0.02553519792854786
-0.09488202631473541 0.42453107237815857 0.09996329993009567
-0.1382284015417099 0.4173508882522583 -0.3166351020336151
-0.012438338249921799 0.1632920652627945 -0.16968147456645966
0.0029346682131290436 0.2833477556705475 -0.2174936681985855
-0.12133073806762695 0.4267301559448242 -0.019796278327703476
-0.17869697511196136 0.37744900584220886 -0.31865960359573364
0.02067268267273903 -0.3058322072029114 -0.31125709414482117
-0.09392573684453964 -0.10510392487049103 0.024520862847566605
-0.0541536882519722 0.5138337016105652 0.14427027106285095
-0.054117608815431595 0.22737178206443787 -0.04768724367022514
-0.1321648806333542 0.10047145187854767 -0.017950238659977913
-0.07576171308755875 0.303112268447876 -0.01909404993057251
-0.058490410447120667 0.03831106424331665 0.019355183467268944
-0.1512567400932312 0.04499436914920807 -0.006942282896488905
-0.1192815825343132 0.27440017461776733 0.012003114446997643
-0.11079313606023788 0.2606557309627533 -0.00604211026802659
-0.07187950611114502 0.17701569199562073 -0.15727820992469788
-0.18284441530704498 0.28008151054382324 -0.20049387216567993
-0.12891161441802979 -0.02008749358355999 0.07089987397193909
-0.06893205642700195 0.5644051432609558 0.07280281186103821
-0.0977931022644043 0.32524630427360535 -0.18921709060668945
-0.12356483191251755 0.06309399753808975 -0.023256605491042137
-0.10465191304683685 0.2311713546514511 0.08667125552892685
-0.03661657124757767 0.298642098903656 -0.04225514084100723
-0.12921209633350372 0.24054166674613953 0.05941278859972954
-0.0929657593369484 -0.3167523443698883 -0.1963784396648407
-0.009574444964528084 -0.011838871985673904 -0.06666687875986099
-0.07795291393995285 0.4512772560119629 0.119212307035923
-0.0645294040441513 0.27315035462379456 -0.31757238507270813
-0.13323400914669037 0.34691640734672546 -0.06517749279737473
-0.09465091675519943 0.28347259759902954 -0.03199008107185364
-0.12205705046653748 0.14032083749771118 0.013780849054455757
-0.09718818217515945 0.2688036561012268 0.0851622149348259
0.026479236781597137 -0.2240781933069229 -0.009209718555212021
-0.04871944338083267 0.21906031668186188 0.058289289474487305
0.04771123081445694 0.20421399176120758 -0.22969084978103638
-0.11334225535392761 0.14400680363178253 0.1964840590953827
-0.11821511387825012 0.5333356857299805 0.15020865201950073
0.11857151240110397 -0.5708478689193726 -0.27057093381881714
-0.1236095204949379 0.39186424016952515 -0.11617333441972733
-0.11518430709838867 -0.15457099676132202 -0.02507154457271099
-0.05122339352965355 0.4239134192466736 -0.045434966683387756
-0.09296945482492447 0.1251942217350006 -0.019725430756807327
-0.018899627029895782 -0.020314807072281837 -0.2259199470281601
-0.14495949447155 0.25371578335762024 -0.17892621457576752
-0.050914786756038666 0.3402261734008789 -0.2791716456413269
-0.09346283227205276 0.009119798429310322 0.007023337297141552
-0.1068577766418457 0.0969552993774414 0.13822519779205322
-0.10809163004159927 0.09131291508674622 0.007049056701362133
-0.09005529433488846 0.41560202836990356 -0.22048524022102356
0.06055113300681114 0.4221474528312683 -0.08702010661363602
-0.13385389745235443 0.15051686763763428 -0.07770465314388275
-0.11128418892621994 0.11177157610654831 0.0626767948269844
-0.17673145234584808 0.3761478364467621 -0.0327940359711647
-0.18815317749977112 -0.0852612853050232 -0.015006044879555702
-0.08378202468156815 0.3246322572231293 0.0841180607676506
-0.11389388889074326 0.2031952440738678 0.0444609709084034
-0.04071491211652756 0.535291850566864 -0.02104162983596325
-0.13265250623226166 0.1316138356924057 -0.03170345723628998
-0.1524827927350998 -0.16071383655071259 0.15696409344673157
-0.11915203183889389 0.12628252804279327 0.05215166509151459
-0.10888975113630295 0.2668139636516571 -0.05601520463824272
-0.09287302196025848 0.45369666814804077 0.2360619306564331
-0.08863560855388641 0.31775468587875366 -0.015331350266933441
-0.07625079900026321 -0.2967665493488312 0.14534787833690643
-0.15416114032268524 0.055858712643384933 -0.1679563820362091
-0.10452807694673538 0.20758521556854248 -0.04089585691690445
-0.09851070493459702 0.40536588430404663 0.017528550699353218
-0.12018103897571564 0.2078498750925064 -0.26546210050582886
-0.13030120730400085 0.11188796907663345 -0.06863368302583694
-0.0829940140247345 0.38117700815200806 -0.006389935966581106
-0.09423328936100006 0.37297794222831726 0.03434309363365173
-0.11324063688516617 0.10761599242687225 -0.04176463559269905
0.05434305965900421 0.299294650554657 -0.13849666714668274
-0.15708966553211212 0.27791905403137207 -0.18088532984256744
-0.08501088619232178 -0.014525815844535828 0.13748358190059662
-0.11603207141160965 0.23598964512348175 -0.08531702309846878
-0.1152888759970665 0.13985291123390198 -0.1958913803100586
0.04417319595813751 -0.09153997153043747 -0.3122660517692566
-0.1214657872915268 -0.20962388813495636 -0.19823765754699707
-0.12840701639652252 0.4877181649208069 -0.00595552334561944
-0.11514575779438019 0.11509230732917786 0.10487329959869385
-0.09696676582098007 0.19963426887989044 -0.06617013365030289
-0.0606628954410553 0.051222700625658035 0.029047584161162376
-0.13021276891231537 -0.026218218728899956 -0.23008766770362854
-0.06365595757961273 0.41802141070365906 0.07512098550796509
-0.08714992552995682 0.3557804524898529 0.01472858339548111
-0.3765878975391388 -0.22508399188518524 -0.7202121019363403
-0.1893964409828186 -0.08895695209503174 0.045509640127420425
-0.17265358567237854 0.11846013367176056 -0.026171976700425148
-0.08617918938398361 0.07971253246068954 -0.033231221139431
-0.1304488629102707 0.11862846463918686 0.03652411326766014
-0.1091601625084877 0.4307788014411926 -0.019561734050512314
0.07459330558776855 0.14389517903327942 -0.002770320512354374
-0.11967110633850098 0.3640168309211731 -0.061769913882017136
-0.09067079424858093 0.28501489758491516 -0.039242666214704514
-0.04687085002660751 0.32199257612228394 -0.14855137467384338
-0.03303208947181702 0.37569501996040344 -0.05775637552142143
-0.15028926730155945 0.26944097876548767 -0.03325420990586281
-0.08979843556880951 0.16614480316638947 0.05837296321988106
-0.09454216808080673 0.2957586348056793 0.006584893446415663
-0.06774955242872238 0.31184816360473633 -0.1854427456855774
-0.08596678823232651 0.3691911995410919 0.07642389088869095
-0.11675922572612762 0.21961577236652374 0.059213053435087204
-0.0831511840224266 -0.34990254044532776 -0.2559616267681122
-0.08138104528188705 0.2847132682800293 -0.06046929582953453
-0.08446229994297028 0.2793819010257721 -0.12102524191141129
-0.09420911967754364 0.3971747159957886 -0.21171531081199646
-0.13996578752994537 -0.0683169811964035 0.18023911118507385
-0.09932272881269455 0.37068477272987366 -0.07616403698921204
-0.11514227837324142 0.2705802619457245 -0.12044263631105423
-0.12398605793714523 -0.02981896884739399 0.18401633203029633
-0.08820635825395584 -0.11873821914196014 0.11647944152355194
-0.08051234483718872 0.3182419538497925 -0.12389900535345078
-0.09763342142105103 0.252890944480896 -0.004264143295586109
0.26629939675331116 -0.6335489749908447 -0.2633156180381775
-0.06785288453102112 0.0960366353392601 -0.03426869958639145
-0.08478257805109024 0.04487762227654457 -0.07121305167675018
-0.14209221303462982 0.26019084453582764 0.06692203134298325
-0.10570308566093445 0.2115182876586914 0.174805149435997
-0.03306519240140915 0.35937774181365967 -0.03693549335002899
-0.05359422788023949 0.10592328011989594 -0.041993383318185806
-0.11684577912092209 0.009625526145100594 -0.10726361721754074
-0.08995009958744049 0.33138608932495117 -0.024978142231702805
-0.06767833232879639 0.31060856580734253 -0.3139786422252655
-0.07219094783067703 0.31749993562698364 -0.10928831994533539
-0.017449403181672096 0.34434738755226135 -0.15185922384262085
-0.15624801814556122 0.1413448452949524 -0.09733779728412628
