ply
format ascii 1.0
element vertex 2048
property float x
property float y
property float z
end_header
-0.06179828941822052 0.7397334575653076 -0.35026416182518005
-0.45402923226356506 0.7178409695625305 -0.12358999997377396
-0.40111249685287476 0.5183247327804565 -0.12706221640110016
-0.3442438840866089 0.2520233988761902 -0.13760153949260712
-0.5063164234161377 0.2915394604206085 -0.06274832785129547
-0.10321490466594696 0.7337327003479004 -0.27349409461021423
-0.0416792631149292 0.049756940454244614 -0.1483166664838791
0.07845249772071838 1.0023205280303955 0.02468971163034439
-0.49100974202156067 0.5650591254234314 -0.14769692718982697
-0.40801817178726196 0.4135802686214447 -0.11493925750255585
-0.3692364990711212 0.3386172354221344 0.31007033586502075
-0.4162195026874542 0.7529036998748779 -0.20055830478668213
-0.3100120723247528 0.4649417996406555 -0.09059691429138184
-0.4509263336658478 0.5683662295341492 -0.004947173874825239
-0.4982132017612457 0.8254683017730713 0.03706010431051254
-0.4811745285987854 0.5709448456764221 -0.03680669888854027
-0.28247693181037903 0.5746157765388489 0.1017259880900383
-0.5055323243141174 1.0359127521514893 0.0328158438205719
-0.4203253388404846 0.4157225489616394 -0.37983426451683044
-0.25419408082962036 0.6161202788352966 -0.1827191710472107
-0.3862132430076599 0.7294714450836182 -0.2757326066493988
-0.5785546898841858 0.02249946817755699 -0.008094202727079391
-0.3795882761478424 0.9181884527206421 0.5637990832328796
-0.6717051863670349 0.7209430932998657 0.06230830028653145
0.09693458676338196 0.8980229496955872 -0.3828328251838684
-0.5893682837486267 0.6442853212356567 -0.38254740834236145
-0.7507181763648987 0.5623322129249573 0.12092779576778412
-0.17458871006965637 0.7194047570228577 -0.04585946351289749
-0.4449581205844879 0.5628037452697754 -0.2385324239730835
-0.30446305871009827 0.22031447291374207 -0.038548242300748825
-0.2361404001712799 0.6844068169593811 -0.08366967737674713
-0.37833961844444275 0.6210290193557739 -0.09077303111553192
-0.43423721194267273 0.6412492990493774 -0.17638620734214783
-0.5391058325767517 0.916945219039917 0.13999229669570923
-0.2330794483423233 0.334003210067749 -0.08154384791851044
-0.5445117354393005 0.8135986328125 0.4070272147655487
-0.4827302098274231 0.7243273258209229 -0.1745409071445465
-0.3734515905380249 0.5713784098625183 0.1558850258588791
-0.41444626450538635 0.8245798945426941 0.030565189197659492
-0.37611517310142517 0.08743858337402344 -0.05202117934823036
-0.39807865023612976 0.4253082573413849 0.10715701431035995
-0.1957990974187851 0.7741591930389404 0.03763182461261749
-0.43131354451179504 0.17223021388053894 0.05508346110582352
-0.16948656737804413 0.3959590494632721 -0.10105322301387787
-0.6561809182167053 0.5689477324485779 0.30982843041419983
-0.029074037447571754 0.573290228843689 -0.21959342062473297
-0.5474626421928406 0.4821867048740387 0.1730482131242752
-0.7694113254547119 0.5377323627471924 0.054978832602500916
-0.38384756445884705 0.42528578639030457 -0.19683784246444702
-0.6070253849029541 0.43266287446022034 0.13013236224651337
-0.392933189868927 0.9523229598999023 -0.26498648524284363
-0.49248552322387695 0.5493618845939636 -0.2180730551481247
-0.64590984582901 0.8489340543746948 -0.16628366708755493
-0.6395485997200012 0.29853761196136475 -0.04698949307203293
-0.16255992650985718 0.47474902868270874 -0.08928784728050232
-0.14539358019828796 0.3680728077888489 -0.2567138075828552
-0.5006317496299744 0.42391517758369446 0.06586332619190216
-0.25946712493896484 0.34597525000572205 -0.0579431876540184
0.14405620098114014 0.6100917458534241 -0.1805918961763382
-0.2791341245174408 0.5972744226455688 0.08111153542995453
-0.6493967771530151 0.7052438259124756 0.033662449568510056
-0.3385472297668457 0.5252779722213745 -0.14318571984767914
-0.5308437347412109 0.5962319374084473 -0.04574130102992058
-0.5121714472770691 0.7302731871604919 -0.0565829798579216
-0.3250899314880371 0.7391372919082642 -0.13932092487812042
-0.5275660157203674 0.5597904920578003 -0.12918449938297272
-0.4685312807559967 0.6895669102668762 0.03327998146414757
-0.368626207113266 0.3962050974369049 -0.07711386680603027
-0.5441582798957825 0.7034102082252502 0.02661202847957611
-0.4788752496242523 0.5156015157699585 -0.18581439554691315
-0.7820217609405518 0.503063440322876 0.020461130887269974
-0.4531881511211395 0.7794051170349121 -0.3412172198295593
-0.477168470621109 0.590747594833374 -0.15346556901931763
-0.5222311019897461 0.5138524770736694 0.09548589587211609
-0.672196626663208 0.6037306785583496 0.061933595687150955
-0.7361732721328735 0.4316144585609436 0.05888795480132103
-0.3846517503261566 0.28280356526374817 -0.2736378014087677
-0.37238404154777527 0.8236241340637207 0.18087151646614075
-0.1423831433057785 0.37134918570518494 -0.22822889685630798
-0.6660239100456238 0.7158026695251465 0.31530776619911194
-0.43463724851608276 0.8802440762519836 0.007053615525364876
-0.4090593755245209 0.5858467221260071 -0.11991197615861893
-0.6349542140960693 0.6822249889373779 -0.08412707597017288
-0.3355298638343811 0.5384873151779175 0.3540097177028656
-0.25993236899375916 0.5707494020462036 0.027095302939414978
-0.164554625749588 0.7850009799003601 -0.11939729005098343
-0.5027449727058411 0.21114325523376465 -0.059295978397130966
-0.5155368447303772 0.4533471167087555 -0.5291129350662231
-0.5836232900619507 0.43637076020240784 -0.0032618637196719646
-0.11399761587381363 0.5156407356262207 -0.11505861580371857
0.18620313704013824 0.4945220351219177 -0.18837545812129974
0.17496390640735626 0.49711334705352783 -0.19447070360183716
-0.4403853118419647 0.7571401000022888 0.1430760622024536
-0.58138108253479 0.49122244119644165 -0.12224655598402023
-0.702964723110199 0.5342295169830322 0.22295832633972168
0.08318664878606796 0.4922894537448883 0.09532191604375839
-0.6815009117126465 0.7006430625915527 -0.2985101044178009
-0.6308179497718811 0.6708934307098389 0.06045624986290932
-0.009699517861008644 0.4535674452781677 -0.17355197668075562
-0.18245932459831238 0.12122974544763565 0.2504035234451294
-0.7856135964393616 1.1103532314300537 -0.18938836455345154
-0.648944616317749 0.7679077982902527 -0.02623187005519867
-0.35894209146499634 0.4267928898334503 0.41200217604637146
-0.3300457000732422 0.7221407890319824 -0.8930456638336182
-0.18544484674930573 0.6746314167976379 -0.19507059454917908
-0.3436533212661743 0.6808784604072571 -0.09326077252626419
-0.49137839674949646 0.818056583404541 0.15865761041641235
-0.26407888531684875 0.40621474385261536 -0.10383611172437668
-0.4781777858734131 0.6097806096076965 -0.08676821738481522
-0.4193287491798401 0.7233137488365173 -0.5111938118934631
-0.2706141471862793 0.7433502078056335 -0.06415172666311264
-0.2591651678085327 0.7528247833251953 -0.08931330591440201
-0.38608455657958984 0.6459553241729736 -0.40351828932762146
-0.579036295413971 0.6583094000816345 -0.12888120114803314
-0.3871133625507355 0.3768211901187897 -0.03135540708899498
-0.4568760395050049 0.8740881681442261 -0.13218219578266144
-0.32622087001800537 0.7712476253509521 -0.10438568145036697
-0.31170105934143066 0.5802090764045715 -0.4770473539829254
-0.16644464433193207 0.6556532979011536 -0.2829743027687073
-0.4349958598613739 0.8095782399177551 -0.06873258948326111
-0.6485979557037354 0.42750468850135803 0.1273893266916275
-0.42461997270584106 0.6637663245201111 -0.3853958249092102
-0.5042212605476379 0.33160799741744995 -0.09875018894672394
-0.021669451147317886 0.4076178967952728 -0.04077204316854477
-0.37114202976226807 0.7319247722625732 0.3827967941761017
-0.5678389668464661 0.8430287837982178 -0.18524326384067535
-0.6267040371894836 0.7265340089797974 -0.08727548271417618
-0.45281946659088135 0.543340265750885 -0.067945696413517
-0.31213387846946716 0.6123735904693604 0.09689832478761673
-0.36667391657829285 0.7267841696739197 0.06564720720052719
-0.31251928210258484 0.29679515957832336 -0.15749457478523254
-0.15376044809818268 0.6943071484565735 -0.1712971031665802
0.14118701219558716 0.4331858456134796 -0.21399420499801636
-0.504016101360321 0.613057017326355 -0.17719388008117676
-0.2182544320821762 0.8542881608009338 -0.06466680765151978
-0.4401763081550598 0.0993540957570076 0.17681334912776947
-0.35149386525154114 0.7247440814971924 0.027587294578552246
-0.6439366936683655 0.5636039972305298 0.20233242213726044
-0.5340273380279541 0.67301344871521 -0.41230064630508423
-0.5459006428718567 0.8748438954353333 0.5353483557701111
-0.3692342936992645 0.9245681166648865 -0.12064743787050247
-0.3113672733306885 0.4651610851287842 -0.2802721858024597
-0.3138135075569153 0.30450066924095154 -0.041301097720861435
-0.3907680809497833 0.6552463173866272 -0.0705382376909256
-0.7241554856300354 0.5204275250434875 -0.248263418674469
-0.3957250714302063 0.4812830984592438 -0.022309647873044014
-0.623272716999054 0.5946322083473206 -0.19385462999343872
-0.4998182952404022 0.342206209897995 -0.13662417232990265
-0.15013925731182098 0.2594955861568451 -0.0653698518872261
-0.08179698884487152 0.738513171672821 0.12242100387811661
-0.14971093833446503 0.5725269317626953 -0.33354970812797546
-0.3774434030056 0.5173407793045044 -0.06268339604139328
-0.6662799119949341 0.5256999731063843 -0.25775331258773804
-0.5786962509155273 0.5057302117347717 -0.023308241739869118
-0.3560093939304352 0.3864554464817047 0.019697528332471848
-0.671475350856781 0.49613624811172485 -0.24037900567054749
-0.5699639916419983 0.2536378800868988 0.09996196627616882
-0.4652371108531952 0.46487653255462646 -0.16763664782047272
-0.6528052091598511 0.40099480748176575 -0.03255796432495117
-0.3952578604221344 0.816226601600647 -0.04103459417819977
-0.6038994789123535 0.5955619215965271 0.04962035268545151
-0.3845040202140808 0.8168050050735474 -0.11777518689632416
-0.34909316897392273 0.6497865915298462 0.04447333142161369
-0.5498790144920349 0.5711552500724792 0.27902019023895264
-0.6896743178367615 0.17482614517211914 0.0737125426530838
-0.35419389605522156 0.48318052291870117 -0.08094767481088638
-1.1457438468933105 0.5712483525276184 0.016024477779865265
-0.19053341448307037 0.754487156867981 -0.12013018876314163
-0.3929833173751831 0.7125144600868225 -0.14475572109222412
-0.5774704813957214 0.39108678698539734 -0.14959153532981873
-0.6471701860427856 0.9880360960960388 -0.24652498960494995
-0.1686960607767105 0.3927227854728699 -0.2560581862926483
-0.32095590233802795 0.47816699743270874 0.2789415419101715
-0.37660473585128784 -0.11402417719364166 0.11616326868534088
-0.09849131852388382 0.597154438495636 0.41192734241485596
-0.2465279996395111 0.7596504092216492 -0.0006663003005087376
-0.6051563620567322 0.4831768870353699 0.06331021338701248
-0.3649987578392029 0.4166432023048401 -0.05730672925710678
-0.11821272224187851 0.46495574712753296 -0.1275600790977478
-0.6448250412940979 0.6434522867202759 -0.23986297845840454
-0.3253752887248993 0.9599400758743286 -0.05588534474372864
-0.14998947083950043 1.0088640451431274 -0.21125532686710358
-0.4731957018375397 0.2614297866821289 0.04559342935681343
-0.18843457102775574 0.853647768497467 -0.15143229067325592
-0.644460916519165 0.8835719227790833 -0.3369655907154083
-0.0314166434109211 0.39507487416267395 -0.11401435732841492
-0.28837692737579346 0.6634754538536072 0.003231782466173172
-0.15530718863010406 0.8874404430389404 0.21023136377334595
-0.4859580099582672 0.9530667662620544 -0.29060566425323486
-0.44252198934555054 -0.2411368489265442 0.07848013192415237
-0.53593909740448 0.31147462129592896 0.0017812218284234405
-0.46718117594718933 0.6055859923362732 -0.17383506894111633
-0.5804623961448669 0.6432221531867981 -0.29111436009407043
-0.09689771384000778 0.38945382833480835 -0.06893805414438248
-0.44212284684181213 0.6791077256202698 -0.1308697611093521
-0.6391271948814392 0.6808732748031616 -0.03196847438812256
-0.6748908162117004 0.3837412893772125 0.07350851595401764
-0.5550354719161987 0.304837167263031 -0.02700173296034336
-0.3775891661643982 0.49383074045181274 -0.12629063427448273
0.276834636926651 0.18510816991329193 -0.22996465861797333
-0.2990080714225769 0.893216609954834 0.011013224720954895
-0.24339981377124786 0.6392627358436584 0.011984996497631073
-0.3334178328514099 0.4867323338985443 -0.05848637968301773
-0.6418699026107788 0.6965185403823853 -0.06867420673370361
-0.7709240913391113 0.626044750213623 0.04320157691836357
-0.6643521189689636 0.8642847537994385 -0.1704457700252533
-0.4627209007740021 0.5151823163032532 -0.48668208718299866
-0.16442741453647614 0.24889302253723145 -0.07909347116947174
-0.46724382042884827 0.6598339676856995 -0.12877137959003448
-0.24690501391887665 0.6005600690841675 -0.06814394891262054
-0.2614322304725647 0.5826765894889832 -0.279633104801178
-0.1972559541463852 0.810978889465332 -0.012605292722582817
-0.4260554015636444 0.6750178337097168 0.48521775007247925
-0.3029899597167969 0.46411609649658203 0.07877703756093979
-0.605242133140564 0.8061919808387756 -0.1878686249256134
-0.2950516939163208 0.4107639193534851 -0.12720730900764465
-0.2500486969947815 0.5394167304039001 -0.10362018644809723
-0.46529215574264526 0.5136227607727051 -0.2541514039039612
-0.2745223939418793 0.8616057634353638 0.022660117596387863
-0.06143885850906372 0.653636634349823 -0.2064216583967209
0.1363406479358673 0.7697180509567261 0.3060913383960724
-0.2755834460258484 0.5147987008094788 -0.33334654569625854
-0.5263696908950806 0.8373801708221436 0.00016274210065603256
-0.42483893036842346 0.5823673605918884 -0.09236720949411392
-0.5232309699058533 0.6082842946052551 0.034262143075466156
-0.5195494294166565 0.5547654628753662 0.22597172856330872
-0.3958905339241028 0.7359104156494141 0.14966563880443573
-0.35686948895454407 0.6352596282958984 -0.413341760635376
-0.22183451056480408 0.6926370859146118 0.0026592486537992954
-0.39972931146621704 0.5104451775550842 0.45554232597351074
-0.609424889087677 1.0748084783554077 -0.10782921314239502
-0.16613948345184326 0.9044885039329529 0.09824894368648529
-0.5469934344291687 0.25649699568748474 -0.09342076629400253
-0.3220234513282776 0.7736237645149231 -0.32161375880241394
-0.1797901690006256 0.5722568035125732 0.010967180132865906
-0.5744659304618835 0.19040533900260925 0.03682757541537285
-0.41661879420280457 0.8320140838623047 -0.10949128121137619
-0.3583705723285675 0.5339796543121338 0.00905311293900013
-0.4912811815738678 0.631899893283844 -0.07497561722993851
-0.6357979774475098 0.6544499397277832 0.05273427441716194
-0.3849579095840454 0.39532193541526794 -0.36053502559661865
-0.5659882426261902 0.8752166032791138 0.10205162316560745
-0.6572843194007874 0.12219556421041489 -0.02159702032804489
-0.005424464587122202 0.7059247493743896 -0.24575985968112946
-0.4520244598388672 0.8166799545288086 -0.1477023810148239
-0.4169216752052307 0.6657734513282776 -0.17133496701717377
-0.7384791970252991 1.1542751789093018 0.24131952226161957
-0.38421380519866943 0.810981273651123 -0.012529360130429268
-0.42798301577568054 0.7136275768280029 -0.09770327806472778
-0.2741928696632385 0.5517292022705078 -0.12181489914655685
-0.28866609930992126 0.4824039340019226 -0.08002232015132904
-0.4876421391963959 0.8203076124191284 0.1792002022266388
-0.5713233947753906 -0.02200445719063282 0.2920437455177307
-0.7321570515632629 0.6412838101387024 0.07715427130460739
-0.5969274044036865 0.5082517862319946 -0.1362057477235794
-0.31571775674819946 0.732088565826416 -0.12708547711372375
-0.4415265917778015 0.3803785443305969 -0.14639005064964294
-0.25696730613708496 0.3382548391819 -0.10030744224786758
-0.4753788709640503 0.7176043391227722 -0.10299454629421234
-0.48137834668159485 0.6726962327957153 -0.07560607045888901
-0.5074968338012695 0.4768359959125519 0.03206788748502731
-0.346242219209671 0.8135131001472473 -0.055936116725206375
-0.3924298584461212 0.5528731942176819 -0.054225385189056396
-0.29251396656036377 0.22858569025993347 0.046042557805776596
-0.5270857214927673 0.585751473903656 -0.1670990288257599
-0.3806292414665222 0.4931168556213379 -0.2022796869277954
-0.30712834000587463 0.8191219568252563 -0.10762756317853928
-0.2738790512084961 0.3384966552257538 0.08054684847593307
-0.45523861050605774 0.6132264137268066 -0.1477627009153366
-0.3410971164703369 0.46893420815467834 -0.20154376327991486
-0.50188148021698 0.40057021379470825 -0.06537101417779922
-0.22084592282772064 0.6996399164199829 -0.16456244885921478
-0.3598995506763458 0.48185694217681885 -0.03320123255252838
-0.24784938991069794 0.8187100887298584 -0.06500981003046036
-0.34887751936912537 0.6007853150367737 0.22581139206886292
-0.5645349025726318 0.7061434984207153 -0.17727263271808624
-0.4471578001976013 0.6023398637771606 0.12591767311096191
-0.4162304401397705 0.701971709728241 0.03845047578215599
-0.3148323595523834 0.7630389928817749 0.12217893451452255
-0.17476987838745117 0.7489030361175537 0.17721302807331085
-0.3034088909626007 0.8757285475730896 0.10894863307476044
-0.4040163457393646 0.41633889079093933 -0.09509644657373428
-0.5497418642044067 0.5987405776977539 -0.11822351813316345
-0.5966346263885498 0.2965857684612274 0.05579833686351776
-0.5930646657943726 0.5946963429450989 -0.15434785187244415
-0.365704745054245 0.38124701380729675 0.12880343198776245
-0.09066899120807648 0.7621051073074341 -0.2967251241207123
-0.5784426331520081 0.8197369575500488 -0.22131776809692383
-0.6660470366477966 0.5450749397277832 0.05245950445532799
-0.2490224838256836 0.634066641330719 -0.16339951753616333
-0.347057580947876 0.6515551805496216 -0.13758857548236847
-0.5122510194778442 0.7432802319526672 -0.1792546957731247
-0.17152073979377747 0.5726231932640076 -0.136894091963768
-0.2920926511287689 0.5480570793151855 -0.21743783354759216
-0.6107333898544312 0.5169095993041992 0.10757868736982346
-0.6181128025054932 0.555934727191925 -0.01343831792473793
-0.43400466442108154 0.696963369846344 0.10623162239789963
-0.33483049273490906 0.5043178796768188 -0.29006049036979675
-0.7408687472343445 0.12123289704322815 0.1460513323545456
-0.6488901972770691 -0.24038442969322205 0.19300676882266998
-0.2517355978488922 0.4365062117576599 -0.21326109766960144
-0.31293851137161255 0.5054233074188232 -0.09642739593982697
-0.4214268922805786 0.8730748891830444 0.10896582901477814
-0.5074536800384521 0.8165977001190186 0.0017248319927603006
-0.3820692300796509 0.4011460840702057 -0.2692384719848633
-0.49299493432044983 0.5323018431663513 -0.04000917822122574
-0.29284557700157166 0.7126189470291138 -0.0055068740621209145
-0.3214567005634308 0.7302513718605042 0.0027551068924367428
-0.7509523034095764 0.10443130135536194 0.11639075726270676
-0.4046021103858948 0.5471141934394836 -0.17089049518108368
-0.8329505920410156 1.3813225030899048 0.013224828988313675
-0.2897705137729645 0.8946968913078308 0.14143966138362885
-0.36170852184295654 0.41508015990257263 -0.2541995942592621
-0.30036142468452454 0.23898673057556152 -0.06990878283977509
-0.5871569514274597 0.8147108554840088 -0.16660679876804352
-0.4779238998889923 0.571219801902771 -0.02425851672887802
-0.655792772769928 0.8903955817222595 0.002815483370795846
-0.5786575675010681 0.49231767654418945 0.010713856667280197
-0.31959739327430725 0.6112691760063171 -0.06746853142976761
-0.3164307177066803 0.7499340176582336 -0.14527712762355804
-0.4197187125682831 0.8038203716278076 -0.18562260270118713
-0.5563483834266663 0.5811683535575867 -0.1484043002128601
-0.7097465991973877 0.7344522476196289 0.29388585686683655
-0.693700909614563 0.742379367351532 -0.30551204085350037
-0.2836521565914154 0.8348744511604309 0.41437211632728577
-0.4749007523059845 0.8487592935562134 -0.20954109728336334
-0.10887680947780609 0.6329805254936218 -0.2513046860694885
-0.31472286581993103 0.6264408230781555 -0.12858814001083374
-0.765055239200592 0.8342493772506714 -0.0996856614947319
-0.42559102177619934 0.7274280786514282 -0.111237533390522
-0.34143704175949097 0.34454819560050964 -0.013722717761993408
-0.3355279862880707 0.6615135669708252 0.14552372694015503
-0.3033512234687805 0.42769673466682434 -0.41131243109703064
-0.41835349798202515 0.3736609220504761 0.02506430819630623
-0.20757146179676056 0.5682230591773987 -0.22860892117023468
-0.5279297828674316 -0.12166763842105865 0.16515497863292694
-0.47663843631744385 0.5984178781509399 -0.1103615090250969
-0.2681831121444702 0.377292275428772 0.1461171656847
-0.015248052775859833 0.7221280932426453 -0.0683090090751648
-0.4053305685520172 0.8328627347946167 0.022612188011407852
-0.47935259342193604 0.8267824053764343 -0.2125883400440216
-0.20677132904529572 0.8837247490882874 -0.3519144356250763
-0.5315852761268616 0.6240261197090149 -0.45875710248947144
-0.44463416934013367 0.27561160922050476 -0.14896813035011292
-0.4369114637374878 0.48218393325805664 -0.23868750035762787
-0.3726850748062134 0.7059975862503052 -0.19871045649051666
-0.42727482318878174 0.5629873275756836 -0.11802341043949127
-0.6183569431304932 0.5802523493766785 0.007310265675187111
-0.483107328414917 0.49821925163269043 0.027329832315444946
0.08054693788290024 0.6122064590454102 0.10912732779979706
-0.43226271867752075 0.3947930932044983 -0.08351153135299683
-0.11982226371765137 0.5464474558830261 -0.021107390522956848
-0.4826448857784271 0.5990231037139893 0.08704426139593124
-0.5394401550292969 0.4448390007019043 0.5319961905479431
-0.44264155626296997 0.2474457174539566 -0.04135682433843613
-0.5365652441978455 0.8503808379173279 -0.2724822461605072
-0.454994261264801 0.8523963093757629 -0.16998092830181122
-0.7446276545524597 0.7481322288513184 0.04872108995914459
0.07622464001178741 0.9823504090309143 0.5246723890304565
0.17042358219623566 0.7227420806884766 0.15414412319660187
-0.2376030683517456 0.6047337055206299 -0.33522942662239075
-0.30754607915878296 0.6144161224365234 -0.9179894924163818
-0.24293188750743866 0.8940957188606262 -0.2720261514186859
-0.6757097840309143 0.5503905415534973 -0.10559484362602234
-0.3564132750034332 0.6449382901191711 -0.05122216045856476
-0.5640168190002441 0.7517117857933044 -0.15924037992954254
-0.37610292434692383 0.23891296982765198 -0.09166457504034042
-0.4887382388114929 1.0303847789764404 0.015491316094994545
-0.4137741029262543 0.8652446269989014 -0.10980775207281113
-0.42035481333732605 -0.09528949856758118 0.39147067070007324
-0.41366714239120483 0.5496262907981873 -0.2033136636018753
-0.18779820203781128 0.8393377065658569 -0.15515990555286407
-0.5338684320449829 0.46221059560775757 0.2866802215576172
-0.5695685744285583 0.6516802310943604 -0.4092060923576355
-0.41442131996154785 0.5379132032394409 0.05226313695311546
-0.19796587526798248 0.609039306640625 -0.06955581158399582
-0.13947412371635437 0.2136247605085373 -0.34171217679977417
-0.7912636399269104 0.5177775621414185 -0.33002668619155884
-0.3584105968475342 0.15351592004299164 0.0003840945428237319
-0.4899318218231201 0.9489967226982117 -0.13038213551044464
-0.614930272102356 0.8555667400360107 0.12176943570375443
-0.5762583017349243 0.7580884099006653 -0.11503586173057556
-0.4463106393814087 0.6366832256317139 -0.27411919832229614
-0.36312904953956604 0.5427042245864868 -0.4820171594619751
-0.30233293771743774 0.6729957461357117 -0.18746905028820038
-0.47284454107284546 0.5471632480621338 0.015581253916025162
-0.6388077139854431 0.6283817887306213 -0.060593146830797195
-0.5085189342498779 0.7021030783653259 -0.06030428037047386
-0.247492253780365 0.5393879413604736 0.2725847661495209
-0.7081336975097656 0.6491273641586304 0.12327910959720612
0.023709462955594063 0.4427299499511719 -0.16726763546466827
-0.5543698668479919 0.1585739254951477 0.08158882707357407
-0.3024071156978607 0.49520668387413025 -0.3806833028793335
-0.3466107249259949 0.5848459005355835 -0.335844486951828
-0.6061269640922546 0.6016594171524048 0.11384252458810806
-0.35012441873550415 0.10713423043489456 -0.027607088908553123
-0.5900917053222656 0.08758539706468582 -0.09800424426794052
-0.2833598256111145 0.6331377029418945 -0.15344807505607605
-0.2519707977771759 0.6349461078643799 0.08222241699695587
-0.43150413036346436 0.7720409631729126 -0.10689875483512878
0.10568954795598984 0.7400611042976379 -0.09131233394145966
-0.35018065571784973 0.7216311693191528 -0.1696252077817917
-0.7376003861427307 0.5390574336051941 0.04708521068096161
-0.21642941236495972 0.47414201498031616 0.18262632191181183
-0.5852062702178955 0.5800472497940063 -0.23739390075206757
-0.6671345829963684 0.5689903497695923 -0.18116629123687744
-0.2754002511501312 -0.17397913336753845 0.05775466561317444
-0.2625279724597931 0.5546318888664246 0.27877116203308105
-0.7516492009162903 0.5047399401664734 0.08691278845071793
-0.587149441242218 0.45429545640945435 -0.13696107268333435
-0.39654937386512756 0.655812680721283 0.08679348230361938
-0.4236971437931061 0.6662724018096924 -0.03848957270383835
-0.5644990801811218 0.6509551405906677 0.17073911428451538
-0.06492341309785843 0.861016571521759 0.23312824964523315
-0.6607805490493774 0.5943301916122437 -0.24905472993850708
-0.41611164808273315 0.332231342792511 -0.06154428794980049
-0.7084020376205444 0.6413721442222595 -0.11031167209148407
-0.3093078136444092 0.5964898467063904 0.1289229542016983
-0.4387911558151245 0.49032360315322876 -0.020461969077587128
-0.738276481628418 0.6324383616447449 -0.07403258234262466
-0.5145451426506042 0.12170587480068207 -0.07496626675128937
-0.6434945464134216 0.6551087498664856 0.1851797103881836
-0.31242015957832336 0.5894746780395508 0.6095321774482727
-0.563273012638092 0.5954836010932922 -0.10486714541912079
-0.4136185348033905 0.17434543371200562 0.1330084353685379
-0.017405712977051735 0.18369105458259583 -0.11634472757577896
-0.47764134407043457 0.7241653800010681 -0.09017409384250641
-0.13909436762332916 0.6827352643013 0.15406087040901184
-0.6221418380737305 -0.3047600984573364 0.1661376804113388
-0.344916433095932 0.5630936622619629 -0.27968689799308777
-0.7345014810562134 0.6359454393386841 0.172578826546669
-0.3967553675174713 0.2619716227054596 -0.058853454887866974
-0.47255343198776245 0.7353663444519043 -0.3725023567676544
-0.40389010310173035 0.6361798644065857 -0.3795233368873596
-0.41893813014030457 0.6851588487625122 -0.3578766882419586
-0.07390336692333221 0.4549213945865631 -0.1864609718322754
-0.5348740220069885 0.7906700372695923 -0.07728444784879684
-0.6303401589393616 0.6984401345252991 0.09327901899814606
-0.5366775393486023 0.37003108859062195 0.06042005866765976
-0.48922595381736755 0.5748880505561829 -0.10239268094301224
-0.2828400433063507 0.8398883938789368 -0.30131852626800537
-0.13733744621276855 0.736170768737793 0.36594152450561523
-0.18077737092971802 0.8386263847351074 0.11594896018505096
-0.2791014611721039 0.6030421853065491 -0.19316016137599945
-0.5152580738067627 0.4223453104496002 0.07940982282161713
-0.24093174934387207 0.5510850548744202 -0.31475725769996643
0.02307470515370369 0.5581204295158386 -0.11815217137336731
-0.466459721326828 0.7373222708702087 -0.3588952124118805
-0.5153919458389282 0.7346203327178955 0.028357945382595062
-0.5000910758972168 0.6679673194885254 -0.32602089643478394
-0.33173903822898865 0.8380475044250488 0.41549089550971985
-0.4965745508670807 0.3961978256702423 -0.4299611449241638
-0.5060085654258728 0.9519234895706177 0.1571226716041565
-0.39910316467285156 0.8790152668952942 0.10856592655181885
-0.6621856093406677 0.5815434455871582 -0.22619453072547913
-0.1706838607788086 0.7694250345230103 0.36466479301452637
-0.44609883427619934 0.7021926641464233 -0.15100881457328796
-0.4778909981250763 0.4147964119911194 -0.17835146188735962
-0.44304049015045166 0.5819444060325623 -0.061282236129045486
-0.0059832613915205 0.5580393075942993 0.009086422622203827
0.0393054373562336 0.8787257075309753 -0.1537783443927765
-0.2751848101615906 0.510485053062439 -0.21256965398788452
-0.21933047473430634 0.45094966888427734 -0.11129026114940643
-0.3178189992904663 0.4136395752429962 -0.13909582793712616
-0.28719860315322876 0.8850687146186829 -0.027222296223044395
-0.4344838857650757 0.7555670142173767 -0.006321629974991083
-0.7281221747398376 0.5955410003662109 -0.21398204565048218
-0.5705088376998901 0.5391759872436523 -0.18550057709217072
-0.42241528630256653 0.7003880143165588 -0.18867741525173187
-0.7494155764579773 0.48575353622436523 -0.38730186223983765
-0.1938782036304474 0.08440615236759186 -0.06095930561423302
-0.6452639698982239 0.7360859513282776 -0.30629637837409973
-0.6582788825035095 0.20838218927383423 -0.14704567193984985
-0.7319871783256531 0.4193037748336792 -0.007060548756271601
-0.5792549848556519 0.5657358765602112 -0.10961355268955231
-0.38454940915107727 0.4484367072582245 -0.08210353553295135
-0.4395415484905243 0.5026158690452576 -0.20266123116016388
-0.03199193999171257 0.7072383165359497 0.397278755903244
-0.22957707941532135 0.7362448573112488 -0.20206627249717712
-0.39770975708961487 0.4986312687397003 -0.12907561659812927
-0.2945692539215088 0.5711520910263062 -0.4388316869735718
-0.4570821225643158 0.915522038936615 0.27873554825782776
-0.6087250113487244 0.520318329334259 0.10033904016017914
-0.5911505818367004 0.5766380429267883 -0.047820884734392166
-0.6433190107345581 -0.04917685315012932 0.17900350689888
-0.26512888073921204 0.7732946872711182 0.06456542760133743
-0.24649401009082794 0.6251115798950195 -0.22643719613552094
-0.6929904818534851 0.7054741382598877 -0.051783084869384766
-0.43411344289779663 0.5227458477020264 -0.07001646608114243
-0.12581682205200195 0.6444224715232849 -0.20045289397239685
-0.24108928442001343 0.5427582263946533 -0.1744922697544098
-0.45534220337867737 0.6644929051399231 -0.028711862862110138
-0.5175416469573975 0.8010872602462769 0.20572996139526367
-0.20011168718338013 0.8677086234092712 0.17440252006053925
-0.33896613121032715 0.5227010250091553 0.04888331890106201
-0.5822006464004517 0.39505916833877563 -0.1872771978378296
-0.38482865691185 0.46643200516700745 -0.07687035202980042
-0.43688836693763733 0.7843808531761169 0.11765941977500916
-0.39217981696128845 0.911628007888794 0.21255406737327576
-0.6085098385810852 1.0492178201675415 -0.2281285971403122
-0.5545825958251953 0.5351027846336365 0.05021313577890396
-0.09089335054159164 0.9392495155334473 -0.22572746872901917
-0.5491510033607483 0.4822680652141571 -0.13579094409942627
-0.5769282579421997 0.27956831455230713 -0.059104710817337036
-0.48476749658584595 0.46972090005874634 -0.02336573600769043
-0.38040080666542053 0.6984201669692993 0.143349751830101
-0.3907180428504944 0.44422927498817444 -0.05385354533791542
-0.030872512608766556 0.7139915227890015 0.3643064498901367
-0.33901718258857727 0.17561744153499603 -0.04087084159255028
-0.3011830151081085 0.4468778967857361 -0.15382082760334015
-0.5605257749557495 0.5054352283477783 0.07574651390314102
-0.5519518852233887 0.8627188801765442 0.18981873989105225
-0.5301401615142822 0.731985330581665 0.029368560761213303
-0.5380683541297913 0.5640381574630737 0.020364034920930862
-0.5290053486824036 0.20773108303546906 -0.3036046624183655
-0.3656277656555176 0.5531827807426453 -0.14116758108139038
-0.27703410387039185 0.33172595500946045 -0.22688709199428558
-0.6896830201148987 0.47466543316841125 0.09509413689374924
-0.4914838969707489 0.4813929796218872 -0.11680852621793747
-0.4524596333503723 0.8186851143836975 -0.27288731932640076
-0.2531820237636566 0.783361554145813 -0.2647177278995514
-0.5590522289276123 0.8483712077140808 -0.07391709834337234
-0.3970825672149658 0.6890926361083984 -0.1769750416278839
-0.50127112865448 -0.18461495637893677 0.10281289368867874
-0.14741122722625732 0.4330894351005554 0.07334350049495697
-0.03785772621631622 0.6601623892784119 -0.23576857149600983
-0.5967020988464355 0.5044354200363159 -0.14304569363594055
-0.6212607622146606 0.5839999318122864 -0.23135510087013245
-0.44626960158348083 0.6709860563278198 -0.2482289969921112
-0.3103236258029938 0.592693030834198 -0.10492640733718872
-0.38429582118988037 0.5767511129379272 0.018359679728746414
-0.5559651255607605 0.8694272041320801 -0.16441993415355682
-0.20095033943653107 0.7590770125389099 -0.2538023889064789
-0.529279887676239 0.9112525582313538 -0.11575091630220413
-0.42358264327049255 0.5831624269485474 -0.1793062835931778
-0.4007040560245514 0.7513874769210815 -0.10815984755754471
-0.3511785864830017 0.6985085010528564 -0.023530391976237297
-0.199602872133255 0.5661776065826416 -0.34048932790756226
0.04577312991023064 0.5745455622673035 -0.08343387395143509
-0.3043067455291748 0.39310985803604126 -0.19443562626838684
-0.3950575590133667 0.7999042272567749 -0.0829182118177414
-0.4861413240432739 0.30128154158592224 -0.4350058436393738
0.2940329611301422 0.8203083872795105 0.08177942037582397
-0.31580212712287903 0.25774383544921875 0.41635772585868835
-0.361794650554657 0.6259011626243591 -0.21021343767642975
-0.49272602796554565 0.6887338161468506 0.041608914732933044
-0.41114872694015503 0.5199874043464661 -0.04719400405883789
-0.42068928480148315 0.6172702312469482 0.505212128162384
-0.12912723422050476 0.6265957355499268 0.0011240222956985235
-0.5264363884925842 0.10991127789020538 -0.2569965124130249
-0.3665615916252136 0.6981576681137085 -0.1855497658252716
0.07899146527051926 0.7251942753791809 -0.18551085889339447
-0.37046757340431213 0.14559023082256317 0.011910464614629745
0.02943608909845352 0.7168042659759521 -0.3395254611968994
-0.2696729600429535 0.13206426799297333 -0.18906432390213013
-0.5482432842254639 0.7481723427772522 -0.0961245447397232
-0.07420355081558228 0.1493576467037201 -0.12926150858402252
-0.5913714170455933 0.6711798310279846 -0.047476764768362045
-0.38732078671455383 0.5495212078094482 -0.04871343448758125
-0.2949295938014984 0.7111977934837341 0.012840287759900093
-0.38353410363197327 0.5690135359764099 -0.21021343767642975
-0.6804502010345459 0.4030865430831909 0.034162748605012894
-0.40022698044776917 0.8451435565948486 -0.08222129940986633
-0.011054547503590584 0.6852151155471802 -0.30413949489593506
-0.3653179705142975 0.4961237609386444 -0.11357484012842178
-0.6772215366363525 0.32778817415237427 -0.013721877709031105
-0.6018871665000916 0.6329322457313538 0.148772194981575
-0.5448376536369324 1.1136116981506348 -0.2481679916381836
-0.7677346467971802 0.905798614025116 0.15982238948345184
-0.34481725096702576 0.625640869140625 -0.09490102529525757
-0.4628726840019226 0.6926765441894531 0.17487071454524994
-0.3347718119621277 0.47510257363319397 -0.04749118536710739
-0.40764278173446655 0.8277131915092468 0.20072178542613983
-0.29066959023475647 0.8703401684761047 0.27554139494895935
-0.3894089162349701 0.6124293804168701 -0.2260671705007553
-0.43146610260009766 1.0038079023361206 -0.42047980427742004
-0.3947533071041107 0.4299852252006531 -0.2739623188972473
-0.4659629166126251 0.371843159198761 -0.12536340951919556
-0.4885560870170593 0.45550352334976196 0.05458402261137962
-0.5272432565689087 0.09681219607591629 -0.3370835781097412
-0.21219074726104736 0.889508068561554 -0.43298593163490295
-0.43109798431396484 0.8522034883499146 0.123540960252285
-0.47617456316947937 0.6358740925788879 -0.09974563866853714
-0.6393868327140808 0.24509237706661224 0.03793378174304962
-0.6972938179969788 0.5741392970085144 0.16723470389842987
-0.3974788784980774 0.6381715536117554 -0.36952269077301025
-0.6727342009544373 0.6383169889450073 -0.03169278800487518
-0.5839612483978271 0.7144071459770203 -0.0031302408315241337
-0.6424526572227478 0.8318162560462952 0.12229901552200317
-0.5465582013130188 0.6081944704055786 -0.2599104940891266
-0.19996775686740875 0.23617476224899292 0.011874129995703697
-0.2986180782318115 0.3955419957637787 -0.1849091351032257
-0.4985401928424835 0.5034065842628479 -0.03014046885073185
-0.4084046483039856 0.6555719971656799 -0.07472825050354004
-0.4062018394470215 0.7495343089103699 0.1043425053358078
-0.2881781756877899 0.5193365216255188 -0.037924159318208694
-0.2698463797569275 0.515041708946228 0.03932608664035797
-0.5617457032203674 0.37999579310417175 0.08965006470680237
0.13072197139263153 0.8850257992744446 -0.34515535831451416
-0.43162140250205994 0.6348504424095154 -0.21487538516521454
-0.6078655123710632 0.23187680542469025 -0.1968197524547577
-0.34998825192451477 0.4605027139186859 -0.05830911919474602
-0.6542166471481323 1.0340055227279663 -0.26062488555908203
-0.6328824162483215 0.9017571210861206 -0.03096129558980465
-0.4826149344444275 0.7629609107971191 -0.10204301029443741
-0.29277580976486206 0.6504880785942078 -0.17124037444591522
-0.2747824490070343 0.5154055953025818 -0.20099866390228271
-0.4063808023929596 0.7025582790374756 0.5504536628723145
-0.6132879257202148 0.7883702516555786 -0.14040659368038177
-0.4759739637374878 0.4183860719203949 -0.09064075350761414
-0.44811761379241943 0.6128197908401489 0.2747896611690521
-0.37861889600753784 0.2571592628955841 -0.0763946920633316
-0.4799615442752838 0.4883068799972534 -0.05194631963968277
-0.4420287013053894 0.980740487575531 0.012567505240440369
-0.40997380018234253 0.5716075897216797 -0.10860511660575867
-0.36938580870628357 0.20140492916107178 -0.020757410675287247
-0.7461102604866028 0.5201141238212585 0.08196306228637695
0.42943689227104187 0.9078184366226196 -0.06695514172315598
-0.3110884428024292 0.5383415818214417 -0.22381050884723663
-0.15054567158222198 0.7471327185630798 0.24352101981639862
-0.3962571620941162 0.6583035588264465 -0.13669544458389282
-0.5126147270202637 0.7451745271682739 0.09400678426027298
-0.26935335993766785 0.7174379825592041 -0.3178722858428955
-0.49498578906059265 0.47061043977737427 -0.16531974077224731
-0.3842412829399109 0.7558479309082031 -0.11135883629322052
-0.4854143559932709 0.45923271775245667 -0.2954156994819641
-0.6100809574127197 0.45787402987480164 0.2144482135772705
-0.14443247020244598 0.386470228433609 -0.16039791703224182
-0.43482646346092224 0.380791038274765 -0.6083414554595947
-0.20479674637317657 0.13894040882587433 -0.028718484565615654
-0.3615165054798126 0.606066882610321 -0.16020195186138153
-0.5549722909927368 0.7623347640037537 -0.22935280203819275
-0.47345873713493347 0.8731458187103271 0.009733567014336586
-0.06723261624574661 0.8308294415473938 0.015345502644777298
-0.4829704463481903 0.6474760174751282 0.4084552228450775
-0.3498651087284088 0.5817175507545471 -0.23347139358520508
-0.42472103238105774 0.5194207429885864 0.0953768789768219
-0.694379448890686 0.6797916293144226 0.1605687439441681
0.024371065199375153 0.7964273691177368 -0.21825213730335236
-0.5277087092399597 0.6352395415306091 -0.1494077742099762
-0.23961128294467926 0.6495832800865173 -0.14245463907718658
-0.29862236976623535 0.14492152631282806 0.31330493092536926
-0.36580803990364075 0.2609950304031372 0.07123567909002304
-0.25407782196998596 0.837360680103302 -0.30274730920791626
-0.17814353108406067 0.36964550614356995 -0.0878131315112114
-0.5000318288803101 0.7622777223587036 0.0029733232222497463
-0.46926602721214294 0.4469132423400879 -0.7835580706596375
-0.5843432545661926 0.5525252819061279 0.07684489339590073
-0.40839239954948425 0.7652736902236938 -0.202109232544899
-0.6107081174850464 0.7161592245101929 0.03149895742535591
-0.3179580569267273 0.6056646108627319 0.10553349554538727
-0.3158293068408966 0.32322603464126587 -0.15470285713672638
-0.5494738221168518 0.6468048691749573 -0.24969151616096497
-0.27443817257881165 0.21633294224739075 -0.053241580724716187
-0.4360685348510742 0.5041602849960327 -0.13118427991867065
-0.4762624204158783 0.5693041682243347 -0.14835749566555023
-0.43323636054992676 0.8454322218894958 0.02307233400642872
-0.5936780571937561 0.9089851975440979 -0.10999403148889542
-0.30109480023384094 0.7381470203399658 0.07663210481405258
-0.5078630447387695 0.7688056230545044 0.06634005904197693
-0.42468708753585815 0.6413694620132446 -0.2880419194698334
-0.43471336364746094 0.4789590537548065 0.13994745910167694
-0.33793342113494873 0.7386250495910645 -0.1625784933567047
-0.7113514542579651 0.19804181158542633 0.08801033347845078
-0.4767289459705353 0.40561285614967346 -0.09305299818515778
-0.48743805289268494 0.9156736135482788 -0.25330686569213867
-0.4973057210445404 0.7912043929100037 -0.009692376479506493
-0.045505523681640625 0.9339728355407715 -0.2008175253868103
-0.6765443086624146 0.5871830582618713 0.00996633991599083
-0.44074127078056335 0.6330372095108032 -0.10913776606321335
-0.14956451952457428 0.7809913158416748 -0.5552109479904175
-0.23601596057415009 0.47992029786109924 -0.2028322070837021
-0.4399849772453308 0.7001962661743164 -0.20097742974758148
-0.7192928791046143 0.6963285207748413 0.02324005216360092
-0.6078675389289856 0.6597057580947876 0.31709322333335876
0.06853394955396652 0.599368691444397 -0.2707051634788513
-0.47957363724708557 0.5232856869697571 -0.07475442439317703
-0.5995725393295288 0.566704511642456 0.059662651270627975
-0.14477723836898804 1.051919937133789 0.40199729800224304
-0.21142680943012238 0.7775012254714966 0.2675919830799103
-0.55549156665802 0.8156988620758057 -0.1788017898797989
-0.48503440618515015 0.6009915471076965 0.1853068470954895
-0.44674012064933777 0.6466279029846191 -0.16911861300468445
-0.07941137254238129 0.41852131485939026 -0.41267129778862
0.1191948875784874 0.6342624425888062 0.028952009975910187
-0.38178548216819763 0.6477237939834595 -0.11845400184392929
-0.14002230763435364 0.33072414994239807 -0.09393535554409027
-0.4582507312297821 0.5148503184318542 0.06464355438947678
-0.45333757996559143 0.6033408641815186 -0.0747358500957489
-0.41318631172180176 0.5904309153556824 0.08872559666633606
-0.1598743349313736 0.9273061156272888 -0.030018767341971397
-0.6090831160545349 0.6764494180679321 0.05637893080711365
-0.25564077496528625 0.7743310332298279 -0.412833571434021
-0.3442988395690918 0.5423280596733093 -0.15985983610153198
-0.49234089255332947 0.32816267013549805 -0.11082538217306137
-0.003042073454707861 0.5555553436279297 -0.1244560107588768
-0.4390449523925781 0.44860443472862244 -0.07210467755794525
-0.45099306106567383 0.524423360824585 -0.046411097049713135
-0.5928182601928711 0.3359770178794861 0.018752846866846085
-0.4023866355419159 0.49258750677108765 0.025079995393753052
-0.1319977343082428 0.5992135405540466 -0.18272428214550018
-0.6067478060722351 0.5859935879707336 0.06089691072702408
-0.24661022424697876 0.6407124400138855 -0.10079886019229889
-0.4898950159549713 0.770767092704773 -0.13277298212051392
-0.34517452120780945 0.5868971943855286 -0.07442957907915115
-0.45039841532707214 0.6869013905525208 -0.14122790098190308
-0.5255856513977051 0.7473075985908508 -0.38317185640335083
-0.4554620683193207 0.5111331939697266 -0.12374217063188553
-0.5179236531257629 0.8389565944671631 0.06828367710113525
-0.5248012542724609 0.6807094812393188 -0.19096149504184723
-0.4891546368598938 0.6105427742004395 -0.15344052016735077
-0.15054813027381897 0.4660104513168335 -0.26559823751449585
-0.4305056631565094 0.5956727862358093 0.2527099549770355
-0.26870378851890564 0.6685857772827148 -0.12466060370206833
-0.609929084777832 0.49213743209838867 -0.03796450048685074
-0.6292955279350281 0.6075446009635925 0.002073555486276746
-0.5321491360664368 0.6741417050361633 -0.2144361436367035
-0.27986210584640503 0.6422214508056641 -0.4316563904285431
-0.4271993041038513 0.37084251642227173 -0.1853969544172287
-0.677080512046814 0.5329981446266174 -0.05150427669286728
-0.3628310263156891 0.5387657880783081 0.0013184886192902923
-0.6665787696838379 0.5130884051322937 0.10388442128896713
-0.3611774742603302 0.6554500460624695 -0.09767735004425049
-0.3195432722568512 0.16617673635482788 0.044447921216487885
-0.5837623476982117 0.7852084636688232 -0.18986332416534424
-0.4718853235244751 0.5559040307998657 -0.16356337070465088
-0.536319375038147 0.2754209339618683 -0.02162831276655197
-0.4505147337913513 0.4235849976539612 -0.18344628810882568
-0.5688701272010803 0.8454286456108093 -0.31750214099884033
-0.16834203898906708 0.6082795262336731 -0.19541099667549133
-0.506931483745575 0.786777675151825 0.13065102696418762
-0.5506539940834045 0.6437432169914246 0.140814408659935
-0.5873551368713379 0.5500425100326538 0.0418025366961956
-0.363044410943985 0.5984162092208862 -0.21589666604995728
-0.4868209660053253 0.5112981796264648 -0.09255965054035187
-0.75187087059021 0.9613198041915894 -0.17659109830856323
-0.04952790215611458 0.6433045864105225 -0.2960224747657776
-0.575153648853302 0.6809954047203064 -0.1703929305076599
-0.5356800556182861 0.7899508476257324 -0.6378942131996155
0.24145297706127167 0.8608071208000183 -0.21384254097938538
-0.37387093901634216 0.6394756436347961 -0.16267915070056915
-0.7130864262580872 0.5454629063606262 -0.020049871876835823
-0.4836125373840332 0.6156318783760071 0.007446169387549162
-0.34512555599212646 0.6639163494110107 -0.23333226144313812
-0.39792945981025696 0.22247152030467987 0.07914887368679047
-0.4556739330291748 0.5766547918319702 -0.10187609493732452
0.1119765043258667 0.4718005359172821 -0.02631666511297226
-0.2842808961868286 0.6543463468551636 -0.16718745231628418
-0.5311163067817688 0.7801655530929565 -0.028532344847917557
-0.011112092062830925 0.23368272185325623 -0.07382380962371826
-0.31883150339126587 0.5781057476997375 -0.15710198879241943
-0.1614871472120285 0.624016523361206 -0.2464965581893921
-0.42709746956825256 0.44636061787605286 -0.40084928274154663
-0.2707047164440155 0.5569263100624084 -0.19696252048015594
-0.6530539393424988 0.6369664072990417 -0.09891754388809204
-0.625141978263855 0.22611472010612488 -0.20553573966026306
-0.1564870923757553 0.47904038429260254 -0.2046540528535843
-0.5952823758125305 0.485817551612854 0.05745259299874306
-0.311745285987854 0.04943989962339401 0.3758485019207001
-0.4243023991584778 0.6632571816444397 -0.02575577422976494
-0.5548490881919861 0.4694047272205353 0.2756357491016388
-0.0914715826511383 0.4830910861492157 -0.20049861073493958
-0.5054260492324829 0.6460164785385132 -0.09914848208427429
-0.3096120357513428 0.6495335698127747 -0.16760340332984924
-0.22511689364910126 0.5954389572143555 -0.05023159459233284
-0.5563490986824036 0.5044211149215698 -0.058839067816734314
-0.40509459376335144 0.34887823462486267 -0.013312401250004768
-0.49848365783691406 0.45467451214790344 -0.4641658365726471
-0.27271440625190735 0.31736060976982117 -0.024505523964762688
-0.2506587505340576 0.5477921366691589 -0.016293218359351158
-0.7047178149223328 0.6533337831497192 -0.3293437659740448
-0.07113402336835861 0.6786985993385315 0.14441516995429993
-0.597667932510376 0.7035360336303711 -0.025821367278695107
-0.37914368510246277 0.7287483811378479 -0.24386641383171082
-0.5135429501533508 0.5942151546478271 -0.15781748294830322
-0.49813947081565857 0.8522059917449951 -0.15212292969226837
-0.6057451963424683 0.5140312314033508 -0.013810230419039726
0.10270482301712036 0.7348333597183228 -0.2030603289604187
-0.2415747046470642 0.8920174241065979 -0.3058718144893646
-0.3714161217212677 0.5659891366958618 -0.0642717033624649
-0.657351016998291 0.5784027576446533 0.2143428474664688
-0.19209614396095276 0.543668270111084 -0.1444479078054428
-0.4826362431049347 0.6330625414848328 -0.07452267408370972
-0.6372432112693787 0.8913614749908447 0.06883125007152557
-0.2678206264972687 0.9162498712539673 0.20826882123947144
-0.6205585598945618 0.6008495688438416 0.01350008137524128
-0.2684917449951172 0.5123586654663086 0.12551388144493103
-0.40941479802131653 0.42856845259666443 -0.016527464613318443
-0.2773512899875641 0.5049653649330139 -0.0785822942852974
-0.3458886742591858 0.6453219652175903 -0.0272555910050869
-0.47883981466293335 0.5933126211166382 -0.23475684225559235
-0.18236657977104187 0.6283802390098572 0.17148424685001373
-0.31881430745124817 0.2738180458545685 -0.06271237134933472
-0.655178427696228 0.6954460144042969 -0.26126188039779663
-0.6498054265975952 0.7949122786521912 -0.19936437904834747
-0.40070825815200806 0.589022696018219 0.04608127474784851
-0.4499838650226593 0.5465306043624878 0.09261269122362137
-0.7595542669296265 0.640253484249115 0.1894112080335617
-0.3602769374847412 0.7437493801116943 -0.17067423462867737
-0.5433164238929749 0.7889533638954163 0.07772625982761383
-0.28614476323127747 0.6539052724838257 0.036103636026382446
-0.4657383859157562 0.6408705115318298 -0.012622794136404991
-0.5451517105102539 0.6597714424133301 0.08930863440036774
-0.4522189795970917 0.8142656683921814 0.25705772638320923
-0.4783819913864136 0.44975677132606506 -0.07791795581579208
-0.4321291446685791 0.5008710026741028 0.09228090196847916
-0.4229082763195038 0.5442025065422058 -0.10158221423625946
-0.23386910557746887 0.8569451570510864 -0.22575603425502777
-0.13584187626838684 0.5052409172058105 -0.03457123786211014
-0.5222158432006836 0.5447883009910583 -0.120299331843853
-0.4439859390258789 0.8195367455482483 0.484409898519516
-0.34140342473983765 0.7269787192344666 -0.10631649196147919
-0.46316075325012207 0.6371743083000183 -0.07624129205942154
-0.682957112789154 0.4600355327129364 0.021538278087973595
-0.624221920967102 0.5981471538543701 -0.24089033901691437
-0.6073352694511414 0.5638650059700012 -0.06912316381931305
-0.5133328437805176 0.6285258531570435 -0.23007260262966156
-0.6128036379814148 0.5471627712249756 -0.04845275357365608
-0.536073625087738 0.510197103023529 -0.21387870609760284
-0.22052127122879028 0.20110663771629333 0.05459794029593468
-0.3478798270225525 0.5614451766014099 -0.424189031124115
-0.3606305420398712 0.9420996308326721 0.1374942660331726
-0.22188524901866913 0.522273063659668 -0.2046983242034912
0.48871374130249023 0.6599322557449341 0.31309548020362854
-0.24211496114730835 0.6329923868179321 -0.31762588024139404
-0.6301059126853943 -0.16118460893630981 0.17398987710475922
-0.47441813349723816 0.888653039932251 0.022253522649407387
-0.5466786026954651 0.779870867729187 -0.15169517695903778
-0.5226739048957825 0.6224713921546936 0.502670407295227
-0.568943202495575 0.8192492723464966 0.10249914228916168
-0.48156630992889404 0.7880561351776123 -0.1726398468017578
0.06971795111894608 0.775708794593811 0.01667836681008339
-0.5116896033287048 0.527228057384491 0.10831969976425171
-0.5389955639839172 0.32680150866508484 0.059545259922742844
-0.14652355015277863 0.36830922961235046 -0.13240398466587067
-0.08754934370517731 0.8143569827079773 0.20800738036632538
-0.2885221838951111 0.4658680558204651 -0.18431353569030762
-0.4665175676345825 0.7780612707138062 0.09840216487646103
-0.44328394532203674 0.16606903076171875 -0.1845645308494568
-0.22221843898296356 0.6387150883674622 0.15345773100852966
-0.534423828125 0.34140482544898987 -0.060863714665174484
-0.6798485517501831 0.19325485825538635 -0.02455628290772438
-0.4864698052406311 0.2618117332458496 -0.27281802892684937
-0.7465606331825256 0.858439564704895 -0.14045599102973938
-0.551971435546875 0.953498899936676 -0.15583071112632751
-0.5752356648445129 0.8343313932418823 0.056833431124687195
-0.45087480545043945 0.6542379260063171 0.10779033601284027
-0.4517723023891449 0.5418391823768616 -0.13609373569488525
-0.5647099018096924 0.7738021612167358 0.09166412800550461
-0.05166199430823326 0.6786895394325256 -0.35370364785194397
-0.3493509292602539 0.9603028297424316 -0.5227739214897156
-0.19480201601982117 0.7786534428596497 -0.6791920065879822
0.5477500557899475 0.4714145064353943 -0.2683505713939667
-0.3041202425956726 0.5876868963241577 -0.11358395218849182
-0.38317540287971497 0.5848599076271057 -0.04691575840115547
-0.37054648995399475 0.15095984935760498 0.20659205317497253
-0.4066894054412842 0.8472681045532227 -0.20977269113063812
-0.5407038927078247 -0.10461340099573135 0.13707880675792694
-0.6163629293441772 0.4945727586746216 -0.11964620649814606
-0.42085549235343933 0.3843836486339569 -0.2883327901363373
-0.13529163599014282 0.5414814352989197 -0.1415504664182663
-0.6317839026451111 0.6294367909431458 0.24751535058021545
-0.22446118295192719 0.36351534724235535 -0.06103197857737541
-0.6443735361099243 0.47190430760383606 -0.16177795827388763
-0.28131532669067383 0.5049024820327759 -0.23273195326328278
-0.4474138617515564 0.5481997728347778 -0.023298440501093864
-0.37096312642097473 0.8096783757209778 0.21927455067634583
-0.24594390392303467 0.5998982787132263 0.027726715430617332
-0.47271057963371277 0.47499603033065796 -0.21559982001781464
-0.6090127229690552 0.5576881766319275 -0.15273505449295044
-0.18337976932525635 0.542546808719635 -0.1587141901254654
-0.33820387721061707 0.8790797591209412 -0.19035851955413818
-0.5302297472953796 0.8357704877853394 -0.10541503131389618
0.13740848004817963 0.6312741041183472 0.4861139953136444
-0.029297126457095146 0.4464297890663147 0.007573429960757494
-0.06454688310623169 0.5115313529968262 -0.2093486189842224
-0.4163842797279358 0.7630225419998169 0.010333746671676636
-0.6905708909034729 0.5944128632545471 -0.12903562188148499
-0.3912316858768463 0.5633196830749512 -0.1376737803220749
-0.4085136651992798 0.6761236786842346 0.10827679932117462
0.00506198313087225 0.8151464462280273 0.3233049809932709
-0.5721588730812073 0.8508858680725098 0.01685330457985401
-0.5338653922080994 0.7466511130332947 0.01550290361046791
-0.41368043422698975 0.6746345162391663 -0.16966208815574646
-0.14234434068202972 0.19337405264377594 -0.18268051743507385
-0.3034413456916809 0.6116474866867065 -0.15775799751281738
-0.2882998287677765 0.4711877703666687 -0.06033571437001228
-0.7711240649223328 0.6852478384971619 0.09667118638753891
-0.4764502942562103 0.651561439037323 0.03133761137723923
-0.5552158951759338 0.49071377515792847 -0.047421205788850784
-0.648921012878418 0.7452552318572998 -0.6544672250747681
-0.20801152288913727 0.24455317854881287 -0.2180425077676773
-0.17029523849487305 0.8204518556594849 0.31792622804641724
-0.423808753490448 0.8226433992385864 0.28861555457115173
-0.3448221683502197 0.7125001549720764 0.11268798261880875
-0.5727753043174744 0.7578477263450623 0.13632595539093018
-0.5572788715362549 0.5890212655067444 0.11556205153465271
-0.13102424144744873 0.6529437899589539 0.06601621955633163
-0.5110577344894409 0.7393057346343994 -0.19932043552398682
-0.5738270878791809 0.49006831645965576 -0.08213576674461365
0.15568329393863678 0.4979400634765625 -0.3436899483203888
-0.42690587043762207 0.4351133704185486 -0.014391139149665833
-0.5580507516860962 0.6271078586578369 -0.18076500296592712
-0.4019474685192108 0.6481531262397766 -0.1821058690547943
-0.16095897555351257 0.3663918673992157 -0.00819598138332367
-0.33396095037460327 0.590542197227478 0.3054050803184509
-0.5805662870407104 -0.10081987828016281 0.00717851473018527
-0.27759259939193726 0.39620447158813477 -0.021014900878071785
-0.2972104251384735 0.6691939234733582 -0.19390539824962616
-0.49654898047447205 0.7950276136398315 -0.19358614087104797
-0.1693430095911026 0.6097908616065979 -0.3138542175292969
-0.40384677052497864 0.6472129225730896 -0.17447002232074738
-0.1525634080171585 0.5323604345321655 0.04430089890956879
-0.42816469073295593 0.5267052054405212 0.3712664544582367
-0.5448750853538513 0.66414874792099 0.13021188974380493
-0.1736537218093872 0.79902184009552 -0.16576410830020905
-0.4169304668903351 0.29418104887008667 -0.1318833827972412
-0.5725967884063721 0.6144282221794128 -0.11431266367435455
0.05095738545060158 0.9337274432182312 -0.17657509446144104
-0.5937054753303528 0.874245285987854 -0.0738803893327713
-0.5417759418487549 0.7319841980934143 0.00822959654033184
-0.3400160074234009 0.7187551259994507 -0.20229125022888184
-0.10750272870063782 0.5717364549636841 -0.27358970046043396
-0.5847200751304626 0.7439410090446472 -0.7575043439865112
-0.27055662870407104 0.6825163960456848 -0.07590388506650925
-0.19283638894557953 0.07150547951459885 -0.016591329127550125
-0.3902895748615265 0.5620110630989075 0.036825064569711685
-0.6197327971458435 0.6856135129928589 -0.1708143800497055
-0.19082346558570862 0.43960919976234436 -0.2516668140888214
-0.6761534810066223 0.8528046607971191 0.06409486383199692
-0.7500088810920715 0.6937099099159241 0.16422796249389648
-0.34010666608810425 0.41871464252471924 -0.1241375282406807
-0.32312557101249695 0.7726994752883911 0.57220858335495
-0.4823659360408783 0.5728603005409241 -0.08832283318042755
-0.3479959964752197 0.28794509172439575 -0.32919245958328247
-0.4593008756637573 0.7217650413513184 -0.1784650683403015
-0.398538738489151 0.7791683673858643 -0.0423276461660862
-0.4267987906932831 0.007484925910830498 -0.049920327961444855
-0.5181211829185486 0.915341854095459 0.04574012756347656
-0.4095344543457031 0.39903274178504944 -0.08566209673881531
-0.3165985941886902 0.7766175270080566 0.007023505866527557
-0.7150041460990906 0.6681613922119141 0.1293569803237915
-0.5812665820121765 0.5567291975021362 -0.14345012605190277
-0.7117621302604675 1.3521865606307983 -0.2985150218009949
-0.271227091550827 0.5483989119529724 -0.1381734013557434
-0.05561370402574539 0.8793802261352539 0.09937581419944763
-0.4939354956150055 0.46778950095176697 0.1540098637342453
-0.5047388076782227 0.8327872157096863 0.06155845522880554
-0.36216554045677185 0.5775547027587891 0.005035028792917728
-0.31638196110725403 0.923812985420227 -0.11389526724815369
-0.4428694546222687 0.6309033632278442 0.036284055560827255
-0.7379032969474792 0.8954430818557739 0.4137659966945648
-0.5898559093475342 0.6063573956489563 -0.1115887463092804
-0.6206818222999573 0.20585067570209503 -0.13258236646652222
-0.5112118721008301 0.5370689034461975 -0.14830109477043152
-0.4966390132904053 0.4996526837348938 -0.013444382697343826
-0.5659312605857849 0.4090319275856018 0.011534078046679497
-0.6757290959358215 0.49047333002090454 -0.5253502726554871
-0.39516428112983704 0.7015803456306458 -0.04223787039518356
-0.3441627323627472 0.5578300356864929 0.15475349128246307
-0.4537732005119324 0.4721589982509613 0.0837327241897583
-0.3915751874446869 0.600456178188324 -0.35566362738609314
-0.2771480083465576 0.9920742511749268 0.23329351842403412
-0.6716534495353699 0.49774429202079773 -0.04783913865685463
-0.07147719711065292 0.621520459651947 -0.39470434188842773
-0.5570554137229919 0.5542135238647461 -0.32025519013404846
0.08546050637960434 0.5563132166862488 0.2796270549297333
0.048937320709228516 0.7060347199440002 -0.38724082708358765
-0.5981484055519104 0.6261357069015503 -0.14051277935504913
0.17567861080169678 0.4843171536922455 -0.3174232840538025
-0.4262160658836365 0.884011447429657 -0.01831471174955368
-0.30932527780532837 0.507637619972229 -0.057179179042577744
-0.6284770369529724 0.2351101040840149 0.1397760957479477
-0.6108260154724121 0.903541624546051 -0.07021870464086533
-0.21972201764583588 0.9025893807411194 -0.13701725006103516
-0.3111814856529236 0.6394410133361816 0.18788014352321625
-0.5716086030006409 0.7270770072937012 -0.09233517944812775
-0.4582788646221161 0.7164492011070251 0.09889683872461319
-0.4249217212200165 0.423305869102478 -0.05461430177092552
-0.4685661196708679 0.6048014760017395 -0.06442731618881226
-0.38539019227027893 0.3152799904346466 -0.05425584316253662
-0.47062966227531433 0.626144289970398 -0.2390221506357193
0.062416285276412964 0.47965189814567566 -0.38113075494766235
-0.42713868618011475 0.5617481470108032 -0.04474542289972305
-0.732883095741272 0.6232662200927734 0.09920789301395416
-0.35177844762802124 0.6385447382926941 0.04681140556931496
-0.3753661513328552 0.735231339931488 -0.09951682388782501
-0.5441070199012756 0.29436856508255005 -0.02239188365638256
-0.4011043608188629 0.7891809940338135 -0.5692854523658752
-0.4720340669155121 0.9540082812309265 0.6843171119689941
-0.4576180577278137 -0.04442403092980385 -0.194977805018425
-0.2560785114765167 0.5421881675720215 -0.09942055493593216
0.14539188146591187 0.7215443253517151 -0.2388257533311844
-0.40092530846595764 0.533588171005249 -0.08420460671186447
0.3301793336868286 0.6262774467468262 -0.20088894665241241
-0.6073588132858276 0.8306612968444824 -0.17658273875713348
-0.356242299079895 0.6025390028953552 -0.11183629184961319
-0.1728808879852295 0.7725110650062561 0.3148082494735718
-0.4548236131668091 0.6890209317207336 0.2821525037288666
-0.30878907442092896 0.5548823475837708 -0.1358392834663391
-0.3020283281803131 0.6795991063117981 0.13045735657215118
-0.1943369358778 0.7331833243370056 -0.07013209164142609
-0.6380054354667664 0.7502614259719849 -0.14281335473060608
-0.5204769372940063 0.7608777284622192 0.27368026971817017
-0.5713974237442017 0.551705539226532 0.04874233528971672
-0.3463738262653351 1.0152921676635742 0.0034139067865908146
-0.5116551518440247 0.6448419094085693 -0.2953401505947113
-0.5594707131385803 0.8243392705917358 -0.07262217998504639
-0.44137853384017944 0.7382649779319763 0.1932489573955536
0.1215534433722496 0.8334113955497742 -0.4037264585494995
-0.5590178966522217 1.2005263566970825 -0.27092739939689636
-0.304799348115921 0.5393494963645935 -0.026640519499778748
-0.5530055165290833 0.42689743638038635 -0.22085785865783691
-0.3555138111114502 0.40392884612083435 -0.104283407330513
-0.42235222458839417 0.5343424081802368 0.06258585304021835
-0.44489091634750366 0.7836089134216309 -0.33362671732902527
-0.6981370449066162 0.5968591570854187 -0.32686492800712585
-0.49955692887306213 0.469738245010376 -0.09061113744974136
-0.4696882665157318 0.7751333713531494 -0.2712808847427368
-0.6736609935760498 0.7692546844482422 0.18789076805114746
-0.4913446605205536 0.35947921872138977 0.08343104273080826
-0.4292747974395752 0.7207804918289185 0.09752915054559708
-0.4211222529411316 0.36321544647216797 0.018800297752022743
-0.5134701728820801 0.5637474656105042 -0.3188386857509613
-0.46156609058380127 0.6890245079994202 -0.18178460001945496
-0.37424710392951965 0.7783183455467224 0.15947088599205017
-0.7587220072746277 0.5643022656440735 -0.3590155243873596
-0.6905306577682495 0.2238374501466751 -0.1372573971748352
-0.6107264757156372 0.9126545786857605 -0.09341919422149658
-0.4407481253147125 0.7098329067230225 -0.27516400814056396
-0.6434667110443115 0.5100383758544922 0.07552844285964966
-0.571850597858429 0.6044725179672241 -0.08101329207420349
-0.4624063968658447 0.7026959657669067 0.38641732931137085
-0.22379671037197113 0.5276508331298828 -0.01521076075732708
-0.7393688559532166 0.5024100542068481 0.4538954794406891
-0.564470112323761 0.004965941421687603 -0.014499029144644737
-0.4003608524799347 0.42346301674842834 -0.1275220513343811
-0.29875633120536804 0.5450370907783508 0.14516323804855347
-0.42219048738479614 0.7492596507072449 0.16999328136444092
-0.5660414695739746 -0.2431119829416275 0.10248711705207825
-0.31548550724983215 0.5966495871543884 -0.308195561170578
-0.13733404874801636 0.7602246999740601 -0.05126659944653511
-0.4313870966434479 0.15366654098033905 -0.2023480087518692
-0.43096473813056946 0.6510617136955261 0.4688963294029236
-0.5450463891029358 0.7411034107208252 -0.02473236247897148
-0.3418886065483093 0.860630452632904 0.186232790350914
-0.7458065748214722 0.5441069006919861 0.12332306802272797
-0.4834022521972656 1.085723638534546 0.06793581694364548
-0.26931673288345337 0.6667988300323486 -0.3200858235359192
-0.5591292381286621 0.047968875616788864 0.03539837524294853
-0.48912110924720764 0.48581209778785706 -0.21737435460090637
-0.35095909237861633 0.35655930638313293 0.15558916330337524
-0.4571514129638672 0.741773784160614 -0.016216251999139786
-0.5057497620582581 0.3659464120864868 -0.05454758182168007
-0.4381197392940521 0.38851043581962585 0.008740700781345367
-0.2148636132478714 0.56474369764328 -0.42035967111587524
-0.5037519931793213 0.4947957992553711 -0.03648052737116814
-0.6047365665435791 0.3848726749420166 -0.056489598006010056
-0.5464852452278137 0.5849461555480957 -0.19296222925186157
-0.5297501087188721 0.5487303137779236 -0.12448368221521378
-0.5551149249076843 0.5304123759269714 0.14377085864543915
-0.4204946756362915 0.5548834204673767 -0.021823374554514885
-0.3103711009025574 0.6288051009178162 -0.14380688965320587
-0.5148999094963074 0.8495685458183289 -0.27268561720848083
-0.07706128060817719 0.2115776240825653 -0.1708230972290039
-0.38977691531181335 0.8522531390190125 -0.24857959151268005
0.06658861041069031 0.6181623339653015 -0.5240276455879211
-0.4876035749912262 0.6520882248878479 -0.21940873563289642
-0.4977961480617523 0.8024836182594299 -0.16132397949695587
-0.50910484790802 0.4190863370895386 -0.2720208168029785
-0.33025795221328735 0.7714754343032837 -0.16254520416259766
-0.2534026503562927 0.6492549777030945 -0.20861519873142242
-0.3505057394504547 0.6638679504394531 -0.36446553468704224
-0.29347193241119385 0.2738977372646332 -0.10129168629646301
-0.17126750946044922 0.6161332726478577 -0.12183727324008942
-0.47720086574554443 0.7455260157585144 -0.056382693350315094
-0.5933986306190491 0.5990390777587891 -0.039540112018585205
-0.18301495909690857 0.5466298460960388 0.0054827481508255005
-0.48850303888320923 0.6874872446060181 0.08870517462491989
-0.2310246229171753 0.504146933555603 -0.24643540382385254
-0.4787183403968811 0.6842086911201477 -0.33209919929504395
-0.6433294415473938 0.576333224773407 0.08880875259637833
-0.3016560673713684 0.6709008812904358 0.18653106689453125
0.07195834815502167 0.6217008829116821 -0.4566698670387268
-0.43155166506767273 0.6143263578414917 0.03492434695363045
-0.5370889902114868 0.4816141724586487 -0.0711461752653122
-0.5867951512336731 0.8369898200035095 0.14836803078651428
-0.7961772680282593 0.5038489103317261 0.19581453502178192
-0.2855295240879059 0.7406893968582153 -0.16738080978393555
-0.3553450405597687 0.5168863534927368 -0.1142265796661377
-0.4670567512512207 0.2376723289489746 -0.012963538989424706
-0.4553239643573761 0.5992465615272522 -0.2171935737133026
-0.5024003982543945 0.894719123840332 0.07887294143438339
-0.6083962917327881 0.6913138628005981 0.011570906266570091
-0.6426050066947937 0.5121932029724121 -0.055011868476867676
-0.4311947524547577 -0.1019878014922142 0.23235437273979187
-0.3768726587295532 0.49361249804496765 -0.08717848360538483
-0.5915924906730652 0.9092546701431274 -0.12122498452663422
-0.4379037916660309 0.5246893167495728 0.09480520337820053
-0.5601989030838013 0.29905134439468384 0.02859894558787346
-0.5785402655601501 0.7857975959777832 0.10582928359508514
-0.3856048583984375 0.49525538086891174 -0.06628526747226715
-0.19761817157268524 0.3949373960494995 -0.30710723996162415
-0.4573124349117279 0.9740343689918518 -0.05610331892967224
-0.3930682837963104 0.21182788908481598 -0.25617319345474243
-0.5913835763931274 0.35470452904701233 -0.4214498698711395
-0.22553688287734985 0.16805976629257202 -0.1358751803636551
-0.6597440242767334 0.5742563009262085 -0.09339515119791031
-0.4463106691837311 0.8416250348091125 -0.2977735996246338
-0.09892729669809341 0.4783216118812561 -0.11456344276666641
-0.35193824768066406 0.6155018210411072 -0.020500866696238518
-0.12787120044231415 0.7740094065666199 -0.23215322196483612
-0.23092511296272278 0.72613126039505 0.05004212260246277
-0.40520113706588745 0.4194446802139282 -0.060632843524217606
-0.4613721966743469 0.1935412734746933 -0.018508264794945717
-0.6385219693183899 0.5343684554100037 -0.030062222853302956
-0.6027827262878418 0.872317910194397 0.021602876484394073
-0.5156487226486206 0.403298944234848 0.09158416092395782
-0.5153632760047913 0.41755715012550354 -0.11844487488269806
-0.2601321041584015 0.6307106018066406 -0.19164063036441803
-0.5907254219055176 0.555072546005249 -0.0917508527636528
-0.42496350407600403 0.5727526545524597 -0.01281622052192688
0.06865569949150085 0.7146072387695312 -0.18956884741783142
-0.4685250222682953 0.5685593485832214 0.17103463411331177
-0.3870164453983307 0.59441077709198 -0.25110170245170593
-0.18075919151306152 0.5909827947616577 -0.1634715348482132
-0.6597028970718384 0.17070482671260834 0.13956934213638306
-0.13522668182849884 0.505335807800293 -0.2565053403377533
-0.642030656337738 0.5115194320678711 -0.008048487827181816
-0.5299673676490784 0.6453665494918823 -0.35388243198394775
-0.5958777666091919 0.5987143516540527 -0.034092701971530914
-0.6158579587936401 0.8957949876785278 -0.35808438062667847
-0.5210732221603394 0.6465578675270081 0.22147727012634277
-0.751175045967102 0.6378538608551025 -0.02367665059864521
-0.2832612097263336 0.47412407398223877 -0.0960528776049614
-0.5394526720046997 0.832546055316925 -0.24404919147491455
-0.41070815920829773 0.789985179901123 -0.022308848798274994
-0.4431683123111725 0.8521523475646973 0.4954487681388855
-0.4368021488189697 0.7847989797592163 0.24011045694351196
-0.12601524591445923 0.7410627007484436 0.019845914095640182
-0.43291640281677246 0.7792831063270569 0.06137428432703018
-0.5076567530632019 0.3284298777580261 0.06742633134126663
-0.019733652472496033 0.7452184557914734 -0.21159565448760986
-0.45875102281570435 0.5842331647872925 -0.11844183504581451
-0.40218475461006165 0.5106000900268555 -0.145272895693779
-0.37983211874961853 0.8979185223579407 0.02486835978925228
-0.4311348497867584 0.8226929903030396 0.08110706508159637
-0.2707658112049103 0.9814535975456238 -0.13404762744903564
-0.31295615434646606 0.4610321521759033 -0.011235171929001808
-0.5579533576965332 0.42120784521102905 -0.12057413160800934
-0.4807526469230652 0.44372764229774475 0.01772240549325943
-0.3440292775630951 0.6038205027580261 -0.04786800965666771
-0.514151930809021 0.4400350749492645 0.09175886958837509
-0.44771549105644226 0.33404451608657837 -0.10366521030664444
-0.48044249415397644 0.695057213306427 -0.06266660243272781
-0.4620611369609833 0.7209517955780029 -0.03479006886482239
-0.6813333034515381 0.6491551399230957 -0.1328762024641037
-0.3171338438987732 0.4838697612285614 0.033296070992946625
-0.35587015748023987 0.47928088903427124 -0.05371661111712456
-0.34737277030944824 0.5951539278030396 0.4091227352619171
-0.4109300374984741 0.25174152851104736 -0.11279626935720444
-0.3120994567871094 0.6874772310256958 0.09192416816949844
-0.630303144454956 0.9980859160423279 -0.325008749961853
-0.2938585579395294 0.6326509714126587 -0.1737607717514038
-0.6203346848487854 0.6663584113121033 -0.17458921670913696
-0.4990856945514679 0.6090335249900818 -0.1961524486541748
-0.35431909561157227 0.6390557289123535 -0.16695263981819153
-0.30794450640678406 0.3830282986164093 -0.17045198380947113
-0.2966291308403015 0.8145740628242493 -0.15248867869377136
-0.4211123287677765 0.3299912214279175 -0.03964381292462349
-0.6677888631820679 0.6537224650382996 0.03315627947449684
-0.30606454610824585 0.791893720626831 -0.4219207763671875
-0.08225632458925247 0.2734508812427521 -0.14468689262866974
-0.5589644908905029 0.5282033681869507 0.09902188926935196
-0.5838398337364197 0.3325054347515106 0.08171530812978745
-0.36352139711380005 0.7430588006973267 0.25248587131500244
-0.2552196681499481 0.41402962803840637 -0.3533511757850647
-0.42804044485092163 0.6832834482192993 0.05390708148479462
-0.4593455493450165 0.9020236134529114 -0.15415726602077484
-0.6628758311271667 0.8574649691581726 -0.15000884234905243
-0.5328851342201233 0.28244152665138245 -0.05746399983763695
-0.5133877992630005 0.5229476094245911 -0.015504451468586922
-0.7277683615684509 0.8705776929855347 -0.1283397227525711
-0.2903458774089813 0.6471993327140808 -0.2195947915315628
-0.2166135013103485 0.6183335781097412 -0.23406298458576202
-0.4406805634498596 0.6418993473052979 0.017057515680789948
-0.5808057188987732 0.5728327631950378 -0.0626925379037857
-0.3177551329135895 0.24804574251174927 -0.35834160447120667
-0.4212528169155121 0.6931173801422119 -0.05430525541305542
-0.6891568899154663 0.9700694680213928 0.08554425835609436
-0.6787367463111877 0.12292036414146423 0.12198885530233383
-0.055987194180488586 0.4375399947166443 -0.14938008785247803
-0.438907653093338 0.5747175216674805 -0.06080441549420357
-0.18768072128295898 0.6593236923217773 0.034406356513500214
-0.3128221035003662 0.6259187459945679 0.030567442998290062
0.24172325432300568 0.6279782056808472 -0.010133761912584305
-0.3825918138027191 0.6115342974662781 0.21458518505096436
-0.5530354380607605 0.8488909602165222 -0.2623690068721771
-0.5254043936729431 0.7240527272224426 0.0012829307233914733
-0.6763312220573425 0.6384735107421875 -0.2146422564983368
-0.5601222515106201 0.4540499448776245 -0.23376816511154175
-0.7184861898422241 0.6131036281585693 -0.0017233872786164284
-0.42185887694358826 0.33127862215042114 -0.19947323203086853
0.4481082260608673 0.7250386476516724 -0.17399124801158905
-0.49762237071990967 0.6744130849838257 -0.19744180142879486
-0.2565646469593048 0.5662611722946167 -0.5490500926971436
-0.21031120419502258 0.7910171151161194 0.2769176959991455
-0.1560700684785843 0.9106860160827637 -0.43627291917800903
-0.482736736536026 0.7002204656600952 0.1786883920431137
-0.10039360821247101 0.3654721975326538 -0.17539259791374207
-0.4095078706741333 -0.19799724221229553 0.1807824820280075
-0.4212299883365631 0.27566879987716675 -0.07452091574668884
-0.03826814889907837 0.2523341178894043 0.10917814821004868
-0.536661684513092 0.5844706892967224 -0.22259332239627838
-0.5184556245803833 0.7360356450080872 0.07605499774217606
-0.6498979926109314 0.7989522814750671 -0.29305920004844666
-0.20590956509113312 0.6108673810958862 -0.13825993239879608
-0.41374626755714417 0.5936219692230225 -0.09682222455739975
-0.4191984236240387 0.4645483195781708 -0.11835439503192902
-0.7379093766212463 0.6656887531280518 -0.16766086220741272
-0.05843681842088699 0.8722571730613708 0.05065055936574936
-0.32244622707366943 0.27894219756126404 -0.05307244509458542
-0.38640904426574707 0.623227059841156 -0.34633302688598633
0.2318655252456665 0.7308288216590881 0.015330363065004349
-0.025543229654431343 0.5712254643440247 -0.2899669408798218
-0.3653768002986908 0.6741142272949219 0.15836471319198608
-0.39595988392829895 0.5488060116767883 -0.19956447184085846
-0.4131413996219635 0.5105749368667603 0.07006663829088211
-0.40110594034194946 0.675810694694519 0.286530077457428
-0.2360299527645111 0.3380214273929596 -0.10653933137655258
-0.44771987199783325 0.41337722539901733 -0.017817970365285873
-0.5833161473274231 0.7203134298324585 0.3390067517757416
-0.7183903455734253 0.8519752025604248 0.017376644536852837
-0.4795655310153961 0.5676503777503967 -0.23214958608150482
-0.44588881731033325 0.5788031816482544 -0.3740027844905853
-0.5580965280532837 0.8355737924575806 -0.22165970504283905
-0.5699530839920044 0.6361187696456909 -0.0664106011390686
-0.6566748023033142 0.5647755265235901 -0.08111361414194107
-0.5327209234237671 0.7222562432289124 -0.12403883785009384
-0.5105597972869873 0.3999813199043274 -0.1847989559173584
-0.2277793139219284 0.6970288157463074 0.03333686664700508
-0.15618008375167847 0.3498096168041229 -0.14708960056304932
-0.632307231426239 0.5377568602561951 -0.04776453971862793
-0.5137069225311279 0.8548412919044495 -0.08834603428840637
-0.34583520889282227 0.6734811067581177 0.08138381689786911
-0.32258692383766174 0.6788092851638794 -0.3390502631664276
-0.2919194996356964 0.3854413330554962 -0.03413320332765579
-0.11892825365066528 0.58829265832901 -0.07105930149555206
-0.2820696234703064 0.7026410102844238 -0.261228084564209
-0.42966219782829285 0.37763711810112 -0.1225593164563179
-0.6883584856987 0.6030983328819275 0.06131924316287041
-0.4342493712902069 0.8537318706512451 0.31295448541641235
-0.31852486729621887 0.5901504755020142 -0.4317095875740051
-0.6275643706321716 0.6719260811805725 0.08291658759117126
-0.02653978392481804 0.6989132761955261 0.02330719865858555
-0.4463809132575989 0.5546885132789612 -0.1514083743095398
-0.4010915756225586 0.9076536297798157 -0.20281141996383667
-0.33890053629875183 0.6289336681365967 0.006241672206670046
-0.30927544832229614 0.6947348713874817 -0.28744155168533325
-0.2042672038078308 0.5101926922798157 0.1729859709739685
-0.3708680272102356 0.6277292966842651 -0.1639358401298523
-0.4994759261608124 0.25743788480758667 -0.10208582878112793
-0.6841300129890442 0.881994903087616 -0.1959647685289383
-0.47767019271850586 0.8452388048171997 -0.03439851477742195
-0.757202684879303 0.7494663596153259 0.14043276011943817
-0.522669792175293 0.47285816073417664 0.06540177017450333
-0.13793790340423584 0.3273850977420807 -0.22298164665699005
-0.5278130769729614 0.44215965270996094 -0.008076876401901245
-0.6256961822509766 0.7117775082588196 0.15508541464805603
-0.3738871216773987 0.7051598429679871 0.02358119748532772
-0.6282718181610107 0.6963692307472229 0.008645733818411827
-0.3014870584011078 0.744690477848053 0.0014182348968461156
-0.14693239331245422 0.4234931170940399 0.011021850630640984
-0.27244293689727783 0.5324446558952332 -0.283804714679718
-0.3208988904953003 0.667244017124176 -0.5315205454826355
-0.1790488064289093 0.6315047740936279 -0.05302894115447998
-0.647797703742981 0.8016036152839661 -0.03394781053066254
-0.29862186312675476 1.1123719215393066 0.28028276562690735
0.07634231448173523 0.5017279982566833 -0.11806686222553253
-0.33001434803009033 0.6165117621421814 -0.045914798974990845
-0.5841676592826843 0.5680097341537476 -0.036758314818143845
-0.2563681900501251 0.7097404599189758 -0.22591862082481384
-0.6067928671836853 0.6966711282730103 0.1349356472492218
-0.4016450345516205 0.599102795124054 -0.07932653278112411
-0.7227169275283813 0.5210995674133301 0.0174493957310915
-0.5713632106781006 0.7283885478973389 0.05249630659818649
-0.4982118010520935 0.8704656958580017 -0.2591439485549927
-0.6416712403297424 0.9856896996498108 0.11163369566202164
-0.4324856698513031 0.8016462922096252 0.5384911298751831
-0.0821484625339508 0.373272567987442 -0.15627656877040863
-0.7262950539588928 0.4668680727481842 -0.0562824085354805
-0.350084125995636 0.48360615968704224 -0.14435847103595734
-0.563506543636322 0.4582567512989044 0.017027243971824646
-0.46077483892440796 0.5758060812950134 -0.10257867723703384
-0.526412844657898 0.2712043523788452 0.021602502092719078
-0.677900493144989 0.5712928175926208 0.011848626658320427
-0.48363038897514343 0.7102506160736084 -0.2311004251241684
-0.6065061092376709 0.5639904141426086 0.04541586712002754
-0.6284188032150269 1.002384066581726 -0.15037882328033447
-0.5872581601142883 0.5947605967521667 -0.09409590065479279
-0.504640519618988 0.5280336141586304 -0.20158450305461884
-0.476714164018631 0.9295392036437988 0.5587759017944336
-0.34670567512512207 0.7205066084861755 -0.17656050622463226
-0.28953683376312256 0.7537320852279663 0.01678854040801525
-0.32569143176078796 0.5891727209091187 -0.2197636514902115
-0.24152646958827972 0.2081790566444397 -0.1028725802898407
-0.5084590911865234 0.6571749448776245 -0.13495661318302155
-0.4794566035270691 0.8790767192840576 0.06907306611537933
-0.32695427536964417 0.5634840726852417 0.10312511771917343
-0.06786070764064789 0.9087719321250916 0.4320567846298218
-0.6085841059684753 0.49551311135292053 0.0917721837759018
-0.7583902478218079 0.5040405988693237 -0.16089405119419098
-0.3421613872051239 0.502801239490509 -0.13354723155498505
-0.3743460774421692 0.5358965992927551 -0.07485932856798172
-0.6774160861968994 0.7832937240600586 -0.017409933730959892
-0.4761560559272766 0.7441494464874268 0.00904615968465805
-0.35087889432907104 0.643301784992218 -0.26155588030815125
-0.11725927144289017 0.7475016117095947 0.11060629040002823
-0.36223384737968445 0.40759509801864624 0.0595594123005867
-0.639708399772644 0.46764880418777466 -0.20444104075431824
-0.3663398027420044 0.9338310956954956 0.05632180720567703
-0.5036657452583313 0.4605259895324707 -0.006411135662347078
-0.3473893105983734 0.6980361938476562 0.2645680606365204
-0.11955297738313675 0.7662393450737 -0.057198233902454376
-0.2668713629245758 0.8455114364624023 0.017935462296009064
-0.6621925234794617 0.3225214183330536 -0.03361866623163223
-0.2363971322774887 1.0281840562820435 -0.06423347443342209
-0.4968983829021454 0.6217799782752991 -0.06327290087938309
-0.3840726912021637 0.766463577747345 -0.015707634389400482
-0.18951155245304108 0.9197854399681091 0.09085297584533691
-0.2986989915370941 0.3227607011795044 -0.13190875947475433
-0.31048092246055603 0.6045928597450256 -0.003957699052989483
-0.4083349108695984 0.8747713565826416 -0.012835254892706871
-0.39354369044303894 0.12491782009601593 0.31402188539505005
-0.13052594661712646 0.3044419288635254 -0.07727710902690887
-0.46453461050987244 0.46061673760414124 -0.001926870783790946
-0.6155149936676025 0.270107626914978 0.025691721588373184
-0.4097144901752472 0.6366785168647766 -0.45372894406318665
0.03100738115608692 0.6741647720336914 -0.49554991722106934
-0.2972499132156372 0.46782636642456055 -0.1133636012673378
-0.43766671419143677 0.5768842101097107 -0.2128777801990509
-0.6583607792854309 0.49764302372932434 0.06761971116065979
-0.3644278943538666 0.578075647354126 -0.11374048888683319
-0.5717668533325195 0.6491264700889587 -0.06966579705476761
-0.4271320700645447 0.60586017370224 -0.012597095221281052
-0.41428902745246887 0.28811511397361755 -0.2221066653728485
-0.3798983693122864 0.8377834558486938 -0.05989810824394226
-0.6130356192588806 0.7371605634689331 0.14434748888015747
-0.6649150252342224 0.662846028804779 0.08063026517629623
-0.4424148499965668 0.738914966583252 -0.19933143258094788
-0.4535617232322693 0.5657660365104675 -0.25188106298446655
0.07783464342355728 0.5386812090873718 -0.1725616604089737
0.12827324867248535 0.5787984132766724 -0.23421509563922882
-0.23021268844604492 0.6690898537635803 -0.14667727053165436
-0.76912522315979 0.6643862724304199 0.006534528452903032
-0.13274890184402466 0.9516953229904175 -0.26246389746665955
-0.44681304693222046 0.8703944087028503 -0.5374142527580261
-0.3300444185733795 0.7465171813964844 -0.027855319902300835
-0.7082902193069458 0.715648889541626 0.004253113642334938
-0.5880017876625061 0.8606448173522949 0.4987141191959381
-0.5220739245414734 0.5143324732780457 -0.050872113555669785
-0.5071049928665161 0.24335713684558868 -0.06110497936606407
-0.6624739170074463 0.3879803717136383 -0.08026862889528275
-0.5560530424118042 0.6260514259338379 -0.023632146418094635
-0.6150826215744019 0.8905683159828186 0.27562400698661804
-0.4403040409088135 0.5812011361122131 -0.10739123076200485
-0.710457980632782 0.6614092588424683 0.06362221390008926
-0.2044997662305832 0.5527048707008362 -0.16813334822654724
-0.4730806350708008 0.6629077792167664 0.1354769766330719
-0.6131037473678589 0.6361993551254272 -0.47547054290771484
-0.35490870475769043 0.5868471264839172 -0.021361134946346283
-0.22212746739387512 0.8492761850357056 -0.2865633964538574
-0.5595880746841431 0.4656848907470703 0.030067836865782738
-0.2964581251144409 0.49759501218795776 -0.13057638704776764
-0.5556079149246216 0.8230270147323608 -0.03392728045582771
-0.6237583160400391 0.6335736513137817 -0.2017955183982849
-0.04385494813323021 0.8418039083480835 -0.10643914341926575
-0.19521300494670868 1.0893069505691528 0.443503201007843
0.14487133920192719 0.7742596864700317 -0.09227082878351212
-0.24891212582588196 0.7736315727233887 0.13844139873981476
-0.5489808320999146 0.9475969672203064 0.14550936222076416
-0.14323189854621887 0.5506983399391174 -0.08629357069730759
-0.09278038889169693 0.7874661087989807 -0.1688234806060791
-0.4726014733314514 0.6756207942962646 0.0012228414416313171
-0.4859558641910553 0.8500048518180847 -0.09331260621547699
-0.4547213912010193 0.9071964621543884 0.28946319222450256
-0.46821796894073486 0.5373100638389587 -0.08538242429494858
-0.42707252502441406 0.7422980666160583 -0.09982776641845703
-0.0944877490401268 0.7510554790496826 -0.2971436381340027
-0.521809458732605 0.5336653590202332 -0.05982699245214462
-0.6009450554847717 0.547318160533905 0.001254978240467608
-0.2707797586917877 0.4149564206600189 -0.03349043428897858
-0.4017952084541321 0.9283775687217712 0.5575059652328491
-0.39122259616851807 0.49533405900001526 -0.17068949341773987
-0.42632701992988586 0.4958813786506653 -0.06862562149763107
-0.510905921459198 0.8140916228294373 -0.07970530539751053
-0.411422997713089 0.08980908989906311 0.06583306938409805
-0.5603387355804443 0.8205344080924988 0.28364697098731995
-0.3605912923812866 -0.25019311904907227 -0.006941003259271383
-0.09839078038930893 0.7440979480743408 -0.19081054627895355
-0.4314218759536743 0.10701704770326614 -0.10066099464893341
-0.7278341054916382 0.8796210289001465 0.26914238929748535
-0.2148171365261078 0.4720657765865326 -0.2228090614080429
-0.13253894448280334 0.4917077124118805 -0.21333761513233185
-0.3649637997150421 0.7709152698516846 -0.0024831187911331654
-0.21124371886253357 0.5118618607521057 -0.07397904992103577
-0.5615631341934204 0.44424891471862793 -0.1358131617307663
-0.28331175446510315 0.7282935976982117 -0.23149679601192474
-0.5540933609008789 0.6296835541725159 -0.24194034934043884
-0.5471970438957214 -0.10452377796173096 0.23355697095394135
-0.3084968328475952 0.41368967294692993 -0.03743573650717735
-0.37689757347106934 0.795206606388092 0.15063227713108063
-0.4476419687271118 0.9626160860061646 0.45972833037376404
-0.40235432982444763 0.7307937741279602 -0.11714643239974976
-0.5489542484283447 0.6553093194961548 -0.20658956468105316
-0.4575478434562683 0.5211552381515503 -0.07239308208227158
-0.5931800007820129 0.5996862053871155 0.09503631293773651
-0.6513323187828064 0.6980640292167664 0.10028281062841415
-0.6449878811836243 0.42862793803215027 0.06790409237146378
-0.6379749178886414 0.6963569521903992 -0.07862412929534912
-0.46263986825942993 0.7725960612297058 -0.0036721043288707733
-0.2787212133407593 0.7966626882553101 0.3481873571872711
-0.1549960970878601 1.0263986587524414 0.36124366521835327
-0.49529099464416504 -0.053887102752923965 0.2614973485469818
-0.3831275701522827 0.6774894595146179 -0.04087715223431587
-0.6081070303916931 0.4193401038646698 -0.1156461089849472
-0.22730308771133423 0.6495102047920227 -0.19719217717647552
0.08360663056373596 0.8169053792953491 -0.13776801526546478
-0.5488455891609192 0.2933129072189331 -0.1126037985086441
-0.30953580141067505 0.5623369812965393 -0.049370501190423965
-0.25497668981552124 0.4305936098098755 -0.28818875551223755
-0.3241679072380066 0.6419415473937988 0.1035311371088028
-0.6096776127815247 0.6261144280433655 -0.22101131081581116
-0.34386736154556274 0.7185488343238831 -0.10561881214380264
-0.12370017915964127 0.6065788865089417 -0.41654303669929504
-0.527519702911377 0.0391964316368103 0.14733554422855377
-0.4276686906814575 0.7689926028251648 0.49612298607826233
-0.14989051222801208 0.4954749345779419 -0.24601438641548157
-0.6603793501853943 0.6755695939064026 0.24353861808776855
-0.2080276757478714 0.7437842488288879 -0.09972069412469864
-0.3541169762611389 0.6314572691917419 0.05272648483514786
-0.7374824285507202 0.48819470405578613 0.18154345452785492
-0.653570294380188 0.9033119082450867 -0.08223086595535278
-0.48572295904159546 0.8944063186645508 -0.19948016107082367
-0.5903823971748352 0.725417971611023 -0.1002681702375412
-0.184084951877594 0.7121114134788513 -0.07009575515985489
-0.3740725815296173 0.1634696125984192 0.10362003743648529
-0.09474589675664902 0.4061768054962158 -0.23112216591835022
0.10842618346214294 0.4322865605354309 -0.03414248302578926
-0.4697303771972656 0.17909632623195648 -0.00943748652935028
-0.28897422552108765 0.49551424384117126 0.06162448972463608
-0.35927438735961914 0.45057007670402527 -0.5944618582725525
-0.22773244976997375 0.5896778702735901 -0.08984068781137466
-0.44619694352149963 0.031521376222372055 0.14327405393123627
-0.39998659491539 0.6471685767173767 -0.18531784415245056
-0.21863509714603424 0.8094382882118225 0.22836722433567047
-0.016087589785456657 0.6713467836380005 -0.07339554280042648
-0.6077149510383606 0.5193920135498047 -0.00888829119503498
-0.42445918917655945 0.5241777896881104 -0.1040823757648468
-0.1274731308221817 0.6619594097137451 0.47649824619293213
-0.5013350248336792 0.694640576839447 -0.14047406613826752
-0.401134192943573 0.8681407570838928 0.2447204738855362
-0.03524273633956909 0.7506006360054016 -0.041434772312641144
-0.24021391570568085 0.8330044746398926 -0.299827516078949
-0.6813197135925293 0.74819016456604 0.06285212934017181
-0.7320454120635986 0.6394814848899841 0.23246756196022034
-0.6449874043464661 0.21741428971290588 0.0070533729158341885
-0.4183236062526703 0.7922307848930359 0.17412281036376953
-0.08248144388198853 0.33860284090042114 -0.1580609381198883
-0.2731911242008209 0.6276705861091614 -0.2136295735836029
-0.5833092927932739 0.4717761278152466 -0.08229916542768478
-0.6073489785194397 0.5311424732208252 -0.09549807012081146
-0.3757540285587311 0.36953112483024597 -0.31836584210395813
-0.2743980884552002 0.4593642055988312 -0.08478562533855438
-0.2602931559085846 0.6865370869636536 -0.2097693830728531
-0.6557209491729736 0.0068601458333432674 0.16774438321590424
-0.36425456404685974 0.7479750514030457 0.12614454329013824
-0.3320252299308777 0.5922353267669678 -0.1877674162387848
-0.010316247120499611 0.5357003808021545 -0.14616446197032928
-0.7243152856826782 0.823610782623291 0.08780787140130997
-0.5988430976867676 0.7823696732521057 -0.2858824133872986
-0.5762421488761902 0.5916131138801575 -0.06708519160747528
-0.5748844146728516 0.6913995742797852 0.10004405677318573
-0.7527822852134705 0.7674123048782349 -0.030655229464173317
-0.5049005746841431 0.6560717225074768 -0.41332489252090454
-0.08871340751647949 0.516619086265564 -0.0016984157264232635
-0.23229151964187622 0.8594607710838318 -0.09532856941223145
-0.4976486563682556 0.6133115887641907 -0.03542892634868622
-0.5060287714004517 0.7314262390136719 -0.61564701795578
-0.4249820411205292 0.6005889773368835 -0.27146539092063904
-0.5712471604347229 0.47062355279922485 -0.0205270703881979
-0.2982212007045746 0.8820261359214783 0.37628495693206787
-0.4576377272605896 0.9062392711639404 0.05756619945168495
-0.31332385540008545 0.9081220030784607 0.06152208894491196
-0.7024075984954834 0.6731639504432678 0.17398926615715027
-0.5292972326278687 0.922903835773468 -0.016472237184643745
-0.5701482892036438 0.36341652274131775 0.004967785440385342
-0.4773672819137573 0.662955105304718 -0.1155191957950592
-0.5203956365585327 0.5703880190849304 -0.17167772352695465
-0.5948792099952698 0.27896517515182495 -0.35642877221107483
-0.6782709360122681 0.19574612379074097 0.04111234098672867
-0.47530505061149597 0.3990037441253662 0.21255411207675934
-0.2316235899925232 0.6827607750892639 -0.313369482755661
-0.46222198009490967 0.5490328073501587 -0.043532878160476685
-0.276616632938385 0.3636966943740845 0.010809000581502914
-0.2838861644268036 0.5195409655570984 -0.020101137459278107
-0.4573749601840973 0.7058723568916321 0.021814296022057533
-0.40022972226142883 0.5515604615211487 -0.06936784088611603
-0.5481462478637695 0.8990745544433594 -0.04075297713279724
-0.18320979177951813 0.572833776473999 -0.16522817313671112
-0.14703534543514252 0.5436795353889465 -0.14170660078525543
-0.3879271447658539 0.5646370649337769 0.16342255473136902
-0.5432130098342896 0.8923144340515137 -0.3044203817844391
-0.3042294383049011 0.6410555839538574 -0.11699026823043823
-0.3662987947463989 0.5917038917541504 -0.12918926775455475
-0.3256688714027405 0.3630412518978119 -0.015140146017074585
-0.157420352101326 0.7062831521034241 0.05389886721968651
-0.31727638840675354 0.15261197090148926 0.16918155550956726
-0.33613166213035583 0.02601718157529831 -0.7363697290420532
-0.21937507390975952 0.7023833990097046 -0.11200295388698578
-0.5483134388923645 0.31965529918670654 0.14539462327957153
-0.2057866007089615 0.3899998366832733 -0.14218392968177795
-0.7174533605575562 0.260958731174469 -0.018623100593686104
-0.778026282787323 0.35727065801620483 0.04412887245416641
-0.5376989841461182 0.7587727904319763 -0.18653225898742676
-0.5558232069015503 0.7418513894081116 -0.28058144450187683
-0.34993964433670044 0.3861521780490875 -0.09378866106271744
-0.001876006368547678 0.6266387701034546 -0.2563430368900299
-0.5291672348976135 0.6973039507865906 -0.10862930864095688
-0.2394554316997528 0.4487786591053009 -0.1761142611503601
-0.18347376585006714 0.19855275750160217 -0.3978903591632843
-0.7241414189338684 0.43605050444602966 -0.033982452005147934
-0.28318217396736145 0.7645402550697327 0.03288222849369049
-0.2603709101676941 0.4074438214302063 -0.340065062046051
-0.14415660500526428 0.6814600229263306 -0.24014981091022491
-0.34116628766059875 0.5180760622024536 -0.4288570284843445
-0.6076235175132751 0.8363155722618103 -0.04176584631204605
-0.5656124949455261 0.21720047295093536 -0.39640697836875916
-0.658219575881958 0.7236838936805725 0.04240286722779274
-0.5059260725975037 0.7270071506500244 -0.11321628838777542
-0.3896837830543518 0.7414910197257996 -0.29652518033981323
-0.21354351937770844 0.6287406086921692 0.1701280176639557
-0.2536309063434601 0.48455536365509033 -0.06985894590616226
-0.4537183940410614 0.9165917038917542 -0.10370772331953049
-0.7117447257041931 0.5613167881965637 -0.0037854942493140697
0.02179528959095478 0.6075929403305054 -0.21950213611125946
-0.5535255074501038 0.8383370637893677 -0.030856696888804436
-0.3348839282989502 0.8467390537261963 0.3014982044696808
0.012835418805480003 0.9254193902015686 0.49829789996147156
-0.5022785663604736 0.8362534046173096 -0.07928565889596939
-0.5492822527885437 0.8056871294975281 -0.03216991946101189
-0.5079597234725952 0.4570865035057068 0.0014114466030150652
-0.41319164633750916 0.7896843552589417 -0.08035994321107864
-0.38488101959228516 0.8625264167785645 -0.3025759756565094
-0.3982560336589813 0.5982742309570312 0.24917861819267273
-0.13908962905406952 0.45296257734298706 -0.05912027135491371
-0.448857843875885 0.7667753100395203 -0.17042018473148346
-0.18004418909549713 -0.13856157660484314 -0.11097881942987442
-0.742912769317627 0.4187747836112976 0.06684175878763199
-0.16806861758232117 0.5212225317955017 -0.24716900289058685
-0.45153525471687317 0.4965061843395233 -0.08940374851226807
-0.2088364064693451 0.7528384923934937 0.2588512897491455
-0.5179800391197205 0.37481433153152466 0.3209812641143799
-0.45752832293510437 0.6783667802810669 -0.12153550237417221
-0.3937496244907379 0.7550328969955444 -0.11470978707075119
-0.39906322956085205 0.610035240650177 -0.07319098711013794
-0.28899744153022766 1.0349382162094116 -0.02858179807662964
-0.306810587644577 0.5401503443717957 -0.0249763373285532
-0.3933812081813812 0.559587836265564 -0.0497315376996994
-0.3930360972881317 0.8909021615982056 0.3737286329269409
-0.2190207988023758 1.0648479461669922 -0.13098718225955963
-0.6520365476608276 0.5607555508613586 0.007212068419903517
-0.5086517930030823 0.3921439051628113 0.024212229996919632
-0.3319871127605438 0.18117748200893402 -0.12066487222909927
-0.12672807276248932 0.7039011120796204 -0.20531977713108063
-0.5370158553123474 0.998745322227478 0.2750042676925659
-0.11154409497976303 0.747941255569458 0.0512261837720871
-0.44915705919265747 0.45110800862312317 -0.10809426754713058
-0.6284701824188232 0.7228361368179321 -0.18796740472316742
-0.40466052293777466 0.4379671514034271 0.023135457187891006
-0.5704848766326904 0.24103593826293945 -0.04054243862628937
-0.2898550033569336 0.7447323799133301 0.233552947640419
-0.5382559895515442 0.8757899403572083 -0.05662853270769119
-0.3648890256881714 0.565571665763855 -0.07290647178888321
-0.3756813108921051 0.3982069492340088 0.08963021636009216
-0.46229150891304016 0.6844813823699951 -0.1968725025653839
-0.5286837220191956 0.580030083656311 -0.06267492473125458
-0.6143942475318909 0.7716933488845825 0.04915512725710869
-0.3877675235271454 0.5065715312957764 -0.41865119338035583
-0.42496800422668457 0.7814657688140869 -0.054423682391643524
-0.2370065301656723 0.7713468074798584 0.2844749987125397
-0.5666041970252991 0.5221309661865234 -0.4318743646144867
-0.23997439444065094 0.8522417545318604 -0.34360095858573914
-0.4181312322616577 0.8217718601226807 -0.2354046255350113
-0.504889190196991 0.5563167929649353 -0.10251150280237198
-0.3932492136955261 0.9651746153831482 0.027380118146538734
-0.31942734122276306 0.9689866900444031 -0.48727861046791077
-0.36284834146499634 0.4150567054748535 -0.34768545627593994
-0.29079490900039673 0.9218003153800964 -0.39018669724464417
-0.5994319319725037 0.45159444212913513 0.03425881266593933
-0.15841947495937347 0.3882376551628113 -0.08095406740903854
-0.5147507190704346 0.7145026922225952 -0.15407370030879974
-0.53316330909729 0.6149829626083374 -0.11133068054914474
-0.16151392459869385 0.49416035413742065 0.0480552539229393
-0.69026118516922 0.8736075162887573 -0.05584832280874252
-0.46799468994140625 0.7397221922874451 -0.13986699283123016
-0.8400275707244873 0.9177639484405518 -0.10476741939783096
-0.7673799395561218 0.47991621494293213 0.06036555394530296
-0.7356988787651062 0.7154400944709778 0.3382726013660431
-0.3728947341442108 0.3178394138813019 0.02824375592172146
-0.32713401317596436 0.8820226192474365 0.033757828176021576
-0.556063175201416 1.0213918685913086 -0.16568224132061005
-0.13525088131427765 0.9475703239440918 -0.2255166471004486
-0.2880387604236603 0.6422339081764221 0.36422210931777954
-0.5865668058395386 0.5307181477546692 0.06756484508514404
-0.563353955745697 0.6422584056854248 -0.24155746400356293
-0.6270121932029724 0.6176182627677917 -0.19233867526054382
0.01590816304087639 0.057868342846632004 -0.15906913578510284
-0.36349034309387207 0.34625476598739624 -0.10645254701375961
-0.33203911781311035 0.5607965588569641 -0.0029821819625794888
-0.6117681264877319 0.7590782046318054 0.10571249574422836
-0.3121013939380646 0.3263993561267853 -0.15435762703418732
-0.49284982681274414 0.6765581965446472 0.1853533834218979
-0.4038279056549072 0.2999563217163086 0.2164331078529358
-0.5529442429542542 0.7145670056343079 -0.14390726387500763
-0.6300740838050842 0.8076089024543762 0.075201615691185
-0.5103083848953247 0.8383188247680664 -0.12276029586791992
-0.3815500736236572 0.5777884721755981 -0.300704687833786
-0.3472272753715515 0.3759468197822571 -0.35719114542007446
-0.46257516741752625 0.3156924545764923 -0.142913356423378
-0.4654151499271393 0.42157983779907227 -0.17421764135360718
-0.5215867757797241 0.3800167739391327 0.024053694680333138
-0.3579970896244049 0.9189011454582214 -0.22426187992095947
-0.2258932739496231 0.28720521926879883 0.005835000425577164
-0.49459385871887207 -0.1942926049232483 -0.33655521273612976
-0.23880735039710999 0.6744665503501892 -0.12796780467033386
-0.10414248704910278 0.7289227247238159 0.4541441798210144
-0.4365060031414032 0.5457573533058167 -0.1674209088087082
-0.7072802186012268 0.6393601894378662 0.0034365705214440823
-0.11708515882492065 0.46280184388160706 -0.40598076581954956
-0.5676339864730835 0.8143578171730042 0.3399462401866913
-0.3115943372249603 0.6346059441566467 -0.17609018087387085
-0.46121305227279663 0.410098671913147 0.40218305587768555
-0.5339560508728027 0.3134003281593323 -0.11798599362373352
-0.6805480122566223 0.561265766620636 0.1622035652399063
-0.4393882751464844 0.5905404090881348 -0.07468333840370178
-0.3766360282897949 0.6281929612159729 -0.2327861487865448
-0.29282352328300476 0.7187687754631042 -0.13743197917938232
-0.3250519335269928 0.6666620373725891 -0.3154551684856415
-0.2118823379278183 0.290670245885849 0.37845662236213684
-0.26945823431015015 0.2656843960285187 -0.16156375408172607
-0.31250497698783875 0.6116175055503845 -0.05712283402681351
-0.08333640545606613 0.04961004853248596 0.0019700266420841217
-0.20926770567893982 0.8330243229866028 -0.17057059705257416
-0.41127005219459534 0.7437235713005066 -0.0840507298707962
-0.24176298081874847 0.8191152811050415 -0.11230824887752533
-0.33503085374832153 0.4184452295303345 -0.20181606709957123
-0.3391130566596985 0.20892463624477386 -0.09396921843290329
-0.19447191059589386 0.288968563079834 -0.11694012582302094
-0.59699946641922 0.7560151815414429 0.10697861760854721
-0.30402952432632446 0.5542697906494141 -0.13556894659996033
-0.29456827044487 0.6148443818092346 0.05500359833240509
-0.07806771248579025 0.3934992849826813 -0.1237574890255928
-0.565481960773468 0.8363968133926392 0.08019410818815231
0.11148171871900558 0.4140518009662628 -0.183876633644104
-0.4472605288028717 0.5166051983833313 0.040967877954244614
-0.4081011414527893 0.8922460079193115 -0.425740510225296
-0.5932320356369019 0.5887513756752014 -0.11705538630485535
-0.4458756446838379 0.6969454884529114 -0.07202973961830139
-0.6692439913749695 0.47393733263015747 -0.22934560477733612
-0.5320133566856384 0.5286601781845093 -0.2762048840522766
-0.6858099102973938 0.6217807531356812 -0.11974895000457764
-0.23709934949874878 0.2792770564556122 -0.07716917991638184
-0.690662682056427 0.8289926648139954 0.053360532969236374
-0.2958560585975647 0.5809133052825928 -0.18262390792369843
-0.31708064675331116 0.6537910103797913 0.09289427846670151
-0.419517457485199 0.7630122303962708 0.060593005269765854
-0.20915590226650238 0.789520263671875 -0.008602118119597435
-0.8477622270584106 0.49570432305336 0.005625837482511997
-0.23095111548900604 0.6226468086242676 -0.017886880785226822
-0.6743705868721008 0.6290088295936584 0.15714910626411438
-0.41245296597480774 0.5886045098304749 -0.045451272279024124
0.04580666869878769 0.5900632739067078 -0.09193496406078339
-0.46051284670829773 0.6104518175125122 -0.038015469908714294
-0.1312335729598999 0.5137290954589844 -0.15214289724826813
0.08633016049861908 0.46594637632369995 0.17375598847866058
-0.7879406809806824 0.6252745389938354 -0.23710794746875763
0.13164061307907104 0.9216575026512146 -0.4194428622722626
-0.2921673655509949 0.4909764528274536 -0.2206927388906479
-0.6031484603881836 0.8415552377700806 0.14050056040287018
-0.2417503446340561 0.4118611812591553 -0.28033122420310974
0.026410823687911034 1.0592308044433594 -0.12586429715156555
-0.455768346786499 0.4856288433074951 -0.4883456230163574
-0.7134102582931519 0.8632475733757019 -0.2324337661266327
-0.509660005569458 0.16679798066616058 -0.07768629491329193
-0.3763868510723114 0.4939643442630768 -0.09767232090234756
-0.3695210814476013 0.4024692475795746 -0.14520396292209625
-0.333957701921463 0.9088577628135681 -0.057570744305849075
-0.11544907093048096 0.7888326048851013 -0.22783061861991882
-0.5015427470207214 0.9575891494750977 -0.08462170511484146
-0.452642023563385 0.5725100636482239 -0.08288352191448212
-0.5141130685806274 0.6408119201660156 -0.09655427187681198
-0.5741081237792969 0.960915207862854 -0.24301625788211823
-0.49319198727607727 0.5314150452613831 0.15442538261413574
-0.5564833879470825 0.8289693593978882 -0.23391471803188324
-0.6043915152549744 0.5586739182472229 -0.09819430857896805
-0.5303889513015747 0.45272332429885864 -0.38578933477401733
-0.6797914505004883 0.6211365461349487 -0.0437287800014019
-0.5838239192962646 0.4146197736263275 0.023243172094225883
-0.02583278715610504 0.6425536274909973 -0.28839823603630066
-0.3529108464717865 0.6343992352485657 0.09486204385757446
0.021695835515856743 0.5746371746063232 0.12494659423828125
-0.3129313886165619 0.12083860486745834 0.03080250881612301
-0.42756444215774536 0.5817656517028809 0.0037774615921080112
-0.06530872732400894 0.5007995367050171 -0.35822737216949463
-0.5526244044303894 0.5183998942375183 -0.1044360026717186
-0.4290890395641327 0.3317473232746124 -0.039783306419849396
-0.6336591243743896 0.4083380401134491 -0.03256683051586151
-0.29866012930870056 0.5372042059898376 -0.16202621161937714
-0.3725144863128662 0.6466895341873169 0.060544587671756744
-0.10926543921232224 0.8766881823539734 -0.026265814900398254
-0.19560930132865906 0.7497442960739136 0.11610650271177292
-0.010902274399995804 0.19452740252017975 -0.1337854117155075
-0.5401783585548401 0.6067274212837219 -0.019922226667404175
-0.7299097180366516 0.6115676760673523 0.17933930456638336
0.047313790768384933 0.5395172834396362 -0.6148135662078857
-0.541901171207428 0.6510766744613647 -0.2157256007194519
-0.5383176207542419 0.46757563948631287 0.051510293036699295
-0.6775076985359192 0.43309441208839417 -0.13925911486148834
-0.4637104570865631 0.8786439299583435 0.24805665016174316
-0.5750737190246582 0.40482309460639954 -0.03408936783671379
-0.05406491458415985 0.45457494258880615 -0.2586697041988373
-0.42147719860076904 0.7704218626022339 -0.16488148272037506
-0.7105557918548584 0.4367360472679138 -0.01876920275390148
-0.48090997338294983 0.6647284030914307 -0.2745685875415802
-0.5482390522956848 0.9194805026054382 0.25470155477523804
-0.3630145788192749 0.8899925947189331 0.4257095754146576
-0.5119562745094299 0.6998909115791321 -0.28398019075393677
-0.30848854780197144 0.3786790668964386 -0.04038581624627113
-0.3591519594192505 0.8545666337013245 0.16256585717201233
-0.17894497513771057 0.4831165671348572 -0.1751977652311325
-0.619530200958252 0.7002555727958679 -0.06212838366627693
-0.6408534049987793 1.2444846630096436 -0.055859532207250595
-0.16257284581661224 0.29392197728157043 -0.0987958014011383
-0.34846702218055725 0.48481127619743347 -0.10642846673727036
-0.37644070386886597 0.7276085019111633 -0.13660939037799835
-0.7191716432571411 0.83693528175354 0.002974176313728094
-0.3287380337715149 0.7051466107368469 -0.1606912910938263
-0.478739470243454 0.8012992739677429 0.09674659371376038
-0.4083040654659271 0.36291196942329407 -0.14121437072753906
-0.36445313692092896 0.023637328296899796 -0.23414672911167145
-0.6341010332107544 0.5086419582366943 -0.06584241986274719
-0.6764140725135803 0.5004600286483765 -0.21222896873950958
-0.05871489271521568 0.7287620306015015 -0.21137793362140656
-0.5758081078529358 0.6247307062149048 -0.14092884957790375
-0.42295700311660767 0.6631126403808594 -0.11952704936265945
-0.468949556350708 0.5508100986480713 0.006145306397229433
-0.4606226682662964 0.6415984034538269 -0.014249442145228386
-0.2695387005805969 0.5791371464729309 -0.36305609345436096
-0.6716893315315247 0.4960620105266571 -0.14027346670627594
-0.2669129967689514 0.5290037393569946 0.3573555648326874
-0.2729247510433197 0.6469200253486633 0.4536954462528229
-0.5246221423149109 0.6896178126335144 0.16987721621990204
-0.32896649837493896 0.7271543145179749 -0.07840284705162048
-0.24387367069721222 0.37513282895088196 -0.06853723526000977
-0.619356095790863 0.44594839215278625 -0.44639790058135986
-0.43327629566192627 0.48981985449790955 -0.08042705804109573
-0.33290064334869385 0.8529074192047119 -0.1869659572839737
-0.33832496404647827 0.5563414692878723 -0.008467882871627808
-0.5128409266471863 0.4860040545463562 0.179459810256958
-0.4510174095630646 0.4619261920452118 -0.044868241995573044
-0.6942682266235352 0.9990439414978027 0.09522506594657898
-0.13255853950977325 0.6051833629608154 -0.10891765356063843
-0.5140313506126404 0.49363014101982117 -0.09131927043199539
-0.4779587388038635 0.5987434387207031 -0.14771881699562073
-0.42361003160476685 0.5596981048583984 0.18960469961166382
-0.6792121529579163 -0.08662153035402298 0.14323870837688446
-0.45498284697532654 0.7549686431884766 -0.2506549656391144
-0.45569485425949097 0.4574752449989319 -0.14828850328922272
-0.430915504693985 0.5390202403068542 -0.07147497683763504
-0.47450676560401917 0.8276183605194092 -0.21804773807525635
-0.414621502161026 0.5344077944755554 0.14370302855968475
-0.365217000246048 0.7376622557640076 -0.07371281832456589
-0.3339412212371826 0.6202529668807983 -0.046003177762031555
-0.4869958460330963 0.32460346817970276 -0.10397175699472427
-0.39236506819725037 0.6095943450927734 -0.3931601345539093
-0.6536245942115784 0.41298845410346985 0.13932819664478302
-0.645469605922699 0.48153993487358093 -0.01028946228325367
-0.43554285168647766 0.8267828822135925 0.5545192956924438
-0.273973286151886 0.606209933757782 -0.3073861598968506
-0.4478907287120819 0.5926123261451721 -0.3903258442878723
-0.45252886414527893 0.7781234979629517 -0.02958325482904911
-0.4734239876270294 0.317405104637146 -0.0576200932264328
-0.4618139863014221 0.3496119976043701 -0.045640844851732254
0.008706999942660332 0.6570881009101868 -0.333430677652359
-0.43251171708106995 0.587237536907196 -0.13440734148025513
-0.31040558218955994 0.5531635880470276 -0.0880594477057457
-0.2766820192337036 0.5461058616638184 -0.2929955720901489
-0.2907926142215729 0.6287769675254822 0.08456815779209137
-0.39758312702178955 0.7614536881446838 0.2972598075866699
-0.5704920291900635 0.6280513405799866 -0.28875407576560974
-0.6752970218658447 0.6529727578163147 -0.019013158977031708
-0.02330099418759346 0.15806612372398376 -0.025025472044944763
-0.5756598114967346 0.6610727906227112 -0.12041054666042328
-0.17444798350334167 0.7084265351295471 -0.5454789400100708
-0.7237046360969543 1.076878547668457 0.2290772944688797
-0.30556875467300415 0.6440402269363403 -0.06612037122249603
-0.5266631841659546 0.7600278258323669 -0.17602525651454926
-0.43810218572616577 0.7744232416152954 -0.15656425058841705
-0.618861198425293 0.6001341938972473 0.04722772166132927
-0.47997307777404785 0.6507207751274109 0.5042882561683655
-0.7895810604095459 0.8399637341499329 -0.25870075821876526
-0.3923604190349579 0.6370384693145752 -0.3141833245754242
-0.06968031823635101 0.6085609793663025 -0.29853636026382446
-0.2345842570066452 0.8474481105804443 0.14581429958343506
-0.4368780255317688 0.9252185821533203 0.34041187167167664
-0.3278947174549103 0.6816384196281433 -0.19030213356018066
-0.4142318367958069 0.3410210609436035 0.4416595697402954
-0.5895724296569824 0.5837991237640381 -0.1581139713525772
-0.49726420640945435 0.2316712588071823 0.33083754777908325
-0.2590034008026123 0.6269932985305786 -0.30698156356811523
-0.35605862736701965 0.7202020287513733 0.042596302926540375
-0.5482312440872192 0.9869711995124817 0.2883048951625824
-0.39873382449150085 0.5769656300544739 -0.31730422377586365
-0.21203845739364624 0.46992817521095276 -0.3912554383277893
-0.2431594878435135 0.194117933511734 -0.11102957278490067
-0.3402666747570038 0.47821271419525146 0.0017785909585654736
-0.3342509865760803 0.8299658894538879 -0.09797792881727219
-0.3016733229160309 0.8188382387161255 -0.0928928479552269
-0.4971425235271454 0.8691611886024475 -0.22687263786792755
-0.5886626839637756 0.14690113067626953 0.03760436177253723
-0.44137367606163025 0.7502221465110779 -0.18509447574615479
-0.44371458888053894 0.4542461335659027 0.043512579053640366
-0.4517715573310852 0.6247794032096863 -0.19313818216323853
-0.5284425616264343 0.32071736454963684 -0.07938633859157562
-0.7641428112983704 0.6728652715682983 0.07726387679576874
-0.4890661835670471 0.6391610503196716 0.10072889924049377
-0.31702908873558044 0.6944311857223511 0.0641552209854126
-0.425185889005661 0.6012211441993713 -0.06445392221212387
-0.6358925700187683 0.650005042552948 0.13888517022132874
-0.5045071840286255 0.5260531902313232 -0.5101292729377747
-0.6178417801856995 0.08276816457509995 0.14165669679641724
-0.493520051240921 1.11018967628479 -0.07994576543569565
-0.6034278273582458 0.5982916951179504 0.05236552655696869
-0.236358180642128 0.6759195327758789 -0.7087172269821167
-0.22710688412189484 0.7984147667884827 0.001503760227933526
-0.34393468499183655 0.6115877628326416 -0.24205265939235687
-0.11564082652330399 0.906126856803894 0.05230569466948509
-0.5129783153533936 0.6605531573295593 -0.21371115744113922
-0.38701558113098145 0.17155738174915314 0.1284083127975464
-0.5393013954162598 0.8298364877700806 0.25911444425582886
-0.4677571952342987 0.5182788968086243 -0.11154917627573013
-0.03170493245124817 0.8165561556816101 0.5132546424865723
-0.6892716884613037 0.2745232582092285 0.18081487715244293
-0.403489351272583 0.481769323348999 0.06182954087853432
-0.5149185061454773 0.2948503792285919 -0.16060037910938263
-0.37539300322532654 0.6396448016166687 -0.3088357150554657
-0.3783259987831116 0.03587916120886803 -0.3539741039276123
-0.37397295236587524 0.8445348739624023 0.062380190938711166
-0.5742397904396057 0.6706478595733643 -0.07498545944690704
-0.346981018781662 0.829149067401886 -0.0925588309764862
-0.5925226211547852 0.7539582848548889 -0.12376024574041367
-0.5663642883300781 0.9695605635643005 -0.3584408760070801
-0.3812727928161621 0.9490163326263428 -0.007242225576192141
-0.5339129567146301 0.7688756585121155 -0.04333167523145676
-0.5491012334823608 0.6257960796356201 -0.2406129539012909
-0.2102140337228775 0.891629159450531 0.5162314772605896
-0.3988388478755951 0.35488003492355347 -0.04833728447556496
-0.3679329454898834 1.057466745376587 0.14852961897850037
-0.35261571407318115 0.6785683631896973 0.058614276349544525
-0.3061662018299103 0.7955107688903809 -0.2910180389881134
-0.5036532282829285 1.0681253671646118 -0.15163667500019073
-0.5130119919776917 0.3345056474208832 -0.04360778629779816
-0.596550703048706 0.6312013268470764 -0.08461090177297592
-0.4126368463039398 0.6479204893112183 -0.15987195074558258
-0.11758771538734436 0.8429353833198547 0.22298115491867065
-0.40412527322769165 0.4183945953845978 -0.05552126467227936
-0.5341241359710693 0.7566145658493042 0.04367408901453018
-0.5368162393569946 0.6894214153289795 -0.14351001381874084
-0.25063639879226685 0.5761893391609192 -0.11586731672286987
-0.32770249247550964 0.8003437519073486 -0.18753477931022644
-0.3998149037361145 0.6580916047096252 -0.10642174631357193
-0.6068896055221558 0.39662104845046997 -0.15725955367088318
-0.2503150403499603 0.39608368277549744 0.003688863245770335
-0.6071884036064148 0.785295844078064 0.03533540293574333
-0.2389022707939148 0.6713926792144775 -0.21190306544303894
-0.07444354146718979 0.41206228733062744 -0.12635375559329987
-0.5021123886108398 0.43848174810409546 0.4091395139694214
-0.5120846033096313 0.541495144367218 -0.08783160150051117
-0.4876047968864441 0.6261351704597473 0.11391109973192215
-0.34397271275520325 0.662555456161499 -0.2642378509044647
-0.35312536358833313 0.5400335788726807 -0.11940709501504898
-0.44996583461761475 0.2327888309955597 -0.0703316330909729
0.19263097643852234 0.3820422887802124 0.11079375445842743
-0.5452041625976562 0.8572702407836914 -0.10308421403169632
-0.30973073840141296 0.36541882157325745 -0.07793710380792618
-0.509854793548584 0.3628310561180115 0.03328772634267807
-0.6846908330917358 0.3426238000392914 -0.02233363687992096
-0.3254091441631317 0.6773192882537842 -0.5676604509353638
-0.4881550967693329 -0.02649560384452343 0.10032545030117035
-0.41896167397499084 0.7056517601013184 -0.23528258502483368
-0.373568058013916 0.7859850525856018 -0.2897857427597046
-0.3105165362358093 0.8058227300643921 0.11405918002128601
-0.7570861577987671 -0.034342676401138306 0.04096294194459915
-0.5421247482299805 0.8668743968009949 -0.06383075565099716
-0.5135773420333862 0.5267239809036255 -0.11734583228826523
-0.3747522830963135 0.3280124366283417 -0.14044307172298431
-0.6379978060722351 0.36632442474365234 0.09619173407554626
-0.4635482430458069 0.6166080832481384 -0.13096381723880768
-0.29470887780189514 0.8584989309310913 -0.2209070920944214
-0.3394031524658203 0.3907071650028229 -0.09290549159049988
-0.3512604236602783 0.8709549903869629 -0.24968421459197998
-0.5083053112030029 0.6212885975837708 -0.0672883614897728
-0.43990761041641235 0.26627975702285767 -0.19498881697654724
-0.5720876455307007 0.7049159407615662 -0.11576341092586517
-0.6505568623542786 0.49367180466651917 -0.039831679314374924
-0.5904859900474548 1.1380077600479126 -0.016062859445810318
-0.5956872701644897 0.4188028872013092 0.31462571024894714
-0.06787603348493576 0.24141888320446014 -0.329102486371994
-0.5071078538894653 0.4667344391345978 -0.01479618065059185
-0.6271288990974426 0.8511936068534851 0.33391711115837097
-0.4137239158153534 0.9370349049568176 -0.41218918561935425
-0.20171622931957245 0.5890942811965942 -0.2535263001918793
-0.16351845860481262 0.6824725866317749 -0.3013331890106201
-0.7136580348014832 0.8748647570610046 0.07765253633260727
-0.5650646686553955 0.9764277935028076 -0.43620240688323975
-0.38324546813964844 0.422122061252594 -0.37698042392730713
-0.40826615691185 0.1867961436510086 -0.01850280910730362
0.004479081369936466 0.8709377646446228 0.24865885078907013
-0.2511502504348755 0.6050286889076233 -0.14887413382530212
-0.5683026909828186 0.5318993926048279 -0.0652245581150055
-0.2528892755508423 0.6398656368255615 -0.02891494333744049
-0.15101070702075958 0.3755614459514618 -0.09704914689064026
-0.6357612609863281 0.46864286065101624 -0.02516588568687439
-0.5997635126113892 0.6968992948532104 0.03362901508808136
-0.5287474989891052 0.6801699995994568 -0.044615957885980606
-0.3541625440120697 0.6342401504516602 -0.23714619874954224
-0.6983376145362854 0.8057246804237366 -0.29555585980415344
-0.5340501666069031 0.3170248866081238 0.05885505676269531
-0.1979016214609146 0.9949756264686584 -0.05291619896888733
-0.37832340598106384 0.7695889472961426 -0.22907336056232452
-0.510781466960907 0.4914119839668274 -0.073487289249897
-0.43511462211608887 0.6297979354858398 0.10265102982521057
-0.13864195346832275 0.6118268966674805 -0.0705428346991539
-0.6370843052864075 0.6535223722457886 0.09945069253444672
-0.48747000098228455 0.3024117946624756 -0.22285141050815582
-0.10564610362052917 0.39691463112831116 -0.17472819983959198
-0.4952622354030609 0.9045202732086182 0.3321887254714966
-0.31614258885383606 0.7352522611618042 -0.4207276403903961
-0.685184121131897 0.8159289360046387 -0.03755800798535347
-0.43463507294654846 0.6893041133880615 -0.08967334777116776
-0.502356767654419 0.5408290028572083 -0.04202382266521454
-0.4536159038543701 0.6872330904006958 0.17195817828178406
-0.1820942908525467 0.10803166031837463 -0.05208073928952217
-0.07423754781484604 0.5258729457855225 0.03149329498410225
-0.09770557284355164 0.6029276847839355 -0.32329127192497253
-0.32344850897789 0.5805700421333313 0.37655380368232727
-0.7320988774299622 0.9746897220611572 0.3774871230125427
-0.21071554720401764 0.14404594898223877 -0.2957545816898346
-0.5670920610427856 0.893339216709137 -0.14756403863430023
-0.5086864829063416 0.22371326386928558 -0.07078202068805695
-0.2081848382949829 0.8125914335250854 -0.0836121067404747
-0.3442106544971466 0.5315344929695129 -0.11257237195968628
-0.25324931740760803 0.5496479868888855 -0.2948700487613678
-0.5904290080070496 0.7381308674812317 -0.25514882802963257
-0.23717941343784332 0.7773615717887878 -0.3418179452419281
-0.2974138557910919 0.3513032793998718 -0.07293877750635147
-0.25477680563926697 0.46059146523475647 0.11930776387453079
-0.360906720161438 0.4703803062438965 -0.07134997099637985
-0.3189968168735504 0.8580546975135803 -0.2879273295402527
0.04041130468249321 0.7910441160202026 -0.2538180649280548
-0.575633704662323 0.6279281973838806 -0.14983423054218292
-0.33337315917015076 0.4502602815628052 -0.004353738389909267
-0.7847725749015808 0.7913188934326172 0.05131657049059868
-0.6923762559890747 0.26863372325897217 -0.02633637934923172
-0.34211623668670654 0.7421281337738037 0.28269702196121216
-0.46979984641075134 0.5854517221450806 0.009960757568478584
-0.04194292053580284 0.9468191266059875 -0.2676149904727936
-0.5745600461959839 0.5740710496902466 -0.09128103405237198
-0.6315730214118958 0.044053152203559875 0.21580134332180023
-0.4612051248550415 0.5006103515625 0.007469710428267717
-0.4983975887298584 0.707305371761322 -0.14907899498939514
-0.5198579430580139 0.9246434569358826 0.5322431921958923
-0.3845415413379669 0.7026781439781189 0.014065155759453773
-0.28048184514045715 0.006909049116075039 0.12196945399045944
-0.6448854207992554 0.5936996340751648 -0.20656153559684753
-0.41249918937683105 0.6335728168487549 -0.14890827238559723
-0.6149343252182007 0.8393358588218689 0.17175409197807312
-0.46899351477622986 0.7279860973358154 -0.3883865475654602
-0.5608459115028381 0.5811318755149841 -0.12747298181056976
-0.36094537377357483 0.8010595440864563 0.09274239093065262
-0.5498042702674866 0.8061190247535706 0.19586071372032166
-0.4417673647403717 0.5470454096794128 -0.1214546486735344
-0.046990152448415756 0.6608325839042664 -0.25179535150527954
-0.6393872499465942 0.7704540491104126 -0.2540895342826843
-0.0908924788236618 0.28163275122642517 0.08572747558355331
-0.498457670211792 0.6908430457115173 -0.1852371245622635
-0.46994662284851074 0.6645042300224304 -0.2873350977897644
-0.07230144739151001 0.5019988417625427 -0.3738658130168915
-0.5489274859428406 0.3924292027950287 -0.21150951087474823
-0.7290590405464172 1.0563124418258667 -0.015088798478245735
-0.4081094264984131 0.48832014203071594 0.06840848177671432
-0.3890499770641327 0.6342193484306335 -0.17668500542640686
-0.14395977556705475 0.38092654943466187 -0.08784308284521103
-0.5353751182556152 0.6090335845947266 -0.3124081492424011
-0.1372520923614502 0.7891170978546143 0.24881108105182648
-0.4323813021183014 0.7809855341911316 0.13818520307540894
-0.5191237926483154 0.6763850450515747 -1.2170602083206177
-0.7070356607437134 0.1527862697839737 0.07270247489213943
-0.7073149681091309 0.5372430682182312 -0.041648201644420624
-0.3442832827568054 0.49181994795799255 -0.11829376965761185
-0.5600360631942749 0.5175924301147461 0.006983599625527859
-0.6594554781913757 0.8986369371414185 0.057662926614284515
0.07244938611984253 0.4236568808555603 -0.11491672694683075
-0.62740558385849 0.8362797498703003 -0.01361200399696827
-0.401633620262146 0.6845301389694214 -0.10410060733556747
-0.23889467120170593 0.7289491295814514 -0.2171115279197693
-0.11970363557338715 0.7031441926956177 -0.040658917278051376
-0.6962783336639404 0.709511935710907 -0.05415830761194229
-0.2118104249238968 0.4938288927078247 -0.022149430587887764
-0.4474051296710968 0.6954985857009888 0.030456271022558212
-0.30045753717422485 0.7346943020820618 -0.24247251451015472
-0.45243892073631287 0.8103827834129333 0.3036370873451233
-0.5390740036964417 0.628538191318512 0.06181379035115242
-0.5030167698860168 0.34766286611557007 -0.3038956820964813
-0.35066452622413635 0.6800814270973206 -0.14250552654266357
-0.37241438031196594 0.7005915641784668 -0.2131030261516571
-0.34198281168937683 0.8423694968223572 -0.26192668080329895
-0.5406999588012695 0.36880919337272644 0.24113959074020386
-0.4554024934768677 0.8218295574188232 -0.06708789616823196
-0.5018686056137085 0.7214167714118958 -0.20267510414123535
-0.4102270305156708 0.4026092290878296 0.2654183804988861
-0.33752381801605225 0.1343003660440445 0.08128830790519714
-0.33930090069770813 0.7348936200141907 -0.18809126317501068
-0.383868008852005 0.6332945227622986 -0.0718122348189354
0.09080944210290909 0.03326062113046646 -0.2931731045246124
-0.2977805435657501 0.503566324710846 -0.13040189445018768
-0.3732142448425293 0.4876248836517334 -0.13697490096092224
-0.7286079525947571 0.6529070138931274 0.1545184850692749
-0.350718230009079 0.6415401697158813 0.3745794892311096
-0.08321050554513931 0.6587516665458679 0.008175901137292385
-0.26627808809280396 0.5137394070625305 -0.14421039819717407
-0.4931251108646393 0.49351322650909424 -0.129312664270401
-0.4133076071739197 0.733307957649231 0.020142508670687675
-0.28138110041618347 0.7729068398475647 -0.3987250328063965
-0.310569703578949 0.7195236086845398 -0.171596497297287
-0.15270410478115082 0.7422562837600708 -0.23068973422050476
-0.659960150718689 0.6162900328636169 -0.13621629774570465
