ply
format ascii 1.0
element vertex 2048
property float x
property float y
property float z
end_header
0.2998301386833191 0.5107277035713196 -0.3893953859806061
-0.4213155508041382 0.4875410497188568 -0.14987127482891083
-0.2381715029478073 0.30578359961509705 -0.19252100586891174
-0.1504514068365097 -0.38834044337272644 -0.2531871199607849
-0.39820337295532227 -0.25604960322380066 -0.1538764089345932
0.1881796270608902 0.5575935244560242 -0.30386245250701904
0.3847588300704956 -0.6558392643928528 -0.2821923792362213
0.14025676250457764 1.0182299613952637 0.07200898230075836
-0.3456185460090637 0.29384833574295044 -0.22242817282676697
-0.26111578941345215 0.02598266489803791 -0.19647251069545746
-0.42911481857299805 0.0451158732175827 0.2988111674785614
-0.36407357454299927 0.4999144971370697 -0.2520585358142853
-0.14952781796455383 0.31907060742378235 -0.11390920728445053
-0.42070555686950684 0.40595629811286926 0.015295518562197685
-0.4939577281475067 0.6540283560752869 0.03787359222769737
-0.4241461455821991 0.3916389048099518 -0.043601274490356445
-0.35046353936195374 0.4560226500034332 0.13784730434417725
-0.5159002542495728 0.8890897035598755 0.08313436806201935
-0.16623902320861816 -0.030247913673520088 -0.5250921845436096
-0.031378310173749924 0.4610346257686615 -0.2185022085905075
-0.2682146728038788 0.4348060190677643 -0.3483523428440094
-0.5593091249465942 -0.5056188106536865 -0.0531914196908474
-0.4459637701511383 0.7761218547821045 0.4623539447784424
-0.5645825862884521 0.515647828578949 0.033347878605127335
0.3366670310497284 0.8017555475234985 -0.39116233587265015
-0.4334178566932678 0.23074808716773987 -0.47495970129966736
-0.6182307600975037 0.3285363018512726 0.11893058568239212
-0.07293812185525894 0.6281668543815613 -0.02625870332121849
-0.23850040137767792 0.26603421568870544 -0.3413237929344177
-0.22543875873088837 -0.27809199690818787 -0.06633958220481873
-0.1367374062538147 0.5766355395317078 -0.06308962404727936
-0.33048492670059204 0.47287115454673767 -0.08508788794279099
-0.3162309229373932 0.40113309025764465 -0.22666899859905243
-0.5142953991889954 0.7738578915596008 0.13202469050884247
-0.06652709096670151 -0.0033912756480276585 -0.07157094031572342
-0.5023720860481262 0.7011841535568237 0.30571120977401733
-0.4207608699798584 0.4506967067718506 -0.21678556501865387
-0.41754966974258423 0.40719282627105713 0.21250033378601074
-0.45989376306533813 0.6731107234954834 0.034813567996025085
-0.2789493203163147 -0.5916921496391296 -0.07690711319446564
-0.4035073220729828 0.2260999232530594 0.21659080684185028
-0.19162937998771667 0.6793739795684814 0.04176183417439461
-0.41069453954696655 -0.3089146912097931 0.08164607733488083
0.09187858551740646 0.20329415798187256 -0.10403715074062347
-0.5381073355674744 0.441681444644928 0.28377091884613037
0.3632422685623169 0.3482523560523987 -0.25556454062461853
-0.48011183738708496 0.29049062728881836 0.2500685453414917
-0.6639371514320374 0.2481195330619812 0.013131620362401009
-0.15129894018173218 0.031188923865556717 -0.3266245722770691
-0.5171990394592285 0.22112998366355896 0.20884928107261658
-0.4915294647216797 0.7592528462409973 -0.24969127774238586
-0.31344613432884216 0.22128793597221375 -0.3168862462043762
-0.5508754253387451 0.5574489831924438 -0.1982666254043579
-0.5257090330123901 -0.2278888076543808 -0.1388019621372223
0.06042802706360817 0.36643680930137634 -0.06650272756814957
0.3640858829021454 -0.0327826626598835 -0.3968315124511719
-0.4460867643356323 0.19430013000965118 0.13989824056625366
-0.13697637617588043 0.07174168527126312 -0.02738265134394169
0.4045513868331909 0.42731475830078125 -0.16329222917556763
-0.33751630783081055 0.4850288927555084 0.105157770216465
-0.542205274105072 0.48946279287338257 0.004372652620077133
-0.12106509506702423 0.3494516909122467 -0.19960346817970276
-0.44451236724853516 0.39590784907341003 -0.0739813968539238
-0.47086405754089355 0.5100200176239014 -0.06265117228031158
-0.23874327540397644 0.56536465883255 -0.16476362943649292
-0.3847396671772003 0.2814110219478607 -0.20595891773700714
-0.4565204381942749 0.5058541297912598 0.05164070799946785
-0.25997403264045715 0.09623261541128159 -0.12548355758190155
-0.4857287108898163 0.4981593191623688 0.026801656931638718
-0.3058948814868927 0.17809727787971497 -0.27902472019195557
-0.7069336771965027 0.16229282319545746 -0.05336032062768936
-0.38602426648139954 0.4144807457923889 -0.4212472140789032
-0.3402790129184723 0.33453378081321716 -0.22120490670204163
-0.4568144679069519 0.3081147372722626 0.1610127091407776
-0.54610276222229 0.37641191482543945 0.035807058215141296
-0.6392689943313599 0.1277814656496048 0.05812304466962814
-0.16636481881141663 -0.40964141488075256 -0.43135330080986023
-0.4535636901855469 0.7002940773963928 0.15656384825706482
0.34029293060302734 -0.03534232825040817 -0.3263756036758423
-0.5488585233688354 0.6089417338371277 0.2657625079154968
-0.4843418598175049 0.716664731502533 0.0011496155057102442
-0.3064296245574951 0.411772757768631 -0.16232050955295563
-0.4983791708946228 0.41487035155296326 -0.1496840864419937
-0.4219689667224884 0.3549438416957855 0.3018493950366974
-0.25785699486732483 0.47327202558517456 0.05610036477446556
-0.04902937263250351 0.6785145998001099 -0.11132591217756271
-0.44308024644851685 -0.3896077573299408 -0.12129364907741547
-0.30700644850730896 -0.05794622376561165 -0.6066091060638428
-0.4735833704471588 0.15624217689037323 -0.04870414733886719
0.17319773137569427 0.3961636424064636 -0.10395977646112442
0.48114514350891113 0.23312129080295563 -0.18715283274650574
0.48029613494873047 0.23147574067115784 -0.1971619576215744
-0.4682350754737854 0.6026138067245483 0.15022966265678406
-0.42169860005378723 0.14100521802902222 -0.22206728160381317
-0.5641487240791321 0.3750256597995758 0.2522933781147003
0.2547631859779358 0.38079142570495605 0.023762540891766548
-0.5631052255630493 0.2732833921909332 -0.32863035798072815
-0.5242933034896851 0.47061586380004883 0.03968129679560661
0.41019296646118164 0.15628007054328918 -0.20372585952281952
-0.2701281011104584 -0.4457440674304962 0.2800372838973999
-0.7147066593170166 0.7285249829292297 -0.16762962937355042
-0.5474468469619751 0.5313411355018616 -0.06700249016284943
-0.43187105655670166 0.23073261976242065 0.34034693241119385
-0.1640523374080658 0.3458366096019745 -0.8876963257789612
0.031570855528116226 0.5233991146087646 -0.212570920586586
-0.2904430329799652 0.5318942666053772 -0.08499272167682648
-0.4884720742702484 0.6689032316207886 0.15148919820785522
-0.07271041721105576 0.18111199140548706 -0.13286273181438446
-0.4106985330581665 0.4101061522960663 -0.11621293425559998
-0.2845742404460907 0.3324849307537079 -0.6604021191596985
-0.21704772114753723 0.6156641840934753 -0.05812815949320793
-0.18845710158348083 0.6233438849449158 -0.08737263828516006
-0.1641806960105896 0.334452748298645 -0.5625653862953186
-0.44707977771759033 0.3797588646411896 -0.18787643313407898
-0.3285202383995056 0.11146014928817749 -0.018051376566290855
-0.48484301567077637 0.6352145075798035 -0.16394439339637756
-0.2885321378707886 0.6069275736808777 -0.12202651053667068
-0.008335445076227188 0.30539244413375854 -0.634337306022644
0.13914477825164795 0.42725664377212524 -0.33908310532569885
-0.45788848400115967 0.617306649684906 -0.09004266560077667
-0.5463571548461914 0.20842108130455017 0.19875195622444153
-0.2456314116716385 0.32865893840789795 -0.528778076171875
-0.37721505761146545 -0.23134367167949677 -0.20542767643928528
0.23215986788272858 0.24311739206314087 -0.007967127487063408
-0.4599345624446869 0.5762332677841187 0.29889604449272156
-0.5065563321113586 0.5538480281829834 -0.21749407052993774
-0.508708119392395 0.4592077136039734 -0.14497032761573792
-0.3875562846660614 0.3666912615299225 -0.10377377271652222
-0.38417574763298035 0.4908329248428345 0.12618422508239746
-0.42666348814964294 0.5919833779335022 0.08006308972835541
-0.0883583351969719 -0.2639040946960449 -0.27230849862098694
0.061266206204891205 0.5681400299072266 -0.17027004063129425
0.5340972542762756 0.07077323645353317 -0.24899935722351074
-0.3588846027851105 0.3267764747142792 -0.2460843026638031
-0.2610258162021637 0.7423169612884521 -0.05458153039216995
-0.4557969570159912 -0.35962504148483276 0.20921726524829865
-0.4008732736110687 0.592386782169342 0.04187192767858505
-0.5283111333847046 0.3898904323577881 0.23468367755413055
-0.3829987049102783 0.265537828207016 -0.5204598903656006
-0.48793983459472656 0.763058066368103 0.4087006151676178
-0.4795056879520416 0.7650538682937622 -0.1297592669725418
-0.00019254221115261316 0.19047905504703522 -0.41897866129875183
-0.23972608149051666 -0.08434811979532242 -0.02416752278804779
-0.37829703092575073 0.498475044965744 -0.05274145305156708
-0.6157916188240051 0.07895714044570923 -0.31998008489608765
-0.362162709236145 0.3080649673938751 0.0016299458220601082
-0.4463706910610199 0.24431321024894714 -0.27195605635643005
-0.35693448781967163 -0.26868876814842224 -0.2763696014881134
0.09808462113142014 -0.10564114153385162 -0.027116157114505768
-0.012346353381872177 0.662488579750061 0.08254315704107285
0.3627510368824005 0.2795143127441406 -0.4267894923686981
-0.3230702579021454 0.38655486702919006 -0.06691688299179077
-0.5118661522865295 0.0915282741189003 -0.3527955412864685
-0.4592343866825104 0.2591569423675537 -0.08882778137922287
-0.347962886095047 0.17173072695732117 0.10742824524641037
-0.5232260227203369 0.05393514037132263 -0.3474177420139313
-0.5180168747901917 -0.07630805671215057 0.15416482090950012
-0.29142826795578003 0.07127714902162552 -0.2770861089229584
-0.527511477470398 0.03250502049922943 -0.12984046339988708
-0.4378700852394104 0.6479389071464539 -0.0510755218565464
-0.4958570897579193 0.37935468554496765 0.04126022383570671
-0.40957802534103394 0.6186863780021667 -0.15049423277378082
-0.3996095359325409 0.5217414498329163 0.06979008764028549
-0.49109145998954773 0.40695834159851074 0.2748676836490631
-0.6259588003158569 -0.18267327547073364 0.08949846774339676
-0.2411656528711319 0.3363533318042755 -0.10822928696870804
-1.0512776374816895 0.22298695147037506 0.0011502935085445642
-0.07042669504880905 0.6423367261886597 -0.11283929646015167
-0.33672061562538147 0.5038307905197144 -0.17655591666698456
-0.4293385446071625 -0.13100846111774445 -0.30155134201049805
-0.5731978416442871 0.6368633508682251 -0.2371440976858139
0.3319971263408661 0.030202852562069893 -0.3819153606891632
-0.40002140402793884 0.28378430008888245 0.2902454137802124
-0.44772857427597046 -0.744480311870575 0.2546224296092987
-0.30055859684944153 0.4401783347129822 0.2906635105609894
-0.24096639454364777 0.6471071839332581 0.007876651361584663
-0.5055010318756104 0.2476596087217331 0.09501190483570099
-0.28552427887916565 0.1998329907655716 -0.07383709400892258
0.22661720216274261 0.2917781472206116 -0.14478003978729248
-0.4812676012516022 0.26506859064102173 -0.30029571056365967
-0.46900883316993713 0.8633196949958801 -0.01613183692097664
-0.31232842803001404 0.9981055855751038 -0.14516519010066986
-0.4151906371116638 -0.12027967721223831 0.09088937193155289
-0.17794111371040344 0.7428491115570068 -0.15298646688461304
-0.5582957863807678 0.5068168640136719 -0.3479052782058716
0.3287632167339325 0.14214618504047394 -0.113278329372406
-0.29901039600372314 0.5514601469039917 0.024454135447740555
-0.3080737590789795 0.8273112773895264 0.1469099372625351
-0.5104378461837769 0.678265392780304 -0.28101882338523865
-0.5320656895637512 -1.0088609457015991 0.14367902278900146
-0.4418509900569916 -0.061351094394922256 -0.004463537130504847
-0.3210028409957886 0.34322983026504517 -0.2424020767211914
-0.4183448255062103 0.2642087936401367 -0.3664306104183197
0.1868399977684021 0.20229603350162506 -0.03723158687353134
-0.39353904128074646 0.4522832930088043 -0.1524932086467743
-0.5158469080924988 0.4417063295841217 -0.08306951075792313
-0.581881582736969 0.10679170489311218 0.11733768880367279
-0.437919944524765 -0.14877234399318695 -0.097237229347229
-0.2016955316066742 0.27446964383125305 -0.18895110487937927
0.6439365744590759 -0.37960997223854065 -0.370496928691864
-0.4183713495731354 0.7781502604484558 0.02367560565471649
-0.22802038490772247 0.5410477519035339 0.03312128409743309
-0.2529015839099884 0.36407098174095154 -0.047506652772426605
-0.5115745067596436 0.43478479981422424 -0.13160359859466553
-0.6651768088340759 0.372347891330719 -0.030792219564318657
-0.5681053400039673 0.564010739326477 -0.19747482240200043
-0.23906274139881134 0.10220514237880707 -0.6013730764389038
0.08620244264602661 -0.16911689937114716 -0.07471396028995514
-0.40137630701065063 0.42548874020576477 -0.15664565563201904
-0.1480700671672821 0.5086125731468201 -0.03886402025818825
0.06906398385763168 0.34509143233299255 -0.3589111268520355
-0.19511236250400543 0.7110828757286072 0.0012237820774316788
-0.4693071246147156 0.5305739641189575 0.3818145990371704
-0.34027495980262756 0.30929118394851685 0.17380984127521515
-0.5134718418121338 0.5128522515296936 -0.2287493497133255
-0.09508877247571945 0.12038131803274155 -0.17175911366939545
-0.08183258026838303 0.44560354948043823 -0.09674746543169022
-0.2624664008617401 0.159227654337883 -0.39570352435112
-0.37056443095207214 0.7453067302703857 0.029488112777471542
0.26600807905197144 0.471470445394516 -0.21981896460056305
0.1897742748260498 0.7050949931144714 0.14091753959655762
0.08319078385829926 0.2684997320175171 -0.4836699366569519
-0.5061199069023132 0.6452650427818298 -0.008060399442911148
-0.3634074032306671 0.41630345582962036 -0.1196025013923645
-0.4597795605659485 0.4207627475261688 0.04565226286649704
-0.4717106521129608 0.3703678846359253 0.2624455690383911
-0.4534110426902771 0.5904546976089478 0.15617382526397705
-0.10627004504203796 0.3385871946811676 -0.5799471139907837
-0.19073092937469482 0.5959674119949341 0.018542125821113586
-0.45341816544532776 0.35014963150024414 0.3575895130634308
-0.5676520466804504 0.8125997185707092 -0.0999625101685524
-0.317812442779541 0.8405826091766357 0.09660147875547409
-0.47204527258872986 -0.38665732741355896 -0.17329420149326324
-0.1981554478406906 0.5185210108757019 -0.38910967111587524
-0.10182498395442963 0.493153840303421 0.03354284167289734
-0.5100993514060974 -0.2549285292625427 0.02342243120074272
-0.45058295130729675 0.6229611039161682 -0.14341962337493896
-0.37005141377449036 0.40954750776290894 0.05204711854457855
-0.4290272891521454 0.4290246069431305 -0.09200016409158707
-0.5239680409431458 0.45025333762168884 0.028608325868844986
-0.11345371603965759 -0.051750198006629944 -0.5188773274421692
-0.5220099687576294 0.7146785855293274 0.09468121826648712
-0.6142221689224243 -0.4344433546066284 -0.08110935986042023
0.32352373003959656 0.5048840641975403 -0.2621271312236786
-0.45424970984458923 0.5740823149681091 -0.18581277132034302
-0.32377293705940247 0.434506356716156 -0.20943136513233185
-0.6068162322044373 0.9501767158508301 0.26806125044822693
-0.4311862885951996 0.6544684171676636 -0.01367618702352047
-0.41235432028770447 0.5139608979225159 -0.10724270343780518
-0.08850988745689392 0.4423259496688843 -0.13885316252708435
-0.14407455921173096 0.370263934135437 -0.07567599415779114
-0.4873819351196289 0.6749658584594727 0.1660609394311905
-0.6102086305618286 -0.35748523473739624 0.3017762303352356
-0.6090330481529236 0.42452380061149597 0.03041076846420765
-0.4308559000492096 0.15476365387439728 -0.23492808640003204
-0.22919213771820068 0.5696811676025391 -0.14392384886741638
-0.2728818356990814 -0.1247834786772728 -0.2718823254108429
-0.07972807437181473 -0.04270060732960701 -0.11851827055215836
-0.44011110067367554 0.48784324526786804 -0.12285228073596954
-0.437697172164917 0.4611452519893646 -0.07704996317625046
-0.4387339949607849 0.25418099761009216 0.06634293496608734
-0.38037964701652527 0.6526681184768677 -0.0678836852312088
-0.3634476661682129 0.42134061455726624 -0.045589033514261246
-0.2991330027580261 -0.19592508673667908 0.11786942929029465
-0.37115323543548584 0.2886601984500885 -0.24328604340553284
-0.14906418323516846 0.19840770959854126 -0.28949955105781555
-0.31106483936309814 0.6597698926925659 -0.12942172586917877
-0.3087761700153351 0.11127417534589767 0.2000368982553482
-0.34467813372612 0.38237905502319336 -0.20016978681087494
-0.09150110930204391 0.17829136550426483 -0.2811199128627777
-0.37248313426971436 0.03665854409337044 -0.15236733853816986
-0.05650278925895691 0.5617074370384216 -0.1739998310804367
-0.3229564428329468 0.3379250168800354 -0.007343861740082502
-0.2504986524581909 0.6933371424674988 -0.06371048837900162
-0.4235900044441223 0.4410436451435089 0.24081483483314514
-0.4471014142036438 0.39562171697616577 -0.2278321236371994
-0.44422999024391174 0.4380037784576416 0.177580788731575
-0.44238948822021484 0.5424624681472778 0.05786809325218201
-0.40794408321380615 0.6425180435180664 0.11443862318992615
-0.25276297330856323 0.6448922753334045 0.12274910509586334
-0.4189693331718445 0.7678230404853821 0.10057723522186279
-0.2773498296737671 0.08079938590526581 -0.16686727106571198
-0.416068971157074 0.3343028426170349 -0.18465515971183777
-0.52830570936203 -0.03276834264397621 0.09976905584335327
-0.42606624960899353 0.281790167093277 -0.2336757481098175
-0.39492782950401306 0.16721302270889282 0.24274291098117828
0.19416697323322296 0.596825361251831 -0.32757043838500977
-0.5016165375709534 0.5149642825126648 -0.2569941282272339
-0.5437788367271423 0.29933109879493713 0.042066849768161774
-0.058410633355379105 0.4918965995311737 -0.18077442049980164
-0.23550507426261902 0.4838213622570038 -0.15610039234161377
-0.4438147246837616 0.4592289626598358 -0.22580066323280334
0.06417138129472733 0.46799618005752563 -0.1294441968202591
0.008673196658492088 0.33015915751457214 -0.2884019613265991
-0.5072680115699768 0.3007597029209137 0.15840193629264832
-0.4894002377986908 0.31491148471832275 -0.07088298350572586
-0.4559045732021332 0.5343063473701477 0.13032746315002441
-0.03745923563838005 0.24051199853420258 -0.4325961768627167
-0.6905698180198669 -0.1600191593170166 0.1765591949224472
-0.6890621185302734 -0.6174135208129883 0.2507679760456085
0.05829271301627159 0.15984170138835907 -0.2755104899406433
-0.15793637931346893 0.3884347975254059 -0.11632443964481354
-0.47353658080101013 0.7410805225372314 0.1095748171210289
-0.49521419405937195 0.6299791932106018 -0.0008264544885605574
-0.11039793491363525 -0.014587072655558586 -0.4429229199886322
-0.41514670848846436 0.32991862297058105 -0.0725824311375618
-0.2995179295539856 0.5916631817817688 0.007541647646576166
-0.349613755941391 0.6003700494766235 0.013661986216902733
-0.7041447162628174 -0.20489129424095154 0.13311494886875153
-0.19789117574691772 0.30393657088279724 -0.24739885330200195
-0.6937528252601624 1.0404915809631348 0.16870352625846863
-0.42296427488327026 0.7998383641242981 0.12430177628993988
-0.08628522604703903 0.04361338168382645 -0.4146081209182739
-0.1547735184431076 -0.26661261916160583 -0.12297552824020386
-0.5084921717643738 0.5329075455665588 -0.20782238245010376
-0.426460325717926 0.39426127076148987 -0.021863974630832672
-0.5767043828964233 0.6596607565879822 -0.02053670398890972
-0.47386980056762695 0.24942463636398315 -0.009284960106015205
-0.26462867856025696 0.49475517868995667 -0.044004086405038834
-0.2300451546907425 0.5766237378120422 -0.17280128598213196
-0.4136058986186981 0.5592413544654846 -0.22576338052749634
-0.39943283796310425 0.2827935516834259 -0.22649680078029633
-0.5762774348258972 0.6303662657737732 0.24674682319164276
-0.5925955176353455 0.30653664469718933 -0.32308733463287354
-0.4427255094051361 0.7025865912437439 0.2752127945423126
-0.47061073780059814 0.571887731552124 -0.23472636938095093
0.2626601457595825 0.406262069940567 -0.2951473593711853
-0.1810595840215683 0.48619282245635986 -0.13776357471942902
-0.6846935749053955 0.5500043034553528 -0.1334625631570816
-0.40792137384414673 0.5204294919967651 -0.13176925480365753
-0.30107805132865906 0.07028517872095108 0.04396958276629448
-0.41985535621643066 0.5263157486915588 0.16101530194282532
0.002185761695727706 0.12258602678775787 -0.5538054704666138
-0.3867764472961426 0.11712631583213806 0.0975455641746521
0.145843043923378 0.3559145927429199 -0.28753870725631714
-0.5698463916778564 -0.5536931157112122 0.21818579733371735
-0.38772469758987427 0.3822506368160248 -0.15689919888973236
-0.33715295791625977 0.1847115159034729 0.25055447220802307
0.22779719531536102 0.6243086457252502 -0.06262853741645813
-0.45674386620521545 0.6809717416763306 0.02480718493461609
-0.4618079662322998 0.5468376278877258 -0.24531769752502441
-0.22443710267543793 0.7694393396377563 -0.3829370141029358
-0.3625084161758423 0.20213715732097626 -0.5579357147216797
-0.2806505262851715 -0.4099644720554352 -0.2834758758544922
-0.21520370244979858 0.11883358657360077 -0.3884289860725403
-0.2587316334247589 0.47673818469047546 -0.24980676174163818
-0.31473201513290405 0.37252718210220337 -0.17313575744628906
-0.4964088201522827 0.34939342737197876 -0.02920653112232685
-0.42614859342575073 0.2896982431411743 0.06350764632225037
0.23570837080478668 0.513843297958374 0.021885229274630547
-0.31069886684417725 0.020109321922063828 -0.16080021858215332
0.043010227382183075 0.4686621427536011 -0.0005965381860733032
-0.44998523592948914 0.4251308739185333 0.12712974846363068
-0.5029239058494568 0.32533028721809387 0.4290505647659302
-0.3641299903392792 -0.27987587451934814 -0.11428496241569519
-0.48890605568885803 0.5326083302497864 -0.29646891355514526
-0.46973761916160583 0.5986625552177429 -0.19937564432621002
-0.6457220315933228 0.5343164801597595 0.005452463403344154
-0.06200346350669861 0.9708002209663391 0.40365931391716003
0.2772561311721802 0.6393240094184875 0.039259567856788635
0.11242063343524933 0.3477926552295685 -0.4488145112991333
-0.04756022244691849 0.292459636926651 -0.8459133505821228
-0.30051949620246887 0.7790496945381165 -0.27114465832710266
-0.519201934337616 0.21347568929195404 -0.20220910012722015
-0.34911850094795227 0.5103586316108704 -0.02743079513311386
-0.47531649470329285 0.4670780599117279 -0.20868366956710815
-0.24387723207473755 -0.36406201124191284 -0.17190544307231903
-0.5129514336585999 0.886780858039856 0.06575298309326172
-0.46832403540611267 0.6589624881744385 -0.14144785702228546
-0.5691314339637756 -0.5947633385658264 0.417180597782135
-0.19596707820892334 0.2795586585998535 -0.28821974992752075
-0.15333563089370728 0.7263237237930298 -0.15919236838817596
-0.4879594147205353 0.2914627492427826 0.3029382824897766
-0.41298359632492065 0.2343083769083023 -0.5077740550041199
-0.41100192070007324 0.37432390451431274 0.1078563928604126
-0.07547662407159805 0.5264101624488831 -0.03779901564121246
0.24097536504268646 -0.3339024484157562 -0.5239027738571167
-0.7672386765480042 0.06424396485090256 -0.34976354241371155
-0.35586681962013245 -0.39852872490882874 0.027436627075076103
-0.5170831680297852 0.7122422456741333 -0.1495097130537033
-0.5398380160331726 0.6899834871292114 0.10553272068500519
-0.4909239709377289 0.49421006441116333 -0.16337940096855164
-0.26691579818725586 0.33313897252082825 -0.3521921634674072
-0.09938009828329086 0.23843489587306976 -0.6181360483169556
-0.13665169477462769 0.4893520772457123 -0.22529393434524536
-0.42687880992889404 0.3617853820323944 0.03942698612809181
-0.49356913566589355 0.3780157268047333 -0.13449764251708984
-0.4607899785041809 0.4816496968269348 -0.062413472682237625
-0.3694254755973816 0.380984365940094 0.25982382893562317
-0.5815941691398621 0.462455689907074 0.09915003925561905
0.42260733246803284 0.1432022601366043 -0.19326837360858917
-0.5078583359718323 -0.26845845580101013 0.09196745604276657
0.01788833737373352 0.23607760667800903 -0.5352611541748047
-0.06132727861404419 0.32146313786506653 -0.48556217551231384
-0.5037776231765747 0.4014583230018616 0.130669966340065
-0.2818301022052765 -0.5117430090904236 -0.04170610383152962
-0.5495593547821045 -0.5532904863357544 -0.18484504520893097
-0.11305592209100723 0.4869931936264038 -0.17273369431495667
-0.30094414949417114 0.5259102582931519 0.09009013324975967
-0.43119943141937256 0.563076913356781 -0.13575486838817596
0.32090330123901367 0.6326638460159302 -0.08232437074184418
-0.24642568826675415 0.5212047696113586 -0.2087499052286148
-0.6195966601371765 0.2636951804161072 0.008722313679754734
-0.2962096035480499 0.34009575843811035 0.2243301272392273
-0.4098552465438843 0.2122879922389984 -0.3292708396911621
-0.4984723925590515 0.19361621141433716 -0.2682064473628998
-0.24192723631858826 -0.9950091242790222 0.13833744823932648
-0.38310644030570984 0.3926137387752533 0.26193031668663025
-0.6351038813591003 0.23382635414600372 0.08968618512153625
-0.42431744933128357 0.04776498302817345 -0.25386661291122437
-0.4357146918773651 0.5094270706176758 0.11923462152481079
-0.421426922082901 0.49730414152145386 -0.016946787014603615
-0.4932505488395691 0.4789637625217438 0.19209690392017365
-0.07415297627449036 0.815535843372345 0.1429845094680786
-0.5002405047416687 0.19516518712043762 -0.322870135307312
-0.31597334146499634 -0.10222537815570831 -0.11994227766990662
-0.5609821677207947 0.3289150893688202 -0.19637148082256317
-0.3894073963165283 0.46802374720573425 0.16456004977226257
-0.38865140080451965 0.29469767212867737 -0.013542378321290016
-0.611699104309082 0.3337744474411011 -0.16678285598754883
-0.46937504410743713 -0.5188153982162476 -0.12125646322965622
-0.5346153974533081 0.49338093400001526 0.1892799437046051
-0.44738245010375977 0.46162936091423035 0.5380908846855164
-0.4282827079296112 0.3356822729110718 -0.17276601493358612
-0.4111885726451874 -0.2743670344352722 0.1741705983877182
0.3713173270225525 -0.35204145312309265 -0.16111887991428375
-0.4472093880176544 0.5015040040016174 -0.1049257293343544
-0.15860140323638916 0.5853145122528076 0.1097220778465271
-0.7258180975914001 -0.9020770192146301 0.2986780107021332
-0.05556977540254593 0.31190362572669983 -0.39637911319732666
-0.5982986688613892 0.4640849828720093 0.15518921613693237
-0.30405694246292114 -0.26183080673217773 -0.13381238281726837
-0.3634932041168213 0.33992302417755127 -0.5068001747131348
-0.18944600224494934 0.3255319893360138 -0.5294567346572876
-0.25733253359794617 0.3484177589416504 -0.48962581157684326
0.39039406180381775 0.14079917967319489 -0.22397814691066742
-0.49096617102622986 0.5573276877403259 -0.11004259437322617
-0.5310242772102356 0.508220374584198 0.07874774932861328
-0.4741972088813782 0.10325182974338531 0.12748581171035767
-0.3888412117958069 0.35335198044776917 -0.15860973298549652
-0.2563861310482025 0.6652176380157471 -0.32921046018600464
-0.33454272150993347 0.5901306867599487 0.21866509318351746
-0.263903945684433 0.7538403868675232 0.09267979860305786
-0.04181259125471115 0.4324242174625397 -0.2438691258430481
-0.4573478102684021 0.19459672272205353 0.15882042050361633
0.156252920627594 0.3031578063964844 -0.4385322630405426
0.30743712186813354 0.4208991527557373 -0.10429126769304276
-0.36115124821662903 0.34802907705307007 -0.482352077960968
-0.4829368591308594 0.5356711149215698 0.032568179070949554
-0.35208550095558167 0.30625462532043457 -0.41644254326820374
-0.4540970027446747 0.700282096862793 0.2854394316673279
-0.28962668776512146 -0.23027876019477844 -0.4931297302246094
-0.5043074488639832 0.8223485350608826 0.1556464284658432
-0.46636343002319336 0.7510343790054321 0.10846875607967377
-0.4973471760749817 0.18677301704883575 -0.3080996572971344
-0.3721136450767517 0.6324812769889832 0.21765722334384918
-0.39588770270347595 0.4597519040107727 -0.18258802592754364
-0.29222017526626587 -0.06484875082969666 -0.33858755230903625
-0.40188366174697876 0.4192669689655304 -0.06542643904685974
0.20321780443191528 0.45834141969680786 -0.011299028992652893
0.2398591786623001 0.791231632232666 -0.13313569128513336
0.03619993478059769 0.28536802530288696 -0.279695600271225
0.015965355560183525 0.3083111047744751 -0.12761054933071136
-0.11795009672641754 0.08551579713821411 -0.19362889230251312
-0.39756375551223755 0.7629116177558899 -0.019048241898417473
-0.4523191750049591 0.5886741876602173 0.0034930501133203506
-0.6071017980575562 0.1893206238746643 -0.26901888847351074
-0.3964618146419525 0.1810745894908905 -0.28052279353141785
-0.34452900290489197 0.4487399160861969 -0.2334105521440506
-0.7194761633872986 0.024088187143206596 -0.4239886701107025
0.02457706443965435 -0.604404091835022 -0.08614205569028854
-0.519546389579773 0.3091345727443695 -0.34718766808509827
-0.5919266939163208 -0.4928421080112457 -0.24914690852165222
-0.6421304941177368 0.04466792568564415 -0.09510548412799835
-0.42832690477371216 0.28192606568336487 -0.19067253172397614
-0.2758757472038269 0.22518718242645264 -0.1337272971868515
-0.2400299459695816 0.16844063997268677 -0.30823707580566406
-0.14399151504039764 0.5686933398246765 0.22712326049804688
-0.07626987248659134 0.5802078247070312 -0.22875754535198212
-0.2307102084159851 0.26180726289749146 -0.1962367594242096
0.030233360826969147 0.3073733448982239 -0.604171097278595
-0.48353877663612366 0.8126892447471619 0.22232374548912048
-0.505249559879303 0.30196133255958557 0.14684322476387024
-0.46229520440101624 0.3444807529449463 -0.11383522301912308
-0.6454331278800964 -0.34969544410705566 0.1958121955394745
-0.32355910539627075 0.6602500081062317 0.06276820600032806
0.008332673460245132 0.43455275893211365 -0.28060382604599
-0.5648367404937744 0.4410238564014435 -0.12326318770647049
-0.3658124804496765 0.34933143854141235 -0.10919909179210663
0.16821351647377014 0.48022496700286865 -0.217597097158432
0.03741859272122383 0.3858211040496826 -0.22298221290111542
-0.4374122619628906 0.4823174476623535 -0.009914452210068703
-0.4950856566429138 0.6542279124259949 0.18539217114448547
-0.34427621960639954 0.7881059050559998 0.1277579516172409
-0.36820653080940247 0.38628387451171875 0.11211200803518295
-0.4362064003944397 -0.15845097601413727 -0.34948450326919556
-0.2866331934928894 0.276315838098526 -0.11964696645736694
-0.4685051143169403 0.6349706649780273 0.12401014566421509
-0.46667563915252686 0.8066391348838806 0.17968955636024475
-0.5631033778190613 0.738398015499115 -0.21140551567077637
-0.4665050208568573 0.317147433757782 0.07374729216098785
-0.08671459555625916 0.9025879502296448 -0.19027508795261383
-0.3899628221988678 0.11778120696544647 -0.23621253669261932
-0.47695180773735046 -0.2904638946056366 -0.14935696125030518
-0.4037618637084961 0.24117477238178253 -0.050355929881334305
-0.44341549277305603 0.5535259246826172 0.15861989557743073
-0.3209863603115082 0.2432919442653656 -0.07522626966238022
-0.1105668842792511 0.5880155563354492 0.20455144345760345
-0.26546230912208557 -0.3855201005935669 -0.07995820045471191
-0.06875763833522797 0.18872153759002686 -0.2048967331647873
-0.47468769550323486 0.286562979221344 0.12425398826599121
-0.5108102560043335 0.7257534861564636 0.16690857708454132
-0.4877760410308838 0.5293142795562744 0.03099904954433441
-0.4557667076587677 0.3558054268360138 0.023951957002282143
-0.4159778654575348 -0.559838593006134 -0.38043755292892456
-0.17896854877471924 0.38094252347946167 -0.19790245592594147
-0.0014298632740974426 -0.15273049473762512 -0.40195232629776
-0.5735229253768921 0.23129256069660187 0.1329050213098526
-0.351744145154953 0.16399340331554413 -0.20260633528232574
-0.4334333837032318 0.5214811563491821 -0.3097991645336151
-0.1285962015390396 0.6042453646659851 -0.30449923872947693
-0.5145604014396667 0.6055518984794617 -0.11479517072439194
-0.30645516514778137 0.4621693789958954 -0.21768324077129364
-0.5761096477508545 -0.7775334715843201 0.17024049162864685
-0.0803905576467514 0.3320549428462982 0.13498428463935852
0.3097999095916748 0.44568291306495667 -0.2576822340488434
-0.4290926456451416 0.14077192544937134 -0.24443534016609192
-0.4466111660003662 0.2050630897283554 -0.3180438280105591
-0.30655327439308167 0.3671039938926697 -0.30852678418159485
-0.18960058689117432 0.4754287600517273 -0.1015566810965538
-0.40159550309181213 0.44781258702278137 0.056237347424030304
-0.5100584626197815 0.5836225748062134 -0.19437700510025024
-0.03769044205546379 0.5981006622314453 -0.2866244614124298
-0.5163708925247192 0.6459160447120667 -0.1490417718887329
-0.236273393034935 0.33986055850982666 -0.2543729543685913
-0.39066362380981445 0.5576846599578857 -0.1307092159986496
-0.36947259306907654 0.5623344779014587 -0.006573714781552553
0.2746582329273224 0.29526302218437195 -0.4610879719257355
0.3001563549041748 0.44584178924560547 -0.0788353905081749
-0.053862281143665314 0.019824376329779625 -0.28573256731033325
-0.41993096470832825 0.6158618330955505 -0.10492517799139023
-0.3022073805332184 -0.45439061522483826 -0.466864675283432
0.34993693232536316 0.7869075536727905 0.005096078850328922
-0.4276010990142822 -0.17109127342700958 0.31863144040107727
-0.16084709763526917 0.40516695380210876 -0.27434033155441284
-0.46476271748542786 0.4991839826107025 0.05652235075831413
-0.3706367313861847 0.36662057042121887 -0.049931470304727554
-0.4654204845428467 0.4767504036426544 0.3984487056732178
-0.010408379137516022 0.5516420602798462 0.01583836041390896
-0.4630032777786255 -0.6634570956230164 -0.34642213582992554
-0.2519832253456116 0.48150473833084106 -0.2306346446275711
0.34848520159721375 0.5762113928794861 -0.1759268194437027
-0.37518414855003357 -0.4043337106704712 0.050863247364759445
0.3932999074459076 0.4537855386734009 -0.366638720035553
-0.031849514693021774 -0.6092048287391663 -0.34776878356933594
-0.4799850583076477 0.4976412355899811 -0.13466773927211761
0.313584566116333 -0.4539422392845154 -0.1944623440504074
-0.48371124267578125 0.4384967088699341 -0.0860191360116005
-0.3623862862586975 0.42097967863082886 -0.03597959131002426
-0.3197590708732605 0.5917279124259949 0.025971852242946625
-0.14148961007595062 0.3227776288986206 -0.29135236144065857
-0.5844484567642212 0.0914742574095726 0.02853614278137684
-0.45255669951438904 0.6568716764450073 -0.10930195450782776
0.3664275109767914 0.4207285940647125 -0.3380168378353119
-0.19995270669460297 0.3124540448188782 -0.16802164912223816
-0.5713642835617065 -0.0812305212020874 -0.09126584231853485
-0.5073696970939636 0.45070400834083557 0.16474606096744537
-0.5573626756668091 0.8539210557937622 -0.21512627601623535
-0.6844596862792969 0.6926136612892151 0.11715418100357056
-0.2745858430862427 0.48919135332107544 -0.08456351608037949
-0.46709099411964417 0.5302344560623169 0.19457849860191345
-0.26835766434669495 0.3442171514034271 -0.026951517909765244
-0.4661586284637451 0.6989062428474426 0.1730627417564392
-0.4336801767349243 0.7758723497390747 0.18986591696739197
-0.17088481783866882 0.3640105426311493 -0.30134254693984985
-0.502480685710907 0.7505981922149658 -0.40655988454818726
-0.13448943197727203 0.04671243205666542 -0.44034016132354736
-0.31754279136657715 -0.14156527817249298 -0.2380528301000595
-0.4346846044063568 0.23685908317565918 0.11903578042984009
-0.47869089245796204 -0.697627604007721 -0.3927801847457886
-0.22822895646095276 0.7433251142501831 -0.49113765358924866
-0.4737955927848816 0.7196679711341858 0.12269982695579529
-0.41205257177352905 0.42274174094200134 -0.12568846344947815
-0.5646733641624451 -0.12913210690021515 0.04666350781917572
-0.5620591640472412 0.3840480446815491 0.18733051419258118
-0.1785169094800949 0.3330981731414795 -0.5184037089347839
-0.5321815013885498 0.3942108154296875 -0.10595661401748657
-0.5027128458023071 0.4935525953769684 -0.0171273835003376
-0.5532810091972351 0.6600999236106873 0.09999813884496689
-0.3769531846046448 0.2563781142234802 -0.34575581550598145
-0.12320099771022797 -0.13971470296382904 0.09491213411092758
-0.05720212683081627 0.029520656913518906 -0.2583618462085724
-0.4137193560600281 0.28460073471069336 -0.06535669416189194
-0.39273372292518616 0.4876249432563782 -0.05989812687039375
-0.4540511667728424 0.6029568910598755 0.11597105115652084
-0.2230919599533081 0.4247376024723053 -0.005478459410369396
-0.27822983264923096 0.4072064459323883 0.09247363358736038
-0.49510282278060913 0.13616366684436798 0.1685504913330078
0.3451332449913025 0.7812058329582214 -0.34749647974967957
-0.2673639953136444 0.36887994408607483 -0.28270232677459717
-0.5282919406890869 -0.49841228127479553 -0.2924298942089081
-0.2692660689353943 0.3058185577392578 -0.059318095445632935
-0.5834229588508606 0.6815004944801331 -0.240204855799675
-0.5618700385093689 0.6524865031242371 -0.06652462482452393
-0.45834583044052124 0.5348723530769348 -0.13166354596614838
-0.12144660949707031 0.4852012097835541 -0.20051957666873932
0.029616449028253555 0.30017971992492676 -0.26462647318840027
-0.45998936891555786 0.5530479550361633 0.45475730299949646
-0.5157216191291809 0.5128158330917358 -0.1899857074022293
-0.3417814075946808 0.046278227120637894 -0.1811712682247162
-0.4579462707042694 0.4417478144168854 0.26592665910720825
-0.2582128047943115 -0.2924375534057617 -0.1575767993927002
-0.3884078562259674 0.2634161412715912 -0.10991188138723373
-0.5002836585044861 0.8474166393280029 0.04271933063864708
-0.3156704306602478 0.40506234765052795 -0.1501232385635376
-0.33418142795562744 -0.3249191343784332 -0.048836689442396164
-0.6259826421737671 0.2525938153266907 0.07795368134975433
0.4542704224586487 0.8705738186836243 -0.06512167304754257
-0.015510734170675278 0.308314710855484 -0.30130189657211304
-0.2588759958744049 0.6326563954353333 0.15009769797325134
-0.32234007120132446 0.4621826410293579 -0.1596643179655075
-0.48662808537483215 0.5620218515396118 0.09922100603580475
-0.07085411995649338 0.45647233724594116 -0.39590370655059814
-0.32621827721595764 0.07490237802267075 -0.27683642506599426
-0.36720630526542664 0.5667941570281982 -0.13511976599693298
-0.2746899127960205 0.02403089590370655 -0.4551183879375458
-0.5177448987960815 0.28942087292671204 0.27412593364715576
0.24913372099399567 0.07645590603351593 -0.1824866682291031
-0.1852567493915558 -0.24695511162281036 -0.6287672519683838
-0.06970962136983871 -0.42668575048446655 -0.0003094931598752737
-0.1934264451265335 0.42876145243644714 -0.20778998732566833
-0.46045443415641785 0.4308931827545166 -0.2788773477077484
-0.49604159593582153 0.6985368132591248 0.0001875676680356264
0.0648457407951355 0.757103681564331 0.018342403694987297
-0.48301535844802856 0.5089320540428162 0.31596753001213074
-0.08336814492940903 0.34372392296791077 -0.3131851553916931
-0.4179244935512543 0.3394654393196106 0.17257654666900635
-0.5722591280937195 0.5171962380409241 0.1455683410167694
0.2907184064388275 0.6693764925003052 -0.2240140438079834
-0.40402066707611084 0.3605749309062958 -0.20634768903255463
-0.07753239572048187 0.5234058499336243 -0.1372218281030655
-0.4100024998188019 -0.36254531145095825 0.30874720215797424
-0.3625486195087433 -0.1223292425274849 0.1447756439447403
-0.21142639219760895 0.6767929792404175 -0.3304045796394348
0.04737132042646408 0.15626724064350128 -0.07453690469264984
-0.4816643297672272 0.5689161419868469 0.006358474027365446
-0.20745959877967834 -0.096540667116642 -0.7250430583953857
-0.48618683218955994 0.336009681224823 0.10333514958620071
-0.3612995743751526 0.5163974165916443 -0.2523607909679413
-0.5196812152862549 0.5024368166923523 0.01298978179693222
-0.3907586336135864 0.4812023937702179 0.1400543451309204
-0.10124710947275162 -0.18068479001522064 -0.24232293665409088
-0.3890756070613861 0.2987689673900604 -0.31560978293418884
-0.14821669459342957 -0.2838830351829529 -0.0852733701467514
-0.2861645817756653 0.23697657883167267 -0.2048894166946411
-0.3321774899959564 0.30937856435775757 -0.2210906744003296
-0.47383058071136475 0.6873891353607178 0.022737646475434303
-0.5373085141181946 0.6249915957450867 -0.14689792692661285
-0.3737826645374298 0.6191105842590332 0.08001881837844849
-0.48846569657325745 0.5860082507133484 0.06847087293863297
-0.23306530714035034 0.3436066508293152 -0.369058221578598
-0.4252910912036896 0.2840769290924072 0.23363928496837616
-0.2418607473373413 0.547239363193512 -0.19851115345954895
-0.6436371207237244 -0.13226312398910522 0.11664242297410965
-0.33942851424217224 0.0055857375264167786 -0.1857011467218399
-0.49904492497444153 0.6325974464416504 -0.2541913092136383
-0.4857104420661926 0.6015253663063049 -0.009203271940350533
0.06993868947029114 0.8907710909843445 -0.1637946367263794
-0.5440369248390198 0.3406485319137573 -0.047394707798957825
-0.3851359188556671 0.43429943919181824 -0.1308392435312271
0.0756683424115181 0.5082379579544067 -0.738379180431366
0.09517556428909302 0.24985142052173615 -0.25581464171409607
-0.3578604459762573 0.42771008610725403 -0.24736160039901733
-0.6068790555000305 0.46715402603149414 -0.028457017615437508
-0.5211657881736755 0.5385002493858337 0.2752310037612915
0.43685296177864075 0.32764169573783875 -0.2930632531642914
-0.3841710090637207 0.30776745080947876 -0.1356934756040573
-0.4931902289390564 0.34540441632270813 0.06656444072723389
-0.37031567096710205 1.1303199529647827 0.40728724002838135
-0.3680780529975891 0.6569435596466064 0.17014086246490479
-0.49353864789009094 0.5328461527824402 -0.21845406293869019
-0.45865824818611145 0.4216696321964264 0.22723382711410522
-0.34367847442626953 0.401895135641098 -0.2146768867969513
0.5120532512664795 0.049320630729198456 -0.5451688766479492
0.29706528782844543 0.5210545659065247 -0.02421325258910656
-0.31390970945358276 0.4743953049182892 -0.12965400516986847
0.1498612016439438 0.04857097566127777 -0.06810018420219421
-0.42470037937164307 0.3247506618499756 0.12726205587387085
-0.4055847227573395 0.42642539739608765 -0.08590708673000336
-0.42928430438041687 0.4413696825504303 0.14110037684440613
-0.3150945007801056 0.8714807629585266 0.02031657285988331
-0.5119795799255371 0.47659099102020264 0.041089851409196854
-0.09790206700563431 0.5173899531364441 -0.5434344410896301
-0.11358857154846191 0.3526155948638916 -0.22242560982704163
-0.36492836475372314 -0.2604418098926544 -0.22367367148399353
0.29180851578712463 0.4205279052257538 -0.10993517190217972
-0.3381054997444153 0.19014544785022736 -0.13885179162025452
-0.393076628446579 0.3440443277359009 -0.06705374270677567
-0.5043697357177734 -0.0051120915450155735 0.023812010884284973
-0.389067143201828 0.31705230474472046 0.08323559910058975
0.18182337284088135 0.446005254983902 -0.20485536754131317
-0.49822327494621277 0.36824366450309753 0.060000523924827576
-0.12895195186138153 0.5346247553825378 -0.07635620981454849
-0.4572935104370117 0.525031566619873 -0.17238079011440277
-0.28794923424720764 0.4668976962566376 -0.05959833413362503
-0.39730343222618103 0.44808319211006165 -0.16734294593334198
-0.4111127555370331 0.32211464643478394 -0.5101261734962463
-0.3169248700141907 0.24619732797145844 -0.19824424386024475
-0.5021280646324158 0.6735267639160156 0.06742393970489502
-0.40731221437454224 0.3728421628475189 -0.2417435497045517
-0.36397242546081543 0.35090962052345276 -0.21441248059272766
0.40294405817985535 0.11907514929771423 -0.36234575510025024
-0.44804874062538147 0.41745924949645996 0.2611505687236786
-0.14058354496955872 0.5389763712882996 -0.11646943539381027
-0.4774399399757385 0.21483522653579712 -0.12901657819747925
-0.5047470331192017 0.3830544948577881 -0.03980790078639984
-0.3971642553806305 0.347909152507782 -0.2715541422367096
0.007898535579442978 0.3549482822418213 -0.6179684996604919
-0.20385797321796417 -0.14766255021095276 -0.35861489176750183
-0.5366450548171997 0.23231232166290283 -0.15013930201530457
-0.37120506167411804 0.4160778224468231 0.03994178771972656
-0.5469354391098022 0.2849935293197632 0.14199164509773254
-0.30979883670806885 0.5027981996536255 -0.08933885395526886
-0.3409620225429535 -0.34143319725990295 0.1042831763625145
-0.49407732486724854 0.48850640654563904 -0.2364657074213028
-0.3113884925842285 0.27789440751075745 -0.24174536764621735
-0.4308810234069824 -0.19741861522197723 -0.08834811300039291
-0.2517174780368805 -0.029373573139309883 -0.33630138635635376
-0.4977317154407501 0.4962853491306305 -0.3481704890727997
0.12266037613153458 0.4508293569087982 -0.225946843624115
-0.4907534122467041 0.6221453547477722 0.13010653853416443
-0.4844319522380829 0.46528249979019165 0.1656651496887207
-0.4834532141685486 0.3244509994983673 0.045345328748226166
-0.12530674040317535 0.3684002161026001 -0.2897677421569824
-0.36972033977508545 0.26163721084594727 -0.16625554859638214
-0.6785217523574829 0.6002026200294495 -0.1828499138355255
0.35500675439834595 0.37009596824645996 -0.33928146958351135
-0.4409419894218445 0.3715466856956482 -0.22795921564102173
-0.43726134300231934 0.2886788249015808 -0.6742074489593506
0.39453673362731934 0.7457862496376038 -0.17911604046821594
-0.24177762866020203 0.44678765535354614 -0.20131076872348785
-0.5862188339233398 0.25510290265083313 -0.1167362630367279
-0.4441927969455719 0.4423640966415405 0.02463890239596367
-0.16442078351974487 0.4291028380393982 -0.29596519470214844
-0.38071316480636597 -0.1993533968925476 0.13436709344387054
-0.3719691336154938 0.3803735077381134 -0.14864541590213776
0.3357374966144562 0.31557053327560425 -0.03950202092528343
-0.11553240567445755 0.4940512776374817 -0.19197212159633636
-0.49430862069129944 0.5702291131019592 -0.03561177849769592
0.33311158418655396 -0.1658155918121338 -0.04474157840013504
-0.11268825083971024 0.4238258898258209 -0.20421740412712097
0.1734672337770462 0.4153388738632202 -0.29635685682296753
-0.18593375384807587 0.034191109240055084 -0.5404929518699646
0.01591068133711815 0.3687528371810913 -0.25831660628318787
-0.4958074390888214 0.35366374254226685 -0.17903661727905273
-0.5524441599845886 -0.5054961442947388 -0.29555362462997437
0.30578407645225525 0.19477979838848114 -0.2474684715270996
-0.4972435235977173 0.25096723437309265 0.0859324187040329
-0.4418776035308838 -0.5011484026908875 0.37445512413978577
-0.4246514141559601 0.496531218290329 -0.0028616893105208874
-0.4954606890678406 0.3039580285549164 0.29848435521125793
0.38182321190834045 0.18088886141777039 -0.24049203097820282
-0.4272177517414093 0.41724807024002075 -0.1313905566930771
-0.1476103961467743 0.4803709387779236 -0.198053240776062
-0.1309375762939453 0.510791003704071 -0.019361047074198723
-0.42961832880973816 0.24405024945735931 -0.14283864200115204
-0.3497221767902374 0.0428534634411335 0.020159108564257622
-0.2850588262081146 -0.02263331040740013 -0.570763111114502
-0.2021084427833557 0.007651868741959333 0.0351187139749527
-0.19371311366558075 0.45951780676841736 0.017234141007065773
-0.6059542298316956 0.2119239866733551 -0.3578384518623352
-0.015331855043768883 0.5976967811584473 0.09186316281557083
-0.5021442770957947 0.473065048456192 -0.05096760764718056
-0.26419833302497864 0.4629601538181305 -0.3097265660762787
-0.368977427482605 0.3131876587867737 -0.22916024923324585
-0.4867991805076599 0.588517963886261 -0.18553851544857025
-0.4820373058319092 0.2637523412704468 -0.07632850110530853
0.36535531282424927 0.5783787965774536 -0.1937638521194458
-0.2927708029747009 0.7757229208946228 -0.31516119837760925
-0.33333244919776917 0.4423893392086029 -0.05349479615688324
-0.5360010266304016 0.4118829369544983 0.23608212172985077
0.06483117491006851 0.42744484543800354 -0.1622408777475357
-0.42657235264778137 0.43403732776641846 -0.0866694524884224
-0.5605276823043823 0.698935329914093 0.05611724406480789
-0.4228774607181549 0.8440141081809998 0.16772329807281494
-0.5007890462875366 0.3773767352104187 -0.019555535167455673
-0.33391979336738586 0.37352803349494934 0.1883186399936676
-0.3631722629070282 0.21080289781093597 0.006613061297684908
-0.14123870432376862 0.4074126183986664 -0.06485223770141602
-0.355320543050766 0.5178592205047607 -0.0015715612098574638
-0.2998124361038208 0.285819411277771 -0.32103297114372253
-0.24789874255657196 0.5121911764144897 0.13467952609062195
-0.21284709870815277 -0.19594240188598633 -0.10209204256534576
-0.5091691613197327 0.2991059720516205 -0.305754691362381
-0.5386096835136414 0.49027279019355774 -0.23693318665027618
-0.4184848964214325 0.45127400755882263 0.08874202519655228
-0.4305244982242584 0.3671751022338867 0.1561858057975769
-0.6241040825843811 0.4761708974838257 0.16430284082889557
-0.2771228551864624 0.536567211151123 -0.21190191805362701
-0.5043365359306335 0.6065717339515686 0.07267848402261734
-0.3222706615924835 0.5424638986587524 0.05488214269280434
-0.4392309784889221 0.4649824798107147 0.005916469730436802
-0.4815334379673004 0.4758254885673523 0.1023104265332222
-0.4781990051269531 0.677739679813385 0.21145391464233398
-0.359903484582901 0.1547226458787918 -0.15907034277915955
-0.4177834987640381 0.3145025372505188 0.1749863177537918
-0.32399070262908936 0.36580002307891846 -0.1531744748353958
-0.22989961504936218 0.7244968414306641 -0.2357470989227295
0.031675904989242554 0.4184185564517975 -0.0036407033912837505
-0.38289108872413635 0.2688572406768799 -0.198367640376091
-0.47319769859313965 0.674863338470459 0.37028393149375916
-0.28420528769493103 0.5633374452590942 -0.11581310629844666
-0.4194793105125427 0.4450908303260803 -0.07971640676259995
-0.5750620365142822 0.17046111822128296 -0.018805259838700294
-0.4517505466938019 0.21889734268188477 -0.3210841417312622
-0.46209996938705444 0.3019917607307434 -0.1505575329065323
-0.35355859994888306 0.3079555928707123 -0.30023816227912903
-0.47277235984802246 0.29002782702445984 -0.13119280338287354
-0.3570966124534607 0.11801192909479141 -0.3427894115447998
-0.20403262972831726 -0.22316035628318787 0.13684993982315063
-0.07021927088499069 0.28239431977272034 -0.5814139246940613
-0.4612460136413574 0.8447861075401306 0.14341987669467926
0.12431386113166809 0.31323978304862976 -0.2600087821483612
0.5806136727333069 0.5044435858726501 0.09793794900178909
0.05068444460630417 0.37914586067199707 -0.3963901102542877
-0.6615855097770691 -0.5088632106781006 0.1975921094417572
-0.4989919364452362 0.71869295835495 0.01473294012248516
-0.4806721806526184 0.509573221206665 -0.1976933479309082
-0.4885994791984558 0.5033083558082581 0.39099082350730896
-0.5169728398323059 0.6473666429519653 0.0923987403512001
-0.4514658451080322 0.5252370834350586 -0.21570174396038055
0.2502371668815613 0.7011891603469849 -0.005788495298475027
-0.453748881816864 0.3271772861480713 0.17557507753372192
-0.4792749881744385 0.02107248082756996 0.12322290986776352
0.1943160593509674 0.08581659197807312 -0.14406739175319672
-0.09392482787370682 0.7432210445404053 0.1259802132844925
-0.017813479527831078 0.21819785237312317 -0.2410517781972885
-0.4765625298023224 0.6153358817100525 0.10554119199514389
-0.27720075845718384 -0.5790153741836548 -0.31735873222351074
-0.30581700801849365 0.5198149681091309 0.13302581012248993
-0.40338334441185 -0.13563776016235352 -0.15085826814174652
-0.6170374155044556 -0.36581143736839294 -0.0878339484333992
-0.3270024359226227 -0.4900084435939789 -0.38158679008483887
-0.6606522798538208 0.5570240020751953 -0.16258302330970764
-0.5300012230873108 0.6692419648170471 -0.1731697916984558
-0.5229821801185608 0.6501721143722534 0.04866986721754074
-0.4533252716064453 0.49278998374938965 0.14377188682556152
-0.30586573481559753 0.29503339529037476 -0.20861664414405823
-0.5106976628303528 0.5894972085952759 0.08308102190494537
0.3569430410861969 0.3905135691165924 -0.4078446924686432
-0.4404021203517914 0.724019467830658 -0.5784332156181335
-0.007491236086934805 0.46702978014945984 -0.8283995985984802
0.9056545495986938 0.05560842901468277 -0.3050263822078705
-0.1640862077474594 0.46995753049850464 -0.11821489036083221
-0.37017008662223816 0.45469585061073303 -0.026372376829385757
-0.41555482149124146 -0.30832144618034363 0.24076908826828003
-0.4361998438835144 0.6081358790397644 -0.23437465727329254
-0.5752902626991272 -0.5406762361526489 0.18476805090904236
-0.45406150817871094 0.13662762939929962 -0.2234061062335968
-0.1591830551624298 -0.13024790585041046 -0.4700019955635071
0.1653721034526825 0.41616103053092957 -0.14729611575603485
-0.5266973376274109 0.48261067271232605 0.24507039785385132
-0.07641612738370895 0.1520114541053772 -0.02732825092971325
-0.48157796263694763 0.05169812962412834 -0.28957101702690125
0.038583461195230484 0.26672884821891785 -0.31285107135772705
-0.40887323021888733 0.3804149031639099 -0.013940321281552315
-0.45568224787712097 0.6821011900901794 0.17979517579078674
-0.2383728325366974 0.5037442445755005 0.05027933418750763
-0.273236483335495 0.07420431822538376 -0.36596372723579407
-0.43613725900650024 0.22232024371623993 -0.2402420938014984
0.10655254870653152 0.40865129232406616 -0.18816910684108734
-0.41145434975624084 0.7032506465911865 -0.203732430934906
-0.4978662133216858 0.5859200358390808 -0.14678244292736053
0.11406952887773514 0.5023724436759949 0.27006980776786804
0.17765772342681885 0.3258645832538605 0.025110986083745956
0.38986125588417053 0.23258094489574432 -0.24822503328323364
-0.44675013422966003 0.6070153713226318 0.020993489772081375
-0.5326105952262878 0.259152889251709 -0.21623891592025757
-0.23051927983760834 0.38144180178642273 -0.19553357362747192
-0.44562023878097534 0.5236648917198181 0.13704676926136017
0.01946188509464264 0.7640958428382874 0.17951390147209167
-0.5254973769187927 0.6535824537277222 0.0064273495227098465
-0.491825670003891 0.5420387387275696 0.014399167150259018
-0.32834935188293457 0.4444528818130493 -0.20588862895965576
0.2230418622493744 -0.41113829612731934 -0.3394501209259033
-0.11910488456487656 0.460330992937088 -0.19056418538093567
-0.17414039373397827 0.3570159375667572 -0.03706933930516243
-0.667356550693512 0.48556455969810486 0.04432633891701698
-0.4514053165912628 0.4753834009170532 0.05291926488280296
-0.43259432911872864 0.23209919035434723 -0.1297527700662613
-0.5817597508430481 0.20574630796909332 -0.6410239934921265
0.05973810702562332 -0.3393981456756592 -0.40236565470695496
-0.3419193625450134 0.7192484140396118 0.18798090517520905
-0.4723658263683319 0.6895895004272461 0.22238317131996155
-0.423971027135849 0.5815877914428711 0.12156039476394653
-0.5117313861846924 0.5848191976547241 0.1292998045682907
-0.4780957102775574 0.3925885856151581 0.1507435142993927
-0.06727107614278793 0.5735176205635071 0.059578754007816315
-0.4342673718929291 0.43863850831985474 -0.2475239634513855
-0.43048882484436035 0.18585172295570374 -0.17700515687465668
0.6081132292747498 0.09095071256160736 -0.40656885504722595
-0.3749985694885254 0.21289536356925964 0.0021516098640859127
-0.4022830128669739 0.31560057401657104 -0.2507840692996979
-0.27308186888694763 0.42391660809516907 -0.2299172729253769
-0.02232334017753601 0.20933669805526733 0.0721503421664238
-0.42446884512901306 0.4183633625507355 0.27465420961380005
-0.6090269088745117 -0.6406643390655518 -0.02642073854804039
-0.21152831614017487 0.23180383443832397 0.04830360785126686
-0.12297903001308441 0.4840086102485657 -0.23406629264354706
-0.45781758427619934 0.5170851945877075 -0.23673580586910248
0.24780584871768951 0.340744286775589 -0.38157767057418823
-0.28304970264434814 0.4274076521396637 -0.21904852986335754
-0.07277213782072067 0.44721975922584534 0.062364157289266586
-0.45384374260902405 0.3466027081012726 0.31187766790390015
-0.484514057636261 0.48706233501434326 0.15054120123386383
-0.07003418356180191 0.6851248145103455 -0.17123840749263763
-0.25108227133750916 -0.33525288105010986 -0.250101238489151
-0.433957576751709 0.346677303314209 -0.18089428544044495
0.22661665081977844 0.8731400966644287 -0.1366407871246338
-0.5334950685501099 0.618102490901947 -0.11679251492023468
-0.4909482002258301 0.5222668647766113 0.006715723779052496
-0.20834246277809143 0.5049649477005005 -0.25206953287124634
0.3671766221523285 0.28622081875801086 -0.32169392704963684
-0.49189507961273193 0.20727922022342682 -0.6981481313705444
-0.1935645490884781 0.5653330683708191 -0.05764644965529442
-0.031651098281145096 -0.6096932291984558 0.032420918345451355
-0.4057108759880066 0.42513829469680786 0.08269230276346207
-0.46947893500328064 0.36275359988212585 -0.23526179790496826
0.29092898964881897 0.1252364069223404 -0.34833255410194397
-0.5835237503051758 0.6548655033111572 0.045172978192567825
-0.626839816570282 0.5324918627738953 0.13137586414813995
-0.1637481451034546 0.09695307910442352 -0.18219073116779327
-0.44466373324394226 0.6166353821754456 0.4816811680793762
-0.39634886384010315 0.3679661452770233 -0.13708388805389404
-0.12713566422462463 -0.3844932019710541 -0.475713312625885
-0.40252676606178284 0.4568155109882355 -0.22147329151630402
-0.42561012506484985 0.613852322101593 -0.04416045919060707
-0.3726208209991455 -0.6837111711502075 -0.07185053080320358
-0.515266478061676 0.7428102493286133 0.03876025974750519
-0.29043275117874146 0.04471465200185776 -0.1566241979598999
-0.3535456657409668 0.6420336365699768 0.011703114956617355
-0.5905493497848511 0.4904671013355255 0.10318536311388016
-0.4156801104545593 0.2397545874118805 -0.22874687612056732
-0.6574414372444153 0.9444811344146729 -0.2396717667579651
-0.056617382913827896 0.42576032876968384 -0.1701149344444275
1.6424572095274925e-05 0.8267298340797424 0.07649921625852585
-0.45239490270614624 0.2669735550880432 0.24387504160404205
-0.49696648120880127 0.6677808165550232 0.062367767095565796
-0.3821105659008026 0.45772480964660645 0.0394226536154747
-0.4494571089744568 0.7963325381278992 -0.11190040409564972
-0.4384211599826813 0.47199952602386475 0.06682277470827103
-0.5987433195114136 0.8161526918411255 0.3092232644557953
-0.4416476786136627 0.33147796988487244 -0.18412604928016663
-0.5469405651092529 -0.4858497977256775 -0.23643365502357483
-0.35825347900390625 0.23592700064182281 -0.22932538390159607
-0.41956397891044617 0.2807486355304718 -0.025950780138373375
-0.4706059992313385 0.12440897524356842 0.0033185267820954323
-0.6053099632263184 0.009259652346372604 -0.5715352296829224
-0.40734729170799255 0.5449874401092529 -0.026763176545500755
-0.4025048315525055 0.39595887064933777 0.21205221116542816
-0.4232252836227417 0.27257969975471497 0.1701074093580246
-0.14872188866138458 0.3105234205722809 -0.507269561290741
-0.42524296045303345 0.9656481742858887 0.23603932559490204
-0.5376291871070862 0.17828507721424103 -0.15014059841632843
0.39834538102149963 0.31597959995269775 -0.5133130550384521
-0.38248273730278015 0.1509181261062622 -0.43263721466064453
0.1554749310016632 0.45052453875541687 0.1385117769241333
0.4247218072414398 0.4150308072566986 -0.42035478353500366
-0.4412827491760254 0.3283298909664154 -0.21361897885799408
0.6067694425582886 0.07879716902971268 -0.3638629913330078
-0.48363128304481506 0.7141197323799133 -0.029490115121006966
-0.22539682686328888 0.40481436252593994 -0.03619365766644478
-0.5717835426330566 -0.0647006705403328 0.19294022023677826
-0.5470918416976929 0.6361602544784546 -0.11239919811487198
-0.31464484333992004 0.8004075288772583 -0.1284448504447937
-0.41156962513923645 0.5007990598678589 0.19450393319129944
-0.4821266829967499 0.46874409914016724 -0.13487306237220764
-0.46512970328330994 0.5447354316711426 0.11707357317209244
-0.3405589163303375 0.16765598952770233 -0.10182396322488785
-0.4178290069103241 0.42436230182647705 -0.07292541116476059
-0.2988363802433014 -0.11801684647798538 -0.09549221396446228
-0.3028227388858795 0.32434311509132385 -0.3127442002296448
0.5885822176933289 0.07805895805358887 -0.4857299029827118
-0.3963407576084137 0.4112604558467865 -0.03805820643901825
-0.6046313643455505 0.40683382749557495 0.06343581527471542
-0.4010302722454071 0.5106795430183411 0.0747283548116684
-0.3519458472728729 0.5594428181648254 -0.11123304814100266
-0.43251392245292664 -0.15821801126003265 -0.08594632148742676
-0.3257580101490021 0.4109025299549103 -0.7327117323875427
-0.44824326038360596 0.8649799823760986 0.5825793743133545
-0.3992919921875 -0.8712446689605713 -0.313338041305542
-0.0975886881351471 0.4486914575099945 -0.0898405984044075
0.40560171008110046 0.528720498085022 -0.23061025142669678
-0.323701947927475 0.38421446084976196 -0.11804456263780594
0.5173968076705933 0.39951175451278687 -0.1779680848121643
-0.5225750803947449 0.5422585606575012 -0.21248696744441986
-0.2529633343219757 0.4607275128364563 -0.12616916000843048
-0.3457810580730438 0.6462551951408386 0.18702971935272217
-0.47112149000167847 0.5375974178314209 0.25598299503326416
-0.11184773594141006 0.42138564586639404 -0.1745719313621521
-0.3955976068973541 0.5539913773536682 0.13238085806369781
-0.09336655586957932 0.6312428712844849 -0.0532492958009243
-0.5167776942253113 0.46012747287750244 -0.20014743506908417
-0.4949455261230469 0.6208865642547607 0.23481395840644836
-0.47539082169532776 0.33234164118766785 0.061709433794021606
-0.4694153964519501 0.944905698299408 0.08797851949930191
-0.35355469584465027 0.2946130931377411 -0.37731698155403137
-0.5090691447257996 0.5855978727340698 -0.11161337792873383
-0.4688549339771271 0.5844401717185974 0.1928481012582779
0.3841669261455536 0.6780036687850952 -0.40544888377189636
-0.5731862187385559 0.9236754775047302 -0.2334834784269333
-0.27122533321380615 0.441070020198822 0.00546175055205822
-0.38241273164749146 -0.0735686644911766 -0.385446161031723
-0.20799309015274048 0.06696195900440216 -0.16364125907421112
-0.4147266745567322 0.3642827570438385 0.12277588993310928
-0.38483527302742004 0.4327411949634552 -0.4061865508556366
-0.5836091637611389 0.16097573935985565 -0.3699665069580078
-0.3707256615161896 0.16993819177150726 -0.17645390331745148
-0.41080304980278015 0.44953858852386475 -0.32801273465156555
-0.5656358003616333 0.6218143701553345 0.161516010761261
-0.45002734661102295 0.10311952978372574 0.17478109896183014
-0.457579106092453 0.5604828596115112 0.11537519842386246
-0.3837727904319763 0.09062355011701584 0.08508238196372986
-0.33508628606796265 0.1905485838651657 -0.4397484064102173
-0.3817644417285919 0.41744518280029297 -0.22084181010723114
-0.4499781131744385 0.646051824092865 0.15022283792495728
-0.7107381820678711 0.11070694774389267 -0.37690863013267517
-0.6264516115188599 -0.47332507371902466 -0.2372576743364334
-0.5468894243240356 0.6310215592384338 -0.13311539590358734
-0.32864367961883545 0.3807183504104614 -0.3328213095664978
-0.530796229839325 0.2736128866672516 0.10130904614925385
-0.4454510807991028 0.36339443922042847 -0.1437091827392578
-0.47930893301963806 0.5585188269615173 0.30504241585731506
-0.14658159017562866 0.44268128275871277 0.02104344591498375
-0.6066556572914124 0.4229907989501953 0.38700395822525024
-0.5527428388595581 -0.5363136529922485 -0.0551583468914032
-0.24071508646011353 0.04059417173266411 -0.20915816724300385
-0.3730592429637909 0.39769312739372253 0.1989196538925171
-0.4637266993522644 0.59947669506073 0.17176151275634766
-0.6511294841766357 -0.8642878532409668 0.1452350616455078
-0.01773690991103649 0.34511691331863403 -0.41949912905693054
-0.007199386600404978 0.6693010926246643 -0.03324120491743088
-0.25605228543281555 -0.6072747111320496 -0.33774399757385254
-0.47039875388145447 0.5096963047981262 0.36353129148483276
-0.4911864101886749 0.5223695039749146 -0.03145819529891014
-0.44482719898223877 0.7502936720848083 0.15188021957874298
-0.6128842830657959 0.3097173273563385 0.134108766913414
-0.5006929039955139 0.9649060368537903 0.1559104323387146
-0.032340794801712036 0.4020250141620636 -0.40241456031799316
-0.5302711725234985 -0.4513038098812103 -0.005048451479524374
-0.29720672965049744 0.08776538819074631 -0.36318278312683105
-0.39392268657684326 0.12098594754934311 0.25854161381721497
-0.4585765302181244 0.5604243874549866 -0.006885578390210867
-0.3785252571105957 -0.03732779622077942 -0.13500168919563293
-0.389629602432251 0.13020968437194824 0.05382431298494339
0.24315990507602692 0.2930021286010742 -0.573300302028656
-0.4107096493244171 0.2686668634414673 -0.08646044880151749
-0.46461427211761475 -0.02034755051136017 -0.15869128704071045
-0.3779422342777252 0.26246190071105957 -0.2717970013618469
-0.3863951563835144 0.2671917676925659 -0.20350302755832672
-0.4782932698726654 0.33150357007980347 0.2091446816921234
-0.40035077929496765 0.4074040651321411 -0.002141520380973816
-0.15758442878723145 0.47993946075439453 -0.16374826431274414
-0.4798622131347656 0.5371236205101013 -0.2961895167827606
0.3383498787879944 -0.35207560658454895 -0.2684226930141449
-0.4232586920261383 0.6173145174980164 -0.2674921751022339
0.48296719789505005 0.29427772760391235 -0.6291072964668274
-0.347654789686203 0.3467286229133606 -0.28160035610198975
-0.4671856760978699 0.5399046540260315 -0.20258194208145142
-0.31114333868026733 -0.08976930379867554 -0.43583303689956665
-0.25845980644226074 0.5824467539787292 -0.19784939289093018
-0.03853754699230194 0.4709652364253998 -0.25023239850997925
-0.1222606971859932 0.36552661657333374 -0.5175813436508179
-0.10810932517051697 -0.22815488278865814 -0.15776941180229187
0.014475369825959206 0.5209082961082458 -0.09430080652236938
-0.4613246023654938 0.5428648591041565 -0.05791078880429268
-0.470657616853714 0.37675735354423523 -0.09382287412881851
-0.0990908294916153 0.4663810431957245 0.033003490418195724
-0.4670182764530182 0.5072739720344543 0.10981489717960358
0.1551985740661621 0.2587120234966278 -0.3205812871456146
-0.3390704393386841 0.32314467430114746 -0.42343640327453613
-0.5247220993041992 0.3561132550239563 0.09606215357780457
-0.410449355840683 0.5345079302787781 0.17828679084777832
0.4853507876396179 0.3031698167324066 -0.5618587732315063
-0.43186354637145996 0.4631025493144989 0.06870299577713013
-0.4086611270904541 0.2012757807970047 -0.1590757966041565
-0.5239267349243164 0.6805011034011841 0.13061274588108063
-0.6981825232505798 0.3098905384540558 0.23036594688892365
-0.1683325469493866 0.5739375948905945 -0.19559906423091888
-0.19005629420280457 0.36186903715133667 -0.16236625611782074
-0.3929363191127777 -0.25063055753707886 -0.06156817451119423
-0.2726275622844696 0.3152010142803192 -0.29717519879341125
-0.5048839449882507 0.7392305731773376 0.07582156360149384
-0.5103367567062378 0.47440481185913086 -0.010167814791202545
-0.5007861852645874 0.21497221291065216 -0.15299063920974731
-0.4942673146724701 -0.5776299238204956 0.30712905526161194
-0.26556122303009033 0.3327476680278778 -0.12841105461120605
-0.5356247425079346 0.6209227442741394 -0.15579669177532196
-0.42327946424484253 0.34257516264915466 0.16867952048778534
-0.48289456963539124 -0.05691814050078392 0.05190122127532959
-0.5176699757575989 0.6073609590530396 0.09387565404176712
-0.3164305090904236 0.34443697333335876 -0.08728459477424622
0.2832137942314148 0.06997549533843994 -0.45617103576660156
-0.5136871337890625 0.8054148554801941 -0.055117808282375336
-0.19106405973434448 -0.5218571424484253 -0.3986346423625946
-0.48814064264297485 -0.38054990768432617 -0.40801212191581726
0.005005515180528164 -0.49821195006370544 -0.2255885899066925
-0.4999440610408783 0.2708675265312195 -0.18410982191562653
-0.4437960982322693 0.5465150475502014 -0.3228081166744232
0.2175142914056778 0.32835114002227783 -0.11179149895906448
-0.36324262619018555 0.49187055230140686 0.00773355970159173
0.07155635952949524 0.6481119394302368 -0.24616298079490662
-0.24932116270065308 0.6233458518981934 0.05312083661556244
-0.3202843964099884 0.1658865064382553 -0.10568295419216156
-0.41341617703437805 -0.344913125038147 -0.06930268555879593
-0.5007109642028809 0.2707495391368866 -0.11518239974975586
-0.5423098802566528 0.6680295467376709 0.007744748145341873
-0.4617086350917816 0.17296302318572998 0.17940735816955566
-0.36291906237602234 -0.012312961742281914 -0.2265944480895996
-0.04434001445770264 0.46531304717063904 -0.22972500324249268
-0.442029744386673 0.27637287974357605 -0.1755620688199997
-0.41008952260017395 0.42591169476509094 0.011305456981062889
0.34697186946868896 0.5594483017921448 -0.18173527717590332
-0.4477080702781677 0.38273388147354126 0.22832238674163818
-0.14334997534751892 0.3344450294971466 -0.3375987112522125
0.07460594177246094 0.4643312990665436 -0.17814341187477112
-0.6049798727035522 -0.14348861575126648 0.17337311804294586
0.39437100291252136 0.17308077216148376 -0.31594008207321167
-0.5150302648544312 0.24865379929542542 -0.07803622633218765
-0.3720230162143707 0.26749691367149353 -0.45628005266189575
-0.47383707761764526 0.37759843468666077 -0.08575884252786636
-0.5381714701652527 0.5142379403114319 -0.37425416707992554
-0.47990384697914124 0.48374223709106445 0.23659242689609528
-0.6380255818367004 0.3687559962272644 -0.11771726608276367
-0.10316821932792664 0.348137766122818 -0.1119806244969368
-0.4862382709980011 0.524583637714386 -0.2752447724342346
-0.4428766369819641 0.6266867518424988 -0.021213458850979805
-0.47105661034584045 0.7120354771614075 0.37703937292099
-0.4726724624633789 0.6425455212593079 0.20798496901988983
-0.026570234447717667 0.6622940301895142 0.026868678629398346
-0.4631471335887909 0.6257649660110474 0.07187547534704208
-0.45815104246139526 0.030489422380924225 0.1430516391992569
0.27764976024627686 0.5974035859107971 -0.22054968774318695
-0.3600648045539856 0.3727611303329468 -0.17098970711231232
-0.21956969797611237 0.2629115581512451 -0.21632200479507446
-0.4667651057243347 0.7606432437896729 0.030880002304911613
-0.46933621168136597 0.6793096661567688 0.08778530359268188
-0.44921591877937317 0.912199079990387 -0.0782884731888771
-0.2824552655220032 0.3288390338420868 0.046814024448394775
-0.40243181586265564 -0.009528422728180885 -0.235483318567276
-0.41964057087898254 0.21140606701374054 0.04893043637275696
-0.32525143027305603 0.4834980070590973 -0.02245529741048813
-0.45657551288604736 0.22160150110721588 0.17575781047344208
-0.31667283177375793 -0.20473457872867584 -0.20320285856723785
-0.4479411244392395 0.4860389232635498 -0.05698142945766449
-0.45312637090682983 0.5306873917579651 -0.02448762021958828
-0.5225943326950073 0.33092543482780457 -0.21354784071445465
-0.3321349322795868 0.3461367189884186 0.10649134963750839
-0.2908426523208618 0.3383200168609619 -0.04803984984755516
-0.4414299428462982 0.4298609495162964 0.3203599154949188
-0.2811748683452606 -0.3904525339603424 -0.20092414319515228
-0.39068517088890076 0.5653457045555115 0.10190750658512115
-0.5628011226654053 0.6276222467422485 -0.30577054619789124
-0.10720764845609665 0.46913009881973267 -0.20813287794589996
-0.46125081181526184 0.3392377197742462 -0.2432687133550644
-0.34205716848373413 0.31280484795570374 -0.2692939341068268
-0.20641499757766724 0.4535626471042633 -0.20556823909282684
-0.08560333400964737 -0.014267433434724808 -0.2406228929758072
-0.27089521288871765 0.6494849324226379 -0.1797175407409668
-0.3357044756412506 -0.06091273948550224 -0.06908556818962097
-0.5460575819015503 0.4375218451023102 -0.006297152955085039
-0.19537611305713654 0.5189250111579895 -0.575069785118103
0.33410587906837463 -0.2040703296661377 -0.17834310233592987
-0.47532719373703003 0.3182813227176666 0.15298046171665192
-0.5184282064437866 0.053486183285713196 0.15364737808704376
-0.4517957866191864 0.597632884979248 0.21460933983325958
0.11266428977251053 0.12576700747013092 -0.505195677280426
-0.44548556208610535 0.5189244747161865 0.07788725942373276
-0.49469536542892456 0.659085214138031 -0.17659538984298706
-0.5659974217414856 0.5671004056930542 -0.18303728103637695
-0.42848801612854004 -0.27187737822532654 -0.14819574356079102
-0.430301308631897 0.30673375725746155 -0.033940643072128296
-0.6385854482650757 0.5720356702804565 -0.1577269434928894
-0.07988787442445755 0.4487014710903168 -0.27368587255477905
0.06746798753738403 0.4248407483100891 -0.28778937458992004
-0.43621182441711426 0.4788113832473755 0.043806370347738266
-0.4505068361759186 0.33356237411499023 -0.1326252818107605
-0.11027150601148605 -0.4352385401725769 -0.48407503962516785
-0.42106103897094727 0.519899845123291 -0.03903844952583313
-0.6041720509529114 0.7523308992385864 0.0751422792673111
-0.6255065202713013 -0.2021520584821701 0.14410220086574554
0.3526924252510071 0.17008060216903687 -0.17711490392684937
-0.3979192078113556 0.4150402247905731 -0.06592623889446259
-0.15135088562965393 0.5714311599731445 0.045068323612213135
-0.35258015990257263 0.5118259787559509 0.05577721446752548
0.3908267915248871 0.48688551783561707 -0.060674261301755905
-0.4355066418647766 0.4517294764518738 0.23748666048049927
-0.4962557852268219 0.5318282842636108 -0.287007212638855
-0.4822249114513397 0.5163984894752502 0.004168623127043247
-0.5191311240196228 0.26534271240234375 -0.27437910437583923
-0.38271066546440125 -0.010973125696182251 -0.38981059193611145
-0.5897419452667236 0.36123740673065186 -0.08123713731765747
-0.19562052190303802 -0.30058082938194275 -0.38188183307647705
0.5859706997871399 0.52964848279953 -0.15952453017234802
-0.384445458650589 0.3740106523036957 -0.24772565066814423
0.09963950514793396 0.2960725426673889 -0.6878148317337036
-0.37104332447052 0.6739018559455872 0.1731879562139511
-0.15339450538158417 0.7950462698936462 -0.4991554617881775
-0.4733109474182129 0.5352985858917236 0.19493955373764038
0.3478793203830719 -0.02023833431303501 -0.20087255537509918
-0.5210962891578674 -0.8395646214485168 0.32353609800338745
-0.3169354200363159 -0.2783184051513672 -0.16086336970329285
0.15350499749183655 -0.005693244747817516 0.15537108480930328
-0.36450299620628357 0.24898412823677063 -0.30779531598091125
-0.4862957000732422 0.5460025668144226 0.08093498647212982
-0.5388990640640259 0.41611549258232117 -0.320531964302063
-0.01673482358455658 0.5021803975105286 -0.12687186896800995
-0.3530217409133911 0.4308035671710968 -0.11857499927282333
-0.27604418992996216 0.16820982098579407 -0.19227111339569092
-0.6171907186508179 0.31270039081573486 -0.22626592218875885
0.02158530056476593 0.8113380670547485 0.047167710959911346
-0.234837144613266 -0.17822164297103882 -0.07903323322534561
-0.1484849601984024 0.33409586548805237 -0.4884794056415558
0.35714012384414673 0.6331290602684021 -0.03468623757362366
0.43163275718688965 0.27358463406562805 -0.328787624835968
-0.4365141987800598 0.531069278717041 0.1756683886051178
-0.1660016030073166 0.2917403280735016 -0.28182414174079895
-0.4078924357891083 0.3343043327331543 0.143244206905365
-0.45695754885673523 0.5225735306739807 0.2577265501022339
-0.04104582592844963 -0.03055804781615734 -0.12020276486873627
-0.38000747561454773 0.16291002929210663 -0.018724409863352776
-0.5160473585128784 0.599432647228241 0.27822014689445496
-0.6294534206390381 0.6256831288337708 -0.010018579661846161
-0.29527097940444946 0.252762109041214 -0.32994192838668823
-0.24175487458705902 0.2409927099943161 -0.511584460735321
-0.4974481761455536 0.5343186855316162 -0.25243890285491943
-0.4590500593185425 0.4064575135707855 -0.11423832923173904
-0.5005005598068237 0.2684316039085388 -0.17285363376140594
-0.45813924074172974 0.45851200819015503 -0.16217099130153656
-0.33562323451042175 -0.1237955167889595 -0.35808855295181274
-0.22750650346279144 0.5971770286560059 0.04311995580792427
0.18679767847061157 -0.00046411564107984304 -0.15807697176933289
-0.4893954396247864 0.2669390141963959 -0.13733944296836853
-0.4999106824398041 0.6149901151657104 -0.12771360576152802
-0.4125004708766937 0.5433463454246521 0.1012863889336586
-0.10922446101903915 0.38742050528526306 -0.4459892213344574
-0.21513576805591583 0.1954279989004135 0.01584421470761299
0.07858916372060776 0.5064994692802429 -0.04520794749259949
-0.09004615992307663 0.47421976923942566 -0.3265642523765564
-0.2810122072696686 -0.10274741798639297 -0.22028261423110962
-0.5604274868965149 0.3712422251701355 0.02990543283522129
-0.4761582911014557 0.7298709750175476 0.23142673075199127
-0.020027337595820427 0.3176313638687134 -0.5977937579154968
-0.5239897966384888 0.47969743609428406 0.0683891773223877
0.1626870334148407 0.6184057593345642 0.007905916310846806
-0.28625765442848206 0.30495738983154297 -0.22586004436016083
-0.4785698354244232 0.6995371580123901 -0.20752988755702972
-0.3684771656990051 0.507668137550354 0.0336950421333313
-0.1175631582736969 0.43233656883239746 -0.3634931445121765
-0.2726176083087921 0.3867500126361847 0.19743728637695312
-0.22432367503643036 0.43902602791786194 -0.20678997039794922
-0.4167196452617645 -0.3891350328922272 -0.18278658390045166
-0.5893954038619995 0.5622694492340088 -0.21183225512504578
-0.49058884382247925 0.6513569355010986 -0.05310424417257309
-0.6499077677726746 0.5763170719146729 0.10121134668588638
-0.4543125331401825 0.25376322865486145 0.12485024333000183
0.31601956486701965 -0.13683746755123138 -0.3509474992752075
-0.4320715367794037 0.1850297600030899 -0.03771491348743439
-0.5318596959114075 0.5432340502738953 0.1490563303232193
-0.4166809320449829 0.566001296043396 0.04166141152381897
-0.5227441191673279 0.4745354652404785 -0.019716478884220123
-0.32114601135253906 0.6172235012054443 0.009470940567553043
-0.021914726123213768 0.3132539689540863 0.07993575185537338
0.08105171471834183 0.29255613684654236 -0.39981913566589355
-0.0719771459698677 0.34577059745788574 -0.7009580135345459
-0.06465929001569748 0.5507016181945801 -0.023208778351545334
-0.5522472858428955 0.5672898888587952 -0.07337000221014023
-0.4211875796318054 1.1718372106552124 0.3896521329879761
0.36312708258628845 0.32917889952659607 -0.10588019341230392
-0.30880841612815857 0.49794769287109375 -0.019395412877202034
-0.461956650018692 0.3406895101070404 -0.09581641852855682
-0.07467945665121078 0.5215731859207153 -0.2710266709327698
-0.5184754729270935 0.5204757452011108 0.1337951272726059
-0.3640136420726776 0.4503246545791626 -0.07712040096521378
-0.6077253222465515 0.23532089591026306 -0.048074640333652496
-0.504535436630249 0.5247555375099182 0.045547571033239365
-0.482921302318573 0.5685411095619202 -0.2735150158405304
-0.5636717677116394 0.8010281920433044 0.11104834824800491
-0.46527621150016785 0.6488373875617981 0.4275406002998352
0.35149478912353516 0.029618989676237106 -0.1785624623298645
-0.6158016920089722 0.07986809313297272 -0.16699272394180298
-0.14053191244602203 0.2492934614419937 -0.20582599937915802
-0.4682229161262512 0.20933516323566437 0.010464878752827644
-0.37391936779022217 0.37492895126342773 -0.15143008530139923
-0.4468662738800049 -0.11706387996673584 0.0383494570851326
-0.5467418432235718 0.31898587942123413 -0.04427018389105797
-0.38495883345603943 0.3873423933982849 -0.27883121371269226
-0.4956887364387512 0.3371046483516693 0.04194030165672302
-0.5683839321136475 0.6911384463310242 -0.16136321425437927
-0.4447561800479889 0.33317986130714417 -0.16633588075637817
-0.33004429936408997 0.1799355000257492 -0.3036769926548004
-0.4658234715461731 0.8087495565414429 0.44390109181404114
-0.23537085950374603 0.5182030200958252 -0.21773307025432587
-0.3183116018772125 0.6305915713310242 0.02358146943151951
-0.06283833831548691 0.3710765242576599 -0.29153361916542053
-0.03199358284473419 -0.3807889223098755 -0.1657566875219345
-0.4154374897480011 0.4006403088569641 -0.17540210485458374
-0.4959537982940674 0.725719153881073 0.06804920732975006
-0.38697442412376404 0.42919620871543884 0.15970589220523834
-0.2720390856266022 0.8725262880325317 0.31943342089653015
-0.5077188014984131 0.271592915058136 0.14186298847198486
-0.6744102239608765 0.07229961454868317 -0.2502864897251129
-0.13470831513404846 0.3161314129829407 -0.18931597471237183
-0.3086499869823456 0.40930864214897156 -0.08426573127508163
-0.5742408633232117 0.5501602292060852 -0.05856664851307869
-0.4695234000682831 0.5581337213516235 0.017452985048294067
-0.1313197761774063 0.389180451631546 -0.332503080368042
-0.07846907526254654 0.6678880453109741 0.08274740725755692
-0.37182891368865967 0.21055378019809723 0.16726811230182648
-0.4801566004753113 0.02265007607638836 -0.34078502655029297
-0.46831774711608887 0.8217754364013672 0.07656624168157578
-0.42125847935676575 0.22280673682689667 -0.019296573475003242
-0.4438610076904297 0.5464980006217957 0.2337363362312317
0.03564314916729927 0.674935519695282 -0.040502727031707764
-0.34554728865623474 0.7283657789230347 0.02366512268781662
-0.5446879267692566 -0.13912121951580048 -0.12320234626531601
-0.4310949146747589 1.0120141506195068 0.05449686571955681
-0.4330292046070099 0.42537349462509155 -0.07784020900726318
-0.4172062575817108 0.6140180826187134 -0.009475616738200188
-0.3629971742630005 0.8592702746391296 0.10109139233827591
-0.10234973579645157 -0.1488506942987442 -0.18877817690372467
-0.31863611936569214 0.49559953808784485 0.024705680087208748
-0.4729112982749939 0.7122555375099182 -0.020497186109423637
-0.4664038121700287 -0.3272159993648529 0.3002714216709137
0.1543453335762024 0.0020679852459579706 -0.03409179300069809
-0.4039027988910675 0.2381322681903839 0.012538636103272438
-0.5338541865348816 -0.10604379326105118 0.0284106582403183
-0.20181378722190857 0.3001006841659546 -0.5936964154243469
0.4327479302883148 0.34981319308280945 -0.6397431492805481
-0.09482253342866898 0.3048563301563263 -0.15152181684970856
-0.23693938553333282 0.29951414465904236 -0.29747769236564636
-0.5452975034713745 0.25226736068725586 0.08582276105880737
-0.24451075494289398 0.43611040711402893 -0.1433836817741394
-0.4621543884277344 0.41449999809265137 -0.11598015576601028
-0.41812804341316223 0.45492976903915405 0.012880438938736916
-0.2034846991300583 -0.4062284529209137 -0.3870372176170349
-0.43503323197364807 0.6660346388816833 -0.07783770561218262
-0.5283925533294678 0.565118134021759 0.1348087340593338
-0.5483260750770569 0.46623605489730835 0.055441539734601974
-0.38779979944229126 0.4712100923061371 -0.2502911388874054
-0.25084149837493896 0.2607695758342743 -0.36313995718955994
0.3916480541229248 0.3529568016529083 -0.16814462840557098
0.4441474676132202 0.33627888560295105 -0.2420065701007843
-0.06830116361379623 0.5403091311454773 -0.14314396679401398
-0.6714547872543335 0.40906330943107605 -0.0765656903386116
-0.2069823443889618 0.9204522967338562 -0.240068718791008
-0.41841351985931396 0.5136852860450745 -0.6623402237892151
-0.339000940322876 0.6057307720184326 -0.02197733335196972
-0.5967514514923096 0.4789656400680542 -0.04653235152363777
-0.504423201084137 0.7650450468063354 0.3775137960910797
-0.41620996594429016 0.283115416765213 -0.1168191060423851
-0.4322546720504761 -0.34766319394111633 -0.1368633657693863
-0.5266152024269104 -0.05349176377058029 -0.19386258721351624
-0.46643519401550293 0.42237958312034607 -0.042108435183763504
-0.5319621562957764 0.7758383750915527 0.21906504034996033
-0.35688316822052 0.392835408449173 -0.15134970843791962
-0.5894538760185242 0.4513525068759918 0.020518144592642784
0.07599842548370361 0.41324588656425476 -0.20439808070659637
-0.4623771011829376 0.49709320068359375 0.16889479756355286
-0.47110608220100403 0.17926190793514252 -0.5500441789627075
-0.360774964094162 0.46859022974967957 0.0075257341377437115
-0.1913186013698578 0.7145457863807678 -0.30325356125831604
-0.46947842836380005 0.22539344429969788 0.0423525869846344
-0.07293259352445602 0.3442634344100952 -0.17417128384113312
-0.5120924115180969 0.6071876287460327 -0.05328476056456566
-0.45230817794799805 0.2861118018627167 -0.27151545882225037
0.15515530109405518 0.7492446303367615 -0.09332301467657089
-0.384246826171875 1.1868870258331299 0.46679943799972534
0.33365339040756226 0.6751340627670288 -0.0799323245882988
-0.34791770577430725 0.6641417741775513 0.11155478656291962
-0.5189202427864075 0.8049540519714355 0.1407553255558014
0.06234273314476013 0.466308057308197 -0.05914686620235443
0.13563697040081024 0.6756559610366821 -0.17158551514148712
-0.45105984807014465 0.4890207350254059 0.018824145197868347
-0.4894547760486603 0.6178405284881592 -0.13096362352371216
-0.4826245605945587 0.8030710816383362 0.2256104201078415
-0.3754830062389374 0.33102694153785706 -0.14286436140537262
-0.41928550601005554 0.541573166847229 -0.11766434460878372
0.19939950108528137 0.5747674107551575 -0.3303307592868805
-0.4164593517780304 0.3081928789615631 -0.12363729625940323
-0.4830072224140167 0.3109523355960846 -0.035034455358982086
-0.1826978474855423 0.26781922578811646 0.023986149579286575
-0.450422078371048 0.7916705012321472 0.454004168510437
-0.18681325018405914 0.21173179149627686 -0.2447952926158905
-0.34852585196495056 0.3073703348636627 -0.11390715837478638
-0.4885604679584503 0.5857093334197998 -0.113957978785038
-0.43056753277778625 -0.44665250182151794 0.12902410328388214
-0.5097793340682983 0.6978468894958496 0.22725768387317657
-0.34272804856300354 -1.1396803855895996 0.01645568571984768
0.160025492310524 0.6166212558746338 -0.1981167495250702
-0.3218914568424225 -0.603855311870575 -0.1697377860546112
-0.6125948429107666 0.745599091053009 0.20452719926834106
0.16748236119747162 0.21729952096939087 -0.2770715355873108
0.352798730134964 0.1918308138847351 -0.257271945476532
-0.4041624367237091 0.6251318454742432 0.003914348781108856
-0.058955755084753036 0.42667993903160095 -0.044616054743528366
-0.40046054124832153 0.02990993857383728 -0.25206124782562256
-0.12010838836431503 0.5279456973075867 -0.2814370393753052
-0.38806354999542236 0.28482815623283386 -0.3127419948577881
-0.5969482064247131 -0.47943535447120667 0.25372210144996643
-0.23489615321159363 0.24503128230571747 0.004968512337654829
-0.4508427083492279 0.6656593084335327 0.14201533794403076
-0.47125425934791565 0.8804056644439697 0.36984217166900635
-0.3790550231933594 0.532413125038147 -0.13983310759067535
-0.4001689553260803 0.3304586112499237 -0.270037978887558
-0.3747166693210602 0.32403457164764404 -0.12462180107831955
-0.4948955476284027 0.3962147831916809 0.10907188057899475
-0.545131504535675 0.5105873942375183 0.08221413195133209
-0.5479584336280823 0.17274436354637146 0.10286206007003784
-0.5065286755561829 0.4302661418914795 -0.14185279607772827
-0.46878841519355774 0.5959062576293945 0.0028470386750996113
-0.4356769323348999 0.659683108329773 0.22823067009449005
-0.37517672777175903 1.0808634757995605 0.35341572761535645
-0.5451393127441406 -0.45738837122917175 0.28322651982307434
-0.39352306723594666 0.5291683077812195 -0.020245196297764778
-0.4543613791465759 -0.010640444234013557 -0.2345244288444519
-0.011165585368871689 0.48649686574935913 -0.22704117000102997
0.301032692193985 0.7141057252883911 -0.12004049122333527
-0.45397886633872986 -0.3608558177947998 -0.21311305463314056
-0.2560720145702362 0.461017370223999 -0.023141667246818542
0.11192746460437775 0.14955690503120422 -0.4251922369003296
-0.4000847637653351 0.5160765647888184 0.12584373354911804
-0.43703553080558777 0.27138057351112366 -0.2904262840747833
-0.285872220993042 0.55570387840271 -0.11288740485906601
0.37379294633865356 0.303423672914505 -0.5476353168487549
-0.5275622606277466 -0.39408668875694275 0.1681526005268097
-0.4695933163166046 0.6157212853431702 0.3900628089904785
0.3683813512325287 0.17139403522014618 -0.30314457416534424
-0.5453402400016785 0.5423811078071594 0.2313716560602188
-0.10214407742023468 0.6314253211021423 -0.0892409235239029
-0.4037388563156128 0.5034509897232056 0.0829080194234848
-0.6032788157463074 0.2975900173187256 0.22924955189228058
-0.5712276101112366 0.6209325790405273 -0.12486671656370163
-0.4934888482093811 0.6183308959007263 -0.21489408612251282
-0.4874713122844696 0.458859384059906 -0.14966681599617004
-0.07003936171531677 0.6160067319869995 -0.049640364944934845
-0.3912385404109955 -0.3135751485824585 0.15814238786697388
0.42497944831848145 0.010372139513492584 -0.29972872138023376
0.33434322476387024 0.2634788155555725 -0.033272795379161835
-0.4279291331768036 -0.3574831485748291 -0.051596272736787796
-0.3204472064971924 0.3646012842655182 0.13593904674053192
-0.06870012730360031 0.0814623311161995 -0.6737253069877625
-0.09326963871717453 0.5003182888031006 -0.06236717477440834
-0.46739062666893005 -0.45275625586509705 0.1936466246843338
-0.265707403421402 0.42204147577285767 -0.23489031195640564
-0.36162105202674866 0.7047000527381897 0.15177765488624573
0.229490265250206 0.5699371695518494 -0.06535936146974564
-0.48521727323532104 0.27141109108924866 -0.06439018249511719
-0.30943432450294495 0.3276629149913788 -0.16361312568187714
-0.3848732113838196 0.4977179765701294 0.3410854637622833
-0.4282638728618622 0.43108436465263367 -0.17308521270751953
-0.4676292836666107 0.7533560991287231 0.1923292875289917
0.18790772557258606 0.6612478494644165 -0.03727470710873604
-0.18518489599227905 0.677406370639801 -0.32745710015296936
-0.5769693851470947 0.5446494221687317 0.03311144560575485
-0.587599515914917 0.4997623562812805 0.21792441606521606
-0.5611385107040405 -0.25697359442710876 -0.05273676663637161
-0.4660004675388336 0.6520481705665588 0.16411256790161133
0.3496530055999756 -0.06684036552906036 -0.17592450976371765
-0.040934380143880844 0.4410738945007324 -0.2662290334701538
-0.4369197189807892 0.1450166255235672 -0.18192428350448608
-0.4525396227836609 0.22667457163333893 -0.18839450180530548
-0.10526851564645767 -0.14650079607963562 -0.4964160621166229
-0.10669410973787308 0.33074435591697693 -0.08590778708457947
-0.07298342883586884 0.5040203332901001 -0.2504426836967468
-0.6331825852394104 -0.2924082577228546 0.18384189903736115
-0.4395463466644287 0.614827573299408 0.12959326803684235
-0.1053985208272934 0.40336620807647705 -0.2492448091506958
0.31526070833206177 0.38019657135009766 -0.1400298923254013
-0.6262940168380737 0.626110851764679 0.05731172114610672
-0.4879540205001831 0.3991188704967499 -0.3278450071811676
-0.45029309391975403 0.3572213649749756 -0.1310478001832962
-0.5002061724662781 0.5045703649520874 0.10179594159126282
-0.6612802147865295 0.5144028067588806 -0.08648379147052765
-0.3472011387348175 0.2657282054424286 -0.5264296531677246
0.09004493802785873 0.4271981120109558 0.011066937819123268
-0.27424851059913635 0.7381283640861511 -0.09506818652153015
-0.44023576378822327 0.42799392342567444 -0.036163151264190674
-0.37963274121284485 0.2609267234802246 -0.6612116694450378
-0.20887300372123718 0.31437018513679504 -0.3715963065624237
-0.4545646011829376 0.2104668915271759 -0.08764709532260895
-0.44340285658836365 0.7867876887321472 0.2537460923194885
-0.4940324127674103 0.7556926012039185 0.058912746608257294
-0.4373009204864502 0.8030405640602112 0.07468382269144058
-0.5761903524398804 0.5153610706329346 0.15977998077869415
-0.5235567092895508 0.7152804732322693 -0.03738624230027199
-0.47199273109436035 0.033329397439956665 -0.006585033144801855
-0.4151979386806488 0.43102914094924927 -0.14015498757362366
-0.36008596420288086 0.26716646552085876 -0.2505943179130554
-0.5101624131202698 -0.483242392539978 -0.38349607586860657
-0.6088951230049133 -0.20710016787052155 0.031413484364748
-0.4564744532108307 0.18939974904060364 0.2833111882209778
0.0047202990390360355 0.43047890067100525 -0.3885648548603058
-0.4081132411956787 0.3733956515789032 -0.05570519343018532
-0.2506236433982849 0.17137646675109863 0.10753266513347626
-0.2389138787984848 0.42437076568603516 0.017291197553277016
-0.45556360483169556 0.5246361494064331 0.038427866995334625
-0.35484516620635986 0.41333338618278503 -0.07704876363277435
-0.524654746055603 0.6681965589523315 -0.07344286888837814
0.09064682573080063 0.4416823983192444 -0.18925215303897858
0.14249634742736816 0.42256632447242737 -0.1482873260974884
-0.421509325504303 0.3923224210739136 0.2219354212284088
-0.501925528049469 0.560051679611206 -0.31402578949928284
-0.1891145557165146 0.5080507397651672 -0.11095825582742691
-0.2316105216741562 0.4364791810512543 -0.1653083860874176
-0.2853069007396698 0.13167189061641693 0.04672158509492874
-0.11286211758852005 0.6237427592277527 0.05344489961862564
-0.38153231143951416 -0.33135509490966797 0.2289717197418213
-0.16294728219509125 -0.8864240646362305 -0.670986533164978
-0.09248215705156326 0.5889551043510437 -0.09760648757219315
-0.5012187957763672 0.07026880979537964 0.22809180617332458
0.06041261926293373 0.11700628697872162 -0.1651199758052826
-0.6348052024841309 -0.23777510225772858 -0.09553311765193939
-0.7208535075187683 -0.022592036053538322 0.02398512326180935
-0.4610882103443146 0.46601545810699463 -0.23525185883045197
-0.4371212422847748 0.35642004013061523 -0.32839250564575195
-0.21388259530067444 0.03590702638030052 -0.14730235934257507
0.37359416484832764 0.37447449564933777 -0.2860462963581085
-0.4511934220790863 0.44236016273498535 -0.14096425473690033
0.0539524145424366 0.2119191586971283 -0.21930478513240814
0.10551974922418594 -0.39072489738464355 -0.5358318090438843
-0.6212755441665649 0.05084400996565819 -0.13930729031562805
-0.3242066502571106 0.6441741585731506 0.03753795102238655
0.0984918624162674 0.10986654460430145 -0.49395492672920227
0.13134029507637024 0.49952590465545654 -0.27144473791122437
-0.060767047107219696 0.23629648983478546 -0.5781125426292419
-0.5355382561683655 0.6040771007537842 -0.07533242553472519
-0.476013720035553 -0.5616340041160583 -0.4169682264328003
-0.5535419583320618 0.5101984739303589 0.013691890984773636
-0.4529508948326111 0.47924306988716125 -0.14440025389194489
-0.28056398034095764 0.4327338933944702 -0.3722637891769409
-0.3024177551269531 0.5070916414260864 0.1443406343460083
-0.11386751383543015 0.38617822527885437 -0.04523143172264099
-0.5022676587104797 0.7016510963439941 -0.13167540729045868
-0.5836296081542969 0.28844285011291504 -0.08852573484182358
0.3659515678882599 0.39154455065727234 -0.2369978278875351
-0.5148113965988159 0.6238299608230591 -0.051718078553676605
-0.45130881667137146 0.7310671210289001 0.20945613086223602
-0.1529037207365036 0.877871036529541 0.3753572702407837
-0.4921301007270813 0.6080820560455322 -0.11559370160102844
-0.5062153339385986 0.5917895436286926 -0.04680958390235901
-0.4273156225681305 0.21808680891990662 -0.002378398086875677
-0.43229764699935913 0.6019389629364014 -0.1002284437417984
-0.42722418904304504 0.6253479719161987 -0.3178788125514984
-0.43935394287109375 0.424296498298645 0.25725850462913513
0.07029109448194504 0.3367815315723419 -0.01974092237651348
-0.4211331605911255 0.5169987082481384 -0.21441009640693665
0.12693631649017334 -0.9882104992866516 -0.2770589590072632
-0.6486375331878662 0.11256083101034164 0.07561226189136505
0.3215850293636322 0.23126165568828583 -0.30065789818763733
-0.3428698778152466 0.26330122351646423 -0.15675753355026245
-0.36115020513534546 0.6269202828407288 0.16871356964111328
-0.4948902428150177 0.18366049230098724 0.3182257413864136
-0.4088754653930664 0.4484986364841461 -0.14142441749572754
-0.3789907693862915 0.5600783824920654 -0.14069004356861115
-0.3711273968219757 0.4610964059829712 -0.0626385286450386
-0.4501698613166809 1.0027142763137817 0.08736097812652588
-0.2768607437610626 0.44126540422439575 0.007288223598152399
-0.3702404499053955 0.4278455078601837 -0.03685330972075462
-0.46746525168418884 0.7833217978477478 0.2623963952064514
-0.4309958219528198 1.0629016160964966 -0.006295051891356707
-0.5224119424819946 0.31288737058639526 -0.04305681958794594
-0.4393683969974518 0.12123145908117294 0.05910080298781395
-0.15706956386566162 -0.5049891471862793 -0.21076549589633942
0.1286502182483673 0.5580893158912659 -0.2183532416820526
-0.5030317306518555 0.898695170879364 0.2531079351902008
-0.018834197893738747 0.6716299653053284 0.04684033989906311
-0.3150431215763092 0.1225666031241417 -0.19074052572250366
-0.4909103512763977 0.39247843623161316 -0.2440914809703827
-0.38231098651885986 0.23465125262737274 0.09235398471355438
-0.4874354898929596 -0.3209497034549713 -0.11961498111486435
-0.4209041893482208 0.6122567057609558 0.18109959363937378
-0.5156756639480591 0.6426892280578613 -0.0929260179400444
-0.3119382858276367 0.44322267174720764 -0.06666690856218338
-0.3890131115913391 0.1930873841047287 0.2040887326002121
-0.3685288727283478 0.4015944004058838 -0.24111352860927582
-0.4318055510520935 0.36961349844932556 -0.11036405712366104
-0.5333669781684875 0.5681777596473694 0.030263831838965416
-0.14085298776626587 0.17686893045902252 -0.5619025230407715
-0.44419389963150024 0.6033637523651123 -0.06086123362183571
-0.39906957745552063 0.642758309841156 0.18608981370925903
-0.3918457329273224 0.07236646860837936 -0.5319505929946899
-0.21788613498210907 0.70081627368927 -0.37751686573028564
-0.41684746742248535 0.5601908564567566 -0.26918745040893555
-0.3882978558540344 0.31614920496940613 -0.1694210022687912
-0.48339545726776123 0.8520961999893188 0.06119091808795929
-0.4320729374885559 0.7730469107627869 -0.5275430083274841
-0.08696252107620239 0.0411534421145916 -0.5064140558242798
-0.3932327926158905 0.7733945846557617 -0.41756221652030945
-0.5017393231391907 0.1977066546678543 0.038659851998090744
0.08536619693040848 0.20700062811374664 -0.059684764593839645
-0.43841028213500977 0.43842458724975586 -0.19304890930652618
-0.41884538531303406 0.36785566806793213 -0.16654621064662933
-0.08980093151330948 0.40057802200317383 0.08362984657287598
-0.5991872549057007 0.6104311347007751 -0.10092085599899292
-0.4323784112930298 0.4967755675315857 -0.1761094480752945
-0.7846377491950989 0.5825271010398865 -0.12695413827896118
-0.6733427047729492 0.17115044593811035 0.04038964956998825
-0.5881079435348511 0.629622757434845 0.2771732211112976
-0.3535505533218384 5.64187066629529e-05 0.10598179697990417
-0.43051815032958984 0.7571885585784912 0.040881622582674026
-0.5442861318588257 0.7575864195823669 -0.16194358468055725
-0.21822330355644226 0.908005952835083 -0.187808096408844
-0.4274533987045288 0.4823775887489319 0.29358065128326416
-0.487371563911438 0.30760520696640015 0.09556245058774948
-0.3995493948459625 0.29342925548553467 -0.3081895112991333
-0.45309582352638245 0.2732413709163666 -0.2656400501728058
0.43710747361183167 -0.6367891430854797 -0.2941693663597107
-0.21930502355098724 -0.1190035417675972 -0.17512147128582
-0.34266528487205505 0.452532023191452 0.030996160581707954
-0.5306494235992432 0.5753341913223267 0.09057639539241791
-0.09872458130121231 -0.16844616830348969 -0.23683297634124756
-0.4727681875228882 0.51274573802948 0.2070511132478714
-0.42936673760414124 -0.021612020209431648 0.2621431350708008
-0.45692574977874756 0.43229246139526367 -0.18846526741981506
-0.5460034608840942 0.6175624132156372 0.0556672103703022
-0.4898301362991333 0.585319459438324 -0.16216756403446198
-0.12088446319103241 0.30726495385169983 -0.43390604853630066
-0.06658857315778732 -0.07923846691846848 -0.5221018195152283
-0.30464959144592285 -0.333893746137619 -0.2783285975456238
-0.2793576419353485 -0.04075637832283974 -0.32257983088493347
-0.44822847843170166 0.09466291218996048 0.057236842811107635
-0.46209716796875 0.7463958859443665 -0.21761371195316315
-0.16526266932487488 -0.036377113312482834 0.09029961377382278
-0.5622129440307617 -1.1206003427505493 -0.3895442485809326
-0.09903297573328018 0.5528523921966553 -0.11611413955688477
-0.35121169686317444 0.5687310099601746 0.2904898226261139
-0.25572794675827026 0.28173017501831055 -0.2458818405866623
-0.5793725848197937 0.40038204193115234 -0.06421497464179993
0.4800032675266266 0.12469527870416641 -0.5320520997047424
-0.5115219354629517 0.7035131454467773 0.26154953241348267
-0.13123366236686707 0.4625488817691803 -0.21441759169101715
-0.4712984561920166 0.22333718836307526 0.3408011496067047
-0.42433860898017883 -0.32676592469215393 -0.2291741669178009
-0.5504395961761475 0.3680777847766876 0.19214260578155518
-0.3942932188510895 0.4239712655544281 -0.08567682653665543
-0.16571539640426636 0.382257878780365 -0.30385100841522217
-0.18180713057518005 0.5639461874961853 -0.1522655040025711
-0.10468173772096634 0.3883386552333832 -0.39734748005867004
-0.35206806659698486 -0.0645478218793869 0.2976089417934418
-0.03860858082771301 -0.32423871755599976 -0.2846028208732605
-0.2659013569355011 0.49873602390289307 -0.031140053644776344
0.20150350034236908 -0.6458995938301086 0.04285665228962898
-0.17315265536308289 0.7095676064491272 -0.1815943568944931
-0.41205665469169617 0.5602098703384399 -0.09233322739601135
-0.2207777500152588 0.6889972686767578 -0.12093535810709
-0.08419156074523926 0.06184571236371994 -0.30747175216674805
-0.19010551273822784 -0.41790732741355896 -0.16592912375926971
0.0555739663541317 -0.1465679258108139 -0.13831396400928497
-0.522721529006958 0.5723976492881775 0.09495992213487625
-0.10569754242897034 0.4229367673397064 -0.17300604283809662
-0.3436751663684845 0.5036399364471436 0.07850208878517151
0.3022057116031647 0.1348392814397812 -0.13665255904197693
-0.5183534622192383 0.6623661518096924 0.07286035269498825
0.4989888370037079 0.06665779650211334 -0.21358038485050201
-0.41636109352111816 0.3309190273284912 0.09223460406064987
-0.4510662853717804 0.6141388416290283 -0.45009472966194153
-0.43781161308288574 0.3019886016845703 -0.19544625282287598
-0.4304122030735016 0.502110481262207 -0.06460101157426834
-0.524999737739563 0.02380642108619213 -0.3466545045375824
-0.3506195545196533 0.1335974633693695 -0.40718111395835876
-0.5262784957885742 0.3050505518913269 -0.2057894468307495
-0.07521990686655045 -0.14701437950134277 -0.08400717377662659
-0.5940600633621216 0.6252055764198303 0.02940782904624939
-0.053945641964673996 0.4111892879009247 -0.23814961314201355
-0.3922143280506134 0.5306566953659058 0.1104801744222641
-0.4555909037590027 0.611526370048523 0.07266904413700104
-0.19539891183376312 0.6863421201705933 0.003152885939925909
-0.8167062997817993 0.09786565601825714 -0.07227926701307297
-0.17683333158493042 0.5320731401443481 0.008770832791924477
-0.5507612824440002 0.44887396693229675 0.15729956328868866
-0.3948409855365753 0.4440551996231079 -0.028606217354536057
0.30087417364120483 0.46190595626831055 -0.08470603823661804
-0.42536845803260803 0.4401794373989105 -0.02684672549366951
0.22028674185276031 0.3534454107284546 -0.18002943694591522
0.21003641188144684 0.3692476749420166 0.08531969785690308
-0.7268766164779663 0.20400676131248474 -0.24989542365074158
0.36456456780433655 0.8172315359115601 -0.421177476644516
0.009344637393951416 0.24574056267738342 -0.2966004014015198
-0.5319115519523621 0.6817198395729065 0.12186144292354584
0.13423272967338562 0.11496087908744812 -0.4181085526943207
0.13401295244693756 1.0884603261947632 -0.012869663536548615
-0.2210693657398224 0.06350023299455643 -0.6035704612731934
-0.6195515394210815 0.532970666885376 -0.2361084222793579
-0.45823797583580017 -0.46798959374427795 -0.1275986284017563
-0.2445075362920761 0.32082951068878174 -0.14692659676074982
-0.1875573992729187 -0.012979868799448013 -0.22564704716205597
-0.45380324125289917 0.7753601670265198 -0.05571439117193222
0.0838225856423378 0.6712108254432678 -0.2391490787267685
-0.5227646827697754 0.7365955114364624 -0.10879866778850555
-0.3873254060745239 0.3929484784603119 -0.11742231249809265
-0.4294538199901581 0.4113942086696625 -0.1326294094324112
-0.5334766507148743 0.6423178911209106 -0.24022890627384186
-0.4518032670021057 0.3369469940662384 0.22679094970226288
-0.49341893196105957 0.5223135352134705 -0.2665618360042572
-0.4494113624095917 0.26934486627578735 -0.18427343666553497
-0.34206467866897583 -0.029896089807152748 -0.4998818039894104
-0.5331637859344482 0.3657509684562683 -0.1273476630449295
-0.4905311167240143 0.1381065994501114 0.024672232568264008
0.36964142322540283 0.3710334300994873 -0.3259413540363312
-0.41497787833213806 0.5030530095100403 0.12734158337116241
0.16720519959926605 0.4871646463871002 0.04763689264655113
-0.33674490451812744 -0.4419637620449066 0.11286218464374542
-0.41767382621765137 0.43433675169944763 0.032951366156339645
0.5069963335990906 0.14395985007286072 -0.4668513536453247
-0.4075424075126648 0.22370107471942902 -0.19196023046970367
-0.34046638011932373 -0.06007861718535423 -0.07326575368642807
-0.5055466294288635 0.0527617409825325 -0.12745974957942963
-0.04897361248731613 0.37008440494537354 -0.2166818231344223
-0.41897052526474 0.5101105570793152 0.09030942618846893
-0.09864813834428787 0.8043710589408875 0.0024884562008082867
-0.24236637353897095 0.6512996554374695 0.09297282993793488
0.38865339756011963 -0.3476475179195404 -0.18633398413658142
-0.45751601457595825 0.4091971516609192 -0.033621251583099365
-0.5898013114929199 0.4338393211364746 0.17344070971012115
0.5373117923736572 0.19908353686332703 -0.6510775685310364
-0.3906235098838806 0.3238790035247803 -0.27988356351852417
-0.4611521065235138 0.2398802936077118 0.09497571736574173
-0.5368702411651611 -0.004039162769913673 -0.26778239011764526
-0.4844764173030853 0.7613954544067383 0.20135362446308136
-0.44705069065093994 0.0692199096083641 -0.11797148734331131
0.4871145486831665 0.06182532384991646 -0.3325797915458679
-0.39869409799575806 0.5353952646255493 -0.20757657289505005
-0.6051454544067383 0.07262992858886719 -0.11463053524494171
-0.332963228225708 0.3325074017047882 -0.3380780816078186
-0.5096839666366577 0.8056999444961548 0.21175837516784668
-0.4597480595111847 0.7757770419120789 0.3035808205604553
-0.38170039653778076 0.33536529541015625 -0.33822354674339294
-0.23114652931690216 0.16487069427967072 -0.005186731927096844
-0.4489481449127197 0.7381468415260315 0.14093534648418427
0.19537517428398132 0.2719893753528595 -0.21635796129703522
-0.5011171698570251 0.44680875539779663 -0.11482171714305878
-0.5693628191947937 1.0023808479309082 0.062269847840070724
0.10095209628343582 -0.08312391489744186 -0.09236527234315872
-0.18439780175685883 0.3131885230541229 -0.1538485735654831
-0.32093843817710876 0.5309203267097473 -0.16609275341033936
-0.6279873847961426 0.6077799797058105 -0.02868068963289261
-0.2096170336008072 0.5214530825614929 -0.19235368072986603
-0.48330509662628174 0.6417204737663269 0.10121139138936996
-0.23778726160526276 -0.14344742894172668 -0.25080206990242004
-0.1884080171585083 -0.8321667313575745 -0.3801371157169342
-0.48895585536956787 0.20340673625469208 -0.16469323635101318
-0.5252823829650879 0.06761980801820755 -0.3260909914970398
0.24135500192642212 0.5778622031211853 -0.22336004674434662
-0.42757120728492737 0.33514168858528137 -0.20992064476013184
-0.37669312953948975 0.45887449383735657 -0.13488519191741943
-0.4244975447654724 0.36934274435043335 0.025696178898215294
-0.43724536895751953 0.46706587076187134 0.005199196748435497
0.08105487376451492 0.32414644956588745 -0.5189641118049622
-0.5138552188873291 0.10080555826425552 -0.25267353653907776
-0.39522790908813477 0.3549289405345917 0.3014155328273773
-0.4344151020050049 0.4885950982570648 0.35503605008125305
-0.4831445515155792 0.520171582698822 0.18793253600597382
-0.28847065567970276 0.5782918930053711 -0.07665637135505676
-0.09430306404829025 0.16444425284862518 -0.050498366355895996
-0.5011013746261597 -0.08120361715555191 -0.5055023431777954
-0.3362858295440674 0.2766569256782532 -0.1394825577735901
-0.3678283393383026 0.6688166856765747 -0.2098066806793213
-0.3450664281845093 0.4470696449279785 0.02490164339542389
-0.4637764096260071 0.2912462651729584 0.25700539350509644
-0.3719525933265686 0.23908871412277222 -0.08643623441457748
-0.606454610824585 0.7800886631011963 0.09251018613576889
0.08050408959388733 0.5137002468109131 -0.08063431084156036
-0.38471245765686035 0.21218465268611908 -0.17551858723163605
-0.3524823784828186 0.34935620427131653 -0.21003319323062897
-0.4343186020851135 0.3751670718193054 0.24300844967365265
-0.6848592758178711 -0.3911813497543335 0.1599203497171402
-0.39010393619537354 0.44425344467163086 -0.3094134032726288
-0.2932300567626953 0.07515314221382141 -0.24516233801841736
-0.37073320150375366 0.3760324716567993 -0.1026216670870781
-0.4592393934726715 0.5471379160881042 -0.25007113814353943
-0.4230346977710724 0.35269513726234436 0.21888157725334167
-0.35592907667160034 0.5765065550804138 -0.07463426142930984
-0.31577882170677185 0.49954867362976074 -0.01972278766334057
-0.3619220554828644 -0.254405677318573 -0.21158404648303986
-0.15705718100070953 0.3077825903892517 -0.5473678708076477
-0.5519742965698242 0.19882379472255707 0.21354198455810547
-0.522250235080719 0.2005821168422699 -0.08845635503530502
-0.4630737602710724 0.6768349409103394 0.44087034463882446
0.035881295800209045 0.35810673236846924 -0.39734187722206116
-0.24874654412269592 0.2501314580440521 -0.5248369574546814
-0.46266576647758484 0.5991541147232056 -0.027516886591911316
-0.3610856235027313 -0.16641724109649658 -0.13434955477714539
-0.3555964231491089 -0.03938129544258118 -0.10187417268753052
0.4051675796508789 0.3657801151275635 -0.36867135763168335
-0.31508758664131165 0.3834937810897827 -0.18896996974945068
-0.19607147574424744 0.4483717381954193 -0.08211597055196762
0.07185608148574829 0.30576416850090027 -0.4124602973461151
-0.35842931270599365 0.5131112337112427 0.10220906138420105
-0.46411749720573425 0.615513265132904 0.24022740125656128
-0.4052865207195282 0.2553882598876953 -0.3702082931995392
-0.5416862368583679 0.41433122754096985 -0.08451816439628601
0.2898518443107605 -0.2911463677883148 0.016542550176382065
-0.4497976005077362 0.3896733820438385 -0.17638851702213287
0.10326268523931503 0.3942854702472687 -0.7493252158164978
-0.6058225631713867 0.8844117522239685 0.22462411224842072
-0.25303828716278076 0.5255732536315918 -0.042448949068784714
-0.4593692421913147 0.4781392812728882 -0.2234075963497162
-0.4207991361618042 0.536214292049408 -0.19798646867275238
-0.5049951672554016 0.3811217248439789 0.031738389283418655
-0.4779595732688904 0.5196468234062195 0.3967662751674652
-0.71160489320755 0.48473408818244934 -0.23136019706726074
-0.17053718864917755 0.34859442710876465 -0.41540202498435974
0.3716837465763092 0.32744288444519043 -0.3468126654624939
-0.35982489585876465 0.7534494400024414 0.11334770917892456
-0.47716590762138367 0.8336767554283142 0.25861701369285583
-0.17714835703372955 0.48372459411621094 -0.23309582471847534
-0.4709680676460266 0.08863183856010437 0.3505456745624542
-0.42051875591278076 0.26599279046058655 -0.23913109302520752
-0.5238726735115051 -0.11590114235877991 0.2978976368904114
0.030569756403565407 0.37712353467941284 -0.38347092270851135
-0.41120415925979614 0.587985634803772 0.05777348577976227
-0.5057771801948547 0.8882238864898682 0.2558548152446747
-0.1527976393699646 0.29294225573539734 -0.46109524369239807
0.2835931181907654 0.2015594244003296 -0.535252571105957
-0.03753676638007164 -0.4294075071811676 -0.17799913883209229
-0.33280444145202637 0.33569300174713135 0.05951666831970215
-0.3663135766983032 0.6612300276756287 -0.12170833349227905
-0.3095638155937195 0.6652737855911255 -0.10997682064771652
-0.48479998111724854 0.5775744318962097 -0.2445792406797409
-0.5431452989578247 -0.33158770203590393 0.01222294382750988
-0.39990293979644775 0.4942587614059448 -0.2325795292854309
-0.40915605425834656 0.24637793004512787 0.11360452324151993
-0.3021421432495117 0.3608115315437317 -0.2594764828681946
-0.40618228912353516 -0.22864213585853577 -0.17907360196113586
-0.6571131348609924 0.4610145092010498 0.0213453508913517
-0.4603152275085449 0.4690943956375122 0.13438864052295685
-0.38356825709342957 0.5731779336929321 0.07778627425432205
-0.3956834375858307 0.4436863958835602 -0.057493939995765686
-0.5284407138824463 0.4711059629917145 0.1397130936384201
-0.2971256673336029 0.08344416320323944 -0.6059069037437439
-0.58597731590271 -0.28220945596694946 0.1530434489250183
-0.5269011855125427 0.9537885785102844 0.005156275816261768
-0.49617332220077515 0.38356587290763855 0.044841788709163666
0.01579982601106167 0.3551160395145416 -0.8210946321487427
-0.2385268360376358 0.6903207898139954 0.010510636493563652
-0.09546947479248047 0.3746020197868347 -0.3159148097038269
-0.20352734625339508 0.8493691682815552 0.06702437251806259
-0.3763553500175476 0.3448249399662018 -0.2733689546585083
-0.3990180790424347 -0.28826746344566345 0.17698372900485992
-0.5032992959022522 0.7002221941947937 0.21234390139579773
-0.34126099944114685 0.2665127217769623 -0.18416926264762878
-0.2853845953941345 0.6893721222877502 0.36810481548309326
-0.6113114356994629 0.034721944481134415 0.2440003603696823
-0.397733211517334 0.2999337911605835 0.14351296424865723
-0.3885233998298645 -0.40923357009887695 -0.2834736108779907
-0.14590957760810852 0.3584943413734436 -0.3994770348072052
-0.2243470847606659 -0.8174073100090027 -0.44967830181121826
-0.4449938237667084 0.70891273021698 0.06572044640779495
-0.4678785800933838 0.4271441698074341 -0.11880156397819519
-0.3841618597507477 0.656910240650177 -0.11640894412994385
-0.495186984539032 0.4819144308567047 -0.17571155726909637
-0.5284250974655151 0.6192098259925842 -0.34829750657081604
-0.4827796220779419 0.8278368711471558 0.01638447493314743
-0.49088913202285767 0.5507238507270813 -0.05498534440994263
-0.38275855779647827 0.28368744254112244 -0.3127163052558899
-0.42007070779800415 0.7669541239738464 0.4084734320640564
-0.3160940110683441 0.008030526340007782 -0.07624385505914688
-0.4546954929828644 1.0182464122772217 0.23433659970760345
-0.41071760654449463 0.5474259257316589 0.07912294566631317
-0.2097795009613037 0.5811283588409424 -0.3396080434322357
-0.5393169522285461 0.8659648299217224 -0.1206030398607254
-0.3913981020450592 -0.10342003405094147 -0.11685177683830261
-0.46183785796165466 0.37948858737945557 -0.14895616471767426
-0.3127727806568146 0.43184787034988403 -0.19773612916469574
-0.18915006518363953 0.7735971212387085 0.1397530734539032
-0.32502222061157227 0.1721404790878296 -0.09289220720529556
-0.49527761340141296 0.559908926486969 0.041835274547338486
-0.43852487206459045 0.4117058515548706 -0.18545891344547272
-0.08446172624826431 0.47494742274284363 -0.10881970077753067
-0.27740493416786194 0.6061275005340576 -0.22277432680130005
-0.35939735174179077 0.4786524176597595 -0.10961143672466278
-0.462327241897583 -0.12039422988891602 -0.3114223778247833
-0.20161987841129303 0.2491346150636673 0.09530694037675858
-0.531233549118042 0.5797480344772339 0.018105514347553253
-0.03305959701538086 0.49429696798324585 -0.2494772970676422
0.30556705594062805 0.16476863622665405 -0.14314348995685577
-0.48485344648361206 0.27755841612815857 0.3427639901638031
-0.39725106954574585 0.3027995526790619 -0.15707899630069733
-0.4586615562438965 0.45592522621154785 0.1529272496700287
-0.14465518295764923 0.40556687116622925 -0.33396366238594055
-0.1900321990251541 0.39470183849334717 -0.16424548625946045
-0.37684640288352966 -0.36498627066612244 -0.1399427056312561
0.3200239837169647 0.26477769017219543 0.043068498373031616
-0.5089070796966553 0.6012198328971863 -0.14410215616226196
-0.1812106966972351 0.04055498540401459 -0.10059541463851929
-0.4457467496395111 0.07171811908483505 0.08366604894399643
-0.5758371949195862 -0.07048323005437851 -0.10972937941551208
-0.08694823831319809 0.34495794773101807 -0.7274059653282166
-0.5035558342933655 -0.514214277267456 0.15457822382450104
-0.31498318910598755 0.4201236069202423 -0.29389068484306335
-0.3032505512237549 0.5152824521064758 -0.34826335310935974
-0.40440914034843445 0.6881958842277527 0.10321619361639023
-0.7777916193008423 -0.4877099394798279 -0.01372135616838932
-0.5142427086830139 0.6302053332328796 -0.10197410732507706
-0.3751218914985657 0.24557746946811676 -0.1975395232439041
-0.1872544139623642 -0.2028728723526001 -0.24305102229118347
-0.5533005595207214 0.1132063940167427 0.16549526154994965
-0.3720865249633789 0.39263683557510376 -0.17547236382961273
-0.3163332939147949 0.694913387298584 -0.2366541624069214
-0.20101937651634216 0.06561711430549622 -0.1414460390806198
-0.40851977467536926 0.6748784184455872 -0.2601671516895294
-0.43487614393234253 0.4179123640060425 -0.09094805270433426
-0.25370344519615173 -0.4458847939968109 -0.34432151913642883
-0.4679214358329773 0.4334471523761749 -0.1620234251022339
-0.5163838863372803 0.1925230473279953 -0.1383199244737625
-0.5482337474822998 0.9368196129798889 0.06874155253171921
-0.5216611623764038 0.26671162247657776 0.3183004558086395
0.3860747814178467 -0.2665899097919464 -0.5222653746604919
-0.41915881633758545 0.22949369251728058 -0.04166572913527489
-0.533913791179657 0.7547928690910339 0.25566840171813965
-0.48025161027908325 0.6823908090591431 -0.4129498302936554
0.15682844817638397 0.3621806502342224 -0.3141370117664337
0.12144516408443451 0.4500187635421753 -0.3605710566043854
-0.622004508972168 0.6686384677886963 0.05561714246869087
-0.5249316096305847 0.5932217836380005 -0.4327777624130249
-0.11977343261241913 0.030923258513212204 -0.5271332859992981
-0.37575069069862366 -0.35290971398353577 -0.05161793902516365
0.053934525698423386 0.8510143756866455 0.14549237489700317
-0.056501276791095734 0.47817331552505493 -0.1636851727962494
-0.4369205832481384 0.2758752107620239 -0.14608483016490936
-0.20690017938613892 0.5411996841430664 -0.0026201200671494007
0.12758708000183105 0.16176103055477142 -0.09077734500169754
-0.5084713697433472 0.17009201645851135 -0.11599714308977127
-0.5093833804130554 0.4873772859573364 0.01783534698188305
-0.46503034234046936 0.4637962877750397 -0.04931744188070297
-0.13922780752182007 0.3957255780696869 -0.3059527277946472
-0.5986135005950928 0.422800749540329 -0.3043909966945648
-0.47534865140914917 0.00119828712195158 0.12027905881404877
-0.4035087525844574 0.9753447771072388 0.04492107406258583
-0.3040832579135895 0.5227230191230774 -0.28309348225593567
-0.3924732804298401 0.2310907244682312 -0.15355677902698517
-0.4448237121105194 0.47592899203300476 0.14562110602855682
0.031006045639514923 0.5322604179382324 -0.041388630867004395
-0.5279867649078369 0.4635942280292511 0.08829265087842941
-0.32515212893486023 -0.4224454164505005 -0.35177043080329895
0.3465726375579834 0.05609694495797157 -0.20551438629627228
-0.49183234572410583 0.8005737662315369 0.25125592947006226
-0.1397697925567627 0.41948211193084717 -0.6420790553092957
-0.5847570896148682 0.576813817024231 -0.08168761432170868
-0.4146483540534973 0.4922472834587097 -0.0883936882019043
-0.4205265939235687 0.33779117465019226 -0.07767119258642197
-0.46388980746269226 0.526233434677124 0.1938989907503128
0.03431218862533569 -0.5243598222732544 -0.06994007527828217
0.08829036355018616 0.4384881854057312 0.029636161401867867
0.36921775341033936 0.3108960688114166 -0.3805810511112213
-0.42799112200737 0.4077765643596649 0.30490732192993164
-0.6016848087310791 0.8528160452842712 0.28782403469085693
0.03837814927101135 -0.5427851676940918 -0.44760486483573914
-0.5208345651626587 0.6046813726425171 -0.17773739993572235
-0.4452589154243469 -0.3908984065055847 -0.13596537709236145
-0.17653092741966248 0.6993294358253479 -0.07683442533016205
-0.18484437465667725 0.3951057493686676 -0.15232796967029572
0.11956365406513214 0.3075093626976013 -0.4056089222431183
-0.46192458271980286 0.3637665808200836 -0.3024323880672455
-0.08766981214284897 0.5707586407661438 -0.4012870788574219
-0.17170938849449158 0.011408042162656784 -0.08333318680524826
-0.3110215365886688 0.3168320655822754 0.20270945131778717
-0.26540815830230713 0.31208258867263794 -0.0941089391708374
-0.3437364101409912 0.6731528043746948 -0.3061889708042145
0.3129998445510864 0.6518383622169495 -0.2630506455898285
-0.4250495731830597 0.33184242248535156 -0.21920308470726013
-0.3148597478866577 0.2962897717952728 0.0595373660326004
-0.7106385231018066 0.5706000328063965 0.008703136816620827
-0.5984966158866882 -0.24295419454574585 -0.10773597657680511
-0.4476790130138397 0.5944164395332336 0.2269551306962967
-0.43405526876449585 0.41715937852859497 0.03107551485300064
0.09691017121076584 0.9217409491539001 -0.2522427439689636
-0.43512800335884094 0.31341126561164856 -0.16584034264087677
-0.6127700805664062 -0.26117926836013794 0.22752311825752258
-0.41124227643013 0.2993989884853363 0.033889807760715485
-0.4297547936439514 0.4399150609970093 -0.1839354932308197
-0.47995617985725403 0.8181347250938416 0.4124593734741211
-0.42062777280807495 0.5585680603981018 0.0326760932803154
-0.3423261046409607 -0.6159484386444092 0.25893595814704895
-0.47133782505989075 0.22492153942584991 -0.28443101048469543
-0.31182733178138733 0.4288463294506073 -0.18688257038593292
-0.5359192490577698 0.688742458820343 0.1456960141658783
-0.35383716225624084 0.33283525705337524 -0.5282663702964783
-0.4119238257408142 0.2973003387451172 -0.20350678265094757
-0.4338842034339905 0.6722894906997681 0.09508022665977478
-0.5062020421028137 0.6585611701011658 0.17470183968544006
-0.3147886097431183 0.3307841122150421 -0.18630921840667725
0.31351691484451294 0.4318661391735077 -0.28045424818992615
-0.517451286315918 0.4073604345321655 -0.2913563549518585
0.06813816726207733 0.050135206431150436 0.15474645793437958
-0.40345922112464905 0.39745235443115234 -0.2280236780643463
-0.3185584843158722 0.3330000042915344 -0.35493332147598267
0.502429187297821 0.15192711353302002 -0.48403701186180115
-0.39108169078826904 -0.18605516850948334 -0.3740636110305786
-0.6624385118484497 0.758158266544342 -0.02189047634601593
-0.40208274126052856 0.3067697286605835 0.14992152154445648
-0.2442169189453125 0.42490023374557495 -0.22592760622501373
0.13021986186504364 0.18277207016944885 -0.07280892133712769
-0.3681934177875519 0.24358801543712616 -0.4120897352695465
-0.23309357464313507 0.6904216408729553 0.1487731635570526
-0.4677317142486572 0.6333497166633606 0.14136655628681183
-0.39796340465545654 0.10434828698635101 -0.8635196089744568
-0.6447575688362122 -0.21051467955112457 0.07929092645645142
-0.5774025321006775 0.22888769209384918 -0.14259806275367737
-0.15937791764736176 0.3144288659095764 -0.1695835292339325
-0.46017399430274963 0.2862017750740051 -0.008099125698208809
-0.5774603486061096 0.6932984590530396 0.04294019192457199
0.38261258602142334 0.1767687052488327 -0.10701488703489304
-0.5485756397247314 0.614978551864624 -0.03703588619828224
-0.37335970997810364 0.49991053342819214 -0.10789381712675095
-0.07304393500089645 0.5592373013496399 -0.2518835663795471
0.03692079707980156 0.6212828755378723 -0.022537734359502792
-0.5693715214729309 0.4433736801147461 -0.1256401687860489
-0.11433209478855133 0.4047203063964844 0.02156929485499859
-0.45089128613471985 0.5194963216781616 0.049852024763822556
-0.14295507967472076 0.5195068717002869 -0.2982834577560425
-0.4789712131023407 0.6758043169975281 0.2371908575296402
-0.4719204604625702 0.44089293479919434 0.07402735203504562
-0.32880187034606934 -0.3634372353553772 -0.399414598941803
-0.2503388822078705 0.5000901222229004 -0.1648896485567093
-0.2470843642950058 0.4617254436016083 -0.26927778124809265
-0.350483238697052 0.6357405781745911 -0.28573352098464966
-0.49817031621932983 0.17640385031700134 0.29298102855682373
-0.47243058681488037 0.6209806203842163 -0.09220776706933975
-0.41702115535736084 0.4155002534389496 -0.24846938252449036
-0.43575048446655273 0.1800166666507721 0.29951781034469604
-0.37756046652793884 -0.3832155168056488 0.15587545931339264
-0.22532415390014648 0.5302331447601318 -0.23210415244102478
-0.3630729019641876 0.4848646819591522 -0.0544537752866745
0.5261068344116211 -0.6383969187736511 -0.4991934299468994
-0.07686353474855423 0.35528820753097534 -0.17367225885391235
-0.1848142147064209 0.24724255502223969 -0.20150692760944366
-0.5978640913963318 0.4807005524635315 0.13171499967575073
-0.4463135600090027 0.48408475518226624 0.30114343762397766
0.07347630709409714 0.5825570225715637 0.010797079652547836
-0.02068771794438362 0.37089651823043823 -0.1859336644411087
-0.3480733633041382 0.17567242681980133 -0.21412593126296997
-0.44263210892677307 0.5774363875389099 0.03446682170033455
-0.13148969411849976 0.5060268044471741 -0.5190708637237549
-0.18339814245700836 0.5383538603782654 -0.2056477963924408
0.050884950906038284 0.5997924208641052 -0.25032660365104675
-0.4926430881023407 0.2959384620189667 -0.2191924750804901
