ply
format ascii 1.0
element vertex 2048
property float x
property float y
property float z
end_header
-0.002071864902973175 0.26378199458122253 -0.19712641835212708
-0.028790093958377838 0.22845405340194702 -0.029906218871474266
-0.03591274842619896 0.031962987035512924 -0.04651488736271858
0.0018959890585392714 -0.1751468926668167 -0.11838091909885406
-0.05828342214226723 -0.09628987312316895 -0.039633072912693024
0.0025696391239762306 0.25544577836990356 -0.12417718023061752
0.1459207981824875 -0.3986431062221527 -0.170035257935524
-0.00799407996237278 0.5308324098587036 0.0986131802201271
-0.04891042038798332 0.03204036131501198 -0.0669676885008812
-0.040396273136138916 -0.02857976220548153 -0.055268775671720505
-0.031030874699354172 -0.06285751610994339 0.1630983054637909
-0.03189622610807419 0.2423393577337265 -0.0761810913681984
-0.027080390602350235 0.046527840197086334 -0.00823395885527134
-0.03235923871397972 0.12850026786327362 0.030940867960453033
-0.01948641613125801 0.29503151774406433 -0.018473174422979355
-0.03824169933795929 0.11728271842002869 0.008451010100543499
-0.017091942951083183 0.15481965243816376 0.09152666479349136
-0.018548699095845222 0.4291853904724121 0.007911697030067444
0.014289090409874916 -0.2976667582988739 -0.33603036403656006
-0.011513346806168556 0.14869603514671326 -0.05689826235175133
-0.03983251750469208 0.22861528396606445 -0.13907405734062195
-0.08267885446548462 -0.22180984914302826 -0.034210704267024994
-0.008396636694669724 0.4062785506248474 0.20214153826236725
-0.049744829535484314 0.25262585282325745 0.004535507410764694
0.010667668655514717 0.4419018626213074 -0.11971353739500046
-0.10628985613584518 -0.058613624423742294 -0.24591755867004395
-0.10888927429914474 0.14659011363983154 0.05479780212044716
-0.002672786358743906 0.2888750731945038 -0.031937506049871445
-0.03912472724914551 -0.04059403017163277 -0.16413506865501404
-0.021832264959812164 -0.09173870831727982 0.018557125702500343
-0.00762649392709136 0.25534436106681824 -0.02757442556321621
-0.029152708128094673 0.16709788143634796 -0.00959797389805317
-0.04247668758034706 0.12380113452672958 -0.05441315099596977
-0.014751983806490898 0.38527581095695496 0.013705726712942123
-0.018407734110951424 -0.014371838420629501 0.006501298397779465
-0.015763793140649796 0.32431644201278687 0.11051978170871735
-0.03891710191965103 0.21817071735858917 -0.04646618291735649
-0.022459836676716805 0.11736520379781723 0.12190405279397964
-0.012800367549061775 0.2992582321166992 -0.017779763787984848
-0.007924314588308334 -0.2363390475511551 -0.040824782103300095
-0.028123730793595314 0.01786370761692524 0.11785107851028442
-0.001503520179539919 0.31657227873802185 -0.011015769094228745
-0.03176204860210419 -0.11723724752664566 0.06386908888816833
-0.01105370931327343 0.028705628588795662 0.003156673163175583
-0.07902836799621582 0.09423007071018219 0.16737991571426392
0.01921422965824604 0.14942176640033722 -0.07496167719364166
-0.0506712980568409 0.010685566812753677 0.1383192092180252
-0.14171312749385834 0.13476823270320892 0.010032260790467262
-0.019544605165719986 -0.10686380416154861 -0.1716364026069641
-0.06830284744501114 -0.01117551140487194 0.11393260955810547
-0.03965526074171066 0.3598468005657196 -0.12977586686611176
-0.05227099731564522 -0.048850785940885544 -0.15735407173633575
-0.05756882578134537 0.2677544355392456 -0.07469192892313004
-0.12245310097932816 -0.10385070741176605 -0.045138414949178696
-0.011814059689640999 0.09516442567110062 0.011760272085666656
0.06586657464504242 -0.18366506695747375 -0.22753091156482697
-0.0413542166352272 0.010117275640368462 0.08367977291345596
-0.02349710464477539 -0.0029082312248647213 0.02383611537516117
0.08900366723537445 0.25843629240989685 -0.04291312396526337
-0.013985903933644295 0.18131843209266663 0.07662619650363922
-0.04942619055509567 0.23747101426124573 0.003315540961921215
-0.020378675311803818 0.04585455358028412 -0.05204329639673233
-0.04495174437761307 0.13044589757919312 -0.0018437341786921024
-0.030914828181266785 0.23846390843391418 -0.015594927594065666
-0.017662758007645607 0.25696617364883423 -0.05747883766889572
-0.05373398959636688 0.036567606031894684 -0.05803629383444786
-0.019198467954993248 0.2250615358352661 0.02950669452548027
-0.03468385711312294 -0.0059862686321139336 -0.011305730789899826
-0.03101172298192978 0.2301347702741623 0.01656557433307171
-0.049497462809085846 -0.04426812380552292 -0.13619364798069
-0.1810654103755951 0.10183396935462952 -0.014800449833273888
-0.06074650213122368 0.2482876181602478 -0.19175176322460175
-0.04772571474313736 0.05892443284392357 -0.06052794307470322
-0.04239898547530174 0.05589721351861954 0.09955157339572906
-0.06799498945474625 0.15921257436275482 0.033114947378635406
-0.1367146223783493 0.030117429792881012 0.02388109639286995
0.058039430528879166 -0.33859169483184814 -0.2802363336086273
-0.00196602800861001 0.312990665435791 0.034452300518751144
0.04263654351234436 -0.13421456515789032 -0.1859443187713623
-0.04765946418046951 0.2735525965690613 0.11266911774873734
-0.014844069257378578 0.33802393078804016 -0.033698104321956635
-0.03805878385901451 0.09691805392503738 -0.030939826741814613
-0.0643858015537262 0.19203495979309082 -0.025448139756917953
-0.025941399857401848 0.06174550950527191 0.17055201530456543
-0.017202911898493767 0.16996483504772186 0.05765338987112045
-0.0014739481266587973 0.32288360595703125 -0.06562350690364838
-0.05321428179740906 -0.1456630975008011 -0.04213064908981323
-0.06870818138122559 -0.3516632616519928 -0.4206860363483429
-0.06847387552261353 0.004300924949347973 0.014556603506207466
-0.0005235665012151003 0.1297260820865631 -0.0014837775379419327
0.09092279523611069 0.16573920845985413 -0.04417228326201439
0.0877109095454216 0.16364902257919312 -0.04951445758342743
-0.007034061010926962 0.2689187824726105 0.05134116858243942
-0.07573071122169495 -0.02339334972202778 -0.08620975911617279
-0.09200742095708847 0.07719619572162628 0.14112745225429535
0.015845634043216705 0.1857379674911499 0.0803542360663414
-0.11303061991930008 0.11517912894487381 -0.1578284204006195
-0.048574499785900116 0.21396319568157196 0.026207486167550087
0.01909317634999752 0.05576954409480095 -0.03962064906954765
-0.00670573441311717 -0.18337279558181763 0.14388947188854218
-0.12003719806671143 0.3982718586921692 -0.09869694709777832
-0.049793682992458344 0.25787776708602905 -0.02747367136180401
-0.03129980340600014 -0.023514682427048683 0.18327361345291138
-0.11462768167257309 0.06505288928747177 -0.539619505405426
0.0002548672491684556 0.23050309717655182 -0.06445086002349854
-0.016619088128209114 0.2302631139755249 -0.017889058217406273
-0.009904919192194939 0.30714258551597595 0.03044436313211918
-0.019830355420708656 0.015005918219685555 -0.014191871508955956
-0.04025869444012642 0.1333351731300354 -0.016190676018595695
-0.06398788839578629 0.13501857221126556 -0.2719528079032898
-0.010965369641780853 0.27819034457206726 -0.03862162306904793
-0.011145992204546928 0.2825283706188202 -0.051176320761442184
-0.02696429006755352 0.004424033686518669 -0.24092814326286316
-0.059513725340366364 0.14860942959785461 -0.037234969437122345
-0.03350689634680748 -0.00264894962310791 0.025147084146738052
-0.02938615158200264 0.32190701365470886 -0.07887720316648483
-0.0170432236045599 0.27661412954330444 -0.05673941969871521
-0.00033942365553230047 -0.1323542594909668 -0.3153269588947296
-0.0036780061200261116 0.18938495218753815 -0.12673015892505646
-0.02314939722418785 0.283385306596756 -0.04917094483971596
-0.0827813372015953 -0.009465163573622704 0.10625960677862167
-0.049798619002103806 0.045036207884550095 -0.21730738878250122
-0.0605248287320137 -0.09888105094432831 -0.07608611136674881
-0.004232081118971109 0.07906336337327957 0.05574281886219978
-0.003098035231232643 0.2552414536476135 0.12937012314796448
-0.04839004948735237 0.27305513620376587 -0.08734289556741714
-0.05674024671316147 0.22374267876148224 -0.027590373530983925
-0.03940527141094208 0.08053988218307495 -0.007176933344453573
-0.01377420499920845 0.18507277965545654 0.0814979076385498
-0.007836677134037018 0.26049739122390747 0.02864479459822178
0.013112006708979607 -0.16040031611919403 -0.14513276517391205
0.001982755959033966 0.256257563829422 -0.06817147880792618
0.07341988384723663 0.062048718333244324 -0.08243434876203537
-0.054567404091358185 0.06514499336481094 -0.07816591113805771
-0.0036525637842714787 0.3670947551727295 -0.039564259350299835
-0.028692446649074554 -0.17484085261821747 0.11336328834295273
-0.009691499173641205 0.26113390922546387 0.011787379160523415
-0.06857176870107651 0.08540985733270645 0.13489587604999542
-0.09379465132951736 -0.01360597275197506 -0.244243323802948
-0.028891470283269882 0.36515432596206665 0.16819345951080322
-0.0191526897251606 0.3715064525604248 -0.06232360377907753
0.024089926853775978 -0.14682134985923767 -0.2352122813463211
-0.02804071269929409 -0.03358406201004982 0.02565741539001465
-0.022548682987689972 0.20548555254936218 -0.003104057628661394
-0.18100044131278992 -0.06710359454154968 -0.21236003935337067
-0.03266959264874458 0.06698659807443619 0.03144057095050812
-0.09057741612195969 0.028901001438498497 -0.1228838637471199
-0.057418666779994965 -0.13616786897182465 -0.13094425201416016
-0.005803186912089586 -0.054594896733760834 0.025927837938070297
0.006712470669299364 0.3197760283946991 0.014478959143161774
0.021362362429499626 0.017623500898480415 -0.20770926773548126
-0.03387271985411644 0.08021505922079086 0.00492605846375227
-0.13846614956855774 -0.10026704519987106 -0.214493989944458
-0.062291696667671204 0.051955949515104294 0.002143883379176259
-0.028092555701732635 0.015536148101091385 0.0697772204875946
-0.14886049926280975 -0.12278077006340027 -0.21697552502155304
-0.06444858014583588 -0.08256533741950989 0.08523298799991608
-0.048713475465774536 -0.05854909494519234 -0.128677099943161
-0.11354737728834152 -0.04396073892712593 -0.029401587322354317
-0.017421148717403412 0.29440227150917053 -0.04260483384132385
-0.05601176619529724 0.13922320306301117 0.04230443760752678
-0.02274610660970211 0.29324689507484436 -0.07006357610225677
-0.011933023110032082 0.2169179916381836 0.048343028873205185
-0.052068911492824554 0.0710102841258049 0.16080453991889954
-0.1308525800704956 -0.10799949616193771 0.03690266236662865
-0.03243472799658775 0.050435133278369904 -0.0063896761275827885
-0.5654668807983398 0.15316279232501984 -0.011937383562326431
-0.005184701178222895 0.2942564785480499 -0.06504694372415543
-0.023116957396268845 0.23135343194007874 -0.03973975032567978
-0.09625802934169769 -0.12972408533096313 -0.15232300758361816
-0.06284607201814651 0.33712634444236755 -0.1307104229927063
0.050680264830589294 -0.15642976760864258 -0.21859584748744965
-0.024972064420580864 0.029412200674414635 0.16022446751594543
-0.010241162031888962 -0.35542032122612 0.07894536107778549
-0.006008198484778404 0.17707565426826477 0.16197413206100464
-0.006539518479257822 0.2942802309989929 -0.018993688747286797
-0.06583179533481598 0.041070833802223206 0.06691031903028488
-0.03306819871068001 0.01679631695151329 0.008133787661790848
-0.0001666200114414096 0.07466430962085724 -0.011544417589902878
-0.09813310950994492 0.0687095895409584 -0.13345873355865479
-0.011555187404155731 0.4098280668258667 -0.02262844331562519
-0.02288264036178589 0.4655517041683197 -0.05002054572105408
-0.039962440729141235 -0.0693993866443634 0.06360858678817749
-0.004123020451515913 0.3618481159210205 -0.06786637753248215
-0.08366125822067261 0.27247777581214905 -0.18103834986686707
0.005616612266749144 0.04192785173654556 0.006543534807860851
-0.008920634165406227 0.23861590027809143 0.022242765873670578
0.006608596071600914 0.4173246920108795 0.05705120041966438
-0.056846071034669876 0.3405631482601166 -0.16718478500843048
-0.03003796562552452 -0.4952400028705597 0.03768591582775116
-0.05800379440188408 -0.05909639969468117 0.02293017879128456
-0.0482511967420578 0.06335864216089249 -0.07158446311950684
-0.08574293553829193 0.02366682142019272 -0.1675240844488144
-0.009319325909018517 0.048618659377098083 0.03369617834687233
-0.031938400119543076 0.19540753960609436 -0.02584865130484104
-0.0582786425948143 0.2090204805135727 -0.010858388617634773
-0.10303094238042831 -0.018425000831484795 0.058848295360803604
-0.07075185328722 -0.07698336988687515 -0.009029723703861237
-0.032185591757297516 0.023828614503145218 -0.04651561379432678
0.25176283717155457 -0.214540034532547 -0.22727833688259125
-0.004401899874210358 0.3831242322921753 -0.013047490268945694
-0.007073244545608759 0.22982381284236908 0.033527523279190063
-0.030743610113859177 0.07086478918790817 0.013312803581357002
-0.06156930327415466 0.20926891267299652 -0.0224904902279377
-0.12463999539613724 0.20608609914779663 -0.0037838867865502834
-0.06061553955078125 0.2726578712463379 -0.07966043800115585
-0.05559810623526573 -0.26564425230026245 -0.36903321743011475
-0.0007982591632753611 -0.07244370877742767 0.005959954112768173
-0.038266703486442566 0.16896630823612213 -0.027031229808926582
-0.015511319041252136 0.19111700356006622 0.009567596018314362
0.0027390553150326014 0.025127384811639786 -0.170120969414711
-0.0014630008954554796 0.344879686832428 -0.028690101578831673
-0.023112516850233078 0.19858063757419586 0.18215854465961456
-0.023247383534908295 0.06323623657226562 0.1044452115893364
-0.05698893964290619 0.25086477398872375 -0.07207860052585602
-0.01914985477924347 -0.003941671922802925 -0.04315970838069916
-0.020241307094693184 0.1145690530538559 -0.008153514936566353
-0.0399855375289917 -0.10862549394369125 -0.20419824123382568
-0.003070097416639328 0.3637246787548065 -0.015613120049238205
0.014170769602060318 0.23912005126476288 -0.06943590193986893
0.02146628126502037 0.4066965878009796 0.0722881630063057
0.02562480792403221 -0.12258496880531311 -0.2477860301733017
-0.025612952187657356 0.29569926857948303 -0.03470306098461151
-0.03775165230035782 0.11057627946138382 -0.016752637922763824
-0.03678715601563454 0.15107496082782745 0.04274696484208107
-0.04359634220600128 0.06012959033250809 0.15024766325950623
-0.0047208690084517 0.26199379563331604 0.06043972074985504
-0.014407670125365257 -0.010831652209162712 -0.25131869316101074
-0.004924501292407513 0.266887366771698 0.0028716418892145157
-0.03500951826572418 0.022129949182271957 0.19529762864112854
-0.04359052702784538 0.39950501918792725 -0.050219014286994934
0.0036256799940019846 0.42660847306251526 0.04119005426764488
-0.0776858851313591 -0.15345829725265503 -0.08331932127475739
-0.04133100062608719 0.2600633203983307 -0.19826924800872803
-0.010139880701899529 0.1891901195049286 0.050530124455690384
-0.07058290392160416 -0.11013749241828918 0.031075475737452507
-0.024753184989094734 0.299663245677948 -0.06885264068841934
-0.026935376226902008 0.11971000581979752 0.05098000168800354
-0.03805455565452576 0.16030780971050262 -0.00965140014886856
-0.052790604531764984 0.20026198029518127 0.025691356509923935
0.04225115850567818 -0.3019097149372101 -0.33091285824775696
-0.021846208721399307 0.3446134626865387 -0.008780455216765404
-0.1345829963684082 -0.16892661154270172 -0.037748198956251144
0.017892448231577873 0.2690694034099579 -0.10014328360557556
-0.03237878531217575 0.28014037013053894 -0.07690037041902542
-0.03587717190384865 0.16755011677742004 -0.04358803853392601
-0.0957644134759903 0.5448830127716064 0.11769238859415054
-0.014426169916987419 0.29346033930778503 -0.03078152798116207
-0.0234622061252594 0.2339829057455063 -0.023649677634239197
-0.020222870633006096 0.10465341061353683 -0.023422138765454292
-0.026315884664654732 0.07012129575014114 0.003510703332722187
-0.008605735376477242 0.3103705644607544 0.03696824237704277
-0.06675838679075241 -0.23951059579849243 0.16669277846813202
-0.08218259364366531 0.21082627773284912 0.017914561554789543
-0.08231884241104126 -0.022517984732985497 -0.10155754536390305
-0.016156785190105438 0.25733235478401184 -0.05198376253247261
-0.04476537927985191 -0.09553273022174835 -0.1201760396361351
-0.018131453543901443 -0.025849400088191032 -0.01751072145998478
-0.02994372323155403 0.2286406010389328 -0.02357286587357521
-0.03165188059210777 0.20027071237564087 -0.008797556161880493
-0.04152440279722214 0.04879850521683693 0.056901998817920685
-0.01474071480333805 0.30278515815734863 -0.0484728068113327
-0.033393289893865585 0.11275744438171387 0.007780094631016254
-0.02160513773560524 -0.07862263917922974 0.0863267332315445
-0.05730375275015831 0.03214886412024498 -0.08627990633249283
-0.018777936697006226 -0.05143647640943527 -0.15106624364852905
-0.014494283124804497 0.3115292489528656 -0.06669744849205017
-0.022055715322494507 -0.011682076379656792 0.11173901706933975
-0.044293615967035294 0.09862282872200012 -0.04694097861647606
-0.009508782997727394 -0.057166777551174164 -0.15037032961845398
-0.05177031829953194 -0.031718213111162186 -0.027910826727747917
-0.005564944352954626 0.24885590374469757 -0.06139802560210228
-0.031248290091753006 0.07148388773202896 0.028038401156663895
-0.0068994672037661076 0.3321698307991028 -0.04931049048900604
-0.01981358975172043 0.13703401386737823 0.13419057428836823
-0.05777910351753235 0.18230028450489044 -0.051613785326480865
-0.02490139938890934 0.13914532959461212 0.10496896505355835
-0.012946555390954018 0.2398798167705536 0.02840358577668667
-0.0030450401827692986 0.28583988547325134 0.03164561837911606
0.0030524381436407566 0.2992704212665558 0.04122532159090042
-2.411950845271349e-05 0.36927810311317444 0.01081075333058834
-0.03900992125272751 -0.013775989413261414 -0.03367801383137703
-0.056276947259902954 0.08927065879106522 -0.04290882870554924
-0.07629375904798508 -0.06452307850122452 0.05759512260556221
-0.0735267773270607 0.05660367012023926 -0.08097969740629196
-0.026662860065698624 -0.00719760125502944 0.1277063488960266
-0.0008381430525332689 0.2708326578140259 -0.14638498425483704
-0.05744167044758797 0.2570459246635437 -0.09693862497806549
-0.07651889324188232 0.10291149467229843 0.038932446390390396
-0.010902615264058113 0.18702642619609833 -0.041106123477220535
-0.0244428887963295 0.18757934868335724 -0.02765355072915554
-0.04360759258270264 0.22783242166042328 -0.052117735147476196
-0.004229828715324402 0.15481342375278473 -0.023040246218442917
-0.0006864299066364765 0.014542825520038605 -0.12703633308410645
-0.06326888501644135 0.05376819893717766 0.0960734486579895
-0.06891744583845139 0.10176737606525421 0.0042085046879947186
-0.01074531301856041 0.23315896093845367 0.06197549030184746
0.010696107521653175 -0.11727159470319748 -0.22673434019088745
-0.18362529575824738 -0.10616966336965561 0.06689809262752533
-0.11632325500249863 -0.32732295989990234 0.11583676189184189
0.008118925616145134 -0.0671512633562088 -0.1539323925971985
-0.027400661259889603 0.06952820718288422 -0.011167405173182487
-0.006199083756655455 0.3438345789909363 0.004096953198313713
-0.023667823523283005 0.28460392355918884 -0.027773717418313026
0.03060302324593067 -0.2232055962085724 -0.25704053044319153
-0.04173380881547928 0.07812068611383438 0.004965221509337425
-0.009071741253137589 0.2642570734024048 -0.0021324963308870792
-0.00998951867222786 0.2674803137779236 -0.0029466464184224606
-0.19732780754566193 -0.10916920751333237 0.04521114379167557
-0.03176570311188698 0.019644567742943764 -0.08503840863704681
-0.19661200046539307 0.6718101501464844 0.0958649218082428
0.0021551987156271935 0.3919034004211426 0.02825065702199936
0.025702618062496185 -0.19081726670265198 -0.24018944799900055
-0.018801167607307434 -0.09510181844234467 -0.013429908081889153
-0.05019880086183548 0.25865745544433594 -0.06728333979845047
-0.03666311874985695 0.12211573123931885 0.01618552953004837
-0.04671081155538559 0.3337704539299011 -0.04546475037932396
-0.06059950217604637 0.0515826940536499 0.028652148321270943
-0.022320540621876717 0.18316592276096344 0.004816913045942783
-0.01785050891339779 0.2622588574886322 -0.06452828645706177
-0.033681757748126984 0.27124136686325073 -0.09175056219100952
-0.0619591549038887 0.04228080064058304 -0.07344010472297668
-0.06153631955385208 0.3007926344871521 0.09006129205226898
-0.11052925884723663 0.16713659465312958 -0.15555089712142944
0.005885839927941561 0.33805614709854126 0.1058061420917511
-0.04339735582470894 0.2894766330718994 -0.11251085996627808
0.0071915797889232635 0.18636652827262878 -0.09607282280921936
-0.023394858464598656 0.17163807153701782 -0.02393435686826706
-0.10525825619697571 0.287216454744339 -0.06136788800358772
-0.02410462498664856 0.24016335606575012 -0.032318100333213806
-0.02895302139222622 -0.009615147486329079 0.04640522226691246
-0.007430842611938715 0.21868927776813507 0.08545685559511185
0.06041018292307854 -0.28983941674232483 -0.35491853952407837
-0.032092656940221786 -0.0015488932840526104 0.06445398181676865
0.004739526193588972 0.06270165741443634 -0.11226645112037659
-0.0402967594563961 -0.2894008159637451 0.0901416540145874
-0.043675459921360016 0.10435427725315094 -0.030089600011706352
-0.021528789773583412 -0.0007498359773308039 0.1347479224205017
0.014657106250524521 0.3265325725078583 -0.042306505143642426
-0.012650968506932259 0.30571481585502625 -0.022683633491396904
-0.04496246948838234 0.2733217775821686 -0.10759372264146805
-0.03008892387151718 0.3717038333415985 -0.19620615243911743
-0.10101056098937988 -0.12917019426822662 -0.3040567934513092
-0.02450895681977272 -0.19615177810192108 -0.15078188478946686
-0.028287271037697792 -0.11831820011138916 -0.20259372889995575
-0.025436412543058395 0.21709363162517548 -0.06108785793185234
-0.03990582749247551 0.06803493201732635 -0.034851230680942535
-0.06377869844436646 0.12842682003974915 0.015778182074427605
-0.036920346319675446 0.06781809777021408 0.05587376654148102
0.022310666739940643 0.27663448452949524 0.03601852059364319
-0.04246893897652626 -0.02753293886780739 -0.0312484297901392
-0.0051793260499835014 0.18119816482067108 0.043321456760168076
-0.029632393270730972 0.13710150122642517 0.08305337280035019
-0.08305194228887558 -0.04928426444530487 0.2288745790719986
-0.040591586381196976 -0.0974920392036438 -0.009687365964055061
-0.062222979962825775 0.27395153045654297 -0.15159708261489868
-0.03462668135762215 0.3020254671573639 -0.09339875727891922
-0.08570834249258041 0.28008684515953064 -0.020952384918928146
-0.023240329697728157 0.5372788906097412 0.2927527129650116
0.030127162113785744 0.3878962993621826 0.02453862689435482
0.0024933302775025368 0.04617756977677345 -0.19702966511249542
-0.10493617504835129 -0.17942605912685394 -0.613609790802002
-0.0206737257540226 0.3671805262565613 -0.11942847818136215
-0.10663255304098129 0.05843810364603996 -0.07225145399570465
-0.01903143897652626 0.2091568261384964 0.006351250223815441
-0.04998476058244705 0.22915907204151154 -0.045781414955854416
-0.023554449900984764 -0.13303515315055847 -0.05281021445989609
-0.01793234795331955 0.42490556836128235 0.0013220040127635002
-0.023415084928274155 0.3248628079891205 -0.07065101712942123
-0.026553086936473846 -0.35142236948013306 0.21686869859695435
-0.029823604971170425 -0.013634135946631432 -0.13171592354774475
-0.004064527340233326 0.35017168521881104 -0.07289724051952362
-0.05546305328607559 -0.017793936654925346 0.1667894572019577
-0.10452764481306076 -0.06580790132284164 -0.2602919936180115
-0.027579834684729576 0.10618837922811508 0.07658988237380981
-0.007005847524851561 0.210464209318161 0.008587304502725601
0.1491602659225464 -0.42603689432144165 -0.35577622056007385
-0.30740654468536377 -0.1095426082611084 -0.2987076938152313
-0.020337721332907677 -0.13556498289108276 0.034215863794088364
-0.029872339218854904 0.3614253103733063 -0.07073739171028137
-0.029259085655212402 0.3384251892566681 -0.004632454831153154
-0.046611059457063675 0.23839105665683746 -0.035396602004766464
-0.0524282343685627 0.04580128192901611 -0.14853118360042572
-0.010053712874650955 -0.20780251920223236 -0.3412894010543823
-0.016506798565387726 0.20393946766853333 -0.053038038313388824
-0.034329887479543686 0.10672058910131454 0.04462067410349846
-0.07014091312885284 0.1556115448474884 -0.020465588197112083
-0.03186321258544922 0.22199580073356628 -0.009450452402234077
-0.019318725913763046 0.093292236328125 0.1495675891637802
-0.06623221933841705 0.21469499170780182 0.04503671079874039
0.022998495027422905 0.057887643575668335 -0.032619331032037735
-0.05868782103061676 -0.11896247416734695 0.05955049395561218
0.03223588690161705 -0.192348450422287 -0.2970566153526306
-0.0025135912001132965 -0.047880083322525024 -0.220964714884758
-0.054355937987565994 0.13390403985977173 0.08214691281318665
-0.008749285712838173 -0.18588869273662567 -0.0010020665358752012
-0.11957928538322449 -0.284166544675827 -0.12955039739608765
-0.017262671142816544 0.1782449632883072 -0.0359211228787899
-0.006491207983344793 0.22013694047927856 0.06366914510726929
-0.025642240419983864 0.26132622361183167 -0.04823599010705948
0.030216330662369728 0.3744388818740845 -0.027569305151700974
-0.02012067660689354 0.23907072842121124 -0.05688244849443436
-0.10860811173915863 0.12050182372331619 0.014937909319996834
-0.018971171230077744 0.06482335925102234 0.1353500932455063
-0.08078967034816742 -0.03481478616595268 -0.16377656161785126
-0.11294659972190857 0.02216852456331253 -0.13128811120986938
0.011346250772476196 -0.46370846033096313 0.051210902631282806
-0.01949463039636612 0.10175594687461853 0.14968866109848022
-0.12673020362854004 0.09964800626039505 0.039612069725990295
-0.08786512166261673 -0.06549825519323349 -0.1197262704372406
-0.012965936213731766 0.2085038125514984 0.06796172261238098
-0.02154705673456192 0.21384041011333466 0.006244394928216934
-0.03838339447975159 0.18174204230308533 0.10011772066354752
0.009161965921521187 0.4184706509113312 0.05887855961918831
-0.11702824383974075 0.0004598922096192837 -0.16579638421535492
-0.04011545330286026 -0.04834667593240738 -0.0136603694409132
-0.09852346777915955 0.15305793285369873 -0.056370772421360016
-0.01608104072511196 0.1635040044784546 0.09879180043935776
-0.035438697785139084 0.06511428952217102 0.026668556034564972
-0.10961823165416718 0.16498170793056488 -0.04613697528839111
-0.052972037345170975 -0.23886466026306152 -0.083624467253685
-0.04926590994000435 0.20358242094516754 0.09161164611577988
-0.027642885223031044 0.16621828079223633 0.26761648058891296
-0.05848586931824684 0.09388412535190582 -0.03750745579600334
-0.028677618131041527 -0.12273881584405899 0.10588567703962326
0.050983674824237823 -0.1338670253753662 -0.030033862218260765
-0.028898335993289948 0.23430012166500092 -0.02229628711938858
0.003248163964599371 0.26782917976379395 0.0559019073843956
-0.10152612626552582 -0.42564520239830017 0.1124657690525055
-0.00301260594278574 -0.03894883394241333 -0.18987534940242767
-0.0815962702035904 0.2144741266965866 0.0682813823223114
-0.035098809748888016 -0.09038253873586655 -0.017385447397828102
-0.06780219823122025 0.19526426494121552 -0.19306935369968414
-0.03128626570105553 -0.012059228494763374 -0.22931897640228271
-0.05360720679163933 0.12442395091056824 -0.1893647164106369
0.01499597355723381 0.03388243541121483 -0.05858536809682846
-0.03449678421020508 0.2619713842868805 -0.039937037974596024
-0.0415198914706707 0.2372516393661499 0.03247220814228058
-0.052225206047296524 -0.025001177564263344 0.07361987978219986
-0.04527734965085983 0.0800148993730545 -0.03034835495054722
-0.03445707634091377 0.3177514374256134 -0.17978641390800476
0.0072379689663648605 0.2854515612125397 0.11001937091350555
0.0036336553748697042 0.3685762882232666 0.012364896014332771
-0.011879486963152885 0.11276431381702423 -0.07105150818824768
-0.04453543573617935 0.0034134015440940857 0.09145007282495499
0.019159797579050064 -0.04417375475168228 -0.2120298594236374
0.02294459566473961 0.2060626894235611 -0.00012662378139793873
-0.06499264389276505 0.20347437262535095 -0.18675009906291962
-0.02401544339954853 0.24787168204784393 0.009486081078648567
-0.07170818746089935 0.06600319594144821 -0.1730424016714096
0.004125848412513733 0.3333151936531067 0.10592404752969742
-0.031009763479232788 -0.34898772835731506 -0.36911213397979736
-0.009921742603182793 0.41179147362709045 0.03449096158146858
-0.004614986479282379 0.3515159785747528 0.005199064500629902
-0.11590760201215744 0.0014481922844424844 -0.15636052191257477
0.007298668380826712 0.30480703711509705 0.09989054501056671
-0.03181929513812065 0.21107062697410583 -0.034795187413692474
-0.04868369176983833 -0.1184879019856453 -0.164346843957901
-0.03618288412690163 0.12557075917720795 -0.0013149671722203493
0.013988910242915154 0.21610857546329498 0.046118125319480896
0.005359120201319456 0.4473303556442261 -0.009330125525593758
0.0014360254863277078 -0.009206073358654976 -0.13003148138523102
-0.013231463730335236 0.05072561278939247 -0.011675121262669563
-0.02047097310423851 -0.017195366322994232 -0.06148688867688179
-0.006200138013809919 0.37658315896987915 -0.026948872953653336
-0.01724800281226635 0.26054924726486206 -0.009246448054909706
-0.14429734647274017 0.05938158556818962 -0.15076637268066406
-0.07266373187303543 -0.03816427290439606 -0.1390121728181839
-0.0332668237388134 0.2031528502702713 -0.05175526812672615
-0.3035966753959656 -0.22382459044456482 -0.3601159453392029
0.0652577206492424 -0.2449190616607666 -0.03875915706157684
-0.09411747008562088 0.1640310287475586 -0.1495678871870041
-0.18325385451316833 -0.24998271465301514 -0.17062732577323914
-0.15445013344287872 -0.013048000633716583 -0.028754262253642082
-0.06559943407773972 0.05506989359855652 -0.04988931491971016
-0.0354471355676651 0.018648674711585045 -0.014721948653459549
-0.038830965757369995 -0.061393994837999344 -0.15567949414253235
0.011004908010363579 0.2865447700023651 0.12327930331230164
-0.00969741865992546 0.25516316294670105 -0.0872412919998169
-0.03538282588124275 0.018895475193858147 -0.05147787183523178
0.011533666402101517 -0.12216340005397797 -0.29480546712875366
-0.0015303881373256445 0.395354688167572 0.060146573930978775
-0.06264176219701767 0.05847123637795448 0.09099351614713669
-0.062478095293045044 0.10670861601829529 -0.011487103998661041
-0.10312842577695847 -0.19344715774059296 0.09766414761543274
-0.0042229220271110535 0.2979714572429657 0.003390024183318019
-0.008644748479127884 0.13816584646701813 -0.08778635412454605
-0.07059957087039948 0.22319377958774567 -0.026506148278713226
-0.038322966545820236 0.06543261557817459 -0.007288810331374407
0.00728192925453186 0.21764534711837769 -0.061782438308000565
-0.0017243684269487858 0.06654069572687149 -0.06607711315155029
-0.02444213256239891 0.20786947011947632 0.00946321152150631
-0.01085352711379528 0.3018184304237366 0.05150410160422325
0.0050666723400354385 0.3887496292591095 0.03303395211696625
-0.02435242384672165 0.109197698533535 0.07915481179952621
-0.1011403501033783 -0.17364351451396942 -0.19243086874485016
-0.03509767726063728 0.03299390897154808 -0.009106138721108437
-0.007781970780342817 0.2825905382633209 0.02987787500023842
0.0006288191070780158 0.3896961808204651 0.04338782653212547
-0.05597589910030365 0.37151744961738586 -0.11090832948684692
-0.04931148141622543 0.08172327280044556 0.061134643852710724
-0.009217172861099243 0.4303725063800812 -0.059606995433568954
-0.06619081646203995 -0.03553709760308266 -0.09832876920700073
-0.08968053758144379 -0.11389092355966568 -0.04778945818543434
-0.040936313569545746 0.03944072872400284 0.016522562131285667
-0.0058459388092160225 0.24110594391822815 0.07312890887260437
-0.034657325595617294 0.029262125492095947 0.007504163775593042
0.011375557631254196 0.2935158908367157 0.1090213730931282
-0.017640115693211555 -0.1323418766260147 0.0032926034182310104
-0.013101082295179367 -0.0014814049936830997 -0.06823457777500153
-0.051843345165252686 0.05302286893129349 0.08207818865776062
-0.01469341479241848 0.35298123955726624 0.02663833647966385
-0.026419823989272118 0.24639897048473358 0.009679699316620827
-0.04432566463947296 0.11062819510698318 0.038277048617601395
-0.055039312690496445 -0.434701532125473 -0.31050124764442444
-0.029068848118185997 0.05910618603229523 -0.04759039357304573
0.061829838901758194 -0.22326643764972687 -0.22933009266853333
-0.09287357330322266 0.042525094002485275 0.07225602120161057
-0.049523524940013885 -0.00901670753955841 -0.06155424192547798
-0.054295968264341354 0.2682962417602539 -0.15910832583904266
-0.022745372727513313 0.2713974118232727 -0.14216691255569458
-0.03512953594326973 0.29064294695854187 -0.05640534684062004
-0.029193364083766937 0.20085367560386658 -0.04554390162229538
-0.04347994178533554 -0.3636670410633087 0.0346125103533268
-0.016983818262815475 0.07056741416454315 0.10399840027093887
0.016342338174581528 0.23862610757350922 -0.08544153720140457
-0.08384453505277634 -0.03188352286815643 -0.1117534264922142
-0.09568939357995987 -0.016315223649144173 -0.15728838741779327
-0.05257052183151245 0.12946739792823792 -0.10996883362531662
-0.02635762467980385 0.14747308194637299 -0.01319868303835392
-0.024887798354029655 0.1500471979379654 0.04884886369109154
-0.04250764846801758 0.29572486877441406 -0.08719462156295776
-0.011251257732510567 0.26061543822288513 -0.12312774360179901
-0.032983455806970596 0.33499062061309814 -0.07190845161676407
-0.03899449482560158 0.04018685966730118 -0.08135469257831573
-0.022165246307849884 0.2553468644618988 -0.043714843690395355
-0.013018622994422913 0.24665692448616028 0.0005180473672226071
0.023285672068595886 -0.022015346214175224 -0.22073052823543549
0.02581401728093624 0.2329046130180359 0.005947749130427837
0.0030711679719388485 -0.10933724045753479 -0.16392245888710022
-0.0209805928170681 0.282661110162735 -0.05330977588891983
0.00041999726090580225 -0.4341747760772705 -0.3910507261753082
0.09726708382368088 0.4511909484863281 0.05692976713180542
-0.027279796078801155 -0.1204051822423935 0.17401807010173798
-0.02800847217440605 0.10123535990715027 -0.08341925591230392
-0.02206113003194332 0.22196587920188904 0.03227816894650459
-0.035039160400629044 0.08261209726333618 0.011204499751329422
-0.03407076746225357 0.13013237714767456 0.20490777492523193
0.002390843816101551 0.24214965105056763 0.025428462773561478
-0.0707286074757576 -0.47884947061538696 -0.283152312040329
-0.023968107998371124 0.21485105156898499 -0.05276964604854584
0.032792828977108 0.3326123356819153 -0.06518441438674927
-0.021092355251312256 -0.13973048329353333 0.039716869592666626
0.02414100058376789 0.2660667896270752 -0.16409853100776672
0.12172742933034897 -0.40261849761009216 -0.23635947704315186
-0.040160175412893295 0.2385837435722351 -0.0288839191198349
0.08686118572950363 -0.21767638623714447 -0.08504480868577957
-0.0511384941637516 0.19560672342777252 -0.008199470117688179
-0.03271624073386192 0.11363726109266281 0.011637551710009575
-0.008157731965184212 0.26374801993370056 0.006445788778364658
-0.019508803263306618 0.010410275310277939 -0.12602922320365906
-0.10949844866991043 -0.009421700611710548 0.02350063994526863
-0.020403137430548668 0.3141933083534241 -0.06104649230837822
0.016847757622599602 0.24690251052379608 -0.13554809987545013
-0.03170698508620262 0.03657969459891319 -0.03317057713866234
-0.13142137229442596 -0.07442014664411545 -0.020085595548152924
-0.04826991632580757 0.16647660732269287 0.0917029157280922
-0.049516234546899796 0.4157623052597046 -0.10192473232746124
-0.12382204085588455 0.426759272813797 -0.004535366781055927
-0.025203896686434746 0.17922839522361755 -0.009344596415758133
-0.013029729947447777 0.225820854306221 0.08984214812517166
-0.030446425080299377 0.06704287976026535 0.0211165901273489
-0.0025670300237834454 0.3142164647579193 0.04082817956805229
0.0047265468165278435 0.37095218896865845 0.05256374925374985
-0.0307048000395298 0.05596235767006874 -0.11542373895645142
-0.07082916796207428 0.36173194646835327 -0.23853249847888947
0.01706698350608349 -0.2022964358329773 -0.2534281015396118
-0.05087212845683098 -0.08359994739294052 -0.09465664625167847
-0.038218967616558075 0.034324951469898224 0.07708396762609482
-0.07330837100744247 -0.5423324108123779 -0.34060925245285034
-0.04068843275308609 0.374766081571579 -0.26689115166664124
-0.006587324198335409 0.32669249176979065 0.010664859786629677
-0.0387398861348629 0.15534159541130066 -0.018788587301969528
-0.10179156064987183 -0.09008467197418213 0.03019450418651104
-0.07847287505865097 0.12362848967313766 0.10144050419330597
-0.02946346253156662 0.0051640598103404045 -0.21980445086956024
-0.07275791466236115 0.17719650268554688 -0.014064108952879906
-0.04026076942682266 0.23459702730178833 -0.0012638189364224672
-0.03527247533202171 0.32478705048561096 -0.00376439793035388
-0.07147937268018723 -0.014288578182458878 -0.16375483572483063
-0.016265159472823143 -0.06882923096418381 0.0784362405538559
-0.0028572510927915573 -0.08508790284395218 -0.1404879093170166
-0.042623937129974365 0.0585552342236042 0.010085783898830414
-0.02476576715707779 0.2006177008152008 -0.004982300568372011
-0.007041600998491049 0.267117440700531 0.038011334836483
-0.026579758152365685 0.11674842983484268 0.029199566692113876
-0.021928612142801285 0.11749198287725449 0.07547573745250702
-0.05836382508277893 -0.027611777186393738 0.09145335853099823
0.03669578209519386 0.43029388785362244 -0.0757879912853241
-0.04624878615140915 0.08713853359222412 -0.09266984462738037
-0.14145445823669434 -0.29863035678863525 -0.21065287292003632
-0.03181048110127449 0.04825615510344505 0.010851269587874413
-0.0663546621799469 0.35436031222343445 -0.13860027492046356
-0.043210722506046295 0.3295172452926636 -0.05256720259785652
-0.030392050743103027 0.25235170125961304 -0.03859572112560272
-0.016904734075069427 0.18790164589881897 -0.04440094158053398
-5.4678297601640224e-05 0.008881296031177044 -0.10998540371656418
-0.01891165040433407 0.23207220435142517 0.21025744080543518
-0.053570330142974854 0.24758826196193695 -0.05009830743074417
-0.04845697805285454 -0.028601044788956642 -0.04442669078707695
-0.029307454824447632 0.1251809448003769 0.14965654909610748
-0.030403077602386475 -0.10512138158082962 -0.034177787601947784
-0.042015161365270615 0.039500102400779724 -0.003947839606553316
-0.013702396303415298 0.40488559007644653 -0.009596312418580055
-0.03792358189821243 0.08956697583198547 -0.025708790868520737
-0.027294494211673737 -0.10696080327033997 0.020432112738490105
-0.11685659736394882 0.10887797176837921 0.037045303732156754
0.314428448677063 0.44733113050460815 0.03867208957672119
-0.0018434689845889807 -0.00951208733022213 -0.1442495733499527
0.005534021183848381 0.2989289164543152 0.06287563592195511
-0.030032891780138016 0.18129900097846985 -0.027898093685507774
-0.01814788207411766 0.2573470175266266 0.03352709114551544
-0.027469109743833542 0.23636837303638458 -0.18561416864395142
-0.054664429277181625 -0.05992931127548218 -0.1302369236946106
-0.02122626267373562 0.25930356979370117 -0.04835692048072815
-0.03144039958715439 -0.20747093856334686 -0.2613733112812042
-0.07096751779317856 -0.012233681976795197 0.15064148604869843
0.006319294683635235 -0.012218749150633812 -0.0518031120300293
0.015079500153660774 -0.4470634162425995 -0.48773959279060364
0.007640518713742495 -0.14757806062698364 0.03042217157781124
-0.030739862471818924 0.1049317866563797 -0.04960650950670242
-0.05862441286444664 0.22954075038433075 -0.08882606029510498
-0.01847558468580246 0.32682719826698303 -0.03509097546339035
0.007557890843600035 0.4010443389415741 -0.000428937841206789
-0.036349255591630936 0.16323688626289368 0.16745570302009583
-0.010586390271782875 0.019443925470113754 -0.14095817506313324
-0.02803104929625988 0.07801816612482071 0.10581304132938385
-0.05522492527961731 0.2412036508321762 0.05593949928879738
0.018294306471943855 0.3535611927509308 -0.07375429570674896
-0.0532483346760273 0.11620067059993744 -0.04849189892411232
-0.007491712924093008 0.2169800102710724 -0.03223205730319023
-0.01849905215203762 -0.1717263013124466 0.15202026069164276
-0.026458587497472763 -0.06200150027871132 0.0933719053864479
-0.029332231730222702 0.3228375017642975 -0.17629073560237885
-0.013514919206500053 0.015381086617708206 0.012197006493806839
-0.023309076204895973 0.2593892514705658 -0.008735805749893188
-0.08817717432975769 -0.43830329179763794 -0.5586544871330261
-0.055013783276081085 0.08985495567321777 0.07360518723726273
-0.03195752203464508 0.24924105405807495 -0.08394230902194977
-0.04158267751336098 0.24053873121738434 0.005795312579721212
-0.01513424888253212 0.1757112592458725 0.0874643623828888
-0.001688408199697733 -0.1268676072359085 -0.12816524505615234
-0.07252547889947891 0.05859432741999626 -0.13352429866790771
-0.015176104381680489 -0.09781105071306229 0.007733335252851248
-0.04105913266539574 0.009878279641270638 -0.05917435511946678
-0.04685172066092491 0.03866643086075783 -0.06352011114358902
-0.014471039175987244 0.31087157130241394 -0.025666305795311928
-0.040678709745407104 0.32194653153419495 -0.07061435282230377
-0.004887755960226059 0.27610453963279724 0.02271382138133049
-0.01875307597219944 0.2676711678504944 0.012128600850701332
-0.046887584030628204 0.05493799224495888 -0.1553541123867035
-0.03042086586356163 0.0352143868803978 0.12926506996154785
-0.01964755170047283 0.25083211064338684 -0.0635862722992897
-0.14411242306232452 -0.09384501725435257 0.04451378062367439
-0.0497070737183094 -0.037848100066185 -0.04912062734365463
-0.05098297446966171 0.3261945843696594 -0.14396221935749054
-0.023810826241970062 0.2711583077907562 -0.02274315617978573
-0.004868529736995697 0.443662166595459 -0.038063716143369675
-0.07660187780857086 0.14343298971652985 0.005340312607586384
-0.03617922589182854 0.15457525849342346 -0.02095331996679306
-0.016934311017394066 0.2643020451068878 -0.34363073110580444
0.003927238285541534 -0.006670416798442602 -0.11152680963277817
-0.03844967857003212 0.19482669234275818 -0.05867931991815567
-0.07320857793092728 0.23916490375995636 -0.010369306430220604
-0.048241909593343735 0.20205335319042206 0.13966825604438782
0.06742622703313828 0.20845991373062134 -0.11275452375411987
-0.0429617241024971 0.052110619843006134 -0.01739540696144104
-0.057903680950403214 0.10840898007154465 0.05574359744787216
-0.014604782685637474 0.542259693145752 0.2202792465686798
0.004629870876669884 0.30675986409187317 0.06521353125572205
-0.047311536967754364 0.26166045665740967 -0.07556197792291641
-0.03220212832093239 0.11861903965473175 0.13001160323619843
-0.042927663773298264 0.1334693729877472 -0.04892167076468468
0.11799059063196182 -0.2902783155441284 -0.37355929613113403
0.0307930875569582 0.30884066224098206 -0.004298470914363861
-0.02805393561720848 0.1818094402551651 -0.020520003512501717
-0.006594648119062185 -0.009417593479156494 0.00995061919093132
-0.03188237175345421 0.07676765322685242 0.08497294038534164
-0.03676964342594147 0.1384265124797821 -0.00847327895462513
-0.022986818104982376 0.1434926688671112 0.08830790966749191
-0.002590474206954241 0.43401390314102173 0.006949651055037975
-0.04433368146419525 0.21575966477394104 0.027004370465874672
-0.036848168820142746 0.26121509075164795 -0.24957358837127686
-0.017649242654442787 0.04463303089141846 -0.06587376445531845
-0.05661606788635254 -0.11167915910482407 -0.09111609309911728
0.01892426423728466 0.19449418783187866 -0.0027572601102292538
-0.040068257600069046 0.009889643639326096 -0.0161051657050848
-0.037899088114500046 0.07737544924020767 0.006606128998100758
-0.07761801779270172 -0.05167636647820473 0.03001973032951355
-0.029645735397934914 0.07904532551765442 0.06409402936697006
0.004843361675739288 0.17206960916519165 -0.050491273403167725
-0.05737286061048508 0.12803807854652405 0.05113229900598526
-0.009620705619454384 0.2198379933834076 -0.012837724760174751
-0.03422011807560921 0.2524888217449188 -0.049182500690221786
-0.028909919783473015 0.14884677529335022 7.224734872579575e-07
-0.033319905400276184 0.1978217363357544 -0.02969975210726261
-0.07965109497308731 0.1932886391878128 -0.1953357756137848
-0.043265629559755325 0.014483008533716202 -0.05415341630578041
-0.01886727847158909 0.3091716468334198 -0.012437060475349426
-0.05513560771942139 0.15322379767894745 -0.06080317124724388
-0.04931630939245224 0.08422683924436569 -0.055263642221689224
0.030525464564561844 -0.06802583485841751 -0.18920114636421204
-0.02788837067782879 0.11032579094171524 0.1483214795589447
-0.01034364104270935 0.2314070761203766 -0.029848093166947365
-0.07754461467266083 0.030755165964365005 -0.015984507277607918
-0.0629943460226059 0.15484774112701416 0.009064063429832458
-0.06201425939798355 0.1302618682384491 -0.08653385192155838
-0.004168554674834013 0.05729278177022934 -0.25348415970802307
-0.024364594370126724 -0.16219228506088257 -0.18155333399772644
-0.09903672337532043 0.07107826322317123 -0.0345456562936306
-0.027499090880155563 0.12260915338993073 0.045036930590867996
-0.07872765511274338 0.06355055421590805 0.08212681859731674
-0.021964561194181442 0.20427434146404266 -0.012513866648077965
-0.018702005967497826 -0.12656089663505554 0.0749564915895462
-0.055267490446567535 0.24299250543117523 -0.06747035682201385
-0.04676254838705063 0.013445209711790085 -0.08514835685491562
-0.06319647282361984 -0.0853964313864708 -0.0031695482321083546
-0.04232111945748329 -0.10910036414861679 -0.16329170763492584
-0.07294241338968277 0.26705071330070496 -0.17383833229541779
0.0006584973307326436 0.16247732937335968 -0.06144534423947334
-0.013478783890604973 0.28431788086891174 0.03142329305410385
-0.037151362746953964 0.1731058806180954 0.09146586805582047
-0.05708860978484154 0.09578730165958405 0.04784563556313515
-0.019871626049280167 0.05339224636554718 -0.1100243628025055
-0.04538913443684578 0.028695568442344666 -0.03355679288506508
-0.09293863922357559 0.3252130448818207 -0.09343722462654114
0.011712925508618355 0.2083059549331665 -0.13497477769851685
-0.06201571971178055 0.15404976904392242 -0.05401868373155594
-0.12275557965040207 0.1320471614599228 -0.3237268328666687
0.14655114710330963 0.41951483488082886 -0.005377303343266249
-0.03212780877947807 0.14768846333026886 -0.04281768947839737
-0.10457563400268555 0.10468544065952301 -0.02076716162264347
-0.03081682324409485 0.1645304411649704 0.03030187264084816
-0.027621930465102196 0.15851257741451263 -0.08851435780525208
-0.028339829295873642 -0.08648937195539474 0.0895635187625885
-0.04159217327833176 0.08933837711811066 -0.025914860889315605
0.026648428291082382 0.16516032814979553 0.04875418543815613
-0.014796651899814606 0.19767475128173828 -0.042326558381319046
-0.02993735671043396 0.26253819465637207 -0.024937061592936516
0.01555078849196434 -0.06691097468137741 0.029650922864675522
-0.02010417729616165 0.08895767480134964 -0.051851481199264526
0.0010629950556904078 0.15768636763095856 -0.09789535403251648
-0.0013636513613164425 -0.28263020515441895 -0.34131932258605957
-0.001559501513838768 0.052123285830020905 -0.09114786982536316
-0.07847166061401367 0.14695802330970764 -0.038754720240831375
-0.1638498157262802 -0.3084351122379303 -0.21796338260173798
0.010926561430096626 0.01706961914896965 -0.09155324101448059
-0.0630815401673317 0.043883148580789566 0.06390053778886795
-0.011910086497664452 -0.23488499224185944 0.1755048781633377
-0.020896049216389656 0.21307328343391418 0.011772511526942253
-0.05959700793027878 -0.012620436027646065 0.16531571745872498
0.015317579731345177 0.040491051971912384 -0.07375939190387726
-0.041576314717531204 0.1607869267463684 -0.019424932077527046
-0.020022466778755188 0.182478666305542 -0.04233589023351669
-0.012927498668432236 0.19552575051784515 0.019367773085832596
-0.05782615393400192 0.032884418964385986 -0.02129298821091652
-0.03387988731265068 -0.017968609929084778 0.03610193356871605
-0.05114177614450455 -0.31895557045936584 -0.3814176917076111
-0.024303598329424858 -0.017577094957232475 0.048161350190639496
-0.020777571946382523 0.15339981019496918 0.03994493931531906
-0.1490791141986847 0.03288377821445465 -0.2042742818593979
0.006894154008477926 0.28053128719329834 0.04391433671116829
-0.04628612473607063 0.22476068139076233 -0.006890396121889353
-0.03183958679437637 0.22891639173030853 -0.1027785986661911
-0.053678665310144424 0.054173681885004044 -0.06891707330942154
-0.036140382289886475 0.29701361060142517 -0.08350706845521927
-0.07004453986883163 0.06311006098985672 0.005119633860886097
0.043105348944664 0.3389357924461365 -0.06529714912176132
-0.026226820424199104 0.3646179139614105 -0.14953060448169708
-0.03202817216515541 0.1257670819759369 0.0034780343994498253
-0.0700044333934784 0.10659392923116684 0.1341404914855957
-0.004793130327016115 0.10912302881479263 -0.033003069460392
-0.03668484464287758 0.1633225530385971 -0.008688351139426231
-0.037888094782829285 0.3519454300403595 -0.02512475475668907
0.0041125500574707985 0.41952550411224365 0.06064564362168312
-0.06100940704345703 0.1486443281173706 0.017084287479519844
-0.020502686500549316 0.09453462809324265 0.1152697280049324
-0.03357786685228348 0.02955513261258602 0.03432460129261017
-0.025880392640829086 0.09114698320627213 0.0060432348400354385
-0.01626230590045452 0.21513637900352478 0.016175460070371628
-0.05239928141236305 -0.01026136428117752 -0.14690716564655304
-0.0027655400335788727 0.21827751398086548 0.088481105864048
-0.027392137795686722 -0.06461624801158905 -0.002396087162196636
-0.09557057917118073 0.12753616273403168 -0.12979178130626678
-0.06877751648426056 0.2410518229007721 -0.0780763328075409
-0.02333807572722435 0.15373535454273224 0.06317311525344849
-0.029218778014183044 0.09469688683748245 0.09976745396852493
-0.10519222915172577 0.2341688722372055 0.06663195043802261
-0.022381853312253952 0.2489125281572342 -0.06618788093328476
-0.022024264559149742 0.2800412178039551 0.005116686224937439
-0.007888557389378548 0.23186630010604858 0.04038257524371147
-0.027134181931614876 0.1886470764875412 0.018964527174830437
-0.03350728005170822 0.1943814605474472 0.05958148092031479
-0.003725296352058649 0.30890315771102905 0.06313599646091461
-0.045466043055057526 -0.002537952270358801 -0.028714776039123535
-0.029259691014885902 0.06389175355434418 0.1056194007396698
-0.03891056403517723 0.06396731734275818 -0.025636356323957443
-0.013612030074000359 0.34469693899154663 -0.10486128181219101
-0.012036565691232681 0.14211273193359375 0.0433817021548748
-0.05231628939509392 0.029826659709215164 -0.054106857627630234
-0.004440742544829845 0.3114108145236969 0.14521905779838562
-0.016858328133821487 0.25373920798301697 -0.04049353301525116
-0.03390952944755554 0.1706373244524002 -0.007768676150590181
-0.10196191817522049 0.033888962119817734 0.01313323900103569
-0.09699250012636185 -0.002379998564720154 -0.156426340341568
-0.07143095135688782 0.08225712180137634 -0.02802780643105507
-0.06304081529378891 0.043068546801805496 -0.12578608095645905
-0.07281628251075745 0.07755139470100403 -0.01784125156700611
-0.0641142874956131 -0.0848141759634018 -0.17493997514247894
-0.015083618462085724 -0.10329193621873856 0.09502208232879639
-0.005134029779583216 -0.14408424496650696 -0.29323655366897583
-0.0007501642685383558 0.4183380901813507 0.04247986152768135
0.005105301272124052 0.029091913253068924 -0.09922904521226883
0.34051820635795593 0.29473572969436646 0.11697083711624146
-0.01059979572892189 0.11013654619455338 -0.17333662509918213
-0.09774518013000488 -0.2708033621311188 0.09318669140338898
-0.017045307904481888 0.3403817415237427 -0.030843136832118034
-0.04405271261930466 0.2488444745540619 -0.052855875343084335
-0.05722184106707573 0.13296356797218323 0.20887696743011475
-0.02289298176765442 0.30355414748191833 0.0005584047175943851
-0.03812922164797783 0.25705453753471375 -0.07055056095123291
0.01863924227654934 0.39667370915412903 -0.00323144206777215
-0.039718739688396454 0.06311073154211044 0.10732988268136978
-0.05442008003592491 -0.04685801640152931 0.07052704691886902
-0.0004040104104205966 -0.005533226300030947 -0.024192210286855698
0.00891498290002346 0.374933660030365 0.03365778550505638
-0.0050778575241565704 -0.014509845525026321 -0.10305081307888031
-0.011473238468170166 0.27611830830574036 0.024407684803009033
0.005577257834374905 -0.3661472797393799 -0.2240559458732605
-0.003934822976589203 0.22039254009723663 0.08382707089185715
-0.06618662178516388 -0.0711946189403534 -0.03703608736395836
-0.14732860028743744 -0.13754189014434814 -0.03759067878127098
-0.01721384935081005 -0.36221829056739807 -0.2793639302253723
-0.08981693536043167 0.28199878334999084 -0.07209338247776031
-0.03872711956501007 0.3514035642147064 -0.0819183960556984
-0.02732733264565468 0.30363237857818604 -0.019778095185756683
-0.0179090928286314 0.19428883492946625 0.07890275865793228
-0.04278184100985527 0.029104681685566902 -0.05694446712732315
-0.02447805367410183 0.2744947373867035 0.014001652598381042
0.0050366041250526905 0.23946242034435272 -0.19437995553016663
-0.07559412717819214 0.36447107791900635 -0.31907960772514343
-0.019462713971734047 0.2184426486492157 -0.44282078742980957
0.6825515031814575 0.008529303595423698 -0.15277117490768433
-0.025846851989626884 0.138113871216774 -0.01804477721452713
-0.029583949595689774 0.14928032457828522 0.011219147592782974
-0.02339266799390316 -0.15232522785663605 0.12943124771118164
-0.03551645576953888 0.30140942335128784 -0.11523126065731049
-0.0467512384057045 -0.26327165961265564 0.06667966395616531
-0.09237385541200638 -0.021506404504179955 -0.09097053110599518
0.01730070635676384 -0.2566382884979248 -0.27186039090156555
0.0009376773377880454 0.1295611560344696 -0.02347700297832489
-0.056552618741989136 0.1655377298593521 0.13105973601341248
-0.02055397443473339 0.013139735907316208 0.0270608551800251
-0.12136142700910568 -0.07724425941705704 -0.1538555771112442
0.004977836273610592 -0.04073019325733185 -0.16238538920879364
-0.03480535000562668 0.10811466723680496 0.021438956260681152
-0.0008237299043685198 0.30574050545692444 0.050803977996110916
-0.012006500735878944 0.19767390191555023 0.05205962806940079
-0.044696975499391556 -0.10634244978427887 -0.1843862682580948
-0.08336924761533737 0.012380154803395271 -0.10158641636371613
-0.0007555247284471989 0.09922841936349869 -0.04400771111249924
-0.02344571053981781 0.34133562445640564 -0.09706360846757889
-0.03477794677019119 0.2849099040031433 -0.06287255883216858
0.01803917996585369 0.2861784100532532 0.1643742173910141
-0.005972858052700758 0.11431349813938141 0.07413220405578613
0.018271377310156822 0.06500357389450073 -0.07763475924730301
-0.014529997482895851 0.26703062653541565 -0.0061074611730873585
-0.10594619810581207 0.09784607589244843 -0.0815575048327446
-0.03499174118041992 0.0627073422074318 -0.044993672519922256
-0.010620249435305595 0.22170740365982056 0.07045743614435196
0.014326218515634537 0.40497228503227234 0.07906698435544968
-0.029891975224018097 0.30548015236854553 -0.03478515148162842
-0.027509668841958046 0.2524365484714508 -0.0007236150559037924
-0.03356875479221344 0.18136392533779144 -0.04162916541099548
0.11251546442508698 -0.2945678234100342 -0.20499905943870544
-0.021593302488327026 0.13793610036373138 -0.04326939210295677
-0.027275489643216133 0.07124075293540955 0.017777390778064728
-0.11517882347106934 0.2644437849521637 0.0034035872668027878
-0.02419748716056347 0.19517382979393005 0.03800277039408684
-0.05740070715546608 0.02887539565563202 -0.013890113681554794
-0.1962176412343979 -0.056382447481155396 -0.39871469140052795
0.10534804314374924 -0.29715147614479065 -0.23974157869815826
0.008777899667620659 0.35373446345329285 0.0690254271030426
-0.0014437113422900438 0.31491824984550476 0.0684906616806984
-0.004738726653158665 0.25573283433914185 0.052527520805597305
-0.023164140060544014 0.27161481976509094 0.037990670651197433
-0.0458226315677166 0.11357058584690094 0.09569250047206879
0.0024537809658795595 0.25749877095222473 0.03603380545973778
-0.047001514583826065 0.221322163939476 -0.06175270304083824
-0.06747928261756897 0.0037065737415105104 -0.04497947543859482
0.14827397465705872 0.06899154186248779 -0.24304910004138947
-0.03470500186085701 0.030961256474256516 0.03319447115063667
-0.06498978286981583 0.07873742282390594 -0.08404193818569183
-0.037038374692201614 0.13972844183444977 -0.053453389555215836
-0.017700504511594772 0.028559455648064613 0.07088687270879745
-0.02190496027469635 0.11527359485626221 0.15462584793567657
-0.09883962571620941 -0.2989208996295929 -0.049222979694604874
-0.025314655154943466 0.03205046057701111 0.049892377108335495
-0.016291646286845207 0.19819028675556183 -0.056578390300273895
-0.04299565404653549 0.2564055621623993 -0.08057886362075806
0.0010605340357869864 0.10186702758073807 -0.17227385938167572
-0.03684917464852333 0.14240312576293945 -0.049100324511528015
-0.012684585526585579 0.15917225182056427 0.07116035372018814
-0.03591904416680336 0.03316435590386391 0.17684713006019592
-0.03206409513950348 0.19691333174705505 0.07895198464393616
-0.003622123971581459 0.319295734167099 -0.08216166496276855
-0.028828784823417664 -0.1490573287010193 -0.11417180299758911
-0.06049083545804024 0.1099059134721756 -0.03961633890867233
-0.0028448193334043026 0.4739011228084564 -0.002754535060375929
-0.03907096013426781 0.3030957877635956 -0.059962257742881775
-0.030128706246614456 0.24478858709335327 0.0012044385075569153
-0.02068452537059784 0.23201994597911835 -0.07056932151317596
0.013726744800806046 0.07317773997783661 -0.14843891561031342
-0.1983843892812729 -0.07133449614048004 -0.4569723308086395
-0.010202797129750252 0.24846212565898895 -0.01977097988128662
0.03484279289841652 -0.22543488442897797 0.017858900129795074
-0.025395488366484642 0.1340225636959076 0.06291131675243378
-0.07286347448825836 0.15657837688922882 -0.06180959567427635
0.028530001640319824 -0.09570235013961792 -0.19251768290996552
-0.048794254660606384 0.3299012780189514 -0.028604065999388695
-0.08870444446802139 0.270800918340683 0.03383973240852356
-0.027736740186810493 -0.010029667988419533 -0.04888662323355675
-0.006132901180535555 0.3039197623729706 0.20736591517925262
-0.043278440833091736 0.08976523578166962 -0.021307233721017838
0.089316226541996 -0.3798345625400543 -0.32973623275756836
-0.035698067396879196 0.21914587914943695 -0.04886123165488243
-0.017730064690113068 0.2728857100009918 -0.031872887164354324
-0.019732564687728882 -0.3218647241592407 -0.07712002098560333
-0.019092021510004997 0.36008220911026 -0.023022238165140152
-0.0397026501595974 -0.020281566306948662 -0.027890533208847046
-0.00965515524148941 0.2881670296192169 -0.016083894297480583
-0.06587811559438705 0.2343771606683731 0.039198342710733414
-0.07062070071697235 0.01770872436463833 -0.08492565155029297
-0.09167926758527756 0.5602553486824036 -0.09192456305027008
-0.015016784891486168 0.09024161845445633 -0.03661384806036949
0.006499648559838533 0.4325183629989624 0.04305658116936684
-0.03960855305194855 0.013173962011933327 0.13320201635360718
-0.01801912859082222 0.30375558137893677 -0.012306250631809235
-0.02428143285214901 0.15592366456985474 0.04180843010544777
-0.01479128934442997 0.3828333020210266 -0.05331522971391678
-0.022508613765239716 0.1830507069826126 0.04713789373636246
-0.081946961581707 0.4519493281841278 0.11674974113702774
-0.06592658162117004 0.10266568511724472 -0.04240540415048599
-0.14215868711471558 -0.24195416271686554 -0.1498800367116928
-0.05291139706969261 0.0024956446141004562 -0.08314266055822372
-0.0412425696849823 0.062319088727235794 0.022798627614974976
-0.06221165508031845 -0.007394459564238787 0.030165398493409157
-0.2625355124473572 -0.30544498562812805 -0.4231088161468506
-0.01690928265452385 0.2394515872001648 -0.005099803674966097
-0.021803373470902443 0.11109302937984467 0.1222708448767662
-0.032349325716495514 0.04304030165076256 0.1006275936961174
-0.018745502457022667 -0.056660644710063934 -0.2308974713087082
-0.0012394562363624573 0.4745202362537384 0.11706563830375671
-0.10504666715860367 0.03453485295176506 -0.035940270870923996
0.01022561825811863 0.1580139398574829 -0.22113795578479767
-0.08103497326374054 -0.13326777517795563 -0.2459743171930313
0.014044322073459625 0.21671690046787262 0.11834929883480072
0.046023763716220856 0.2673438489437103 -0.21195755898952484
-0.0699341893196106 0.1077662780880928 -0.05596185848116875
0.14941874146461487 0.07300519943237305 -0.2152380794286728
-0.01603790372610092 0.3415938913822174 -0.04100257530808449
-0.029061496257781982 0.0942000076174736 0.01651991903781891
-0.0882357656955719 -0.09387185424566269 0.09853076934814453
-0.04109859839081764 0.3220182955265045 -0.06082947179675102
-0.008887417614459991 0.3896535336971283 -0.053123217076063156
-0.010272355750203133 0.19532716274261475 0.10564415901899338
-0.04583767428994179 0.22425022721290588 -0.023813828825950623
-0.012224409729242325 0.2427375614643097 0.050877369940280914
-0.03789304941892624 0.0070693655870854855 -6.2157167121768e-05
-0.03700908645987511 0.14190679788589478 -0.004587486851960421
-0.03613634407520294 -0.04741453379392624 -0.001373249338939786
-0.055483561009168625 0.04126955568790436 -0.12941457331180573
0.12148066610097885 -0.06793172657489777 -0.32452479004859924
-0.0345214381814003 0.11729894578456879 0.009760456159710884
-0.08380220830440521 0.19706659018993378 0.03284517675638199
-0.013478044420480728 0.2071112096309662 0.052927277982234955
-0.019060326740145683 0.2526892125606537 -0.03762700781226158
-0.06569849699735641 -0.07774174958467484 -0.003393877297639847
-0.07251832634210587 0.22859106957912445 -0.2985597252845764
-0.07308181375265121 0.4512433409690857 0.3412509560585022
-0.02913295291364193 -0.5694522857666016 -0.23066379129886627
-0.02166670188307762 0.11770322918891907 -0.005870054475963116
0.09279018640518188 0.3112562298774719 -0.07586263865232468
-0.036469899117946625 0.0732821375131607 -0.011901376768946648
0.31238701939582825 0.23013576865196228 -0.04541337862610817
-0.05365908890962601 0.262185662984848 -0.07486575841903687
-0.031129401177167892 0.13914132118225098 -0.019960688427090645
0.0068019088357687 0.3091685175895691 0.08057267218828201
-0.014838648959994316 0.220169797539711 0.12088503688573837
-0.02123192697763443 0.08438520133495331 -0.0375673845410347
-0.003995811101049185 0.24009135365486145 0.06907995790243149
-0.004872999619692564 0.2895102798938751 -0.043544381856918335
-0.06349501758813858 0.22425030171871185 -0.045849043875932693
-0.012416979297995567 0.27915599942207336 0.08809635788202286
-0.05262870341539383 0.09525971114635468 0.055409979075193405
-0.011750241741538048 0.4596008360385895 0.025222886353731155
-0.07005047053098679 0.030330952256917953 -0.1651095598936081
-0.03615059703588486 0.27620238065719604 -0.04926769435405731
-0.0063866195268929005 0.2596491277217865 0.07612777501344681
0.05896676331758499 0.37921959161758423 -0.15968011319637299
-0.05638015270233154 0.4867341220378876 -0.0971633642911911
-0.026065705344080925 0.13241958618164062 0.03202293813228607
-0.07466984540224075 -0.176176518201828 -0.21221987903118134
-0.03296296298503876 -0.01217639446258545 -0.034010838717222214
-0.02792399190366268 0.09922810643911362 0.08374614268541336
-0.05912947654724121 0.2519673705101013 -0.19070135056972504
-0.16109627485275269 -0.049956321716308594 -0.23377062380313873
-0.04914873093366623 -0.0020428241696208715 -0.041217170655727386
-0.053350433707237244 0.24645178020000458 -0.13831907510757446
-0.041235409677028656 0.30248475074768066 0.03574511781334877
-0.041358232498168945 -0.028686052188277245 0.09420064091682434
-0.009485071524977684 0.24855899810791016 0.048357393592596054
-0.03275720030069351 -0.00838376022875309 0.05907904729247093
-0.06430341303348541 -0.11511529982089996 -0.2343568652868271
-0.040833402425050735 0.1821925938129425 -0.0474582202732563
-0.0029605496674776077 0.28711727261543274 0.04407385364174843
-0.24079015851020813 -0.08634715527296066 -0.28858232498168945
-0.20458655059337616 -0.2241550236940384 -0.16956086456775665
-0.04237480089068413 0.3240230083465576 -0.06624075770378113
-0.0518561415374279 0.19128911197185516 -0.1288449615240097
-0.07360803335905075 0.06313350051641464 0.06672662496566772
-0.05760376527905464 0.11850513517856598 -0.023876260966062546
-0.017004748806357384 0.22964392602443695 0.14154189825057983
-0.02018297277390957 0.142507404088974 0.0448206290602684
-0.202712282538414 0.0377616360783577 0.23278066515922546
-0.0780889019370079 -0.24198763072490692 -0.04394550248980522
-0.038869619369506836 -0.028422297909855843 -0.06554492563009262
-0.020393146201968193 0.11167722940444946 0.11785957962274551
-0.00508615979924798 0.2670612037181854 0.06328652799129486
-0.07633323222398758 -0.39943742752075195 0.035708460956811905
-0.0025707976892590523 0.007745189126580954 -0.19085372984409332
0.001563960686326027 0.32366955280303955 -0.04195540025830269
0.01748470962047577 -0.39827120304107666 -0.23909862339496613
-0.028833556920289993 0.16893388330936432 0.1827041208744049
-0.033151526004076004 0.24558009207248688 -0.011569857597351074
0.0004294305108487606 0.347237229347229 0.028314512223005295
-0.10906089097261429 0.1256490796804428 0.0625690147280693
-0.01719566620886326 0.4828084409236908 0.05688018351793289
-0.02252216823399067 0.16784356534481049 -0.17369230091571808
-0.06132715940475464 -0.18417952954769135 0.00748327374458313
-0.04956049472093582 -0.10184767097234726 -0.18355391919612885
-0.02628275938332081 -0.02411792427301407 0.13584274053573608
-0.02015884965658188 0.2517591714859009 -0.007513332646340132
-0.05375271663069725 -0.04685750603675842 -0.021836690604686737
-0.03470129519701004 0.0033133409451693296 0.04915696382522583
0.0353328101336956 -0.09356086701154709 -0.282397985458374
-0.04417792335152626 0.04789931699633598 0.004028106573969126
-0.09547055512666702 -0.06079540401697159 -0.042607035487890244
-0.06446508318185806 0.004211895167827606 -0.12040560692548752
-0.054078470915555954 0.029236411675810814 -0.057800911366939545
-0.049268536269664764 0.05167534202337265 0.12261050939559937
-0.03222008794546127 0.12040994316339493 0.02445870079100132
-0.022610679268836975 0.16746000945568085 -0.03170059993863106
-0.060745563358068466 0.2765323519706726 -0.15602189302444458
0.08671314269304276 -0.20756125450134277 -0.13621091842651367
-0.040608394891023636 0.304436594247818 -0.14304722845554352
0.141715407371521 0.14568212628364563 -0.3383041024208069
-0.05728576332330704 0.09859725087881088 -0.09696784615516663
-0.03847292810678482 0.2642660439014435 -0.07085724920034409
-0.04082698002457619 -0.2244102954864502 -0.25205448269844055
-0.021058833226561546 0.26828262209892273 -0.0776016041636467
-0.010615022853016853 0.18006248772144318 -0.0675945058465004
-0.029871199280023575 0.10436797142028809 -0.20323890447616577
-0.013465888798236847 -0.09250608831644058 -0.046125706285238266
-0.0005710266996175051 0.21070416271686554 -0.01701049506664276
-0.025761140510439873 0.24862180650234222 -0.020717255771160126
-0.05976136773824692 0.13337448239326477 -0.005972476210445166
-0.014033196493983269 0.167489692568779 0.052930742502212524
-0.01900986209511757 0.22006317973136902 0.0561128593981266
0.013046400621533394 -0.03699628636240959 -0.16777975857257843
-0.06731688231229782 0.10774102061986923 -0.17059266567230225
-0.0652896910905838 0.11971881985664368 0.06426668167114258
-0.004343191161751747 0.2278103530406952 0.09197792410850525
0.1588744819164276 0.18809759616851807 -0.29383790493011475
-0.02352653071284294 0.1711178570985794 0.05016399174928665
-0.054806873202323914 0.010264549404382706 -0.030517885461449623
-0.02232031337916851 0.32763656973838806 0.011097598820924759
-0.22026893496513367 0.1451406031847 0.10454045236110687
-0.015434270724654198 0.2582677900791168 -0.07182854413986206
-0.03044140338897705 0.05294666811823845 -0.02976752258837223
-0.04330449178814888 -0.0913899838924408 0.01316395029425621
-0.04768720269203186 0.017445577308535576 -0.123891182243824
-0.015149541199207306 0.35389360785484314 -0.011666959151625633
-0.04601316154003143 0.22311660647392273 0.005617107264697552
-0.09082691371440887 0.041492246091365814 -0.032762814313173294
-0.016288693994283676 -0.32611382007598877 0.15155382454395294
-0.03445315361022949 0.047297537326812744 -0.013910932466387749
-0.04120302572846413 0.32115551829338074 -0.07385960966348648
-0.02896483801305294 0.07937806844711304 0.1044924333691597
-0.06435027718544006 -0.06294989585876465 0.0415930449962616
-0.024811306968331337 0.28411418199539185 0.012782573699951172
-0.034693643450737 0.05881698057055473 0.0006778805982321501
0.07598848640918732 -0.2231294959783554 -0.27388206124305725
-0.020000021904706955 0.3856465220451355 -0.03819781169295311
0.05536459758877754 -0.39031147956848145 -0.27453067898750305
-0.1222776249051094 -0.3718661367893219 -0.3644978404045105
0.079847052693367 -0.26139020919799805 -0.14425207674503326
-0.09174942225217819 0.08814436197280884 -0.05134857818484306
-0.05858228728175163 0.28153717517852783 -0.18366660177707672
-0.00014682637993246317 0.09959465265274048 0.0005088930483907461
-0.020560184493660927 0.19014185667037964 0.0242497306317091
-0.001207377528771758 0.2883101999759674 -0.1086733266711235
-0.003643346019089222 0.28195860981941223 0.009558407589793205
-0.036684706807136536 0.006566433701664209 -0.0018522597383707762
-0.040239784866571426 -0.1225915476679802 0.0027358438819646835
-0.08053035289049149 0.0777737945318222 -0.011431993916630745
-0.034061264246702194 0.32180890440940857 -0.037740182131528854
-0.04534180089831352 -0.01081516407430172 0.0988975539803505
-0.06085244566202164 -0.05711181089282036 -0.08498067408800125
-0.012194838374853134 0.16162526607513428 -0.05984923616051674
-0.06877581775188446 0.05630550906062126 -0.041738416999578476
-0.030527189373970032 0.13708212971687317 0.027913978323340416
0.030916910618543625 0.32091230154037476 -0.06970949470996857
-0.03166681155562401 0.09007249027490616 0.13226129114627838
-0.020902493968605995 0.010035058483481407 -0.154047891497612
-0.002656607422977686 0.1559096723794937 -0.041889213025569916
-0.10611646622419357 -0.11141280829906464 0.0840534046292305
0.021569203585386276 -0.01080372929573059 -0.1595829427242279
-0.0817214697599411 0.06632401794195175 0.0020968655589967966
-0.08169810473918915 -0.021525856107473373 -0.21412046253681183
-0.05989314243197441 0.13520848751068115 -0.003555912524461746
-0.08348983526229858 0.27968668937683105 -0.1978122889995575
-0.033042728900909424 0.17053551971912384 0.12343185395002365
-0.1099412590265274 0.18967491388320923 -0.02666369639337063
-0.023178771138191223 0.05778497830033302 -0.008250728249549866
-0.05714762955904007 0.26579633355140686 -0.12341619282960892
-0.017069686204195023 0.2772805988788605 -0.02738357149064541
-0.004122290760278702 0.3356783986091614 0.14495809376239777
-0.0035037240013480186 0.28938841819763184 0.07001914083957672
0.0025452999398112297 0.31475672125816345 -0.016049878671765327
-0.011572727933526039 0.27621278166770935 0.008781294338405132
-0.04579814150929451 -0.043483808636665344 0.07993456721305847
0.013991190120577812 0.3011690080165863 -0.08980625867843628
-0.04303314909338951 0.08406725525856018 -0.03529195487499237
-0.03454500809311867 0.014538781717419624 -0.0657215565443039
-0.0084253940731287 0.3662594258785248 -0.019166763871908188
-0.009879745543003082 0.301513135433197 0.0018014723900705576
-0.01634169928729534 0.4227388799190521 -0.04077303782105446
-0.027363477274775505 0.07114427536725998 0.049877870827913284
-0.07699230313301086 -0.06799978762865067 -0.09852882474660873
-0.0384637787938118 0.03188082575798035 0.04975564405322075
-0.02402857318520546 0.17643515765666962 0.0127335824072361
-0.043629299849271774 0.010417602956295013 0.10010384023189545
-0.04640081524848938 -0.08746764063835144 -0.06966431438922882
-0.028116561472415924 0.22046883404254913 -0.008095642551779747
-0.022343477234244347 0.24052013456821442 -0.0066954647190868855
-0.09082558751106262 0.14544518291950226 -0.06119963154196739
-0.025064587593078613 0.08549611270427704 0.07647383213043213
-0.03210283815860748 0.061878133565187454 0.013747302815318108
-0.025141019374132156 0.10869695991277695 0.17647865414619446
-0.026483679190278053 -0.15521277487277985 -0.08664380759000778
-0.0051239002496004105 0.246408149600029 0.05201410874724388
-0.07307755202054977 0.33408963680267334 -0.18222008645534515
-0.018599750474095345 0.16159486770629883 -0.04854469373822212
-0.07632599771022797 0.13352078199386597 -0.07094529271125793
-0.05603383854031563 0.04097897931933403 -0.10215570777654648
-0.029063770547509193 0.15118733048439026 -0.04459979757666588
-0.008989540860056877 -0.07761113345623016 -0.12123462557792664
-0.01668286882340908 0.3044411242008209 -0.08316904306411743
-0.038555681705474854 -0.04017490893602371 0.007675154134631157
-0.06095236912369728 0.20248617231845856 0.010883677750825882
-0.0472758449614048 0.26364293694496155 -0.2512253522872925
0.031179560348391533 -0.09471526741981506 -0.05564830079674721
-0.05003725364804268 0.06276287138462067 0.09640824049711227
-0.06811729073524475 -0.04984982684254646 0.08083725720643997
-0.0010892993304878473 0.26872390508651733 0.08739370107650757
0.0734994113445282 -0.25859904289245605 -0.3144943118095398
-0.013979796320199966 0.22616644203662872 0.04267087206244469
-0.031141649931669235 0.3379320800304413 -0.08554065227508545
-0.05839824303984642 0.27328240871429443 -0.07164192944765091
-0.06752866506576538 -0.1032441183924675 -0.039162419736385345
-0.043428678065538406 0.07624394446611404 0.018766263499855995
-0.07811844348907471 0.28765562176704407 -0.07049169391393661
-0.016505494713783264 0.15808463096618652 -0.07747557014226913
-0.0044685248285532 0.13505250215530396 -0.09427715837955475
-0.02198653668165207 0.19434747099876404 0.03484801948070526
-0.061207644641399384 0.09440352767705917 -0.019083421677350998
0.1110958531498909 -0.42884692549705505 -0.35778898000717163
-0.020323334261775017 0.22940516471862793 -0.005512144882231951
-0.05409422144293785 0.40918999910354614 -0.011555211618542671
-0.12069782614707947 -0.12289726734161377 0.0645066499710083
0.009542038664221764 0.05014478787779808 -0.02253059670329094
-0.036287955939769745 0.11938785761594772 -0.0007294223178178072
-0.0017838252242654562 0.252178817987442 0.02865852788090706
-0.013129075989127159 0.2059742957353592 0.04791238158941269
0.09423466771841049 0.30735403299331665 -0.0005173701792955399
-0.02042660489678383 0.14455415308475494 0.13079635798931122
-0.06150083243846893 0.271340012550354 -0.14037315547466278
-0.028242789208889008 0.24066020548343658 0.0024788056034594774
-0.10589472204446793 0.087150439620018 -0.12278289347887039
-0.0764685720205307 -0.16420422494411469 -0.21659332513809204
-0.08908648788928986 0.16989073157310486 -0.010300291702151299
-0.004884193651378155 -0.21151979267597198 -0.20204614102840424
0.4059935212135315 0.2730466425418854 -0.04034355655312538
-0.052363451570272446 0.1466614156961441 -0.06462491303682327
0.024072200059890747 -0.1778048872947693 -0.3733955919742584
0.005276415031403303 0.3165057897567749 0.06350960582494736
-0.039225202053785324 0.4040849506855011 -0.26195356249809265
-0.014683788642287254 0.23113299906253815 0.08759301900863647
0.01811319775879383 -0.03716793283820152 -0.06891858577728271
-0.013492031022906303 -0.4534812867641449 0.13732440769672394
-0.0386664979159832 -0.09944671392440796 -0.038614485412836075
-0.007794742006808519 -0.04898330941796303 0.12124091386795044
-0.06424124538898468 -0.020801715552806854 -0.14730685949325562
-0.02076510339975357 0.25123903155326843 0.02875443361699581
-0.08354972302913666 0.23526576161384583 -0.1401110589504242
-0.0066285873763263226 0.1872096210718155 -0.025872360914945602
-0.03643447905778885 0.12305282801389694 -0.01738063432276249
-0.0399043895304203 -0.0023178616538643837 -0.05170539766550064
-0.11896353960037231 0.15776413679122925 -0.09605531394481659
0.005947015713900328 0.42937958240509033 0.02869212068617344
-0.02848414145410061 -0.05617795139551163 0.008535392582416534
-0.021217752248048782 -0.004063806496560574 -0.2103976160287857
0.06975572556257248 0.3892199397087097 0.009035308845341206
0.02189561352133751 0.10143829882144928 -0.15599480271339417
-0.007313672918826342 0.2236213982105255 0.08744674921035767
-0.023686902597546577 -0.004439718089997768 -0.12466666847467422
-0.027922049164772034 0.08097543567419052 0.09221665561199188
-0.012072602286934853 0.20896579325199127 0.1264512687921524
-0.014077495783567429 -0.025845643132925034 -0.019615553319454193
-0.03717358037829399 0.01125197671353817 0.02644629031419754
-0.02980668470263481 0.2600848376750946 0.12183777987957001
-0.06993002444505692 0.32568812370300293 -0.04397347569465637
-0.050013452768325806 -0.03929523751139641 -0.15916503965854645
-0.04480782523751259 -0.12085279077291489 -0.26006653904914856
-0.05438285693526268 0.26614171266555786 -0.1052447110414505
-0.05214869976043701 0.15791089832782745 -0.012943379580974579
-0.0903475433588028 0.08404646813869476 -0.04449346289038658
-0.041864652186632156 0.21853213012218475 -0.028959106653928757
-0.056534383445978165 -0.15050065517425537 -0.18108469247817993
-0.004071700852364302 0.26787400245666504 0.014502078294754028
0.005336947273463011 -0.03442426025867462 -0.04778303578495979
-0.08086948096752167 0.07081625610589981 -0.02195967547595501
-0.030912790447473526 0.302123486995697 -0.06301487237215042
-0.007875461131334305 0.23231913149356842 0.05646193027496338
-0.03198816254734993 0.16500906646251678 -0.18712398409843445
-0.02652602829039097 0.021134739741683006 0.03829611837863922
0.0026926302816718817 0.210651233792305 0.01362631469964981
-0.018297063186764717 0.22067280113697052 -0.11597088724374771
-0.044519007205963135 -0.06527598947286606 -0.07880976051092148
-0.07219405472278595 0.16260933876037598 0.028916625306010246
-0.0010575188789516687 0.3398226797580719 0.06596539169549942
-0.00035832938738167286 -0.09454464912414551 -0.28102320432662964
-0.046180397272109985 0.21547435224056244 0.03713785856962204
0.01173342764377594 0.3118804097175598 -0.012793470174074173
-0.04236224666237831 0.02939428575336933 -0.06657762825489044
-0.03143371641635895 0.3466784954071045 -0.10359306633472443
-0.01578821800649166 0.20474901795387268 0.035291798412799835
-0.028083214536309242 0.2073156237602234 -0.14896270632743835
-0.017779918387532234 0.09890284389257431 0.1254522055387497
-0.03252416476607323 0.1303551346063614 -0.04655241593718529
-0.054455775767564774 -0.1551620066165924 -0.0877750962972641
-0.06704280525445938 0.27535685896873474 -0.093711256980896
-0.023347605019807816 0.30265626311302185 -0.046073660254478455
-0.09738373011350632 0.3081955909729004 0.0015649651177227497
-0.04429521784186363 0.037388335913419724 0.08064877241849899
0.06600823253393173 -0.18450705707073212 -0.20252594351768494
-0.049201130867004395 0.016703717410564423 0.020540611818432808
-0.03500724583864212 0.2514079809188843 0.05610799044370651
-0.01119408942759037 0.24811527132987976 0.01901170425117016
-0.04927501827478409 0.22715522348880768 0.0005577873671427369
-0.00928550586104393 0.27673959732055664 -0.009884677827358246
-0.017437301576137543 0.07168729603290558 0.07761115580797195
0.01346096396446228 -0.056469906121492386 -0.1990887075662613
-0.01741633005440235 0.04255128651857376 -0.3060070872306824
-0.002295529702678323 0.23465324938297272 0.0060904971323907375
-0.04828768968582153 0.27032849192619324 -0.03764256089925766
-0.024385955184698105 0.5920012593269348 0.1965954303741455
0.028752433136105537 0.16793768107891083 0.006277056876569986
-0.02059159055352211 0.19175849854946136 0.013477100059390068
-0.06015152484178543 0.10263843089342117 -0.004510731901973486
-0.010767409577965736 0.23267681896686554 -0.08621692657470703
-0.035425540059804916 0.23599198460578918 0.057139452546834946
-0.03301084414124489 0.14368921518325806 -0.0068240840919315815
-0.10805322229862213 0.09721557050943375 0.00018608151003718376
-0.03193321451544762 0.24699565768241882 0.015285193920135498
-0.056067194789648056 0.2931404411792755 -0.1520802229642868
-0.03528745099902153 0.41933169960975647 0.008944731205701828
-0.011058954522013664 0.30265533924102783 0.18245048820972443
0.012714441865682602 -0.009298227727413177 -0.03889767453074455
-0.150532066822052 0.005930027458816767 -0.0622231625020504
-0.022660361602902412 0.014718150720000267 -0.061721134930849075
-0.057534728199243546 0.028369521722197533 0.036116451025009155
-0.04216901212930679 0.08667860925197601 -0.02700100466609001
-0.05427732691168785 -0.07222291082143784 0.03821386396884918
-0.07951174676418304 0.12951909005641937 0.007048811763525009
-0.051869068294763565 0.18963906168937683 -0.0863557755947113
-0.06035659462213516 0.10949555039405823 0.04475703090429306
-0.05028427392244339 0.3618179261684418 -0.07840574532747269
-0.06435677409172058 0.1001051664352417 -0.03463636338710785
-0.054976943880319595 -0.054984256625175476 -0.15246599912643433
-0.018285155296325684 0.40582722425460815 0.18958261609077454
-0.020066970959305763 0.23752620816230774 -0.05936041474342346
-0.007897017523646355 0.28318890929222107 -0.007225129287689924
-0.009950753301382065 0.05303994566202164 -0.11484239995479584
0.02095077373087406 -0.14042873680591583 -0.0527685172855854
-0.045714765787124634 0.15403902530670166 -0.03287062421441078
-0.013922739773988724 0.3404204547405243 -0.01439674198627472
-0.020385751500725746 0.13380320370197296 0.09858720004558563
0.005255049094557762 0.45553815364837646 0.17131605744361877
-0.0645841583609581 0.042066190391778946 0.08732519298791885
-0.1989193856716156 0.009410861879587173 -0.15780813992023468
-0.023319276049733162 0.0362948440015316 -0.04676562547683716
-0.03406568989157677 0.08927584439516068 -0.0025034970603883266
-0.05451488867402077 0.2682889699935913 -0.03299666568636894
-0.020132385194301605 0.25297635793685913 0.0005282097263261676
-0.027583211660385132 0.10603753477334976 -0.12980473041534424
0.004383985884487629 0.31718799471855164 0.011759037151932716
-0.0268497783690691 0.023593783378601074 0.09532724320888519
-0.12741290032863617 -0.12405668944120407 -0.19449786841869354
-0.005105390679091215 0.40190842747688293 0.0072240401059389114
-0.04311082139611244 0.03496716916561127 0.026578161865472794
-0.003777645993977785 0.23749537765979767 0.10855259001255035
0.0035446432884782553 0.33296576142311096 -0.04344768449664116
-0.003472674172371626 0.35220980644226074 -0.019524870440363884
-0.1295708864927292 -0.08654806017875671 -0.035839397460222244
-0.0168948695063591 0.49427857995033264 0.026005424559116364
-0.038610536605119705 0.15414872765541077 -0.005648109130561352
-0.014556856825947762 0.2710919976234436 -0.018555810675024986
0.0023302261251956224 0.43311113119125366 0.04385601356625557
-0.012240279465913773 -0.08242924511432648 -0.07721946388483047
-0.01773933321237564 0.1901055872440338 0.035608090460300446
-0.014368992298841476 0.3380771279335022 -0.038686759769916534
-0.025691140443086624 -0.18183259665966034 0.15443377196788788
-0.006842343602329493 -0.02053758129477501 0.02370186150074005
-0.03710198402404785 0.04384712874889374 0.03686774522066116
-0.09038524329662323 -0.08160435408353806 0.02717595547437668
-0.04603580757975578 -0.06668175011873245 -0.2795887887477875
0.07896336168050766 0.24173328280448914 -0.2989746928215027
-0.021174881607294083 0.039990298449993134 -0.025046860799193382
-0.03981509804725647 -0.002249751705676317 -0.13064762949943542
-0.07996401190757751 0.058600448071956635 0.057853054255247116
-0.033377356827259064 0.10615527629852295 -0.023913856595754623
-0.051482219249010086 0.16854362189769745 -0.013526596128940582
-0.027398819103837013 0.16624614596366882 0.02497635968029499
0.01665300875902176 -0.2736594080924988 -0.229814350605011
-0.01701628789305687 0.3135187327861786 -0.052811071276664734
-0.030508223921060562 0.26458024978637695 0.04314422234892845
-0.054600492119789124 0.2137162685394287 0.030649203807115555
-0.03521573171019554 0.23088869452476501 -0.06602468341588974
-0.04190429672598839 -0.049791015684604645 -0.17435342073440552
0.03798295184969902 0.18955250084400177 -0.030555298551917076
0.10336660593748093 0.21009428799152374 -0.07716542482376099
-0.0053849779069423676 0.23406963050365448 -0.04134337976574898
-0.12074427306652069 0.22497336566448212 -0.02037416771054268
-0.01689857989549637 0.4221750497817993 -0.0834140032529831
-0.08839868009090424 0.26972445845603943 -0.29183921217918396
-0.01240743137896061 0.27086660265922546 -0.020429642871022224
-0.06793588399887085 0.24483805894851685 -0.017181986942887306
-0.031282857060432434 0.3649059534072876 0.1462564468383789
-0.04801735654473305 0.05163862556219101 -0.008378822356462479
-0.05691114813089371 -0.12634123861789703 -0.04203539714217186
-0.136485293507576 -0.07802820205688477 -0.081238754093647
-0.04557640105485916 0.1636452078819275 0.006704176310449839
-0.022951215505599976 0.40175190567970276 0.058934878557920456
-0.04044706001877785 0.09372352063655853 -0.027074363082647324
-0.06942259520292282 0.21989978849887848 0.012954335659742355
-0.0014913841150701046 0.09459992498159409 -0.0538434162735939
-0.01933920383453369 0.19725055992603302 0.08778198063373566
-0.14074073731899261 -0.12540407478809357 -0.3225061893463135
-0.02480980195105076 0.16400669515132904 0.02649790048599243
-0.019057443365454674 0.34129032492637634 -0.1452784538269043
-0.05515234172344208 0.034571196883916855 0.047768641263246536
-0.01634925790131092 0.04875398054718971 -0.038017794489860535
-0.032539770007133484 0.2803991734981537 -0.04029106721282005
-0.08623405545949936 0.07662498950958252 -0.10854976624250412
0.008025642484426498 0.40560245513916016 -0.026826467365026474
-0.026159269735217094 0.5797668695449829 0.2537804841995239
0.03562045842409134 0.41027477383613586 -0.005574905779212713
-0.0005270021501928568 0.3005758225917816 0.026928521692752838
-0.01567997969686985 0.4068509340286255 0.023660851642489433
-0.005597597453743219 0.16735684871673584 0.0121093038469553
0.0057813264429569244 0.33033597469329834 -0.07653837651014328
-0.023127147927880287 0.21516025066375732 0.018703237175941467
-0.028965603560209274 0.30314111709594727 -0.06444533914327621
-0.0013052842114120722 0.3882239758968353 0.05997393652796745
-0.04225309193134308 0.05907740071415901 -0.021435417234897614
-0.023670295253396034 0.24860672652721405 -0.03471994400024414
-0.0005018075462430716 0.26326414942741394 -0.14626535773277283
-0.04796372726559639 0.06258737295866013 -0.012756530195474625
-0.06358181685209274 0.09530019015073776 0.017016738653182983
-0.02537635900080204 0.04427085071802139 0.0408015213906765
-0.008685633540153503 0.41081175208091736 0.19672884047031403
-0.028317831456661224 -0.014510652050375938 -0.10255978256464005
-0.03784536197781563 0.04742077365517616 -0.007149676326662302
-0.031141221523284912 0.27643725275993347 -0.05036838352680206
-0.022019704803824425 -0.17512692511081696 0.05909118428826332
-0.01457454264163971 0.32998472452163696 0.06577826291322708
-0.00656305393204093 -0.6366796493530273 0.006149984430521727
0.004872868303209543 0.28761470317840576 -0.08749405294656754
-0.013695396482944489 -0.2985440492630005 -0.12331674247980118
-0.07096781581640244 0.4200752377510071 0.04473571106791496
0.01053115725517273 -0.031245457008481026 -0.14175066351890564
0.013862481340765953 0.025217806920409203 -0.09570767730474472
-0.012600669637322426 0.27674436569213867 -0.01573219895362854
-0.019116248935461044 0.11959920823574066 0.015669558197259903
-0.07699739933013916 -0.06616222858428955 -0.1144668310880661
-0.016104822978377342 0.2400660663843155 -0.09641062468290329
-0.07252282649278641 0.0337529294192791 -0.13799595832824707
-0.04499618336558342 -0.28522932529449463 0.13899828493595123
-0.027975313365459442 0.035193175077438354 0.03300706669688225
-0.0034236041828989983 0.2949666380882263 0.034821148961782455
-0.0027733114548027515 0.4368102252483368 0.1402321606874466
-0.02223910577595234 0.24446187913417816 -0.037839069962501526
-0.06537367403507233 0.10229281336069107 -0.09185874462127686
-0.0405128188431263 0.05693788826465607 -0.012504693120718002
-0.052237268537282944 0.13329938054084778 0.07322447746992111
-0.04473264887928963 0.24058660864830017 0.03125166520476341
-0.08457422256469727 0.0058964928612113 0.06266394257545471
-0.062153927981853485 0.2055286318063736 -0.024532875046133995
-0.01969102956354618 0.26544472575187683 -0.013888075947761536
0.0042550573125481606 0.30795615911483765 0.09058502316474915
-0.0076076737605035305 0.5156733989715576 0.18786390125751495
-0.03199559450149536 -0.2704311013221741 0.15357844531536102
-0.017003772780299187 0.22851605713367462 0.002492882777005434
-0.10391926765441895 -0.0770057663321495 -0.10618704557418823
-0.006299035158008337 0.1951810121536255 -0.06007712706923485
0.019645409658551216 0.41804009675979614 -0.016279565170407295
-0.08130019158124924 -0.15192149579524994 -0.10849916934967041
-0.026301085948944092 0.14551131427288055 0.01700226590037346
0.046824146062135696 -0.17721231281757355 -0.24904495477676392
-0.00987260416150093 0.20874330401420593 0.07593293488025665
-0.08531767874956131 0.049527060240507126 -0.12608303129673004
-0.016740409657359123 0.24949929118156433 -0.03655683994293213
0.017123498022556305 0.07580647617578506 -0.2435193806886673
-0.04298613592982292 -0.18360568583011627 0.08542897552251816
-0.007138361688703299 0.27656012773513794 0.16382049024105072
0.01901630312204361 -0.013809049502015114 -0.1511521190404892
-0.048695702105760574 0.23269766569137573 0.1041969433426857
-0.006719681899994612 0.2878536880016327 -0.05570383369922638
-0.014427054673433304 0.19999419152736664 0.057839374989271164
-0.12066910415887833 0.061425454914569855 0.11609209328889847
-0.05041109770536423 0.3171910047531128 -0.06397303938865662
-0.04049724340438843 0.3216835558414459 -0.10776377469301224
-0.05089002475142479 0.21975131332874298 -0.02658703550696373
-0.003649923950433731 0.2812776565551758 -0.038616862148046494
-0.023420875892043114 -0.1297977864742279 0.09676230698823929
0.031347937881946564 -0.06824900954961777 -0.14992859959602356
0.021509619429707527 0.12646496295928955 0.05255228653550148
-0.04099564626812935 -0.12830407917499542 0.007331112865358591
-0.022682523354887962 0.0929432064294815 0.09135506302118301
0.02880030684173107 -0.3739839792251587 -0.4764523506164551
-0.014748485758900642 0.1787441223859787 0.0011394531466066837
-0.025425687432289124 -0.21205078065395355 0.09287038445472717
-0.03702251985669136 0.13681930303573608 -0.05576460435986519
0.004255102016031742 0.3297007977962494 0.0425691232085228
0.015607818961143494 0.29390406608581543 -0.03606906160712242
-0.06953660398721695 0.06955922394990921 0.008627800270915031
-0.0390496551990509 0.04505160450935364 -0.030501728877425194
0.0019211474573239684 0.23430974781513214 0.16808386147022247
-0.04064800217747688 0.19471551477909088 -0.030359705910086632
-0.0001751825911924243 0.34917449951171875 0.044264230877161026
0.011946439743041992 0.34521546959877014 -0.03510115668177605
-0.02626768685877323 0.3218894600868225 -0.17145375907421112
-0.05044395849108696 0.26798275113105774 -0.005663876887410879
-0.08394138514995575 0.21853964030742645 0.10142894834280014
-0.1132250502705574 -0.11185077577829361 -0.0008701588958501816
-0.004024552647024393 0.29138103127479553 0.04620799422264099
0.018580365926027298 -0.04304993152618408 -0.05078360438346863
-0.012733463197946548 0.1388755887746811 -0.07807882875204086
-0.07400550693273544 -0.01227068156003952 -0.05044173449277878
-0.07841026037931442 0.029835712164640427 -0.052959613502025604
0.05229863524436951 -0.2950085997581482 -0.30511510372161865
-0.023860368877649307 0.056305136531591415 0.0014879903756082058
-0.009982172399759293 0.21867668628692627 -0.06941947340965271
-0.10761737823486328 -0.16355909407138824 0.09028876572847366
-0.004243405070155859 0.2722984254360199 0.043986544013023376
-0.01728147082030773 0.07907223701477051 -0.07603912800550461
0.017463766038417816 0.1620297133922577 -0.014995308592915535
-0.07088533043861389 0.3304685056209564 -0.023592829704284668
-0.07331587374210358 0.2331952303647995 -0.13345938920974731
-0.058608949184417725 0.11228623241186142 -0.01881619542837143
-0.033349066972732544 0.22606121003627777 0.04892125725746155
-0.0960153117775917 0.27191296219825745 -0.03989899531006813
-0.08267322182655334 -0.04583774134516716 -0.25270137190818787
-0.005365979392081499 0.16359226405620575 0.0567827969789505
-0.006032147444784641 0.3621842563152313 -0.05125921592116356
-0.036626651883125305 0.1552824229001999 0.007105149794369936
-0.11454486846923828 0.026020999997854233 -0.3369112014770508
-0.0356876365840435 -0.009002987295389175 -0.1684609204530716
-0.062147125601768494 0.025039050728082657 0.0034996564500033855
0.006467694882303476 0.3865479528903961 0.08685790747404099
-0.011982524767518044 0.36219626665115356 -0.014320414513349533
-0.001971352379769087 0.3954344689846039 0.007831965573132038
-0.05904584378004074 0.23879559338092804 0.06325316429138184
-0.024993689730763435 0.3517763614654541 -0.04297560080885887
-0.06795019656419754 -0.03797528147697449 0.022674977779388428
-0.037391822785139084 0.17659315466880798 -0.022050680592656136
-0.05631854012608528 0.009723318740725517 -0.09925023466348648
-0.13459530472755432 -0.39601659774780273 -0.33018815517425537
-0.12756438553333282 -0.1083543673157692 0.017984619364142418
-0.04069869965314865 -0.03440320864319801 0.14926663041114807
-0.01897239126265049 0.20735575258731842 -0.16971126198768616
-0.03796411678195 0.09783492237329483 0.007043704856187105
-0.023904824629426003 0.010857922956347466 0.07356651872396469
-0.02531209960579872 0.1215936467051506 0.039826400578022
-0.017823349684476852 0.2362496554851532 0.019373109564185143
-0.0352512001991272 0.10057859122753143 -0.0018782077822834253
-0.029667118564248085 0.3307371735572815 -0.05271509662270546
-0.002118907170370221 0.12959472835063934 -0.04588216170668602
-0.0004544854164123535 0.1276054084300995 -0.024975772947072983
-0.023879462853074074 0.10586338490247726 0.12709803879261017
-0.0675002709031105 0.294725626707077 -0.17900557816028595
-0.018600234761834145 0.19832371175289154 -0.01821875013411045
-0.033181339502334595 0.10913248360157013 -0.03216896206140518
-0.02794848382472992 0.0038679458666592836 0.04811237007379532
0.00031540682539343834 0.2852664887905121 0.010031137615442276
-0.01819108985364437 -0.1501815766096115 0.12249363958835602
0.14964449405670166 -0.8751683235168457 -0.5669811367988586
-0.006670675706118345 0.26358991861343384 -0.04719795659184456
-0.05738624930381775 -0.06630528718233109 0.11925417184829712
-0.004859865643084049 -0.007504479493945837 -0.04257868975400925
-0.16779731214046478 -0.10380430519580841 -0.037416890263557434
-0.214344322681427 -0.020658815279603004 -0.0027245893143117428
-0.04840681329369545 0.23392096161842346 -0.05913437902927399
-0.06928253173828125 0.20372633635997772 -0.1280832290649414
-0.03288375586271286 -0.015497209504246712 -0.02461855486035347
0.022817427292466164 0.21387635171413422 -0.0963573008775711
-0.04146307334303856 0.20223887264728546 -0.02193107269704342
-0.0012563993223011494 -0.0016807829961180687 -0.0798884853720665
0.14826728403568268 -0.47673770785331726 -0.3998290002346039
-0.151640385389328 -0.014256838709115982 -0.047474347054958344
-0.00669482396915555 0.28962498903274536 -0.004472206812351942
0.07304268330335617 -0.2560192048549652 -0.30706003308296204
0.003503165440633893 0.2283194661140442 -0.08961275964975357
0.012429347261786461 -0.2046797126531601 -0.32004499435424805
-0.040405962616205215 0.28399404883384705 -0.04607004299759865
-0.09219814836978912 -0.4811694622039795 -0.3707062005996704
-0.048265207558870316 0.2496500313282013 -0.0003715625498443842
-0.03543058782815933 0.2286304384469986 -0.027543438598513603
-0.043996743857860565 0.2368476837873459 -0.16236522793769836
-0.0050565702840685844 0.21097242832183838 0.09174099564552307
-0.024037929251790047 0.08702199161052704 0.014936426654458046
-0.02472984418272972 0.35251882672309875 -0.06466853618621826
-0.09669134765863419 0.12381308525800705 -0.009665578603744507
0.02736516296863556 0.2174108475446701 -0.06788239628076553
-0.03150324895977974 0.2898533344268799 -0.04384361580014229
0.0030148730147629976 0.33996453881263733 0.0622725635766983
-0.006168047897517681 0.483161985874176 0.24319875240325928
-0.029654668644070625 0.29163533449172974 -0.05726686865091324
-0.03208378702402115 0.27236539125442505 -0.034437134861946106
-0.043585192412137985 0.033691443502902985 0.03217936307191849
-0.022180547937750816 0.2742812931537628 -0.0479298010468483
-0.0507872998714447 0.30983325839042664 -0.1880507916212082
-0.02427827939391136 0.11980479955673218 0.1449684500694275
-0.013896673917770386 0.09306196123361588 0.03444478288292885
-0.0334041602909565 0.2498619109392166 -0.06447698920965195
0.14667993783950806 -0.6102966070175171 -0.12588092684745789
-0.1465018093585968 0.023600902408361435 0.027085108682513237
0.015419304370880127 0.0030232276767492294 -0.1481078863143921
-0.04134739190340042 0.028080135583877563 -0.027355875819921494
0.003943714778870344 0.29157525300979614 0.07159950584173203
-0.058480195701122284 -0.0708574503660202 0.17068122327327728
-0.03306199237704277 0.19461315870285034 -0.022847721353173256
-0.022194966673851013 0.2572510242462158 -0.04800138622522354
-0.030728578567504883 0.15913744270801544 -0.0031755142845213413
-0.015885747969150543 0.49300238490104675 0.037034064531326294
-0.026035364717245102 0.13295863568782806 0.03272213414311409
-0.03269355371594429 0.12115291506052017 0.009976644068956375
0.003105076728388667 0.3792963922023773 0.08155889809131622
-0.027568398043513298 0.5193125605583191 0.002374657429754734
-0.07473047822713852 0.11493856459856033 0.01041300781071186
-0.044896356761455536 -0.006031112279742956 0.04994889348745346
0.016077915206551552 -0.2231481522321701 -0.10736262798309326
0.0045049963518977165 0.2548174262046814 -0.08352285623550415
-0.011117437854409218 0.4537498652935028 0.09886995702981949
0.0041193608194589615 0.32257476449012756 -0.008024685084819794
-0.04407215863466263 -0.012456534430384636 -0.05037157982587814
-0.07209664583206177 0.18940749764442444 -0.06777486950159073
-0.030697423964738846 0.04163925349712372 0.06539466977119446
-0.08243705332279205 -0.12058880925178528 -0.030578838661313057
0.0010266380850225687 0.2774682939052582 0.07455357909202576
-0.030304495245218277 0.31463193893432617 -0.05643007531762123
-0.03225405886769295 0.12214591354131699 -0.0007051469292491674
-0.02709103375673294 0.009854219853878021 0.1107802540063858
-0.04437709599733353 0.169881671667099 -0.05767830088734627
-0.047410447150468826 0.10587513446807861 -0.011736299842596054
-0.03603113815188408 0.2699492573738098 -0.007067794445902109
-0.002783730160444975 -0.22214391827583313 -0.3232336640357971
-0.020791709423065186 0.2698797285556793 -0.03531898558139801
0.003994150087237358 0.2981243133544922 0.07539758831262589
-0.10710784047842026 -0.24599051475524902 -0.34271422028541565
-0.03341546654701233 0.34119585156440735 -0.20871849358081818
-0.04232538118958473 0.2770322859287262 -0.1297253668308258
-0.04775729775428772 0.05699675530195236 -0.03557417541742325
-0.009247500449419022 0.41087090969085693 0.0006998416502028704
-0.07040510326623917 0.3804519474506378 -0.29813525080680847
0.04344267398118973 -0.2703806161880493 -0.3154038190841675
-0.050709232687950134 0.3614881634712219 -0.2316393405199051
-0.0690375491976738 0.022470105439424515 0.044247210025787354
-0.013266567140817642 0.03433797508478165 0.01976005733013153
-0.04286057502031326 0.20789362490177155 -0.03659364581108093
-0.050952281802892685 0.11505034565925598 -0.03331000730395317
-0.016611561179161072 0.12192504853010178 0.08222688734531403
-0.05941983684897423 0.30824610590934753 -0.057890478521585464
-0.031871967017650604 0.23776066303253174 -0.040687382221221924
-0.1939593255519867 0.3672375977039337 -0.06764820218086243
-0.15927797555923462 0.08841501921415329 0.014724567532539368
-0.08952171355485916 0.29782816767692566 0.11622833460569382
-0.02871982380747795 -0.027804702520370483 0.07125847786664963
-0.004805224947631359 0.3669516444206238 -0.013378500938415527
-0.040607206523418427 0.3768279552459717 -0.07804809510707855
-0.013635167852044106 0.4223302900791168 -0.06671210378408432
-0.013479247689247131 0.17541642487049103 0.15152789652347565
-0.05726492032408714 0.07440822571516037 0.0696578398346901
-0.07435627281665802 0.05561782047152519 -0.13079644739627838
-0.08839844912290573 0.06316531449556351 -0.10975494980812073
0.14834189414978027 -0.3834484815597534 -0.17122820019721985
-0.03440750762820244 -0.054827239364385605 -0.04964127019047737
-0.024519657716155052 0.1476241946220398 0.04101654142141342
-0.03131772205233574 0.2718045115470886 0.018104752525687218
-0.0025545163080096245 -0.12074010074138641 -0.12431365996599197
-0.020471826195716858 0.208336740732193 0.09981019049882889
-0.03178146481513977 -0.07021766155958176 0.14455880224704742
-0.049270112067461014 0.20298981666564941 -0.034818921238183975
-0.03545011207461357 0.29545190930366516 -0.012484179809689522
-0.034377776086330414 0.28861528635025024 -0.06993933022022247
-0.012356994673609734 -0.046045396476984024 -0.2014867067337036
0.06601590663194656 -0.3167901337146759 -0.33711472153663635
-0.03970389813184738 -0.1588733196258545 -0.1389993131160736
-0.04746002331376076 -0.10258764028549194 -0.15407082438468933
-0.048606909811496735 -0.015717187896370888 0.047585245221853256
-0.029309147968888283 0.3586021661758423 -0.1060972735285759
-0.020131301134824753 -0.033644646406173706 0.07508869469165802
-0.08596724271774292 -0.8401299118995667 -0.33450543880462646
-0.0069306944496929646 0.2409922033548355 -0.036990754306316376
0.008282924070954323 0.2867286503314972 0.14293257892131805
-0.04018344730138779 0.011273683980107307 -0.08695047348737717
-0.07871519774198532 0.1909124106168747 -0.006959777791053057
0.09197551012039185 -0.23202085494995117 -0.33870479464530945
-0.01694638468325138 0.3301832377910614 0.08576592803001404
-0.021561037749052048 0.15573255717754364 -0.05007988214492798
-0.04609144106507301 -0.053617581725120544 0.18347807228565216
-0.07344052195549011 -0.1418776512145996 -0.11264834553003311
-0.07597704231739044 0.1019049882888794 0.1072564348578453
-0.036632753908634186 0.12792561948299408 -0.007930506020784378
-0.031023699790239334 0.08427364379167557 -0.10970603674650192
-0.01400749757885933 0.2531651556491852 -0.05264575034379959
-0.029364321380853653 0.1445527821779251 -0.17057643830776215
-0.02122405730187893 -0.07702089101076126 0.17014840245246887
0.039692141115665436 -0.18710924685001373 -0.1546906679868698
-0.020640792325139046 0.18854042887687683 0.00987362302839756
0.05161977559328079 -0.25900766253471375 0.04169297218322754
-0.00721152825281024 0.33662721514701843 -0.0830109715461731
-0.02108248881995678 0.2527278661727905 -0.03224125877022743
-0.008340232074260712 0.3273359537124634 -0.06541580706834793
-0.0032200803980231285 -0.10521196573972702 -0.17235302925109863
-0.009348902851343155 -0.1510607749223709 -0.0529322512447834
0.003048491198569536 -0.07162287831306458 -0.03826145455241203
-0.02907075732946396 0.26897767186164856 0.022446608170866966
-0.02058524079620838 0.08576155453920364 -0.03698127344250679
-0.012728728353977203 0.19770443439483643 0.06167726218700409
0.002703470643609762 0.02861589379608631 -0.004746419843286276
-0.02396176941692829 0.31018489599227905 -0.011776093393564224
0.05212731286883354 0.04236990958452225 -0.053376100957393646
-0.031517744064331055 0.08573950827121735 0.0689585879445076
-0.07000192999839783 0.3112352192401886 -0.2525942325592041
-0.06931064277887344 0.07820938527584076 -0.051155515015125275
-0.024220619350671768 0.22512835264205933 -0.01122148334980011
-0.15387050807476044 -0.1427464336156845 -0.21917492151260376
-0.06361829489469528 -0.12307007610797882 -0.22038522362709045
-0.09570164978504181 0.12759481370449066 -0.06204601749777794
-0.015171455219388008 -0.05291987210512161 0.0005212394753471017
-0.054021451622247696 0.3137170374393463 -0.029990816488862038
-0.010904600843787193 0.08280133455991745 -0.07164358347654343
-0.007943633943796158 0.2215518057346344 0.06676162034273148
-0.010727528482675552 0.26999223232269287 0.014476452022790909
-0.0031699934042990208 0.32451704144477844 -0.028332335874438286
-0.3058529794216156 0.0942888855934143 -0.02931070327758789
-0.008598774671554565 0.21980257332324982 0.02653048187494278
-0.06081487238407135 0.1818939745426178 0.08110680431127548
-0.03132718428969383 0.14642353355884552 0.009685911238193512
0.026078637689352036 0.24506951868534088 -0.005410980433225632
-0.032589301466941833 0.1588095724582672 0.009221736341714859
0.00398226547986269 0.09487654268741608 -0.03308373689651489
0.006814919412136078 0.16172870993614197 0.1072969064116478
-0.20066262781620026 0.09905868768692017 -0.16259434819221497
0.021001175045967102 0.46743348240852356 -0.13703911006450653
0.0018151195254176855 -0.04364373907446861 -0.15515300631523132
-0.025725729763507843 0.3311350643634796 0.0054222773760557175
0.053014788776636124 -0.18642519414424896 -0.24784596264362335
-0.01942630298435688 0.5482047200202942 0.05161385238170624
-0.04037736728787422 -0.2951558828353882 -0.3845837116241455
-0.08336160331964493 0.26646319031715393 -0.11080542951822281
-0.05257454514503479 -0.2010728269815445 -0.07217946648597717
-0.034232594072818756 0.04128272458910942 -0.022054294124245644
-0.03189459070563316 -0.04782785475254059 -0.08693833649158478
-0.011326508596539497 0.3780055344104767 -0.03790965676307678
0.0006109625101089478 0.3058840036392212 -0.10450615733861923
-0.02647591382265091 0.36742427945137024 -0.05433076620101929
-0.039787713438272476 0.09981855005025864 -0.014739593490958214
-0.043250471353530884 0.1550472378730774 -0.019742343574762344
-0.05433102324604988 0.33761119842529297 -0.1293511986732483
-0.037011463195085526 0.05700475350022316 0.13047558069229126
-0.05683871731162071 0.26266902685165405 -0.11166949570178986
-0.07425075024366379 0.056736722588539124 -0.04771595448255539
-0.06444574147462845 -0.28111258149147034 -0.33086341619491577
-0.07964016497135162 0.159233957529068 -0.02081531286239624
-0.06761535257101059 -0.003538636490702629 0.03720315545797348
0.016591448336839676 0.21541333198547363 -0.12523818016052246
-0.012959282845258713 0.19727006554603577 0.07678773254156113
0.0146015714854002 0.23397672176361084 0.06876272708177567
-0.0111505426466465 -0.16102398931980133 0.06044074520468712
-0.02858383022248745 0.14571556448936462 0.03671512007713318
0.06354405730962753 -0.0978112444281578 -0.26268482208251953
-0.05968846380710602 0.014773795381188393 -0.05333363637328148
-0.039477717131376266 -0.04098651558160782 0.006015454884618521
-0.10195342451334 -0.03772096335887909 -0.02420160174369812
-0.009360222145915031 0.05353962630033493 -0.06310957670211792
-0.013308078050613403 0.20826022326946259 0.05767764151096344
0.0025577135384082794 0.418899267911911 0.0005733484867960215
0.00041520653758198023 0.2988150715827942 0.021594040095806122
0.05850857123732567 -0.14039304852485657 -0.04942456632852554
-0.043636638671159744 0.1472841501235962 0.010627886280417442
-0.08400196582078934 0.18485499918460846 0.0839638039469719
0.16328395903110504 -0.06641577929258347 -0.4919481575489044
-0.06596583873033524 0.08970774710178375 -0.10211734473705292
-0.04845777153968811 0.03542008623480797 0.06820092350244522
-0.15056933462619781 -0.09012045711278915 -0.15103526413440704
-0.003523233812302351 0.3594624698162079 0.04570920392870903
-0.07233837246894836 -0.03131755068898201 -0.013120850548148155
0.03548971936106682 -0.03812908008694649 -0.16507099568843842
-0.02989273890852928 0.255159467458725 -0.06798294931650162
-0.1359943151473999 -0.006972143892198801 -0.030561259016394615
-0.06252507865428925 0.0921083614230156 -0.13698366284370422
-0.011310981586575508 0.40859436988830566 0.058857351541519165
0.0046972427517175674 0.3823580741882324 0.10452961921691895
-0.06735140085220337 0.14902859926223755 -0.13458861410617828
-0.02789403311908245 0.012575434520840645 0.03090961091220379
-0.00121647072955966 0.33803921937942505 0.022454138845205307
0.004232387524098158 0.038277484476566315 -0.061609987169504166
-0.055436134338378906 0.2134883552789688 -0.018210813403129578
-0.0454636812210083 0.5255783796310425 0.028729304671287537
-0.003013618290424347 -0.044483732432127 -0.005167386028915644
-0.030108198523521423 0.03875415399670601 -0.025850724428892136
-0.021016042679548264 0.24406352639198303 -0.04541017487645149
-0.07012200355529785 0.31065797805786133 -0.04525406286120415
-0.017178146168589592 0.23472274839878082 -0.04909374937415123
-0.012635426595807076 0.2889378070831299 0.013644693419337273
-0.03827616944909096 -0.09413008391857147 -0.1083269864320755
0.06307558715343475 -0.5406542420387268 -0.25489991903305054
-0.0898820012807846 0.02969309873878956 -0.03980259597301483
-0.14327692985534668 -0.08589713275432587 -0.1896432340145111
0.009990746155381203 0.28007787466049194 -0.09196922183036804
-0.06365146487951279 0.1053006574511528 -0.053114235401153564
-0.03054126724600792 0.18765313923358917 -0.021578839048743248
-0.03434328734874725 0.11044391244649887 0.03815483674407005
-0.02656402438879013 0.19006560742855072 0.01847871206700802
0.015160594135522842 -0.04639504849910736 -0.23697039484977722
-0.1275065392255783 -0.029559263959527016 -0.12874023616313934
-0.021916929632425308 0.06945206969976425 0.16922511160373688
-0.013229560106992722 0.1823257952928543 0.17311280965805054
-0.023135684430599213 0.2220909297466278 0.0867624282836914
-0.01482355035841465 0.2591536343097687 -0.03298293426632881
-0.021906962618231773 0.015187950804829597 0.018313424661755562
-0.1603078842163086 -0.3209259510040283 -0.3746756613254547
-0.03917224705219269 0.033761605620384216 -0.017983220517635345
-0.022946076467633247 0.3227662742137909 -0.09928403794765472
-0.02568223513662815 0.14209558069705963 0.03807606175541878
-0.0433051623404026 0.016171643510460854 0.1412583589553833
-0.03874785080552101 0.03123519942164421 0.005201917141675949
-0.05610561743378639 0.4244368076324463 -0.002685336396098137
0.0038854677695780993 0.21439506113529205 -0.008055927231907845
-0.05054893344640732 0.010961821302771568 -0.04053540900349617
-0.04742233827710152 0.07428805530071259 -0.05350793898105621
-0.02745029516518116 0.08724161237478256 0.13838155567646027
-0.1478046476840973 -0.19160090386867523 0.07090919464826584
-0.04685948044061661 0.23614735901355743 -0.11281085759401321
-0.04713825881481171 -0.040097568184137344 -0.09905188530683517
-0.037966612726449966 0.07939546555280685 -0.006901975255459547
-0.0455961674451828 0.2737813889980316 -0.11224238574504852
-0.02687818557024002 0.07863488793373108 0.1261754184961319
-0.016938449814915657 0.25788822770118713 -0.031401775777339935
-0.020359128713607788 0.19418369233608246 0.0128395464271307
-0.055029116570949554 -0.10557582974433899 -0.08086377382278442
-0.02489931508898735 -0.06881072372198105 -0.252034455537796
-0.08640598505735397 -0.020282961428165436 0.1122991070151329
-0.08880628645420074 0.037442028522491455 -0.002143522724509239
-0.01406077854335308 0.32300782203674316 0.18929705023765564
-0.0033199279569089413 0.04737072438001633 -0.17971570789813995
-0.05072825029492378 -0.11310597509145737 -0.2635385990142822
-0.02102288044989109 0.2668134868144989 -0.024588828906416893
-0.04889070615172386 -0.06872813403606415 -0.024300364777445793
-0.04418506473302841 -0.04092108830809593 -0.005006015300750732
0.023925337940454483 0.2381586730480194 -0.16995759308338165
-0.04116158187389374 0.08029335737228394 -0.042124371975660324
-0.028637951239943504 0.11662551015615463 -0.004050297662615776
0.012110034003853798 -0.04772192984819412 -0.2008199393749237
-0.00991564616560936 0.2066444605588913 0.06996560841798782
-0.0016211261972784996 0.27738791704177856 0.09434683620929718
-0.08256306499242783 -0.0023583672009408474 -0.17470002174377441
-0.06919217854738235 0.19297130405902863 -0.01022632047533989
0.02056768722832203 -0.12072980403900146 0.056270912289619446
-0.05725812539458275 0.15577596426010132 -0.032509319484233856
-0.00837845727801323 0.2166321724653244 -0.3160451054573059
-0.07217156141996384 0.4973917305469513 0.08303406834602356
-0.015297209843993187 0.21646025776863098 0.0011412356980144978
-0.04482979699969292 0.23762492835521698 -0.055368032306432724
-0.03107195720076561 0.2564603388309479 -0.06443897634744644
-0.058553777635097504 0.14632530510425568 0.036920368671417236
-0.04155832901597023 0.16949357092380524 0.20056720077991486
-0.1410522311925888 0.2680779993534088 -0.12868718802928925
-0.03248027712106705 0.04491221532225609 -0.17753376066684723
0.009990166872739792 0.14913608133792877 -0.1518605798482895
0.0026689390651881695 0.36091116070747375 0.01832295022904873
0.0006557574379257858 0.4076884686946869 0.07936840504407883
-0.020062001422047615 0.20536452531814575 -0.0542273223400116
-0.03902700915932655 -0.08706936240196228 0.18823449313640594
-0.07369672507047653 0.037642285227775574 -0.09003154933452606
-0.05504343658685684 -0.13286195695400238 0.16576774418354034
-0.01017131470143795 0.0946328267455101 -0.1685541570186615
-0.008919253945350647 0.2586131691932678 0.02046189270913601
-0.011920265853404999 0.4505555331707001 0.09828092902898788
-0.017619652673602104 -0.06528142094612122 -0.2154618799686432
0.06471200287342072 -0.21433837711811066 -0.3123655915260315
0.035186950117349625 -0.16838225722312927 -0.07205834984779358
-0.0279315747320652 0.07978076487779617 0.0547604039311409
-0.01601250097155571 0.3146669864654541 -0.06439457833766937
-0.013078644871711731 0.31444498896598816 -0.06140364333987236
-0.04849564656615257 0.2966354489326477 -0.12569387257099152
-0.07607163488864899 -0.1312233954668045 0.021800290793180466
-0.03340080752968788 0.24011018872261047 -0.06400123238563538
-0.032638296484947205 0.04357708990573883 0.07485084235668182
-0.04794083535671234 0.08090605586767197 -0.07862956076860428
-0.06801323592662811 -0.09519609808921814 -0.0587349459528923
-0.10767490416765213 0.24820876121520996 0.0018602595664560795
-0.025708796456456184 0.17396943271160126 0.07870575785636902
-0.006357209291309118 0.25101807713508606 0.037825677543878555
-0.03315112739801407 0.14794492721557617 -0.001065792515873909
-0.049519073218107224 0.19590455293655396 0.07216402888298035
-0.08597084879875183 -0.27055823802948 -0.3819241523742676
-0.08054528385400772 -0.14469337463378906 0.07933536916971207
-0.026716070249676704 0.45828747749328613 -0.00944436527788639
-0.055455535650253296 0.14150695502758026 0.0435917004942894
-0.006252225488424301 0.08836958557367325 -0.40977174043655396
-0.0037622018717229366 0.32574474811553955 -0.025292882695794106
-0.017541497945785522 0.06557406485080719 -0.12803025543689728
0.0029307110235095024 0.43654748797416687 0.036109115928411484
-0.059985216706991196 0.1116073951125145 -0.09021982550621033
-0.025362730026245117 -0.12574909627437592 0.10627790540456772
-0.011623278260231018 0.3315652012825012 0.05607929825782776
-0.04402697831392288 0.024934297427535057 -0.044217854738235474
0.010648900642991066 0.40165379643440247 0.1775677502155304
-0.12173648178577423 -0.08055836707353592 0.11629903316497803
-0.02826506830751896 0.06454971432685852 0.09024406224489212
-0.05670147389173508 -0.2056180238723755 -0.16875416040420532
-0.02910620905458927 0.06186601147055626 -0.1722509115934372
0.09595486521720886 -0.607520341873169 -0.35597148537635803
-0.007265933323651552 0.3229883909225464 -0.009276838973164558
-0.05023258179426193 0.18549619615077972 -0.014945164322853088
-0.01683364436030388 0.3118419051170349 -0.06280409544706345
-0.051078956574201584 0.2331375926733017 -0.036867406219244
-0.07564250379800797 0.32677316665649414 -0.2054295390844345
-0.010770192369818687 0.3978118300437927 -0.016437828540802002
-0.03201459348201752 0.2559741139411926 -0.02477702498435974
-0.07117213308811188 0.028118165209889412 -0.13899165391921997
0.004639572463929653 0.4153515696525574 0.1799967885017395
-0.036517392843961716 -0.024410055950284004 0.006368117872625589
-0.011814398691058159 0.5146177411079407 0.11890797317028046
-0.008896909654140472 0.23588164150714874 0.044660184532403946
-0.03717220574617386 0.2741738557815552 -0.1764652132987976
-0.03330474719405174 0.4086066782474518 -0.05978652462363243
-0.056146491318941116 -0.06031211465597153 -0.015440689399838448
-0.06188704073429108 0.14423277974128723 -0.024502713233232498
-0.0367264598608017 0.14985764026641846 -0.041135523468256
0.008243272081017494 0.38985538482666016 0.042189255356788635
-0.036210741847753525 0.008746389299631119 0.002749133389443159
-0.0247639212757349 0.2595243453979492 0.005709930323064327
-0.048518262803554535 0.18048904836177826 -0.03385847061872482
-0.01848123036324978 0.143560990691185 -0.015712523832917213
-0.02355421893298626 0.2832504212856293 -0.09728283435106277
-0.026944085955619812 0.19372263550758362 -0.01629999652504921
-0.11616028100252151 -0.14055392146110535 -0.16605906188488007
-0.023032227531075478 0.035931989550590515 0.07031027227640152
-0.03550640493631363 0.2737332284450531 -0.0146922767162323
-0.007401097100228071 0.20873381197452545 -0.06905121356248856
0.0030872365459799767 0.04174257814884186 -0.005908139981329441
-0.056040018796920776 -0.04360269010066986 0.18787921965122223
-0.04811431095004082 0.05230258032679558 -0.02921280637383461
-0.02741316519677639 0.15861253440380096 0.09032080322504044
-0.03008754551410675 0.14580054581165314 -0.12504436075687408
-0.030337851494550705 0.06754514575004578 -0.030683347955346107
-0.03969874978065491 -0.13263343274593353 -0.04316854476928711
0.025819623842835426 0.12064175307750702 0.10051880776882172
-0.03535778447985649 0.296600878238678 -0.06623081117868423
-0.028296563774347305 -0.008760470896959305 -0.0025437106378376484
-0.04591768980026245 -0.02325630374252796 0.0563424788415432
-0.1373739391565323 -0.07173799723386765 -0.030166292563080788
-0.024124782532453537 0.05458149313926697 -0.321320503950119
-0.03392380103468895 -0.22711727023124695 0.0530536063015461
-0.04005379602313042 0.19906124472618103 -0.0882200300693512
-0.04514852166175842 0.261273056268692 -0.17297397553920746
-0.00298731354996562 0.30855700373649597 0.014650925993919373
-0.2652842700481415 -0.17589937150478363 -0.01066603884100914
-0.031583841890096664 0.3071082532405853 -0.057517752051353455
-0.05105584114789963 0.018222294747829437 -0.054950956255197525
-0.025642728433012962 -0.11864245682954788 -0.11199628561735153
-0.08644692599773407 -0.03557351976633072 0.08454716205596924
-0.04330335557460785 0.11460413038730621 -0.03688407316803932
-0.021467730402946472 0.3322669267654419 -0.11055628955364227
-0.0313827246427536 -0.009106367826461792 -0.02087150514125824
-0.03373309597373009 0.3272819519042969 -0.1337491124868393
-0.04084089398384094 0.14997094869613647 -0.008552677929401398
-0.0029338677413761616 -0.26564717292785645 -0.20926064252853394
-0.0509055033326149 0.19994284212589264 -0.027192888781428337
-0.09488917142152786 0.03284355252981186 -0.025516293942928314
-0.03257432207465172 0.46661749482154846 0.014036653563380241
-0.07943807542324066 -0.04841800034046173 0.1743447333574295
0.1519027203321457 -0.3846788704395294 -0.34839698672294617
-0.04409593343734741 0.03599807620048523 0.019312784075737
-0.027760474011301994 0.3782481551170349 0.07477427273988724
-0.0686303898692131 0.33498337864875793 -0.24249035120010376
0.0021019107662141323 0.0806640088558197 -0.1298900842666626
-0.006684955675154924 0.22006499767303467 -0.1490059345960617
-0.06643470376729965 0.35935086011886597 -0.028233032673597336
-0.08920782059431076 0.31852054595947266 -0.23919421434402466
0.032925378531217575 -0.28542864322662354 -0.3340158760547638
-0.030349738895893097 -0.12115135788917542 0.012416671961545944
0.009403439238667488 0.4418223202228546 0.0788215771317482
-0.014099495485424995 0.15660837292671204 -0.03541652485728264
-0.06042410805821419 0.051518164575099945 -0.024088265374302864
-0.009127743542194366 0.22828632593154907 0.016408512368798256
-0.009605102241039276 0.01945796236395836 0.00832219049334526
-0.09039538353681564 0.016288088634610176 -0.013172144070267677
-0.041740160435438156 0.22846360504627228 0.013607952743768692
-0.035683080554008484 0.20722122490406036 -0.0022223200649023056
-0.0265213530510664 0.10211354494094849 -0.10805322974920273
-0.09806318581104279 0.2340494990348816 -0.14519979059696198
-0.05325694382190704 -0.05082930251955986 0.06997114419937134
-0.011523963883519173 0.4764028489589691 0.023543264716863632
-0.03219267353415489 0.25218695402145386 -0.1068824753165245
-0.048450738191604614 0.021476080641150475 -0.026033606380224228
-0.019959870725870132 0.17422233521938324 0.08453592658042908
0.00218829489313066 0.2260560542345047 0.005733243189752102
-0.050223786383867264 0.20031245052814484 0.04937904700636864
-0.02906159497797489 -0.26544156670570374 -0.2257322072982788
0.013174803927540779 -0.00827854871749878 -0.05930474027991295
-0.004664662294089794 0.39294883608818054 0.07252785563468933
-0.03998887166380882 0.2332501858472824 -0.24217218160629272
-0.05713919177651405 0.2794354259967804 -0.04456540569663048
-0.025002047419548035 0.21845632791519165 -0.014714173972606659
-0.04295280948281288 0.08268030732870102 0.002482837298884988
-0.012680143117904663 0.22195564210414886 0.09115508198738098
0.0425577275454998 -0.19468197226524353 -0.009078269824385643
-0.003153507597744465 0.17448961734771729 0.0657089427113533
0.008682269603013992 0.11817742884159088 -0.17925916612148285
-0.023660842329263687 0.09970799088478088 0.1704224795103073
-0.075332872569561 0.4827359616756439 0.12065237015485764
0.15245571732521057 -0.46723490953445435 -0.3138826787471771
-0.04079772159457207 0.31226345896720886 -0.08269858360290527
-0.056476790457963943 -0.14806495606899261 -0.053896088153123856
-0.004213175270706415 0.3371046483516693 -0.0536731593310833
-0.029768124222755432 0.06834788620471954 -0.02536105550825596
0.014539608731865883 -0.03584545478224754 -0.19837303459644318
-0.0717320591211319 0.19662225246429443 -0.10963039100170135
-0.031547561287879944 0.26864925026893616 -0.21265149116516113
-0.02696266397833824 -0.012195324525237083 0.0034986373502761126
-0.020810935646295547 0.05882400646805763 0.12053030729293823
-0.03296755999326706 0.045281752943992615 -0.0006268005818128586
-0.0371997132897377 0.32341596484184265 -0.16695687174797058
0.020867740735411644 0.3397733271121979 -0.09003591537475586
-0.06452000141143799 0.10332397371530533 -0.05825373902916908
-0.02807452715933323 0.0606321282684803 0.05333634465932846
-0.13664866983890533 0.3267509341239929 -0.03462637588381767
-0.15110431611537933 -0.10643891990184784 -0.03785901516675949
-0.00012136413715779781 0.2687928378582001 0.0953391045331955
-0.03185047581791878 0.14022867381572723 0.03656607121229172
-0.009857190772891045 0.44372794032096863 -0.06963858008384705
-0.061880506575107574 0.07767388969659805 -0.035200051963329315
-0.08826894313097 -0.16724662482738495 0.12112931162118912
-0.03528169170022011 0.07368260622024536 0.04380733519792557
-0.039827052503824234 0.2055906504392624 -0.03386852145195007
-0.01954812929034233 0.4040120542049408 0.16560731828212738
-0.0124803576618433 0.24501954019069672 0.01618756540119648
0.0009301932877860963 -0.2872021198272705 0.10885410755872726
-0.10185170918703079 0.025643475353717804 -0.1347947120666504
-0.037444666028022766 0.13663657009601593 -0.03881170228123665
-0.0264462660998106 0.3386005461215973 0.016845187172293663
-0.06895705312490463 0.17979799211025238 -0.20144981145858765
-0.060863692313432693 0.05985146015882492 -0.05563643202185631
-0.005870336666703224 0.29725247621536255 0.01184937171638012
-0.014795644208788872 0.3080243468284607 0.043165963143110275
-0.04131262004375458 0.04666171967983246 -0.042167264968156815
0.014907661825418472 0.2317272275686264 -0.09457860141992569
-0.07784739136695862 0.21944384276866913 -0.11170466989278793
-0.012114865705370903 -0.03124302811920643 0.11691568046808243
-0.047743793576955795 0.17464208602905273 -0.05110049992799759
-0.06141933053731918 0.08871971815824509 -0.1457563042640686
0.06828983873128891 -0.11597109586000443 -0.2796687185764313
-0.07534456998109818 -0.19548174738883972 -0.20998401939868927
-0.08452378958463669 0.4164080023765564 -0.04126980900764465
-0.028221197426319122 0.06651594489812851 0.0936160683631897
-0.035512663424015045 0.12548592686653137 -0.05371880903840065
-0.010753700509667397 0.028578922152519226 0.016282496973872185
-0.07427938282489777 -0.051983729004859924 -0.20348653197288513
0.007541453931480646 0.33493882417678833 0.0493549145758152
-0.00637685926631093 0.28237074613571167 0.03901473805308342
-0.37813082337379456 -0.2536975145339966 -0.726353108882904
-0.14585314691066742 -0.11291193217039108 0.029412448406219482
-0.10910055041313171 0.08631876856088638 -0.034499429166316986
-0.027462808415293694 0.037767212837934494 -0.03464490920305252
-0.053471311926841736 0.0710441991686821 0.028607087209820747
-0.0446232333779335 0.35669922828674316 -0.02953125722706318
0.022173242643475533 0.08399911224842072 0.008761793375015259
-0.04157596081495285 0.2905634641647339 -0.041650690138339996
-0.022920599207282066 0.21814151108264923 -0.018898848444223404
-0.010148715227842331 0.2470235675573349 -0.09031744301319122
0.0029254017863422632 0.2920333445072174 -0.029027365148067474
-0.07140383124351501 0.22535039484500885 -0.027951309457421303
-0.021196097135543823 0.11646274477243423 0.046804334968328476
-0.01660059578716755 0.2315872460603714 0.026936296373605728
-0.020098498091101646 0.24128703773021698 -0.10723111033439636
-0.003206397406756878 0.30843836069107056 0.0776205062866211
-0.03722943738102913 0.16591456532478333 0.053442005068063736
-0.03321729227900505 -0.30486786365509033 -0.285350501537323
-0.020369086414575577 0.21583586931228638 -0.032425835728645325
-0.02756684646010399 0.20801123976707458 -0.0687188059091568
-0.03627272695302963 0.3063592314720154 -0.1499510556459427
-0.05948691442608833 -0.06395886838436127 0.15480543673038483
-0.024665499106049538 0.28870391845703125 -0.05138039216399193
-0.04768044129014015 0.2052796185016632 -0.0615963377058506
-0.03328574821352959 -0.030215980485081673 0.15915332734584808
-0.0168366227298975 -0.15294316411018372 0.08810608088970184
-0.02070803940296173 0.24423977732658386 -0.07162157446146011
-0.025541819632053375 0.186740443110466 -0.0015567743685096502
0.20328310132026672 -0.5310846567153931 -0.34031736850738525
-0.0167082529515028 0.05235490947961807 -0.03756009414792061
-0.02975589781999588 0.014764241874217987 -0.057178039103746414
-0.07475060969591141 0.22773607075214386 0.053431399166584015
-0.018583031371235847 0.1639832705259323 0.15784940123558044
0.006534750107675791 0.2737104594707489 0.0037968994583934546
-0.009366746991872787 0.05903467908501625 -0.044751886278390884
-0.0501774325966835 -0.010089345276355743 -0.07200133800506592
-0.013516373932361603 0.2552420496940613 0.008439036086201668
-0.040004245936870575 0.2588145136833191 -0.24116535484790802
-0.01620178483426571 0.2433501034975052 -0.06141865625977516
-0.002077061217278242 0.261503130197525 -0.10364104062318802
-0.09079677611589432 0.1084776446223259 -0.06966894119977951
