ply
format ascii 1.0
element vertex 2048
property float x
property float y
property float z
end_header
0.2489875704050064 0.34175872802734375 -0.34050798416137695
-0.2490987479686737 0.41958892345428467 -0.14043298363685608
-0.1954435408115387 0.10939819365739822 -0.1203494518995285
-0.1567041575908661 -0.5319527983665466 -0.14616121351718903
-0.31051528453826904 -0.35075077414512634 -0.05702463537454605
0.12556985020637512 0.3991658687591553 -0.26858338713645935
0.3624851703643799 -0.677399754524231 -0.09713537991046906
0.10562041401863098 0.755782961845398 0.1300555169582367
-0.24179546535015106 0.1798020303249359 -0.13260948657989502
-0.22057543694972992 -0.1744941920042038 -0.12854726612567902
-0.33445537090301514 0.00767930131405592 0.2540399134159088
-0.23999392986297607 0.3961905241012573 -0.24320998787879944
-0.1542627066373825 0.13615453243255615 -0.02891329862177372
-0.2636972665786743 0.3378116488456726 0.04598692059516907
-0.29949063062667847 0.5466183423995972 0.03376735374331474
-0.2642762362957001 0.31812697649002075 0.009167706593871117
-0.23361070454120636 0.3603667616844177 0.13213986158370972
-0.3445720672607422 0.7595534324645996 0.12060782313346863
-0.07765313982963562 -0.39883920550346375 -0.41459596157073975
-0.019074613228440285 0.348649263381958 -0.18250715732574463
-0.19468532502651215 0.33774542808532715 -0.30374547839164734
-0.3852613866329193 -0.6050661206245422 0.07295791804790497
-0.3052196800708771 0.7332248091697693 0.438530296087265
-0.3523470461368561 0.4334568977355957 0.03887208551168442
0.34633728861808777 0.5379123687744141 -0.29174572229385376
-0.2827405333518982 -0.015430303290486336 -0.32081663608551025
-0.41019779443740845 0.231619730591774 0.11918970197439194
-0.06071234866976738 0.49319642782211304 0.0006997159216552973
-0.18577609956264496 -0.06993382424116135 -0.22175870835781097
-0.21262644231319427 -0.30781081318855286 0.04832809418439865
-0.08260487765073776 0.4631516933441162 -0.04168237745761871
-0.1995398998260498 0.40072163939476013 -0.06985871493816376
-0.21588748693466187 0.32404109835624695 -0.18574687838554382
-0.3369971513748169 0.6781703233718872 0.13464002311229706
-0.09877871721982956 -0.07719636708498001 0.015567153692245483
-0.33008718490600586 0.5991303324699402 0.27682003378868103
-0.26225897669792175 0.3784663677215576 -0.20671989023685455
-0.2770267128944397 0.31613707542419434 0.1944187432527542
-0.27472564578056335 0.5717030763626099 0.045761510729789734
-0.259427547454834 -0.6387090682983398 0.06005303934216499
-0.29515543580055237 0.13920068740844727 0.17123354971408844
-0.1371302604675293 0.5538568496704102 0.0625038594007492
-0.3069840967655182 -0.29582250118255615 0.1399698555469513
0.02864445187151432 0.04428824782371521 -0.005886589642614126
-0.3714020550251007 0.28090599179267883 0.2625654637813568
0.35147640109062195 0.23049141466617584 -0.19782528281211853
-0.3444746434688568 0.16275106370449066 0.19925525784492493
-0.436463862657547 0.1331648975610733 0.05654405802488327
-0.16390609741210938 -0.2951648533344269 -0.2236189842224121
-0.37014040350914 0.08864078670740128 0.1613675355911255
-0.29264822602272034 0.5862798094749451 -0.22962211072444916
-0.22356483340263367 -0.11488083004951477 -0.21168312430381775
-0.36414286494255066 0.45441463589668274 -0.19673670828342438
-0.3765982985496521 -0.3524085283279419 -0.05758260190486908
0.0040170783177018166 0.23401999473571777 -0.005550818983465433
0.2402321696281433 -0.23268023133277893 -0.2400214672088623
-0.3103273808956146 0.10431566834449768 0.11925582587718964
-0.14466559886932373 -0.02111198566854 0.042876776307821274
0.43458092212677 0.27157506346702576 -0.12214402854442596
-0.2262512445449829 0.40441402792930603 0.09991056472063065
-0.3386538624763489 0.41462934017181396 0.019462188705801964
-0.1232655793428421 0.17063964903354645 -0.1268424689769745
-0.2758319079875946 0.3212668001651764 -0.011107994243502617
-0.27411341667175293 0.44592800736427307 -0.05920732766389847
-0.14010374248027802 0.45809295773506165 -0.13537010550498962
-0.2559741139411926 0.1691298484802246 -0.12045475840568542
-0.2738599479198456 0.4518325626850128 0.049938444048166275
-0.21607109904289246 -0.03768283873796463 -0.018498660996556282
-0.2913022041320801 0.44053804874420166 0.029269827529788017
-0.2242223620414734 -0.15054498612880707 -0.1977604776620865
-0.45694470405578613 0.036139972507953644 0.015802131965756416
-0.2689269483089447 0.3105628788471222 -0.338603675365448
-0.23972004652023315 0.2476225197315216 -0.13757817447185516
-0.31151801347732544 0.22033724188804626 0.14659056067466736
-0.35825949907302856 0.2870282828807831 0.07662443816661835
-0.42377254366874695 0.009285705164074898 0.07731488347053528
-0.05245361477136612 -0.6151799559593201 -0.34727177023887634
-0.28750815987586975 0.6076675653457642 0.14616423845291138
0.21770434081554413 -0.21402621269226074 -0.1948256939649582
-0.3477810323238373 0.4953261613845825 0.23526065051555634
-0.2902386784553528 0.6083328127861023 0.03417684882879257
-0.2116658091545105 0.31511905789375305 -0.1113152801990509
-0.3224397599697113 0.35897597670555115 -0.09475356340408325
-0.3036918342113495 0.23565426468849182 0.27072757482528687
-0.1925290822982788 0.3912944495677948 0.060291968286037445
-0.03773780167102814 0.5223782658576965 -0.03797893226146698
-0.3319651782512665 -0.4749549329280853 -0.009687801823019981
-0.1299826055765152 -0.4032359719276428 -0.49438023567199707
-0.3309718072414398 0.03365581855177879 0.02700166404247284
0.1135595515370369 0.27971163392066956 -0.03436588495969772
0.5465474724769592 0.14628486335277557 -0.15783096849918365
0.5415492653846741 0.14667367935180664 -0.16394853591918945
-0.2913149893283844 0.5085591077804565 0.12553924322128296
-0.29142042994499207 -0.13879795372486115 -0.1640406996011734
-0.39056456089019775 0.2215641289949417 0.21542736887931824
0.24322162568569183 0.24425897002220154 0.04307916387915611
-0.3622877299785614 0.18649478256702423 -0.22291624546051025
-0.32829537987709045 0.38876619935035706 0.0576062873005867
0.3974752426147461 0.07753857970237732 -0.12399343401193619
-0.2756580710411072 -0.36696863174438477 0.27770957350730896
-0.4827829897403717 0.6192027926445007 -0.08284945785999298
-0.3493225574493408 0.4615557789802551 -0.04217375069856644
-0.33442389965057373 0.09469388425350189 0.28357189893722534
-0.15257973968982697 0.20461522042751312 -0.7551785111427307
0.027102209627628326 0.4041171669960022 -0.17752957344055176
-0.16879548132419586 0.45096439123153687 -0.07373678684234619
-0.3107910454273224 0.5636416077613831 0.13135573267936707
-0.09874831140041351 -0.011325737461447716 -0.03588368371129036
-0.25041162967681885 0.3446238934993744 -0.06190114840865135
-0.19042830169200897 0.21504972875118256 -0.5010517835617065
-0.12807542085647583 0.5030733942985535 -0.02815520577132702
-0.1081182211637497 0.501903772354126 -0.04765602573752403
-0.12175310403108597 0.15828649699687958 -0.38067004084587097
-0.28140559792518616 0.3228072226047516 -0.13154910504817963
-0.25348830223083496 0.018376439809799194 0.0532158799469471
-0.28396710753440857 0.5317767858505249 -0.14515502750873566
-0.15980668365955353 0.4986816942691803 -0.08381519466638565
-0.06622915714979172 0.025946419686079025 -0.47910940647125244
0.09126175194978714 0.31558966636657715 -0.2853142023086548
-0.26264822483062744 0.5115578174591064 -0.07132929563522339
-0.3878003656864166 0.06908085197210312 0.1544771045446396
-0.16788068413734436 0.17743203043937683 -0.35243475437164307
-0.29802316427230835 -0.3644011914730072 -0.12764482200145721
0.2356802076101303 0.14253777265548706 0.03705037012696266
-0.29648637771606445 0.4928656220436096 0.2521771490573883
-0.3192751109600067 0.44255754351615906 -0.2272213101387024
-0.32193243503570557 0.40590906143188477 -0.10836179554462433
-0.25227469205856323 0.26821792125701904 -0.01619749516248703
-0.24514949321746826 0.4093821048736572 0.11419189721345901
-0.2607152760028839 0.505604088306427 0.07207288593053818
-0.11775261908769608 -0.4589162766933441 -0.1705327183008194
0.038673292845487595 0.43294379115104675 -0.12182372063398361
0.5682242512702942 0.012199580669403076 -0.20092341303825378
-0.24650031328201294 0.24804767966270447 -0.15300869941711426
-0.14409641921520233 0.5993568897247314 0.026842858642339706
-0.34325721859931946 -0.3551303446292877 0.2265947312116623
-0.24356500804424286 0.508277416229248 0.04405636340379715
-0.36430731415748596 0.2579236924648285 0.20779435336589813
-0.2488827109336853 0.07480722665786743 -0.3493347764015198
-0.3362131416797638 0.6935974359512329 0.3929932117462158
-0.2654685974121094 0.6082906723022461 -0.05733804032206535
-0.06019013375043869 -0.1962643712759018 -0.2897062301635742
-0.21528349816799164 -0.08717886358499527 0.057632800191640854
-0.21917346119880676 0.4365197420120239 -0.04876549541950226
-0.40363609790802 -0.21392884850502014 -0.25012651085853577
-0.2532389461994171 0.21149519085884094 0.04949584975838661
-0.2902543246746063 0.07432038336992264 -0.1721859574317932
-0.2913989722728729 -0.4109773337841034 -0.16158413887023926
-0.0073148892261087894 -0.16840536892414093 0.05435913801193237
-0.08515190333127975 0.5210645198822021 0.08660513907670975
0.24587689340114594 0.14729052782058716 -0.29378291964530945
-0.22428905963897705 0.2594567835330963 -0.0037465966306626797
-0.3467944860458374 -0.22783397138118744 -0.262153685092926
-0.3115829527378082 0.13493621349334717 0.009705198928713799
-0.26211318373680115 0.1059921607375145 0.10702962428331375
-0.3569744825363159 -0.28017792105674744 -0.25329017639160156
-0.369681179523468 -0.13216179609298706 0.1494884341955185
-0.23173929750919342 -0.22007369995117188 -0.1923607438802719
-0.3616882264614105 -0.12175349146127701 -0.0537448488175869
-0.2491552233695984 0.5403581261634827 -0.025415118783712387
-0.322123259305954 0.3040276765823364 0.07869628816843033
-0.22976765036582947 0.5113813877105713 -0.11886842548847198
-0.2472715824842453 0.4540897011756897 0.06615953147411346
-0.3412396311759949 0.2807621955871582 0.2504282593727112
-0.4180730879306793 -0.2765348255634308 0.12295199930667877
-0.19887442886829376 0.1641095131635666 -0.022567909210920334
-0.7950488924980164 0.13248687982559204 -0.004859199281781912
-0.044239114969968796 0.4976697266101837 -0.05721664056181908
-0.2043081521987915 0.4204912781715393 -0.16384658217430115
-0.3229800760746002 -0.36022239923477173 -0.18327900767326355
-0.38755130767822266 0.5496019721031189 -0.2063462883234024
0.159326434135437 -0.19844675064086914 -0.23162135481834412
-0.3004242777824402 0.1628948450088501 0.2434631884098053
-0.3330126106739044 -0.6377975940704346 0.2898540198802948
-0.23096877336502075 0.3647392988204956 0.26636165380477905
-0.14963887631893158 0.535004734992981 0.03263634443283081
-0.3470165431499481 0.1411820352077484 0.10254603624343872
-0.2267003357410431 0.05672643333673477 0.01812499389052391
0.15118971467018127 0.17630377411842346 -0.0364300012588501
-0.31010639667510986 0.15047267079353333 -0.18880431354045868
-0.2734687626361847 0.6881150007247925 0.0517914816737175
-0.16491353511810303 0.7486367225646973 -0.025228027254343033
-0.3155984878540039 -0.130776047706604 0.12503965198993683
-0.09319021552801132 0.5784900188446045 -0.04351247847080231
-0.3759205639362335 0.409231036901474 -0.3023042380809784
0.33131715655326843 0.028058184310793877 -0.02350824512541294
-0.18832732737064362 0.4738808572292328 0.028115613386034966
-0.22197414934635162 0.7243557572364807 0.18229904770851135
-0.31820398569107056 0.5432859063148499 -0.2757442891597748
-0.38075587153434753 -0.989052414894104 0.29610520601272583
-0.3292848467826843 -0.13163204491138458 0.057718172669410706
-0.23240387439727783 0.25426340103149414 -0.15589766204357147
-0.2680507004261017 0.1022697314620018 -0.22752068936824799
0.14031541347503662 0.09306279569864273 0.035965509712696075
-0.2338172048330307 0.3986855447292328 -0.13918346166610718
-0.33041733503341675 0.3772675693035126 -0.035507503896951675
-0.39952728152275085 -0.005154780112206936 0.10574153810739517
-0.33362993597984314 -0.2299944907426834 0.005064581520855427
-0.1775997430086136 0.01589965634047985 -0.1206689327955246
0.6498777270317078 -0.4382138252258301 -0.2023371011018753
-0.23972134292125702 0.6512913703918457 0.0761781856417656
-0.15789328515529633 0.4574728012084961 0.03466954454779625
-0.20121413469314575 0.22020694613456726 0.009982418268918991
-0.3305996060371399 0.38002634048461914 -0.0802125632762909
-0.4356907606124878 0.2739967107772827 0.029847316443920135
-0.38098427653312683 0.46804359555244446 -0.1922963708639145
-0.11078711599111557 -0.2741849720478058 -0.5099266171455383
-0.027118738740682602 -0.25803396105766296 0.02878343127667904
-0.24195612967014313 0.37324121594429016 -0.13262349367141724
-0.10485352575778961 0.41397321224212646 -0.018584413453936577
0.004474857822060585 0.20107915997505188 -0.23813565075397491
-0.12881754338741302 0.5774117708206177 0.04826662316918373
-0.31305423378944397 0.4651530683040619 0.31015413999557495
-0.25169432163238525 0.20140740275382996 0.15529094636440277
-0.3280140459537506 0.40212562680244446 -0.22105541825294495
-0.12367597967386246 -0.12270382791757584 -0.10411960631608963
-0.07596361637115479 0.3164963126182556 -0.05498556047677994
-0.19167424738407135 -0.2183084636926651 -0.2790071666240692
-0.21417151391506195 0.6321970820426941 0.07859236001968384
0.25615158677101135 0.3350732922554016 -0.16279728710651398
0.16618190705776215 0.48931190371513367 0.15511715412139893
-0.018042713403701782 -0.08766620606184006 -0.314318984746933
-0.3069206178188324 0.5391288995742798 -0.006924844812601805
-0.2312978208065033 0.3327166736125946 -0.06607507169246674
-0.2869052588939667 0.3588986396789551 0.069891557097435
-0.32908564805984497 0.25733938813209534 0.23107336461544037
-0.28121551871299744 0.49988290667533875 0.1292644590139389
-0.09201033413410187 0.15599003434181213 -0.3930886685848236
-0.12596270442008972 0.4860423803329468 0.025353139266371727
-0.33482733368873596 0.20694367587566376 0.31386294960975647
-0.3780576288700104 0.6838683485984802 0.01762125827372074
-0.2031175196170807 0.7138750553131104 0.1379784792661667
-0.34317725896835327 -0.49493110179901123 -0.09303917735815048
-0.15497136116027832 0.3792090117931366 -0.3695007860660553
-0.10279525816440582 0.39616262912750244 0.040834031999111176
-0.36584848165512085 -0.30887436866760254 0.10595112293958664
-0.25654977560043335 0.5178559422492981 -0.11538314074277878
-0.24349908530712128 0.32034385204315186 0.0751221776008606
-0.2556154131889343 0.3685050308704376 -0.05321948230266571
-0.3309284746646881 0.36631500720977783 0.05514627322554588
-0.06230964511632919 -0.410534530878067 -0.40274930000305176
-0.3356129825115204 0.6086364984512329 0.09154745191335678
-0.4128708839416504 -0.5345537066459656 0.025145897641777992
0.31640031933784485 0.34535419940948486 -0.20188719034194946
-0.2720043957233429 0.469196081161499 -0.18551170825958252
-0.20726948976516724 0.363488107919693 -0.19291895627975464
-0.41295862197875977 0.8642723560333252 0.25844448804855347
-0.24962124228477478 0.5518643856048584 0.008170589804649353
-0.23852315545082092 0.4417921304702759 -0.09863273054361343
-0.07739581912755966 0.3110646903514862 -0.08955231308937073
-0.1428731381893158 0.20993207395076752 -0.013192523270845413
-0.3120534420013428 0.570447564125061 0.14378774166107178
-0.4498906135559082 -0.448843389749527 0.31791675090789795
-0.392699271440506 0.3208634853363037 0.06284674257040024
-0.2954391539096832 -0.13257873058319092 -0.1738443821668625
-0.1335655152797699 0.4628804326057434 -0.11440877616405487
-0.23821598291397095 -0.34392213821411133 -0.17846517264842987
-0.11842886358499527 -0.15949764847755432 -0.03660808131098747
-0.2571015954017639 0.42677122354507446 -0.11101316660642624
-0.25419753789901733 0.4102056920528412 -0.06348912417888641
-0.2985187768936157 0.17067402601242065 0.0858888030052185
-0.21072542667388916 0.5453343987464905 -0.025643790140748024
-0.23178495466709137 0.3286048173904419 -0.008510058745741844
-0.25538814067840576 -0.13854168355464935 0.15985216200351715
-0.2501511871814728 0.18099993467330933 -0.14415450394153595
-0.14503216743469238 -0.16694819927215576 -0.21079909801483154
-0.16085289418697357 0.5396758317947388 -0.06736738234758377
-0.2563381493091583 0.06200210005044937 0.1748543679714203
-0.23349806666374207 0.30451053380966187 -0.14544132351875305
-0.11563143134117126 -0.18589036166667938 -0.2070726454257965
-0.28112632036209106 -0.11311172693967819 -0.06718260794878006
-0.03062489628791809 0.43790706992149353 -0.1368848979473114
-0.23406648635864258 0.22332526743412018 0.040774960070848465
-0.13737381994724274 0.5619519352912903 0.0003587821265682578
-0.27854815125465393 0.34734225273132324 0.2152247130870819
-0.2807334065437317 0.345283180475235 -0.18672709167003632
-0.28519418835639954 0.36286428570747375 0.16175410151481628
-0.26576295495033264 0.475538045167923 0.054853830486536026
-0.25688445568084717 0.5502099394798279 0.10511261969804764
-0.1994176059961319 0.54451984167099 0.12175296992063522
-0.2612035870552063 0.6735914349555969 0.130898579955101
-0.22443778812885284 -0.09375216066837311 -0.08167099952697754
-0.2678404748439789 0.26460862159729004 -0.10711808502674103
-0.3694254755973816 -0.10141420364379883 0.10705540329217911
-0.2757338881492615 0.17913778126239777 -0.13734300434589386
-0.2978035509586334 0.0929311141371727 0.19139187037944794
0.12715859711170197 0.42474472522735596 -0.2907508611679077
-0.31983447074890137 0.39531347155570984 -0.25029250979423523
-0.36501240730285645 0.203592911362648 0.08201790601015091
-0.032288018614053726 0.3914455771446228 -0.14301057159900665
-0.1426740288734436 0.40513795614242554 -0.1324397176504135
-0.2761740982532501 0.3777175545692444 -0.21364672482013702
0.02805688977241516 0.3508665859699249 -0.07018333673477173
-0.04321946203708649 0.15777459740638733 -0.18665257096290588
-0.34929361939430237 0.1986074000597 0.14439848065376282
-0.3293124735355377 0.21332469582557678 0.021823829039931297
-0.2803499400615692 0.46491482853889465 0.11117272078990936
-0.07969430834054947 -0.15384359657764435 -0.2878759503364563
-0.4537258744239807 -0.27591389417648315 0.17106600105762482
-0.4635362923145294 -0.6772435903549194 0.3246135413646698
-0.023883992806077003 -0.17731036245822906 -0.1981499195098877
-0.1469288021326065 0.2250470519065857 -0.04447425529360771
-0.29908910393714905 0.6510895490646362 0.11924196779727936
-0.29637548327445984 0.5240170359611511 -0.005017818417400122
-0.09725502878427505 -0.3639755845069885 -0.3195539712905884
-0.2713526785373688 0.23735567927360535 0.014505384489893913
-0.1828373670578003 0.5001126527786255 0.01829362101852894
-0.2122081071138382 0.5123463869094849 0.024670060724020004
-0.4560178518295288 -0.308103084564209 0.1537596434354782
-0.171583354473114 0.09425587207078934 -0.1648758351802826
-0.4912298023700714 0.9187849164009094 0.2169487029314041
-0.2661549746990204 0.7035574913024902 0.15322339534759521
-0.10410573333501816 -0.31654784083366394 -0.29274284839630127
-0.18955349922180176 -0.38025331497192383 -0.001409777207300067
-0.32078585028648376 0.4230998456478119 -0.20951421558856964
-0.266030490398407 0.3248101472854614 0.022792859002947807
-0.3773462474346161 0.5801032185554504 0.01514464057981968
-0.32267895340919495 0.1380346268415451 0.0509154349565506
-0.16805802285671234 0.4180809557437897 -0.03213588893413544
-0.132587730884552 0.46500450372695923 -0.13967913389205933
-0.25678741931915283 0.44819098711013794 -0.23251354694366455
-0.26162347197532654 0.17781426012516022 -0.13329333066940308
-0.3617124855518341 0.5078336000442505 0.21435166895389557
-0.38662490248680115 0.2376227080821991 -0.21964552998542786
-0.28832024335861206 0.6290843486785889 0.27339282631874084
-0.2910964787006378 0.459382563829422 -0.25801923871040344
0.22422915697097778 0.29372483491897583 -0.24849697947502136
-0.11262070387601852 0.39745405316352844 -0.1089886948466301
-0.4584500789642334 0.46824532747268677 -0.10821731388568878
-0.23841732740402222 0.439937561750412 -0.12173640727996826
-0.24636635184288025 0.017885996028780937 0.08648616820573807
-0.26245900988578796 0.4479712247848511 0.13542921841144562
-0.04593328759074211 -0.2847660183906555 -0.43177178502082825
-0.28080061078071594 0.05748080462217331 0.10365070402622223
0.06726797670125961 0.23942185938358307 -0.2080710083246231
-0.399338960647583 -0.5676057934761047 0.2786900997161865
-0.24739010632038116 0.31379783153533936 -0.09270858764648438
-0.2704452574253082 0.0888061597943306 0.20331749320030212
0.20549944043159485 0.4331586956977844 -0.015363059937953949
-0.27135536074638367 0.5793707370758057 0.04240359365940094
-0.28874149918556213 0.4310142397880554 -0.2605465352535248
-0.15439917147159576 0.5748128294944763 -0.3718758523464203
-0.22528892755508423 -0.12147815525531769 -0.42190274596214294
-0.2574692368507385 -0.5326768159866333 -0.16190758347511292
-0.17595642805099487 -0.24961796402931213 -0.27029407024383545
-0.17367126047611237 0.384947270154953 -0.23330950736999512
-0.22609566152095795 0.26558858156204224 -0.09873513132333755
-0.3283924162387848 0.26184847950935364 0.04026562348008156
-0.28719332814216614 0.21674826741218567 0.08640336990356445
0.22692421078681946 0.34727734327316284 0.03451671078801155
-0.24798113107681274 -0.1178750991821289 -0.07178803533315659
-0.003527703694999218 0.35713037848472595 0.02526315674185753
-0.28637418150901794 0.3569369614124298 0.12931987643241882
-0.38412871956825256 0.0860237181186676 0.3571860194206238
-0.2910689115524292 -0.3217259645462036 0.030441880226135254
-0.31442132592201233 0.4059455096721649 -0.3003681004047394
-0.281862735748291 0.4900607466697693 -0.2093660831451416
-0.40688660740852356 0.4465140104293823 0.012046316638588905
-0.1987541764974594 0.8654139637947083 0.4336931109428406
0.2844024896621704 0.43429213762283325 0.055226586759090424
0.04216179624199867 0.20998691022396088 -0.2911336421966553
-0.11473911255598068 0.08956769853830338 -0.7512480616569519
-0.16652265191078186 0.5784440040588379 -0.25419965386390686
-0.3414839804172516 0.046154674142599106 -0.13746048510074615
-0.2070697546005249 0.44560104608535767 -0.021989237517118454
-0.2938750684261322 0.3873886168003082 -0.1950770914554596
-0.23413875699043274 -0.48613178730010986 -0.07714208960533142
-0.34026995301246643 0.7506420612335205 0.10892155021429062
-0.2645818889141083 0.5493623614311218 -0.10169418156147003
-0.4539470672607422 -0.6183046698570251 0.41472625732421875
-0.16848720610141754 -0.018931251019239426 -0.19353023171424866
-0.07990257441997528 0.5648257732391357 -0.05661772936582565
-0.3640252649784088 0.12469727545976639 0.24596978724002838
-0.2694318890571594 -0.012516872957348824 -0.34325066208839417
-0.2705361843109131 0.29929119348526 0.11963559687137604
-0.058859363198280334 0.4195225238800049 -0.012908468022942543
0.12490911781787872 -0.5218546986579895 -0.37646111845970154
-0.486101359128952 -0.23529377579689026 -0.28949272632598877
-0.2771529257297516 -0.3880322575569153 0.12687481939792633
-0.31359580159187317 0.597045361995697 -0.09362512081861496
-0.34853512048721313 0.5796576738357544 0.09948472678661346
-0.2996630072593689 0.41903236508369446 -0.1507207751274109
-0.20197944343090057 0.20553281903266907 -0.22480164468288422
-0.08186988532543182 -0.15810656547546387 -0.5040469765663147
-0.08749715238809586 0.39156848192214966 -0.20241594314575195
-0.2755912244319916 0.2992474138736725 0.07289092242717743
-0.32801762223243713 0.3013443648815155 -0.04997741058468819
-0.2675417959690094 0.42862021923065186 -0.05637838691473007
-0.2649432122707367 0.2500233054161072 0.2424185574054718
-0.37121662497520447 0.3545514643192291 0.10523363202810287
0.4199661910533905 0.06689057499170303 -0.11263306438922882
-0.3643485903739929 -0.3054124116897583 0.14180690050125122
-0.043475937098264694 -0.16982711851596832 -0.38947176933288574
-0.08791270852088928 0.054539743810892105 -0.30383357405662537
-0.33007243275642395 0.3166281282901764 0.13878042995929718
-0.2642436623573303 -0.5451258420944214 0.12716270983219147
-0.3996116518974304 -0.7213646769523621 -0.05557961389422417
-0.06861471384763718 0.3916358947753906 -0.13862040638923645
-0.20870433747768402 0.45357099175453186 0.08102072030305862
-0.25163397192955017 0.46489769220352173 -0.1235676184296608
0.3244905471801758 0.4182824194431305 -0.031158694997429848
-0.15739406645298004 0.41992953419685364 -0.19209589064121246
-0.4111599922180176 0.14962562918663025 0.060259755700826645
-0.2369442880153656 0.18959644436836243 0.20652620494365692
-0.271286278963089 -0.07445015758275986 -0.21519561111927032
-0.3322284519672394 -0.024096913635730743 -0.18440137803554535
-0.22760169208049774 -0.8940935730934143 0.2770495116710663
-0.26907622814178467 0.2698158025741577 0.24416589736938477
-0.4222891330718994 0.11932988464832306 0.09528834372758865
-0.30832260847091675 -0.23552878201007843 -0.1830529421567917
-0.2682400047779083 0.43971213698387146 0.10384011268615723
-0.24614585936069489 0.4420972168445587 -0.015717238187789917
-0.31665539741516113 0.40210676193237305 0.17158299684524536
-0.17594589293003082 0.686917245388031 0.17971329391002655
-0.32828545570373535 -0.03112810291349888 -0.22292231023311615
-0.25881317257881165 -0.15633831918239594 -0.01325693167746067
-0.3782302737236023 0.24977508187294006 -0.11398681998252869
-0.25067079067230225 0.37446755170822144 0.14864596724510193
-0.2656095325946808 0.20350991189479828 0.04472937434911728
-0.4111008942127228 0.24953673779964447 -0.09178905189037323
-0.34720975160598755 -0.6422634124755859 -0.020528532564640045
-0.34294965863227844 0.3937966227531433 0.16950838267803192
-0.314058393239975 0.44381558895111084 0.4288676679134369
-0.27511173486709595 0.26308783888816833 -0.09308517724275589
-0.3139004111289978 -0.24808970093727112 0.1917872428894043
0.33035263419151306 -0.3808410167694092 0.006482736207544804
-0.26004889607429504 0.43597644567489624 -0.09535037726163864
-0.15555927157402039 0.4846983253955841 0.10035482048988342
-0.4941197335720062 -0.8822557330131531 0.3577790856361389
-0.09674789011478424 0.01761735789477825 -0.24174320697784424
-0.38534998893737793 0.34481605887413025 0.14353445172309875
-0.2604783773422241 -0.3218335807323456 -0.0022620041854679585
-0.2487596571445465 0.2628370225429535 -0.33460864424705505
-0.13879606127738953 0.12220504134893417 -0.3536524176597595
-0.18092907965183258 0.24044790863990784 -0.3179214894771576
0.3600076735019684 0.031146980822086334 -0.15367045998573303
-0.2933531105518341 0.468230664730072 -0.09878253191709518
-0.33102965354919434 0.4267673194408417 0.08062881231307983
-0.3341284990310669 0.014707429334521294 0.11405036598443985
-0.25369593501091003 0.2768920361995697 -0.07595016062259674
-0.16069738566875458 0.5144361853599548 -0.35026928782463074
-0.23928473889827728 0.5106814503669739 0.21775393187999725
-0.1899878978729248 0.6392878890037537 0.12547984719276428
-0.03445718064904213 0.3070718050003052 -0.19966661930084229
-0.3195541501045227 0.09878453612327576 0.1294642984867096
0.032623037695884705 0.10007370263338089 -0.26903218030929565
0.3138589560985565 0.2677108645439148 -0.06078067049384117
-0.24843475222587585 0.2740716338157654 -0.32583796977996826
-0.2868117392063141 0.47111430764198303 0.028789417818188667
-0.2387489378452301 0.18619515001773834 -0.25883835554122925
-0.29657411575317383 0.6275520324707031 0.2746863067150116
-0.11116188019514084 -0.4927769601345062 -0.4277733564376831
-0.33458244800567627 0.7272871732711792 0.16382208466529846
-0.29440560936927795 0.6630780696868896 0.12362676858901978
-0.3287689983844757 -0.0460391566157341 -0.21047823131084442
-0.2523271441459656 0.5504134297370911 0.22095392644405365
-0.24097470939159393 0.39540398120880127 -0.17548349499702454
-0.24936750531196594 -0.33775681257247925 -0.20628872513771057
-0.2466089129447937 0.3431555926799774 -0.023302562534809113
0.19525425136089325 0.31456083059310913 0.014061015099287033
0.23395854234695435 0.5514127612113953 0.0009554231073707342
-0.03815044090151787 0.007461084518581629 -0.18326543271541595
-0.03583664074540138 0.12861154973506927 -0.0356329046189785
-0.13940323889255524 -0.17772969603538513 -0.1368926465511322
-0.21602244675159454 0.6279599070549011 0.04725773632526398
-0.26491793990135193 0.49552515149116516 0.000558792962692678
-0.39947375655174255 0.01714411936700344 -0.1953202188014984
-0.2713746726512909 -0.12448633462190628 -0.19518078863620758
-0.2225111573934555 0.37460798025131226 -0.22009219229221344
-0.4525509178638458 -0.3101613521575928 -0.3224547505378723
-0.10298860818147659 -0.589769184589386 0.11215212196111679
-0.3374998867511749 0.24729788303375244 -0.23108461499214172
-0.4161953926086426 -0.6439316868782043 -0.1403665691614151
-0.4165068566799164 -0.0774032473564148 -0.008570646867156029
-0.2768024802207947 0.17622250318527222 -0.10830146819353104
-0.2170906364917755 0.045609112828969955 -0.035116374492645264
-0.19182318449020386 -0.1861964911222458 -0.22029295563697815
-0.19676423072814941 0.47890859842300415 0.230753555893898
-0.04368482530117035 0.4420446455478668 -0.19918134808540344
-0.1910071074962616 -0.002167739439755678 -0.12869688868522644
-0.03659136965870857 0.03026512823998928 -0.4354754388332367
-0.32073020935058594 0.7194541096687317 0.22212722897529602
-0.3464420437812805 0.20344646275043488 0.13820047676563263
-0.3043830692768097 0.24957680702209473 -0.015329189598560333
-0.44021522998809814 -0.43046340346336365 0.24269577860832214
-0.20551329851150513 0.5623598098754883 0.07747474312782288
0.0006703599356114864 0.3195822238922119 -0.23303396999835968
-0.3724937438964844 0.3781808018684387 -0.06875612586736679
-0.24720530211925507 0.22945012152194977 -0.013712486252188683
0.14082121849060059 0.36375340819358826 -0.16865624487400055
-0.0004411940462887287 0.24232542514801025 -0.1540818065404892
-0.25679197907447815 0.43054521083831787 -0.006528450641781092
-0.31838229298591614 0.5497267842292786 0.16174834966659546
-0.22916866838932037 0.6875433921813965 0.16185985505580902
-0.24878141283988953 0.2950199246406555 0.12128056585788727
-0.3213523328304291 -0.40252697467803955 -0.21264225244522095
-0.22100518643856049 0.10747576504945755 -0.022280775010585785
-0.2905876636505127 0.5330002903938293 0.10533788800239563
-0.3047208786010742 0.7216238379478455 0.1909344345331192
-0.3697736859321594 0.6014053225517273 -0.16448406875133514
-0.31094756722450256 0.24192938208580017 0.09779072552919388
-0.06813492625951767 0.6594186425209045 -0.04976711422204971
-0.2777414619922638 -0.16616886854171753 -0.17116795480251312
-0.3511754870414734 -0.39705023169517517 -0.0593789666891098
-0.27824667096138 0.1252526491880417 0.03072197176516056
-0.2746936082839966 0.47391241788864136 0.13154049217700958
-0.2392321079969406 0.0988197773694992 0.015330091118812561
-0.1830402910709381 0.4855700135231018 0.21165831387043
-0.24680472910404205 -0.4368695914745331 0.08119412511587143
-0.10467014461755753 -0.12492989748716354 -0.1428842842578888
-0.32331907749176025 0.1988113969564438 0.12234650552272797
-0.3332468867301941 0.615500271320343 0.15180933475494385
-0.290485680103302 0.4663870930671692 0.027952589094638824
-0.294533371925354 0.2908197343349457 0.06651225686073303
-0.24908220767974854 -0.754361629486084 -0.33511385321617126
-0.15170598030090332 0.23346707224845886 -0.1311785876750946
-0.047892048954963684 -0.41140279173851013 -0.24240340292453766
-0.3931328058242798 0.106153205037117 0.12012162804603577
-0.25104743242263794 -0.09046514332294464 -0.1374676674604416
-0.28260543942451477 0.3929128646850586 -0.3152967095375061
-0.09055950492620468 0.4610884189605713 -0.30024152994155884
-0.31695258617401123 0.5160265564918518 -0.09105949848890305
-0.19545978307724 0.38410311937332153 -0.20531241595745087
-0.39070865511894226 -0.7480800747871399 0.2723947763442993
-0.11903402209281921 0.19363513588905334 0.13011711835861206
0.30163002014160156 0.31517359614372253 -0.2105562388896942
-0.2968089282512665 -0.1523943692445755 -0.18049097061157227
-0.29439207911491394 -0.05214101821184158 -0.21074385941028595
-0.21957238018512726 0.29426002502441406 -0.23372671008110046
-0.12662526965141296 0.3766005337238312 -0.07593284547328949
-0.25199636816978455 0.3692825734615326 0.06858118623495102
-0.31891798973083496 0.483338862657547 -0.20364786684513092
-0.030306894332170486 0.44413501024246216 -0.2684832215309143
-0.317803293466568 0.559063196182251 -0.11466877162456512
-0.1927809715270996 0.21008285880088806 -0.16405227780342102
-0.2271806299686432 0.46186918020248413 -0.11636403948068619
-0.21822626888751984 0.48451560735702515 -0.0008350680582225323
0.11799342930316925 0.14677804708480835 -0.3005034625530243
0.3090115189552307 0.28688982129096985 -0.04521637409925461
-0.10201456397771835 -0.2989901900291443 -0.2041669338941574
-0.23703815042972565 0.5105158686637878 -0.07841791212558746
-0.09183955192565918 -0.6594380140304565 -0.44350504875183105
0.4076848328113556 0.5270196199417114 0.04276707395911217
-0.34074097871780396 -0.1301056146621704 0.28486406803131104
-0.12260263413190842 0.2929796874523163 -0.21657694876194
-0.280094176530838 0.44463393092155457 0.05567117780447006
-0.2463160902261734 0.26168590784072876 0.015096813440322876
-0.31899985671043396 0.40837961435317993 0.3281404972076416
-0.03294980153441429 0.4338030517101288 0.025965755805373192
-0.32924652099609375 -0.8705387115478516 -0.23888452351093292
-0.16471830010414124 0.391624391078949 -0.21544092893600464
0.3471722900867462 0.3840887248516083 -0.09364071488380432
-0.28672346472740173 -0.38744279742240906 0.13770879805088043
0.366030752658844 0.3016470670700073 -0.3081725537776947
-0.02807253785431385 -0.7044040560722351 -0.19537921249866486
-0.2864066958427429 0.4306057393550873 -0.11845198273658752
0.2665700316429138 -0.5021681785583496 -0.07047238945960999
-0.2994992434978485 0.3790139853954315 -0.043424174189567566
-0.23198387026786804 0.3280869722366333 -0.0005656853318214417
-0.1967919021844864 0.5033808350563049 0.032736048102378845
-0.13748799264431 0.12572231888771057 -0.18987755477428436
-0.39407777786254883 -0.012975884601473808 0.06199454143643379
-0.2534317672252655 0.5467804670333862 -0.06779059767723083
0.33945325016975403 0.29141202569007874 -0.2876380383968353
-0.1774613857269287 0.10493436455726624 -0.09218724071979523
-0.38929039239883423 -0.2054498791694641 0.0019563804380595684
-0.3276679217815399 0.3668348491191864 0.15759405493736267
-0.356818825006485 0.6818263530731201 -0.15483084321022034
-0.42880043387413025 0.615382730960846 0.13138574361801147
-0.1669086217880249 0.41275474429130554 -0.07012848556041718
-0.29465699195861816 0.4576065242290497 0.16309505701065063
-0.21169698238372803 0.2084847390651703 0.02601386047899723
-0.2974989116191864 0.6026333570480347 0.15569812059402466
-0.2806980311870575 0.6918350458145142 0.20821475982666016
-0.14585091173648834 0.2386399358510971 -0.20581795275211334
-0.3330654799938202 0.6027560830116272 -0.3707461655139923
-0.11512492597103119 -0.31713759899139404 -0.32100656628608704
-0.2637277841567993 -0.3238629400730133 -0.15961827337741852
-0.2999218702316284 0.15502041578292847 0.11107102036476135
-0.32013869285583496 -0.9215694665908813 -0.3067776560783386
-0.1944092959165573 0.5795286893844604 -0.4496419131755829
-0.29900744557380676 0.624393105506897 0.12104689329862595
-0.2469484806060791 0.3658123314380646 -0.0854172557592392
-0.3876643776893616 -0.22442498803138733 0.08889523148536682
-0.3790709376335144 0.26384568214416504 0.17083539068698883
-0.13538354635238647 0.1487707942724228 -0.3374934792518616
-0.35502687096595764 0.30996090173721313 -0.023867739364504814
-0.30401286482810974 0.4339827001094818 -0.00909656286239624
-0.3540787994861603 0.5513174533843994 0.09601262211799622
-0.24916034936904907 0.03209507092833519 -0.21246401965618134
-0.1610095500946045 -0.14114025235176086 0.13357189297676086
-0.10196562856435776 -0.28105440735816956 -0.19225750863552094
-0.2781083881855011 0.17911797761917114 0.023546790704131126
-0.22738391160964966 0.42845189571380615 -0.0549950897693634
-0.27885064482688904 0.5094344615936279 0.0983460396528244
-0.175604447722435 0.3151494860649109 0.019631771370768547
-0.2095256745815277 0.3037495017051697 0.10310295969247818
-0.3520353436470032 0.028879644349217415 0.13508373498916626
0.3798752725124359 0.5073879361152649 -0.2301168590784073
-0.2023494690656662 0.2771410346031189 -0.2012912482023239
-0.3624088168144226 -0.6717314720153809 -0.2229795902967453
-0.21529194712638855 0.1540297418832779 0.014255410060286522
-0.3938318192958832 0.57448810338974 -0.19784368574619293
-0.3705575466156006 0.5805677175521851 -0.013262232765555382
-0.2697431147098541 0.44651708006858826 -0.12384425848722458
-0.0739215612411499 0.38982731103897095 -0.17264723777770996
-0.03687480092048645 0.0665142759680748 -0.1725980043411255
-0.3119417726993561 0.5195609927177429 0.36657992005348206
-0.3269329071044922 0.41718819737434387 -0.18148668110370636
-0.2616538107395172 -0.13850978016853333 -0.10904315114021301
-0.30496782064437866 0.36312395334243774 0.23755240440368652
-0.24711844325065613 -0.40092867612838745 -0.04133773222565651
-0.26638737320899963 0.13280217349529266 -0.004364401567727327
-0.32126423716545105 0.7100725769996643 0.0877978727221489
-0.21832135319709778 0.3050372302532196 -0.08908961713314056
-0.26588699221611023 -0.3309207260608673 0.07909219712018967
-0.41662731766700745 0.1430177241563797 0.09201453626155853
0.5674895644187927 0.5830162167549133 -0.009320966899394989
-0.06838390231132507 0.059150584042072296 -0.19593258202075958
-0.2119978815317154 0.538761556148529 0.15323233604431152
-0.19492968916893005 0.3954007625579834 -0.14179864525794983
-0.2978489100933075 0.4866167902946472 0.08938536047935486
-0.0725422129034996 0.33271485567092896 -0.33695441484451294
-0.25126251578330994 -0.2149607092142105 -0.1903977245092392
-0.21289736032485962 0.46843603253364563 -0.11594182997941971
-0.17827096581459045 -0.3358498215675354 -0.33401525020599365
-0.3786918818950653 0.12363947182893753 0.2155642807483673
0.14419323205947876 -0.0952344611287117 -0.10331020504236221
-0.05580143257975578 -0.4971707761287689 -0.5474866628646851
-0.1462109237909317 -0.4394181966781616 0.11879756301641464
-0.1372831165790558 0.3137056529521942 -0.1719394028186798
-0.29386648535728455 0.3495577275753021 -0.24506568908691406
-0.30002373456954956 0.5913878679275513 0.023628924041986465
-0.0402948223054409 0.6027470827102661 0.07659941911697388
-0.3206416964530945 0.4189096689224243 0.2771102488040924
-0.097770094871521 0.17717699706554413 -0.20305876433849335
-0.28538453578948975 0.25194665789604187 0.1601569801568985
-0.36046475172042847 0.40953299403190613 0.12959742546081543
0.30138567090034485 0.4422845244407654 -0.10484575480222702
-0.25885820388793945 0.30052271485328674 -0.14231623709201813
-0.04266893491148949 0.4199365973472595 -0.10508491098880768
-0.32899048924446106 -0.3048790395259857 0.27738383412361145
-0.2893196940422058 -0.07090895622968674 0.16934651136398315
-0.13635621964931488 0.520718514919281 -0.3435625433921814
-0.0012315125204622746 0.011100951582193375 0.013862159103155136
-0.28397971391677856 0.48536166548728943 0.0013822325272485614
-0.13349062204360962 -0.40207353234291077 -0.6211637258529663
-0.32489922642707825 0.25461524724960327 0.11790932714939117
-0.23813466727733612 0.4082071781158447 -0.24682584404945374
-0.3197789490222931 0.43520331382751465 0.02102876827120781
-0.24901363253593445 0.39536434412002563 0.12622077763080597
-0.1260322630405426 -0.407625287771225 -0.17042331397533417
-0.2567751109600067 0.19999584555625916 -0.19163918495178223
-0.17965009808540344 -0.35724198818206787 0.03677656501531601
-0.21628868579864502 -0.0228926632553339 -0.1360519379377365
-0.23741407692432404 0.202314555644989 -0.13248282670974731
-0.2829863429069519 0.5818645358085632 0.03816649690270424
-0.34789544343948364 0.5495560169219971 -0.11406423896551132
-0.23559901118278503 0.5302391648292542 0.07718323171138763
-0.29587072134017944 0.5000682473182678 0.06196669861674309
-0.18030835688114166 0.2161049097776413 -0.2417040765285492
-0.304852157831192 0.1843506246805191 0.18997877836227417
-0.14962346851825714 0.4396059513092041 -0.17679236829280853
-0.4249587953090668 -0.23322968184947968 0.12704947590827942
-0.2649078965187073 -0.17135165631771088 -0.11690875887870789
-0.30975261330604553 0.5125302672386169 -0.27211207151412964
-0.28713011741638184 0.5012956261634827 -0.015503304079174995
0.006932366173714399 0.6472918391227722 -0.010566867887973785
-0.3635958433151245 0.24426114559173584 0.03277714177966118
-0.23183655738830566 0.37379035353660583 -0.09884047508239746
-0.01720842346549034 0.30181825160980225 -0.5878283977508545
0.001895308494567871 -0.042985353618860245 -0.16913527250289917
-0.23366396129131317 0.36026185750961304 -0.2274085134267807
-0.38634106516838074 0.38031232357025146 0.0008306090603582561
-0.33893829584121704 0.42919161915779114 0.24519142508506775
0.4440947473049164 0.22197382152080536 -0.2552805542945862
-0.25867515802383423 0.19321909546852112 -0.030987469479441643
-0.32665446400642395 0.2669193148612976 0.09636648744344711
-0.26150375604629517 1.0081623792648315 0.3466857075691223
-0.24877727031707764 0.5716493725776672 0.1728413999080658
-0.3084613084793091 0.42038074135780334 -0.22290872037410736
-0.30294254422187805 0.3469468653202057 0.20394101738929749
-0.22704875469207764 0.3329053521156311 -0.1789778172969818
0.4416216015815735 -0.1713392287492752 -0.43302109837532043
0.30009782314300537 0.345681756734848 -0.0091354139149189
-0.1877090483903885 0.4068140387535095 -0.1100558415055275
0.06892360001802444 -0.04282987862825394 0.0206479299813509
-0.2868172228336334 0.24815808236598969 0.12857843935489655
-0.24523109197616577 0.3568650484085083 -0.045473549515008926
-0.2724946141242981 0.3616056442260742 0.1337011307477951
-0.17699669301509857 0.7009767293930054 0.08735213428735733
-0.31816717982292175 0.40099525451660156 0.05588088929653168
-0.10488004237413406 0.3570536673069 -0.4321296811103821
-0.11573681980371475 0.18749472498893738 -0.14688366651535034
-0.2928493320941925 -0.391858845949173 -0.13551245629787445
0.29395195841789246 0.2703842520713806 -0.06065579503774643
-0.24637463688850403 0.026628920808434486 -0.03620384633541107
-0.258925199508667 0.2457166314125061 0.013164011761546135
-0.3563922643661499 -0.08555469661951065 0.06420199573040009
-0.26692166924476624 0.2410602867603302 0.0984644889831543
0.14116200804710388 0.3324064016342163 -0.13560304045677185
-0.3265012204647064 0.2908717095851898 0.09210596233606339
-0.07574362307786942 0.4330286681652069 -0.05464934930205345
-0.2751205861568451 0.42850369215011597 -0.17081734538078308
-0.18601740896701813 0.38136783242225647 -0.0433846153318882
-0.23900780081748962 0.39271318912506104 -0.15713602304458618
-0.27400726079940796 0.2496364265680313 -0.33488765358924866
-0.23129649460315704 0.028649799525737762 -0.12640690803527832
-0.3112420439720154 0.5658279657363892 0.06203656643629074
-0.2611771821975708 0.32251080870628357 -0.18766146898269653
-0.2457314431667328 0.2790362536907196 -0.14131340384483337
0.2673269510269165 -0.08251653611660004 -0.2278226613998413
-0.3009645640850067 0.33565807342529297 0.23503650724887848
-0.08184580504894257 0.43816128373146057 -0.0921420231461525
-0.3230195939540863 0.07243041694164276 -0.03504638746380806
-0.3299177587032318 0.29578897356987 0.025982238352298737
-0.26061883568763733 0.29214176535606384 -0.19091124832630157
-0.012450406327843666 0.2020050287246704 -0.4121670126914978
-0.1996750831604004 -0.41268542408943176 -0.21541664004325867
-0.3534838855266571 0.10497648268938065 -0.0720311850309372
-0.2422412484884262 0.32725733518600464 0.0643433928489685
-0.3748970627784729 0.17703405022621155 0.13252666592597961
-0.18071430921554565 0.4319923520088196 -0.07836537808179855
-0.26872894167900085 -0.2936864495277405 0.1512845754623413
-0.3117470145225525 0.3860233426094055 -0.22269855439662933
-0.22720898687839508 0.10137580335140228 -0.15351133048534393
-0.331418514251709 -0.2641942501068115 0.02863665670156479
-0.22344060242176056 -0.3196784257888794 -0.21391919255256653
-0.32765993475914 0.3680468797683716 -0.31563109159469604
0.08941362798213959 0.3379572033882141 -0.17575252056121826
-0.3070289194583893 0.5231985449790955 0.11389128863811493
-0.30917805433273315 0.39302390813827515 0.1531350463628769
-0.32172709703445435 0.24564170837402344 0.0830894336104393
-0.11600794643163681 0.23439671099185944 -0.19969232380390167
-0.2540765404701233 0.11686532944440842 -0.08080372214317322
-0.4632880687713623 0.545799970626831 -0.1387179046869278
0.3286900520324707 0.25488945841789246 -0.2858237326145172
-0.2798164486885071 0.31970277428627014 -0.16665956377983093
-0.31007012724876404 0.18868881464004517 -0.5116207003593445
0.44884610176086426 0.4794121980667114 -0.059452954679727554
-0.15684761106967926 0.35682323575019836 -0.17918775975704193
-0.39177271723747253 0.139612078666687 -0.018022386357188225
-0.2713553011417389 0.3803568184375763 0.043394748121500015
-0.11654705554246902 0.33214062452316284 -0.25231921672821045
-0.29813745617866516 -0.16459183394908905 0.16582009196281433
-0.24304983019828796 0.3000532388687134 -0.07453430444002151
0.3501547873020172 0.19388191401958466 -0.013875069096684456
-0.06885413825511932 0.39884230494499207 -0.16258718073368073
-0.293266624212265 0.4812157452106476 -0.03855472803115845
0.32173067331314087 -0.1855178028345108 0.06320536136627197
-0.08867867290973663 0.2878861725330353 -0.15879355370998383
0.11965523660182953 0.3063088655471802 -0.24448630213737488
-0.08813060075044632 -0.34571409225463867 -0.4327945113182068
-0.02229360304772854 0.22734808921813965 -0.1788169890642166
-0.33050277829170227 0.28245246410369873 -0.10091578215360641
-0.37582746148109436 -0.687667727470398 -0.231245219707489
0.17783385515213013 0.046318311244249344 -0.16432873904705048
-0.3405807316303253 0.1478525698184967 0.09814972430467606
-0.3769382834434509 -0.4580134153366089 0.3489966094493866
-0.24994605779647827 0.44240865111351013 -0.0007861535996198654
-0.36727699637413025 0.13553036749362946 0.24334722757339478
0.33175128698349 0.09646925330162048 -0.17250129580497742
-0.25623151659965515 0.36291125416755676 -0.08839545398950577
-0.09098955988883972 0.38727280497550964 -0.1718788594007492
-0.10051291435956955 0.41410529613494873 -0.0006172577850520611
-0.2870793342590332 0.10276445001363754 -0.04914918914437294
-0.26870250701904297 -0.011228736490011215 0.07369191199541092
-0.12061098963022232 -0.38663285970687866 -0.4596259891986847
-0.19452543556690216 -0.02214759960770607 0.08474716544151306
-0.15681041777133942 0.3651559054851532 0.029749494045972824
-0.38685476779937744 0.06579051166772842 -0.26521816849708557
-0.07813429087400436 0.4719836115837097 0.08800545334815979
-0.30736660957336426 0.4152302145957947 -0.031099515035748482
-0.18944889307022095 0.36356180906295776 -0.28065139055252075
-0.2500990331172943 0.2296830117702484 -0.13766738772392273
-0.2949760854244232 0.4859841465950012 -0.191785991191864
-0.32750770449638367 0.14287914335727692 0.017955170944333076
0.37077924609184265 0.3842442035675049 -0.10578963160514832
-0.17245066165924072 0.5736203789710999 -0.31119436025619507
-0.2138959914445877 0.35068732500076294 -0.028055360540747643
-0.3659338653087616 0.2791937291622162 0.21171534061431885
0.020677994936704636 0.30107325315475464 -0.09166416525840759
-0.2531537115573883 0.3740094006061554 -0.05257302150130272
-0.36569294333457947 0.6040262579917908 0.06752512603998184
-0.2710423469543457 0.7488096952438354 0.1898813396692276
-0.3266657888889313 0.29377588629722595 0.04005320742726326
-0.2416018396615982 0.2500495910644531 0.18147017061710358
-0.2628657817840576 0.10983191430568695 0.056788574904203415
-0.12921300530433655 0.2676282525062561 -0.020189650356769562
-0.21503642201423645 0.4536428451538086 0.004199047572910786
-0.21823765337467194 0.0693502426147461 -0.20023272931575775
-0.1983603984117508 0.43462687730789185 0.1254122257232666
-0.20440125465393066 -0.2565135955810547 -0.0017843092791736126
-0.3331568241119385 0.22205416858196259 -0.19790637493133545
-0.353315532207489 0.3867960572242737 -0.21294108033180237
-0.2619425356388092 0.3738977611064911 0.09268035739660263
-0.2863168716430664 0.2882491946220398 0.15349306166172028
-0.4001024067401886 0.35073110461235046 0.1454811692237854
-0.17633724212646484 0.43130016326904297 -0.1967119425535202
-0.30993616580963135 0.5118103623390198 0.06641338020563126
-0.20870554447174072 0.47001031041145325 0.051741428673267365
-0.2624857723712921 0.40931782126426697 0.01652628928422928
-0.3003678619861603 0.40816977620124817 0.10365680605173111
-0.30947548151016235 0.5779767036437988 0.18456031382083893
-0.25882217288017273 -0.03167995437979698 -0.07337542623281479
-0.28926795721054077 0.2264719158411026 0.1565275490283966
-0.23056939244270325 0.2484271079301834 -0.06705573201179504
-0.12114972621202469 0.5584784746170044 -0.1925666630268097
-0.016072696074843407 0.30389025807380676 0.027561238035559654
-0.2559276819229126 0.13558614253997803 -0.11771134287118912
-0.31231093406677246 0.604717493057251 0.3233478367328644
-0.16608969867229462 0.46544936299324036 -0.09517228603363037
-0.24702627956867218 0.38656893372535706 -0.05498671159148216
-0.38661912083625793 0.044220395386219025 0.04282340407371521
-0.2949141263961792 -0.008653400465846062 -0.20964474976062775
-0.30431321263313293 0.20308277010917664 -0.05720938369631767
-0.24350818991661072 0.20498454570770264 -0.18165916204452515
-0.31623512506484985 0.1809554100036621 -0.028080934658646584
-0.260511189699173 -0.21710750460624695 -0.22636350989341736
-0.21280524134635925 -0.20436039566993713 0.1662118285894394
-0.07248914986848831 -0.0934542790055275 -0.4323860704898834
-0.297149658203125 0.7399464249610901 0.16250351071357727
0.0339483842253685 0.17018084228038788 -0.16814075410366058
0.6077605485916138 0.32698512077331543 0.08017556369304657
0.021014641970396042 0.25985220074653625 -0.29090508818626404
-0.4378472864627838 -0.5697509050369263 0.2771070897579193
-0.3061613440513611 0.6137645244598389 0.041951850056648254
-0.2956329584121704 0.409940630197525 -0.19623875617980957
-0.3356834948062897 0.4161994457244873 0.3301590383052826
-0.3255627155303955 0.5411205291748047 0.08466975390911102
-0.2791767716407776 0.41689208149909973 -0.21813467144966125
0.2552149295806885 0.47885453701019287 0.03012894093990326
-0.308925062417984 0.23804523050785065 0.15948809683322906
-0.34160974621772766 -0.03805328533053398 0.11878733336925507
0.10060890763998032 -0.05376618728041649 -0.0456320084631443
-0.16739924252033234 0.6151217818260193 0.1536957323551178
-0.07207642495632172 -0.12256362289190292 -0.1699138581752777
-0.2932147681713104 0.5182399749755859 0.09179440885782242
-0.20779937505722046 -0.7248490452766418 -0.19996123015880585
-0.21677404642105103 0.4452635645866394 0.11999451369047165
-0.3069935142993927 -0.25439003109931946 -0.08364002406597137
-0.4168701767921448 -0.4470078647136688 0.03010239638388157
-0.16925004124641418 -0.6799359917640686 -0.33372417092323303
-0.4466249644756317 0.47456201910972595 -0.14531296491622925
-0.3347576856613159 0.5692092776298523 -0.1420968472957611
-0.32769593596458435 0.5460624098777771 0.044487446546554565
-0.282175749540329 0.4238683879375458 0.12530629336833954
-0.22699442505836487 0.14830921590328217 -0.12726548314094543
-0.31570741534233093 0.5005502104759216 0.07799169421195984
0.3173377215862274 0.25013965368270874 -0.331326425075531
-0.33126989006996155 0.5656306743621826 -0.4796806275844574
-0.07138178497552872 0.27608802914619446 -0.6943725943565369
0.954171359539032 0.06308489292860031 -0.27840644121170044
-0.11259625107049942 0.36421269178390503 -0.08661118149757385
-0.2282485067844391 0.3789881765842438 -0.009082388132810593
-0.32290875911712646 -0.2870500385761261 0.23754622042179108
-0.26337021589279175 0.4871317446231842 -0.2574169635772705
-0.39329853653907776 -0.5550448894500732 0.24924211204051971
-0.31083953380584717 -0.1416640430688858 -0.1677490472793579
-0.09537138044834137 -0.4406948685646057 -0.34530696272850037
0.09869636595249176 0.3011837601661682 -0.06801898777484894
-0.3470560908317566 0.36870744824409485 0.22078129649162292
-0.09489106386899948 0.021077284589409828 0.039316028356552124
-0.3393378257751465 -0.25062426924705505 -0.20341889560222626
-0.044040001928806305 -0.0615154467523098 -0.2029499113559723
-0.260429322719574 0.30639004707336426 0.032078150659799576
-0.28935956954956055 0.5870218276977539 0.1601203829050064
-0.1781463325023651 0.42619580030441284 0.05093137174844742
-0.2194543331861496 -0.2654702067375183 -0.24263587594032288
-0.2883990705013275 -0.0020434148609638214 -0.16292354464530945
0.04950148984789848 0.2847730815410614 -0.11419980973005295
-0.2252776324748993 0.5546857118606567 -0.18184024095535278
-0.30093520879745483 0.4909660518169403 -0.13600203394889832
-0.0664282888174057 0.4079993665218353 0.2719477415084839
0.1538756787776947 0.21039968729019165 0.054832641035318375
0.35568082332611084 0.15030553936958313 -0.1915765404701233
-0.26425081491470337 0.5110171437263489 0.020014600828289986
-0.3503967523574829 0.14718745648860931 -0.13556739687919617
-0.1831231266260147 0.2492520958185196 -0.12902402877807617
-0.27472224831581116 0.45286238193511963 0.11601761728525162
-0.1477828472852707 0.6176925301551819 0.2089267075061798
-0.3285026550292969 0.5517519116401672 0.009071915410459042
-0.29184892773628235 0.4727991819381714 0.011341780424118042
-0.20748774707317352 0.37410449981689453 -0.19315864145755768
0.0613538920879364 -0.5238791108131409 -0.14830124378204346
-0.07810036838054657 0.35174277424812317 -0.15761122107505798
-0.16311363875865936 0.21139395236968994 0.012888889759778976
-0.422012060880661 0.3731890022754669 0.05105077102780342
-0.27403467893600464 0.4179542064666748 0.05795176327228546
-0.29281410574913025 0.0893479511141777 -0.030653050169348717
-0.41061684489250183 0.053323931992053986 -0.4428914189338684
0.00407619122415781 -0.5188955664634705 -0.22197222709655762
-0.24509145319461823 0.6290027499198914 0.21316295862197876
-0.30641070008277893 0.595710039138794 0.19969521462917328
-0.2621799111366272 0.4968697428703308 0.10220881551504135
-0.32137590646743774 0.497848778963089 0.1185353472828865
-0.3136156499385834 0.31401529908180237 0.15231475234031677
-0.08146745711565018 0.45822787284851074 0.05501361936330795
-0.2744392454624176 0.36317041516304016 -0.22679801285266876
-0.29006922245025635 -0.038949429988861084 -0.11615350842475891
0.6366177201271057 0.030188167467713356 -0.33079180121421814
-0.2677093744277954 0.11166048794984818 0.054671697318553925
-0.2635997235774994 0.24136750400066376 -0.15201035141944885
-0.18412259221076965 0.33887678384780884 -0.2008746713399887
-0.06511934101581573 0.09925827383995056 0.08626598119735718
-0.28728604316711426 0.32090792059898376 0.2501940131187439
-0.4141753017902374 -0.7593836188316345 0.0929814875125885
-0.1962706446647644 0.12362272292375565 0.07243088632822037
-0.07991507649421692 0.38495609164237976 -0.21041542291641235
-0.2862977981567383 0.40485429763793945 -0.23735050857067108
0.15152114629745483 0.227910116314888 -0.28201234340667725
-0.18825413286685944 0.34421178698539734 -0.1933809220790863
-0.09895303100347519 0.34238627552986145 0.07089420408010483
-0.3312017023563385 0.2148571014404297 0.2770580053329468
-0.3060925006866455 0.41641831398010254 0.13785555958747864
-0.034286871552467346 0.5236040949821472 -0.08807306736707687
-0.23705634474754333 -0.47744107246398926 -0.15057919919490814
-0.2777837812900543 0.2793191373348236 -0.10642309486865997
0.2245744913816452 0.6086264252662659 0.00653097964823246
-0.34164172410964966 0.5376114845275879 -0.08127162605524063
-0.2910265326499939 0.46011826395988464 0.004928817041218281
-0.14365927875041962 0.39990952610969543 -0.2356424480676651
0.3101246654987335 0.18017727136611938 -0.25006771087646484
-0.37859436869621277 0.03587986156344414 -0.5256417989730835
-0.11502780020236969 0.46417298913002014 -0.04082595556974411
-0.14163872599601746 -0.5461954474449158 0.16828978061676025
-0.25871986150741577 0.34438809752464294 0.09448664635419846
-0.30492863059043884 0.3070391118526459 -0.15952859818935394
0.10751660913228989 -0.13460558652877808 -0.21776987612247467
-0.3747093379497528 0.5576055645942688 0.054219651967287064
-0.3921022117137909 0.4143924415111542 0.11010928452014923
-0.16419735550880432 -0.14184419810771942 -0.11837486922740936
-0.30082905292510986 0.5804459452629089 0.4059595763683319
-0.2542206346988678 0.29026058316230774 -0.05296441912651062
-0.023446450009942055 -0.5937278270721436 -0.3921361565589905
-0.2532426416873932 0.3806743919849396 -0.21227160096168518
-0.24448204040527344 0.5107446312904358 -0.03406883776187897
-0.30642467737197876 -0.7445388436317444 0.06795486807823181
-0.3275574743747711 0.6432660222053528 0.06570158898830414
-0.23475281894207 -0.09493006020784378 -0.06187296286225319
-0.21168163418769836 0.5484718084335327 0.03564048558473587
-0.37311893701553345 0.3797054886817932 0.10094918310642242
-0.2727046608924866 0.04409315064549446 -0.14946545660495758
-0.4471399486064911 0.8223939538002014 -0.10248278081417084
-0.05785007402300835 0.28577426075935364 -0.11410679668188095
-0.12655021250247955 0.6907511949539185 0.13184519112110138
-0.3252480924129486 0.15745651721954346 0.1921592652797699
-0.30569538474082947 0.5602843761444092 0.057111624628305435
-0.24088260531425476 0.37921661138534546 0.052428800612688065
-0.2376105636358261 0.6196101903915405 -0.028488004580140114
-0.26845598220825195 0.40928494930267334 0.07027219235897064
-0.38885852694511414 0.6770610213279724 0.2970349192619324
-0.28536155819892883 0.2586148977279663 -0.10424746572971344
-0.3931253254413605 -0.6314367055892944 -0.12170612812042236
-0.2463056594133377 0.0019043677020817995 -0.1517593264579773
-0.28224942088127136 0.18791012465953827 0.0421200729906559
-0.3306513726711273 0.018667783588171005 0.05253265053033829
-0.3874081075191498 -0.3455567955970764 -0.41133278608322144
-0.23572275042533875 0.47018977999687195 -0.02565840259194374
-0.2711409330368042 0.2963913381099701 0.19651800394058228
-0.2962023615837097 0.18845447897911072 0.1452041119337082
-0.1240869089961052 0.017062179744243622 -0.3365614414215088
-0.28059813380241394 0.8547767400741577 0.22831721603870392
-0.35519939661026 0.0168752558529377 -0.08066743612289429
0.3715548813343048 0.15684829652309418 -0.3705945611000061
-0.25438132882118225 -0.2095595747232437 -0.32155561447143555
0.07395919412374496 0.3108493387699127 0.14778786897659302
0.3940439820289612 0.25236696004867554 -0.34357085824012756
-0.28606006503105164 0.2587074935436249 -0.12800920009613037
0.648655891418457 0.03146238625049591 -0.30845481157302856
-0.2850787341594696 0.6018104553222656 0.013457441702485085
-0.17915372550487518 0.2788802981376648 0.0029421672224998474
-0.40280085802078247 -0.1475057303905487 0.16984236240386963
-0.3598771393299103 0.5668362975120544 -0.05857779085636139
-0.15023015439510345 0.6133953332901001 -0.021581344306468964
-0.26154181361198425 0.4155682921409607 0.16660474240779877
-0.29070600867271423 0.41621220111846924 -0.10971014201641083
-0.2849847674369812 0.4749835431575775 0.10177294164896011
-0.2512747645378113 0.0278803501278162 0.003428212832659483
-0.25214317440986633 0.3560073971748352 -0.03289966285228729
-0.249069482088089 -0.1448187381029129 0.014713265001773834
-0.223262757062912 0.20942087471485138 -0.19465266168117523
0.573472261428833 -0.07303352653980255 -0.38138723373413086
-0.24762091040611267 0.33054155111312866 0.002498853951692581
-0.3925047218799591 0.3050960898399353 0.08792325109243393
-0.24864551424980164 0.44245830178260803 0.07101116329431534
-0.2038566619157791 0.46560078859329224 -0.0962645560503006
-0.33124130964279175 -0.23222678899765015 0.019133592024445534
-0.22903011739253998 0.2534603774547577 -0.5536930561065674
-0.3299694359302521 0.8295055031776428 0.5813190937042236
-0.3345952033996582 -1.0476562976837158 -0.10159946978092194
-0.08561360090970993 0.32278186082839966 -0.05185426399111748
0.421436607837677 0.3532234728336334 -0.1503443419933319
-0.22620035707950592 0.25846242904663086 -0.036831337958574295
0.613976776599884 0.2565055191516876 -0.1746559888124466
-0.3352729082107544 0.431080162525177 -0.21443405747413635
-0.16474749147891998 0.3693782687187195 -0.09740200638771057
-0.24364541471004486 0.5618041157722473 0.19513797760009766
-0.30375298857688904 0.45694461464881897 0.21989326179027557
-0.09461358189582825 0.28100693225860596 -0.12232285737991333
-0.2497410774230957 0.47678762674331665 0.11218119412660599
-0.06639093905687332 0.49795952439308167 -0.017569810152053833
-0.3321742117404938 0.3886234164237976 -0.16983562707901
-0.3195500075817108 0.5258579850196838 0.20899812877178192
-0.31499192118644714 0.2577536106109619 0.0922602042555809
-0.30522093176841736 0.7879699468612671 0.1253221482038498
-0.23913036286830902 0.1533440351486206 -0.22900265455245972
-0.31128188967704773 0.4943925142288208 -0.0943143218755722
-0.2952316999435425 0.49654853343963623 0.16184698045253754
0.4027770161628723 0.42773187160491943 -0.32277071475982666
-0.37716031074523926 0.7613697648048401 -0.167057603597641
-0.19544824957847595 0.34417101740837097 0.025303564965724945
-0.2843169867992401 -0.3875062167644501 -0.249783456325531
-0.19025012850761414 -0.11197659373283386 -0.08366364985704422
-0.27515509724617004 0.28800833225250244 0.13000190258026123
-0.26867595314979553 0.3191094398498535 -0.33921849727630615
-0.3830778896808624 -0.07221709936857224 -0.28555527329444885
-0.2610533833503723 -0.04853900149464607 -0.10577331483364105
-0.2742815315723419 0.34404146671295166 -0.2915693521499634
-0.35609278082847595 0.5136432647705078 0.142741397023201
-0.3208545744419098 0.029577666893601418 0.1431986391544342
-0.2798595428466797 0.48363253474235535 0.09927655011415482
-0.2806326746940613 0.036260366439819336 0.09968657791614532
-0.21565255522727966 -0.17886371910572052 -0.3284153342247009
-0.24286644160747528 0.35970377922058105 -0.20244860649108887
-0.2810090482234955 0.5453177690505981 0.1266814023256302
-0.4587012231349945 -0.14300376176834106 -0.30258506536483765
-0.43431147933006287 -0.6097478270530701 -0.12961450219154358
-0.36092695593833923 0.5626181364059448 -0.0851638987660408
-0.229252427816391 0.31238943338394165 -0.27669209241867065
-0.3618567883968353 0.1706758439540863 0.10987304151058197
-0.2848111391067505 0.2900632917881012 -0.06081566587090492
-0.31264713406562805 0.47536399960517883 0.26222458481788635
-0.13298967480659485 0.3387480080127716 0.03522519767284393
-0.428035706281662 0.20189671218395233 0.34445807337760925
-0.38303887844085693 -0.64596027135849 0.06375209242105484
-0.2081100344657898 -0.1877431720495224 -0.1439010500907898
-0.2556253969669342 0.28628668189048767 0.1897358000278473
-0.28995123505592346 0.5058677196502686 0.1426757127046585
-0.43826407194137573 -0.8646330833435059 0.2861170768737793
-0.055891022086143494 0.17313583195209503 -0.25766658782958984
-0.03616245836019516 0.5215640664100647 0.012773429974913597
-0.16710010170936584 -0.7578389048576355 -0.23195572197437286
-0.3151962161064148 0.4340050518512726 0.3024343252182007
-0.28979727625846863 0.4569234848022461 -0.030870722606778145
-0.28450873494148254 0.6643853783607483 0.16142010688781738
-0.40934258699417114 0.2100093960762024 0.12645871937274933
-0.34208622574806213 0.838562548160553 0.1701548993587494
-0.032654598355293274 0.29214173555374146 -0.31188416481018066
-0.37259435653686523 -0.4936170279979706 0.14441947638988495
-0.23087401688098907 -0.2532031238079071 -0.23992088437080383
-0.30271539092063904 0.064308762550354 0.20844833552837372
-0.2672880291938782 0.47858065366744995 -0.010652104392647743
-0.29293936491012573 -0.14641369879245758 -0.04390556365251541
-0.27998581528663635 0.05377587303519249 0.08185812830924988
0.09174701571464539 0.09582139551639557 -0.40645211935043335
-0.2782924175262451 0.14950686693191528 0.012394759804010391
-0.3302057087421417 -0.19826407730579376 -0.10064055025577545
-0.2519512474536896 0.08910563588142395 -0.16755345463752747
-0.25701385736465454 0.1321544647216797 -0.12220541387796402
-0.330649197101593 0.22557801008224487 0.18096618354320526
-0.25265029072761536 0.32986941933631897 0.031799402087926865
-0.09828991442918777 0.3879503011703491 -0.13239985704421997
-0.3077951669692993 0.4104720950126648 -0.306564599275589
0.2955780327320099 -0.4394937753677368 -0.14255326986312866
-0.25846579670906067 0.48888856172561646 -0.3020113706588745
0.4992678165435791 0.11335023492574692 -0.5206559896469116
-0.2415744960308075 0.2766989767551422 -0.19217845797538757
-0.28644654154777527 0.4320472478866577 -0.20778489112854004
-0.2037961333990097 -0.4135412573814392 -0.315473735332489
-0.15080110728740692 0.46946898102760315 -0.1700710654258728
-0.025584079325199127 0.36511924862861633 -0.21958474814891815
-0.0997803583741188 0.24012897908687592 -0.32885029911994934
-0.1543014496564865 -0.3978351056575775 -0.08625336736440659
0.008965644985437393 0.4044134318828583 -0.055414870381355286
-0.26749616861343384 0.4608725607395172 -0.05869979038834572
-0.3055019974708557 0.2898885905742645 -0.010144218802452087
-0.10458740592002869 0.3657698631286621 0.043228212743997574
-0.28737547993659973 0.44632530212402344 0.09956507384777069
0.025265246629714966 -0.009938620030879974 -0.20515668392181396
-0.2340417206287384 0.22648939490318298 -0.27310705184936523
-0.349247545003891 0.26703473925590515 0.1148589700460434
-0.25940772891044617 0.4552438259124756 0.15135018527507782
0.5052193403244019 0.12151992321014404 -0.4643982946872711
-0.2660609483718872 0.3960939645767212 0.07401053607463837
-0.27804329991340637 0.0157468318939209 -0.08083275705575943
-0.3367135226726532 0.568483293056488 0.11992994695901871
-0.4592765271663666 0.20410624146461487 0.17497573792934418
-0.09759949892759323 0.4534541666507721 -0.16332095861434937
-0.16773249208927155 0.18981440365314484 -0.08468341827392578
-0.30521705746650696 -0.2801535725593567 0.06243056431412697
-0.20921972393989563 0.16835860908031464 -0.18453292548656464
-0.320704847574234 0.6414272785186768 0.08838334679603577
-0.31497442722320557 0.40800702571868896 0.00807684101164341
-0.3308941125869751 0.06134228780865669 -0.07908625900745392
-0.39536052942276 -0.5714494585990906 0.3410026729106903
-0.20912492275238037 0.16216827929019928 -0.037913598120212555
-0.3456909954547882 0.5423538088798523 -0.13076192140579224
-0.2875027060508728 0.2571827471256256 0.15822672843933105
-0.34713807702064514 -0.12059584259986877 0.08609377592802048
-0.32354679703712463 0.5111396312713623 0.08833076059818268
-0.22855563461780548 0.19569480419158936 -0.0030658598989248276
0.07845962047576904 -0.21279825270175934 -0.31504422426223755
-0.31914418935775757 0.663450300693512 0.025195853784680367
-0.06113557517528534 -0.7184714674949646 -0.325571209192276
-0.25833892822265625 -0.5805450677871704 -0.3960478901863098
-0.05495503917336464 -0.5903934836387634 -0.09492164105176926
-0.3274414837360382 0.16496716439723969 -0.10701959580183029
-0.28779566287994385 0.41441091895103455 -0.34624820947647095
0.16552160680294037 0.21379093825817108 -0.027229806408286095
-0.22480708360671997 0.4273633360862732 0.015783153474330902
0.047320831567049026 0.47418853640556335 -0.19132640957832336
-0.16599157452583313 0.5164405107498169 0.05582807585597038
-0.2417258620262146 0.023048777133226395 0.0006858048727735877
-0.31330183148384094 -0.3772554397583008 0.08202677220106125
-0.3387713134288788 0.15351298451423645 -0.010749582201242447
-0.3473477363586426 0.5726378560066223 0.020154977217316628
-0.3260628283023834 0.07550185173749924 0.14111322164535522
-0.28061750531196594 -0.23786035180091858 -0.15895767509937286
-0.027725763618946075 0.3577485978603363 -0.19713987410068512
-0.28606852889060974 0.16273802518844604 -0.09537021815776825
-0.2550109922885895 0.3532017171382904 0.03629906103014946
0.3432750999927521 0.37389689683914185 -0.10154945403337479
-0.3025830388069153 0.2969208061695099 0.20602397620677948
-0.13507163524627686 0.15072186291217804 -0.21460968255996704
0.04465949907898903 0.35086026787757874 -0.11607556790113449
-0.41735219955444336 -0.22993214428424835 0.16710332036018372
0.28342485427856445 0.056135471910238266 -0.22231817245483398
-0.3497854471206665 0.12276077270507812 0.01587647758424282
-0.2424960732460022 0.04561830312013626 -0.29904797673225403
-0.30781859159469604 0.2900540828704834 -0.004364194814115763
-0.36148974299430847 0.41825205087661743 -0.32799339294433594
-0.3114457130432129 0.4070793092250824 0.20544147491455078
-0.4259052574634552 0.27815625071525574 -0.03452392667531967
-0.12189285457134247 0.16995079815387726 -0.03160068020224571
-0.3097876310348511 0.4001803696155548 -0.27581295371055603
-0.2564968764781952 0.5223212838172913 -0.013887843117117882
-0.3125952482223511 0.6487301588058472 0.34537211060523987
-0.3024325370788574 0.5408838987350464 0.17685164511203766
-0.05876132845878601 0.5166724920272827 0.04399000480771065
-0.28079164028167725 0.5264820456504822 0.06451456993818283
-0.32862719893455505 -0.02027682214975357 0.1317007839679718
0.2737383544445038 0.4041846990585327 -0.13038678467273712
-0.24083900451660156 0.2924255430698395 -0.10210340470075607
-0.18392573297023773 -0.01769745908677578 -0.14701157808303833
-0.28125590085983276 0.6484653949737549 0.07134058326482773
-0.2888140380382538 0.5786200165748596 0.08511825650930405
-0.24569258093833923 0.7028076648712158 0.016903242096304893
-0.22176223993301392 0.22041554749011993 0.07098705321550369
-0.3013646602630615 -0.2564808130264282 -0.16835623979568481
-0.2901639938354492 0.12185028940439224 0.07539261877536774
-0.20410698652267456 0.4130623936653137 -0.012170681729912758
-0.31955084204673767 0.12618893384933472 0.1409309357404709
-0.26454129815101624 -0.34727784991264343 -0.13057951629161835
-0.258857399225235 0.4318690896034241 -0.05425535887479782
-0.2624204754829407 0.4613356292247772 -0.02753068506717682
-0.3512672483921051 0.2572286128997803 -0.12577670812606812
-0.23972108960151672 0.24778981506824493 0.1145554631948471
-0.22058424353599548 0.19628320634365082 0.017079895362257957
-0.30166390538215637 0.3375001847743988 0.2854810059070587
-0.25031566619873047 -0.5134288668632507 -0.1139807179570198
-0.24509228765964508 0.4879443049430847 0.08764898031949997
-0.37671053409576416 0.5375360250473022 -0.2749374806880951
-0.06756515800952911 0.3675350546836853 -0.17874103784561157
-0.3015146553516388 0.27690574526786804 -0.1532471477985382
-0.24038231372833252 0.2144022285938263 -0.16285470128059387
-0.13331125676631927 0.35940760374069214 -0.18257272243499756
-0.1199522316455841 -0.29827815294265747 -0.18207529187202454
-0.1388649046421051 0.5238350033760071 -0.12659716606140137
-0.26886075735092163 -0.10212679207324982 0.032736338675022125
-0.3492029011249542 0.34784185886383057 0.03244520723819733
-0.1584906131029129 0.3491080403327942 -0.4402392506599426
0.264926940202713 -0.27407002449035645 -0.07482430338859558
-0.32298845052719116 0.2281821221113205 0.1441541165113449
-0.3670829236507416 -0.03204011172056198 0.12967094779014587
-0.2857472002506256 0.5048192739486694 0.18331220746040344
-0.015497252345085144 -0.24497945606708527 -0.3707413971424103
-0.2700607180595398 0.45811429619789124 0.07207994908094406
-0.29188743233680725 0.5454947352409363 -0.16070088744163513
-0.3786989748477936 0.47147688269615173 -0.1773533672094345
-0.3271583616733551 -0.3664059340953827 -0.046684954315423965
-0.2845648527145386 0.2204546332359314 0.03782908245921135
-0.4326817989349365 0.494225412607193 -0.13443394005298615
-0.057297252118587494 0.3426348865032196 -0.23605011403560638
0.04008511081337929 0.30927959084510803 -0.23526887595653534
-0.26404860615730286 0.42130327224731445 0.0486958771944046
-0.29472142457962036 0.24135945737361908 -0.03381408378481865
-0.0026043234393000603 -0.6411389708518982 -0.41140133142471313
-0.2425326257944107 0.4540465772151947 -0.03965354710817337
-0.3987932503223419 0.6715824604034424 0.10765419155359268
-0.4244271516799927 -0.2902677357196808 0.15973210334777832
0.333656370639801 0.06128031015396118 -0.0778554230928421
-0.24598005414009094 0.3358862102031708 -0.02062797360122204
-0.11704030632972717 0.4670502245426178 0.04295528307557106
-0.22649146616458893 0.44330406188964844 0.05574137344956398
0.4116433560848236 0.31312233209609985 -0.04561873897910118
-0.2837451994419098 0.3654312491416931 0.2078700065612793
-0.31885477900505066 0.4067555367946625 -0.2884840667247772
-0.2839535176753998 0.4570358991622925 0.0017087501473724842
-0.3380754590034485 0.15582473576068878 -0.17577721178531647
-0.2839782238006592 -0.35257214307785034 -0.255900114774704
-0.39303818345069885 0.26207077503204346 0.005935835652053356
-0.16277894377708435 -0.4974692761898041 -0.2405937910079956
0.6822681427001953 0.3465242385864258 -0.15544579923152924
-0.2513836622238159 0.3209174573421478 -0.19429920613765717
-0.05461558699607849 0.04968835413455963 -0.5463457703590393
-0.25100329518318176 0.5892809629440308 0.18109528720378876
-0.1826300024986267 0.631895899772644 -0.43285369873046875
-0.29936733841896057 0.4629772901535034 0.16479893028736115
0.302221417427063 -0.14884193241596222 -0.12596330046653748
-0.3834460377693176 -0.7317283749580383 0.3482004702091217
-0.2709925174713135 -0.36989086866378784 -0.05285125970840454
0.1436242163181305 -0.09324170649051666 0.16803261637687683
-0.24580231308937073 0.0031048175878822803 -0.19272592663764954
-0.29539966583251953 0.47732529044151306 0.07410300523042679
-0.3583832383155823 0.3344317376613617 -0.25153619050979614
-0.009408673271536827 0.39156243205070496 -0.08454274386167526
-0.22275881469249725 0.3492405414581299 -0.07676240056753159
-0.21460948884487152 -0.08949802815914154 -0.12531933188438416
-0.4121059477329254 0.2194986194372177 -0.14723916351795197
-0.09881038218736649 0.668436586856842 0.1104353815317154
-0.21294435858726501 -0.19614991545677185 0.022896509617567062
-0.12596291303634644 0.13613153994083405 -0.30826619267463684
0.381250262260437 0.4236418604850769 -0.004480435978621244
0.40939459204673767 0.16640278697013855 -0.2727767527103424
-0.27218711376190186 0.4527730941772461 0.1458655148744583
-0.15427197515964508 0.017229460179805756 -0.1888498067855835
-0.27801164984703064 0.2516787648200989 0.13983653485774994
-0.2938959002494812 0.44113460183143616 0.21969208121299744
-0.09135838598012924 -0.1615953892469406 -0.040551286190748215
-0.2726994752883911 0.05578088015317917 0.04817365109920502
-0.3312121629714966 0.5032491087913513 0.24866926670074463
-0.4022594392299652 0.540993869304657 0.019180387258529663
-0.21318784356117249 -0.06647715717554092 -0.21302500367164612
-0.13944298028945923 -0.14390161633491516 -0.3878050744533539
-0.3155690133571625 0.4143727719783783 -0.2568593919277191
-0.28592079877853394 0.34161481261253357 -0.0507747083902359
-0.3277684450149536 0.15907812118530273 -0.0964587852358818
-0.2747385799884796 0.4013971984386444 -0.14902053773403168
-0.2743729054927826 -0.3806043565273285 -0.21013584733009338
-0.15146493911743164 0.49379274249076843 0.043375324457883835
0.06535875797271729 -0.1618504524230957 -0.08983640372753143
-0.3271031081676483 0.15038654208183289 -0.04051018878817558
-0.2995838522911072 0.5229132771492004 -0.10293790698051453
-0.2551196217536926 0.46969467401504517 0.0883309543132782
-0.08700660616159439 0.27882516384124756 -0.32318535447120667
-0.19781121611595154 0.08238759636878967 0.06020967289805412
0.03929053246974945 0.3875475227832794 -0.007083526346832514
-0.07637467980384827 0.36085474491119385 -0.2902120053768158
-0.24037355184555054 -0.28945210576057434 -0.15383844077587128
-0.3683203160762787 0.2798234522342682 0.07333958894014359
-0.3122210204601288 0.6417940855026245 0.2204134464263916
-0.05660279840230942 0.060821644961833954 -0.42379841208457947
-0.328296959400177 0.3964477479457855 0.07909717410802841
0.12741336226463318 0.44492125511169434 0.021640120074152946
-0.21818654239177704 0.1605324149131775 -0.1406986117362976
-0.2766035199165344 0.5490052103996277 -0.20449760556221008
-0.23006518185138702 0.4428008198738098 0.038002993911504745
-0.09440963715314865 0.32798290252685547 -0.30646276473999023
-0.21669219434261322 0.24809247255325317 0.19654330611228943
-0.15004971623420715 0.34008029103279114 -0.17998109757900238
-0.31696683168411255 -0.49752798676490784 -0.09883903712034225
-0.3993940055370331 0.4745098650455475 -0.20110905170440674
-0.28912028670310974 0.5442487597465515 -0.03386731445789337
-0.40458595752716064 0.4699374735355377 0.08212285488843918
-0.3114457428455353 0.16678081452846527 0.1166241466999054
0.16373154520988464 -0.2866462171077728 -0.1977916657924652
-0.3011191785335541 0.06522791087627411 0.03586632385849953
-0.3348408639431 0.4576937258243561 0.13393400609493256
-0.25080060958862305 0.48987358808517456 0.04184558987617493
-0.3257792592048645 0.40649405121803284 0.001073141349479556
-0.19512984156608582 0.5231195092201233 0.026279397308826447
-0.06856595724821091 0.1938779652118683 0.08325745165348053
-0.021884534507989883 0.00027406029403209686 -0.24229107797145844
-0.08720694482326508 0.19831520318984985 -0.5210440158843994
-0.051639676094055176 0.43748074769973755 -0.0025242255069315434
-0.3561835289001465 0.48561039566993713 -0.046390350908041
-0.28514838218688965 1.0237033367156982 0.30342546105384827
0.37850987911224365 0.19777055084705353 -0.06662266701459885
-0.1938275545835495 0.4290158152580261 -0.010296277701854706
-0.3043317198753357 0.24385307729244232 0.0005342594813555479
-0.05776102840900421 0.3990728259086609 -0.24945807456970215
-0.32620126008987427 0.44049808382987976 0.12369996309280396
-0.22210876643657684 0.37373340129852295 -0.05356955528259277
-0.40366581082344055 0.10833881795406342 0.031151525676250458
-0.30690625309944153 0.45846128463745117 0.045296020805835724
-0.30563169717788696 0.4526054859161377 -0.3010480999946594
-0.3788762092590332 0.7066664099693298 0.12960216403007507
-0.31255006790161133 0.599815845489502 0.3697398900985718
0.32374757528305054 -0.08566020429134369 -0.088144950568676
-0.40064170956611633 -0.1275404840707779 -0.1192285493016243
-0.14522631466388702 -0.055263493210077286 -0.13822966814041138
-0.32198166847229004 0.09439102560281754 0.05770007520914078
-0.24482454359531403 0.2951061725616455 -0.07513702660799026
-0.33258312940597534 -0.17232544720172882 0.08633893728256226
-0.3667454123497009 0.21912537515163422 0.03699370101094246
-0.2548981010913849 0.33207452297210693 -0.23768527805805206
-0.32888543605804443 0.2568664848804474 0.08180783689022064
-0.38354089856147766 0.5993170738220215 -0.10153203457593918
-0.2878068685531616 0.2556397318840027 -0.08334998786449432
-0.23654386401176453 -0.1531614363193512 -0.20773711800575256
-0.3211543560028076 0.7545027136802673 0.4273601472377777
-0.15270675718784332 0.4158269464969635 -0.20151235163211823
-0.1952832043170929 0.5346561074256897 0.04099856689572334
-0.07415910810232162 0.2332070916891098 -0.2028740793466568
-0.09785322844982147 -0.4920523166656494 -0.05283081531524658
-0.25533294677734375 0.34727051854133606 -0.1401447206735611
-0.31022223830223083 0.6255342960357666 0.07961542159318924
-0.2535598874092102 0.3323224186897278 0.1521163135766983
-0.23582062125205994 0.7804690003395081 0.3306109309196472
-0.3503303527832031 0.1681346595287323 0.13045306503772736
-0.4408637285232544 -0.1880711317062378 -0.19586800038814545
-0.13947106897830963 0.09144315868616104 -0.11858328431844711
-0.21333925426006317 0.28961777687072754 -0.029026832431554794
-0.37009379267692566 0.4733431339263916 -0.03243245184421539
-0.2763333022594452 0.4817647337913513 0.013554941862821579
-0.1058715283870697 0.2795671820640564 -0.2540951669216156
-0.11417114734649658 0.532273530960083 0.08608409762382507
-0.2741572856903076 0.1373668909072876 0.13902027904987335
-0.33990365266799927 -0.30888330936431885 -0.22976802289485931
-0.2917938828468323 0.6982874870300293 0.11010326445102692
-0.2898767590522766 0.11342881619930267 0.04498594254255295
-0.281592458486557 0.46433791518211365 0.19857993721961975
-0.015636900439858437 0.5229852199554443 0.012891344726085663
-0.20007376372814178 0.6157094836235046 0.0707772746682167
-0.3797053396701813 -0.2733563780784607 -0.04246288537979126
-0.26967373490333557 0.826253354549408 0.11931558698415756
-0.2597631812095642 0.361052930355072 -0.037026312202215195
-0.2440337836742401 0.5169845819473267 -0.001692832913249731
-0.21746104955673218 0.7247039079666138 0.13762111961841583
-0.1339038461446762 -0.35917988419532776 -0.14356598258018494
-0.2092573493719101 0.42554429173469543 0.031580593436956406
-0.2767846882343292 0.6003624796867371 0.0202497448772192
-0.36992621421813965 -0.34800705313682556 0.2848595380783081
0.06915026158094406 -0.0607006661593914 0.045434243977069855
-0.2794773578643799 0.14579665660858154 0.05877966433763504
-0.37319502234458923 -0.19900009036064148 0.07537809759378433
-0.13617941737174988 0.06801086664199829 -0.4426676034927368
0.4251372814178467 0.15164512395858765 -0.5002666711807251
-0.11880140751600266 0.09299853444099426 -0.06760035455226898
-0.18954546749591827 0.07903437316417694 -0.1931515336036682
-0.37131598591804504 0.13959255814552307 0.099310003221035
-0.17249594628810883 0.3277742266654968 -0.10167473554611206
-0.28590840101242065 0.35392364859580994 -0.05893106758594513
-0.2542586028575897 0.3906986117362976 0.027382461354136467
-0.10828762501478195 -0.5956320762634277 -0.2883286774158478
-0.24270105361938477 0.554645836353302 -0.035298705101013184
-0.33241766691207886 0.4800247251987457 0.12307610362768173
-0.3465442359447479 0.37281087040901184 0.072472482919693
-0.25125908851623535 0.37910953164100647 -0.23742683231830597
-0.1896076798439026 -0.08545786887407303 -0.23439717292785645
0.41151028871536255 0.2109733670949936 -0.1170218214392662
0.48213815689086914 0.22381404042243958 -0.1989484280347824
-0.03757358342409134 0.43004360795021057 -0.11086033284664154
-0.4396871030330658 0.31528306007385254 -0.013865496963262558
-0.11823541671037674 0.678896427154541 -0.14340372383594513
-0.31289464235305786 0.3212602734565735 -0.4914086163043976
-0.20015864074230194 0.5120474100112915 -0.0048510730266571045
-0.38067427277565 0.4026382267475128 -0.018275637179613113
-0.3427705466747284 0.6733346581459045 0.3606981337070465
-0.27811455726623535 0.16558890044689178 -0.00950893945991993
-0.32705050706863403 -0.432619571685791 -0.026122551411390305
-0.3620324730873108 -0.2829013168811798 -0.14290261268615723
-0.28729358315467834 0.35341641306877136 0.00019344908650964499
-0.35244354605674744 0.6533387899398804 0.20164111256599426
-0.23533833026885986 0.3094843327999115 -0.08600286394357681
-0.3759727478027344 0.35019296407699585 0.048575423657894135
0.0353071428835392 0.2824520170688629 -0.14111071825027466
-0.2906200885772705 0.42768144607543945 0.1447509080171585
-0.3202516734600067 -0.08065216988325119 -0.3838094472885132
-0.22692646086215973 0.3949691355228424 0.020431077107787132
-0.11839114874601364 0.5442360639572144 -0.29708218574523926
-0.3217373788356781 0.11845307797193527 0.0733082965016365
-0.0978720411658287 0.1517152041196823 -0.09571120142936707
-0.31207406520843506 0.5094387531280518 -0.047838423401117325
-0.29312554001808167 0.1883167028427124 -0.16258296370506287
0.08444315195083618 0.5599762797355652 0.01972321979701519
-0.27194944024086 1.050341248512268 0.3855743706226349
0.3480742275714874 0.4456719756126404 -0.01966300792992115
-0.23010706901550293 0.57142573595047 0.11437543481588364
-0.3440500795841217 0.7079578042030334 0.14669182896614075
0.017172211781144142 0.3500441014766693 -0.013736523687839508
0.07887575030326843 0.5004917979240417 -0.06829475611448288
-0.2675414979457855 0.43776294589042664 0.020932622253894806
-0.2885984480381012 0.5223991274833679 -0.1058327704668045
-0.31969591975212097 0.7103400230407715 0.22495703399181366
-0.2527890205383301 0.2252231240272522 -0.04306088387966156
-0.24366547167301178 0.45271697640419006 -0.10888154059648514
0.13080617785453796 0.4083775281906128 -0.2952147424221039
-0.27436983585357666 0.20311301946640015 -0.017227016389369965
-0.323623389005661 0.21597081422805786 0.04104410856962204
-0.17714519798755646 0.1464601457118988 0.055362261831760406
-0.30861276388168335 0.7465596199035645 0.43297889828681946
-0.16477464139461517 -0.12590257823467255 -0.17782877385616302
-0.2449098378419876 0.16727061569690704 -0.012185480445623398
-0.29029056429862976 0.49016639590263367 -0.09965699166059494
-0.31740203499794006 -0.4246657192707062 0.18923816084861755
-0.33317282795906067 0.5861878991127014 0.20629797875881195
-0.24446679651737213 -1.214910626411438 0.18457411229610443
0.11156369745731354 0.45253288745880127 -0.11863218247890472
-0.28589561581611633 -0.6987879872322083 -0.034307997673749924
-0.38778865337371826 0.6268064379692078 0.1897919476032257
0.04225920885801315 -0.06882119178771973 -0.18488071858882904
0.2560468316078186 0.08954036235809326 -0.17948387563228607
-0.23918026685714722 0.530990481376648 0.0169204268604517
-0.06886858493089676 0.29905763268470764 -0.008609835058450699
-0.29773449897766113 -0.2425059974193573 -0.17931585013866425
-0.09111703187227249 0.40495312213897705 -0.26311182975769043
-0.25512897968292236 0.16327887773513794 -0.18684931099414825
-0.4321642816066742 -0.5363998413085938 0.3172730505466461
-0.20673711597919464 0.12153185904026031 0.050262872129678726
-0.2822995185852051 0.5669305920600891 0.12450876086950302
-0.32012036442756653 0.7924665212631226 0.3502470850944519
-0.22242678701877594 0.444932758808136 -0.12725919485092163
-0.2627856433391571 0.2654874622821808 -0.1740637868642807
-0.253665953874588 0.2064887434244156 -0.021015506237745285
-0.3223637640476227 0.3184194266796112 0.12426131218671799
-0.34040048718452454 0.423438161611557 0.08268741518259048
-0.37862277030944824 0.049243345856666565 0.10065559297800064
-0.32654446363449097 0.3764144480228424 -0.09191851317882538
-0.2752542197704315 0.49863481521606445 -0.002497458830475807
-0.28005436062812805 0.5761733055114746 0.21810060739517212
-0.2597807049751282 0.9623911380767822 0.31062382459640503
-0.41800907254219055 -0.5016387701034546 0.32590237259864807
-0.22897060215473175 0.4623201787471771 -0.018302904441952705
-0.32709628343582153 -0.27101731300354004 -0.17089079320430756
-0.0025549600832164288 0.3802250325679779 -0.19578847289085388
0.3054608106613159 0.4797380268573761 -0.018726466223597527
-0.33508262038230896 -0.46769607067108154 -0.12624841928482056
-0.17995116114616394 0.3700100779533386 -0.00636847922578454
-0.005034318659454584 -0.20014315843582153 -0.29214605689048767
-0.25139233469963074 0.4401492178440094 0.10969152301549911
-0.28141748905181885 0.14925308525562286 -0.17613008618354797
-0.16752970218658447 0.4609951972961426 -0.09454508125782013
0.32049256563186646 0.1359984427690506 -0.4083109498023987
-0.37566283345222473 -0.4160487949848175 0.21854941546916962
-0.3100002706050873 0.5527181029319763 0.3225143253803253
0.2349320501089096 0.029635878279805183 -0.20798933506011963
-0.3484214246273041 0.43059563636779785 0.1999550461769104
-0.06415552645921707 0.4960215091705322 -0.04466736316680908
-0.25063303112983704 0.43348604440689087 0.07809733599424362
-0.412628173828125 0.15981629490852356 0.18058347702026367
-0.3859037458896637 0.5576599836349487 -0.06968951225280762
-0.30164721608161926 0.5086877942085266 -0.2295270711183548
-0.2987060248851776 0.4062623679637909 -0.12221672385931015
-0.053525712341070175 0.4830661714076996 -0.019402209669351578
-0.29769328236579895 -0.27274656295776367 0.18208499252796173
0.3886098265647888 -0.1323726922273636 -0.20086084306240082
0.35708844661712646 0.15808574855327606 -0.0003389320336282253
-0.31978318095207214 -0.38686123490333557 0.09497512131929398
-0.23323442041873932 0.2566561996936798 0.13747617602348328
-0.0631452426314354 -0.3226822018623352 -0.5706411600112915
-0.07024507224559784 0.3955781161785126 -0.03404631093144417
-0.3467251658439636 -0.44188475608825684 0.24168263375759125
-0.18067969381809235 0.3352391719818115 -0.2035573422908783
-0.24438902735710144 0.6150457859039307 0.16418255865573883
0.21376700699329376 0.39034318923950195 -0.026650693267583847
-0.32920753955841064 0.15526437759399414 0.02540787309408188
-0.2284596562385559 0.18602102994918823 -0.07544802129268646
-0.2616659998893738 0.4499987065792084 0.29411619901657104
-0.25900742411613464 0.38073742389678955 -0.15895318984985352
-0.30368125438690186 0.664938747882843 0.18923673033714294
0.14599554240703583 0.4766305088996887 0.011111218482255936
-0.12172315269708633 0.5203573107719421 -0.3355293571949005
-0.3613114058971405 0.4610588848590851 0.035673514008522034
-0.3806351125240326 0.36499953269958496 0.18920917809009552
-0.39411813020706177 -0.32408902049064636 0.07304824888706207
-0.2935941815376282 0.5492408275604248 0.13767828047275543
0.3080447316169739 -0.1598459929227829 -0.08905813097953796
-0.03159575164318085 0.327425479888916 -0.2244098037481308
-0.29869261384010315 -0.09377001971006393 -0.12603799998760223
-0.29635417461395264 0.037104133516550064 -0.12453532963991165
-0.05998291075229645 -0.4492412805557251 -0.3714597523212433
-0.12574678659439087 0.16083115339279175 -0.012252464890480042
-0.05084461346268654 0.3930760324001312 -0.2265201210975647
-0.4359738528728485 -0.37082546949386597 0.21324802935123444
-0.27189508080482483 0.5189827680587769 0.10850536078214645
-0.09017536044120789 0.27036386728286743 -0.18914997577667236
0.3116612434387207 0.23937933146953583 -0.07896064221858978
-0.3938411772251129 0.5308340191841125 0.06230263039469719
-0.31914761662483215 0.3257506191730499 -0.26656273007392883
-0.2908615171909332 0.2749256491661072 -0.039794620126485825
-0.31173935532569885 0.43382030725479126 0.0994885265827179
-0.4295884668827057 0.4381386637687683 -0.054059382528066635
-0.22196227312088013 0.0321015790104866 -0.36695656180381775
0.0329141728579998 0.3160790801048279 0.04027968645095825
-0.1422399878501892 0.5908831357955933 -0.0015390021726489067
-0.2660231292247772 0.3629627227783203 -0.0033897957764565945
-0.2673394978046417 0.12362237274646759 -0.5244548916816711
-0.17090849578380585 0.08621078729629517 -0.23221270740032196
-0.31341493129730225 0.07541906088590622 0.0067764949053525925
-0.29077285528182983 0.7123442888259888 0.2711964547634125
-0.3105226755142212 0.6556708812713623 0.08398116379976273
-0.26512229442596436 0.6851689219474792 0.11216814070940018
-0.3642924427986145 0.402756929397583 0.14035306870937347
-0.3293444514274597 0.6182076930999756 0.013425398617982864
-0.3390648663043976 -0.0550483874976635 0.04810025170445442
-0.2467702180147171 0.3816077709197998 -0.11364206671714783
-0.24544429779052734 0.10561760514974594 -0.1550247222185135
-0.2870752513408661 -0.6751905679702759 -0.36669421195983887
-0.4101813733577728 -0.29423460364341736 0.10021310299634933
-0.3431908190250397 0.06858757138252258 0.21923768520355225
-0.011135095730423927 0.3163546323776245 -0.3191828429698944
-0.2598657011985779 0.29050225019454956 0.009489727206528187
-0.2218986600637436 0.0925263985991478 0.11144078522920609
-0.18585999310016632 0.31988123059272766 0.03896621987223625
-0.27059340476989746 0.4660061001777649 0.035869043320417404
-0.22982382774353027 0.31329992413520813 -0.026299230754375458
-0.3284991979598999 0.581220805644989 -0.027767548337578773
0.04960998147726059 0.3240731358528137 -0.12336132675409317
0.07616420835256577 0.3067123293876648 -0.0708506852388382
-0.28299659490585327 0.3010713458061218 0.20229463279247284
-0.3262597322463989 0.4495050609111786 -0.325061172246933
-0.11310350894927979 0.420898973941803 -0.08901552110910416
-0.16199380159378052 0.3291119337081909 -0.12779898941516876
-0.23692475259304047 0.054175201803445816 0.08358382433652878
-0.10213379561901093 0.4953935146331787 0.05172571539878845
-0.2989165186882019 -0.28096717596054077 0.22872500121593475
0.01735796593129635 -1.06633460521698 -0.6079764366149902
-0.0568668358027935 0.4640689790248871 -0.06632927060127258
-0.3688616454601288 -0.023583440110087395 0.1832825392484665
-0.012065699324011803 -0.10905829817056656 -0.09468183666467667
-0.4210587441921234 -0.3358331024646759 0.023444831371307373
-0.4562743902206421 -0.12008526921272278 0.06171245872974396
-0.2877419888973236 0.3767363727092743 -0.2206607311964035
-0.2856432795524597 0.3031012713909149 -0.2562824487686157
-0.19532322883605957 -0.09978987276554108 -0.054809361696243286
0.36352938413619995 0.26467713713645935 -0.2415965497493744
-0.26800796389579773 0.3958693742752075 -0.11822228133678436
-0.021807938814163208 -0.09442534297704697 -0.14827319979667664
0.05073907971382141 -0.5919134020805359 -0.42078155279159546
-0.40375933051109314 -0.1211668848991394 -0.07730943709611893
-0.20053374767303467 0.5478402376174927 0.05534210428595543
-0.019794169813394547 -0.2574215531349182 -0.3613898754119873
0.08948887884616852 0.37413865327835083 -0.23933254182338715
-0.0668058767914772 -0.1790677160024643 -0.4504968225955963
-0.34095168113708496 0.5144258737564087 -0.05377357453107834
-0.2590744197368622 -0.7609107494354248 -0.3921096920967102
-0.3455866873264313 0.43432703614234924 0.022617340087890625
-0.26800066232681274 0.4172931909561157 -0.13234293460845947
-0.20510582625865936 0.32929226756095886 -0.3203282356262207
-0.21712279319763184 0.4300908148288727 0.13204020261764526
-0.11665620654821396 0.2441071718931198 -0.0004121982492506504
-0.294860303401947 0.5903494358062744 -0.07192180305719376
-0.39145803451538086 0.17702661454677582 0.009815949946641922
0.3695487976074219 0.26854464411735535 -0.1788930892944336
-0.3151622414588928 0.524780809879303 -0.04225064069032669
-0.29176825284957886 0.650353193283081 0.21166208386421204
-0.2196325659751892 0.7885176539421082 0.4026411175727844
-0.29195117950439453 0.5123565196990967 -0.09417150169610977
-0.3054586350917816 0.49616697430610657 -0.046048421412706375
-0.293842077255249 0.1122686117887497 0.05252603068947792
-0.24686042964458466 0.49785521626472473 -0.08232920616865158
-0.26521527767181396 0.4891956150531769 -0.35756126046180725
-0.29306235909461975 0.34017276763916016 0.2309045046567917
0.008812038227915764 0.21894501149654388 0.026205813512206078
-0.26237213611602783 0.41281166672706604 -0.21321168541908264
0.05221400037407875 -0.988756537437439 -0.0390247106552124
-0.42931118607521057 -0.0025418438017368317 0.08460787683725357
0.16378512978553772 0.12594002485275269 -0.20447462797164917
-0.24404165148735046 0.10845954716205597 -0.06529932469129562
-0.24437351524829865 0.540882408618927 0.16414813697338104
-0.3800925016403198 0.017743615433573723 0.2552684247493744
-0.2413984090089798 0.3988555073738098 -0.12528428435325623
-0.22101850807666779 0.4626399874687195 -0.12389085441827774
-0.22294113039970398 0.3908461928367615 -0.04674864560365677
-0.29351621866226196 0.834236204624176 0.1352502852678299
-0.19802485406398773 0.34508395195007324 0.027035631239414215
-0.23339079320430756 0.3404410481452942 -0.005266198422759771
-0.3086341619491577 0.707809329032898 0.2709217071533203
-0.26029330492019653 0.8434351086616516 0.08392904698848724
-0.3514976501464844 0.2127992808818817 0.03806215897202492
-0.3083587884902954 0.03234607353806496 0.08135045319795609
-0.15393012762069702 -0.6091070771217346 -0.09911596775054932
0.08985809981822968 0.41560471057891846 -0.16838693618774414
-0.34195348620414734 0.7893078327178955 0.24052102863788605
-0.06613060086965561 0.5252752900123596 0.05978478118777275
-0.23828063905239105 -0.10509349405765533 -0.12086576968431473
-0.318254679441452 0.33556002378463745 -0.1837954819202423
-0.2726897895336151 0.16162624955177307 0.0963858813047409
-0.35876592993736267 -0.39771324396133423 0.007740134838968515
-0.266559362411499 0.5204129219055176 0.15867741405963898
-0.31671857833862305 0.5532382726669312 -0.057227324694395065
-0.20405474305152893 0.3468799591064453 -0.03985507786273956
-0.2876533269882202 0.11860357224941254 0.16242468357086182
-0.24049073457717896 0.3445107340812683 -0.210981547832489
-0.2730095088481903 0.2893507182598114 -0.02473766915500164
-0.3313762843608856 0.48558616638183594 0.033010948449373245
-0.08643510937690735 -0.2293054610490799 -0.4507984519004822
-0.25535380840301514 0.4984975755214691 -0.054381661117076874
-0.2602335810661316 0.5565332174301147 0.17989622056484222
-0.24928095936775208 -0.3038496971130371 -0.4043028950691223
-0.14852237701416016 0.5347545742988586 -0.38895368576049805
-0.2647072374820709 0.44063088297843933 -0.2921653389930725
-0.2578529119491577 0.22534209489822388 -0.0813591480255127
-0.30589666962623596 0.7135639190673828 0.09971491992473602
-0.32915008068084717 0.6124936938285828 -0.4552120864391327
-0.0694221630692482 -0.3421180546283722 -0.3878149688243866
-0.2637299597263336 0.5900800824165344 -0.4044722318649292
-0.34548699855804443 0.07880479842424393 0.07052523642778397
0.024215810000896454 0.06640294939279556 0.02059740014374256
-0.26820677518844604 0.38020676374435425 -0.18109099566936493
-0.2638970613479614 0.3047788441181183 -0.10046231001615524
-0.1143084391951561 0.28439342975616455 0.09241531789302826
-0.39921805262565613 0.5396144390106201 -0.04450259357690811
-0.2607237696647644 0.4126148819923401 -0.17239615321159363
-0.526781439781189 0.5307132601737976 -0.06107111647725105
-0.44105032086372375 0.047303225845098495 0.06664104014635086
-0.3723681569099426 0.4955979287624359 0.2426549792289734
-0.2747045159339905 0.0017586813773959875 0.12573063373565674
-0.2556968331336975 0.6485393047332764 0.08395908772945404
-0.3491649925708771 0.6201979517936707 -0.10216833651065826
-0.1153360903263092 0.6688277125358582 -0.06754176318645477
-0.2802143394947052 0.39687100052833557 0.25258776545524597
-0.3287595212459564 0.22321535646915436 0.11020831763744354
-0.2612093985080719 0.19178692996501923 -0.18563556671142578
-0.2930499315261841 0.16003809869289398 -0.16023510694503784
0.42348769307136536 -0.6509928107261658 -0.11339006572961807
-0.2093448042869568 -0.27467674016952515 -0.11984524130821228
-0.22498176991939545 0.3672144114971161 0.04654470831155777
-0.3316003084182739 0.488103985786438 0.08619076013565063
-0.12392207235097885 -0.39828580617904663 -0.16977757215499878
-0.30133482813835144 0.44063472747802734 0.17549411952495575
-0.33375445008277893 -0.021891744807362556 0.23400166630744934
-0.27946409583091736 0.3781394958496094 -0.16915549337863922
-0.3453098237514496 0.5187726616859436 0.05683010444045067
-0.2948244512081146 0.48702991008758545 -0.1572481095790863
-0.12651394307613373 -0.002318675396963954 -0.2673429846763611
-0.04597736522555351 -0.4200682044029236 -0.40108513832092285
-0.2694089114665985 -0.4625941812992096 -0.16350531578063965
-0.24026978015899658 -0.31496742367744446 -0.2036038339138031
-0.31662386655807495 0.010369297116994858 0.0802849680185318
-0.2634735107421875 0.5707277655601501 -0.20561057329177856
-0.18001021444797516 -0.04188975691795349 0.12599921226501465
-0.45086437463760376 -1.3925126791000366 -0.2226990908384323
-0.05695371702313423 0.44159021973609924 -0.08873997628688812
-0.24922415614128113 0.5062816143035889 0.2729400396347046
-0.200953409075737 0.052612703293561935 -0.16406165063381195
-0.3809082806110382 0.30519187450408936 0.005748276598751545
0.38047975301742554 -0.12210732698440552 -0.40348368883132935
-0.33450156450271606 0.5913823843002319 0.23954716324806213
-0.08451153337955475 0.36097216606140137 -0.1871318519115448
-0.36487412452697754 0.047998908907175064 0.27966776490211487
-0.32099437713623047 -0.43950578570365906 -0.13746336102485657
-0.3749110698699951 0.24760702252388 0.17307645082473755
-0.24129073321819305 0.34874919056892395 -0.04287833347916603
-0.1339046210050583 0.2693677246570587 -0.22354243695735931
-0.10646181553602219 0.4537532329559326 -0.1216043159365654
-0.08442339301109314 0.28025591373443604 -0.3020040988922119
-0.297580748796463 -0.04727642238140106 0.26746973395347595
-0.0779726505279541 -0.49072006344795227 -0.16377903521060944
-0.17083622515201569 0.4234750270843506 -0.019790954887866974
0.10892100632190704 -0.5651938915252686 0.1708362102508545
-0.08497145771980286 0.5539262294769287 -0.09299182146787643
-0.2374255210161209 0.46671590209007263 -0.0852191373705864
-0.11394178122282028 0.5488688349723816 -0.0433698408305645
-0.12273038923740387 -0.2786506712436676 -0.21777494251728058
-0.19286607205867767 -0.5284603238105774 -0.06887199729681015
-0.03991028666496277 -0.2998153269290924 -0.0650891363620758
-0.32597658038139343 0.4875050187110901 0.08980746567249298
-0.09022649377584457 0.28288668394088745 -0.1207626610994339
-0.22613953053951263 0.4311799705028534 0.07503397017717361
0.2853943109512329 0.008191535249352455 -0.03259570524096489
-0.326060026884079 0.5556303858757019 0.06649968773126602
0.5254196524620056 -0.01107209362089634 -0.14841242134571075
-0.2786839008331299 0.2598906457424164 0.10699238628149033
-0.299117773771286 0.4791073501110077 -0.4304749071598053
-0.28334319591522217 0.21649502217769623 -0.11058076471090317
-0.24767963588237762 0.440745085477829 -0.06283055245876312
-0.3597233295440674 -0.3192397654056549 -0.2474188208580017
-0.2419520765542984 -0.22936312854290009 -0.2893640398979187
-0.3521102964878082 0.2205340564250946 -0.11925096064805984
-0.12138495594263077 -0.22773341834545135 0.005523518659174442
-0.37858396768569946 0.5303806066513062 0.03987433388829231
-0.05281456932425499 0.2732997238636017 -0.18245427310466766
-0.24699178338050842 0.45711982250213623 0.09643590450286865
-0.27603816986083984 0.5164610147476196 0.06553512066602707
-0.12770970165729523 0.5584446787834167 0.04104946181178093
-0.5536699295043945 -0.02643578127026558 -0.02064569480717182
-0.1270170658826828 0.44170618057250977 0.017982715740799904
-0.35754749178886414 0.343307763338089 0.15164151787757874
-0.24059030413627625 0.37204429507255554 -0.007072171662002802
0.3090585768222809 0.2987627685070038 -0.04903848096728325
-0.2558469772338867 0.3763730525970459 -0.0034654103219509125
0.14246799051761627 0.2434636801481247 -0.08439207077026367
0.1838291734457016 0.2325725555419922 0.09296122938394547
-0.48035940527915955 0.023888293653726578 -0.20479260385036469
0.3678976893424988 0.5498880743980408 -0.32716527581214905
-0.05942642688751221 -0.104183629155159 -0.2000449299812317
-0.3422350287437439 0.5695510506629944 0.11307859420776367
0.0054521504789590836 -0.21814556419849396 -0.2846156060695648
0.08456902951002121 0.8053252696990967 0.09840520471334457
-0.09566012769937515 -0.31581130623817444 -0.5070161819458008
-0.4204787015914917 0.43834051489830017 -0.21602486073970795
-0.3394199013710022 -0.5839653611183167 -0.0362374410033226
-0.2001236379146576 0.13957178592681885 -0.06059427559375763
-0.18378348648548126 -0.25804075598716736 -0.1662353277206421
-0.24965962767601013 0.6237770915031433 0.015214916318655014
0.054490480571985245 0.4926866888999939 -0.167691171169281
-0.32496994733810425 0.6253609657287598 -0.026702789589762688
-0.24584241211414337 0.31151607632637024 -0.046187013387680054
-0.2592196762561798 0.3551122546195984 -0.08436208963394165
-0.3445395231246948 0.5388402342796326 -0.2286563366651535
-0.3134865462779999 0.237650066614151 0.19591563940048218
-0.31414470076560974 0.3995606005191803 -0.2646219730377197
-0.29044389724731445 0.150671124458313 -0.10640440136194229
-0.19229042530059814 -0.3945103883743286 -0.3822484314441681
-0.3607326149940491 0.2784195840358734 -0.035316988825798035
-0.34160611033439636 0.028795886784791946 0.06225059553980827
0.34789353609085083 0.25878509879112244 -0.27734339237213135
-0.25841572880744934 0.4267168343067169 0.11141402274370193
0.1293545365333557 0.3435862362384796 0.06516813486814499
-0.271818071603775 -0.40290597081184387 0.17239885032176971
-0.25938552618026733 0.3636746108531952 0.052129726856946945
0.45403575897216797 -0.029434826225042343 -0.34685957431793213
-0.2710346281528473 0.013140885159373283 -0.1258200705051422
-0.2717253267765045 -0.10553811490535736 0.029319774359464645
-0.35100114345550537 -0.09677957743406296 -0.0469609759747982
-0.06795161217451096 0.21095286309719086 -0.143509179353714
-0.2578192949295044 0.4417684078216553 0.08258354663848877
-0.12219201028347015 0.6556504964828491 0.08163831382989883
-0.1812429130077362 0.5428029894828796 0.09353568404912949
0.35999342799186707 -0.38136306405067444 -0.039034176617860794
-0.2831634283065796 0.339630663394928 0.01205076277256012
-0.38644757866859436 0.31391897797584534 0.16012261807918549
0.4978478252887726 0.013172723352909088 -0.5858203172683716
-0.25887542963027954 0.25293517112731934 -0.17735923826694489
-0.31579723954200745 0.1466817706823349 0.09972067177295685
-0.3692185580730438 -0.3002544641494751 -0.18940134346485138
-0.31783831119537354 0.6649909019470215 0.19227010011672974
-0.32297345995903015 -0.06915689259767532 -0.027095977216959
0.45533302426338196 -0.05898064747452736 -0.2373427301645279
-0.247868150472641 0.43042969703674316 -0.2046007364988327
-0.3986249566078186 -0.059629928320646286 -0.03182697668671608
-0.23506055772304535 0.24505868554115295 -0.22534121572971344
-0.3400665819644928 0.6963015198707581 0.20155714452266693
-0.30472803115844727 0.7096091508865356 0.30772021412849426
-0.2566903829574585 0.2727293372154236 -0.24155312776565552
-0.20630279183387756 0.05123718082904816 0.053191281855106354
-0.2857857942581177 0.6516164541244507 0.14787861704826355
0.08260569721460342 0.12991991639137268 -0.12643446028232574
-0.3162824511528015 0.39402836561203003 -0.07078930735588074
-0.3912914991378784 0.8451594114303589 0.12727558612823486
-0.0009825609158724546 -0.17512094974517822 0.0025241419207304716
-0.17077770829200745 0.1111435666680336 -0.07227020710706711
-0.1929801106452942 0.43793585896492004 -0.14955759048461914
-0.40261250734329224 0.5219119787216187 0.0017606839537620544
-0.12996134161949158 0.42243021726608276 -0.17069010436534882
-0.29876306653022766 0.5383074879646301 0.0886007770895958
-0.21599118411540985 -0.3607146739959717 -0.17244908213615417
-0.08594363182783127 -0.9236724376678467 -0.23530422151088715
-0.3228805661201477 0.020938726142048836 -0.10104605555534363
-0.35841822624206543 -0.2464284747838974 -0.23363804817199707
0.22027450799942017 0.4033973515033722 -0.14792613685131073
-0.27552005648612976 0.2687267065048218 -0.1289535015821457
-0.22199222445487976 0.4031396210193634 -0.11758160591125488
-0.27222809195518494 0.30590811371803284 0.06221328675746918
-0.2609892189502716 0.4117947816848755 0.014980658888816833
0.004767877981066704 0.12822897732257843 -0.3293304443359375
-0.3510894179344177 -0.18038257956504822 -0.1888684332370758
-0.2879900336265564 0.22684518992900848 0.270988404750824
-0.28746405243873596 0.41932082176208496 0.2914949357509613
-0.30695033073425293 0.4492340087890625 0.16205653548240662
-0.16818906366825104 0.480642169713974 -0.05887078121304512
-0.11054560542106628 0.020767496898770332 0.025823606178164482
-0.30338701605796814 -0.4297594428062439 -0.38116809725761414
-0.2412646859884262 0.12516522407531738 -0.039394766092300415
-0.20117133855819702 0.5356272459030151 -0.19023065268993378
-0.2260165959596634 0.36001551151275635 0.042919304221868515
-0.3334682881832123 0.17127810418605804 0.20601209998130798
-0.26171931624412537 0.10458586364984512 0.011437302455306053
-0.4028303623199463 0.6979199051856995 0.12531708180904388
0.048452842980623245 0.39369285106658936 -0.03524878993630409
-0.26284468173980713 0.010080255568027496 -0.10387193411588669
-0.24222438037395477 0.2708427608013153 -0.13530264794826508
-0.2969627380371094 0.28279149532318115 0.2176181972026825
-0.4455324411392212 -0.46723148226737976 0.2268054485321045
-0.2616621255874634 0.34920331835746765 -0.27645912766456604
-0.23132388293743134 -0.19516873359680176 -0.17193399369716644
-0.24437126517295837 0.269464373588562 -0.019390689209103584
-0.2877639830112457 0.43046319484710693 -0.2663632035255432
-0.2911640703678131 0.25682544708251953 0.19506768882274628
-0.20527586340904236 0.48175048828125 -0.06227007880806923
-0.1963551640510559 0.4316880404949188 -0.011136678978800774
-0.29097995162010193 -0.3834627866744995 -0.12799160182476044
-0.11822525411844254 0.022809727117419243 -0.3817491829395294
-0.3938347399234772 0.05361856892704964 0.16307620704174042
-0.3553047776222229 0.06783920526504517 0.0049188341945409775
-0.31432175636291504 0.6326272487640381 0.39463678002357483
-0.008501425385475159 0.21932196617126465 -0.26522839069366455
-0.14125379920005798 -0.12126241624355316 -0.39623844623565674
-0.2690548896789551 0.49649009108543396 -0.030744144693017006
-0.28683584928512573 -0.2422206699848175 -0.03988845273852348
-0.2805972099304199 -0.11282681673765182 0.003730922006070614
0.38207295536994934 0.23751452565193176 -0.3113536834716797
-0.22324174642562866 0.28744372725486755 -0.1273086816072464
-0.14510981738567352 0.33388590812683105 -0.05270720645785332
-0.022346623241901398 0.04449682682752609 -0.2490672767162323
-0.23324260115623474 0.4396023452281952 0.09259475022554398
-0.2970561981201172 0.5196441411972046 0.20735317468643188
-0.2617983818054199 0.05045776441693306 -0.23270724713802338
-0.3561025857925415 0.332097589969635 -0.01649908535182476
0.27017924189567566 -0.35289567708969116 0.10807430744171143
-0.28080838918685913 0.33402711153030396 -0.12537886202335358
0.04694347456097603 0.23818287253379822 -0.558424174785614
-0.40548938512802124 0.7907309532165527 0.22233846783638
-0.15281632542610168 0.44585323333740234 -0.03154461085796356
-0.2848954498767853 0.38559043407440186 -0.21437206864356995
-0.25807586312294006 0.4319964647293091 -0.19626730680465698
-0.32854411005973816 0.3021518886089325 0.07263965904712677
-0.32409581542015076 0.4517306983470917 0.32636815309524536
-0.4846830368041992 0.39455297589302063 -0.19998501241207123
-0.13979244232177734 0.20462748408317566 -0.2666289508342743
0.339454710483551 0.20939670503139496 -0.28005191683769226
-0.23338435590267181 0.6553585529327393 0.14241951704025269
-0.3177188038825989 0.7440068125724792 0.2594166398048401
-0.11590193212032318 0.388550728559494 -0.21304278075695038
-0.3648436665534973 -0.023382771760225296 0.29553142189979553
-0.2725658118724823 0.13626250624656677 -0.14468899369239807
-0.3982202410697937 -0.17816220223903656 0.2686218321323395
0.0033699525520205498 0.2553664743900299 -0.2796160876750946
-0.2506060302257538 0.504654586315155 0.05569317191839218
-0.3437507450580597 0.7728762030601501 0.2412068247795105
-0.13349024951457977 -0.05207207426428795 -0.29692789912223816
0.0559336319565773 -0.13159754872322083 -0.3852776885032654
-0.08811528980731964 -0.5304808616638184 -0.06868355721235275
-0.2402140349149704 0.24026872217655182 0.08244853466749191
-0.19388696551322937 0.546046257019043 -0.06420761346817017
-0.16152775287628174 0.5449588298797607 -0.047779183834791183
-0.30261915922164917 0.4666169583797455 -0.2703351676464081
-0.37842652201652527 -0.373934268951416 0.11927072703838348
-0.2547735571861267 0.3949104845523834 -0.22645294666290283
-0.285763144493103 0.17214557528495789 0.10884160548448563
-0.22223585844039917 0.2743484675884247 -0.17820768058300018
-0.31233906745910645 -0.35227689146995544 -0.1059454157948494
-0.41879746317863464 0.35213008522987366 0.042120687663555145
-0.28847557306289673 0.4005332291126251 0.1251286268234253
-0.23904797434806824 0.49491316080093384 0.06973327696323395
-0.23829129338264465 0.37350791692733765 -0.033221643418073654
-0.33734339475631714 0.3800499141216278 0.13627959787845612
-0.14633582532405853 -0.287291020154953 -0.5063960552215576
-0.4091264605522156 -0.33791273832321167 0.18374601006507874
-0.3507291078567505 0.7794296145439148 0.08145983517169952
-0.32172727584838867 0.30858856439590454 0.08063684403896332
-0.051344651728868484 0.21430324018001556 -0.6616686582565308
-0.14783887565135956 0.5686883330345154 0.048407264053821564
-0.0919361412525177 0.24563051760196686 -0.22331546247005463
-0.17184589803218842 0.7091863751411438 0.12285418063402176
-0.2522679567337036 0.283075749874115 -0.18751856684684753
-0.3054499626159668 -0.2520597577095032 0.19401977956295013
-0.3292127549648285 0.5919140577316284 0.19079317152500153
-0.24217908084392548 0.10742827504873276 -0.10573753714561462
-0.24528324604034424 0.6318362355232239 0.37354353070259094
-0.42984166741371155 -0.10014571994543076 0.19215188920497894
-0.2775244116783142 0.21749736368656158 0.1335705816745758
-0.3046994209289551 -0.5226796865463257 -0.17659327387809753
-0.12316643446683884 0.22639185190200806 -0.2670435905456543
-0.07335201650857925 -0.9838483333587646 -0.36942437291145325
-0.27216020226478577 0.6174998879432678 0.08634228259325027
-0.2864961326122284 0.37322524189949036 -0.07204009592533112
-0.2063875049352646 0.5440465807914734 -0.06365486234426498
-0.30616191029548645 0.40882524847984314 -0.16006578505039215
-0.34703272581100464 0.5209910273551941 -0.3270140290260315
-0.29478684067726135 0.681181013584137 0.06848379224538803
-0.2903197407722473 0.4684821665287018 -0.053720127791166306
-0.2527781128883362 0.15661115944385529 -0.18665364384651184
-0.28604820370674133 0.7140864133834839 0.3978176414966583
-0.25314509868621826 -0.06007857993245125 0.026859454810619354
-0.30960938334465027 0.8942821025848389 0.21778923273086548
-0.25251391530036926 0.47508347034454346 0.07173687219619751
-0.1474761813879013 0.448277086019516 -0.35017597675323486
-0.3458048701286316 0.6927708983421326 -0.022917745634913445
-0.3051404654979706 -0.18487368524074554 -0.020628387108445168
-0.29632270336151123 0.312831848859787 -0.07570580393075943
-0.2015981674194336 0.3559066951274872 -0.1767084151506424
-0.19613322615623474 0.6576403975486755 0.17186184227466583
-0.24416086077690125 0.033508021384477615 0.00994446687400341
-0.29731491208076477 0.4843628406524658 0.03808079659938812
-0.2683001160621643 0.3624951243400574 -0.15948818624019623
-0.06519833952188492 0.3608796000480652 -0.07094347476959229
-0.161204531788826 0.487261027097702 -0.20656739175319672
-0.20964667201042175 0.4174070358276367 -0.0956544578075409
-0.33861419558525085 -0.3666895031929016 -0.18957935273647308
-0.19076287746429443 0.14666074514389038 0.09539072215557098
-0.3300628066062927 0.4937542974948883 0.020676342770457268
-0.02238912507891655 0.38450366258621216 -0.22283007204532623
0.2870352864265442 0.03911454603075981 -0.038382332772016525
-0.37224242091178894 0.07928745448589325 0.2853148877620697
-0.2630663514137268 0.20012825727462769 -0.06214335188269615
-0.29045569896698 0.3857605457305908 0.14152739942073822
-0.10848190635442734 0.30552101135253906 -0.27063238620758057
-0.1588631421327591 0.24745288491249084 -0.09668395668268204
-0.30034154653549194 -0.45203185081481934 -0.0277422983199358
0.3444727659225464 0.13578015565872192 0.058300480246543884
-0.311384916305542 0.5101080536842346 -0.12842991948127747
-0.17538435757160187 -0.05869007483124733 -0.0011112322099506855
-0.3161231279373169 0.0004450082778930664 0.09493798017501831
-0.38947808742523193 -0.20928727090358734 -0.023590750992298126
-0.10452240705490112 0.20220720767974854 -0.5508827567100525
-0.355630099773407 -0.5097989439964294 0.22034521400928497
-0.21584196388721466 0.34457075595855713 -0.2600485682487488
-0.21576771140098572 0.387676864862442 -0.34182414412498474
-0.25624778866767883 0.6010568737983704 0.11359453201293945
-0.4856451749801636 -0.5170671343803406 0.1328938901424408
-0.3152778148651123 0.5409270524978638 -0.07021788507699966
-0.25423601269721985 0.06421857327222824 -0.12381426244974136
-0.1875108927488327 -0.41554170846939087 -0.16505035758018494
-0.3895520567893982 -0.004194092471152544 0.1324593871831894
-0.23963424563407898 0.3239280879497528 -0.12737087905406952
-0.17202182114124298 0.5449061393737793 -0.2207842469215393
-0.18610520660877228 -0.0775243416428566 -0.0452858991920948
-0.2383394092321396 0.5276026129722595 -0.28026083111763
-0.2624626159667969 0.3531275987625122 -0.04215835779905319
-0.17435674369335175 -0.6104098558425903 -0.24335624277591705
-0.2849655747413635 0.38436803221702576 -0.1348900943994522
-0.3451057970523834 0.04601908475160599 -0.05505881458520889
-0.37317994236946106 0.7999767661094666 0.12498576939105988
-0.3924405872821808 0.06551296263933182 0.2540128231048584
0.3912030756473541 -0.4427259862422943 -0.39050740003585815
-0.288125604391098 0.11356163769960403 0.034680504351854324
-0.34950175881385803 0.6262289881706238 0.23656398057937622
-0.3123941719532013 0.539378821849823 -0.3932224214076996
0.08140796422958374 0.24924999475479126 -0.2340015023946762
0.06964840739965439 0.3291682004928589 -0.3078688085079193
-0.3967028260231018 0.5802240371704102 0.07155880331993103
-0.3518425226211548 0.5073885917663574 -0.3788920044898987
-0.07051500678062439 -0.3538973927497864 -0.41312068700790405
-0.28959548473358154 -0.3723141551017761 0.09018760919570923
-0.11893586814403534 0.6953948140144348 0.18107277154922485
-0.03712077811360359 0.3705146014690399 -0.11991798132658005
-0.287852019071579 0.1578068882226944 -0.049937181174755096
-0.13633300364017487 0.45296165347099304 0.00802084431052208
0.05939539149403572 0.02090064063668251 0.006200539879500866
-0.3464343547821045 0.03180591017007828 -0.023364558815956116
-0.31298843026161194 0.4198960065841675 0.02942587435245514
-0.27317196130752563 0.41064703464508057 -0.03602643311023712
-0.11044120043516159 0.2847535312175751 -0.23624908924102783
-0.4026993215084076 0.3358600437641144 -0.22805139422416687
-0.340297132730484 -0.04984956607222557 0.12031008303165436
-0.2347591519355774 0.7881225943565369 0.10942497849464417
-0.20943957567214966 0.4097774624824524 -0.2766977548599243
-0.26689454913139343 0.07228227704763412 -0.06449289619922638
-0.27822670340538025 0.4020225703716278 0.1293495148420334
0.006467741914093494 0.41346392035484314 -0.00924118235707283
-0.33439695835113525 0.37592238187789917 0.09924427419900894
-0.2048606425523758 -0.5885025262832642 -0.2802061140537262
0.3050638437271118 -0.09169238805770874 -0.12876956164836884
-0.3279460668563843 0.703155517578125 0.2461729794740677
-0.11706392467021942 0.2761482894420624 -0.41545215249061584
-0.38300225138664246 0.4933615028858185 -0.044540319591760635
-0.23880703747272491 0.43296191096305847 -0.08190248161554337
-0.2727917730808258 0.24687717854976654 0.010250067338347435
-0.29230979084968567 0.4534670412540436 0.16198980808258057
-0.10590367764234543 -0.5304846167564392 0.12107391655445099
0.030039489269256592 0.32616040110588074 0.05343734472990036
0.32400667667388916 0.18588362634181976 -0.29210132360458374
-0.2953706681728363 0.30623215436935425 0.2763540744781494
-0.3925331234931946 0.7242010235786438 0.268574595451355
0.03933587670326233 -0.6984758973121643 -0.32460466027259827
-0.32827726006507874 0.5141327381134033 -0.1746213585138321
-0.33134591579437256 -0.48843440413475037 -0.04246893525123596
-0.10228943824768066 0.554899275302887 -0.006205142010003328
-0.1574573814868927 0.24385210871696472 -0.08209381252527237
0.01045600138604641 0.09529007971286774 -0.2466760128736496
-0.29980191588401794 0.31022998690605164 -0.23125553131103516
-0.08411413431167603 0.42131567001342773 -0.3876959979534149
-0.17051687836647034 -0.06478231400251389 0.011516405269503593
-0.24168574810028076 0.18505944311618805 0.18030135333538055
-0.21152722835540771 0.14611245691776276 -0.007177359890192747
-0.20441612601280212 0.5222326517105103 -0.33159342408180237
0.33215656876564026 0.4221545457839966 -0.15600118041038513
-0.27450019121170044 0.26526498794555664 -0.13487450778484344
-0.23797036707401276 0.1991574764251709 0.07854839414358139
-0.4522840678691864 0.4785725176334381 0.020991135388612747
-0.4098653197288513 -0.34375885128974915 0.006230396218597889
-0.28420668840408325 0.503572940826416 0.19654831290245056
-0.27017074823379517 0.35278427600860596 0.05606604367494583
0.020066604018211365 0.6573060750961304 -0.10126693546772003
-0.28176289796829224 0.2265181690454483 -0.07937358319759369
-0.4356957674026489 -0.340920090675354 0.23378418385982513
-0.27683576941490173 0.2257605493068695 0.06974544376134872
-0.2615772485733032 0.38375434279441833 -0.1737975776195526
-0.32957834005355835 0.7480815052986145 0.3988247513771057
-0.2514008581638336 0.4849741756916046 0.033539868891239166
-0.29745206236839294 -0.5396184921264648 0.2894640266895294
-0.3083108067512512 0.036295149475336075 -0.18562822043895721
-0.20277473330497742 0.3490384519100189 -0.16087618470191956
-0.3459015488624573 0.5736749172210693 0.13475266098976135
-0.24123035371303558 0.24844764173030853 -0.3503112196922302
-0.2677333652973175 0.20880557596683502 -0.11698078364133835
-0.26991310715675354 0.5814107060432434 0.09782455116510391
-0.3256387412548065 0.5514220595359802 0.1558358371257782
-0.23079225420951843 0.2104843705892563 -0.10404345393180847
0.29906603693962097 0.3074360489845276 -0.23816442489624023
-0.34027373790740967 0.333088219165802 -0.2295956164598465
-0.01698172464966774 -0.05988180264830589 0.16910585761070251
-0.2562512159347534 0.3462154269218445 -0.19707554578781128
-0.22747503221035004 0.23779335618019104 -0.23590101301670074
0.4478474259376526 -0.035434264689683914 -0.3632960021495819
-0.28658342361450195 -0.43361446261405945 -0.24663695693016052
-0.4298216700553894 0.681242048740387 0.08138526976108551
-0.27945631742477417 0.2229127287864685 0.1388942152261734
-0.16758601367473602 0.32935377955436707 -0.19374485313892365
0.06256124377250671 0.046620387583971024 0.016736671328544617
-0.24092239141464233 -0.051662907004356384 -0.2754746675491333
-0.20897476375102997 0.5872324109077454 0.16618776321411133
-0.2916947305202484 0.5314112901687622 0.11838370561599731
-0.3307177424430847 -0.14303326606750488 -0.7702372074127197
-0.4256614148616791 -0.30343666672706604 0.12484271824359894
-0.3808450996875763 0.10979144275188446 -0.060965169221162796
-0.15576142072677612 0.09816963970661163 -0.09442358464002609
-0.3090455234050751 0.19336369633674622 0.053352873772382736
-0.3772110342979431 0.6052383184432983 0.06273870915174484
0.39745521545410156 0.11036079376935959 -0.04655542969703674
-0.35174399614334106 0.5231067538261414 -0.02222478576004505
-0.21539123356342316 0.43445587158203125 -0.09726087003946304
-0.04986966401338577 0.42519351840019226 -0.22975507378578186
-0.0045295641757547855 0.47592905163764954 0.005008169449865818
-0.37571823596954346 0.3805729150772095 -0.07256405800580978
-0.11704722046852112 0.28846198320388794 0.04108531400561333
-0.26975372433662415 0.46220147609710693 0.0475180558860302
-0.11020571738481522 0.39812028408050537 -0.27943065762519836
-0.3117462694644928 0.5773072838783264 0.20931376516819
-0.2949618995189667 0.37600764632225037 0.08904321491718292
-0.16135741770267487 -0.5604522824287415 -0.35527780652046204
-0.1504710465669632 0.4188220202922821 -0.14398641884326935
-0.16882948577404022 0.37133821845054626 -0.24693544209003448
-0.2113182544708252 0.5022313594818115 -0.31154319643974304
-0.3775123357772827 0.0241708941757679 0.22813354432582855
-0.27327966690063477 0.5166101455688477 -0.07222834974527359
-0.2659774422645569 0.35404643416404724 -0.22295087575912476
-0.3328852653503418 0.07203299552202225 0.23785044252872467
-0.28961098194122314 -0.33718523383140564 0.18591468036174774
-0.14938268065452576 0.4211731255054474 -0.21648941934108734
-0.21417777240276337 0.42084309458732605 -0.04687117412686348
0.5464368462562561 -0.7188078761100769 -0.3438951075077057
-0.09804145246744156 0.1713414490222931 -0.09538345783948898
-0.1678035706281662 -0.046776194125413895 -0.134797140955925
-0.3809000849723816 0.36386460065841675 0.12378478050231934
-0.29404857754707336 0.3990385830402374 0.25998955965042114
0.02747499756515026 0.4436727464199066 0.023306692019104958
-0.052330873906612396 0.20568551123142242 -0.10836570709943771
-0.24750562012195587 -0.09301921725273132 -0.14819903671741486
-0.263255774974823 0.4947843551635742 0.033269982784986496
-0.12421532720327377 0.347180038690567 -0.4199983775615692
-0.11489390581846237 0.42845895886421204 -0.18249429762363434
0.033608824014663696 0.4396726191043854 -0.21388740837574005
-0.32581034302711487 0.20873159170150757 -0.12773700058460236
