ply
format ascii 1.0
element vertex 2048
property float x
property float y
property float z
end_header
0.14279276132583618 1.2010120153427124 -0.5109235644340515
-0.5202623009681702 0.9709136486053467 -0.20276501774787903
-0.45937851071357727 0.5646904706954956 -0.25681638717651367
-0.46403101086616516 0.18867141008377075 -0.2682827115058899
-0.6186732649803162 0.16498088836669922 -0.11844313144683838
0.0977538600564003 1.1873916387557983 -0.3951560854911804
0.3660370707511902 0.03609072417020798 -0.2871689796447754
0.2878570854663849 1.5318655967712402 0.05352504551410675
-0.556705892086029 0.5924817323684692 -0.2680993974208832
-0.51629239320755 0.3691610097885132 -0.2321392148733139
-0.5658495426177979 0.1946742981672287 0.24334271252155304
-0.4821518361568451 1.0640027523040771 -0.3088655173778534
-0.252524197101593 0.550177276134491 -0.19576679170131683
-0.51353520154953 0.5575649738311768 0.00022605725098401308
-0.5646297931671143 1.122733473777771 0.04069244861602783
-0.5436193943023682 0.5712968111038208 -0.062455106526613235
-0.1784851849079132 0.6103601455688477 0.1435474008321762
-0.5485919713973999 1.4577689170837402 0.06114445999264717
-0.48318466544151306 0.5226940512657166 -0.5358127951622009
-0.04516623914241791 0.970304548740387 -0.33031919598579407
-0.43780800700187683 1.0462232828140259 -0.4177596867084503
-0.698646068572998 0.012787669897079468 -0.05900031700730324
-0.4993705451488495 1.167352557182312 0.5386292934417725
-0.6249136924743652 0.8554666638374329 0.13056309521198273
0.2799598276615143 1.3938390016555786 -0.42957136034965515
-0.5854657292366028 0.8873947858810425 -0.4923992455005646
-0.7224764823913574 0.3515580892562866 0.1884557157754898
0.03373626247048378 1.1272836923599243 -0.05159761756658554
-0.4962382912635803 0.6922275424003601 -0.40489497780799866
-0.39735692739486694 0.1732035130262375 -0.1255708783864975
-0.07889735698699951 1.0632636547088623 -0.12552683055400848
-0.38960132002830505 0.8063491582870483 -0.15984947979450226
-0.4852347671985626 0.8251451849937439 -0.3069247007369995
-0.5643871426582336 1.287475824356079 0.1737758219242096
-0.05469999834895134 0.41580161452293396 -0.1962813138961792
-0.5856432914733887 1.037535548210144 0.4084424674510956
-0.5377466678619385 0.9797021746635437 -0.2736269235610962
-0.4331486225128174 0.4728865623474121 0.19687145948410034
-0.5069124698638916 1.1450785398483276 0.019798643887043
-0.5140450596809387 0.04305620491504669 -0.13914045691490173
-0.5136497020721436 0.2905641496181488 0.1503419578075409
-0.021600376814603806 1.1633200645446777 0.05336116999387741
-0.5837991833686829 0.09124935418367386 0.009204577654600143
0.1913728564977646 0.5948158502578735 -0.18276828527450562
-0.6589327454566956 0.5135039687156677 0.31787392497062683
0.37995409965515137 0.9774919748306274 -0.3566184341907501
-0.6157411336898804 0.32134896516799927 0.2330615520477295
-0.7674644589424133 0.2843506932258606 0.0922875702381134
-0.465256929397583 0.4572269320487976 -0.3717617988586426
-0.6654828190803528 0.2663191854953766 0.19772423803806305
-0.5009296536445618 1.2923598289489746 -0.312123566865921
-0.5533109903335571 0.6081834435462952 -0.3679359257221222
-0.6093218326568604 1.1287004947662354 -0.24298599362373352
-0.7107580900192261 0.1293153017759323 -0.07158508896827698
0.195515975356102 0.7283097505569458 -0.11675368249416351
0.24443355202674866 0.6634554862976074 -0.47012677788734436
-0.5934762954711914 0.2879660725593567 0.10891157388687134
-0.1754569113254547 0.3923949897289276 -0.15785226225852966
0.5298427939414978 1.029850721359253 -0.18003250658512115
-0.14481747150421143 0.6926580667495728 0.13267695903778076
-0.6173999905586243 0.816088855266571 0.08523648977279663
-0.27292096614837646 0.6781980395317078 -0.2892553508281708
-0.5768593549728394 0.6034649610519409 -0.06837382912635803
-0.5636803507804871 0.9427428841590881 -0.08375417441129684
-0.3417273759841919 1.101494312286377 -0.22975564002990723
-0.5899655222892761 0.553869903087616 -0.23373490571975708
-0.518157958984375 0.7843171954154968 0.07272248715162277
-0.4733954668045044 0.35981181263923645 -0.1752086877822876
-0.568612813949585 0.814541220664978 0.06750213354825974
-0.5523265600204468 0.5289082527160645 -0.33324649930000305
-0.8096884489059448 0.23073989152908325 0.036170393228530884
-0.49694642424583435 1.09701669216156 -0.4576486647129059
-0.5366405248641968 0.6612532138824463 -0.27247557044029236
-0.5783895254135132 0.3671029508113861 0.16469725966453552
-0.6494534611701965 0.4868011772632599 0.11436937004327774
-0.7707372307777405 0.18526268005371094 0.08302751183509827
-0.5017419457435608 0.21189631521701813 -0.40329548716545105
-0.4237666130065918 1.1095882654190063 0.2085513472557068
0.2598482072353363 0.6528707146644592 -0.42297184467315674
-0.6332258582115173 0.8469856977462769 0.3747076094150543
-0.5363843441009521 1.2349461317062378 -0.0003248231951147318
-0.4441267251968384 0.7024980187416077 -0.2236507385969162
-0.62237149477005 0.8128445148468018 -0.12107449024915695
-0.48294028639793396 0.3707234263420105 0.26548027992248535
-0.07613800466060638 0.7075784802436829 0.07992260158061981
-0.03384251147508621 1.2292736768722534 -0.1366228461265564
-0.6200001835823059 0.10511494427919388 -0.11689945310354233
-0.5203121900558472 0.635340690612793 -0.612776517868042
-0.650529682636261 0.29094427824020386 -0.018256280571222305
0.27473050355911255 0.8412355184555054 -0.13957777619361877
0.6030457019805908 0.8338921070098877 -0.1973651498556137
0.5967522859573364 0.8408085703849792 -0.21549737453460693
-0.4972706437110901 0.9269148111343384 0.19689390063285828
-0.6341621279716492 0.41444969177246094 -0.21969039738178253
-0.6872939467430115 0.40014442801475525 0.27621105313301086
0.4243772029876709 0.7111243605613708 0.1319926530122757
-0.6313753128051758 0.9369871020317078 -0.41999560594558716
-0.612131655216217 0.6774203777313232 0.12380171567201614
0.43975329399108887 0.7847639322280884 -0.25487983226776123
-0.2569540739059448 0.017857743427157402 0.1277068555355072
-0.658569872379303 1.37196946144104 -0.28178590536117554
-0.6179240345954895 0.9813016057014465 -0.027485042810440063
-0.552743136882782 0.2620703876018524 0.2870790362358093
-0.29004448652267456 1.1463830471038818 -0.8278244137763977
0.02871481329202652 1.099570393562317 -0.3130895495414734
-0.3423677980899811 0.973308265209198 -0.16654442250728607
-0.5454564094543457 1.0653266906738281 0.22698332369327545
-0.1114463061094284 0.5123767256736755 -0.2256058156490326
-0.5361403822898865 0.6877453923225403 -0.14397282898426056
-0.44218388199806213 1.0683567523956299 -0.5931439995765686
-0.21520251035690308 1.1202435493469238 -0.10772158205509186
-0.20475423336029053 1.1465102434158325 -0.13884319365024567
-0.4200267493724823 0.9698514342308044 -0.5491248369216919
-0.6028238534927368 0.7787541151046753 -0.2011772096157074
-0.505832314491272 0.30798056721687317 -0.09190132468938828
-0.545950174331665 1.2060869932174683 -0.18315139412879944
-0.3655509352684021 1.1354655027389526 -0.17325223982334137
-0.2777366042137146 0.9498622417449951 -0.6398472189903259
0.06706059724092484 1.081878900527954 -0.48490533232688904
-0.5261419415473938 1.131557822227478 -0.1232180967926979
-0.6922624707221985 0.25022903084754944 0.19408254325389862
-0.46831589937210083 0.966558039188385 -0.5216962695121765
-0.6095848679542542 0.20996393263339996 -0.17540952563285828
0.3769228756427765 0.5952721238136292 -0.002891652751713991
-0.4778197705745697 0.8494207859039307 0.323424369096756
-0.5801731944084167 1.1384507417678833 -0.2625681459903717
-0.6129983067512512 0.9181854128837585 -0.12613017857074738
-0.5275911092758179 0.5484514832496643 -0.13339750468730927
-0.23955702781677246 0.6788935661315918 0.14511680603027344
-0.386087030172348 0.9285990595817566 0.09141864627599716
-0.3979702591896057 0.2769683599472046 -0.3184691369533539
0.06840401142835617 1.1371065378189087 -0.24600756168365479
0.5923124551773071 0.7475544214248657 -0.2894371449947357
-0.5605621337890625 0.7023719549179077 -0.29875847697257996
-0.20505914092063904 1.2855751514434814 -0.0537831112742424
-0.6226736307144165 0.03768950328230858 0.11659135669469833
-0.364422470331192 0.9651535153388977 0.028728870674967766
-0.6440749764442444 0.44277602434158325 0.2600681781768799
-0.54435133934021 0.954152524471283 -0.5188179612159729
-0.5818814039230347 1.1366097927093506 0.5275389552116394
-0.4963928461074829 1.2827298641204834 -0.13736411929130554
-0.23545989394187927 0.7281947135925293 -0.4984537363052368
-0.39818212389945984 0.2685236930847168 -0.12644490599632263
-0.4291553199291229 0.8622845411300659 -0.12438444048166275
-0.698949933052063 0.4698973596096039 -0.35665664076805115
-0.4848712682723999 0.4546315670013428 -0.05861775577068329
-0.636854350566864 0.6249850392341614 -0.31243064999580383
-0.6031375527381897 0.23018062114715576 -0.2299385964870453
0.1722123771905899 0.35867711901664734 -0.16274015605449677
0.17715336382389069 1.0945625305175781 0.15942025184631348
0.15428173542022705 0.9917396306991577 -0.5865881443023682
-0.4268922209739685 0.5579871535301208 -0.13302068412303925
-0.6577102541923523 0.5155965089797974 -0.3793790936470032
-0.6269708275794983 0.4049243628978729 -0.047569889575242996
-0.4678843319416046 0.30565258860588074 0.010043265298008919
-0.6685307621955872 0.44715794920921326 -0.3526149392127991
-0.6867654323577881 0.14566516876220703 0.1162046566605568
-0.5541554093360901 0.44070279598236084 -0.3075029253959656
-0.7065070867538452 0.21632365882396698 -0.05844734609127045
-0.49093854427337646 1.1505202054977417 -0.08200293779373169
-0.6096730828285217 0.5011674165725708 0.09877879917621613
-0.47758686542510986 1.163375973701477 -0.1825287938117981
-0.3223128616809845 0.7769412994384766 0.08684799820184708
-0.6029701232910156 0.48138558864593506 0.2829221487045288
-0.7758544683456421 0.04143336042761803 0.06780371069908142
-0.3930949866771698 0.5232383012771606 -0.17750559747219086
-1.2059190273284912 0.2693190276622772 0.08457938581705093
-0.06065136939287186 1.1859161853790283 -0.15814413130283356
-0.4466433823108673 1.0084041357040405 -0.24431107938289642
-0.6455379724502563 0.2733919024467468 -0.23653119802474976
-0.5848665237426758 1.2783652544021606 -0.323408305644989
0.1989542692899704 0.7050018906593323 -0.4751671850681305
-0.46408578753471375 0.29847434163093567 0.23536202311515808
-0.57027667760849 -0.07601459324359894 0.020147616043686867
0.021515559405088425 0.5699611306190491 0.2719285488128662
-0.14480121433734894 1.1299500465393066 -0.005973944440484047
-0.6476925015449524 0.31641870737075806 0.1128457710146904
-0.4625043570995331 0.3897670805454254 -0.1418655514717102
0.28778502345085144 0.7661151885986328 -0.18961672484874725
-0.6365389823913574 0.7710126638412476 -0.3637760579586029
-0.4549623429775238 1.367418646812439 -0.037037454545497894
-0.21007905900478363 1.452438235282898 -0.18701763451099396
-0.6118478178977966 0.1571270227432251 0.03139883279800415
-0.16879074275493622 1.2870333194732666 -0.1524554342031479
-0.5714921355247498 1.1769360303878784 -0.43606463074684143
0.4063020944595337 0.6505058407783508 -0.15242435038089752
-0.1705842912197113 0.9043787121772766 0.025211839005351067
0.007849524728953838 1.330700159072876 0.21143107116222382
-0.5344562530517578 1.2714101076126099 -0.35012632608413696
-0.6750063896179199 -0.17433388531208038 -0.006996831391006708
-0.6481066346168518 0.17482498288154602 -0.01531832106411457
-0.5233924388885498 0.7102972865104675 -0.3040584325790405
-0.5997447967529297 0.8160211443901062 -0.4172530174255371
0.3015044927597046 0.5846624374389648 -0.08855916559696198
-0.5026825666427612 0.8979461789131165 -0.21881921589374542
-0.620627760887146 0.7852226495742798 -0.027479354292154312
-0.7281609773635864 0.19243772327899933 0.10868050158023834
-0.6592467427253723 0.1594487428665161 -0.054291464388370514
-0.42860665917396545 0.5404446721076965 -0.2619101107120514
0.6859021186828613 0.2603376805782318 -0.3158026337623596
-0.374848872423172 1.3064541816711426 0.028356697410345078
-0.04179489240050316 0.8830337524414062 0.0586794950067997
-0.33262768387794495 0.543420135974884 -0.12923301756381989
-0.6220002174377441 0.8410269618034363 -0.09340596199035645
-0.7200053930282593 0.48279285430908203 0.08143606781959534
-0.6142236590385437 1.1432366371154785 -0.24889123439788818
-0.4883551001548767 0.7706990242004395 -0.5989944338798523
0.13237756490707397 0.33829233050346375 -0.18981267511844635
-0.5262202620506287 0.833638072013855 -0.2114911824464798
-0.02731405198574066 0.8795547485351562 -0.07983497530221939
-0.08520843833684921 0.9504914283752441 -0.5077124834060669
-0.08375824987888336 1.2375770807266235 -0.0034753726795315742
-0.5647192597389221 0.7513307929039001 0.3761340081691742
-0.3270125389099121 0.38593193888664246 0.10758265852928162
-0.5939013957977295 1.0845658779144287 -0.2759590446949005
-0.2403956949710846 0.4913807809352875 -0.275554358959198
0.008859365247189999 0.7894672751426697 -0.170333132147789
-0.5279497504234314 0.5995782017707825 -0.41838541626930237
-0.29628807306289673 1.2692338228225708 0.03661126270890236
0.2653973698616028 1.103743076324463 -0.2996002435684204
0.39416033029556274 1.1007256507873535 0.256888747215271
-0.12704087793827057 0.8656077980995178 -0.5632815957069397
-0.5804603695869446 1.142065405845642 -0.00923204980790615
-0.47576040029525757 0.6669743657112122 -0.1698405146598816
-0.5571374893188477 0.5627033710479736 0.07780815660953522
-0.5801670551300049 0.4253876209259033 0.2572808563709259
-0.4364374279975891 0.8923810124397278 0.19065247476100922
-0.3745814561843872 0.9764891266822815 -0.568196713924408
-0.026186387985944748 1.0230311155319214 0.024027418345212936
-0.5669230818748474 0.39281734824180603 0.3075081408023834
-0.5940970182418823 1.3932507038116455 -0.12803101539611816
-0.04756772518157959 1.3930332660675049 0.11897069960832596
-0.6453337073326111 0.1289481818675995 -0.1543363481760025
-0.3560227155685425 1.1459732055664062 -0.4597854018211365
0.10899234563112259 0.7901849746704102 0.07894767820835114
-0.6913936734199524 0.0783153623342514 0.01640981435775757
-0.5137819051742554 1.1693779230117798 -0.1684485822916031
-0.38509035110473633 0.5414735078811646 0.025893595069646835
-0.5463385581970215 0.7318815588951111 -0.11447001248598099
-0.6172413229942322 0.630423903465271 0.10960514098405838
-0.45220068097114563 0.4920198619365692 -0.5305920243263245
-0.5852360725402832 1.2001062631607056 0.133185014128685
-0.7403706908226013 0.03345666453242302 -0.051593974232673645
0.30073416233062744 1.1780904531478882 -0.3202962577342987
-0.5317175388336182 1.1377533674240112 -0.22028563916683197
-0.46589091420173645 0.8979406952857971 -0.29400748014450073
-0.6004700064659119 1.5773561000823975 0.28174376487731934
-0.47362151741981506 1.1407747268676758 -0.04287980869412422
-0.4964899718761444 0.9722892045974731 -0.17126068472862244
-0.05137857422232628 0.8002398014068604 -0.21763603389263153
-0.14809909462928772 0.6092748045921326 -0.16018107533454895
-0.5430262088775635 1.066595435142517 0.24716021120548248
-0.7296770811080933 0.0009910935768857598 0.22151674330234528
-0.6753436326980591 0.5565545558929443 0.13648349046707153
-0.6393024325370789 0.4421450197696686 -0.2390175312757492
-0.316405326128006 1.095744013786316 -0.21222040057182312
-0.5513169765472412 0.31036657094955444 -0.2665030360221863
-0.15416200459003448 0.40126878023147583 -0.23298132419586182
-0.5391635894775391 0.9510831832885742 -0.16558387875556946
-0.5405404567718506 0.8379239439964294 -0.11447659879922867
-0.5813875794410706 0.3595423996448517 0.056880563497543335
-0.4239192306995392 1.1683787107467651 -0.09573886543512344
-0.43629011511802673 0.6114658713340759 -0.10553120821714401
-0.4074119031429291 0.15928062796592712 0.005986505653709173
-0.5830691456794739 0.6236105561256409 -0.2864325940608978
-0.4117303490638733 0.6062823534011841 -0.3880162537097931
-0.3657473623752594 1.1976723670959473 -0.15332910418510437
-0.33451464772224426 0.24662898480892181 0.08292868733406067
-0.5100272297859192 0.7299795746803284 -0.25977715849876404
-0.3219389319419861 0.6192949414253235 -0.39804965257644653
-0.6002159118652344 0.28816887736320496 -0.13076019287109375
-0.07392826676368713 1.1151841878890991 -0.25593629479408264
-0.42043107748031616 0.4892086088657379 -0.0807272344827652
-0.23736374080181122 1.2246445417404175 -0.07821476459503174
-0.41341379284858704 0.509358823299408 0.22470992803573608
-0.5860682129859924 0.9147902131080627 -0.2772550582885742
-0.49519529938697815 0.5242804288864136 0.18956050276756287
-0.4668992757797241 0.8488218784332275 0.06542713940143585
-0.27691665291786194 1.0246652364730835 0.1541765183210373
0.016397027298808098 1.0506653785705566 0.20223669707775116
-0.3282393515110016 1.2666290998458862 0.12676431238651276
-0.5134354829788208 0.36938968300819397 -0.19958531856536865
-0.5971484184265137 0.6258312463760376 -0.2001262903213501
-0.6976081132888794 0.15583746135234833 0.06991155445575714
-0.624394953250885 0.6126887202262878 -0.2592293322086334
-0.5014067888259888 0.24888095259666443 0.15513204038143158
0.0793633982539177 1.218870759010315 -0.4104843735694885
-0.5779373645782471 1.111031174659729 -0.3161407709121704
-0.6672191619873047 0.37734419107437134 0.09506213665008545
-0.052948206663131714 0.9983197450637817 -0.28133711218833923
-0.3265173137187958 0.9241462349891663 -0.2413322776556015
-0.5562130212783813 1.0046544075012207 -0.2735441029071808
0.16745321452617645 0.9288947582244873 -0.2093728929758072
-0.1180235743522644 0.8519688844680786 -0.4256160259246826
-0.6382045149803162 0.34404489398002625 0.18080425262451172
-0.6362666487693787 0.46717366576194763 -0.017016466706991196
-0.47633373737335205 0.7728052735328674 0.1639261394739151
-0.2914217710494995 0.7732974886894226 -0.5011706352233887
-0.8603099584579468 0.012933090329170227 0.1409262716770172
-0.8319200873374939 -0.11343108862638474 0.14461444318294525
-0.009645020589232445 0.7043507695198059 -0.42069292068481445
-0.21344797313213348 0.6357470154762268 -0.1935717910528183
-0.5079536437988281 1.222109317779541 0.12677337229251862
-0.5704247951507568 1.1070280075073242 -0.008208349347114563
-0.46313929557800293 0.4561338424682617 -0.4501964747905731
-0.5648180842399597 0.49682295322418213 -0.07932143658399582
-0.22144992649555206 1.0153566598892212 -0.013892320916056633
-0.3055363595485687 1.0214403867721558 -0.01208828017115593
-0.8800186514854431 0.0026648167986422777 0.10993143916130066
-0.4380248785018921 0.6524713039398193 -0.32970115542411804
-0.6641154885292053 1.6753541231155396 0.011653967201709747
-0.2988506555557251 1.3060083389282227 0.1582125723361969
-0.42236846685409546 0.5070090293884277 -0.4483063519001007
-0.379442036151886 0.1982245147228241 -0.1736355423927307
-0.5903141498565674 1.0966328382492065 -0.24291114509105682
-0.5394949316978455 0.5652615427970886 -0.03795633092522621
-0.6227772235870361 1.2108991146087646 -0.009941838681697845
-0.6276718378067017 0.3662695586681366 0.015022743493318558
-0.23224660754203796 0.8316468596458435 -0.10669918358325958
-0.33284902572631836 1.1217163801193237 -0.23394593596458435
-0.4998911917209625 1.1337600946426392 -0.2722669243812561
-0.6053341627120972 0.5921421647071838 -0.25576165318489075
-0.6474835872650146 0.8804540038108826 0.371839702129364
-0.6265707015991211 1.0029417276382446 -0.4252243936061859
-0.31290403008461 1.080549955368042 0.35624170303344727
-0.5389223098754883 1.1675524711608887 -0.2854970395565033
0.2087114453315735 1.0614430904388428 -0.43133634328842163
-0.2196093052625656 0.9028052687644958 -0.2245223969221115
-0.6858154535293579 1.0525271892547607 -0.1526254415512085
-0.49565568566322327 1.0060343742370605 -0.1915753036737442
-0.4513445198535919 0.2869899868965149 -0.06838516145944595
-0.3108370900154114 0.7415187358856201 0.18202078342437744
-0.277448832988739 0.7060198187828064 -0.6017335057258606
-0.5418679714202881 0.27031955122947693 0.019419478252530098
0.09305049479007721 0.9456436634063721 -0.439024955034256
-0.7175426483154297 -0.05705295130610466 0.09405114501714706
-0.5360956788063049 0.6668373942375183 -0.1922188699245453
-0.33783042430877686 0.2503099739551544 0.14517077803611755
0.28828439116477966 1.1826272010803223 -0.040538158267736435
-0.501082718372345 1.163756251335144 0.011289345100522041
-0.5379799008369446 1.1401463747024536 -0.2970029413700104
-0.2705451250076294 1.3054249286651611 -0.43907469511032104
-0.5380592942237854 0.9061871767044067 -0.5570720434188843
-0.568419873714447 0.1736413538455963 -0.25075653195381165
-0.5076010823249817 0.5493330359458923 -0.41047948598861694
-0.40950149297714233 1.015378475189209 -0.3261961042881012
-0.4822801947593689 0.629240095615387 -0.2254721075296402
-0.6272638440132141 0.4983758330345154 0.025627708062529564
-0.5576491951942444 0.4014677107334137 0.05262145400047302
0.39242735505104065 0.9119194149971008 0.1521664708852768
-0.5458481907844543 0.31670331954956055 -0.17144469916820526
0.2219003587961197 0.8013607859611511 0.05098797008395195
-0.5236524939537048 0.5223034024238586 0.15404647588729858
-0.6749659776687622 0.4007377028465271 0.38011664152145386
-0.5735742449760437 0.14568738639354706 -0.09936191141605377
-0.5514147877693176 1.1583855152130127 -0.3661215305328369
-0.5361826419830322 1.1793278455734253 -0.23583906888961792
-0.6654195189476013 0.9084436893463135 0.09910315275192261
0.23527587950229645 1.2958875894546509 0.4611560106277466
0.45232054591178894 1.0783917903900146 0.17585207521915436
-0.07325561344623566 1.0032148361206055 -0.5647665858268738
-0.27259665727615356 1.0376538038253784 -0.8551622629165649
-0.329547643661499 1.2931017875671387 -0.32207515835762024
-0.6727890372276306 0.4761565327644348 -0.18812821805477142
-0.35220861434936523 0.8575712442398071 -0.08705980330705643
-0.5835315585136414 1.0023876428604126 -0.2401091605424881
-0.5067611932754517 0.16054286062717438 -0.19002069532871246
-0.5481560230255127 1.4418809413909912 0.04308045282959938
-0.5196968913078308 1.20778489112854 -0.15518973767757416
-0.6666403412818909 -0.08020181208848953 0.24845729768276215
-0.4505942761898041 0.6726989150047302 -0.3751909136772156
-0.15457284450531006 1.2719635963439941 -0.1647053211927414
-0.6360751986503601 0.320781946182251 0.27950358390808105
-0.5677316784858704 0.9166034460067749 -0.5141316056251526
-0.48158660531044006 0.46854066848754883 0.1023288369178772
0.07555608451366425 0.9366633892059326 -0.06547052413225174
0.09626603871583939 0.31583622097969055 -0.553105354309082
-0.764583170413971 0.4852828085422516 -0.41310396790504456
-0.49950817227363586 0.09062443673610687 -0.06984993815422058
-0.5674036145210266 1.27965247631073 -0.1614805907011032
-0.5988075733184814 1.1486830711364746 0.17697305977344513
-0.5918624401092529 1.000053882598877 -0.17030520737171173
-0.5009879469871521 0.8545280694961548 -0.4287284314632416
-0.3728662133216858 0.8683830499649048 -0.6263788342475891
-0.23326434195041656 1.0214461088180542 -0.32130861282348633
-0.5370377898216248 0.4928533136844635 0.037607211619615555
-0.634830117225647 0.6443657279014587 -0.08890978991985321
-0.5594980716705322 0.8852279186248779 -0.08590424805879593
-0.2755475342273712 0.4087379276752472 0.22126546502113342
-0.6532347798347473 0.5920695066452026 0.2003042846918106
0.4738079607486725 0.7641623616218567 -0.22969500720500946
-0.6859294176101685 0.06704658269882202 0.05222515016794205
-0.23516808450222015 0.8250532746315002 -0.5873855352401733
-0.33642882108688354 0.900345504283905 -0.5271479487419128
-0.6047237515449524 0.4877793490886688 0.18703655898571014
-0.4828953444957733 0.05794752389192581 -0.10861954838037491
-0.6941434741020203 0.02873038873076439 -0.15097804367542267
-0.13858281075954437 0.9615976214408875 -0.2673521041870117
-0.07199385017156601 0.8042151927947998 0.13733190298080444
-0.5121520757675171 1.0809836387634277 -0.18106955289840698
0.42645198106765747 1.2200428247451782 -0.03981698676943779
-0.3779715299606323 1.0599793195724487 -0.2794131338596344
-0.7265531420707703 0.31852805614471436 0.08006647974252701
-0.13648869097232819 0.3865865170955658 0.16975198686122894
-0.6138712167739868 0.635554313659668 -0.3677826523780823
-0.6610803008079529 0.5476394891738892 -0.29657885432243347
-0.44258788228034973 -0.154791921377182 -0.04690223187208176
-0.30943337082862854 0.42411017417907715 0.22716403007507324
-0.7566524147987366 0.25612959265708923 0.13676193356513977
-0.6415762305259705 0.35927724838256836 -0.23265627026557922
-0.42057380080223083 0.7052761316299438 0.1409597545862198
-0.4824325144290924 0.8354839086532593 -0.062488164752721786
-0.5730333924293518 0.6205745339393616 0.2401418536901474
0.15278995037078857 1.2829992771148682 0.22953899204730988
-0.6489171981811523 0.6585929989814758 -0.3733282685279846
-0.5408146381378174 0.23912520706653595 -0.13417835533618927
-0.669941246509552 0.6680514812469482 -0.18786919116973877
-0.2608121633529663 0.6073151230812073 0.16581228375434875
-0.5294682383537292 0.44491150975227356 -0.05235578492283821
-0.6883429884910583 0.5936216115951538 -0.12953250110149384
-0.6335753798484802 0.0516451895236969 -0.14073477685451508
-0.6163312196731567 0.643589973449707 0.26273664832115173
-0.5372629165649414 0.6537162065505981 0.469017893075943
-0.6058307886123657 0.608061671257019 -0.17707303166389465
-0.5874588489532471 0.09469614923000336 0.09813030809164047
0.4078260064125061 0.28268516063690186 -0.20425988733768463
-0.5423199534416199 0.9588697552680969 -0.14574840664863586
0.0978967621922493 0.945686399936676 0.18921934068202972
-0.8216215968132019 -0.17493408918380737 0.11707255244255066
-0.30846428871154785 0.8482744693756104 -0.4842514097690582
-0.670590341091156 0.5738984942436218 0.24667884409427643
-0.5288966298103333 0.17382970452308655 -0.1347178965806961
-0.5076794624328613 1.0400642156600952 -0.4908885061740875
-0.44410523772239685 0.9402475953102112 -0.5285283923149109
-0.466806560754776 0.9876692295074463 -0.4988235831260681
0.36863335967063904 0.7901049852371216 -0.31209617853164673
-0.579005241394043 1.0612289905548096 -0.11689573526382446
-0.6070915460586548 0.7605017423629761 0.1753309667110443
-0.6380956768989563 0.23459041118621826 0.08957716822624207
-0.5538801550865173 0.598876953125 -0.18500523269176483
-0.3427618443965912 1.233831763267517 -0.4015839099884033
0.00849694013595581 0.9422605037689209 0.302249014377594
-0.016648247838020325 1.2573903799057007 0.13516584038734436
-0.10200735181570053 0.9319333434104919 -0.3614634871482849
-0.6051063537597656 0.2804850935935974 0.1301724910736084
-0.028261099010705948 0.9313170909881592 -0.5567446351051331
0.4174046218395233 0.9345129132270813 -0.08538015186786652
-0.5055668354034424 1.0410736799240112 -0.4810277223587036
-0.5571459531784058 0.9004659056663513 0.059414852410554886
-0.5414208173751831 0.9128150343894958 -0.45747101306915283
-0.4100561738014221 1.0773946046829224 0.3638978898525238
-0.5408532619476318 0.4400549530982971 -0.5472233891487122
-0.5390332341194153 1.3678395748138428 0.19280055165290833
-0.4869358241558075 1.2371158599853516 0.12658710777759552
-0.6526693105697632 0.6090267896652222 -0.34968477487564087
-0.05309920012950897 1.0018850564956665 0.31181153655052185
-0.5077701210975647 0.9508723020553589 -0.24791395664215088
-0.5723782181739807 0.35785335302352905 -0.30538421869277954
-0.5027850270271301 0.6339386701583862 -0.10885072499513626
0.34928953647613525 0.850822925567627 0.08885691314935684
0.27224794030189514 1.4045515060424805 -0.09393556416034698
-0.05806783586740494 0.8086956143379211 -0.42234331369400024
0.0861869677901268 0.6663897037506104 -0.20408257842063904
-0.3261660039424896 0.47184568643569946 -0.29762962460517883
-0.3617119789123535 1.2938306331634521 -0.01423257403075695
-0.5123620629310608 1.0121517181396484 -0.038382139056921005
-0.6876986026763916 0.6066948771476746 -0.33332526683807373
-0.6163058876991272 0.5233217477798462 -0.3108636140823364
-0.4786951541900635 0.9694450497627258 -0.3095284402370453
-0.7249845266342163 0.4953135848045349 -0.46601560711860657
-0.03388848528265953 0.09717986732721329 -0.16544049978256226
-0.6036550998687744 1.0030169486999512 -0.4270879030227661
-0.7225130796432495 0.06967689841985703 -0.18607909977436066
-0.7665295600891113 0.17834541201591492 -0.013810193166136742
-0.6222159266471863 0.5394828915596008 -0.1949128806591034
-0.47922244668006897 0.43153196573257446 -0.18231306970119476
-0.5094382762908936 0.5522689819335938 -0.36801877617836
0.17574530839920044 0.9030294418334961 0.30131959915161133
-0.14188522100448608 1.1535568237304688 -0.3064105808734894
-0.46528860926628113 0.5295230150222778 -0.26394566893577576
-0.2319294661283493 0.9451738595962524 -0.6262176632881165
-0.5107473731040955 1.2703940868377686 0.30438467860221863
-0.6355627179145813 0.3495091497898102 0.1719275712966919
-0.6201269626617432 0.5364250540733337 -0.07685425877571106
-0.7823254466056824 -0.02793460711836815 0.13720305263996124
-0.17082776129245758 1.1088755130767822 0.08130943775177002
-0.05187597870826721 1.0016882419586182 -0.4135289788246155
-0.6436490416526794 0.8345942497253418 -0.06803596019744873
-0.5148918628692627 0.5227532386779785 -0.14411485195159912
0.17475275695323944 1.0767430067062378 -0.319737046957016
0.04512874409556389 0.8607200980186462 -0.33420589566230774
-0.5150996446609497 0.7989961504936218 -0.03625411167740822
-0.5597219467163086 1.0117194652557373 0.2806716561317444
-0.06922721862792969 1.285597562789917 0.18465390801429749
-0.3577384054660797 0.4922039210796356 0.08796129375696182
-0.6444051861763 0.29050472378730774 -0.28142961859703064
-0.47196364402770996 0.4604422450065613 -0.17124439775943756
-0.5013071894645691 1.0097402334213257 0.16229964792728424
-0.46243083477020264 1.285099744796753 0.23147310316562653
-0.5796992778778076 1.3336330652236938 -0.28461506962776184
-0.5943983197212219 0.4128309190273285 0.09835639595985413
-0.05705048516392708 1.4102097749710083 -0.19516992568969727
-0.615607738494873 0.41583672165870667 -0.243757963180542
-0.6691755056381226 0.136042982339859 -0.10000697523355484
-0.5720028281211853 0.39121121168136597 -0.059884604066610336
-0.4033389687538147 0.8039441704750061 0.1849079430103302
-0.4915730357170105 0.41306930780410767 -0.13017311692237854
0.18537627160549164 0.9365421533584595 0.2908533215522766
-0.4653570353984833 0.11460716277360916 -0.12171588093042374
-0.2065611481666565 0.5851578712463379 -0.32132187485694885
-0.607957124710083 0.35278087854385376 0.1379149705171585
-0.5693895220756531 1.1542789936065674 0.2651187777519226
-0.563650369644165 0.8910404443740845 0.06467043608427048
-0.5788108706474304 0.4919869005680084 0.04746440052986145
-0.6230199933052063 0.09787952154874802 -0.361928790807724
-0.345088392496109 0.695504367351532 -0.27887800335884094
-0.27700209617614746 0.4080459177494049 -0.4357992708683014
-0.7070960998535156 0.2684449553489685 0.1550130993127823
-0.5782484412193298 0.43103542923927307 -0.22621211409568787
-0.5100761651992798 1.139717698097229 -0.3734954595565796
-0.24605965614318848 1.1892451047897339 -0.38397014141082764
-0.5915762782096863 1.1501235961914062 -0.11091520637273788
-0.44249773025512695 0.9641041159629822 -0.297750324010849
-0.7059943079948425 -0.09469665586948395 0.02953670732676983
0.1311473846435547 0.4792708456516266 0.0936799943447113
0.2933017909526825 1.1113091707229614 -0.3496217429637909
-0.6391040682792664 0.43850141763687134 -0.24816538393497467
-0.6326465606689453 0.6288057565689087 -0.35741138458251953
-0.501760721206665 0.9077852368354797 -0.39541536569595337
-0.18256303668022156 0.8258467316627502 -0.18183481693267822
-0.4146762192249298 0.5960185527801514 0.0481107234954834
-0.5802982449531555 1.1732456684112549 -0.2292778044939041
-0.11728724837303162 1.1857393980026245 -0.37236616015434265
-0.5803875923156738 1.236202597618103 -0.15817475318908691
-0.46302637457847595 0.7081883549690247 -0.33076098561286926
-0.47392502427101135 1.065388798713684 -0.18901842832565308
-0.36473292112350464 0.9556865096092224 -0.05429766699671745
0.049000538885593414 0.9735554456710815 -0.5895966291427612
0.4227149784564972 0.9447010159492493 -0.020883064717054367
-0.2899158000946045 0.4997587502002716 -0.3938080668449402
-0.48502063751220703 1.1349120140075684 -0.1445544809103012
-0.5505249500274658 0.24387313425540924 -0.5227264761924744
0.5526891350746155 1.264727234840393 0.12389661371707916
-0.5532861351966858 0.12738826870918274 0.26276129484176636
-0.3540339469909668 0.8845759034156799 -0.37951037287712097
-0.5344483256340027 0.7621574997901917 0.0895962193608284
-0.4873439371585846 0.5259602069854736 -0.10102852433919907
-0.5683735609054565 0.6318422555923462 0.3567465841770172
0.17592714726924896 0.9442405700683594 0.06347618997097015
-0.6438367366790771 0.027706751599907875 -0.3106430470943451
-0.39494454860687256 1.006218671798706 -0.30949467420578003
0.40824416279792786 1.2236790657043457 -0.17226631939411163
-0.5158957839012146 0.08183808624744415 -0.056253980845212936
0.318534791469574 1.179401159286499 -0.4835682213306427
-0.3493884801864624 0.0608423613011837 -0.3397783935070038
-0.5810419321060181 0.9826444387435913 -0.14176379144191742
0.3236958682537079 0.2188846468925476 -0.24946123361587524
-0.6009191870689392 0.7820122838020325 -0.05377930402755737
-0.42879918217658997 0.6054509282112122 -0.09497985243797302
-0.2180803418159485 0.9938827157020569 0.018763123080134392
-0.38492390513420105 0.7553220391273499 -0.39222314953804016
-0.7299241423606873 0.1979905664920807 0.0460626557469368
-0.5049111843109131 1.1891189813613892 -0.12608858942985535
0.29646119475364685 1.1383832693099976 -0.4595046043395996
-0.4007461369037628 0.5520716905593872 -0.23788702487945557
-0.7399634122848511 0.12938305735588074 -0.01917516253888607
-0.5946019887924194 0.5663846731185913 0.22361941635608673
-0.5611491203308105 1.3846923112869263 -0.2821658253669739
-0.6904050707817078 1.1937774419784546 0.17043714225292206
-0.3075738251209259 0.853248655796051 -0.16531939804553986
-0.507636547088623 0.7429612874984741 0.22695094347000122
-0.353793740272522 0.5122140049934387 -0.11073444038629532
-0.47481006383895874 1.101276159286499 0.23421543836593628
-0.2812105119228363 1.207501769065857 0.2672145962715149
-0.4092997908592224 0.8376473784446716 -0.4008597731590271
-0.47785356640815735 1.3314999341964722 -0.4708031713962555
-0.46726012229919434 0.5140759348869324 -0.45665621757507324
-0.5741933584213257 0.27979955077171326 -0.22779583930969238
-0.5737864375114441 0.32593023777008057 0.09618312865495682
-0.6401359438896179 0.014858663082122803 -0.3706810772418976
-0.26739171147346497 1.31801438331604 -0.534196138381958
-0.5107213854789734 1.1736940145492554 0.1499224603176117
-0.5343136191368103 0.7610760927200317 -0.16078849136829376
-0.7317982912063599 0.09328529238700867 0.04000901058316231
-0.6684013605117798 0.4303860366344452 0.23651963472366333
-0.43718236684799194 0.942694902420044 -0.5227863192558289
-0.6464962363243103 0.6362414360046387 -0.03739943727850914
-0.5898406505584717 0.8653907179832458 0.01877834089100361
-0.6093905568122864 1.0991860628128052 0.18915896117687225
-0.5884284973144531 0.7234346866607666 -0.3939765989780426
-0.07145991176366806 0.24522504210472107 -0.05117211863398552
-0.2641640901565552 0.5071390867233276 -0.3802002966403961
-0.5748672485351562 0.44187742471694946 -0.06632819771766663
-0.4589015543460846 0.8494336009025574 -0.12881141901016235
-0.45582762360572815 0.938460111618042 0.1440386325120926
-0.14635102450847626 0.6426372528076172 -0.05223187804222107
-0.13955438137054443 0.556847333908081 0.07540559023618698
-0.6526308655738831 0.23637840151786804 0.1386200189590454
0.3586830198764801 1.3952022790908813 -0.34071090817451477
-0.481474369764328 0.8280078172683716 -0.3676757216453552
-0.680547297000885 0.09901604801416397 -0.2507905066013336
-0.4067860245704651 0.47621098160743713 -0.13879437744617462
-0.5810992121696472 1.3140811920166016 -0.3357865512371063
-0.6157991290092468 1.2248852252960205 -0.055256154388189316
-0.5489464998245239 1.036504864692688 -0.16368426382541656
-0.18368594348430634 0.9894276857376099 -0.29866501688957214
-0.05291833356022835 0.8079767823219299 -0.4016460180282593
-0.5725688934326172 0.8455018401145935 0.4744691252708435
-0.6036038994789124 1.0491881370544434 -0.20892015099525452
-0.577393651008606 0.3310530185699463 -0.17840196192264557
-0.5252058506011963 0.5335232019424438 0.263767808675766
-0.5087711215019226 0.17690138518810272 -0.1662081629037857
-0.5670977830886841 0.43197396397590637 -0.11238429695367813
-0.5368443727493286 1.3830751180648804 0.034440599381923676
-0.45121148228645325 0.6636976599693298 -0.2063235640525818
-0.5071086287498474 0.12887242436408997 -0.08826246112585068
-0.7425696849822998 0.28017598390579224 0.1315583884716034
0.6777020692825317 1.3947445154190063 0.02354692853987217
-0.17922596633434296 0.819038450717926 -0.43384259939193726
0.032391976565122604 1.022571086883545 0.2438398003578186
-0.43384861946105957 0.8908452391624451 -0.2386472225189209
-0.5492203235626221 0.8886666297912598 0.1620258390903473
-0.22508926689624786 1.1113905906677246 -0.4923701286315918
-0.5777868032455444 0.4326280653476715 -0.2961757779121399
-0.4537310302257538 1.0830994844436646 -0.1928805410861969
-0.5516729950904846 0.5083479881286621 -0.44816482067108154
-0.666204035282135 0.3047662377357483 0.2621130645275116
0.2594006359577179 0.6345797777175903 -0.29158395528793335
-0.444320410490036 0.5162328481674194 -0.6805528402328491
-0.09248390048742294 0.14471416175365448 -0.12543167173862457
-0.33458924293518066 0.8205919861793518 -0.29923564195632935
-0.5708591341972351 1.0367270708084106 -0.3396315574645996
-0.5586546659469604 1.2181651592254639 -0.0023081847466528416
0.16801005601882935 1.3122179508209229 0.05246242880821228
-0.5774055123329163 0.6689029932022095 0.3307284414768219
-0.30967360734939575 0.8421045541763306 -0.42973071336746216
-0.5012016296386719 0.40203964710235596 0.1573522984981537
-0.6385471224784851 0.7062140703201294 0.2518520951271057
0.2845887541770935 1.3042815923690796 -0.2024184912443161
-0.5765888690948486 0.7387648224830627 -0.24440118670463562
-0.051847681403160095 1.0265908241271973 -0.23259389400482178
-0.5255297422409058 0.03416438400745392 0.19179902970790863
-0.522352397441864 0.1696712076663971 0.05867144092917442
-0.2986760139465332 1.2426096200942993 -0.4031907320022583
0.15832112729549408 0.5284315347671509 -0.1733177900314331
-0.5580048561096191 0.9885145425796509 0.0019359728321433067
-0.4440658986568451 0.6837925910949707 -0.7623304724693298
-0.6075979471206665 0.4126228392124176 0.1405254304409027
-0.47708985209465027 1.086623191833496 -0.3071401119232178
-0.5985695719718933 0.8485887050628662 0.07872897386550903
-0.2633049786090851 0.6466373801231384 0.1511978656053543
-0.3926898241043091 0.3192253112792969 -0.3183553218841553
-0.587462842464447 0.7987798452377319 -0.37946879863739014
-0.31366464495658875 0.1896355152130127 -0.15355834364891052
-0.5189254283905029 0.5070600509643555 -0.26061663031578064
-0.5404168367385864 0.6125712990760803 -0.27063894271850586
-0.5291050672531128 1.179793119430542 0.012549793347716331
-0.5999505519866943 1.2217847108840942 -0.1567068248987198
-0.23243685066699982 1.000722050666809 0.10667606443166733
-0.5542622208595276 0.9688490033149719 0.11249220371246338
-0.47564947605133057 0.8894598484039307 -0.44755756855010986
-0.5313227772712708 0.32846972346305847 0.19411155581474304
-0.36640051007270813 1.0945345163345337 -0.2642768621444702
-0.7944527268409729 0.0465305931866169 0.09216438978910446
-0.5797012448310852 0.31264787912368774 -0.1802947074174881
-0.5419160723686218 1.2362542152404785 -0.31724339723587036
-0.5626656413078308 1.0601357221603394 -0.025496354326605797
0.0623001828789711 1.4279873371124268 -0.15432780981063843
-0.659997284412384 0.48000791668891907 0.028767798095941544
-0.49683359265327454 0.7829036116600037 -0.18482978641986847
-0.08093796670436859 1.2521167993545532 -0.6971246004104614
0.05922067537903786 0.7875407934188843 -0.40278512239456177
-0.49738821387290955 0.9594606757164001 -0.3256843090057373
-0.6548231840133667 0.7687215209007263 0.0652177706360817
-0.6177389025688171 0.7041897177696228 0.338539183139801
0.4756104350090027 1.0131949186325073 -0.41760146617889404
-0.5598688721656799 0.4968964159488678 -0.14947086572647095
-0.6141646504402161 0.4419117569923401 0.1133074089884758
-0.07079078257083893 1.5801622867584229 0.3711332678794861
-0.09219250082969666 1.0478200912475586 0.2608969211578369
-0.5767109394073486 1.105575442314148 -0.2580963373184204
-0.5333630442619324 0.5046136975288391 0.23466025292873383
-0.5015944838523865 0.8249526023864746 -0.2902880012989044
0.3026528060436249 0.8048072457313538 -0.6610630750656128
0.4452742338180542 0.9829837083816528 0.09273064881563187
-0.404509037733078 0.8750064373016357 -0.2087363451719284
0.2362709641456604 0.48548033833503723 -0.18406762182712555
-0.5305995941162109 0.40461793541908264 0.12133237719535828
-0.5110632181167603 0.6847650408744812 -0.12628129124641418
-0.46013399958610535 0.5375585556030273 0.14941605925559998
-0.13068290054798126 1.4266458749771118 -7.683143485337496e-05
-0.6006692051887512 0.6988579630851746 0.11800567060709
-0.2403430938720703 1.1942620277404785 -0.5606169700622559
-0.27868160605430603 0.7195590138435364 -0.3194624185562134
-0.6006447076797485 0.21206286549568176 -0.19529017806053162
0.3941270411014557 0.9326510429382324 -0.1079571470618248
-0.5428603887557983 0.393094539642334 -0.15599294006824493
-0.5318706035614014 0.5076818466186523 -0.09658799320459366
-0.6866504549980164 0.17927686870098114 0.01840614154934883
-0.4879080355167389 0.42423880100250244 0.04882555827498436
0.21586908400058746 1.0024620294570923 -0.3014381527900696
-0.6129579544067383 0.47418707609176636 0.11569720506668091
-0.05971277877688408 0.9867801666259766 -0.1531204730272293
-0.5507285594940186 1.0528393983840942 -0.20452846586704254
-0.29558414220809937 0.7566108107566833 -0.12985962629318237
-0.5111925005912781 0.912337601184845 -0.23352450132369995
-0.5355657935142517 1.048024296760559 -0.49125954508781433
-0.5394421219825745 0.5028435587882996 -0.24368512630462646
-0.571265459060669 1.1397671699523926 0.08955094963312149
-0.5671095848083496 0.8674265742301941 -0.30464237928390503
-0.546876072883606 0.6987177133560181 -0.2639368772506714
0.2374129444360733 0.830516517162323 -0.4986448884010315
-0.5116518139839172 0.4886617362499237 0.25248029828071594
-0.14433175325393677 1.0311334133148193 -0.2047680914402008
-0.6518292427062988 0.3721133768558502 -0.07509223371744156
-0.6272391080856323 0.5533630847930908 0.021604331210255623
-0.5725662112236023 0.8549917340278625 -0.338119238615036
-0.22567875683307648 1.0369200706481934 -0.6122592687606812
-0.5368692874908447 0.31609025597572327 -0.3206773102283478
-0.679394543170929 0.41378965973854065 -0.09361321479082108
-0.390388160943985 0.5559040904045105 0.011460129171609879
-0.675990879535675 0.3205319046974182 0.173655703663826
-0.36642763018608093 0.9044476747512817 -0.1726122945547104
-0.4605916440486908 0.1000189557671547 -0.017778659239411354
-0.5866893529891968 1.059426188468933 -0.28096991777420044
-0.5374982953071594 0.5959793329238892 -0.2992478013038635
-0.6491793394088745 0.14119328558444977 -0.05050356686115265
-0.5473315119743347 0.39080941677093506 -0.3245883584022522
-0.5538232922554016 1.151598334312439 -0.41777491569519043
0.1453033983707428 1.0081404447555542 -0.34198126196861267
-0.5519528388977051 0.990546464920044 0.2037666290998459
-0.5628341436386108 0.5920950174331665 0.21369116008281708
-0.6126525402069092 0.43105119466781616 0.08257060497999191
-0.34456613659858704 0.8397364616394043 -0.3984759449958801
-0.5695722103118896 0.4763089418411255 -0.18417951464653015
-0.6512266397476196 1.2316827774047852 -0.2632972002029419
0.27889958024024963 1.0817557573318481 -0.4887157678604126
-0.5963940620422363 0.8478553891181946 -0.27006635069847107
-0.49002450704574585 1.1177021265029907 -0.6445117592811584
0.5469495058059692 1.393039345741272 -0.12534961104393005
-0.3813324570655823 0.8781113028526306 -0.2911606729030609
-0.7000383734703064 0.38764289021492004 -0.033901337534189224
-0.5305835604667664 0.6195840239524841 0.03170633688569069
-0.34207120537757874 0.9711362719535828 -0.39770543575286865
-0.5596140027046204 0.13518786430358887 0.05723490193486214
-0.5180264711380005 0.6281390190124512 -0.18696506321430206
0.487443208694458 0.7271590828895569 0.051028311252593994
-0.1658208966255188 1.0037399530410767 -0.28876298666000366
-0.5766968131065369 1.0298964977264404 -0.04237716645002365
0.4057947099208832 0.3592665195465088 -0.13677683472633362
-0.19430243968963623 0.8195038437843323 -0.2997893691062927
0.12734703719615936 1.0391525030136108 -0.44095703959465027
-0.4772873818874359 0.6147895455360413 -0.5514189004898071
-0.04795638099312782 0.8733983039855957 -0.3863231837749481
-0.6430684328079224 0.6819911599159241 -0.15917548537254333
-0.6927797794342041 0.09157121181488037 -0.2536991536617279
0.23858307301998138 0.8236333727836609 -0.387105792760849
-0.639954149723053 0.32517680525779724 0.10338100045919418
-0.5607818961143494 -0.03180316835641861 0.21613731980323792
-0.48086467385292053 0.8154669404029846 -0.037257593125104904
-0.6430360078811646 0.33040082454681396 0.27950653433799744
0.34049299359321594 0.8373547196388245 -0.3514109253883362
-0.5576964616775513 0.7699146270751953 -0.15357597172260284
-0.22720322012901306 0.9691464304924011 -0.29363295435905457
0.023792773485183716 0.8690102100372314 -0.03229612484574318
-0.6169562339782715 0.42579135298728943 -0.11715394258499146
-0.5314472317695618 0.2594873011112213 -0.058469779789447784
-0.5227786898612976 0.6163303852081299 -0.5757031440734863
-0.2738943099975586 0.31580251455307007 -0.10157731175422668
-0.038439955562353134 0.7135772705078125 0.018137048929929733
-0.6553399562835693 0.8587806224822998 -0.4416918158531189
0.19535373151302338 0.9734598994255066 0.18163980543613434
-0.5983173847198486 0.8506743311882019 -0.01756828837096691
-0.4283818304538727 1.047430157661438 -0.3796280026435852
-0.5711414217948914 0.646217405796051 -0.2720268964767456
-0.5598840713500977 1.167177677154541 -0.21472594141960144
-0.6409963965415955 0.4001968204975128 -0.02661539986729622
0.4324547052383423 1.239482045173645 -0.18566980957984924
-0.32694634795188904 1.294947862625122 -0.3734833896160126
-0.3780432343482971 0.6717754006385803 -0.11966375261545181
-0.6460955739021301 0.4789429306983948 0.2691119909286499
0.15017257630825043 0.8730959892272949 -0.24276040494441986
-0.5393069982528687 0.7398315668106079 -0.1144552156329155
-0.6112506985664368 1.2241106033325195 0.07948924601078033
-0.2453807145357132 1.3503808975219727 0.21391943097114563
-0.6225640773773193 0.5336849093437195 0.04002143815159798
-0.21341079473495483 0.4541095197200775 0.14801108837127686
-0.5181229114532471 0.362876832485199 -0.05748220905661583
-0.0898987427353859 0.6704289317131042 -0.14147233963012695
-0.3243236243724823 0.8462066650390625 -0.0386815145611763
-0.535444974899292 0.7128839492797852 -0.38467931747436523
0.03240707516670227 0.7776523232460022 0.1935989111661911
-0.41361674666404724 0.2276824414730072 -0.159171923995018
-0.6238498687744141 0.9131255149841309 -0.3870100677013397
-0.6092264652252197 1.063171625137329 -0.29892903566360474
-0.43992936611175537 0.5789301991462708 0.09365526586771011
-0.5128980278968811 0.43919143080711365 0.15878860652446747
-0.6894295811653137 0.5883840918540955 0.261381596326828
-0.4083338677883148 1.0866475105285645 -0.27472561597824097
-0.572650134563446 1.0127712488174438 0.13269592821598053
-0.15503638982772827 0.8541478514671326 0.08109584450721741
-0.5181220769882202 0.7134275436401367 -0.0034829420037567616
-0.5602039098739624 0.6327362656593323 0.15994073450565338
-0.5232720375061035 1.0449081659317017 0.2954024374485016
-0.5746064782142639 0.3753490746021271 -0.16059724986553192
-0.5147460103034973 0.3747888207435608 0.15297049283981323
-0.486815869808197 0.5851559042930603 -0.20014986395835876
-0.27935919165611267 1.2627073526382446 -0.27071207761764526
0.20777292549610138 0.721110999584198 0.020120767876505852
-0.5893805623054504 0.5254477262496948 -0.22307103872299194
-0.5517653822898865 1.0242555141448975 0.44632288813591003
-0.36602720618247986 1.0647403001785278 -0.1870945394039154
-0.5223751068115234 0.7635718584060669 -0.11968101561069489
-0.7129263877868652 0.2592245638370514 0.028866153210401535
-0.6324139833450317 0.6668380498886108 -0.3665430545806885
-0.6350032091140747 0.5133728981018066 -0.12159965187311172
-0.5664820671081543 0.75787752866745 -0.36492183804512024
-0.6396717429161072 0.4721079468727112 -0.08628945052623749
-0.5945175886154175 0.5068249702453613 -0.3524675965309143
-0.20860974490642548 0.15624159574508667 0.003121056826785207
-0.3463556170463562 0.8946002125740051 -0.5937651991844177
-0.4418804943561554 1.3740873336791992 0.16503511369228363
0.09177267551422119 0.8628424406051636 -0.4026118814945221
0.6944082975387573 0.8821927905082703 0.25265082716941833
-0.10021146386861801 1.0304279327392578 -0.5358023047447205
-0.7980145215988159 -0.07164992392063141 0.12245158106088638
-0.558403491973877 1.2446503639221191 0.015733765438199043
-0.5766763091087341 1.0522041320800781 -0.22492733597755432
-0.6220731139183044 0.6781520843505859 0.396130234003067
-0.5838930010795593 1.0763911008834839 0.16389556229114532
-0.5420377254486084 1.0869648456573486 -0.25657224655151367
0.36464470624923706 1.23521888256073 0.0714515969157219
-0.5668531060218811 0.38379207253456116 0.17928554117679596
-0.651576042175293 0.1994568258523941 0.07890036702156067
0.2456175982952118 0.5756238698959351 -0.24273815751075745
0.13573887944221497 1.1957392692565918 0.21669866144657135
-0.1218690574169159 0.6844824552536011 -0.3741643726825714
-0.5272025465965271 0.9888798594474792 0.14756806194782257
-0.575811505317688 0.07502713054418564 -0.2742961645126343
-0.03842167183756828 0.782318115234375 0.18481504917144775
-0.6342276334762573 0.203351691365242 -0.11175687611103058
-0.7510866522789001 0.0535709410905838 -0.04127073287963867
-0.5938525199890137 0.1545763462781906 -0.3588201105594635
-0.6638786792755127 1.1039162874221802 -0.21256396174430847
-0.5829088091850281 1.2715686559677124 -0.20075082778930664
-0.5924964547157288 1.119528889656067 0.08362696319818497
-0.4890047311782837 0.6455022692680359 0.1708124577999115
-0.5223638415336609 0.5694212913513184 -0.2610134482383728
-0.5781822204589844 0.9699929356575012 0.16228260099887848
0.22170747816562653 1.1334326267242432 -0.5549318790435791
-0.3980415165424347 1.3329119682312012 -0.5734333992004395
-0.14919033646583557 1.243457317352295 -0.7599608898162842
0.8480066657066345 0.6605139374732971 -0.2509625554084778
-0.15819063782691956 0.8278771042823792 -0.19925880432128906
-0.4033447504043579 0.6879773736000061 -0.07971932739019394
-0.5672462582588196 0.0676598846912384 0.14449070394039154
-0.4969027638435364 1.188664436340332 -0.2847716808319092
-0.7174970507621765 -0.04408685117959976 0.06919143348932266
-0.6525852084159851 0.4074481725692749 -0.21102134883403778
-0.5119273066520691 0.3901149332523346 -0.4437809884548187
0.24522234499454498 0.8929286003112793 -0.21176086366176605
-0.6217142343521118 0.6080522537231445 0.2955359220504761
-0.006808933336287737 0.4587222635746002 -0.1469556987285614
-0.6673597097396851 0.3781072497367859 -0.2583446502685547
-0.0863678976893425 0.8071420192718506 -0.4528777003288269
-0.5184645056724548 0.53914874792099 -0.04320160672068596
-0.42135995626449585 1.0677070617675781 0.24123238027095795
-0.039364252239465714 0.7823957204818726 0.08601752668619156
-0.5515635013580322 0.48413893580436707 -0.36936143040657043
-0.6379507184028625 0.529154896736145 -0.2615665793418884
0.17012766003608704 0.8846337795257568 -0.27562421560287476
-0.44599106907844543 1.2443896532058716 -0.2389771044254303
-0.5778050422668457 1.137916922569275 -0.1566128134727478
0.3645475208759308 0.7729126811027527 0.3140951991081238
0.3438640534877777 0.6182013750076294 0.062401097267866135
0.36780375242233276 0.8830034732818604 -0.3589106798171997
-0.4933548867702484 1.0277185440063477 -0.015713147819042206
-0.6708683371543884 0.5675451159477234 -0.2239125519990921
-0.4089878499507904 0.681069552898407 -0.2674841284751892
-0.4410945475101471 0.7350485324859619 0.16266202926635742
0.23106464743614197 1.161176085472107 0.28053972125053406
-0.5962107181549072 1.1562981605529785 0.018085302785038948
-0.5690847039222717 0.9361487627029419 0.037568315863609314
-0.4632321894168854 0.9199081063270569 -0.28900146484375
0.14371667802333832 0.25502872467041016 -0.3725561499595642
-0.17135702073574066 0.9001960754394531 -0.2860932946205139
-0.1712944358587265 0.5702491402626038 -0.12463850528001785
-0.6930199861526489 0.6998856663703918 0.16964000463485718
-0.5192167162895203 0.6779997944831848 0.07411517202854156
-0.6181118488311768 0.39952564239501953 -0.0973096489906311
-0.5663621425628662 1.0478097200393677 -0.659065842628479
-0.09972766786813736 0.2943775951862335 -0.42628735303878784
-0.029080741107463837 1.1288398504257202 0.28887930512428284
-0.5022442936897278 1.063517689704895 0.3061622381210327
-0.3274173140525818 0.8835169076919556 0.1525464653968811
-0.5792714953422546 0.9146354794502258 0.2258530855178833
-0.5774596333503723 0.47260186076164246 0.1883486807346344
0.14855557680130005 0.9467455148696899 0.1260531097650528
-0.5533261299133301 1.0014971494674683 -0.304314523935318
-0.6314582824707031 0.4018632173538208 -0.15784840285778046
0.6056057810783386 0.8590558767318726 -0.5344835519790649
-0.5331537127494812 0.3625951409339905 -0.051119714975357056
-0.5991849899291992 0.7133708596229553 -0.2932237386703491
-0.438741534948349 0.8749697208404541 -0.32005634903907776
0.14474734663963318 0.4495243430137634 -0.01632542721927166
-0.43835189938545227 0.46529385447502136 0.25039711594581604
-0.7314342260360718 -0.035707809031009674 -0.04854860156774521
-0.23554269969463348 0.41645193099975586 -0.07174777239561081
-0.2174769788980484 1.0203826427459717 -0.3339119851589203
-0.5475168824195862 1.0930709838867188 -0.2820170223712921
0.09078419208526611 1.031029462814331 -0.5511802434921265
-0.4415629208087921 0.8686441779136658 -0.3071579337120056
0.14706362783908844 0.6887576580047607 0.10617062449455261
-0.5651342868804932 0.38559284806251526 0.2848999798297882
-0.558769166469574 0.6430677771568298 0.20529597997665405
-0.085603266954422 1.2384099960327148 -0.19563919305801392
-0.542778491973877 0.20367629826068878 -0.24130523204803467
-0.6080778241157532 0.6560949087142944 -0.18693006038665771
0.2614956796169281 1.4552150964736938 -0.1130807176232338
-0.6032352447509766 1.1809909343719482 -0.11020762473344803
-0.5715889930725098 0.9043674468994141 0.030015528202056885
-0.356677383184433 1.0623387098312378 -0.32836154103279114
0.2611403465270996 0.9807811975479126 -0.49966925382614136
-0.5134963393211365 1.0658767223358154 -0.7131490111351013
-0.15947440266609192 1.03058660030365 -0.12189079821109772
-0.05461713299155235 0.0745711550116539 -0.10927058756351471
-0.43558189272880554 0.5415292978286743 0.07788226753473282
-0.6167423725128174 0.8512395024299622 -0.2723953425884247
0.15753404796123505 0.7760617136955261 -0.4776722192764282
-0.6268653273582458 1.1443582773208618 0.08624772727489471
-0.6701928973197937 0.7570368051528931 0.25625061988830566
-0.3960464596748352 0.4413183331489563 -0.2663351893424988
-0.5186159014701843 0.9296203851699829 0.5193696022033691
-0.5476543307304382 0.5951040387153625 -0.1601090282201767
-0.4427403509616852 0.2500768303871155 -0.47790950536727905
-0.5191641449928284 0.9870814681053162 -0.28320589661598206
-0.482120543718338 1.0931291580200195 -0.09620407223701477
-0.5792515873908997 0.0007017862517386675 -0.13733109831809998
-0.5729478001594543 1.286942958831787 0.04589458554983139
-0.5234464406967163 0.33678022027015686 -0.1802607625722885
-0.3269263207912445 1.1099834442138672 -0.010000046342611313
-0.6530763506889343 0.6563779711723328 0.21235805749893188
-0.6242972612380981 0.5322113037109375 -0.2506399154663086
-0.5840585827827454 1.5323567390441895 -0.34151867032051086
-0.03783340007066727 0.8105476498603821 -0.25502899289131165
0.16765092313289642 1.3695831298828125 0.1275058090686798
-0.5812249183654785 0.3110339939594269 0.2123536616563797
-0.5657363533973694 1.1312998533248901 0.07817115634679794
-0.36204713582992554 0.6364845633506775 0.025873340666294098
-0.4389873445034027 1.3054410219192505 -0.11593617498874664
-0.48601505160331726 0.6442818641662598 0.0810738205909729
-0.6575206518173218 1.1848539113998413 0.4438422620296478
-0.6195574402809143 0.6270062923431396 -0.18535864353179932
-0.6950975060462952 0.0777396708726883 -0.18139168620109558
-0.5807992815971375 0.5262788534164429 -0.27072879672050476
-0.5721697211265564 0.42924126982688904 -0.03385845199227333
-0.646431565284729 0.264128714799881 0.005121058784425259
-0.6367465257644653 0.6864396333694458 -0.5807794332504272
-0.45183265209198 0.9443624019622803 -0.08995600044727325
-0.3935539424419403 0.4597577154636383 0.18840837478637695
-0.5422390103340149 0.3384169936180115 0.14103080332279205
-0.4242762327194214 0.8924968242645264 -0.5220571756362915
-0.2959192991256714 1.4998255968093872 0.23696687817573547
-0.6875776648521423 0.35167959332466125 -0.08873945474624634
0.2226390391588211 1.0735255479812622 -0.6374264359474182
-0.585456132888794 0.680436909198761 -0.45604607462882996
0.3677275478839874 0.6955314874649048 0.21463584899902344
0.3434501886367798 1.1700005531311035 -0.5609032511711121
-0.6212599277496338 0.6875547766685486 -0.22925271093845367
0.6281788349151611 0.8318300843238831 -0.48097148537635803
-0.5332046151161194 1.2376575469970703 -0.030120907351374626
-0.22005532681941986 0.6142542362213135 -0.1098582074046135
-0.722473680973053 0.12806111574172974 0.15860894322395325
-0.6082431674003601 1.2205156087875366 -0.10621924698352814
-0.2724039554595947 1.3275741338729858 -0.12330662459135056
-0.28468361496925354 0.6721196174621582 0.20253853499889374
-0.5904577970504761 0.9336701035499573 -0.133363276720047
-0.5050374865531921 0.816288411617279 0.1593315750360489
-0.5349606871604919 0.3580664396286011 -0.1268160492181778
-0.5265102386474609 0.6708686947822571 -0.10514534264802933
-0.5118284821510315 0.2342771738767624 -0.12892314791679382
-0.5275845527648926 0.7873182892799377 -0.38664710521698
0.5039721727371216 0.8601667881011963 -0.6157468557357788
-0.48991504311561584 0.5927660465240479 -0.08364309370517731
-0.6813320517539978 0.5032746195793152 0.16292637586593628
-0.3272877633571625 0.7460744976997375 0.09193906933069229
-0.4324129521846771 1.0525124073028564 -0.1797255575656891
-0.6531893014907837 0.15411376953125 -0.04939144849777222
-0.4155638813972473 1.1534732580184937 -0.6167486906051636
-0.5362130999565125 1.251144289970398 0.7212280631065369
-0.6261692643165588 -0.0629071518778801 -0.2810181975364685
-0.009455990046262741 0.7848677039146423 -0.1627177596092224
0.4884425699710846 1.2187769412994385 -0.23399372398853302
-0.4588606357574463 0.5772675275802612 -0.17100535333156586
0.679003894329071 1.0123865604400635 -0.16277572512626648
-0.5953719615936279 1.1146483421325684 -0.25623759627342224
-0.3227396309375763 0.7974628806114197 -0.20293474197387695
-0.03558649867773056 1.0308363437652588 0.2858326733112335
-0.5242375135421753 0.7452883124351501 0.28218379616737366
-0.1567128747701645 0.7737841606140137 -0.25898367166519165
-0.21915122866630554 0.8279136419296265 0.17000514268875122
-0.030285339802503586 1.1481497287750244 -0.09349285066127777
-0.6147939562797546 0.9799087047576904 -0.2193836271762848
-0.5667799711227417 0.9200931191444397 0.3185076415538788
-0.6007754802703857 0.43472820520401 0.09599296003580093
-0.46777161955833435 1.4643136262893677 0.034618597477674484
-0.5575209259986877 0.8437877893447876 -0.430666983127594
-0.590668261051178 1.1118793487548828 -0.1083293929696083
-0.49843770265579224 0.8702031970024109 0.23754043877124786
0.3491268455982208 1.3206487894058228 -0.49028754234313965
-0.5544193387031555 1.4392101764678955 -0.3014456629753113
-0.19757859408855438 0.6540775895118713 -0.028699498623609543
-0.6168725490570068 0.36439159512519836 -0.3361207842826843
-0.44426581263542175 0.39122089743614197 -0.2260190099477768
-0.49151867628097534 0.45038068294525146 0.11786401271820068
-0.49226313829421997 1.1036213636398315 -0.4502943158149719
-0.6622777581214905 0.7342544794082642 -0.4395529627799988
-0.5867749452590942 0.40085938572883606 -0.18085959553718567
-0.5186814069747925 1.0782626867294312 -0.3884846866130829
-0.6249875426292419 0.9534206986427307 0.29348769783973694
-0.6083377599716187 0.2346031814813614 0.12062690407037735
-0.4774944484233856 0.8460183143615723 0.14950503408908844
-0.5463444590568542 0.26115965843200684 0.004782107193022966
-0.5572459101676941 0.718730092048645 -0.46248048543930054
-0.5186713337898254 0.9189053177833557 -0.29700422286987305
-0.41190192103385925 1.0111427307128906 0.19259274005889893
-0.7145962715148926 0.6681074500083923 -0.45304611325263977
-0.748258113861084 0.06793158501386642 -0.1664765328168869
-0.606339156627655 1.2271136045455933 -0.1363554745912552
-0.4954473078250885 0.9889877438545227 -0.4160313904285431
-0.663513720035553 0.32860293984413147 0.13336394727230072
-0.6066640615463257 0.6193571090698242 -0.1299530416727066
-0.5579831600189209 0.7969326972961426 0.3410000205039978
0.026178674772381783 0.6913277506828308 0.024999190121889114
-0.7496244311332703 0.43514013290405273 0.40363791584968567
-0.6921399235725403 0.0075551364570856094 -0.06883554905653
-0.5030267238616943 0.39562785625457764 -0.2571794092655182
-0.2913702428340912 0.47393491864204407 0.1701401025056839
-0.4771575927734375 0.908427894115448 0.21471790969371796
-0.7670907974243164 -0.12957563996315002 0.04381047189235687
-0.2589590847492218 0.932405948638916 -0.5142413377761841
0.07282570004463196 1.2007825374603271 -0.04723961278796196
-0.5672021508216858 0.06471601128578186 -0.29344984889030457
-0.5625837445259094 0.6847062110900879 0.3480565547943115
-0.5773741602897644 0.9423766732215881 -0.0266988817602396
-0.38182511925697327 1.1947320699691772 0.20482578873634338
-0.7253312468528748 0.32504719495773315 0.19227685034275055
-0.5193560719490051 1.5495281219482422 0.11034741997718811
-0.19371595978736877 1.0525861978530884 -0.5168812274932861
-0.6825952529907227 0.01996087096631527 -0.018107641488313675
-0.5631797313690186 0.4935462176799774 -0.36757421493530273
-0.5013549327850342 0.22333991527557373 0.16734640300273895
-0.5298038721084595 0.9729093313217163 -0.04224067181348801
-0.6098757386207581 0.2402702271938324 -0.1087469831109047
-0.5541414022445679 0.2867732644081116 -0.010260321199893951
-0.025244977325201035 0.9794166684150696 -0.6523959636688232
-0.58136385679245 0.42714694142341614 -0.07991708815097809
-0.6752251386642456 0.22595234215259552 -0.09909359365701675
-0.595482349395752 0.6265895962715149 -0.3193051218986511
-0.5939636826515198 0.5305219292640686 -0.22830648720264435
-0.598665714263916 0.3740401864051819 0.21456055343151093
-0.48439452052116394 0.5662899017333984 -0.03800210729241371
-0.20825929939746857 0.919160008430481 -0.2533673346042633
-0.5430111289024353 1.161357045173645 -0.36462822556495667
0.3279034495353699 0.31269776821136475 -0.3228415548801422
-0.47774237394332886 1.199776291847229 -0.3296586871147156
0.3935374915599823 1.0915006399154663 -0.7576606869697571
-0.5427384376525879 0.8227251768112183 -0.3548499047756195
-0.5538033246994019 1.1015759706497192 -0.2373952567577362
-0.5814976692199707 0.3965822160243988 -0.40363389253616333
-0.375038206577301 1.140941858291626 -0.25259116291999817
-0.08842692524194717 1.0275708436965942 -0.3676363527774811
-0.37284696102142334 1.0010040998458862 -0.528140664100647
-0.35007211565971375 0.252994567155838 -0.22979554533958435
0.12492074817419052 1.0013591051101685 -0.17005480825901031
-0.5458820462226868 0.9901262521743774 -0.0979737788438797
-0.6147475838661194 0.5785654187202454 -0.054536543786525726
0.10654553771018982 0.7376392483711243 0.06941822171211243
-0.5242106914520264 0.7227978706359863 0.1550503373146057
0.05658339709043503 0.85177081823349 -0.477779358625412
-0.522952675819397 0.9507112503051758 -0.4650878608226776
-0.6379737257957458 0.42984750866889954 0.154238760471344
-0.24912557005882263 0.7711052894592285 0.20391419529914856
0.42037373781204224 1.0783674716949463 -0.6899154186248779
-0.4753948748111725 0.6177361607551575 0.078541599214077
-0.6097819805145264 0.39909034967422485 -0.1429382562637329
-0.5868972539901733 1.1044185161590576 0.22726446390151978
-0.838706374168396 0.30985575914382935 0.2652240991592407
-0.2621600925922394 1.1303706169128418 -0.2633121609687805
-0.3503694236278534 0.6111774444580078 -0.23431916534900665
-0.5983882546424866 0.13186638057231903 -0.0547560416162014
-0.5088598132133484 0.7312422394752502 -0.37042102217674255
-0.5639166831970215 1.256696343421936 0.08726377040147781
-0.6014766693115234 0.7906339168548584 0.04758138954639435
-0.6657385230064392 0.3982812762260437 -0.10282998532056808
-0.6524988412857056 -0.07528221607208252 0.14440703392028809
-0.4383838176727295 0.5211653709411621 -0.186975359916687
-0.5980482697486877 1.2203489542007446 -0.17086464166641235
-0.5108343958854675 0.4065922796726227 0.15884719789028168
-0.6711705327033997 0.16195088624954224 0.026039160788059235
-0.5843582153320312 0.9962589144706726 0.18245606124401093
-0.4582769274711609 0.5086581707000732 -0.1458635926246643
0.09545779228210449 0.7188925743103027 -0.5429551005363464
-0.5560782551765442 1.3330278396606445 -0.05479513108730316
-0.5242908596992493 0.11984505504369736 -0.36172518134117126
-0.6161885857582092 0.31719931960105896 -0.5021896362304688
-0.16563722491264343 0.16182026267051697 -0.29534217715263367
-0.6602806448936462 0.5227820873260498 -0.16547635197639465
-0.5036566257476807 1.1695835590362549 -0.3918156623840332
0.3051941990852356 0.7832785248756409 -0.14427906274795532
-0.3276013135910034 0.7666433453559875 -0.01900496706366539
0.014639327302575111 1.2270429134368896 -0.2956683933734894
-0.05902990698814392 1.0472989082336426 0.07959040254354477
-0.5158911347389221 0.3655289113521576 -0.1405557245016098
-0.5937839150428772 0.1013040542602539 -0.06965866684913635
-0.6562482118606567 0.4264584183692932 -0.052992772310972214
-0.6057766675949097 1.191283941268921 0.020517703145742416
-0.6123992204666138 0.26313409209251404 0.14335684478282928
-0.6039071679115295 0.32188355922698975 -0.2140292525291443
-0.07907170802354813 0.9913751482963562 -0.34359580278396606
-0.6298370957374573 0.5105258226394653 -0.1658572554588318
-0.48272931575775146 0.5887749791145325 -0.014564143493771553
0.4007036089897156 1.2082524299621582 -0.18615645170211792
-0.5295454263687134 0.4436706006526947 0.22461438179016113
-0.40383341908454895 0.8268083333969116 -0.43484431505203247
0.14094404876232147 0.9673060178756714 -0.27481967210769653
-0.754619300365448 0.06781714409589767 0.13673651218414307
0.25831666588783264 0.8838374018669128 -0.4844224750995636
-0.6650117039680481 0.3711422383785248 -0.015232056379318237
-0.5589858889579773 0.8817626237869263 -0.47716397047042847
-0.6154129505157471 0.5735961198806763 -0.044501516968011856
-0.5548977851867676 1.1964757442474365 -0.4521254599094391
-0.5552269220352173 0.6226674914360046 0.26224398612976074
-0.6946826577186584 0.5644583702087402 -0.034873802214860916
-0.12436593323945999 0.613008439540863 -0.19379183650016785
-0.5586386919021606 1.135313868522644 -0.3381194770336151
-0.4986592233181 1.0995510816574097 -0.06549645215272903
-0.5444369316101074 1.077020525932312 0.46207889914512634
-0.5075150728225708 0.980641782283783 0.27484971284866333
0.12532855570316315 1.1440645456314087 0.04703415557742119
-0.5057834982872009 1.0249563455581665 0.07370921224355698
-0.6283813118934631 0.20869174599647522 0.08997030556201935
0.25287821888923645 1.2330042123794556 -0.23701326549053192
-0.5187307596206665 0.6488963961601257 -0.21488209068775177
-0.4610188901424408 0.5596219301223755 -0.29139694571495056
-0.48904573917388916 1.2785378694534302 0.035636432468891144
-0.5130512714385986 1.1223104000091553 0.09529100358486176
-0.4023877680301666 1.390179991722107 -0.11240091174840927
-0.31311994791030884 0.47168099880218506 -0.031899601221084595
-0.630928635597229 0.31249165534973145 -0.20891013741493225
-0.5726584792137146 0.3352096676826477 0.019490277394652367
-0.30177339911460876 0.7754258513450623 -0.07314203679561615
-0.5985302329063416 0.2932627499103546 0.15040016174316406
-0.5657857060432434 0.23436343669891357 -0.19581238925457
-0.5417877435684204 0.8824983239173889 -0.09595244377851486
-0.531141459941864 0.9340117573738098 -0.06371615827083588
-0.6551554799079895 0.7203206419944763 -0.2202044576406479
-0.3265632092952728 0.45439261198043823 0.05664808303117752
-0.4080210328102112 0.5019047856330872 -0.12472078949213028
-0.4913061559200287 0.4914012849330902 0.28414347767829895
-0.5410609245300293 0.16092680394649506 -0.21277227997779846
-0.2364499866962433 0.862658679485321 0.13655845820903778
-0.5586268305778503 1.2870395183563232 -0.4061308205127716
-0.16750885546207428 0.9569239020347595 -0.31006738543510437
-0.6224281191825867 0.8012762665748596 -0.27964553236961365
-0.5561293363571167 0.7044126987457275 -0.3281036615371704
-0.335918128490448 0.8992463946342468 -0.29894256591796875
-0.3194708824157715 0.4513775408267975 -0.3548247516155243
-0.34721285104751587 1.1999610662460327 -0.2124415785074234
-0.5473490953445435 0.2326878011226654 -0.09831409901380539
-0.6357724666595459 0.6358789205551147 0.07852789759635925
-0.32917073369026184 1.1867101192474365 -0.5463860630989075
0.33698195219039917 0.417550265789032 -0.2634589374065399
-0.5989182591438293 0.37490203976631165 0.17042288184165955
-0.6802523136138916 0.19560599327087402 0.11800111830234528
-0.4116000831127167 0.9024913907051086 0.25489503145217896
-0.11426988989114761 0.7225062847137451 -0.5767641663551331
-0.4720030128955841 0.7723551392555237 0.1003180518746376
-0.5482046604156494 1.234222412109375 -0.2001185417175293
-0.617504358291626 1.134843111038208 -0.22057165205478668
-0.6393826603889465 0.14948870241641998 -0.1053510531783104
-0.578372061252594 0.4608246386051178 -0.03209532052278519
-0.6511816382408142 1.1309635639190674 -0.1937388777732849
-0.18640272319316864 0.9957908391952515 -0.389588862657547
0.023769238963723183 1.0109940767288208 -0.42914271354675293
-0.486641526222229 0.6944536566734314 0.04894674941897392
-0.6172556281089783 0.5388478636741638 -0.10656026750802994
-0.4026503562927246 0.1970176100730896 -0.5031657218933105
-0.4862942397594452 0.9122329354286194 -0.10117433220148087
-0.6159245371818542 1.349987506866455 0.08219953626394272
-0.775370717048645 0.02797897905111313 0.10307737439870834
0.3842494785785675 0.745583713054657 -0.22234031558036804
-0.4998520314693451 0.6207597255706787 -0.11064168810844421
0.06222250685095787 0.9495120048522949 0.08931364119052887
-0.22158154845237732 0.7740039229393005 0.07507159560918808
0.5627548694610596 0.9702810645103455 0.057745084166526794
-0.4488162398338318 0.5299703478813171 0.22723129391670227
-0.5595954656600952 1.1531873941421509 -0.35653722286224365
-0.5644093155860901 0.8924350142478943 0.017020579427480698
-0.6539851427078247 0.7377471327781677 -0.3356715440750122
-0.6145154237747192 0.41430529952049255 -0.35754844546318054
-0.6779202818870544 0.5181547403335571 0.006760038435459137
-0.5389304161071777 0.2575790584087372 -0.32745325565338135
0.7387316823005676 1.1270760297775269 -0.08757392317056656
-0.5486537218093872 0.8656550049781799 -0.3189341425895691
-0.16446331143379211 0.9693965315818787 -0.7091873288154602
-0.09383627772331238 1.0718021392822266 0.26630157232284546
-0.20577502250671387 1.3494757413864136 -0.5353927612304688
-0.5244917869567871 0.7619410753250122 0.2359078973531723
0.3371066153049469 0.6143590807914734 -0.3086563050746918
-0.6453811526298523 -0.13524846732616425 0.08056265115737915
-0.5502353310585022 0.17877429723739624 -0.15424273908138275
0.26817530393600464 0.27186259627342224 0.08632411062717438
-0.5859209895133972 0.6509286165237427 -0.3577587306499481
-0.5523487329483032 0.870316207408905 0.13893261551856995
-0.5947388410568237 1.0832092761993408 -0.40815308690071106
0.06783397495746613 0.9791345000267029 -0.21942020952701569
-0.4554576575756073 0.7075051069259644 -0.17544971406459808
-0.5151392221450806 0.44494953751564026 -0.24151504039764404
-0.6835721731185913 0.7505510449409485 -0.2758065462112427
0.16049906611442566 1.3701941967010498 0.08674566447734833
-0.4213929772377014 0.23069395124912262 -0.14311115443706512
-0.4203920364379883 0.9217316508293152 -0.5120894312858582
0.5310637950897217 1.1375435590744019 0.07912371307611465
0.37658822536468506 0.9815691709518433 -0.5040881037712097
-0.37922611832618713 0.7434249520301819 0.19384942948818207
-0.41586869955062866 0.6911115050315857 -0.3761906325817108
-0.49188196659088135 0.4095643162727356 0.12504905462265015
-0.4782620072364807 0.7015185952186584 0.2647011876106262
-0.05640735477209091 0.4294191598892212 -0.2394419014453888
-0.5560224652290344 0.32301557064056396 -0.058245375752449036
-0.6052634119987488 0.8546132445335388 0.3662702739238739
-0.6504722833633423 1.127663493156433 0.016857001930475235
-0.5369472503662109 0.6637895703315735 -0.3856067955493927
-0.4906328320503235 0.8340582251548767 -0.5221105217933655
-0.5699761509895325 1.1337018013000488 -0.31096819043159485
-0.5974557399749756 0.700679361820221 -0.09294965118169785
-0.6604837775230408 0.500351071357727 -0.1448807567358017
-0.5719835162162781 0.9434524178504944 -0.18800683319568634
-0.5983453989028931 0.3212892711162567 -0.29849210381507874
-0.036204732954502106 1.0016989707946777 0.06886649131774902
0.22158841788768768 0.5416063070297241 -0.2789287269115448
-0.6528369188308716 0.4455716609954834 -0.08657995611429214
-0.5742992162704468 1.170716404914856 -0.13340532779693604
-0.3185950219631195 0.8041133284568787 0.12793898582458496
-0.32440635561943054 1.0317758321762085 -0.5125306844711304
-0.2927960157394409 0.3995037376880646 -0.10599368810653687
0.22232015430927277 0.9365301728248596 -0.03600994870066643
-0.22835220396518707 1.0810871124267578 -0.4266737997531891
-0.5431274771690369 0.3050171732902527 -0.2338588684797287
-0.6602422595024109 0.4786008894443512 0.11205573379993439
-0.5108626484870911 1.1256935596466064 0.3249867558479309
-0.29078808426856995 0.9517267942428589 -0.6065562963485718
-0.6083683371543884 0.6678895354270935 0.1560560017824173
0.27699872851371765 1.0926223993301392 0.07345521450042725
-0.5081171989440918 0.6089550852775574 -0.28549787402153015
-0.5091055631637573 1.251218557357788 -0.25159305334091187
-0.2947058379650116 0.7803700566291809 0.03169345110654831
-0.2930352985858917 1.0525296926498413 -0.45946505665779114
-0.06150221824645996 0.47226276993751526 0.167038694024086
-0.36885732412338257 0.8565676212310791 -0.29794424772262573
-0.6121032238006592 0.1409246027469635 -0.17636112868785858
-0.6156105399131775 1.1593830585479736 -0.283393919467926
-0.5600163340568542 1.1702256202697754 -0.06530410051345825
-0.6742161512374878 0.9211271405220032 0.2224232256412506
-0.5926200151443481 0.3308338224887848 0.11790977418422699
0.2477703094482422 0.5530990362167358 -0.41742372512817383
-0.6085019111633301 0.3253514766693115 -0.03074386529624462
-0.6034994125366211 0.8000745177268982 0.2511613070964813
-0.40333855152130127 0.9069695472717285 0.029295753687620163
-0.6102034449577332 0.8058528304100037 0.04303606599569321
-0.2672012448310852 1.0662589073181152 -0.01349707692861557
0.1689120978116989 0.5213796496391296 0.03726579621434212
-0.08974340558052063 0.8780874013900757 -0.5173712372779846
-0.3124351501464844 1.0539517402648926 -0.6482775211334229
0.09550648927688599 0.9790670871734619 -0.034646742045879364
-0.6192250847816467 1.0485236644744873 -0.04439835622906685
-0.33659040927886963 1.663411021232605 0.28921282291412354
0.4838351607322693 0.8355960249900818 -0.07119794934988022
-0.26765671372413635 0.8154057860374451 -0.06615253537893295
-0.6164333820343018 0.517794132232666 -0.05826777219772339
-0.1697990447282791 1.1075448989868164 -0.36723875999450684
-0.5943947434425354 0.7461411952972412 0.22358866035938263
-0.43580687046051025 0.725234866142273 -0.14051657915115356
-0.7202759981155396 0.31367799639701843 0.029493452981114388
-0.5794101357460022 0.8665916919708252 0.10901854187250137
-0.5404447317123413 1.1868305206298828 -0.3403753340244293
-0.586484432220459 1.3995920419692993 0.12921279668807983
-0.5615931153297424 1.006290316581726 0.505192756652832
0.3609836995601654 0.6231493949890137 -0.2629198431968689
-0.7365469932556152 0.2678782641887665 -0.09526149928569794
-0.3553389012813568 0.571768581867218 -0.3002493381500244
-0.6279993653297424 0.32295462489128113 0.020869525149464607
-0.5241918563842773 0.6221252083778381 -0.18802368640899658
-0.648993730545044 0.14704206585884094 0.007187848910689354
-0.6664350628852844 0.4448654353618622 0.029567716643214226
-0.5337243676185608 0.9618557691574097 -0.3585083484649658
-0.6207760572433472 0.44457894563674927 0.08889687061309814
-0.6007667779922485 1.3106447458267212 -0.1995605081319809
-0.6193841099739075 0.5935463905334473 -0.15784281492233276
-0.5702826380729675 0.5461299419403076 -0.3461374044418335
-0.5382423400878906 1.216057538986206 0.551669716835022
-0.37054553627967834 1.0609591007232666 -0.28981027007102966
-0.23749086260795593 1.0815447568893433 0.012443680316209793
-0.2410624772310257 0.8745942711830139 -0.41390252113342285
-0.2002684324979782 0.21008311212062836 -0.23750579357147217
-0.5594494342803955 0.803668737411499 -0.2161289006471634
-0.555133581161499 1.2313437461853027 0.07437428086996078
-0.31772834062576294 0.5334266424179077 0.14705850183963776
0.09150496125221252 1.2664783000946045 0.36700189113616943
-0.644716203212738 0.3219092786312103 0.15929459035396576
-0.7453970909118652 0.3630240559577942 -0.239384725689888
-0.31183406710624695 0.6149918437004089 -0.2754431962966919
-0.40188947319984436 0.6069575548171997 -0.1517210602760315
-0.6292927265167236 1.0042451620101929 -0.01541636511683464
-0.540472149848938 0.9510836601257324 0.008886273950338364
-0.3529375493526459 0.9433689117431641 -0.44140714406967163
0.12930132448673248 1.10719895362854 0.14647749066352844
-0.47355183959007263 0.30039703845977783 0.08396150916814804
-0.660793125629425 0.3922935128211975 -0.3094276487827301
-0.47138530015945435 1.3509349822998047 0.08029637485742569
-0.5861818194389343 0.36178579926490784 -0.026810605078935623
-0.392179399728775 0.7866037487983704 0.24998988211154938
0.10059700906276703 1.2172192335128784 -0.048901259899139404
-0.267042875289917 1.2475457191467285 0.028454268351197243
-0.7262683510780334 0.13576588034629822 -0.0494924895465374
-0.34918373823165894 1.502825379371643 -0.02900010161101818
-0.5501393675804138 0.695181667804718 -0.09533032029867172
-0.455827921628952 1.0661829710006714 -0.058311786502599716
-0.1176941841840744 1.4131957292556763 0.11060371994972229
-0.3431009352207184 0.3312508165836334 -0.28600120544433594
-0.21013249456882477 0.7662522792816162 0.023342283442616463
-0.5176494121551514 1.229294776916504 -0.022795578464865685
-0.6131831407546997 0.050631724298000336 0.21136131882667542
0.24088698625564575 0.43836939334869385 -0.16136835515499115
-0.5571228861808777 0.37627890706062317 -0.01900337263941765
-0.7128719687461853 0.11725730448961258 0.026129577308893204
-0.4404868483543396 0.9608736634254456 -0.5776667594909668
0.31044721603393555 1.1554538011550903 -0.7112526893615723
-0.18122757971286774 0.5923959612846375 -0.23571082949638367
-0.4849446713924408 0.7034784555435181 -0.3751964569091797
-0.6789587140083313 0.30903133749961853 0.1170869916677475
-0.34126654267311096 0.7349861860275269 -0.21485859155654907
-0.5965088605880737 0.7392532229423523 -0.09570126235485077
-0.4759535491466522 0.6564489603042603 -0.007748791482299566
-0.5375619530677795 0.20192669332027435 -0.341359943151474
-0.48177585005760193 1.1860074996948242 -0.0961708053946495
-0.5968178510665894 0.8679339289665222 0.24089963734149933
-0.6293491125106812 0.6397411227226257 0.15123240649700165
-0.5044655203819275 1.0281513929367065 -0.30985239148139954
-0.506820797920227 0.7011309862136841 -0.4157565236091614
0.49640196561813354 0.916641116142273 -0.19504845142364502
0.5449536442756653 0.9760056734085083 -0.31331685185432434
-0.05508215352892876 1.0654760599136353 -0.23483112454414368
-0.702359676361084 0.6067466735839844 0.02442614920437336
-0.17507264018058777 1.3951836824417114 -0.2599753737449646
-0.45088163018226624 1.2153161764144897 -0.580719530582428
-0.34648942947387695 1.0687264204025269 -0.06840009242296219
-0.646664023399353 0.8388414978981018 0.03242967650294304
-0.597524881362915 1.1182538270950317 0.49437373876571655
-0.591542661190033 0.45548656582832336 -0.10284954309463501
-0.6219711303710938 0.12661151587963104 -0.11698567122220993
-0.7064974308013916 0.21447305381298065 -0.12611515820026398
-0.5853273868560791 0.6469202041625977 -0.019772231578826904
-0.5835660099983215 1.2026593685150146 0.34304916858673096
-0.4967871308326721 0.6546781659126282 -0.19752226769924164
-0.6556578874588013 0.6329625248908997 0.1239994615316391
0.12489248067140579 0.895840585231781 -0.3047105073928833
-0.509479820728302 0.6530333161354065 0.19905157387256622
-0.5794124603271484 0.9195011854171753 -0.5579932332038879
-0.3353424370288849 0.6983976364135742 -0.02221665345132351
-0.2606136202812195 1.2625277042388916 -0.3661334812641144
-0.6222914457321167 0.3279803395271301 0.048290081322193146
-0.13824443519115448 0.6736795902252197 -0.2612004280090332
-0.5903480648994446 1.1083660125732422 -0.05178607627749443
-0.6318743824958801 0.7251477837562561 -0.31911924481391907
0.16590175032615662 1.3470261096954346 -0.06700340658426285
-0.17228524386882782 1.639052152633667 0.41832980513572693
0.4568902850151062 1.2681982517242432 -0.029228974133729935
-0.12596184015274048 1.0837689638137817 0.1667405217885971
-0.5588869452476501 1.3518608808517456 0.18014630675315857
0.20750141143798828 0.8670256733894348 -0.07395990937948227
0.0980292558670044 1.26042902469635 -0.1774391382932663
-0.5260853171348572 0.7839955687522888 0.019474085420370102
-0.5614495873451233 1.1718040704727173 -0.14227750897407532
-0.5117538571357727 1.2488020658493042 0.31178897619247437
-0.5456609725952148 0.53135746717453 -0.16706271469593048
-0.5017180442810059 1.0303646326065063 -0.1753804236650467
0.08621343970298767 1.2063425779342651 -0.4219537675380707
-0.5881420373916626 0.49113553762435913 -0.11558835208415985
-0.6264532208442688 0.4512009620666504 0.008086932823061943
-0.1777099072933197 0.4652595818042755 -0.08825530111789703
-0.506179928779602 1.1951487064361572 0.5365694165229797
-0.4415910840034485 0.5633403658866882 -0.33822494745254517
-0.5166730880737305 0.4790138006210327 -0.14750294387340546
-0.5706301927566528 1.11021888256073 -0.12516549229621887
-0.568122923374176 0.03695954754948616 -0.0062638227827847
-0.580532431602478 1.0531184673309326 0.34410005807876587
-0.5954331159591675 -0.2611004710197449 -0.09329381585121155
0.11911410838365555 1.21107017993927 -0.2334357351064682
-0.5695080757141113 0.0470011830329895 -0.18976032733917236
-0.6426690220832825 1.1668020486831665 0.33605262637138367
0.11009540408849716 0.8015246987342834 -0.4367360472679138
0.27647829055786133 0.8506003022193909 -0.39805713295936584
-0.42475375533103943 1.076684832572937 -0.03484705463051796
0.0866643637418747 0.7431501150131226 -0.09108306467533112
-0.6282636523246765 0.35181835293769836 -0.23409540951251984
-0.24892228841781616 1.1140034198760986 -0.3683139383792877
-0.5936135053634644 0.7520012259483337 -0.3714536726474762
-0.7346490621566772 -0.05510764941573143 0.16901658475399017
-0.3273528516292572 0.4284241795539856 -0.10661201179027557
-0.4221073091030121 1.0531257390975952 0.18289469182491302
-0.4996846616268158 1.340849757194519 0.4441782236099243
-0.46851956844329834 1.0303969383239746 -0.20305325090885162
-0.5876973271369934 0.7969648241996765 -0.3274291753768921
-0.5405149459838867 0.5050991177558899 -0.14719311892986298
-0.5977807641029358 0.4891040623188019 0.16494718194007874
-0.6171584129333496 0.762872040271759 0.1859399378299713
-0.6943872570991516 0.2461191564798355 0.10807193070650101
-0.6208980083465576 0.8450196981430054 -0.11098595708608627
-0.5388228893280029 1.0333086252212524 -0.027295077219605446
-0.27804288268089294 1.0289580821990967 0.3119639456272125
-0.07198154181241989 1.5473231077194214 0.32855212688446045
-0.6925414800643921 -0.03465760126709938 0.18221096694469452
-0.42293688654899597 0.8990398049354553 -0.07936771214008331
-0.6619786024093628 0.2911413311958313 -0.19201356172561646
-0.025368936359882355 1.043668508529663 -0.34141287207603455
0.3729695677757263 1.3402597904205322 -0.08151329308748245
-0.642476499080658 0.16074813902378082 -0.1813569813966751
-0.1940106451511383 0.7240123152732849 -0.07151184976100922
-0.05927937105298042 0.7364111542701721 -0.5190976858139038
-0.2674335837364197 0.7330973744392395 0.1514413058757782
-0.625322699546814 0.7189738154411316 -0.34325963258743286
-0.3658258020877838 1.0487933158874512 -0.1869760900735855
0.13483145833015442 1.0556519031524658 -0.6623731255531311
-0.6844052076339722 0.010159771889448166 0.08667341619729996
-0.5587533712387085 0.9386823773384094 0.44050440192222595
0.23853281140327454 0.8651992082595825 -0.4690370261669159
-0.6275956034660339 0.7231741547584534 0.3163832426071167
-0.0819690153002739 1.1631712913513184 -0.13858886063098907
-0.33306464552879333 0.7212753295898438 0.1003202274441719
-0.7353067398071289 0.2904224991798401 0.2524935007095337
-0.6204555630683899 1.2088487148284912 -0.12460774928331375
-0.5510730743408203 1.216418981552124 -0.2589530944824219
-0.5983450412750244 0.9284745454788208 -0.1466057151556015
0.012060960754752159 1.1244124174118042 -0.09064920246601105
-0.545647144317627 0.08329451084136963 0.06017908453941345
0.34943434596061707 0.7288210391998291 -0.4162856638431549
0.49091285467147827 0.6570654511451721 0.03169843554496765
-0.6021425127983093 0.0901818573474884 -0.05903216078877449
-0.24084089696407318 0.47008082270622253 0.09352229535579681
-0.3604784607887268 0.7214578986167908 -0.6911488175392151
0.030280383303761482 0.8929698467254639 -0.11923089623451233
-0.6217917799949646 0.00017045962158590555 0.06845641136169434
-0.43526774644851685 0.8757580518722534 -0.3260439932346344
-0.09479355812072754 1.1284290552139282 0.23317401111125946
0.30973225831985474 1.1055649518966675 -0.044845808297395706
-0.6401652097702026 0.4055778980255127 -0.016261117532849312
-0.4990553557872772 0.5431947112083435 -0.20959004759788513
-0.07001035660505295 0.7092548608779907 0.31680911779403687
-0.5528485178947449 0.8997172117233276 -0.22154231369495392
-0.4710763394832611 1.1798838376998901 0.2628781199455261
0.24984700977802277 1.2125447988510132 -0.00975404679775238
-0.2734028995037079 1.2432962656021118 -0.40032657980918884
-0.6275191307067871 0.927015483379364 0.12498471140861511
-0.6674473285675049 0.6188598871231079 0.2990214228630066
-0.7315323948860168 0.07320403307676315 -0.003237435594201088
-0.48098888993263245 1.0197869539260864 0.2172849178314209
0.3575431704521179 0.5501230359077454 -0.2744554579257965
-0.11843536794185638 0.9816662073135376 -0.38924235105514526
-0.6404215693473816 0.36774903535842896 -0.15577003359794617
-0.6430448293685913 0.4640021026134491 -0.17559173703193665
-0.4576389193534851 0.41025274991989136 -0.4902247488498688
-0.10938315838575363 0.5864449739456177 -0.17367136478424072
-0.14933227002620697 1.0756497383117676 -0.3518654406070709
-0.7764683961868286 -0.005664052441716194 0.13183064758777618
-0.38174134492874146 0.9534717798233032 0.16160613298416138
-0.24896448850631714 0.8498649001121521 -0.35809576511383057
0.40283921360969543 0.9073587656021118 -0.1670750379562378
-0.6510488390922546 1.077117681503296 0.12820293009281158
-0.5786552429199219 1.0695643424987793 -0.40155357122421265
-0.6105611324310303 0.5818547606468201 -0.10853417217731476
-0.5783311724662781 0.7224600315093994 0.17848801612854004
-0.6756839752197266 0.9318042993545532 -0.03786593675613403
-0.5284113883972168 0.9376540780067444 -0.5256105661392212
0.26391923427581787 0.7344943284988403 0.07227247208356857
-0.2517234981060028 1.2788383960723877 -0.09282401204109192
-0.5482586026191711 0.6520602107048035 -0.047037120908498764
-0.48210784792900085 1.0669671297073364 -0.6394141316413879
-0.47085273265838623 0.8083635568618774 -0.439872145652771
-0.6317014098167419 0.35034647583961487 -0.047643132507801056
-0.31855133175849915 1.1976324319839478 0.33378854393959045
-0.5440397262573242 1.2824965715408325 0.06357970088720322
-0.3877696096897125 1.3292192220687866 0.08269302546977997
-0.6434555053710938 0.6890488862991333 0.262321799993515
-0.5829564332962036 1.2765034437179565 -0.031365107744932175
-0.6629575490951538 0.21300852298736572 -0.005521775223314762
-0.5359388589859009 0.8316155076026917 -0.1854090392589569
-0.5797414183616638 0.5968649983406067 -0.2977731227874756
-0.6481524109840393 0.1733456552028656 -0.4143350422382355
-0.7616734504699707 0.05231105908751488 0.0365009568631649
-0.6036980748176575 0.2542424201965332 0.23434233665466309
-0.11333553493022919 1.0924956798553467 -0.5105636119842529
-0.5339959859848022 0.5442482829093933 -0.08346059918403625
-0.28253576159477234 0.3358057141304016 -0.015594370663166046
-0.14327777922153473 0.6250485181808472 -0.01385129988193512
-0.5156710147857666 0.849064290523529 0.04405452311038971
-0.4495162069797516 0.6099470853805542 -0.13654181361198425
-0.5905031561851501 1.2327988147735596 -0.06613752990961075
0.15275588631629944 0.936863362789154 -0.2847915291786194
0.22639332711696625 0.8924624919891357 -0.21690945327281952
-0.4577830731868744 0.45035433769226074 0.20505602657794952
-0.545282781124115 1.2039519548416138 -0.3910583257675171
-0.20724278688430786 0.9403116703033447 -0.19893452525138855
-0.34415578842163086 0.7695713043212891 -0.24196718633174896
-0.4139505624771118 0.3224303722381592 -0.07020287960767746
0.09082649648189545 1.0470272302627563 0.09702008217573166
-0.5006087422370911 0.06091988459229469 0.10972384363412857
-0.4200077950954437 -0.14570824801921844 -0.7062733173370361
-0.06594613194465637 1.1101418733596802 -0.16745197772979736
-0.6611815094947815 0.20126992464065552 0.18448993563652039
0.10901209712028503 0.5851556658744812 -0.27891868352890015
-0.7793036103248596 0.06819221377372742 -0.019867900758981705
-0.8752478361129761 0.08616820722818375 0.06438029557466507
-0.5683827996253967 1.0261033773422241 -0.28000110387802124
-0.5674842000007629 1.0129456520080566 -0.40346574783325195
-0.44208693504333496 0.3648497462272644 -0.20767086744308472
0.37130141258239746 1.059012770652771 -0.4039407968521118
-0.5707433819770813 0.8861146569252014 -0.16329020261764526
0.04186251387000084 0.7056231498718262 -0.3500562012195587
-0.07774198055267334 0.23091131448745728 -0.5882882475852966
-0.7491515278816223 0.21392057836055756 -0.05714532732963562
-0.22289416193962097 1.0965118408203125 0.036506786942481995
-0.13166865706443787 0.7003963589668274 -0.5629766583442688
0.0927443653345108 1.1193201541900635 -0.3861721456050873
-0.3352140188217163 0.8376113772392273 -0.6033617854118347
-0.607930064201355 1.1207749843597412 -0.061134304851293564
-0.6302143931388855 0.11163017898797989 -0.4358075261116028
-0.6188241243362427 0.8663414120674133 0.09765706956386566
-0.5585870742797852 0.9593966603279114 -0.17437170445919037
-0.4430936872959137 1.0638952255249023 -0.4354373812675476
-0.03031514212489128 0.7515894174575806 0.19226785004138947
-0.02754810079932213 0.6493555903434753 -0.11972987651824951
-0.5525607466697693 1.2564418315887451 -0.13318662345409393
-0.6933770179748535 0.4088236391544342 -0.0019904396031051874
0.4149114787578583 1.0335228443145752 -0.31769880652427673
-0.5907708406448364 1.1365400552749634 -0.049568142741918564
-0.3778291344642639 1.1342792510986328 0.2906964123249054
0.17494015395641327 1.2301541566848755 0.42756402492523193
-0.5687762498855591 1.1479251384735107 -0.12458603829145432
-0.5865289568901062 1.076920747756958 -0.04778872802853584
-0.5895387530326843 0.3515097498893738 -0.011620091274380684
-0.5012479424476624 1.1127498149871826 -0.14478467404842377
-0.46475717425346375 1.2136374711990356 -0.3891061842441559
-0.482632040977478 0.4902258515357971 0.2445964217185974
0.22091595828533173 0.6597416400909424 -0.04933410882949829
-0.51777583360672 1.0686777830123901 -0.26180869340896606
-0.21037936210632324 -0.209707111120224 -0.24707211554050446
-0.7844471335411072 0.1671585887670517 0.09375438094139099
0.19469581544399261 0.8981310725212097 -0.47468236088752747
-0.5425501465797424 0.46915704011917114 -0.1838207095861435
-0.08190003037452698 1.0007232427597046 0.25453832745552063
-0.6570612192153931 0.24607574939727783 0.2829059362411499
-0.5190961956977844 0.8824468851089478 -0.19945883750915527
-0.46592751145362854 1.0767899751663208 -0.19730456173419952
-0.43228551745414734 0.7504425048828125 -0.1263997107744217
-0.41494178771972656 1.5047856569290161 0.005277230869978666
-0.20472349226474762 0.6515491604804993 -0.02593241073191166
-0.43524855375289917 0.6216798424720764 -0.09417852014303207
-0.47153350710868835 1.2011257410049438 0.3479469418525696
-0.33719006180763245 1.5117323398590088 -0.09141506254673004
-0.6538057327270508 0.4436943531036377 0.02094990387558937
-0.6088299751281738 0.2654152512550354 0.023778975009918213
-0.45068031549453735 0.11847978830337524 -0.2413695752620697
0.10356833040714264 1.1562283039093018 -0.29333940148353577
-0.5193763971328735 1.4477213621139526 0.32854264974594116
0.1462051123380661 1.1438370943069458 0.08513897657394409
-0.5499027371406555 0.4008301794528961 -0.21674998104572296
-0.6113326549530029 0.9455423355102539 -0.2946200668811798
-0.5102220773696899 0.3482298254966736 0.03131493553519249
-0.6704040765762329 0.10917139053344727 -0.07575993984937668
-0.2469397485256195 0.9502928256988525 0.23881760239601135
-0.5865368247032166 1.1979597806930542 -0.0884033590555191
-0.3579578995704651 0.6846433877944946 -0.13640160858631134
-0.49799808859825134 0.27491024136543274 0.12220574170351028
-0.5184600949287415 0.9113406538963318 -0.32135650515556335
-0.5815377831459045 0.5766499042510986 -0.10565565526485443
-0.599507749080658 0.9809399843215942 0.0960349291563034
-0.41784828901290894 0.7812451720237732 -0.578679084777832
-0.511404812335968 1.0887638330459595 -0.11151900887489319
-0.1540459543466568 1.0159430503845215 0.27134522795677185
-0.5712699294090271 0.7158232927322388 -0.540631890296936
-0.2874720096588135 1.2661340236663818 -0.4478203058242798
-0.49449238181114197 1.1544196605682373 -0.32694169878959656
-0.573019802570343 0.5507221221923828 -0.19024032354354858
-0.5036911368370056 1.3829467296600342 0.05323569476604462
-0.39066949486732483 1.3491593599319458 -0.548799455165863
-0.4129754602909088 0.572624921798706 -0.5316949486732483
-0.38444241881370544 1.3135098218917847 -0.4683937132358551
-0.6560221910476685 0.29335689544677734 0.052581191062927246
0.20371796190738678 0.5697717666625977 -0.14250993728637695
-0.5601379871368408 0.9415561556816101 -0.2396949976682663
-0.5819079279899597 0.674739420413971 -0.18231891095638275
0.12507525086402893 0.5993027687072754 0.09438783675432205
-0.6367194056510925 1.1613115072250366 -0.08734137564897537
-0.5323976874351501 1.0094023942947388 -0.22183027863502502
-0.7736788988113403 1.1572962999343872 -0.1697237640619278
-0.797348141670227 0.20895829796791077 0.09098169207572937
-0.6664505004882812 0.8469720482826233 0.3983353078365326
-0.5100505948066711 0.22643820941448212 0.009794151410460472
-0.40982502698898315 1.2744206190109253 0.0483071394264698
-0.5819014310836792 1.3301266431808472 -0.19941897690296173
-0.16309179365634918 1.3984060287475586 -0.20368051528930664
-0.3727368414402008 0.5952984094619751 0.266996830701828
-0.6171201467514038 0.38212430477142334 0.12573423981666565
-0.5971332788467407 0.7787178158760071 -0.36921828985214233
-0.6363396644592285 0.6795080900192261 -0.3079998195171356
0.45773276686668396 0.0467340387403965 -0.28485196828842163
-0.47488608956336975 0.29681724309921265 -0.22192493081092834
-0.28367045521736145 0.6428297162055969 0.013644881546497345
-0.5960855484008789 0.9356421828269958 0.1893932819366455
-0.3817225694656372 0.3290748596191406 -0.32005172967910767
-0.5307188034057617 0.6940346956253052 0.23972785472869873
-0.579805850982666 0.18243423104286194 0.20200064778327942
-0.58112633228302 0.9269965291023254 -0.22066469490528107
-0.606879472732544 1.0565956830978394 0.12606029212474823
-0.5679110288619995 1.1469758749008179 -0.18044325709342957
-0.39949652552604675 0.8406270146369934 -0.48626938462257385
-0.40420812368392944 0.48229867219924927 -0.5398976802825928
-0.5787383317947388 0.2118140608072281 -0.24435098469257355
-0.5616143941879272 0.37391847372055054 -0.3063512146472931
-0.6222718954086304 0.24900463223457336 0.022635718807578087
-0.47634032368659973 1.2737503051757812 -0.26889050006866455
-0.13527335226535797 0.28950583934783936 -0.045577988028526306
-0.6712309122085571 -0.2299346774816513 -0.3654841482639313
-0.08009989559650421 1.0637074708938599 -0.20247484743595123
0.019359592348337173 0.8946905136108398 0.3393785059452057
-0.4946787357330322 0.610337495803833 -0.31591060757637024
-0.6623672246932983 0.5926344394683838 0.02188096195459366
0.231534942984581 0.8649720549583435 -0.6623305082321167
-0.5881385207176208 1.0410374402999878 0.37624427676200867
-0.21931952238082886 0.9416792988777161 -0.3154960572719574
-0.6293184757232666 0.27277815341949463 0.30073025822639465
-0.6306452751159668 0.18472635746002197 -0.19374361634254456
-0.663742184638977 0.40638917684555054 0.2330739051103592
-0.4959278702735901 0.6648902297019958 -0.1317959725856781
-0.39189937710762024 0.8835490345954895 -0.40728747844696045
-0.25469252467155457 1.0946346521377563 -0.22567015886306763
-0.3214598000049591 1.0096864700317383 -0.49471935629844666
-0.390757292509079 0.1354006826877594 0.22706124186515808
-0.29685690999031067 0.2694871723651886 -0.3376126289367676
-0.21386946737766266 0.8313764929771423 -0.08329391479492188
0.2613154649734497 0.08675983548164368 -0.08272384852170944
-0.19843782484531403 1.2540500164031982 -0.19681806862354279
-0.48591092228889465 1.0389963388442993 -0.15679702162742615
-0.23847632110118866 1.2283475399017334 -0.13827739655971527
-0.3609091341495514 0.5137279033660889 -0.39768069982528687
-0.46008774638175964 0.1451479196548462 -0.20061616599559784
0.06704575568437576 0.3885115087032318 -0.2542482018470764
-0.5896070003509521 0.9237942695617676 0.19076046347618103
-0.14088711142539978 0.7787098288536072 -0.2573014795780182
-0.17415687441825867 0.7437872886657715 0.10831185430288315
0.35455918312072754 0.6468918919563293 -0.1906958818435669
-0.5868047475814819 1.1211814880371094 0.11849715560674667
0.5623887181282043 0.7116917967796326 -0.24201717972755432
-0.5223243832588196 0.42989566922187805 0.08289235830307007
-0.4543047845363617 1.2436354160308838 -0.49766358733177185
-0.6255319118499756 0.5850124955177307 -0.20085161924362183
-0.5137507319450378 0.9121862053871155 -0.12320677936077118
-0.6733847856521606 0.4042316675186157 -0.33386996388435364
-0.5781776309013367 0.6005905866622925 -0.42204031348228455
-0.6631682515144348 0.6331043243408203 -0.20452642440795898
-0.12147236615419388 0.3245185911655426 -0.1990029662847519
-0.6334323883056641 1.0957132577896118 0.07990919053554535
-0.13009564578533173 0.8728206157684326 -0.3504909873008728
-0.24470816552639008 0.7768334746360779 0.1418815404176712
-0.48617395758628845 0.9898509979248047 0.07497623562812805
-0.08870387077331543 1.1985832452774048 -0.005937327165156603
-0.9388636946678162 0.2016640305519104 0.02179093472659588
-0.00522402161732316 0.8878915309906006 0.01923857070505619
-0.6361230611801147 0.5571775436401367 0.23318709433078766
-0.4588503837585449 0.664589524269104 -0.07691289484500885
0.4192618131637573 0.976702094078064 -0.039296817034482956
-0.5162960290908813 0.6697555780410767 -0.055011823773384094
0.26567116379737854 0.8548906445503235 -0.24315744638442993
0.40425905585289 0.6154961585998535 0.15479572117328644
-0.7342245578765869 0.6553500890731812 -0.3466165363788605
0.32874158024787903 1.4151508808135986 -0.4852476418018341
-0.12292366474866867 0.7623811364173889 -0.43366068601608276
-0.5932024121284485 1.1158243417739868 0.2139364778995514
-0.0220087468624115 0.7096803784370422 -0.5102993249893188
0.2021239846944809 1.5582325458526611 -0.07555530965328217
-0.48205840587615967 0.7192259430885315 -0.6018871665000916
-0.6252345442771912 1.129584550857544 -0.334381103515625
-0.6257544159889221 0.07608067244291306 -0.14235179126262665
-0.4345659613609314 0.5265042185783386 -0.20708981156349182
-0.4625275433063507 0.39628866314888 -0.2937304377555847
-0.45225241780281067 1.2940266132354736 -0.053114153444767
0.024396251887083054 1.2463253736495972 -0.27324387431144714
-0.5743577480316162 1.29801607131958 -0.1047869473695755
-0.5165113210678101 0.6145963668823242 -0.15276022255420685
-0.5641351342201233 0.7512807846069336 -0.14892637729644775
-0.5701987147331238 1.2650893926620483 -0.30904465913772583
-0.5576565861701965 0.3836316764354706 0.2168191522359848
-0.5671647787094116 1.1272218227386475 -0.32799968123435974
-0.6367075443267822 0.5145834684371948 -0.17603527009487152
-0.5650327801704407 0.53435218334198 -0.5133518576622009
-0.6554048657417297 0.592534601688385 -0.06502511352300644
-0.6578805446624756 0.261623352766037 0.02722477726638317
0.31759417057037354 1.080689549446106 -0.4678405225276947
-0.33751869201660156 0.6915510892868042 0.1453496217727661
0.3392299711704254 0.8284624218940735 0.1628720611333847
-0.4444558024406433 0.06655217707157135 -0.048742007464170456
-0.48196694254875183 0.5871878266334534 0.020812099799513817
0.33369243144989014 0.9034385085105896 -0.6145936846733093
-0.614423394203186 0.46371886134147644 -0.19695064425468445
-0.5542948246002197 0.2310885637998581 -0.09698372334241867
-0.692162036895752 0.23504416644573212 -0.06150678172707558
-0.12207046896219254 0.778274416923523 -0.3201582431793213
-0.37497225403785706 0.7295995354652405 0.10914693772792816
0.036406874656677246 1.3775818347930908 0.009868353605270386
-0.002060138853266835 1.0760655403137207 0.149976447224617
0.42227277159690857 0.2974502444267273 -0.22961819171905518
-0.5774526596069336 0.604289174079895 -0.017879890277981758
-0.6744685769081116 0.5161356329917908 0.2481122463941574
0.3729213774204254 1.003387689590454 -0.8415670990943909
-0.5839989185333252 0.7920375466346741 -0.34045082330703735
-0.605888307094574 0.3268769681453705 0.09224797785282135
-0.6979045867919922 0.2954743802547455 -0.21387958526611328
-0.5235082507133484 1.1889959573745728 0.28762632608413696
-0.6532836556434631 0.25839903950691223 -0.0702834278345108
0.39615002274513245 0.8142401576042175 -0.46061548590660095
-0.4960070550441742 1.088142991065979 -0.25639858841896057
-0.7397177219390869 0.21854351460933685 -0.03576590493321419
-0.5333036780357361 0.8857808709144592 -0.41578447818756104
-0.5519390106201172 1.2721116542816162 0.3127240538597107
-0.44628453254699707 1.182131290435791 0.3785010278224945
-0.5500046610832214 0.9471457600593567 -0.41557547450065613
-0.3520117998123169 0.3770296275615692 -0.120460145175457
-0.41325899958610535 1.1836802959442139 0.18526920676231384
0.19599370658397675 0.8047409057617188 -0.3254386782646179
-0.6110949516296387 0.8544420003890991 -0.0804356262087822
-0.5661715269088745 1.5833725929260254 -0.030472861602902412
0.16883279383182526 0.41412508487701416 -0.2117205560207367
-0.3657171428203583 0.5461114645004272 -0.22634023427963257
-0.4284060597419739 1.0470613241195679 -0.23142525553703308
-0.6510365009307861 1.097002625465393 0.0018816033843904734
-0.3231979310512543 1.050125002861023 -0.2693413197994232
-0.540923535823822 1.0477813482284546 0.1413445919752121
-0.5234355926513672 0.3017236888408661 -0.2667880058288574
-0.5298250317573547 -0.04816863685846329 -0.3363736867904663
-0.6617754697799683 0.4019550383090973 -0.12321772426366806
-0.6740175485610962 0.436275839805603 -0.32112252712249756
0.20037037134170532 1.2032322883605957 -0.261432021856308
-0.6093703508377075 0.6907442808151245 -0.22998441755771637
-0.47799181938171387 0.8732010126113892 -0.20440831780433655
-0.5341699123382568 0.5090439319610596 0.019044863060116768
-0.5138042569160461 0.7206054925918579 -0.0067990501411259174
-0.1491876095533371 0.9593571424484253 -0.5833191871643066
-0.679434061050415 0.3977375328540802 -0.2320195585489273
-0.3952889144420624 0.35573816299438477 0.2552357017993927
-0.40639135241508484 0.610190212726593 0.2992457151412964
-0.5507981181144714 0.7275947332382202 0.23914198577404022
-0.3389010429382324 1.0633870363235474 -0.14471007883548737
-0.0720965638756752 0.46188852190971375 -0.16404034197330475
-0.6087884902954102 0.5229978561401367 -0.5400407910346985
-0.5263359546661377 0.4666302800178528 -0.1698872148990631
-0.4275483787059784 1.222113013267517 -0.24657490849494934
-0.30430135130882263 0.6315585970878601 0.0006045446498319507
-0.5924960374832153 0.3266725540161133 0.23270848393440247
-0.5494072437286377 0.40215572714805603 -0.10484875738620758
-0.6105118989944458 1.3942875862121582 0.0939956083893776
0.19737115502357483 0.9912673234939575 -0.12624861299991608
-0.5930647850036621 0.4340837299823761 -0.1806631237268448
-0.53664231300354 0.6770359873771667 -0.2598581314086914
-0.5023564100265503 0.42625412344932556 0.22645604610443115
-0.8279966115951538 -0.04501500725746155 0.1073661595582962
-0.5105118155479431 1.051499605178833 -0.3718067705631256
-0.5497853755950928 0.42413967847824097 -0.28084784746170044
-0.5036618709564209 0.557045042514801 -0.14304830133914948
-0.5345184803009033 1.1426031589508057 -0.3034510314464569
-0.4935067892074585 0.40179792046546936 0.1979079693555832
-0.4168349504470825 1.0541330575942993 -0.14310170710086823
-0.2805168926715851 0.819831371307373 -0.06781122088432312
-0.5974923372268677 0.20889395475387573 -0.1864168643951416
-0.42481309175491333 0.9188941121101379 -0.5473779439926147
-0.6992948651313782 0.23969542980194092 0.20432671904563904
-0.678094208240509 0.32182231545448303 -0.02367330715060234
-0.557822585105896 1.0474745035171509 0.5312180519104004
-0.15513166785240173 0.9767480492591858 -0.5260018110275269
-0.4901500642299652 0.862282395362854 -0.5314582586288452
-0.5339756608009338 1.0612527132034302 -0.07120560854673386
-0.5916176438331604 0.19908452033996582 -0.11659805476665497
-0.5789629817008972 0.23778469860553741 -0.10076393932104111
0.342046320438385 1.1025137901306152 -0.5232881903648376
-0.4812892973423004 0.6860907673835754 -0.24779856204986572
-0.17905038595199585 0.7350072264671326 -0.15744052827358246
-0.11309907585382462 0.8962147831916809 -0.5244782567024231
-0.17204700410366058 0.7514619827270508 0.1367974728345871
-0.47715020179748535 0.9270033836364746 0.29314562678337097
-0.5971957445144653 0.7827624678611755 -0.41700825095176697
-0.6432766318321228 0.669994056224823 -0.011572366580367088
0.36485806107521057 0.24140581488609314 -0.09113754332065582
-0.5999767184257507 0.7856648564338684 -0.18531574308872223
-0.06584896892309189 1.1757221221923828 -0.7103822231292725
-0.5972341299057007 1.5007323026657104 0.2717227041721344
-0.21789556741714478 0.9146036505699158 -0.10412849485874176
-0.5642821192741394 1.0289884805679321 -0.2644290626049042
-0.5125478506088257 1.0852843523025513 -0.243153914809227
-0.6181525588035583 0.5070828795433044 0.09467888623476028
-0.5998292565345764 0.7326202392578125 0.4006332457065582
-0.6906518936157227 1.0694934129714966 -0.35997751355171204
-0.43171897530555725 0.9215408563613892 -0.48141732811927795
0.27928027510643005 1.035569429397583 -0.5180544853210449
-0.13499461114406586 1.2371125221252441 0.1605544239282608
-0.4956514239311218 1.2887182235717773 0.3397245705127716
-0.3035764694213867 1.0119911432266235 -0.3235104978084564
-0.6212681531906128 0.2129926085472107 0.30381259322166443
-0.6240177750587463 0.5902426242828369 -0.2671796679496765
-0.6698592305183411 0.14661622047424316 0.261084645986557
-0.13270939886569977 1.0112565755844116 -0.5226486921310425
-0.3670233488082886 0.9382839202880859 0.05671786144375801
-0.5269736051559448 1.4208227396011353 0.341136634349823
-0.43173661828041077 0.8322998881340027 -0.4936567544937134
0.022224728018045425 0.8500275611877441 -0.6313034892082214
-0.21535086631774902 0.18825222551822662 -0.2503358721733093
-0.3851260542869568 0.4616471827030182 -0.0016519392374902964
-0.4174899458885193 1.1965168714523315 -0.142129048705101
-0.35406577587127686 1.1990505456924438 -0.1321844756603241
-0.5472856760025024 1.1849807500839233 -0.3016928434371948
-0.7007538676261902 0.05286804586648941 0.007169061806052923
-0.5069688558578491 1.046666145324707 -0.2867252826690674
-0.539915919303894 0.3421294391155243 0.07560158520936966
-0.5055590271949768 0.7750099897384644 -0.3335467576980591
-0.6298550963401794 0.18772123754024506 -0.1405753791332245
-0.6910954117774963 0.647666335105896 0.14104479551315308
-0.5217079520225525 0.5947943925857544 0.16897517442703247
-0.2519668936729431 0.8937875628471375 0.10272572934627533
-0.4758467376232147 0.6978459358215332 -0.10982315242290497
-0.6111482381820679 0.6065369844436646 0.21905414760112762
-0.5162919759750366 0.7792669534683228 -0.6027730107307434
-0.7379890084266663 0.02541423588991165 0.1040375679731369
-0.5531133413314819 1.4743772745132446 -0.043320026248693466
-0.608380913734436 0.5046806335449219 0.10340510308742523
-0.17125409841537476 1.1247960329055786 -0.7826705574989319
-0.13456912338733673 1.1996530294418335 0.004476322792470455
-0.313524067401886 0.8979216814041138 -0.432391881942749
0.031062930822372437 1.4145363569259644 0.081392802298069
-0.5621384382247925 0.8272401094436646 -0.34128668904304504
-0.5635634660720825 0.09002812951803207 0.08999627828598022
-0.5697973370552063 1.0742195844650269 0.3248271048069
-0.5506397485733032 0.5037858486175537 -0.21950703859329224
0.11047293245792389 1.039116382598877 0.4159221053123474
-0.7581107020378113 0.13940268754959106 0.2135847955942154
-0.49325478076934814 0.37652358412742615 0.10843660682439804
-0.6181480288505554 0.17416483163833618 -0.24693837761878967
-0.40569207072257996 0.9356210827827454 -0.4816628694534302
-0.5348132252693176 -0.05008167028427124 -0.41717690229415894
-0.45767444372177124 1.1862202882766724 0.0700899064540863
-0.5947914123535156 0.7990249991416931 -0.10237456858158112
-0.43583205342292786 1.190016269683838 -0.1381412148475647
-0.5978196859359741 0.9912176728248596 -0.18461698293685913
-0.5347231030464172 1.2742390632629395 -0.43370863795280457
-0.501736581325531 1.347051739692688 0.01108613982796669
-0.576988697052002 1.0105912685394287 -0.06336463242769241
-0.591080904006958 0.743932843208313 -0.3709790110588074
-0.21552586555480957 1.138523817062378 0.44346943497657776
-0.5215359926223755 0.2749844491481781 -0.11746402829885483
-0.4408547878265381 1.570556402206421 0.179702490568161
-0.33712249994277954 0.8278313875198364 0.09881478548049927
-0.3461780250072479 1.1776363849639893 -0.41448143124580383
-0.5677010416984558 1.384997844696045 -0.1535414457321167
-0.6215434074401855 0.2016114741563797 -0.08779555559158325
-0.6151301264762878 0.6835402250289917 -0.12817372381687164
-0.4562643766403198 0.857587993144989 -0.2801021635532379
0.08366915583610535 1.2400274276733398 0.22488225996494293
-0.5150516033172607 0.36355721950531006 -0.1318129003047943
-0.5670704245567322 0.9454953670501709 0.08361873775720596
-0.5745335817337036 0.8739458918571472 -0.2237783521413803
-0.00371244503185153 0.8655254244804382 -0.18896713852882385
-0.3898716866970062 1.1739083528518677 -0.2734396755695343
-0.4430350065231323 0.8775655031204224 -0.18582847714424133
-0.6613261103630066 0.2749313414096832 -0.24091388285160065
-0.14342832565307617 0.41105473041534424 -0.014668891206383705
-0.5990843772888184 1.0134679079055786 0.06932637095451355
-0.08189156651496887 1.0683842897415161 -0.3608757257461548
0.3576347529888153 0.684450626373291 -0.18754054605960846
-0.6454964280128479 0.3151361644268036 0.31013450026512146
-0.5819177031517029 0.5158405900001526 -0.16701503098011017
-0.5220212340354919 0.5633757710456848 0.18265576660633087
-0.3475567400455475 0.9769418835639954 -0.4382433295249939
-0.32052743434906006 0.6696359515190125 -0.2378482222557068
-0.5774418115615845 0.13276472687721252 -0.14199098944664001
0.5085751414299011 0.5345325469970703 0.10014404356479645
-0.5846607685089111 1.1643104553222656 -0.15097863972187042
-0.3528902232646942 0.37038931250572205 -0.18939846754074097
-0.6187588572502136 0.23567937314510345 0.036982838064432144
-0.7412204146385193 0.13883009552955627 -0.03180026262998581
-0.31882762908935547 1.0671803951263428 -0.6642124056816101
-0.6487070322036743 -0.011111555621027946 0.02593618631362915
-0.47421571612358093 0.9862492084503174 -0.3736657202243805
-0.4338708221912384 1.1307315826416016 -0.41162264347076416
-0.29314857721328735 1.1232353448867798 0.13603881001472473
-0.9682008028030396 -0.04257882758975029 0.04185790568590164
-0.5871962904930115 1.1829679012298584 -0.09817799180746078
-0.5867063403129578 0.49661383032798767 -0.2223685383796692
-0.4922693371772766 0.27144375443458557 -0.27236300706863403
-0.7047675848007202 0.20388582348823547 0.14492613077163696
-0.5204684138298035 0.7278158664703369 -0.22610114514827728
-0.3776921033859253 1.2418873310089111 -0.2809939384460449
-0.41778770089149475 0.38202396035194397 -0.20924340188503265
-0.44977426528930664 1.2335293292999268 -0.32131993770599365
-0.5592857003211975 0.689717710018158 -0.10172183811664581
-0.5645444393157959 0.16592249274253845 -0.2992999255657196
-0.5915706157684326 0.8929658532142639 -0.17316779494285583
-0.676418662071228 0.3529546856880188 -0.07575514167547226
-0.5646689534187317 1.522964358329773 0.009614024311304092
-0.6812361478805542 0.2922579348087311 0.296795129776001
0.3265773355960846 0.42762014269828796 -0.5404109954833984
-0.5878088474273682 0.3729475140571594 -0.04202356934547424
-0.601090669631958 1.1179828643798828 0.38574713468551636
-0.4667239189147949 1.2832719087600708 -0.47460266947746277
0.07585069537162781 0.9830618500709534 -0.4752149283885956
0.03708900883793831 1.115700125694275 -0.49541398882865906
-0.6439663767814636 1.1749869585037231 0.09039858728647232
-0.5130354166030884 1.2804914712905884 -0.5027068257331848
-0.43644219636917114 0.5834155082702637 -0.5469682812690735
-0.5478275418281555 0.1075783371925354 -0.07989004254341125
0.23311974108219147 1.299507975578308 0.2368369847536087
-0.023526271805167198 0.9386579990386963 -0.2579825222492218
-0.619354784488678 0.4699104130268097 -0.12358870357275009
-0.06839171797037125 0.917999804019928 -0.013636449351906776
0.22530578076839447 0.5640268921852112 -0.1759641021490097
-0.6758070588111877 0.3141564726829529 -0.05178901180624962
-0.5953060388565063 0.789247989654541 0.08344808220863342
-0.5683900117874146 0.8195592164993286 -0.05311374366283417
-0.34864163398742676 0.9182058572769165 -0.4149567484855652
-0.6168280839920044 1.0773624181747437 -0.4107266962528229
-0.650238037109375 0.19283726811408997 0.07493473589420319
-0.26819995045661926 1.4850175380706787 -0.02403164654970169
-0.4413453936576843 1.107815146446228 -0.34280654788017273
-0.5905236601829529 0.4273544251918793 -0.14938904345035553
-0.47546419501304626 0.598849356174469 0.16466428339481354
0.17854085564613342 0.9751048684120178 -0.04906156659126282
-0.6133419275283813 0.608013391494751 0.174778014421463
-0.5952796339988708 0.19605931639671326 -0.32104724645614624
0.32987627387046814 0.6784271001815796 -0.30464211106300354
-0.5366663932800293 1.2317239046096802 0.3537887930870056
-0.32729673385620117 1.118809700012207 -0.5612961053848267
-0.6343093514442444 1.064788579940796 -0.05221451446413994
-0.49986085295677185 0.9118062257766724 -0.15368729829788208
-0.5698699355125427 0.5077797174453735 -0.08031821250915527
-0.4987758696079254 0.7291701436042786 0.22212927043437958
0.007115529850125313 0.13159433007240295 -0.15247349441051483
0.2707350552082062 0.7357816696166992 0.10274706780910492
0.2272922694683075 1.0329161882400513 -0.5620583295822144
-0.461476594209671 0.44538164138793945 0.2703440189361572
-0.6294586062431335 1.3431602716445923 0.42092207074165344
-0.2084059715270996 0.07147926837205887 -0.45979660749435425
-0.5871507525444031 1.2015193700790405 -0.20440027117729187
-0.6226661205291748 0.11266644299030304 -0.13124805688858032
-0.14779722690582275 1.2384727001190186 -0.09262493252754211
-0.29953980445861816 0.6589060425758362 -0.22535143792629242
-0.04870838299393654 0.917435884475708 -0.5331977605819702
-0.586422324180603 0.9983698725700378 -0.3769233524799347
-0.21127371490001678 1.1956493854522705 -0.4917651116847992
-0.3213864862918854 0.3616577386856079 -0.18332020938396454
-0.20997844636440277 0.3817901313304901 0.1344982087612152
-0.4232175350189209 0.48787394165992737 -0.16183912754058838
-0.402799129486084 1.235500454902649 -0.37509670853614807
0.30106279253959656 1.2956000566482544 -0.254790335893631
-0.6089721918106079 0.7016920447349548 -0.24403385818004608
-0.38685062527656555 0.42975643277168274 -0.02368953637778759
-0.7080987691879272 0.9741988778114319 0.07962662726640701
-0.7546002268791199 0.08487314730882645 -0.03432821109890938
-0.3863257169723511 0.9011132717132568 0.26819273829460144
-0.524472177028656 0.5647258758544922 0.03277057781815529
0.03402110934257507 1.4266353845596313 -0.24930545687675476
-0.6166263818740845 0.5523523092269897 -0.1598169207572937
-0.7509382367134094 0.02648501843214035 0.17985856533050537
-0.5426619648933411 0.43047189712524414 0.01127571426331997
-0.5503760576248169 0.9315775632858276 -0.23463979363441467
-0.5539869070053101 1.2176902294158936 0.5241010189056396
-0.425088107585907 0.9027564525604248 0.012961342930793762
-0.418112576007843 -0.03144873306155205 0.012087136507034302
-0.6456758379936218 0.6264300346374512 -0.32748982310295105
-0.45323991775512695 0.8205374479293823 -0.26419517397880554
-0.595689594745636 1.1057268381118774 0.25917312502861023
-0.503038763999939 1.0351601839065552 -0.5042895674705505
-0.6084722876548767 0.5829628109931946 -0.22173619270324707
-0.4057365953922272 1.0931750535964966 0.11123497784137726
-0.57341468334198 1.0242899656295776 0.2816939353942871
-0.509544312953949 0.5820298194885254 -0.23473314940929413
0.276954710483551 1.1082555055618286 -0.38871243596076965
-0.6006757616996765 1.0432151556015015 -0.3720153868198395
0.1968812346458435 0.29697930812835693 0.07586507499217987
-0.5482519268989563 0.9028187990188599 -0.29657214879989624
-0.5228857398033142 0.8987235426902771 -0.4304816722869873
0.31513506174087524 0.9094781875610352 -0.6335664987564087
-0.6222049593925476 0.30548134446144104 -0.31622228026390076
-0.6394098401069641 1.3999422788619995 -0.05615712329745293
-0.4957108497619629 0.3794383108615875 0.11912398040294647
-0.4108107388019562 0.8557033538818359 -0.31757041811943054
0.235253244638443 0.5708799958229065 -0.15283119678497314
-0.5738291144371033 0.7797735929489136 -0.44579407572746277
0.05111042782664299 1.1088664531707764 0.2454860955476761
-0.4944010376930237 0.9955514073371887 0.18669454753398895
-0.4190073609352112 0.9943915605545044 -0.9528757929801941
-0.7930997014045715 0.026803093031048775 0.0642356425523758
-0.6975814700126648 0.39289024472236633 -0.07469794154167175
-0.338949590921402 0.5748611092567444 -0.24781876802444458
-0.6076907515525818 0.4172494411468506 0.012438001111149788
-0.6193557977676392 1.2327690124511719 0.06041394919157028
0.49836134910583496 0.7010325789451599 -0.10172588378190994
-0.6137710809707642 1.1177898645401 -0.019373461604118347
-0.45415595173835754 0.934043824672699 -0.18362975120544434
-0.1542135775089264 1.1403735876083374 -0.33867084980010986
0.1476629674434662 1.1187025308609009 -0.027021564543247223
-0.6448773145675659 0.843163251876831 -0.07276419550180435
0.05362933501601219 0.640007495880127 0.005414777435362339
-0.5018236637115479 0.8165283799171448 0.06189674884080887
-0.29147058725357056 1.110215425491333 -0.3816779553890228
-0.529587984085083 1.0291310548782349 0.3238321542739868
-0.5608553290367126 0.5758421421051025 0.12155552208423615
-0.5860028862953186 0.27875280380249023 -0.41205134987831116
-0.3537861406803131 0.9813417196273804 -0.246039479970932
-0.4075039327144623 1.0065057277679443 -0.3495433032512665
-0.4253213703632355 1.2096247673034668 -0.35072964429855347
-0.6580128073692322 0.2374274730682373 0.2546006143093109
-0.5429937243461609 1.142264485359192 -0.11640234291553497
-0.5479053854942322 0.9714733958244324 -0.31461772322654724
-0.5695202350616455 0.24706849455833435 0.243682861328125
-0.4989520013332367 0.0632096454501152 0.01864549145102501
-0.3659559488296509 1.0881448984146118 -0.3018896281719208
-0.4079170525074005 0.8189806342124939 -0.12400311976671219
0.4856863021850586 -0.0380658395588398 -0.4606251120567322
-0.1386651247739792 0.6838523149490356 -0.25950825214385986
-0.4194478690624237 0.5410180687904358 -0.2834304869174957
-0.6634249091148376 0.6139344573020935 0.2339705228805542
-0.46765756607055664 0.5921720266342163 0.27751103043556213
0.22322100400924683 1.0179920196533203 0.06344351917505264
-0.021432923153042793 0.7604132294654846 -0.276862233877182
-0.5765652060508728 0.4541405737400055 -0.2464400827884674
-0.4783642590045929 0.9512335062026978 0.01227542757987976
-0.2838107943534851 1.1776171922683716 -0.5420881509780884
-0.2960065007209778 1.087169885635376 -0.2808173894882202
0.003201152663677931 1.18732750415802 -0.3257876932621002
-0.6525893807411194 0.6391465663909912 -0.22923555970191956
