ply
format ascii 1.0
element vertex 2048
property float x
property float y
property float z
end_header
0.040121257305145264 0.13232971727848053 -0.2866475582122803
-0.2680400311946869 0.19651173055171967 -0.1835174262523651
-0.26935645937919617 -0.023935120552778244 -0.12468073517084122
-0.2562941610813141 -0.23513758182525635 -0.11912544816732407
-0.3876587450504303 -0.15089453756809235 -0.05943949148058891
0.0037688955198973417 0.14158518612384796 -0.21550984680652618
0.0028767192270606756 -0.4477965235710144 -0.08827976137399673
0.09617555141448975 0.45207422971725464 0.06203455850481987
-0.3187169134616852 0.003373005660250783 -0.19203363358974457
-0.30747076869010925 -0.09056601673364639 -0.09662514179944992
-0.3319316804409027 -0.21768724918365479 0.24307410418987274
-0.22316183149814606 0.1878998726606369 -0.24615031480789185
-0.22497305274009705 -0.04526788741350174 -0.04435102641582489
-0.3290369212627411 0.13841381669044495 -0.02492399699985981
-0.33839860558509827 0.36375242471694946 -0.09383312612771988
-0.3441455066204071 0.12548010051250458 -0.06979947537183762
-0.23558849096298218 0.0661664605140686 0.15595147013664246
-0.3494858145713806 0.4981708228588104 -0.12989366054534912
-0.2221432775259018 -0.18351100385189056 -0.43446481227874756
-0.11383869498968124 0.02375463768839836 -0.15752199292182922
-0.18946760892868042 0.12867626547813416 -0.31015723943710327
-0.4316188097000122 -0.2825537323951721 -0.05320623889565468
-0.3516904413700104 0.3179088234901428 0.5579986572265625
-0.5474377274513245 0.3450530767440796 -0.10684873163700104
0.1310594528913498 0.268496572971344 -0.24300187826156616
-0.3637564778327942 -0.00745911942794919 -0.5234819650650024
-0.6630838513374329 0.11029142886400223 0.021945934742689133
-0.07889571785926819 0.22447733581066132 -0.052868545055389404
-0.2513090670108795 -0.04266548156738281 -0.2880288064479828
-0.23375962674617767 -0.2087976187467575 0.02405613474547863
-0.11289596557617188 0.18142202496528625 -0.08141963928937912
-0.23369769752025604 0.11459444463253021 -0.094869464635849
-0.2503451704978943 0.06594493985176086 -0.20676736533641815
-0.3845200538635254 0.4602816104888916 -0.010974172502756119
-0.1741601973772049 -0.1573391556739807 0.004894186742603779
-0.4695550501346588 0.3574424088001251 0.33331283926963806
-0.2839195132255554 0.17832301557064056 -0.2468903809785843
-0.3164884150028229 0.027529709041118622 0.18159347772598267
-0.2549864947795868 0.3358036279678345 -0.07446311414241791
-0.27604982256889343 -0.299521267414093 -0.04320461302995682
-0.32999998331069946 -0.06512004882097244 0.13222338259220123
-0.10072842240333557 0.27697426080703735 0.0004239267436787486
-0.3350439965724945 -0.1830514669418335 0.05743168294429779
-0.11315089464187622 -0.1285906583070755 -0.018482070416212082
-0.5768994688987732 -0.01533709466457367 0.2523275911808014
0.044702574610710144 -0.04063423350453377 -0.1511215716600418
-0.4503319561481476 -0.04561956599354744 0.1645258069038391
-0.7077734470367432 0.10022088885307312 -0.07420481741428375
-0.2539713978767395 -0.12192219495773315 -0.19820314645767212
-0.4893132448196411 -0.04381047189235687 0.10951032489538193
-0.2306937575340271 0.31758907437324524 -0.306505411863327
-0.2979196012020111 -0.044813480228185654 -0.278987318277359
-0.49018338322639465 0.29073190689086914 -0.3361188769340515
-0.48801863193511963 -0.14848625659942627 -0.08322668820619583
-0.10066672414541245 -0.0512457937002182 -0.021023567765951157
-0.04617590084671974 -0.22476373612880707 -0.21218852698802948
-0.4069194197654724 -0.023547355085611343 0.07429073750972748
-0.1996755301952362 -0.13027000427246094 0.02384750172495842
0.1514120250940323 0.03584062680602074 -0.08436956256628036
-0.22174766659736633 0.11276903748512268 0.13069821894168854
-0.5098355412483215 0.3172866702079773 -0.12762339413166046
-0.21056215465068817 -0.03549095243215561 -0.1271505355834961
-0.37522798776626587 0.14782042801380157 -0.10970473289489746
-0.33754128217697144 0.2638901174068451 -0.1612662672996521
-0.1576877385377884 0.19402888417243958 -0.15906019508838654
-0.3564668595790863 0.013351153582334518 -0.18775410950183868
-0.3219423294067383 0.26621323823928833 -0.037165407091379166
-0.2895720601081848 -0.08721428364515305 -0.02786499634385109
-0.3898927569389343 0.2995372414588928 -0.08557532727718353
-0.3050326704978943 -0.054899103939533234 -0.23027032613754272
-0.7511318922042847 0.03549046441912651 -0.12054438889026642
-0.24524353444576263 0.16244174540042877 -0.4044417440891266
-0.30061230063438416 0.024175431579351425 -0.19388945400714874
-0.4209776520729065 0.03161808103322983 0.09575048834085464
-0.5277760028839111 0.20486581325531006 -0.054119132459163666
-0.6501864790916443 -0.028043339028954506 -0.009004319086670876
-0.24655036628246307 -0.26503002643585205 -0.29777511954307556
-0.24350805580615997 0.3457885682582855 0.12917746603488922
-0.05563288927078247 -0.21405285596847534 -0.1743810921907425
-0.5832346677780151 0.21654903888702393 0.2300768345594406
-0.27313563227653503 0.366257905960083 -0.12073586136102676
-0.25979670882225037 0.0448746532201767 -0.12533794343471527
-0.45552897453308105 0.19711728394031525 -0.2353011965751648
-0.32023152709007263 -0.08748876303434372 0.26921191811561584
-0.19688481092453003 0.09499495476484299 0.07290235906839371
-0.05788432061672211 0.24080584943294525 -0.11453137546777725
-0.3766435384750366 -0.20708593726158142 -0.06390532106161118
-0.28016507625579834 -0.19726699590682983 -0.6435154676437378
-0.45992663502693176 -0.00960521586239338 -0.025992369279265404
-0.05319993942975998 -0.03459224849939346 -0.044207438826560974
0.18342381715774536 -0.11409187316894531 -0.08231403678655624
0.17679032683372498 -0.11311674863100052 -0.0902443677186966
-0.313274085521698 0.30419930815696716 0.10429663211107254
-0.4166868329048157 -0.03560420125722885 -0.19875621795654297
-0.6006589531898499 -0.01171555370092392 0.17969174683094025
0.03219904750585556 -0.07168429344892502 0.14734576642513275
-0.4952784478664398 0.09614095091819763 -0.5003212094306946
-0.4864077866077423 0.28984713554382324 -0.07397200912237167
0.03221909701824188 -0.14057369530200958 -0.09165793657302856
-0.1244347020983696 -0.4143536388874054 0.18569065630435944
-0.7791893482208252 0.4598679542541504 -0.4160606861114502
-0.5067641735076904 0.31898364424705505 -0.20664404332637787
-0.33928194642066956 -0.18849675357341766 0.30336007475852966
-0.15011680126190186 -0.056792840361595154 -0.7887517809867859
-0.05956917256116867 0.10361192375421524 -0.15676090121269226
-0.18783944845199585 0.17188142240047455 -0.10846033692359924
-0.3470754325389862 0.3702276945114136 0.07536251097917557
-0.19399531185626984 -0.1071895956993103 -0.03662334755063057
-0.3186659514904022 0.11485914140939713 -0.12523683905601501
-0.2018483281135559 0.04476536065340042 -0.5408701300621033
-0.13046257197856903 0.23512868583202362 -0.0946684256196022
-0.11847183853387833 0.22894597053527832 -0.11244837939739227
-0.1780068725347519 -0.005612453445792198 -0.4492856562137604
-0.38528165221214294 0.13556832075119019 -0.23947831988334656
-0.3130568563938141 -0.07611775398254395 0.020858122035861015
-0.28130629658699036 0.3056288957595825 -0.23426572978496552
-0.16283906996250153 0.2336343377828598 -0.14575985074043274
-0.11785509437322617 -0.07153361290693283 -0.5117288827896118
-0.031049147248268127 0.046428512781858444 -0.2549128532409668
-0.260585218667984 0.28801822662353516 -0.16685613989830017
-0.5269225835800171 -0.043073877692222595 0.09639514982700348
-0.21085003018379211 0.014619490131735802 -0.44258955121040344
-0.38206344842910767 -0.13852907717227936 -0.11071133613586426
-0.0014656903222203255 -0.13386301696300507 0.04498596489429474
-0.34328094124794006 0.1935829520225525 0.3355085253715515
-0.3859425187110901 0.278619647026062 -0.31615665555000305
-0.4514990746974945 0.23841693997383118 -0.24461650848388672
-0.3227934241294861 0.056816570460796356 -0.08001867681741714
-0.2460930049419403 0.13059717416763306 0.14013732969760895
-0.23768633604049683 0.26538485288619995 0.024714713916182518
-0.22816471755504608 -0.216186985373497 -0.129019096493721
-0.0441126823425293 0.14154493808746338 -0.1318061351776123
0.15332862734794617 -0.18070369958877563 -0.12060235440731049
-0.31166088581085205 0.03352733701467514 -0.23864546418190002
-0.0998024120926857 0.3106305003166199 -0.10687839239835739
-0.3428402841091156 -0.22464117407798767 0.10654959827661514
-0.21435081958770752 0.25942572951316833 -0.0212998203933239
-0.5309579968452454 0.017870953306555748 0.16843949258327484
-0.30718186497688293 0.015514446422457695 -0.5201370716094971
-0.5027945637702942 0.36658361554145813 0.49502435326576233
-0.21569429337978363 0.3339923620223999 -0.20558331906795502
-0.15005826950073242 -0.12389495223760605 -0.294376939535141
-0.24815277755260468 -0.14449582993984222 0.030596571043133736
-0.237770214676857 0.17316551506519318 -0.09462310373783112
-0.5458945631980896 -0.07668403536081314 -0.4472368061542511
-0.3072962760925293 0.024498270824551582 0.0023793824948370457
-0.41489872336387634 0.006707918830215931 -0.3254261016845703
-0.37087228894233704 -0.14817893505096436 -0.16273203492164612
-0.09879928827285767 -0.23134221136569977 0.030146213248372078
-0.06696576625108719 0.23957285284996033 0.1317426562309265
-0.008864123374223709 -0.04955923929810524 -0.32529059052467346
-0.27293479442596436 0.030815834179520607 -0.04340410605072975
-0.45267799496650696 -0.07336635142564774 -0.41130000352859497
-0.4420067071914673 0.052308183163404465 -0.07216961681842804
-0.2892730236053467 -0.06753186136484146 0.07012679427862167
-0.4647354781627655 -0.08467860519886017 -0.38702884316444397
-0.4510786831378937 -0.11920993030071259 0.07302968204021454
-0.31655046343803406 -0.07728917896747589 -0.1958073526620865
-0.5152814984321594 -0.06202491745352745 -0.08455853909254074
-0.22852586209774017 0.29883691668510437 -0.13454051315784454
-0.4594081938266754 0.18917100131511688 -0.033644963055849075
-0.21062903106212616 0.26239532232284546 -0.18652859330177307
-0.24161909520626068 0.19536492228507996 0.041902318596839905
-0.47552645206451416 -0.01026785746216774 0.23649103939533234
-0.5527533888816833 -0.18764854967594147 0.02062121406197548
-0.2594515383243561 -0.018675900995731354 -0.04819878563284874
-0.9975676536560059 0.07613231986761093 -0.14708483219146729
-0.07245784997940063 0.21751783788204193 -0.11613860726356506
-0.21232126653194427 0.1710154414176941 -0.174911230802536
-0.41964685916900635 -0.11212822794914246 -0.2090943157672882
-0.5099899172782898 0.34434807300567627 -0.3964933454990387
-0.059068042784929276 -0.1970747709274292 -0.22064201533794403
-0.29085615277290344 -0.127088263630867 0.23549294471740723
-0.27112916111946106 -0.3916425108909607 0.06619956344366074
-0.15386776626110077 -0.10049042850732803 0.33506134152412415
-0.12510395050048828 0.2658929228782654 -0.04258013144135475
-0.4822733700275421 0.03099212609231472 0.036700040102005005
-0.2882351577281952 -0.05877528712153435 -0.0077033028937876225
-0.05816151946783066 -0.0938710868358612 -0.054526716470718384
-0.4326181709766388 0.044667407870292664 -0.405348002910614
-0.19218839704990387 0.39717501401901245 -0.14965282380580902
-0.07458552718162537 0.38729798793792725 -0.1967943161725998
-0.3784973621368408 -0.12264109402894974 0.058199137449264526
-0.07434095442295074 0.2757214903831482 -0.15332409739494324
-0.4846368432044983 0.24599280953407288 -0.4833090603351593
-0.0013304708991199732 -0.16378438472747803 -0.018319502472877502
-0.17822375893592834 0.19905316829681396 -0.006273685488849878
-0.07417095452547073 0.37908923625946045 0.17319361865520477
-0.30621233582496643 0.31149736046791077 -0.36189985275268555
-0.32943007349967957 -0.47036996483802795 0.002388088032603264
-0.4235142469406128 -0.1033826395869255 0.015005672350525856
-0.28310972452163696 0.025267353281378746 -0.21578562259674072
-0.3589656352996826 0.019232245162129402 -0.4198695421218872
-0.055971499532461166 -0.13466480374336243 0.019436266273260117
-0.26132020354270935 0.14986106753349304 -0.1701650470495224
-0.47643816471099854 0.2441946417093277 -0.18579545617103577
-0.5556109547615051 -0.05551701784133911 0.03812798485159874
-0.42966991662979126 -0.1228615939617157 -0.024020880460739136
-0.2590866684913635 -0.043198976665735245 -0.11234674602746964
0.23757734894752502 -0.40773141384124756 -0.1126880794763565
-0.16183032095432281 0.36613863706588745 -0.07827086746692657
-0.15874190628528595 0.17148467898368835 0.02422603964805603
-0.24692383408546448 0.0008029186283238232 -0.020379863679409027
-0.4701590836048126 0.22392693161964417 -0.22774957120418549
-0.7096918225288391 0.2296280711889267 -0.15117323398590088
-0.5217215418815613 0.2987166941165924 -0.34789884090423584
-0.23954036831855774 -0.13401226699352264 -0.5691952109336853
-0.11255566775798798 -0.24264775216579437 0.014971109107136726
-0.28672146797180176 0.1315983086824417 -0.1735864281654358
-0.14654356241226196 0.10902898013591766 -0.040983788669109344
-0.0969594419002533 -0.038264963775873184 -0.28834110498428345
-0.09003311395645142 0.2952251732349396 -0.05221634358167648
-0.43292561173439026 0.06868205219507217 0.38877615332603455
-0.24988621473312378 -0.047709718346595764 0.12853489816188812
-0.4217241108417511 0.2523922622203827 -0.33557143807411194
-0.21393504738807678 -0.11293499916791916 -0.07441134005784988
-0.15331439673900604 0.004955016076564789 -0.06007258594036102
-0.2722391188144684 -0.07849092036485672 -0.30795538425445557
-0.14193080365657806 0.3416058421134949 -0.05491751432418823
0.01946989819407463 0.07446137070655823 -0.13879148662090302
0.03091045282781124 0.19905439019203186 0.36660781502723694
-0.10448809713125229 -0.0957561805844307 -0.3570362329483032
-0.36538228392601013 0.3621688485145569 -0.14679411053657532
-0.28221631050109863 0.07195183634757996 -0.10182897001504898
-0.3853221833705902 0.1994759738445282 -0.025073664262890816
-0.43978968262672424 -0.012736225500702858 0.20781618356704712
-0.28448760509490967 0.2745240032672882 0.13750508427619934
-0.15417371690273285 -0.015723861753940582 -0.45177143812179565
-0.12431135028600693 0.2175554782152176 -0.010396571829915047
-0.3942362070083618 -0.11610229313373566 0.3365410268306732
-0.47270894050598145 0.4536272883415222 -0.28233370184898376
-0.06916773319244385 0.3878682255744934 0.044417280703783035
-0.4048894941806793 -0.19585371017456055 -0.12066367268562317
-0.14204487204551697 0.1623028814792633 -0.3319827616214752
-0.13402961194515228 0.0866476520895958 0.06318782269954681
-0.4385669529438019 -0.17137326300144196 0.021837487816810608
-0.2408573031425476 0.27988094091415405 -0.19590254127979279
-0.2730015814304352 0.07806208729743958 0.035484347492456436
-0.3263017535209656 0.15678805112838745 -0.12917935848236084
-0.48872169852256775 0.27193933725357056 -0.07958332449197769
-0.19936171174049377 -0.20179864764213562 -0.3991573452949524
-0.41884785890579224 0.43268293142318726 -0.05704652518033981
-0.493466317653656 -0.25345587730407715 -0.07360135018825531
0.06210264936089516 0.12070854753255844 -0.16619737446308136
-0.2667967975139618 0.2625439763069153 -0.23140615224838257
-0.233484148979187 0.10133519023656845 -0.1970764696598053
-0.6977465748786926 0.670611560344696 0.02402636408805847
-0.2223530113697052 0.3071286380290985 -0.10470826923847198
-0.25077444314956665 0.20627734065055847 -0.15050506591796875
-0.1629217118024826 -0.0004393155686557293 -0.0865977481007576
-0.20507223904132843 -0.023969165980815887 -0.03283509239554405
-0.3457825481891632 0.3720926344394684 0.10477042943239212
-0.45631512999534607 -0.3049989342689514 0.18116004765033722
-0.6250249743461609 0.2658673822879791 -0.09018289297819138
-0.42113953828811646 -0.032267387956380844 -0.2267276495695114
-0.15276508033275604 0.1937928944826126 -0.14544789493083954
-0.3257070779800415 -0.12624891102313995 -0.1528077870607376
-0.1931876391172409 -0.16168519854545593 -0.022370101884007454
-0.29159194231033325 0.21340490877628326 -0.17662985622882843
-0.30879974365234375 0.19856221973896027 -0.14075663685798645
-0.4042622148990631 0.03794626146554947 0.02900845557451248
-0.18591541051864624 0.2846158742904663 -0.13097715377807617
-0.27579787373542786 0.078238844871521 -0.048636093735694885
-0.2219797819852829 -0.19338469207286835 0.08249877393245697
-0.33758544921875 0.010934796184301376 -0.23579366505146027
-0.22664543986320496 -0.08145222067832947 -0.21454119682312012
-0.15188759565353394 0.2631382346153259 -0.15657171607017517
-0.21291227638721466 -0.14919713139533997 0.12085111439228058
-0.28081759810447693 0.0536431260406971 -0.17845647037029266
-0.20272542536258698 -0.10003013908863068 -0.19887769222259521
-0.38882482051849365 -0.0695090964436531 -0.06642520427703857
-0.08562842011451721 0.14758092164993286 -0.14214150607585907
-0.2758867144584656 0.015079781413078308 0.0006594439037144184
-0.1154237613081932 0.28392183780670166 -0.1094876378774643
-0.30941152572631836 0.02442515268921852 0.22306528687477112
-0.35975393652915955 0.1629323810338974 -0.2948283553123474
-0.35933685302734375 0.11019338667392731 0.13840152323246002
-0.27635011076927185 0.25876176357269287 -0.0146750807762146
-0.2038038969039917 0.28434422612190247 0.08970434963703156
-0.1354634165763855 0.25266972184181213 0.1842862069606781
-0.16617020964622498 0.3692167103290558 0.023044155910611153
-0.3099943697452545 -0.07858267426490784 -0.06777876615524292
-0.37121090292930603 0.0663030743598938 -0.1928437054157257
-0.4720231294631958 -0.10187827795743942 0.04445760324597359
-0.39754971861839294 0.03078884445130825 -0.2604902982711792
-0.30269673466682434 -0.11251544952392578 0.14841127395629883
0.01228058710694313 0.16355173289775848 -0.232890322804451
-0.3889743685722351 0.24861212074756622 -0.3529296815395355
-0.5290490984916687 0.11434880644083023 -0.02281714230775833
-0.11324441432952881 0.06229166314005852 -0.1340886652469635
-0.18790015578269958 0.10327933728694916 -0.1357150375843048
-0.3113793730735779 0.19885002076625824 -0.2720851004123688
-0.07967807352542877 0.009160581976175308 -0.08191034197807312
-0.13686220347881317 -0.05632160231471062 -0.2185293585062027
-0.48898011445999146 0.031057771295309067 0.08299761265516281
-0.46685928106307983 0.11809281259775162 -0.09738676995038986
-0.31371936202049255 0.24951176345348358 0.08313736319541931
-0.15965333580970764 -0.09625683724880219 -0.31711193919181824
-0.6804068088531494 -0.21754974126815796 0.05662946403026581
-0.5374631881713867 -0.4112298786640167 0.07683012634515762
-0.1330621838569641 -0.13709941506385803 -0.18836207687854767
-0.21443097293376923 -0.0159057155251503 -0.06047329679131508
-0.2656809091567993 0.38691532611846924 0.002127812709659338
-0.34405517578125 0.34748023748397827 -0.13199859857559204
-0.22740459442138672 -0.1694236546754837 -0.2861901521682739
-0.3645099401473999 0.0740933045744896 -0.06475139409303665
-0.16368895769119263 0.23729398846626282 -0.03953930363059044
-0.18265323340892792 0.25447583198547363 -0.04466947540640831
-0.702090859413147 -0.2360859364271164 0.030881689861416817
-0.24409423768520355 -0.030610887333750725 -0.1858256608247757
-0.8092692494392395 0.7577672600746155 -0.17798537015914917
-0.15450643002986908 0.3911031186580658 0.05869278684258461
-0.2139226496219635 -0.1533525586128235 -0.26347285509109497
-0.23005664348602295 -0.2143653929233551 -0.007863743230700493
-0.40510761737823486 0.2671967148780823 -0.3079284131526947
-0.3442763388156891 0.13684725761413574 -0.056841738522052765
-0.5425474047660828 0.4221625030040741 -0.20202206075191498
-0.45187684893608093 0.05577506124973297 -0.024751218035817146
-0.19680115580558777 0.1238396093249321 -0.058468207716941833
-0.15043368935585022 0.2000828981399536 -0.16432751715183258
-0.23251523077487946 0.23673470318317413 -0.2445189654827118
-0.3693450689315796 0.020017601549625397 -0.22906258702278137
-0.633916974067688 0.2767370641231537 0.1836610734462738
-0.5279414057731628 0.13864760100841522 -0.5099125504493713
-0.24328623712062836 0.29829081892967224 0.38294774293899536
-0.2868524193763733 0.2681904137134552 -0.29364195466041565
0.0010290801292285323 0.024527914822101593 -0.20436790585517883
-0.17233335971832275 0.07884518802165985 -0.11313463747501373
-0.729454755783081 0.32397574186325073 -0.33085134625434875
-0.24462716281414032 0.20805424451828003 -0.165407195687294
-0.27512553334236145 -0.10187843441963196 0.048766110092401505
-0.2629448175430298 0.18023845553398132 0.1753370761871338
-0.1235148087143898 -0.17829616367816925 -0.44364067912101746
-0.34220024943351746 -0.06293195486068726 0.061562925577163696
-0.06972026824951172 -0.046499986201524734 -0.2113899439573288
-0.40795326232910156 -0.3263697326183319 0.07782229036092758
-0.3137185573577881 0.07352550327777863 -0.14452767372131348
-0.2165493369102478 -0.16618813574314117 0.1684974879026413
0.017106475308537483 0.21035492420196533 -0.039914440363645554
-0.24547699093818665 0.33619609475135803 -0.08313251286745071
-0.2871911823749542 0.252324640750885 -0.29625606536865234
-0.08881457149982452 0.24961954355239868 -0.31246012449264526
-0.3013543486595154 -0.05041690543293953 -0.5649636387825012
-0.32914021611213684 -0.21172676980495453 -0.16631759703159332
-0.26129889488220215 -0.09466801583766937 -0.27514874935150146
-0.1877823919057846 0.1345505565404892 -0.21791715919971466
-0.28080350160598755 0.024202195927500725 -0.12748324871063232
-0.4658404588699341 0.1671270877122879 -0.08661885559558868
-0.3816851079463959 0.060293156653642654 0.025812296196818352
0.02036338858306408 0.0791352316737175 0.15737344324588776
-0.3360888361930847 -0.08654166013002396 -0.060825277119874954
-0.08429589867591858 0.04740217700600624 0.041477203369140625
-0.37465566396713257 0.1428307443857193 0.07695015519857407
-0.5205293893814087 -0.1550772339105606 0.4388362467288971
-0.3440491557121277 -0.171470046043396 -0.01414814218878746
-0.34375104308128357 0.2514662444591522 -0.37728455662727356
-0.272400826215744 0.2798371911048889 -0.255590558052063
-0.691177248954773 0.37277859449386597 -0.16470472514629364
0.020758403465151787 0.40258723497390747 0.5766165256500244
0.08497684448957443 0.17646701633930206 0.2070111185312271
-0.07220502197742462 -0.022236822172999382 -0.343516081571579
-0.13079915940761566 -0.14347028732299805 -0.8372092843055725
-0.1165141612291336 0.2739896774291992 -0.2573361396789551
-0.501428484916687 0.016815563663840294 -0.24596917629241943
-0.2181345373392105 0.1742439866065979 -0.06626736372709274
-0.36795756220817566 0.22011514008045197 -0.2831264138221741
-0.2867283225059509 -0.21615207195281982 -0.06524688005447388
-0.3331635296344757 0.4850700795650482 -0.1418055295944214
-0.24297137558460236 0.30047282576560974 -0.20311646163463593
-0.3378569781780243 -0.4724026918411255 0.2696141302585602
-0.23793236911296844 -0.0426638126373291 -0.23215636610984802
-0.07145559042692184 0.2636081874370575 -0.15293453633785248
-0.4651937186717987 -0.11387650668621063 0.23817019164562225
-0.34225770831108093 -0.007585103157907724 -0.5383803844451904
-0.3276093900203705 0.07988341152667999 0.07315631955862045
-0.10991019755601883 0.11700166761875153 -0.03706938400864601
-0.026517489925026894 -0.3766818344593048 -0.3131256699562073
-0.7008267045021057 -0.11439520865678787 -0.5987824201583862
-0.27272361516952515 -0.23031114041805267 0.032945986837148666
-0.32452836632728577 0.3592997193336487 -0.2548641264438629
-0.481113076210022 0.44010695815086365 -0.0442345030605793
-0.3916567862033844 0.24801772832870483 -0.25012245774269104
-0.24101008474826813 0.014033811166882515 -0.3325165808200836
-0.1597939282655716 -0.10286044329404831 -0.5321792960166931
-0.1388707011938095 0.0989287868142128 -0.1789897084236145
-0.3585459291934967 0.11832515150308609 -0.0009164672810584307
-0.46555906534194946 0.15526273846626282 -0.19466137886047363
-0.33395639061927795 0.240695983171463 -0.1530143916606903
-0.23372550308704376 -0.09089737385511398 0.23932337760925293
-0.5880761742591858 0.2598486542701721 -0.01382448896765709
0.05215959623456001 -0.15130949020385742 -0.07777398824691772
-0.42498722672462463 -0.17604796588420868 0.047908179461956024
-0.1230461522936821 -0.11506703495979309 -0.41468697786331177
-0.15471108257770538 -0.044714175164699554 -0.37446311116218567
-0.479268878698349 0.13849128782749176 0.061693694442510605
-0.25954580307006836 -0.28039199113845825 -0.002516386564821005
-0.43700096011161804 -0.29531410336494446 -0.1541643887758255
-0.14038096368312836 0.0667278841137886 -0.13176001608371735
-0.19127501547336578 0.1585605889558792 0.11893700063228607
-0.24970203638076782 0.2446340024471283 -0.18105429410934448
0.09781087934970856 0.20587022602558136 -0.03873215615749359
-0.17340010404586792 0.16522809863090515 -0.1854284703731537
-0.6289395689964294 0.10494443774223328 -0.0639248937368393
-0.18968066573143005 -0.12191318720579147 0.19535066187381744
-0.3696259558200836 -0.026999538764357567 -0.34954744577407837
-0.46657124161720276 -0.011813286691904068 -0.3345095217227936
-0.1716964691877365 -0.484636127948761 0.02057996392250061
-0.24827153980731964 -0.07357016205787659 0.24254314601421356
-0.674217700958252 0.045117828994989395 0.0020742781925946474
-0.4229465126991272 -0.06519102305173874 -0.21110065281391144
-0.29015183448791504 0.20259180665016174 0.08806249499320984
-0.2694404125213623 0.21503590047359467 -0.08510597050189972
-0.45325955748558044 0.16424958407878876 0.13140369951725006
-0.04441675543785095 0.34592047333717346 0.23408129811286926
-0.4471643567085266 -0.01688755489885807 -0.4140791893005371
-0.3296211361885071 -0.1237666979432106 -0.021399445831775665
-0.5393152236938477 0.11832061409950256 -0.30213865637779236
-0.2585785984992981 0.08194898068904877 0.173771932721138
-0.3391164243221283 0.03974757716059685 -0.011888908222317696
-0.6003032922744751 0.12927746772766113 -0.27873510122299194
-0.37764936685562134 -0.2716754674911499 -0.10179111361503601
-0.5251775979995728 0.17646512389183044 0.11264783143997192
-0.3497965931892395 -0.025364376604557037 0.5914738774299622
-0.38760384917259216 0.07509202510118484 -0.1853644698858261
-0.3262535631656647 -0.18730774521827698 0.10022803395986557
0.004080434795469046 -0.3476751744747162 -0.007974637672305107
-0.29619720578193665 0.2284146398305893 -0.1700447052717209
-0.12705011665821075 0.18578878045082092 0.18786443769931793
-0.4997362196445465 -0.4828658699989319 0.05183618888258934
-0.16179487109184265 -0.05320575088262558 -0.3104248046875
-0.6354384422302246 0.20078355073928833 0.05374649912118912
-0.3096539378166199 -0.1762930154800415 -0.019944673404097557
-0.25513511896133423 0.10178329050540924 -0.44648104906082153
-0.1947464644908905 -0.010982595384120941 -0.4323803186416626
-0.20809222757816315 0.04643285647034645 -0.41088664531707764
-0.006521996576339006 -0.1376587152481079 -0.12051563709974289
-0.35924243927001953 0.28988197445869446 -0.20661692321300507
-0.4934278428554535 0.31629300117492676 -0.03863575682044029
-0.43260592222213745 -0.05694890394806862 0.06167297437787056
-0.332179993391037 0.05460018664598465 -0.13814055919647217
-0.12904207408428192 0.22381675243377686 -0.296138733625412
-0.17628411948680878 0.14659978449344635 0.35329797863960266
-0.09439176321029663 0.32909440994262695 0.06853099912405014
-0.12970900535583496 0.002021819818764925 -0.17890988290309906
-0.41827651858329773 -0.029563825577497482 0.08322485536336899
-0.07758397608995438 -0.0677928775548935 -0.3276568353176117
0.045245394110679626 0.016441170126199722 -0.036526523530483246
-0.2507520020008087 0.10867177695035934 -0.4306134581565857
-0.35943329334259033 0.31413760781288147 -0.08033832162618637
-0.2812139093875885 0.03472689539194107 -0.41509774327278137
-0.2756122946739197 0.31487131118774414 0.37654435634613037
-0.27548831701278687 -0.20718322694301605 -0.5224445462226868
-0.3420652747154236 0.48295488953590393 0.015584483742713928
-0.24458010494709015 0.3862600326538086 0.004541047848761082
-0.45113712549209595 -0.02050347626209259 -0.38549312949180603
-0.18543538451194763 0.21141141653060913 0.3559730052947998
-0.25723394751548767 0.16261351108551025 -0.1986352801322937
-0.3343295156955719 -0.11195335537195206 -0.208134725689888
-0.30481448769569397 0.10940451920032501 -0.08011868596076965
-0.013469602912664413 0.043727267533540726 0.07079173624515533
0.05586431920528412 0.3109242916107178 -0.09016462415456772
-0.13185307383537292 -0.08363261818885803 -0.2060610055923462
-0.14519833028316498 -0.08169716596603394 -0.04916616901755333
-0.2285519391298294 -0.11352100223302841 -0.09742478281259537
-0.15197621285915375 0.34627389907836914 -0.10638567060232162
-0.271990031003952 0.29116275906562805 -0.0939444974064827
-0.5533650517463684 -0.0004071498988196254 -0.4278142750263214
-0.374938428401947 -0.03679153695702553 -0.2747955024242401
-0.2305368036031723 0.13593576848506927 -0.22569242119789124
-0.6125651001930237 -0.1540195643901825 -0.6381101608276367
-0.12515269219875336 -0.3615434765815735 -0.004047478083521128
-0.4496590495109558 0.13329921662807465 -0.48431700468063354
-0.48181837797164917 -0.2583525776863098 -0.22657111287117004
-0.6299228668212891 -0.053687114268541336 -0.09770605713129044
-0.4052090346813202 0.03502897173166275 -0.19417491555213928
-0.2926465570926666 -0.04674132168292999 -0.04994579404592514
-0.27077850699424744 -0.07135040313005447 -0.23473483324050903
-0.11538253724575043 0.05427509546279907 0.3769655227661133
-0.08449625968933105 0.16705338656902313 -0.18160969018936157
-0.2720293700695038 -0.04014759138226509 -0.1236017569899559
-0.10698585212230682 -0.06961829215288162 -0.4720718264579773
-0.2970903813838959 0.45714613795280457 0.19114519655704498
-0.4864329695701599 0.0402463898062706 0.07434336096048355
-0.4311526119709015 0.11195525527000427 -0.13299624621868134
-0.5116888284683228 -0.26991719007492065 0.07779762148857117
-0.14923614263534546 0.2838364243507385 0.014922507107257843
-0.09566336870193481 0.016872603446245193 -0.21153345704078674
-0.5459783673286438 0.24158911406993866 -0.2403128743171692
-0.31388190388679504 0.03227992728352547 -0.07056350260972977
-0.022489065304398537 0.06199795380234718 -0.1459769606590271
-0.11678539216518402 -0.04966979846358299 -0.1463409811258316
-0.29890623688697815 0.22769823670387268 -0.0885654091835022
-0.3843141198158264 0.36231109499931335 0.13779357075691223
-0.1048135980963707 0.36084985733032227 0.12291532009840012
-0.2723625898361206 0.04621564969420433 0.09413459151983261
-0.41061633825302124 -0.12524142861366272 -0.2558995187282562
-0.2898648977279663 -0.027855293825268745 -0.048207882791757584
-0.29709771275520325 0.3266329765319824 0.05179912969470024
-0.2361716628074646 0.4309581220149994 0.1256740242242813
-0.45551759004592896 0.38581085205078125 -0.36384883522987366
-0.4335796535015106 0.09714927524328232 0.020570125430822372
-0.02316025085747242 0.3346095085144043 -0.1778734028339386
-0.3880660831928253 -0.04852527379989624 -0.1976185441017151
-0.433531790971756 -0.1611647754907608 -0.0781475156545639
-0.37793663144111633 0.018324989825487137 -0.024765755981206894
-0.28282538056373596 0.23396895825862885 0.15143664181232452
-0.30508264899253845 -0.03047974593937397 -0.01839880645275116
-0.1098833754658699 0.0941394716501236 0.363632470369339
-0.25778594613075256 -0.23755168914794922 0.0027451151981949806
-0.19976669549942017 -0.09957487881183624 -0.11912110447883606
-0.44683507084846497 0.04302193224430084 0.06159142777323723
-0.40366092324256897 0.42706623673439026 0.07107088714838028
-0.3747599422931671 0.3168623149394989 -0.08485733717679977
-0.40530508756637573 0.148238405585289 -0.02794492058455944
-0.34966418147087097 -0.3117082118988037 -0.37657344341278076
-0.22532759606838226 -0.009223725646734238 -0.13437284529209137
-0.17284373939037323 -0.22607097029685974 -0.20454739034175873
-0.5702818036079407 0.006416604854166508 0.048524633049964905
-0.3521464765071869 -0.03990837559103966 -0.14620156586170197
-0.25620999932289124 0.22409313917160034 -0.3376552164554596
-0.09907742589712143 0.18761134147644043 -0.2503015995025635
-0.3943205177783966 0.3299161195755005 -0.22729337215423584
-0.21265952289104462 0.12666326761245728 -0.20038054883480072
-0.3835011422634125 -0.3945647180080414 0.027040164917707443
-0.11682289838790894 -0.1088460311293602 0.1320062279701233
0.041501037776470184 0.0676843523979187 -0.1649179905653
-0.41912713646888733 -0.03835408762097359 -0.2338918149471283
-0.4052002429962158 -0.02076846919953823 -0.36453065276145935
-0.2429894357919693 0.06606397032737732 -0.3022359311580658
-0.1857755482196808 0.06289217621088028 -0.08301348984241486
-0.2830566167831421 0.13016609847545624 0.026096345856785774
-0.3801427185535431 0.3028895854949951 -0.29622963070869446
-0.061842747032642365 0.17035028338432312 -0.22205273807048798
-0.3631575405597687 0.3454503118991852 -0.2560354173183441
-0.2489093542098999 -0.003589918836951256 -0.20465415716171265
-0.22233009338378906 0.22443518042564392 -0.16344836354255676
-0.20610591769218445 0.23004774749279022 -0.0630897581577301
-0.043877989053726196 -0.05671033635735512 -0.3458612263202667
0.053068701177835464 0.053595058619976044 -0.013704951852560043
-0.19882817566394806 -0.15616723895072937 -0.16816000640392303
-0.2220994234085083 0.26803329586982727 -0.16108480095863342
-0.2737020254135132 -0.2870514988899231 -0.5260033011436462
0.19627559185028076 0.2590448260307312 0.14130492508411407
-0.2807716429233551 -0.3154941201210022 0.29646486043930054
-0.18477624654769897 0.023651566356420517 -0.22394169867038727
-0.3456636071205139 0.27322763204574585 -0.03728150203824043
-0.30279868841171265 0.0501381978392601 -0.03872334957122803
-0.4353415071964264 -0.0037224581465125084 0.4000675082206726
-0.08276017755270004 0.14736920595169067 0.029344312846660614
-0.3705306947231293 -0.35709238052368164 -0.32642343640327454
-0.1854718029499054 0.13166555762290955 -0.20048010349273682
0.10251536965370178 0.1639726310968399 -0.10387562215328217
-0.28180554509162903 -0.2292262464761734 0.03740301355719566
0.10149230808019638 0.10927129536867142 -0.25959816575050354
-0.18043844401836395 -0.356070339679718 -0.17809650301933289
-0.36500707268714905 0.25020188093185425 -0.21718354523181915
-0.04001766815781593 -0.36060830950737 -0.044478584080934525
-0.4196185767650604 0.22573602199554443 -0.17300541698932648
-0.2742142379283905 0.0790860503911972 -0.04104087874293327
-0.1708328127861023 0.23956800997257233 -0.020454108715057373
-0.20806589722633362 -0.031827062368392944 -0.23282159864902496
-0.5592190623283386 -0.04265087470412254 -0.0069101727567613125
-0.23101818561553955 0.2966386079788208 -0.17559589445590973
0.0718708485364914 0.07842341810464859 -0.23536384105682373
-0.2538290321826935 -0.033307090401649475 -0.09260951727628708
-0.5408005118370056 -0.11761993169784546 -0.05454457923769951
-0.48079198598861694 0.15688252449035645 0.09561286866664886
-0.37419793009757996 0.4118623435497284 -0.34687644243240356
-0.7961293458938599 0.5294220447540283 -0.07102944701910019
-0.20472733676433563 0.11312258988618851 -0.09070347249507904
-0.36132675409317017 0.22771669924259186 0.16420428454875946
-0.25352632999420166 -0.0026803528890013695 -0.00632869778200984
-0.27494126558303833 0.3594304621219635 0.14944538474082947
-0.1801985502243042 0.37555864453315735 0.22845906019210815
-0.20405027270317078 0.0030610887333750725 -0.2542799413204193
-0.2571081221103668 0.3011504113674164 -0.42812037467956543
-0.22927117347717285 -0.14402399957180023 -0.29814645648002625
-0.34978705644607544 -0.12096600979566574 -0.13390988111495972
-0.39572209119796753 0.006187290884554386 0.06437663733959198
-0.35683074593544006 -0.40390315651893616 -0.4193097651004791
-0.08991333097219467 0.23020870983600616 -0.38355547189712524
-0.27875661849975586 0.37608814239501953 0.027621977031230927
-0.30684468150138855 0.13195425271987915 -0.14381076395511627
-0.4993017613887787 -0.14407598972320557 0.016545888036489487
-0.5804442763328552 0.06725168973207474 0.10798054188489914
-0.19024455547332764 -0.006489188876003027 -0.41975343227386475
-0.5113471746444702 0.19137334823608398 -0.18712402880191803
-0.4259328842163086 0.2998899519443512 -0.1403261423110962
-0.5187010169029236 0.4338085949420929 -0.04662802442908287
-0.3303128182888031 -0.009843451902270317 -0.3598352074623108
-0.1376839131116867 -0.22523091733455658 0.07506148517131805
-0.19780157506465912 -0.1509576439857483 -0.15360704064369202
-0.37897196412086487 0.049613647162914276 -0.0476527139544487
-0.2511821687221527 0.17220228910446167 -0.10349377244710922
-0.2757555842399597 0.2912508249282837 0.06011723726987839
-0.2070288360118866 0.04048944264650345 0.0021151923574507236
-0.2173818200826645 0.02497573010623455 0.09777893871068954
-0.4521080255508423 -0.05697990953922272 0.08005836606025696
0.15033233165740967 0.266598641872406 -0.2051979899406433
-0.23932678997516632 0.03463831916451454 -0.2541612982749939
-0.4286750853061676 -0.25890034437179565 -0.2718247175216675
-0.267414391040802 -0.021953163668513298 -0.01682894490659237
-0.5226794481277466 0.36630919575691223 -0.4076690077781677
-0.5058875679969788 0.4013687074184418 -0.22769099473953247
-0.2983117997646332 0.2501131594181061 -0.19514097273349762
-0.13898642361164093 0.07789042592048645 -0.15578505396842957
-0.13529418408870697 -0.07714618742465973 -0.1904832124710083
-0.4312153458595276 0.08154316991567612 0.5006489157676697
-0.43524372577667236 0.25974735617637634 -0.295622855424881
-0.36242103576660156 -0.06983745098114014 -0.09360737353563309
-0.3958786427974701 0.04109182953834534 0.2402793914079666
-0.29269853234291077 -0.19322840869426727 -0.03980301693081856
-0.36319199204444885 0.015161613002419472 -0.06049615517258644
-0.28698936104774475 0.4454770088195801 -0.1295376569032669
-0.26835304498672485 0.04133344069123268 -0.11152033507823944
-0.2862676680088043 -0.20086152851581573 0.021858680993318558
-0.6566949486732483 0.06792346388101578 -0.007362543139606714
0.33636653423309326 0.3084615170955658 0.028945885598659515
-0.15092143416404724 -0.06360077857971191 -0.23138372600078583
-0.14259962737560272 0.23450686037540436 0.2653474807739258
-0.2260148972272873 0.11533380299806595 -0.1513645350933075
-0.3688850402832031 0.3211330473423004 0.004059514030814171
-0.09711729735136032 0.10673128068447113 -0.31562840938568115
-0.3381739556789398 -0.071134053170681 -0.20622316002845764
-0.20783236622810364 0.2238960862159729 -0.16203053295612335
-0.28749534487724304 -0.12248813360929489 -0.3547219932079315
-0.504886269569397 -0.07970236986875534 0.187302827835083
-0.08099963515996933 -0.17433182895183563 -0.08495932072401047
-0.20520436763763428 -0.26810789108276367 -0.7047044038772583
-0.14026299118995667 -0.3051011562347412 0.03753550350666046
-0.20280835032463074 0.02833545207977295 -0.15922042727470398
-0.3500930070877075 0.19627727568149567 -0.34949687123298645
-0.311087042093277 0.3722204864025116 -0.12861427664756775
-0.02397753857076168 0.30717524886131287 0.004311737138777971
-0.4596766233444214 0.0632452741265297 0.3131931722164154
-0.173365980386734 -0.029520079493522644 -0.25373825430870056
-0.3488645851612091 0.02410176768898964 0.12254977971315384
-0.5786702632904053 0.27842721343040466 0.0339806042611599
0.06482303887605667 0.21918649971485138 -0.13496404886245728
-0.3367725908756256 0.08536288142204285 -0.22251783311367035
-0.10918915271759033 0.10101929306983948 -0.11479348689317703
-0.24138270318508148 -0.3558710217475891 0.21143501996994019
-0.29122596979141235 -0.1484033465385437 0.09038607776165009
-0.1088898628950119 0.2214837521314621 -0.2870866656303406
-0.12375349551439285 -0.14189545810222626 0.0001847660169005394
-0.3373502790927887 0.31785306334495544 -0.11058780550956726
-0.24565675854682922 -0.25701579451560974 -0.8541070818901062
-0.4599614441394806 0.09883178025484085 0.04140808433294296
-0.21732740104198456 0.1982325315475464 -0.24660320580005646
-0.46320271492004395 0.3218259811401367 -0.11517580598592758
-0.2552098035812378 0.11612959206104279 0.1503390520811081
-0.23119059205055237 -0.19352464377880096 -0.12172898650169373
-0.3339301347732544 0.038483936339616776 -0.35550418496131897
-0.20732170343399048 -0.2271042913198471 0.015033392235636711
-0.29869288206100464 -0.03537734970450401 -0.14204610884189606
-0.30578938126564026 0.006383026950061321 -0.18602606654167175
-0.2714177668094635 0.35056403279304504 -0.09465459734201431
-0.4416678547859192 0.35314542055130005 -0.27631157636642456
-0.18719932436943054 0.2634678781032562 0.042967572808265686
-0.35611480474472046 0.33903956413269043 -0.04184645414352417
-0.2208697348833084 0.015156207606196404 -0.3402615487575531
-0.36396774649620056 -0.04156496748328209 0.15600499510765076
-0.1644590198993683 0.18409065902233124 -0.18039311468601227
-0.5956749320030212 -0.17595180869102478 0.02907128632068634
-0.36368441581726074 -0.0803864449262619 -0.0954330638051033
-0.3059704601764679 0.29973304271698 -0.33593758940696716
-0.331529825925827 0.32609108090400696 -0.1316293179988861
0.008198755793273449 0.34112703800201416 -0.14781971275806427
-0.5251621007919312 0.16846710443496704 -0.1141505315899849
-0.2759907841682434 0.11487600952386856 -0.13539187610149384
-0.016893507912755013 0.11938000470399857 -0.48598846793174744
-0.11234220862388611 -0.10596165806055069 -0.18007411062717438
-0.2432803064584732 0.1302609145641327 -0.24726296961307526
-0.6121367812156677 0.303354412317276 -0.17095628380775452
-0.5308157801628113 0.11070949584245682 0.25013822317123413
0.12477722764015198 -0.021272435784339905 -0.19116970896720886
-0.34717366099357605 0.02836029790341854 -0.09440992027521133
-0.46515798568725586 0.13710041344165802 0.002220985945314169
-0.016096100211143494 0.5635890364646912 0.3994927406311035
-0.17412069439888 0.2705012857913971 0.27223339676856995
-0.36732715368270874 0.26193326711654663 -0.30309364199638367
-0.40313488245010376 0.06327050179243088 0.18241335451602936
-0.2618052363395691 0.07938647270202637 -0.20410670340061188
0.04889864847064018 -0.1896989941596985 -0.39857998490333557
0.07784252613782883 0.1153557226061821 0.06821538507938385
-0.22142866253852844 0.11713539063930511 -0.12694740295410156
-0.09106043726205826 -0.1872163563966751 0.003787473775446415
-0.36850878596305847 0.052805978804826736 0.07852821797132492
-0.3033028542995453 0.1200634315609932 -0.10212669521570206
-0.32446715235710144 0.12021283060312271 0.10903200507164001
-0.07302594184875488 0.39140069484710693 -0.07039548456668854
-0.4624898135662079 0.2919604778289795 -0.07089408487081528
-0.09008242189884186 0.14130799472332 -0.3942694664001465
-0.20263974368572235 -0.032830409705638885 -0.15239526331424713
-0.3713967502117157 -0.14763319492340088 -0.12430664151906967
0.02868601121008396 0.0086332056671381 -0.04315866902470589
-0.33656591176986694 -0.03669730946421623 -0.05807600915431976
-0.3327238857746124 0.058089807629585266 -0.052842386066913605
-0.4689368009567261 -0.08507388085126877 0.015180230140686035
-0.3207034170627594 0.04071316495537758 0.051389433443546295
-0.034095220267772675 0.006985573563724756 -0.12607908248901367
-0.4671148657798767 0.16718950867652893 -0.011327160522341728
-0.12621501088142395 0.12623712420463562 -0.08004927635192871
-0.3001253604888916 0.24155673384666443 -0.22502563893795013
-0.2226177304983139 0.09147782623767853 -0.06295530498027802
-0.26483985781669617 0.1522369682788849 -0.18624836206436157
-0.30666401982307434 0.11325756460428238 -0.48468244075775146
-0.3144775331020355 -0.024428315460681915 -0.14167849719524384
-0.36234593391418457 0.38649046421051025 -0.06887566298246384
-0.31980231404304504 0.11819562315940857 -0.27929842472076416
-0.30715101957321167 0.04757411777973175 -0.20137152075767517
-0.02632959932088852 -0.13569189608097076 -0.24491091072559357
-0.3782397508621216 0.021208293735980988 0.2296217530965805
-0.12897847592830658 0.1356884241104126 -0.1117236316204071
-0.46671557426452637 0.021503649652004242 -0.10057015717029572
-0.47131356596946716 0.1979992687702179 -0.11361280083656311
-0.3226132094860077 0.0943828895688057 -0.3094998598098755
-0.09375787526369095 -0.003980593290179968 -0.44726482033729553
-0.3027626574039459 -0.15450634062290192 -0.19860385358333588
-0.5215722918510437 0.0425468273460865 -0.16802538931369781
-0.27267369627952576 0.08480756729841232 0.02310601808130741
-0.5408793687820435 0.03540930896997452 0.06100444868206978
-0.20763197541236877 0.14414668083190918 -0.10662753880023956
-0.24143092334270477 -0.22241871058940887 0.06968937069177628
-0.39116573333740234 0.2352856546640396 -0.32606974244117737
-0.29882940649986267 -0.015906833112239838 -0.202781543135643
-0.4149358868598938 -0.13926391303539276 -0.01302795484662056
-0.3104059398174286 -0.11051473021507263 -0.20464617013931274
-0.3758600652217865 0.23065529763698578 -0.4355016350746155
-0.052645061165094376 0.009389230981469154 -0.15096095204353333
-0.3640746772289276 0.3494099974632263 0.04284098371863365
-0.43448761105537415 0.17492669820785522 0.10246043652296066
-0.45409998297691345 0.12446410953998566 -0.010386165231466293
-0.1868283748626709 -0.008520735427737236 -0.23357997834682465
-0.34997570514678955 0.00044783647172152996 -0.11712953448295593
-0.7168692350387573 0.3629721999168396 -0.3908066749572754
0.048317212611436844 0.03017362393438816 -0.2432393580675125
-0.37068286538124084 0.1355237066745758 -0.28867384791374207
-0.3315814733505249 0.06443481892347336 -0.6749624609947205
0.20081089437007904 0.2661761939525604 -0.09784825891256332
-0.20521265268325806 0.06920289993286133 -0.16806085407733917
-0.5734940767288208 0.07728827744722366 -0.15081386268138885
-0.34350156784057617 0.20230254530906677 -0.04415889456868172
-0.16347017884254456 0.06274440884590149 -0.24604950845241547
-0.3154759705066681 -0.15887384116649628 0.08359448611736298
-0.30529332160949707 0.05649100989103317 -0.1225435733795166
0.084510937333107 -0.09216251969337463 0.052226126194000244
-0.13318301737308502 0.08631235361099243 -0.1497959941625595
-0.36444711685180664 0.31617271900177 -0.15988454222679138
0.01717161014676094 -0.3010719120502472 0.03707724064588547
-0.17660558223724365 -0.0020766952075064182 -0.14266513288021088
-0.033867087215185165 0.012719273567199707 -0.2139291763305664
-0.22241459786891937 -0.16046491265296936 -0.4637032449245453
-0.12702760100364685 -0.045013997703790665 -0.1849832385778427
-0.4700288772583008 0.12766829133033752 -0.24874502420425415
-0.44058942794799805 -0.266255259513855 -0.2874163091182709
-0.051854487508535385 -0.11584291607141495 -0.16601015627384186
-0.47335323691368103 0.037067096680402756 0.03183196112513542
-0.2456844449043274 -0.4296230673789978 0.23801900446414948
-0.2738898694515228 0.21996557712554932 -0.07299093902111053
-0.4778468906879425 -0.10449614375829697 0.232352152466774
-0.008010489866137505 -0.11772420257329941 -0.14630833268165588
-0.32923322916030884 0.14679650962352753 -0.16181255877017975
-0.15234814584255219 0.07845007628202438 -0.15615318715572357
-0.13805295526981354 0.11286259442567825 -0.019630104303359985
-0.41525301337242126 0.020864732563495636 -0.1070520430803299
-0.3290412724018097 -0.08830738067626953 0.0353238545358181
-0.27076953649520874 -0.17295250296592712 -0.5635908246040344
-0.21129058301448822 -0.1387738138437271 0.050574690103530884
-0.17947620153427124 0.07064834237098694 0.026858793571591377
-0.5276286602020264 0.027465784922242165 -0.5470954775810242
-0.08222858607769012 0.17567111551761627 0.1809641569852829
-0.43448495864868164 0.27402982115745544 -0.16650816798210144
-0.18705584108829498 0.14087091386318207 -0.2723211348056793
-0.3282991647720337 0.026018988341093063 -0.2179614156484604
-0.3162372410297394 0.2911093831062317 -0.2603335380554199
-0.4649554491043091 0.06637778878211975 -0.07403947412967682
0.12082793563604355 0.16552303731441498 -0.11285959929227829
-0.11466030031442642 0.2651911675930023 -0.28441503643989563
-0.25244155526161194 0.08079761266708374 -0.05533386766910553
-0.5463958978652954 0.031508106738328934 0.17359286546707153
-0.0949716791510582 -0.03156261146068573 -0.09403170645236969
-0.3188612163066864 0.15818387269973755 -0.12512321770191193
-0.5159635543823242 0.45495688915252686 -0.1246960386633873
-0.13397306203842163 0.41907718777656555 0.13652025163173676
-0.4657289683818817 0.1977408528327942 -0.09262177348136902
-0.23054879903793335 -0.04025862365961075 0.16861851513385773
-0.3289836049079895 -0.02360481768846512 0.018761949613690376
-0.19034765660762787 -0.0031403577886521816 -0.034014854580163956
-0.21653836965560913 0.18539705872535706 -0.0426705926656723
-0.27742016315460205 -0.016238948330283165 -0.29751086235046387
-0.17495691776275635 0.1032724678516388 0.21501462161540985
-0.24879327416419983 -0.17955107986927032 0.0026132971979677677
-0.45318081974983215 0.1060456708073616 -0.44428595900535583
-0.47512832283973694 0.23790785670280457 -0.36950230598449707
-0.30091848969459534 0.1399746537208557 0.05454001575708389
-0.36373430490493774 0.06287039816379547 0.11031479388475418
-0.693433403968811 0.21343335509300232 0.05727997422218323
-0.1808222532272339 0.18644647300243378 -0.1955057829618454
-0.3929845988750458 0.3659365475177765 -0.04921737685799599
-0.19171082973480225 0.190303772687912 0.04078444838523865
-0.3169780969619751 0.21807323396205902 -0.06853902339935303
-0.4093557298183441 0.24107401072978973 0.0180507805198431
-0.3302547335624695 0.36134466528892517 0.21339569985866547
-0.3629578948020935 -0.038717158138751984 -0.08316261321306229
-0.35545122623443604 0.009371604770421982 0.117825448513031
-0.2887314260005951 0.021576227620244026 -0.10476791858673096
-0.10188014060258865 0.2544090747833252 -0.21608255803585052
-0.0936238169670105 -0.0013112002052366734 0.03398581221699715
-0.35878366231918335 0.006565142888575792 -0.17283539474010468
-0.4125327467918396 0.28107157349586487 0.44165828824043274
-0.17571401596069336 0.2015482783317566 -0.13530896604061127
-0.30117928981781006 0.159168541431427 -0.11911733448505402
-0.556784451007843 0.009596999734640121 -0.037868890911340714
-0.406778484582901 -0.010962814092636108 -0.3807458281517029
-0.44266095757484436 0.06964690238237381 -0.1613653600215912
-0.30560678243637085 0.022946830838918686 -0.31005531549453735
-0.45625171065330505 0.07111383974552155 -0.1334514170885086
-0.34217947721481323 -0.06646661460399628 -0.2866850197315216
-0.15454211831092834 -0.25308579206466675 0.09268006682395935
-0.14999262988567352 -0.07670601457357407 -0.4700985550880432
-0.20478975772857666 0.44711780548095703 0.03465322032570839
-0.0922798216342926 -0.07822775095701218 -0.18413729965686798
0.4246659278869629 -0.04626309126615524 0.36357083916664124
-0.07728293538093567 0.009644534438848495 -0.31995889544487
-0.5058436393737793 -0.34680071473121643 0.06916318088769913
-0.31363481283187866 0.38725242018699646 -0.12004264444112778
-0.3554748296737671 0.24606835842132568 -0.27103400230407715
-0.5301800966262817 0.021451523527503014 0.40436580777168274
-0.4227401316165924 0.3972320258617401 -0.03836188092827797
-0.28793177008628845 0.2374662458896637 -0.25802019238471985
0.0490436889231205 0.25145041942596436 0.039102952927351
-0.41437259316444397 0.03237937018275261 0.11182886362075806
-0.4324338734149933 -0.08219914138317108 0.059907034039497375
-0.09142512828111649 -0.17561081051826477 -0.04570428282022476
-0.07085049897432327 0.30128079652786255 0.21332603693008423
-0.16825272142887115 -0.1023438572883606 -0.1622767150402069
-0.321346640586853 0.33099639415740967 0.01593979448080063
-0.31928595900535583 -0.29944995045661926 -0.21470540761947632
-0.1936878114938736 0.13263313472270966 0.19766093790531158
-0.4112012982368469 -0.11258541792631149 -0.06564333289861679
-0.5217694640159607 -0.2209741175174713 -0.07428769767284393
-0.3251855969429016 -0.26728734374046326 -0.3285962641239166
-0.6829178929328918 0.311394065618515 -0.359011709690094
-0.38952794671058655 0.3573010265827179 -0.2947036921977997
-0.42748144268989563 0.3992568254470825 -0.10285858064889908
-0.34033679962158203 0.20182809233665466 0.0979628637433052
-0.2979055345058441 -0.00951925665140152 -0.15820400416851044
-0.41881614923477173 0.3633953928947449 -0.03467807546257973
0.05324498564004898 0.0672578290104866 -0.30274802446365356
-0.18913061916828156 0.24362584948539734 -0.481739342212677
-0.04859966039657593 0.07474306225776672 -0.5910326838493347
0.564706563949585 -0.16123852133750916 -0.14257904887199402
-0.17983604967594147 0.04742191359400749 -0.08899730443954468
-0.25983694195747375 0.12009402364492416 -0.048769570887088776
-0.29351806640625 -0.2515261769294739 0.14548097550868988
-0.22625257074832916 0.25959211587905884 -0.26549333333969116
-0.41563940048217773 -0.31492024660110474 0.058028627187013626
-0.44649413228034973 -0.032498687505722046 -0.2143232524394989
-0.2536272406578064 -0.1881130039691925 -0.32045072317123413
-0.05689389258623123 -0.03110463358461857 -0.0780186802148819
-0.5312504172325134 0.08505235612392426 0.19681589305400848
-0.16729353368282318 -0.12442535907030106 0.022612189874053
-0.46152764558792114 -0.06663426011800766 -0.27322089672088623
-0.13044612109661102 -0.09114807099103928 -0.2339434027671814
-0.32809123396873474 0.10539299994707108 -0.03589966520667076
-0.25598564743995667 0.33553528785705566 0.18715572357177734
-0.17925162613391876 0.12756158411502838 0.06443113088607788
-0.2997463047504425 -0.08947598189115524 -0.2578425407409668
-0.4172203540802002 -0.005063794087618589 -0.2614173889160156
-0.08292048424482346 -0.04384966194629669 -0.11021332442760468
-0.17980222404003143 0.2799469232559204 -0.23101754486560822
-0.3543647825717926 0.3029400408267975 -0.23687858879566193
0.008215278387069702 -0.08751648664474487 0.4513494670391083
-0.021482892334461212 -0.09493211656808853 0.08352342247962952
0.01671571657061577 -0.09858047962188721 -0.1529523879289627
-0.25811967253685 0.295929878950119 -0.07410064339637756
-0.5082215070724487 0.045389190316200256 -0.29830408096313477
-0.24440737068653107 0.00462348572909832 -0.1385277956724167
-0.3002801835536957 0.22173474729061127 0.1062009409070015
-0.044057007879018784 0.27929040789604187 0.3642040491104126
-0.42181459069252014 0.3895029127597809 -0.1506323218345642
-0.3754705786705017 0.322858065366745 -0.10656385123729706
-0.2297980636358261 0.11390919983386993 -0.19573162496089935
-0.08836057037115097 -0.3326454162597656 -0.12602849304676056
-0.15829934179782867 0.03432963415980339 -0.13989581167697906
-0.21211326122283936 -0.019702203571796417 -0.009586304426193237
-0.7457520365715027 0.3304131031036377 -0.10369522869586945
-0.3357621133327484 0.23480649292469025 -0.026848457753658295
-0.42028602957725525 0.01758943311870098 -0.08826322853565216
-0.5049681067466736 -0.00021379196550697088 -0.7843114137649536
-0.13026531040668488 -0.2976285219192505 -0.1815953254699707
-0.14149639010429382 0.3048100769519806 0.31900426745414734
-0.3096710443496704 0.361362099647522 0.24863114953041077
-0.2406529039144516 0.2470823973417282 0.10740678012371063
-0.43495336174964905 0.345509797334671 0.03162447735667229
-0.4427016079425812 0.10782845318317413 0.0909433364868164
-0.0990765243768692 0.17103226482868195 0.09069769084453583
-0.30682483315467834 0.18464888632297516 -0.2911752164363861
-0.42464199662208557 -0.011539852246642113 -0.1432683914899826
0.21532109379768372 -0.1265001744031906 -0.27756160497665405
-0.3421400487422943 -0.014788541942834854 0.014057420194149017
-0.35555294156074524 0.05147699639201164 -0.2761969268321991
-0.22130118310451508 0.06930062919855118 -0.20163628458976746
-0.11004294455051422 -0.13540665805339813 0.06835794448852539
-0.31240296363830566 -0.02189893275499344 0.25450992584228516
-0.4524688720703125 -0.33996328711509705 -0.060847725719213486
-0.2174348533153534 -0.0765305757522583 0.047220829874277115
-0.13437645137310028 0.0904281884431839 -0.18426558375358582
-0.3007289469242096 0.2367233783006668 -0.28467613458633423
-0.02687050588428974 -0.011534970253705978 -0.3010621666908264
-0.22492770850658417 0.07317575067281723 -0.19301855564117432
-0.12949120998382568 0.02056131139397621 0.1135556623339653
-0.4053349792957306 -0.08311748504638672 0.27848124504089355
-0.4215163290500641 0.2178969532251358 0.0798565149307251
-0.05740947648882866 0.2312273532152176 -0.14872461557388306
-0.3134302496910095 -0.19169782102108002 -0.1311805546283722
-0.3893424868583679 0.08981581777334213 -0.20637498795986176
0.06961440294981003 0.352394163608551 -0.10419788956642151
-0.44137340784072876 0.35034164786338806 -0.24522635340690613
-0.38287386298179626 0.3125859797000885 -0.11365658044815063
-0.16132782399654388 0.14718183875083923 -0.21255764365196228
0.010338271036744118 -0.04924905672669411 -0.24363252520561218
-0.41871029138565063 -0.030252588912844658 -0.8149085640907288
-0.1377236396074295 0.1843872368335724 -0.08145970851182938
-0.11949912458658218 -0.36987268924713135 0.034975677728652954
-0.29823389649391174 0.1100376546382904 0.05425515025854111
-0.4167667329311371 0.1425730586051941 -0.31950297951698303
-0.06653517484664917 -0.15095213055610657 -0.22965995967388153
-0.5742781758308411 0.44035184383392334 -0.13589520752429962
-0.6935217380523682 0.33178895711898804 0.0001899763010442257
-0.2510150074958801 -0.09925102442502975 -0.08441715687513351
-0.3485647141933441 0.12765127420425415 0.5754591226577759
-0.3317127823829651 0.0678076222538948 -0.11953320354223251
-0.19198434054851532 -0.28853359818458557 -0.35175657272338867
-0.2625582218170166 0.17056667804718018 -0.23778967559337616
-0.2306501269340515 0.27811679244041443 -0.12406788021326065
-0.31458309292793274 -0.3317616283893585 -0.0714292973279953
-0.3625830411911011 0.4254439175128937 -0.11553999781608582
-0.31868883967399597 -0.08624051511287689 -0.05474822223186493
-0.17249014973640442 0.28393903374671936 -0.05709533020853996
-0.6063445210456848 0.29143401980400085 -0.01871868409216404
-0.39624810218811035 0.00015276321209967136 -0.23423625528812408
-0.6293665766716003 0.5427415370941162 -0.43853121995925903
-0.15475885570049286 -0.018621204420924187 -0.1052999421954155
-0.015378890559077263 0.35587629675865173 0.08215128630399704
-0.4103408455848694 -0.048111483454704285 0.15692192316055298
-0.34776338934898376 0.3767724335193634 -0.07009017467498779
-0.26172706484794617 0.1268903762102127 0.01569146104156971
-0.17668341100215912 0.3362557888031006 -0.1842346042394638
-0.31615063548088074 0.2011808305978775 0.005134895909577608
-0.7253226637840271 0.4943963587284088 0.24674227833747864
-0.406846284866333 0.08106563985347748 -0.21202372014522552
-0.4489048421382904 -0.2524357736110687 -0.19606523215770721
-0.34058812260627747 -0.019950009882450104 -0.20096801221370697
-0.3823956549167633 0.05720215290784836 -0.027376962825655937
-0.4501158893108368 -0.028973426669836044 0.004402338061481714
-0.47867733240127563 -0.1955142617225647 -0.738957941532135
-0.23667679727077484 0.2318131923675537 -0.09252310544252396
-0.29465243220329285 0.005195716395974159 0.18345987796783447
-0.3722546100616455 -0.004664967767894268 0.103842593729496
-0.1881186068058014 -0.037107910960912704 -0.4070972502231598
-0.11655928939580917 0.5058209300041199 0.16202931106090546
-0.5225284099578857 0.011679347604513168 -0.1476854383945465
0.05035126209259033 -0.00015166285447776318 -0.3673335909843445
-0.33277541399002075 -0.07033108174800873 -0.4276180565357208
-0.004898896906524897 -0.084884412586689 0.2781747579574585
0.12358435243368149 0.09475767612457275 -0.3101050853729248
-0.4030608534812927 0.08165374398231506 -0.2554154396057129
0.2228998839855194 -0.14072909951210022 -0.24376414716243744
-0.26423463225364685 0.35562294721603394 -0.14266233146190643
-0.22168928384780884 0.019684506580233574 -0.01916741020977497
-0.4998575747013092 -0.13291426002979279 0.08659679442644119
-0.4697612226009369 0.37337756156921387 -0.25270989537239075
-0.10501890629529953 0.31783851981163025 -0.16299320757389069
-0.26692330837249756 0.11306556314229965 0.2132508009672165
-0.3886358141899109 0.23664970695972443 -0.22029799222946167
-0.32663658261299133 0.276278018951416 0.05095905438065529
-0.3348125219345093 -0.04706603288650513 -0.025248073041439056
-0.31748974323272705 0.13554419577121735 -0.1004026010632515
-0.30683550238609314 -0.13475704193115234 -0.0020603116136044264
-0.26762130856513977 0.014976441860198975 -0.3005428612232208
0.15392619371414185 -0.14033110439777374 -0.3389033377170563
-0.30260223150253296 0.10147374123334885 -0.053610898554325104
-0.6221687197685242 0.23542922735214233 -0.048124104738235474
-0.24835647642612457 0.1841811090707779 0.05046449601650238
-0.20328544080257416 0.2143525779247284 -0.14295750856399536
-0.42226099967956543 -0.126993328332901 -0.014940271154046059
-0.1943334937095642 0.09486927092075348 -0.5578206181526184
-0.48239031434059143 0.3996919095516205 0.722300112247467
-0.33712220191955566 -0.4308249056339264 -0.26361849904060364
-0.158664271235466 0.012367887422442436 -0.0573711022734642
0.15987423062324524 0.13663466274738312 -0.13413016498088837
-0.28047817945480347 0.027452947571873665 -0.07627604901790619
0.30500030517578125 0.029363548383116722 -0.09497551620006561
-0.43197721242904663 0.27437031269073486 -0.3268818259239197
-0.21623465418815613 0.06814119219779968 -0.10308150202035904
-0.1679879128932953 0.24465829133987427 0.3219574987888336
-0.39045342803001404 0.17857961356639862 0.2504264712333679
-0.18303360044956207 -0.008182113990187645 -0.1121443435549736
-0.22716577351093292 0.20481786131858826 0.15487806499004364
-0.08398739993572235 0.22575722634792328 -0.07841765880584717
-0.4561145603656769 0.22731858491897583 -0.30761104822158813
-0.42130962014198303 0.30892738699913025 0.22632507979869843
-0.442776083946228 0.12131157517433167 0.005008833482861519
-0.21280187368392944 0.477010577917099 -0.10301323235034943
-0.29454872012138367 0.017245909199118614 -0.3862530291080475
-0.3917728364467621 0.31591853499412537 -0.22141508758068085
-0.3343503177165985 0.2803701162338257 0.17833982408046722
0.15880604088306427 0.2112124115228653 -0.27471938729286194
-0.3875865936279297 0.44286006689071655 -0.36456799507141113
-0.21876850724220276 0.06894072145223618 0.0055669876746833324
-0.37114790081977844 -0.11636102944612503 -0.28672802448272705
-0.2717832326889038 -0.09809703379869461 -0.06034179404377937
-0.3373100459575653 0.07012645900249481 0.08463786542415619
-0.23922444880008698 0.1693667322397232 -0.393038809299469
-0.5044920444488525 -0.03741876780986786 -0.5329448580741882
-0.3700803816318512 -0.031528472900390625 -0.11403792351484299
-0.2647242844104767 0.18576347827911377 -0.3450867235660553
-0.5642178654670715 0.38378435373306274 0.050754401832818985
-0.40112075209617615 -0.07043935358524323 0.08865901827812195
-0.3006940186023712 0.2729148864746094 0.05860728397965431
-0.34404829144477844 -0.06982384622097015 0.05648783594369888
-0.2952556312084198 -0.061848465353250504 -0.40777626633644104
-0.2658803462982178 0.12940365076065063 -0.23430800437927246
-0.2554520070552826 0.30771684646606445 0.12836410105228424
-0.6306756734848022 -0.07995285838842392 -0.612606406211853
-0.5225520730018616 -0.2479696422815323 -0.22703267633914948
-0.46779927611351013 0.36572158336639404 -0.2711458206176758
-0.2339845448732376 0.1052054613828659 -0.3326469957828522
-0.5153501033782959 0.051559027284383774 0.033913206309080124
-0.4001494348049164 0.11179545521736145 -0.16770657896995544
-0.4279862940311432 0.16260860860347748 0.31833985447883606
-0.16340062022209167 0.042537953704595566 0.038199931383132935
-0.7436245083808899 -0.11442366987466812 0.3777619004249573
-0.42338213324546814 -0.29287266731262207 -0.060136061161756516
-0.29578539729118347 -0.09044360369443893 -0.11189913004636765
-0.25839507579803467 -0.011337528005242348 0.18131279945373535
-0.30753111839294434 0.2911643385887146 0.15118952095508575
-0.44015976786613464 -0.43170100450515747 0.009080946445465088
-0.1330391764640808 -0.029973765835165977 -0.33431297540664673
-0.05443210154771805 0.25008630752563477 -0.05696159228682518
-0.30715370178222656 -0.3156345784664154 -0.2333756983280182
-0.43437615036964417 0.044708073139190674 0.36314013600349426
-0.37945154309272766 0.29893234372138977 -0.15118281543254852
-0.20801140367984772 0.37087059020996094 0.11750978976488113
-0.6556811928749084 0.07582240551710129 0.03894297033548355
-0.32048624753952026 0.5495789051055908 -0.077198825776577
-0.09558117389678955 0.046608224511146545 -0.32464462518692017
-0.4139976501464844 -0.25419458746910095 -0.003659452311694622
-0.3090355098247528 -0.08301687240600586 -0.2677169442176819
-0.2914077043533325 -0.1470506489276886 0.1650829166173935
-0.29250308871269226 0.28567734360694885 -0.10638586431741714
-0.3946603834629059 -0.09057220816612244 -0.047425176948308945
-0.357077419757843 -0.04921039566397667 0.042146842926740646
-0.04825146868824959 -0.06693941354751587 -0.4369177222251892
-0.38341182470321655 0.0346815288066864 -0.05422309413552284
-0.46558910608291626 -0.08021268993616104 -0.09386861324310303
-0.34592798352241516 -0.00434427335858345 -0.27732542157173157
-0.362326979637146 0.006782213691622019 -0.18226408958435059
-0.45017310976982117 0.010048352181911469 0.13676725327968597
-0.305326372385025 0.10987189412117004 -0.027043074369430542
-0.16399292647838593 0.06809842586517334 -0.12773649394512177
-0.3208908438682556 0.25062623620033264 -0.3667261004447937
-0.042064119130373 -0.32647058367729187 -0.08961666375398636
-0.2113145887851715 0.25172722339630127 -0.29063230752944946
0.165182426571846 -0.01316259615123272 -0.4808475375175476
-0.2840961217880249 0.057275671511888504 -0.28626659512519836
-0.3071625232696533 0.25444889068603516 -0.2588902711868286
-0.32061147689819336 -0.14349046349525452 -0.32948845624923706
-0.15971243381500244 0.21091292798519135 -0.18691475689411163
-0.1027933657169342 0.056862059980630875 -0.1886729747056961
-0.1522468477487564 0.02541816234588623 -0.3961677551269531
-0.22291548550128937 -0.20828846096992493 -0.04295862838625908
-0.07597068697214127 0.08338388800621033 -0.07640530914068222
-0.3027251064777374 0.2676966190338135 -0.1508798450231552
-0.43025854229927063 0.15089546144008636 -0.13558384776115417
-0.13851289451122284 0.0555594302713871 0.06466912478208542
-0.3556193709373474 0.25809162855148315 0.034183137118816376
-0.086870476603508 -0.09814427047967911 -0.24148215353488922
-0.2616671919822693 0.05225478112697601 -0.41115251183509827
-0.509153425693512 0.13140231370925903 0.022602397948503494
-0.24946901202201843 0.17127759754657745 0.21437187492847443
0.1633903682231903 -0.001052200561389327 -0.40704119205474854
-0.3121687173843384 0.180215984582901 0.015689564868807793
-0.4014146327972412 -0.008988117799162865 -0.10877452045679092
-0.4454038143157959 0.41732802987098694 0.009198082610964775
-0.8191130757331848 0.003060736693441868 0.11840206384658813
-0.12582524120807648 0.1834791600704193 -0.1697947233915329
-0.239100843667984 -0.01825629733502865 -0.09389157593250275
-0.3648936152458191 -0.15972065925598145 0.010892847552895546
-0.26132193207740784 -0.004781688097864389 -0.26643994450569153
-0.34514468908309937 0.41876426339149475 -0.06791350245475769
-0.45476630330085754 0.29230135679244995 -0.12944422662258148
-0.488322377204895 0.02350107580423355 -0.14661568403244019
-0.3327478766441345 -0.35303041338920593 0.14019176363945007
-0.2728814482688904 -0.013292351737618446 -0.06397613137960434
-0.43726789951324463 0.3477427065372467 -0.2834639549255371
-0.3582095801830292 0.032896969467401505 0.1182892769575119
-0.44264906644821167 -0.10388030856847763 0.03234865516424179
-0.4352394640445709 0.37704142928123474 -0.025821439921855927
-0.2852049469947815 0.006639355327934027 -0.043993838131427765
-0.06235581636428833 -0.2014106810092926 -0.2926400899887085
-0.3011069595813751 0.40545615553855896 -0.1948734074831009
-0.2646638751029968 -0.30259016156196594 -0.2827092111110687
-0.3639814257621765 -0.22841116786003113 -0.5477257370948792
-0.15799714624881744 -0.3173072338104248 -0.09294137358665466
-0.48427754640579224 0.052540745586156845 -0.226419135928154
-0.25299525260925293 0.23376797139644623 -0.35692837834358215
-0.04614625871181488 -0.07382679730653763 -0.038463301956653595
-0.2330782413482666 0.1607208400964737 -0.025383036583662033
-0.02020263671875 0.19180765748023987 -0.1811392903327942
-0.13492807745933533 0.24702376127243042 0.024340171366930008
-0.3190891444683075 -0.05530431121587753 -0.024460120126605034
-0.35350170731544495 -0.1943613439798355 -0.002978756558150053
-0.4867512583732605 0.07079271972179413 -0.11774026602506638
-0.4636150598526001 0.4115576148033142 -0.16166597604751587
-0.4195139408111572 -0.046882908791303635 0.09321422874927521
-0.3816395103931427 -0.08167941123247147 -0.1490943878889084
-0.11358089745044708 0.038688044995069504 -0.17001189291477203
-0.4230026304721832 0.039130330085754395 -0.1772228479385376
-0.3053411841392517 0.13530376553535461 -0.025276655331254005
0.09771351516246796 0.15227027237415314 -0.10777783393859863
-0.3911597728729248 0.02603130228817463 0.17698411643505096
-0.1980544626712799 -0.021629521623253822 -0.2862195074558258
-0.07373981177806854 0.006925748661160469 -0.11473649740219116
-0.5237331986427307 -0.16800953447818756 0.06856968998908997
-0.013616440817713737 -0.10568688809871674 -0.23362356424331665
-0.49937787652015686 0.0622105598449707 -0.08033698797225952
-0.3059235215187073 0.001040854025632143 -0.4589499235153198
-0.43369829654693604 0.1564997136592865 -0.131219282746315
-0.44446685910224915 0.24882104992866516 -0.48476913571357727
-0.4327976107597351 0.12202171236276627 0.19580496847629547
-0.6431659460067749 0.18112042546272278 -0.22725139558315277
-0.19832830131053925 -0.04442448914051056 -0.04751632362604141
-0.3458788990974426 0.2488725334405899 -0.35374557971954346
-0.24459975957870483 0.29650065302848816 -0.1142716035246849
-0.3997614085674286 0.31880345940589905 0.45675548911094666
-0.32553425431251526 0.3273763656616211 0.2120274156332016
-0.06360971182584763 0.24792525172233582 0.006845060735940933
-0.28223279118537903 0.3198513090610504 -0.025185752660036087
-0.41085320711135864 -0.08236897736787796 0.07154868543148041
0.04266127571463585 0.1752736121416092 -0.13906966149806976
-0.30013149976730347 0.04770602658390999 -0.14300914108753204
-0.2643396556377411 -0.041988469660282135 -0.14792299270629883
-0.22587834298610687 0.3778165578842163 -0.09025373309850693
-0.2779915928840637 0.3494517207145691 -0.017499061301350594
-0.15785358846187592 0.3839165270328522 -0.186538428068161
-0.24546393752098083 -0.008090464398264885 0.03951207175850868
-0.4110991358757019 -0.07897190749645233 -0.1706952154636383
-0.38652798533439636 0.004793811589479446 0.02849400043487549
-0.222978875041008 0.1340520977973938 -0.04520183801651001
-0.41800761222839355 -0.02454293891787529 0.09557799249887466
-0.34283021092414856 -0.14239493012428284 -0.09635332226753235
-0.3078394830226898 0.22966702282428741 -0.1390165537595749
-0.29486480355262756 0.2646785080432892 -0.11775052547454834
-0.495545357465744 0.11596985161304474 -0.3107171952724457
-0.2559138834476471 0.005553595721721649 0.08484362810850143
-0.2686312794685364 -0.0007282749284058809 -0.018669217824935913
-0.34395402669906616 -0.03682534396648407 0.3032762110233307
-0.31003260612487793 -0.2144019901752472 -0.10664251446723938
-0.21807517111301422 0.22108787298202515 0.0967087596654892
-0.47903865575790405 0.3232998847961426 -0.4466305375099182
-0.14228591322898865 0.05108750984072685 -0.1574137806892395
-0.4153796434402466 0.11382846534252167 -0.3201806843280792
-0.3025432527065277 0.016976218670606613 -0.25948366522789
-0.18864591419696808 0.06478588283061981 -0.1669677346944809
-0.21424585580825806 -0.15305307507514954 -0.1358397901058197
-0.14031600952148438 0.24375593662261963 -0.1803334802389145
-0.3373359739780426 -0.11235175281763077 0.004655241500586271
-0.5230003595352173 0.2672556936740875 -0.11926913261413574
-0.12860581278800964 0.15071359276771545 -0.4147951900959015
-0.04534861072897911 -0.2730443477630615 -0.04622316733002663
-0.44706830382347107 0.04576141759753227 0.08684693276882172
-0.46662166714668274 -0.08058874309062958 0.06736180186271667
-0.28917673230171204 0.25974807143211365 0.249333918094635
-0.09496185183525085 -0.18409955501556396 -0.3635132312774658
-0.29547375440597534 0.24485433101654053 0.011597011238336563
-0.2858491837978363 0.31725889444351196 -0.2537217438220978
-0.5209617614746094 0.3037356734275818 -0.33031100034713745
-0.40512198209762573 -0.1551181972026825 -0.061145368963479996
-0.3887255787849426 0.08374892175197601 -0.043661464005708694
-0.6494961380958557 0.3263004422187805 -0.34128355979919434
-0.12656597793102264 0.04754376411437988 -0.21310992538928986
-0.07354440540075302 0.006832451093941927 -0.21403340995311737
-0.30492934584617615 0.21518918871879578 -0.024501971900463104
-0.4194355309009552 0.09109927713871002 -0.14241746068000793
-0.15926434099674225 -0.33133333921432495 -0.3796049952507019
-0.2577493488788605 0.22359764575958252 -0.10741055756807327
-0.6101288199424744 0.5185752511024475 -0.13083481788635254
-0.5389536619186401 -0.1999170482158661 0.04752935469150543
-0.009998027235269547 -0.13876351714134216 -0.06713976711034775
-0.3039437234401703 0.1008962020277977 -0.07603626698255539
-0.12276402860879898 0.18589282035827637 0.04566512256860733
-0.2186656892299652 0.16620023548603058 0.04327511042356491
0.18463318049907684 0.08072420209646225 0.041613612323999405
-0.3316913843154907 0.05333344638347626 0.21593022346496582
-0.36233529448509216 0.2539913058280945 -0.3764714300632477
-0.3647115230560303 0.3011381924152374 -0.1112394779920578
-0.4742242991924286 0.05191495642066002 -0.39841416478157043
-0.36637020111083984 -0.10373146831989288 -0.3089090585708618
-0.5805396437644958 0.18090654909610748 -0.16712424159049988
-0.29792049527168274 -0.1949775218963623 -0.21852606534957886
0.40474897623062134 0.1335473507642746 -0.0781080424785614
-0.2951101064682007 0.1027999222278595 -0.26898011565208435
-0.07539404183626175 -0.09439516812562943 -0.5706049799919128
-0.16959530115127563 0.2834241986274719 0.27754464745521545
-0.055561363697052 0.2498808056116104 -0.366441547870636
-0.37682241201400757 0.23940509557724 0.15897025167942047
-0.04552698880434036 -0.20680230855941772 -0.09409168362617493
-0.30741453170776367 -0.43393561244010925 0.09686632454395294
-0.3259211778640747 -0.17382405698299408 -0.049120765179395676
-0.010280396789312363 -0.3295687437057495 0.14811404049396515
-0.3298163414001465 -0.018430018797516823 -0.30775129795074463
-0.3718506097793579 0.3181643784046173 -0.021057695150375366
-0.47207802534103394 0.19941601157188416 -0.4631316363811493
-0.09578870236873627 0.05570041760802269 -0.09540218859910965
-0.26880383491516113 0.07895664125680923 -0.10449227690696716
-0.30306386947631836 -0.05564921349287033 -0.11294381320476532
-0.58576500415802 0.1149335727095604 -0.3935042917728424
-0.015927819535136223 0.34509241580963135 0.03435859456658363
-0.2531713545322418 -0.1688898354768753 0.013917727395892143
-0.18380206823349 -0.015305658802390099 -0.3934876322746277
0.16640491783618927 0.18627935647964478 0.060426969081163406
0.06902217119932175 -0.05077507719397545 -0.24372345209121704
-0.28493374586105347 0.1962820440530777 0.1796305924654007
-0.22514618933200836 -0.04292168468236923 -0.22163625061511993
-0.33609721064567566 0.0349273681640625 0.09954802691936493
-0.35252058506011963 0.14234432578086853 0.2592465579509735
-0.17389419674873352 -0.16930553317070007 -0.025680774822831154
-0.3599875271320343 -0.034463632851839066 0.00964944064617157
-0.511591911315918 0.21720047295093536 0.27203068137168884
-0.6539040207862854 0.42305850982666016 -0.2039494663476944
-0.2810039520263672 -0.03648750111460686 -0.29287832975387573
-0.2325133979320526 -0.05984845384955406 -0.4443759322166443
-0.36911287903785706 0.2596656084060669 -0.34273239970207214
-0.3963003158569336 0.16928352415561676 -0.16491642594337463
-0.4860493242740631 0.05301440879702568 -0.20593926310539246
-0.3407405614852905 0.20992155373096466 -0.22602321207523346
-0.35835757851600647 -0.12316262722015381 -0.227037712931633
-0.13624019920825958 0.22355079650878906 0.019812842831015587
-0.09834600985050201 -0.1974404901266098 -0.06393348425626755
-0.47596046328544617 0.05810391902923584 -0.13932260870933533
-0.34159576892852783 0.320147842168808 -0.22176501154899597
-0.24411404132843018 0.21368972957134247 0.08467604219913483
-0.13275182247161865 0.05139945447444916 -0.3592067360877991
-0.23007333278656006 -0.08445215970277786 0.035731468349695206
-0.060824740678071976 0.0899398997426033 -0.020702039822936058
-0.11135973781347275 0.10508973151445389 -0.2578044831752777
-0.32489654421806335 -0.11862867325544357 -0.11486118286848068
-0.547092854976654 0.20553293824195862 -0.06289366632699966
-0.30861392617225647 0.3949683904647827 0.25881141424179077
-0.12487072497606277 -0.055271755903959274 -0.46760374307632446
-0.4860706329345703 0.2868519425392151 -0.04179554060101509
-0.011842263862490654 0.20575721561908722 0.035225093364715576
-0.2838909327983856 -0.010107722133398056 -0.17616933584213257
-0.2326776087284088 0.3020254075527191 -0.26490768790245056
-0.22774957120418549 0.17497429251670837 0.003068914171308279
-0.12792305648326874 0.08511900901794434 -0.2970403730869293
-0.18563604354858398 -0.0800822377204895 0.1951744258403778
-0.20474882423877716 0.052704669535160065 -0.16761861741542816
-0.37277472019195557 -0.1990167498588562 -0.119107685983181
-0.555982232093811 0.2984091341495514 -0.37760138511657715
-0.30955344438552856 0.3356166183948517 -0.16381917893886566
-0.7359180450439453 0.40670323371887207 -0.05434482917189598
-0.420378714799881 0.01804948039352894 0.0648457333445549
-0.06335830688476562 -0.2505793869495392 -0.16267409920692444
-0.4168446362018585 -0.0021786491852253675 -0.014272874221205711
-0.4973813593387604 0.3019278943538666 0.0501859076321125
-0.23623493313789368 0.24944214522838593 -0.022067628800868988
-0.47741714119911194 0.2946266829967499 -0.143604576587677
-0.16469596326351166 0.26118749380111694 -0.04758184030652046
-0.10773778706789017 -0.09164120256900787 0.08319617807865143
-0.10715742409229279 -0.07867518067359924 -0.2986980080604553
-0.1211031824350357 -0.008724620565772057 -0.5403149724006653
-0.09659355878829956 0.14818407595157623 -0.029302652925252914
-0.5099326372146606 0.3358171582221985 -0.21987523138523102
-0.10274440050125122 0.6244283318519592 0.24865224957466125
0.07969901710748672 -0.06565684080123901 -0.02400723658502102
-0.20868012309074402 0.14654541015625 -0.04454811289906502
-0.4294676184654236 0.11495910584926605 -0.11405804008245468
-0.09839089959859848 0.12864606082439423 -0.210089772939682
-0.473965048789978 0.2850671112537384 0.03635285794734955
-0.2620910704135895 0.10467565804719925 -0.08617524057626724
-0.601058304309845 0.0738336443901062 -0.08848309516906738
-0.4223702549934387 0.3293580412864685 -0.07474328577518463
-0.3088650107383728 0.2691614031791687 -0.3461444079875946
-0.5234259366989136 0.5250798463821411 -0.08793932944536209
-0.4361841380596161 0.20117782056331635 0.5106621384620667
-0.03549318388104439 -0.19498413801193237 -0.06724201142787933
-0.6010856628417969 -0.028042485937476158 -0.18664979934692383
-0.23246006667613983 -0.06420104950666428 -0.12614332139492035
-0.4458366334438324 0.01973108947277069 -0.0013574392069131136
-0.309321790933609 0.054951563477516174 -0.1253533512353897
-0.4154837727546692 -0.12182563543319702 0.032637253403663635
-0.5292013883590698 0.14779336750507355 -0.10210101306438446
-0.27613863348960876 0.13029013574123383 -0.3057759404182434
-0.46770578622817993 0.14377443492412567 -0.020489854738116264
-0.4958198368549347 0.39213821291923523 -0.321608304977417
-0.41186508536338806 0.08364740759134293 -0.18768829107284546
-0.3170408010482788 -0.05243547633290291 -0.26151078939437866
-0.41520050168037415 0.4057549834251404 0.5345852375030518
-0.16980525851249695 0.16081593930721283 -0.19028964638710022
-0.15824824571609497 0.26862236857414246 -0.03331274166703224
-0.1576084941625595 -0.020229283720254898 -0.22865717113018036
-0.1772560030221939 -0.2691204249858856 -0.04219124838709831
-0.3206627070903778 0.1265466809272766 -0.20126882195472717
-0.3206242024898529 0.39866507053375244 -0.0674339160323143
-0.2708188593387604 0.05454930290579796 0.15086305141448975
-0.07276488840579987 0.38177958130836487 0.45913681387901306
-0.48672011494636536 0.023228196427226067 0.06805087625980377
-0.6372568011283875 -0.05682391673326492 -0.3726908266544342
-0.22475866973400116 -0.04492542892694473 -0.11261595785617828
-0.26141929626464844 0.03757384419441223 -0.059074755758047104
-0.554578959941864 0.3397442102432251 -0.21291224658489227
-0.3160229027271271 0.3028639554977417 -0.08884485065937042
-0.1647251397371292 0.02638077177107334 -0.28413552045822144
-0.08156558126211166 0.2520476281642914 0.10712039470672607
-0.29612642526626587 -0.06297142803668976 0.10059526562690735
-0.44295600056648254 -0.08570223301649094 -0.3173671066761017
-0.21619531512260437 0.41913488507270813 -0.05787881836295128
-0.39706405997276306 0.01773023046553135 -0.009707044810056686
-0.2988176941871643 0.18352939188480377 0.25938284397125244
-0.04381207749247551 0.25204548239707947 -0.05784815922379494
-0.13597851991653442 0.32792192697525024 -0.05360347777605057
-0.5178474187850952 -0.12733203172683716 -0.07531483471393585
-0.14432670176029205 0.4699627459049225 -0.12416736036539078
-0.3362122178077698 0.15903204679489136 -0.11861521005630493
-0.22350722551345825 0.2810388207435608 -0.09201640635728836
-0.08270206302404404 0.40469926595687866 0.02889326959848404
-0.22301922738552094 -0.1854742467403412 -0.0817650705575943
-0.21175530552864075 0.14455531537532806 0.008452145382761955
-0.24738164246082306 0.3492937386035919 -0.13014785945415497
-0.3282589912414551 -0.3151733875274658 0.2067139744758606
-0.08249209821224213 -0.20392370223999023 0.022035984322428703
-0.3688878118991852 0.0179922915995121 0.008135013282299042
-0.4802209138870239 -0.1285422146320343 0.014952301979064941
-0.19451531767845154 -0.028048938140273094 -0.5065053105354309
0.1266089528799057 0.05142704397439957 -0.4351544976234436
-0.20653553307056427 -0.06106816604733467 -0.06935209035873413
-0.2501717805862427 -0.023819545283913612 -0.2538573145866394
-0.5305156111717224 0.04358762875199318 0.021865179762244225
-0.2289765179157257 0.039452504366636276 -0.10359923541545868
-0.39543411135673523 0.18082867562770844 -0.17407441139221191
-0.2962101995944977 0.17242619395256042 -0.0382622629404068
-0.2880893051624298 -0.23732499778270721 -0.24687114357948303
-0.21504610776901245 0.30005013942718506 -0.15114785730838776
-0.4812704622745514 0.33640098571777344 0.031015992164611816
-0.5279924869537354 0.2849465608596802 -0.0598829984664917
-0.24495361745357513 0.17691902816295624 -0.25428134202957153
-0.25521421432495117 -0.04380716755986214 -0.3074389100074768
0.0983312651515007 -0.052685923874378204 -0.07672299444675446
0.1559639871120453 -0.03643309697508812 -0.1361011266708374
-0.0985097885131836 0.12307900935411453 -0.12184308469295502
-0.7091712355613708 0.2486279457807541 -0.21002347767353058
-0.054461073130369186 0.3315635621547699 -0.21647608280181885
-0.2458958625793457 0.17533814907073975 -0.5352626442909241
-0.17910923063755035 0.25641924142837524 -0.08139350265264511
-0.5934735536575317 0.3054685592651367 -0.1914617121219635
-0.5304163098335266 0.3839573562145233 0.43552884459495544
-0.3888334333896637 0.04125652089715004 -0.08390674740076065
-0.3829208016395569 -0.18531647324562073 -0.06289764493703842
-0.5133638978004456 -0.09118641912937164 -0.15566694736480713
-0.39525118470191956 0.20655542612075806 -0.11523954570293427
-0.47820279002189636 0.4726695716381073 0.1391127109527588
-0.29009124636650085 0.05490943789482117 -0.12277453392744064
-0.5915801525115967 0.2881104052066803 -0.10552551597356796
-0.09225445240736008 -0.03962891921401024 -0.12789973616600037
-0.36521199345588684 0.20232446491718292 0.12276048213243484
-0.39466777443885803 -0.048123616725206375 -0.6335183382034302
-0.24455685913562775 0.13159140944480896 -0.01643628068268299
-0.09110996127128601 0.23531557619571686 -0.2608766257762909
-0.4439612329006195 0.02732372097671032 0.013389544561505318
-0.19053488969802856 -0.05135954171419144 -0.09659712761640549
-0.39387068152427673 0.339221715927124 -0.18674027919769287
-0.41327595710754395 0.04989238083362579 -0.3451244831085205
0.00293876975774765 0.2932725250720978 -0.07941283285617828
-0.036370083689689636 0.6096950173377991 0.45262226462364197
0.11908075213432312 0.2290046364068985 -0.03328770026564598
-0.15962304174900055 0.28457415103912354 0.1100618988275528
-0.39380770921707153 0.4868902862071991 -0.015097452327609062
-0.07831691205501556 0.03380558267235756 -0.026249025017023087
-0.010314196348190308 0.22524432837963104 -0.12757427990436554
-0.31940510869026184 0.2536858320236206 -0.07098305225372314
-0.3111196756362915 0.3102249503135681 -0.21380162239074707
-0.2987842559814453 0.4498758018016815 0.20729655027389526
-0.3312504291534424 0.031953684985637665 -0.10389090329408646
-0.24713310599327087 0.2266942411661148 -0.16320845484733582
0.011201377958059311 0.15270383656024933 -0.23600657284259796
-0.38138407468795776 0.053227394819259644 -0.09888302534818649
-0.4566570818424225 0.12044060975313187 -0.0682571679353714
-0.20954619348049164 -0.06295144557952881 0.03331662714481354
-0.35801586508750916 0.3542349934577942 0.5452643036842346
-0.2487426996231079 -0.0665106326341629 -0.17608630657196045
-0.3162219524383545 0.007168636191636324 -0.06014803797006607
-0.3352159559726715 0.2995595335960388 -0.20458984375
-0.30951806902885437 -0.24526913464069366 0.05278465524315834
-0.4376579225063324 0.39055734872817993 0.20253682136535645
-0.25420913100242615 -0.5225182175636292 -0.06759732961654663
-0.007976368069648743 0.18152335286140442 -0.14039413630962372
-0.31652677059173584 -0.3014265298843384 -0.11471589654684067
-0.685291051864624 0.5012019276618958 0.07840840518474579
-0.08887799829244614 -0.11868757754564285 -0.2020961493253708
-0.029118845239281654 -0.11068017780780792 -0.17415527999401093
-0.20947489142417908 0.2848033010959625 -0.07608509063720703
-0.1371287852525711 0.002093810122460127 -0.018839716911315918
-0.40523993968963623 -0.07091840356588364 -0.19589371979236603
-0.1166195496916771 0.14617744088172913 -0.22520840167999268
-0.33946651220321655 0.0207186471670866 -0.3463088572025299
-0.4322185218334198 -0.312412828207016 0.12788070738315582
-0.2429751306772232 -0.05828128755092621 0.024662522599101067
-0.24981963634490967 0.3217189311981201 0.10495339334011078
-0.29556575417518616 0.49433860182762146 0.40261366963386536
-0.22326388955116272 0.2039417177438736 -0.16274012625217438
-0.3399524688720703 0.07336607575416565 -0.30693361163139343
-0.33167901635169983 0.02871302142739296 -0.08193440735340118
-0.46339836716651917 0.15323664247989655 0.039852824062108994
-0.5197130441665649 0.3206735849380493 -0.038888704031705856
-0.5215557217597961 -0.01987074874341488 0.03781553730368614
-0.4624056816101074 0.21592755615711212 -0.23533575236797333
-0.2980467677116394 0.3096069097518921 -0.1069464236497879
-0.23490406572818756 0.27900978922843933 0.3294532001018524
-0.026158228516578674 0.5355145335197449 0.3391347825527191
-0.38998687267303467 -0.31298550963401794 0.15521052479743958
-0.2325819879770279 0.21288229525089264 -0.07804787904024124
-0.4517122507095337 -0.07820551842451096 -0.18571637570858002
-0.08781564235687256 0.06455590575933456 -0.16779835522174835
0.08094987273216248 0.26036080718040466 -0.07068779319524765
-0.4062551259994507 -0.1770225465297699 -0.147071972489357
-0.20908911526203156 0.08357912302017212 -0.025351393967866898
-0.1082349494099617 -0.15766531229019165 -0.28701043128967285
-0.2471364289522171 0.16962341964244843 0.13594156503677368
-0.39551061391830444 0.02892555110156536 -0.35558924078941345
-0.17866288125514984 0.19540847837924957 -0.13220995664596558
0.016952378675341606 -0.021585389971733093 -0.4057409167289734
-0.4001234769821167 -0.2305254191160202 0.07207479327917099
-0.4222462475299835 0.18765880167484283 0.44484665989875793
-0.028204193338751793 -0.1113019660115242 -0.22273693978786469
-0.5564611554145813 0.1746188849210739 0.16642192006111145
-0.08613327890634537 0.2190714180469513 -0.10454611480236053
-0.2546500265598297 0.176127627491951 0.062083736062049866
-0.6542739272117615 -0.019786803051829338 0.1283160299062729
-0.5311597585678101 0.3710739314556122 -0.2775302827358246
-0.30566465854644775 0.30191564559936523 -0.29424071311950684
-0.4063461124897003 0.22971634566783905 -0.23706510663032532
-0.08011786639690399 0.21052733063697815 -0.07069488614797592
-0.2893574833869934 -0.2046148180961609 0.08979625254869461
-0.011304065585136414 -0.18837714195251465 -0.17675042152404785
0.08858959376811981 -0.13801874220371246 0.049018971621990204
-0.3585088551044464 -0.19899407029151917 0.0012330575846135616
-0.23796197772026062 -0.00657289894297719 0.11862502992153168
-0.14887310564517975 -0.20345544815063477 -0.652843177318573
-0.129710853099823 0.07790493220090866 -0.052335456013679504
-0.3373018503189087 -0.2563299834728241 0.08170606195926666
-0.2190452516078949 0.06582367420196533 -0.20478834211826324
-0.15241822600364685 0.30899202823638916 0.21134603023529053
0.01724199950695038 0.16763542592525482 -0.03691049665212631
-0.4666355550289154 0.07638746500015259 -0.07066933810710907
-0.2949221134185791 0.00088193838018924 -0.10561137646436691
-0.18850263953208923 -0.03912107273936272 0.3967365026473999
-0.3084162175655365 0.1677321493625641 -0.214877188205719
-0.2616916298866272 0.3963760733604431 0.18269017338752747
-0.0008646044880151749 0.23907044529914856 -0.026510238647460938
-0.09864339977502823 0.21886755526065826 -0.27946168184280396
-0.5670079588890076 0.3695054054260254 -0.11726032942533493
-0.644961953163147 0.14009423553943634 0.13722258806228638
-0.49310025572776794 -0.17901024222373962 -0.019370192661881447
-0.2907881736755371 0.3300893008708954 0.13350489735603333
-0.03894253075122833 -0.22608493268489838 -0.06446954607963562
-0.11735200136899948 0.02407352440059185 -0.20214107632637024
-0.43527576327323914 -0.02608136087656021 -0.14396682381629944
-0.44049927592277527 0.011554349213838577 -0.18651093542575836
-0.20803602039813995 -0.21662524342536926 -0.3437563478946686
-0.19722768664360046 -0.04897702857851982 -0.029995350167155266
-0.10418210178613663 0.10732084512710571 -0.19270645081996918
-0.5167393684387207 -0.24035896360874176 0.07144153118133545
-0.24814215302467346 0.28050774335861206 0.10166529566049576
-0.17229647934436798 -0.00496912794187665 -0.18706220388412476
0.028563912957906723 -0.03806139901280403 -0.0612032450735569
-0.6671385765075684 0.445008248090744 -0.12107120454311371
-0.3997396230697632 0.18993739783763885 -0.43112626671791077
-0.4102960526943207 0.11065542697906494 -0.15128958225250244
-0.4355242848396301 0.2864837944507599 0.002713216235861182
-0.6972429156303406 0.32402002811431885 -0.2577502131462097
-0.27896419167518616 -0.003628370352089405 -0.5058961510658264
-0.0701286569237709 0.0012624816736206412 0.07097949087619781
-0.10737033188343048 0.29979416728019714 -0.13388121128082275
-0.344992071390152 0.18024912476539612 -0.09269630163908005
-0.28691473603248596 0.009487457573413849 -0.6615650653839111
-0.2252473533153534 -0.020768797025084496 -0.3225660026073456
-0.44287729263305664 0.016847912222146988 -0.0541490875184536
-0.20136702060699463 0.38193976879119873 0.34332728385925293
-0.2980648875236511 0.40803292393684387 -0.08045574277639389
-0.17249324917793274 0.39278531074523926 -0.035402070730924606
-0.590061366558075 0.2570335865020752 0.05240999162197113
-0.3739704489707947 0.40278899669647217 -0.18185986578464508
-0.451696515083313 -0.0678621158003807 0.004853543825447559
-0.29784703254699707 0.14845021069049835 -0.1674683392047882
-0.3326784074306488 -0.006709287408739328 -0.23662510514259338
-0.38208431005477905 -0.2746453285217285 -0.46499696373939514
-0.5336936116218567 -0.18479245901107788 0.0007380439201369882
-0.4076063334941864 -0.12027964740991592 0.19246749579906464
-0.0701032429933548 0.0704241693019867 -0.30383315682411194
-0.33460256457328796 0.09021676331758499 -0.06128475442528725
-0.21597780287265778 -0.10572082549333572 0.07469998300075531
-0.2092505395412445 0.045081011950969696 0.022643771022558212
-0.3063339293003082 0.2746776044368744 -0.0530710443854332
-0.27854350209236145 0.06170741841197014 -0.06488434970378876
-0.39202114939689636 0.37813717126846313 -0.20589877665042877
-0.07676645368337631 -0.016973214223980904 -0.11772572994232178
-0.06466248631477356 -0.029050305485725403 -0.0806933119893074
-0.3293241560459137 0.015684474259614944 0.1838996261358261
-0.3558347523212433 0.2688796818256378 -0.4045080542564392
-0.16335828602313995 0.10847990214824677 -0.10403934121131897
-0.22125373780727386 0.0387505404651165 -0.1226709708571434
-0.2614748775959015 -0.09189987927675247 0.04936140403151512
-0.0967763289809227 0.22541867196559906 0.047593485563993454
-0.24203941226005554 -0.2683054506778717 0.13289934396743774
-0.1458050161600113 -0.5627110004425049 -0.7873819470405579
-0.09401346743106842 0.17969383299350739 -0.10398189723491669
-0.4455690383911133 -0.10441356152296066 0.12050005793571472
-0.1362527459859848 -0.15157660841941833 -0.07190196216106415
-0.5877735018730164 -0.1851114183664322 -0.07952354103326797
-0.7645999193191528 -0.1313268393278122 -0.04099010303616524
-0.33717262744903564 0.21223244071006775 -0.2958422899246216
-0.34307998418807983 0.1493110954761505 -0.4040946662425995
-0.27173399925231934 -0.106829434633255 -0.042171064764261246
0.07176867127418518 0.015087440609931946 -0.18463966250419617
-0.3411819636821747 0.19613786041736603 -0.20217180252075195
-0.13692308962345123 -0.11736365407705307 -0.13706792891025543
-0.037459395825862885 -0.39995500445365906 -0.3927801847457886
-0.6073765754699707 -0.04501188546419144 -0.13959449529647827
-0.15565505623817444 0.2771240770816803 -0.01953952945768833
-0.10240315645933151 -0.18935707211494446 -0.3472018241882324
-0.025004735216498375 0.09249342232942581 -0.194520503282547
-0.1475641131401062 -0.10763236880302429 -0.47526443004608154
-0.4589754641056061 0.34833434224128723 -0.21746067702770233
-0.3556760549545288 -0.3350021541118622 -0.5005877614021301
-0.5260356664657593 0.3375946283340454 -0.12614980340003967
-0.3175075948238373 0.2185606211423874 -0.2035922259092331
-0.19123904407024384 0.1352279782295227 -0.33373475074768066
-0.19556748867034912 0.1046675369143486 0.21202580630779266
-0.17761307954788208 -0.01762840524315834 -0.016679326072335243
-0.28760817646980286 0.342792272567749 -0.221716970205307
-0.5721795558929443 0.1127200499176979 -0.13530559837818146
0.07693483680486679 0.005143292248249054 -0.13539575040340424
-0.3932051360607147 0.34943580627441406 -0.18693938851356506
-0.23011080920696259 0.35998690128326416 0.26602649688720703
-0.047669269144535065 0.33219724893569946 0.5365380048751831
-0.32844576239585876 0.31148040294647217 -0.20648479461669922
-0.3854544758796692 0.33001700043678284 -0.17803487181663513
-0.40220391750335693 0.01691855676472187 -0.0013670651242136955
-0.2378896325826645 0.2660645842552185 -0.16165491938591003
-0.20654335618019104 0.24441778659820557 -0.33476266264915466
-0.35219141840934753 0.020901517942547798 0.23004969954490662
-0.0911765843629837 -0.06112899258732796 0.015415996313095093
-0.25587835907936096 0.21654756367206573 -0.23630857467651367
-0.0898919552564621 -0.5228331089019775 -0.12322178483009338
-0.6682929396629333 -0.04258820042014122 -0.0014802329242229462
-0.03846749663352966 -0.0902557522058487 -0.22927148640155792
-0.32868725061416626 -0.009649673476815224 -0.09476449340581894
-0.1809930056333542 0.24405983090400696 0.27111807465553284
-0.4554409682750702 -0.18382255733013153 0.2533015310764313
-0.2766360342502594 0.1584487408399582 -0.16857784986495972
-0.21533240377902985 0.22282858192920685 -0.16721588373184204
-0.2579606771469116 0.12405791133642197 -0.08351767063140869
-0.17833903431892395 0.4876368045806885 -0.11058017611503601
-0.2206619828939438 0.07066420465707779 0.0067279040813446045
-0.2754817306995392 0.09026624262332916 -0.04665522277355194
-0.26696500182151794 0.415722519159317 0.32046258449554443
-0.13481464982032776 0.4603850543498993 -0.17168587446212769
-0.5022073984146118 0.13503636419773102 -0.0894254595041275
-0.41060569882392883 -0.03985296189785004 0.03639494627714157
-0.24468684196472168 -0.2794622480869293 -0.10200534760951996
-0.021300766617059708 0.13593848049640656 -0.15531910955905914
-0.3593994081020355 0.5473966002464294 0.13290847837924957
-0.06212595850229263 0.25310972332954407 0.03899837285280228
-0.3320719003677368 -0.057155217975378036 -0.11038556694984436
-0.4298364520072937 0.17788462340831757 -0.3481123149394989
-0.3291066586971283 -0.01262660138309002 0.05770833045244217
-0.42813044786453247 -0.17781589925289154 -0.052780646830797195
-0.22907979786396027 0.253040075302124 0.24133501946926117
-0.37598398327827454 0.353095144033432 -0.21115636825561523
-0.24521216750144958 0.07060939073562622 -0.061303507536649704
-0.30876654386520386 -0.07879528403282166 0.12015867978334427
-0.26408129930496216 0.11397282034158707 -0.2507811188697815
-0.37405818700790405 0.10588161647319794 -0.1181107759475708
-0.47336384654045105 0.36846768856048584 -0.1105622798204422
-0.186214879155159 -0.11615938693284988 -0.4750537872314453
-0.25252044200897217 0.2779260575771332 -0.14297479391098022
-0.1986446976661682 0.2624838352203369 0.2866549491882324
-0.3331781327724457 -0.1233348473906517 -0.557616114616394
-0.10170499235391617 0.22390250861644745 -0.31879812479019165
-0.22994449734687805 0.23553913831710815 -0.28849664330482483
-0.3490489721298218 0.033941902220249176 -0.1435846984386444
-0.24252039194107056 0.43869268894195557 -0.0976487472653389
-0.17195311188697815 0.2618277668952942 -0.4483446478843689
-0.1836034208536148 -0.17949335277080536 -0.3789744973182678
-0.15038946270942688 0.2623715400695801 -0.3692651391029358
-0.47707515954971313 0.010529724881052971 0.009956294670701027
-0.10647030174732208 -0.1260216385126114 0.004468259401619434
-0.31695452332496643 0.1826126128435135 -0.2420320063829422
-0.35615161061286926 0.09442425519227982 -0.17936772108078003
-0.13536792993545532 -0.02706773206591606 0.11814739555120468
-0.5912833213806152 0.37483471632003784 -0.2663162350654602
-0.2767427861690521 0.2093421071767807 -0.21143291890621185
-0.8569011092185974 0.4140675663948059 -0.3421112895011902
-0.7222702503204346 0.017839662730693817 -0.03757721558213234
-0.6895434260368347 0.21331174671649933 0.22836458683013916
-0.3012520968914032 -0.10952305048704147 0.07120421528816223
-0.1820925623178482 0.3632587492465973 -0.06335596740245819
-0.39728909730911255 0.39384138584136963 -0.303182989358902
-0.0565701425075531 0.33807235956192017 -0.19307735562324524
-0.28748562932014465 0.011829856783151627 0.2934935688972473
-0.4629685580730438 0.07945739477872849 0.035779159516096115
-0.3478699326515198 0.03710797056555748 -0.3536108732223511
-0.41846317052841187 0.034417524933815 -0.3321899473667145
0.04269351810216904 -0.4532008767127991 -0.0864705964922905
-0.28100356459617615 -0.14361174404621124 -0.06497424095869064
-0.2415928989648819 0.10173430293798447 0.020070627331733704
-0.4749599099159241 0.3676772713661194 -0.031960245221853256
-0.22820724546909332 -0.19137294590473175 -0.11933653801679611
-0.39392969012260437 0.19820058345794678 0.16710172593593597
-0.34507614374160767 -0.183045893907547 0.1849445253610611
-0.35567450523376465 0.19152340292930603 -0.2545633018016815
-0.4983489215373993 0.40441176295280457 -0.09469377249479294
-0.330637127161026 0.2946307063102722 -0.24179770052433014
-0.18701158463954926 -0.045098330825567245 -0.34428122639656067
-0.1705002784729004 -0.22418873012065887 -0.3836122453212738
-0.343772292137146 -0.175907701253891 -0.16055893898010254
-0.32543444633483887 -0.10657864063978195 -0.198906809091568
-0.419807106256485 -0.0492684543132782 0.03438909724354744
-0.20091594755649567 0.3024653494358063 -0.2647314667701721
-0.16394001245498657 -0.17639538645744324 0.07289285212755203
-0.3578788638114929 -0.6547888517379761 -0.44136887788772583
-0.10712680965662003 0.1415633261203766 -0.11039318144321442
-0.17110300064086914 0.05913175269961357 0.41310635209083557
-0.2712539732456207 -0.027804652228951454 -0.19266024231910706
-0.5678244829177856 0.22263017296791077 -0.16751602292060852
0.02177298627793789 -0.14517253637313843 -0.4039282202720642
-0.46541720628738403 0.3789248466491699 0.2593063414096832
-0.15432870388031006 0.05210467427968979 -0.16521084308624268
-0.428172767162323 -0.186141699552536 0.30249693989753723
-0.39691582322120667 -0.1626695841550827 -0.14932377636432648
-0.5602200031280518 0.04905838519334793 0.11357813328504562
-0.29604220390319824 0.10352954268455505 -0.09287182986736298
-0.19117572903633118 0.01772170700132847 -0.25774407386779785
-0.13575927913188934 0.17727279663085938 -0.1430615484714508
-0.1370973438024521 0.04209967330098152 -0.3360326886177063
-0.18421824276447296 -0.3221805989742279 0.28057029843330383
-0.19295701384544373 -0.2486461102962494 -0.1248939260840416
-0.19406330585479736 0.1321195662021637 -0.04846549779176712
-0.022063441574573517 -0.4362533390522003 0.058072879910469055
-0.0830165296792984 0.25247782468795776 -0.16795486211776733
-0.23599305748939514 0.23470459878444672 -0.1465449184179306
-0.1068708598613739 0.2630957067012787 -0.13953861594200134
-0.2143525779247284 -0.1349143087863922 -0.1891528218984604
-0.2557961642742157 -0.24455823004245758 -0.061651695519685745
-0.13768909871578217 -0.224312424659729 -0.03285052627325058
-0.45768362283706665 0.35970166325569153 -0.022225869819521904
-0.17962896823883057 -0.008863622322678566 -0.11055302619934082
-0.21835683286190033 0.1470511108636856 0.08707446604967117
-0.035947494208812714 -0.16129261255264282 -0.032640017569065094
-0.41715338826179504 0.40385061502456665 -0.07151666283607483
0.11791174858808517 -0.1928814947605133 -0.08413862437009811
-0.35419052839279175 0.06919968873262405 0.051353100687265396
-0.2225373238325119 0.22720010578632355 -0.4399205446243286
-0.41088032722473145 0.053830958902835846 -0.21596351265907288
-0.2744397521018982 0.216926708817482 -0.13175618648529053
-0.4671992361545563 -0.09250050038099289 -0.36635416746139526
-0.31970152258872986 -0.07446803897619247 -0.36119380593299866
-0.5037708878517151 0.08747898787260056 -0.2915002703666687
-0.17712880671024323 -0.19879969954490662 0.006827110890299082
-0.5959668755531311 0.4238738715648651 -0.1493552327156067
-0.1483945995569229 -0.01591905951499939 -0.17062537372112274
-0.23416338860988617 0.18629716336727142 0.11729573458433151
-0.2726876437664032 0.30493631958961487 -0.014809111133217812
-0.09849637746810913 0.28189921379089355 -0.04781609773635864
-0.8624501824378967 0.0004439130425453186 -0.16747327148914337
-0.14518745243549347 0.15136496722698212 0.0003382464637979865
-0.5506486892700195 0.1653943806886673 0.07386382669210434
-0.28195881843566895 0.13030637800693512 -0.05790872871875763
0.05680046230554581 0.07045773416757584 -0.02455795370042324
-0.31485432386398315 0.17001233994960785 -0.07752370089292526
-0.05277082696557045 -0.06769801676273346 -0.08976013213396072
0.026462331414222717 -0.12554173171520233 0.19684220850467682
-0.6941506862640381 0.02951625920832157 -0.49947500228881836
0.16088974475860596 0.27520087361335754 -0.26429909467697144
-0.1469138264656067 -0.09690448641777039 -0.21797144412994385
-0.4654146432876587 0.42702728509902954 -0.010255483910441399
-0.10389493405818939 -0.17493045330047607 -0.2705525755882263
0.06001167744398117 0.4622306525707245 -0.07917477935552597
-0.2335205227136612 -0.15535379946231842 -0.5712053179740906
-0.5998126268386841 0.26896411180496216 -0.42406460642814636
-0.37542685866355896 -0.24730519950389862 -0.09740763157606125
-0.2690387964248657 -0.021714303642511368 -0.07615985721349716
-0.27010446786880493 -0.11746086180210114 -0.12248887121677399
-0.18932375311851501 0.34945473074913025 -0.1497689038515091
-0.014584610238671303 0.20569521188735962 -0.17472650110721588
-0.34183940291404724 0.38521242141723633 -0.2296297252178192
-0.30984678864479065 0.07307076454162598 -0.1011631190776825
-0.3384229838848114 0.14352305233478546 -0.16240909695625305
-0.4060157537460327 0.3305128812789917 -0.36394575238227844
-0.40814197063446045 -0.0015568260569125414 0.16010543704032898
-0.3647269308567047 0.25030386447906494 -0.3531709909439087
-0.432088166475296 0.03624342381954193 -0.19376355409622192
-0.30674344301223755 -0.15105780959129333 -0.48240986466407776
-0.516503095626831 0.15505699813365936 -0.19718728959560394
-0.4651162624359131 -0.023302197456359863 0.010495351627469063
0.06257021427154541 0.029516275972127914 -0.22825519740581512
-0.2676240801811218 0.16729599237442017 0.12188605964183807
-0.028841933235526085 0.0344662219285965 0.17841500043869019
-0.2312983125448227 -0.2635329067707062 0.056115567684173584
-0.3093181252479553 0.14882579445838928 -0.010519919916987419
0.056913722306489944 -0.11457567662000656 -0.3397364914417267
-0.3946044147014618 -0.004189277067780495 -0.16628670692443848
-0.34330829977989197 -0.1105910912156105 0.0018915479304268956
-0.49677973985671997 -0.05367309972643852 -0.07773259282112122
-0.16712825000286102 -0.04240311309695244 -0.14323480427265167
-0.2658236026763916 0.19430376589298248 0.060703475028276443
-0.038476698100566864 0.3427950143814087 -0.04586627706885338
-0.12745706737041473 0.2610894739627838 0.1000252366065979
0.0072236694395542145 -0.3437601327896118 -0.02678759954869747
-0.38586804270744324 0.18795086443424225 -0.0953010842204094
-0.6286095976829529 0.1353657841682434 0.08551113307476044
0.15729764103889465 -0.11014286428689957 -0.5990952253341675
-0.33216673135757446 0.06136268004775047 -0.312404990196228
-0.43057918548583984 0.02198600582778454 0.044791240245103836
-0.5111905932426453 -0.08128983527421951 -0.2543906271457672
-0.3136991262435913 0.4228507876396179 0.17013604938983917
-0.4481707215309143 -0.05209380015730858 -0.0541984997689724
0.037768296897411346 -0.15310314297676086 -0.2145732343196869
-0.23279257118701935 0.21779027581214905 -0.22072233259677887
-0.5886142253875732 -0.03529067710042 -0.10630764812231064
-0.26947200298309326 0.047940462827682495 -0.34888961911201477
-0.3899229168891907 0.4807383716106415 0.1299581080675125
-0.26544490456581116 0.3894374370574951 0.3830293118953705
-0.2959211468696594 0.0919777899980545 -0.3791845440864563
-0.24486057460308075 -0.08890225738286972 0.02886240929365158
-0.22006094455718994 0.36618462204933167 0.08886673301458359
-0.08114925771951675 -0.10067537426948547 -0.12973542511463165
-0.4470224976539612 0.2355240285396576 -0.2106672078371048
-0.4939245879650116 0.565623939037323 -0.22834844887256622
-0.11106882244348526 -0.21628554165363312 -0.002719920128583908
-0.2464262992143631 -0.038015980273485184 -0.07678050547838211
-0.1987546682357788 0.18807610869407654 -0.16799673438072205
-0.6497706770896912 0.4028942883014679 -0.21732157468795776
-0.15942822396755219 0.15195515751838684 -0.16682487726211548
-0.32887130975723267 0.35197657346725464 -0.001925744116306305
-0.30500277876853943 -0.14143913984298706 -0.13308371603488922
-0.2505795359611511 -0.4260100722312927 -0.2734495997428894
-0.4777938723564148 0.012418504804372787 -0.1562938094139099
-0.47706153988838196 -0.07253438234329224 -0.35897931456565857
0.020079398527741432 0.159634530544281 -0.1465892493724823
-0.382648229598999 0.07942427694797516 -0.2407599836587906
-0.2511008679866791 0.1384914219379425 -0.14667050540447235
-0.35170724987983704 0.12255332618951797 -0.01249721273779869
-0.3121495544910431 0.21670083701610565 -0.06820473074913025
-0.09324216097593307 -0.05036258324980736 -0.38586899638175964
-0.49410924315452576 -0.04420135170221329 -0.27180275321006775
-0.260040819644928 -0.11944808810949326 0.2738712728023529
-0.2900412976741791 -0.016157234087586403 0.3486782908439636
-0.4117738604545593 0.23082633316516876 0.13373419642448425
-0.1709447205066681 0.21784411370754242 -0.11265625804662704
-0.18416358530521393 -0.11458170413970947 0.011634605005383492
-0.38733744621276855 -0.17788958549499512 -0.6020634770393372
-0.3197610676288605 -0.008301949128508568 -0.07503180205821991
-0.17105069756507874 0.2620117962360382 -0.2228035181760788
-0.24576182663440704 0.09785057604312897 0.013055987656116486
-0.42752835154533386 -0.04922599717974663 0.17503750324249268
-0.3496176302433014 -0.004821176640689373 -0.03390674293041229
-0.620000422000885 0.5380710363388062 -0.12283097952604294
-0.055957693606615067 0.08487854152917862 -0.05773530155420303
-0.37510743737220764 -0.013671677559614182 -0.12621434032917023
-0.3019430339336395 0.03778670355677605 -0.18771980702877045
-0.3615502119064331 0.000665415485855192 0.19523711502552032
-0.5756533741950989 -0.30542993545532227 0.04458317905664444
-0.25104403495788574 0.17216672003269196 -0.3158464729785919
-0.31971821188926697 -0.07351761311292648 -0.1667647659778595
-0.3060285747051239 0.047617003321647644 -0.07443121820688248
-0.28224411606788635 0.25073012709617615 -0.2987658381462097
-0.34798088669776917 -0.0014739101752638817 0.16539575159549713
-0.19922535121440887 0.23065778613090515 -0.122633196413517
-0.21037673950195312 0.150770902633667 -0.046946752816438675
-0.3690779507160187 -0.1474107801914215 -0.11247553676366806
-0.18521492183208466 -0.03684265911579132 -0.4457395076751709
-0.5332297682762146 -0.05616341903805733 0.10601873695850372
-0.5072154998779297 0.025890272110700607 -0.07372824102640152
-0.4389703571796417 0.2260950356721878 0.5372331738471985
-0.10181941092014313 -0.019516440108418465 -0.3212299942970276
-0.23219798505306244 -0.05299917608499527 -0.46193593740463257
-0.2830854654312134 0.2967846095561981 -0.12999938428401947
-0.36950406432151794 -0.12931257486343384 -0.038234032690525055
-0.36636942625045776 -0.0989273265004158 -0.017137739807367325
0.0934329554438591 0.04245500639081001 -0.2714504301548004
-0.2726709246635437 0.03415036201477051 -0.15081574022769928
-0.20171771943569183 0.037698742002248764 -0.05959291383624077
-0.10789323598146439 -0.06922269612550735 -0.3105785548686981
-0.22132062911987305 0.15504801273345947 0.12169624119997025
-0.32301926612854004 0.2803937792778015 0.2756233215332031
-0.34884777665138245 0.001953334081918001 -0.40873849391937256
-0.519671618938446 0.22184258699417114 -0.18096208572387695
0.01202387548983097 -0.359348326921463 0.06762704253196716
-0.38413897156715393 0.14618268609046936 -0.22933214902877808
-0.01888139732182026 0.053535085171461105 -0.5054085850715637
-0.6730412840843201 0.6212448477745056 0.005756286438554525
-0.17598626017570496 0.15769502520561218 -0.066063292324543
-0.32786130905151367 0.21740229427814484 -0.27966710925102234
-0.24864020943641663 0.22652851045131683 -0.22197279334068298
-0.4712902307510376 0.19885310530662537 -0.047166015952825546
-0.49194449186325073 0.04818775877356529 0.41013237833976746
-0.7452775239944458 0.24221502244472504 -0.47653892636299133
-0.19134925305843353 0.004767752252519131 -0.35894855856895447
0.03830615058541298 -0.010393720120191574 -0.25821080803871155
-0.1288621425628662 0.3427335321903229 0.08695182204246521
-0.2788614332675934 0.4649716913700104 0.2627864480018616
-0.15623794496059418 0.10814129561185837 -0.19056640565395355
-0.3837492763996124 -0.24507619440555573 0.33007296919822693
-0.39446091651916504 0.016241751611232758 -0.26061850786209106
-0.42780065536499023 -0.25465404987335205 0.23966914415359497
-0.09066075086593628 0.0031286238227039576 -0.3134676516056061
-0.22375811636447906 0.2579665780067444 -0.001188049791380763
-0.3742453157901764 0.5413773655891418 0.14570842683315277
-0.19910871982574463 -0.04876665771007538 -0.3678789436817169
-0.05239913985133171 -0.13586172461509705 -0.40767842531204224
-0.17707692086696625 -0.2831870913505554 -0.057744093239307404
-0.26851654052734375 0.015241682529449463 0.044424302875995636
-0.17414945363998413 0.27463245391845703 -0.16156060993671417
-0.1492866724729538 0.26940906047821045 -0.14530406892299652
-0.3103172779083252 0.2782807946205139 -0.31882184743881226
-0.44202926754951477 -0.20138275623321533 0.01013386994600296
-0.24636487662792206 0.19458946585655212 -0.24224641919136047
-0.3609064817428589 0.0037728415336459875 0.06574513763189316
-0.2623634338378906 0.03491820767521858 -0.23451006412506104
-0.4014594852924347 -0.13751240074634552 -0.09071926027536392
-0.7168689370155334 0.30928608775138855 -0.121818907558918
-0.37274861335754395 0.190888449549675 0.07636164128780365
-0.20931829512119293 0.23038561642169952 0.050940487533807755
-0.2836671471595764 0.12695594131946564 -0.08233031630516052
-0.5052956938743591 0.21233096718788147 0.05200190842151642
-0.2736121118068695 -0.13930998742580414 -0.609190046787262
-0.4709465205669403 -0.20764271914958954 0.06191495060920715
-0.33767303824424744 0.48448559641838074 -0.217044398188591
-0.45918506383895874 0.1917627900838852 -0.031186426058411598
-0.06371381133794785 -0.03563747927546501 -0.658783495426178
-0.10992229729890823 0.2903839945793152 -0.04610459879040718
-0.16467677056789398 -0.0036351182498037815 -0.26100265979766846
-0.04012804850935936 0.38140997290611267 0.015772253274917603
-0.3064476251602173 0.07398595660924911 -0.2945711016654968
-0.30288058519363403 -0.19944468140602112 0.10174193233251572
-0.4069761037826538 0.3963920772075653 0.17961744964122772
-0.3267131447792053 -0.009360169991850853 -0.13262109458446503
-0.11387716233730316 0.14820584654808044 0.5384957194328308
-0.5842941403388977 -0.13389495015144348 0.11736270040273666
-0.33001095056533813 0.009221291169524193 0.09492842853069305
-0.3749198615550995 -0.19911052286624908 -0.20205484330654144
-0.17811210453510284 0.009424947202205658 -0.3473093807697296
-0.23730778694152832 -0.46803420782089233 -0.40765056014060974
-0.22192208468914032 0.3464639484882355 -0.03504600748419762
-0.3946482241153717 0.19874683022499084 -0.18837681412696838
-0.1843208372592926 0.27697068452835083 -0.16169486939907074
-0.40703657269477844 0.2403785139322281 -0.2656443119049072
-0.3879474401473999 0.2975325584411621 -0.4462601840496063
-0.23268409073352814 0.40854981541633606 -0.12679490447044373
-0.3640874922275543 0.29992836713790894 -0.1713699847459793
-0.3352583348751068 0.016480304300785065 -0.3413113057613373
-0.22054794430732727 0.2651635706424713 0.5141634941101074
-0.3200230896472931 -0.10030151158571243 0.0014630481600761414
-0.2012534886598587 0.5652337074279785 0.05232221260666847
-0.2393905222415924 0.22218981385231018 0.045796170830726624
-0.13656827807426453 0.1910303682088852 -0.2952953279018402
-0.3430901765823364 0.42645028233528137 -0.27292847633361816
-0.40059345960617065 -0.10849890857934952 -0.03252633288502693
-0.4170093834400177 0.14016106724739075 -0.19565099477767944
-0.23580141365528107 0.08516187220811844 -0.17936357855796814
-0.07804325968027115 0.3316734731197357 0.21281129121780396
-0.31948742270469666 -0.05310710147023201 -0.017897414043545723
-0.38010135293006897 0.3371656537055969 -0.07735927402973175
-0.34024885296821594 0.16252632439136505 -0.23741967976093292
-0.14207027852535248 0.03216596692800522 -0.0774058923125267
-0.15887480974197388 0.2246224284172058 -0.21131695806980133
-0.23623435199260712 0.14220847189426422 -0.12571430206298828
-0.43964678049087524 -0.1112523078918457 -0.23083168268203735
-0.1934875249862671 -0.08622231334447861 0.0709005743265152
-0.46351537108421326 0.36957865953445435 -0.127284437417984
-0.09055057168006897 0.08731110394001007 -0.18842914700508118
-0.03141216188669205 -0.14643442630767822 -0.038888413459062576
-0.46391016244888306 -0.16682679951190948 0.3106333911418915
-0.36331650614738464 0.032884616404771805 -0.1280156970024109
-0.38012874126434326 0.161506786942482 0.10165934264659882
-0.15789246559143066 0.0495748370885849 -0.283446729183197
-0.22841398417949677 -0.003467272035777569 -0.1025642454624176
-0.3420511484146118 -0.20028065145015717 -0.06002833694219589
0.13820241391658783 -0.21139603853225708 0.14130227267742157
-0.3747527599334717 0.31921160221099854 -0.24531975388526917
-0.24218104779720306 -0.11844038218259811 -0.00835404358804226
-0.41191917657852173 -0.061050839722156525 0.04658268019556999
-0.5496498942375183 -0.11155341565608978 -0.07283014059066772
-0.12481609731912613 -0.009176677092909813 -0.567655086517334
-0.3651556372642517 -0.2824225425720215 0.0481569878757
-0.22037579119205475 0.11745960265398026 -0.2773118019104004
-0.18480190634727478 0.18472757935523987 -0.31976163387298584
-0.1856590211391449 0.31501081585884094 0.05410172417759895
-0.789489209651947 -0.34650808572769165 -0.07282046228647232
-0.3784331679344177 0.3443587124347687 -0.21655704081058502
-0.35730913281440735 -0.006653937045484781 -0.1631241738796234
-0.281142920255661 -0.17404048144817352 -0.12269821017980576
-0.5155941843986511 -0.06648822873830795 0.06835412979125977
-0.2923438847064972 0.07390452921390533 -0.16352048516273499
-0.14371348917484283 0.2565365731716156 -0.23416587710380554
-0.26292699575424194 -0.10389949381351471 -0.038130924105644226
-0.1855975240468979 0.2619228661060333 -0.2780505120754242
-0.3450494110584259 0.15372027456760406 -0.1272294968366623
-0.3156780004501343 -0.23864014446735382 -0.22356592118740082
-0.38115236163139343 0.19998134672641754 -0.2359214872121811
-0.5032358765602112 0.016532639041543007 -0.12313105165958405
-0.44418102502822876 0.5332928895950317 -0.1927541047334671
-0.5136081576347351 -0.1581554114818573 0.2543206810951233
0.024200165644288063 -0.35842540860176086 -0.2769739329814911
-0.39682629704475403 0.020180005580186844 -0.02223852276802063
-0.513465404510498 0.4346911907196045 0.21975095570087433
-0.23503735661506653 0.2623578608036041 -0.42500564455986023
-0.05900712311267853 -0.02968541905283928 -0.23975315690040588
-0.027007117867469788 0.07621419429779053 -0.27081891894340515
-0.6525349020957947 0.46992284059524536 -0.13766151666641235
-0.3855052590370178 0.2769913375377655 -0.4997606873512268
-0.19306263327598572 -0.17801709473133087 -0.4207889437675476
-0.31445497274398804 -0.20445525646209717 0.010326649993658066
-0.0074591259472072124 0.35122451186180115 0.26870065927505493
-0.12493354827165604 0.03397798538208008 -0.11565139144659042
-0.41718465089797974 0.041855305433273315 -0.12741197645664215
-0.15091097354888916 0.16828176379203796 -0.022322366014122963
-0.09919976443052292 -0.14755365252494812 -0.007909968495368958
-0.49631673097610474 0.004255823791027069 -0.0865313857793808
-0.4498518705368042 0.3059292435646057 -0.1018332988023758
-0.3588505685329437 0.2394055873155594 -0.14209187030792236
-0.17210951447486877 0.023175891488790512 -0.25568777322769165
-0.5535220503807068 0.20030151307582855 -0.4884604513645172
-0.4282960593700409 -0.08760908246040344 0.05994170904159546
-0.11232778429985046 0.44949284195899963 -0.10317693650722504
-0.19093415141105652 0.1900649070739746 -0.26061975955963135
-0.3790189325809479 -0.0014016693457961082 -0.10124997794628143
-0.3339150547981262 0.16901901364326477 0.10692901164293289
-0.0694470927119255 0.1184983104467392 -0.031082848086953163
-0.49713999032974243 0.2558366656303406 -0.013066202402114868
-0.3395073413848877 -0.2211993783712387 -0.26980724930763245
-0.044572651386260986 -0.1780252754688263 -0.09981638938188553
-0.344527006149292 0.46069470047950745 0.24298204481601715
-0.1258087307214737 0.09608255326747894 -0.42647114396095276
-0.5708958506584167 0.34732285141944885 -0.2405223846435547
-0.26203182339668274 0.19332635402679443 -0.13724784553050995
-0.3688755929470062 0.08211381733417511 -0.07324420660734177
-0.35444653034210205 0.21980524063110352 0.16568021476268768
-0.11836931854486465 -0.345270574092865 0.01463937945663929
-0.06949347257614136 0.004143597558140755 0.1024656891822815
0.0240566898137331 -0.017331674695014954 -0.29577401280403137
-0.31627005338668823 -0.053962286561727524 0.28400447964668274
-0.6998872756958008 0.5709502696990967 0.16876856982707977
-0.10488754510879517 -0.39794403314590454 -0.2861289978027344
-0.399907648563385 0.32490450143814087 -0.29077497124671936
-0.3801324963569641 -0.20545122027397156 -0.0800170749425888
-0.08851845562458038 0.2735391855239868 -0.1089511439204216
-0.22647440433502197 -0.0054528964683413506 -0.09094777703285217
-0.08959134668111801 -0.06725315004587173 -0.30729129910469055
-0.3819325268268585 0.1589653044939041 -0.39823514223098755
-0.08175420761108398 0.162531316280365 -0.3223680257797241
-0.2324306070804596 -0.12815789878368378 0.0014118236722424626
-0.21260225772857666 -0.0902583971619606 0.15905405580997467
-0.2709810733795166 -0.021791215986013412 -0.036140039563179016
-0.15853002667427063 0.24185605347156525 -0.2974381148815155
0.08231794834136963 0.20475390553474426 -0.15828688442707062
-0.3795296251773834 0.07641998678445816 -0.2516007125377655
-0.2652900516986847 -0.013993872329592705 0.04484846442937851
-0.8093143105506897 0.41758814454078674 -0.1836886703968048
-0.5474866032600403 -0.17433488368988037 -0.0772818922996521
-0.2840956151485443 0.2446795254945755 0.2750493288040161
-0.34247180819511414 0.16429933905601501 -0.021862102672457695
0.014818815514445305 0.33148807287216187 -0.1900598257780075
-0.4056996703147888 0.06208331510424614 -0.17159058153629303
-0.4946883022785187 -0.22290514409542084 0.11101514846086502
-0.36008307337760925 0.06261403858661652 0.008401714265346527
-0.3031545877456665 0.17602260410785675 -0.2256353199481964
-0.4360675811767578 0.4381260275840759 0.4861239790916443
-0.24268503487110138 0.2492842823266983 -0.03515958413481712
-0.18880075216293335 -0.3712018132209778 0.09577052295207977
-0.43470892310142517 -0.00027216190937906504 -0.3541869521141052
-0.2415824830532074 0.07486185431480408 -0.1647716611623764
-0.4809633195400238 0.42873847484588623 0.02776595950126648
-0.2503316104412079 0.0876845121383667 -0.45969605445861816
-0.3805887699127197 0.03673858568072319 -0.20694990456104279
-0.2217828333377838 0.3184186518192291 0.022761203348636627
-0.4129076600074768 0.3751152455806732 0.10736313462257385
-0.29495659470558167 0.006563812959939241 -0.13601304590702057
0.03936976566910744 0.061795953661203384 -0.18557044863700867
-0.4500848352909088 0.19262391328811646 -0.4225100874900818
-0.048957668244838715 -0.27679431438446045 0.13334496319293976
-0.29695945978164673 0.1333598792552948 -0.25913214683532715
-0.25852859020233154 0.042610909789800644 -0.3580327033996582
0.05379767715930939 -0.11319410800933838 -0.3590702414512634
-0.3778478801250458 -0.138785257935524 -0.2715771794319153
-0.6995554566383362 0.5179786086082458 -0.25022345781326294
-0.3341483473777771 0.011793939396739006 0.10032706707715988
-0.21440787613391876 0.053489815443754196 -0.18955811858177185
-0.09378716349601746 -0.13912080228328705 0.0005776248872280121
-0.31396040320396423 -0.02462899684906006 -0.4142471253871918
-0.1189560815691948 0.2775372266769409 0.2603597342967987
-0.29844930768013 0.3229711353778839 0.08577559143304825
-0.38225919008255005 -0.12649215757846832 -1.0529578924179077
-0.578244149684906 -0.20593814551830292 0.01242968812584877
-0.5615880489349365 0.04994289204478264 -0.17508907616138458
-0.2364327609539032 -0.04189131408929825 -0.09175242483615875
-0.43142378330230713 0.08678075671195984 -0.03247540071606636
-0.5517964363098145 0.45989447832107544 -0.14569351077079773
0.07527829706668854 -0.1553775668144226 -0.01487601175904274
-0.49022457003593445 0.3716314435005188 -0.19905062019824982
-0.23185759782791138 0.1718015968799591 -0.13419963419437408
-0.08838427066802979 0.15379324555397034 -0.19714559614658356
-0.05062619596719742 0.21114495396614075 -0.034678030759096146
-0.5514785647392273 0.24317966401576996 -0.24530430138111115
-0.15568050742149353 0.0022820751182734966 0.0384548045694828
-0.30178359150886536 0.2638236880302429 -0.03415168821811676
-0.12796135246753693 0.1484416425228119 -0.24274982511997223
-0.34536227583885193 0.3551734387874603 0.25951674580574036
-0.4019502103328705 0.21510185301303864 -0.0038408562541007996
-0.3166843354701996 -0.21488608419895172 -0.3675367832183838
-0.1832406371831894 0.13470236957073212 -0.1492711305618286
-0.18571288883686066 0.12059617787599564 -0.23282839357852936
-0.1727997213602066 0.23751363158226013 -0.28311434388160706
-0.45728620886802673 -0.14460119605064392 0.20151586830615997
-0.28122061491012573 0.30014747381210327 -0.1762651801109314
-0.2966632544994354 0.16182111203670502 -0.28663209080696106
-0.36553823947906494 -0.15319527685642242 0.22430896759033203
-0.25420722365379333 -0.2376994490623474 0.0805000364780426
-0.16251571476459503 0.17025335133075714 -0.20170705020427704
-0.23862075805664062 0.14910118281841278 -0.08555416762828827
0.13073396682739258 -0.5115780234336853 -0.23222140967845917
-0.1899511218070984 -0.046679191291332245 -0.09758279472589493
-0.2529650032520294 -0.0548347532749176 -0.12400753051042557
-0.6259757280349731 0.25310218334198 0.018415074795484543
-0.3396091163158417 0.03197074681520462 0.2951118052005768
-0.048024192452430725 0.17647266387939453 0.02521682158112526
-0.15584696829319 -0.052154477685689926 -0.10964255034923553
-0.34533143043518066 -0.039273928850889206 -0.16444244980812073
-0.26226288080215454 0.2792731523513794 -0.05033072456717491
-0.1083708107471466 0.14202480018138885 -0.3899250328540802
-0.14338360726833344 0.16176162660121918 -0.17501352727413177
-0.03338736668229103 0.16381439566612244 -0.18600933253765106
-0.46798181533813477 0.06983000040054321 -0.29040929675102234
