ply
format ascii 1.0
element vertex 2048
property float x
property float y
property float z
end_header
0.2350940704345703 -0.12633606791496277 -0.16520923376083374
-0.023686017841100693 -0.20664149522781372 -0.02172801084816456
0.06019663065671921 -0.3151587247848511 -0.034285977482795715
0.10613816231489182 -0.33438968658447266 -0.05579965561628342
-0.00749243376776576 -0.34528839588165283 -0.0037796804681420326
0.20960023999214172 -0.13526827096939087 -0.10564745962619781
0.2814977169036865 -0.3506326973438263 -0.018232708796858788
0.2846277356147766 0.19516141712665558 0.1876332014799118
-0.015338554978370667 -0.314941942691803 -0.07798905670642853
0.05556029826402664 -0.3296399712562561 -0.027803851291537285
0.013180715963244438 -0.2044815719127655 0.28502795100212097
0.00032818352337926626 -0.19078654050827026 -0.09923181682825089
0.11874557286500931 -0.3057822585105896 0.03060399740934372
0.007902918383479118 -0.24856552481651306 0.09100747853517532
-0.09416186809539795 -0.06171634420752525 0.09756449609994888
-0.013609535992145538 -0.2755781412124634 0.05416271463036537
0.10240551829338074 -0.163661390542984 0.19068358838558197
-0.1363762617111206 0.12837593257427216 0.08026103675365448
0.030689358711242676 -0.2964770793914795 -0.24728718400001526
0.14329248666763306 -0.2432495504617691 -0.05331428349018097
0.02969593182206154 -0.20938466489315033 -0.16259820759296417
-0.05920257419347763 -0.3692063093185425 0.0062117730267345905
-0.041840385645627975 0.10415806621313095 0.47503286600112915
-0.23925934731960297 -0.14764846861362457 0.07262933999300003
0.30752986669540405 0.033363234251737595 -0.16167983412742615
-0.140213280916214 -0.24283400177955627 -0.2761082649230957
-0.29275625944137573 -0.22732844948768616 0.12429001182317734
0.16575337946414948 -0.09722040593624115 0.08496654778718948
0.02093416452407837 -0.30159837007522583 -0.14053837954998016
0.12466972321271896 -0.33403462171554565 0.0742873027920723
0.13820725679397583 -0.153507262468338 0.05220484733581543
0.06079437956213951 -0.25291764736175537 0.02596142143011093
0.011966535821557045 -0.2766794264316559 -0.07881441712379456
-0.1451631784439087 0.05965208262205124 0.1635301262140274
0.16143715381622314 -0.3181357681751251 0.06206049397587776
-0.16259664297103882 0.03649570047855377 0.31486788392066956
-0.051626697182655334 -0.21727758646011353 -0.08944422751665115
0.03591519221663475 -0.16317783296108246 0.20967495441436768
-0.014936059713363647 -0.052092619240283966 0.10984338074922562
0.09370564669370651 -0.3593215346336365 0.018453432247042656
0.036162298172712326 -0.22687366604804993 0.1731313318014145
0.15016016364097595 -0.045610461384058 0.14170268177986145
0.046612534672021866 -0.3212018311023712 0.11157068610191345
0.19232118129730225 -0.3059450685977936 0.05203239247202873
-0.23749563097953796 -0.14830230176448822 0.23998591303825378
0.254305362701416 -0.2290736585855484 -0.05213386192917824
-0.0927848294377327 -0.20255047082901 0.18981683254241943
-0.3230739235877991 -0.2589089572429657 0.06584230065345764
0.06965243071317673 -0.3164704740047455 -0.10505346953868866
-0.12512820959091187 -0.24018144607543945 0.15903125703334808
-0.022030234336853027 -0.0338917151093483 -0.15888506174087524
-0.01537352241575718 -0.3061234652996063 -0.13742993772029877
-0.22814497351646423 -0.11379595845937729 -0.1526954174041748
-0.12057984620332718 -0.34342271089553833 -0.019173840060830116
0.19041499495506287 -0.2753998935222626 0.059878185391426086
0.2101864218711853 -0.299552321434021 -0.12873949110507965
-0.026780394837260246 -0.26390209794044495 0.12850414216518402
0.14574380218982697 -0.30999648571014404 0.07949485629796982
0.3107055723667145 -0.13666126132011414 0.03093399666249752
0.1055891215801239 -0.154459148645401 0.17814293503761292
-0.20820581912994385 -0.17186935245990753 0.06088928505778313
0.10366116464138031 -0.3043369650840759 -0.03425107151269913
-0.06214938312768936 -0.272321492433548 0.03239665552973747
-0.07929272949695587 -0.1792403906583786 0.02848360873758793
0.0749390497803688 -0.16202382743358612 -0.01369047723710537
-0.0467703640460968 -0.317193865776062 -0.07191012054681778
-0.03132740408182144 -0.15903028845787048 0.11717915534973145
0.08170222491025925 -0.3227534294128418 0.03125661984086037
-0.10441405326128006 -0.16297028958797455 0.0937923789024353
-0.0006533781997859478 -0.31531190872192383 -0.11230643093585968
-0.35792988538742065 -0.2739904224872589 0.023011192679405212
-0.037401068955659866 -0.18377020955085754 -0.23272763192653656
-0.009644141420722008 -0.3065895140171051 -0.07543845474720001
-0.05543031543493271 -0.22453275322914124 0.14810511469841003
-0.19637270271778107 -0.23059920966625214 0.09166828542947769
-0.25161299109458923 -0.28938502073287964 0.08983760327100754
0.06904613226652145 -0.31673872470855713 -0.19776898622512817
0.023851819336414337 -0.0036155828274786472 0.22824575006961823
0.2129211574792862 -0.3025265336036682 -0.09464393556118011
-0.26126086711883545 -0.06216459348797798 0.24570238590240479
-0.04669440910220146 -0.022541329264640808 0.07811771333217621
0.04495882987976074 -0.29280009865760803 -0.020692462101578712
-0.1822333037853241 -0.22460603713989258 -0.054854616522789
0.014553211629390717 -0.14947088062763214 0.28401267528533936
0.12431133538484573 -0.1786489486694336 0.14288857579231262
0.1649782508611679 -0.07334046810865402 0.029628757387399673
0.0030077360570430756 -0.3526698052883148 -0.003941567614674568
-0.038253117352724075 -0.2863028347492218 -0.35676151514053345
-0.08333764970302582 -0.3149168789386749 0.05332998186349869
0.2093917727470398 -0.2544427216053009 0.04512482509016991
0.35328081250190735 -0.24480578303337097 0.012948304414749146
0.348765105009079 -0.2466372400522232 0.004527331795543432
-0.02909962087869644 -0.061454888433218 0.20359613001346588
-0.08725392818450928 -0.32291343808174133 -0.08928491920232773
-0.24944385886192322 -0.19101426005363464 0.19826559722423553
0.2533417046070099 -0.17022524774074554 0.18980209529399872
-0.2453368604183197 -0.18619731068611145 -0.2811298668384552
-0.18001015484333038 -0.18137793242931366 0.09611912071704865
0.26512548327445984 -0.2867446541786194 -0.003955022897571325
0.18435460329055786 -0.31817933917045593 0.29571107029914856
-0.46690672636032104 0.16038067638874054 -0.18030180037021637
-0.2203923612833023 -0.148479625582695 -0.004223911557346582
-0.008810373023152351 -0.17071714997291565 0.3179294764995575
0.04467323049902916 -0.19242729246616364 -0.4969436824321747
0.17040026187896729 -0.1797378659248352 -0.04617772996425629
0.07449838519096375 -0.19974449276924133 0.03212769702076912
-0.08384265005588531 -0.008640268817543983 0.20800815522670746
0.14746421575546265 -0.3142760992050171 0.03097318857908249
-0.01611211895942688 -0.2812414765357971 0.004745579324662685
-0.002898862585425377 -0.20927844941616058 -0.3017787039279938
0.11098164319992065 -0.11698024719953537 0.058130186051130295
0.11608447879552841 -0.11456089466810226 0.039436958730220795
0.040187932550907135 -0.2515229284763336 -0.23480601608753204
-0.12238749861717224 -0.2562818229198456 -0.07897040247917175
0.06735993176698685 -0.31189918518066406 0.07447030395269394
-0.061353303492069244 -0.08942121267318726 -0.05457917973399162
0.06810445338487625 -0.12480761855840683 0.014935273677110672
0.10673219710588455 -0.27677077054977417 -0.27237439155578613
0.19066102802753448 -0.20424270629882812 -0.13088862597942352
-0.029263388365507126 -0.11126676201820374 0.021924486383795738
-0.16049034893512726 -0.2473074197769165 0.15451747179031372
0.005027721635997295 -0.2465040683746338 -0.23279549181461334
-0.011711742728948593 -0.34159377217292786 -0.04834355041384697
0.24190948903560638 -0.25424516201019287 0.11866508424282074
-0.0287313312292099 -0.05174240469932556 0.298310250043869
-0.15167076885700226 -0.13018332421779633 -0.14223267138004303
-0.18457117676734924 -0.19420067965984344 -0.0555291622877121
0.014900567010045052 -0.3020164966583252 0.021371446549892426
0.08298191428184509 -0.14834345877170563 0.18519094586372375
0.04260381683707237 -0.10598183423280716 0.15213602781295776
0.12222994118928909 -0.3266647756099701 -0.06450626254081726
0.1818167120218277 -0.14797033369541168 -0.013839151710271835
0.34614431858062744 -0.2811700999736786 -0.03447046875953674
-0.03948967903852463 -0.29695844650268555 -0.10293964296579361
0.12412961572408676 -0.011407403275370598 0.06136253848671913
0.028786947950720787 -0.29429495334625244 0.17528831958770752
0.05729285627603531 -0.1200588122010231 0.1227395236492157
-0.184813991189003 -0.1833432912826538 0.19187451899051666
-0.09572388231754303 -0.2369336485862732 -0.2760681211948395
-0.17571832239627838 0.10292744636535645 0.4150794446468353
-0.001218985067680478 -0.02274712175130844 -0.02194535918533802
0.1190735250711441 -0.2990964949131012 -0.15808600187301636
0.1164039894938469 -0.3181697130203247 0.0813419297337532
0.04568631574511528 -0.22404824197292328 0.046748846769332886
-0.26753392815589905 -0.25627997517585754 -0.25046029686927795
0.05570726469159126 -0.28448572754859924 0.08010439574718475
-0.14177563786506653 -0.28003206849098206 -0.15855039656162262
-0.013376079499721527 -0.3337574005126953 -0.08851336687803268
0.19708415865898132 -0.3216020464897156 0.08933727443218231
0.18972563743591309 -0.03918595239520073 0.20391514897346497
0.21505072712898254 -0.25508493185043335 -0.17192919552326202
0.07073215395212173 -0.29180601239204407 0.04428466409444809
-0.18221047520637512 -0.2723980247974396 -0.22086814045906067
-0.08819950371980667 -0.30758538842201233 0.03205627202987671
0.08003969490528107 -0.2743847072124481 0.12145178765058517
-0.1868562549352646 -0.2760345935821533 -0.21200703084468842
-0.07560138404369354 -0.2847888767719269 0.13645172119140625
0.00975203886628151 -0.3216954469680786 -0.0976836159825325
-0.1423357129096985 -0.3316937983036041 -0.007687306497246027
0.003102959832176566 -0.08552337437868118 0.05222730711102486
-0.1300700306892395 -0.2294904589653015 0.10272330790758133
0.012777647003531456 -0.1100531592965126 -0.014656512066721916
0.06459767371416092 -0.15439373254776 0.1426137238740921
-0.13707706332206726 -0.1462262123823166 0.23542286455631256
-0.17618221044540405 -0.33324822783470154 0.08438125252723694
0.089570052921772 -0.30565938353538513 0.029418157413601875
-0.8148552179336548 -0.18215328454971313 -0.009482244029641151
0.1545802801847458 -0.1029287800192833 0.025272291153669357
0.029322534799575806 -0.20581190288066864 -0.029439151287078857
-0.08366388082504272 -0.3219999074935913 -0.11466559767723083
-0.25967609882354736 -0.0052260542288422585 -0.20665273070335388
0.19957520067691803 -0.2983207106590271 -0.12785156071186066
0.0503426231443882 -0.18005062639713287 0.2651475667953491
0.08636240661144257 -0.3915911614894867 0.11032551527023315
0.12488171458244324 -0.1262427568435669 0.35011419653892517
0.12358084321022034 -0.07729293406009674 0.1076001450419426
-0.1102541983127594 -0.26759573817253113 0.11460106819868088
0.08210774511098862 -0.31282031536102295 0.05341112241148949
0.21472060680389404 -0.28827112913131714 0.029628202319145203
-0.18078933656215668 -0.23939381539821625 -0.21130338311195374
0.021816061809659004 0.06263527274131775 0.04968729615211487
0.1382971853017807 0.13387823104858398 -0.04422023147344589
0.008911071345210075 -0.3038170337677002 0.11384928226470947
0.14040033519268036 -0.03578686714172363 -0.003412621095776558
-0.24405385553836823 -0.08579588681459427 -0.2906787693500519
0.25046879053115845 -0.296848326921463 0.05803898349404335
0.10679034888744354 -0.15062008798122406 0.11437017470598221
0.1625116914510727 0.0830342173576355 0.2582370638847351
-0.09696759283542633 -0.05344385653734207 -0.20435784757137299
0.029790455475449562 -0.42493870854377747 0.04202474653720856
-0.03413574770092964 -0.32575348019599915 0.06907463818788528
-0.005435347091406584 -0.29939401149749756 -0.09040351212024689
-0.12278877198696136 -0.2540396749973297 -0.2165972888469696
0.21743632853031158 -0.28390538692474365 0.09157584607601166
-0.0032886783592402935 -0.24059447646141052 -0.02526152692735195
-0.18803226947784424 -0.21348994970321655 0.0034995577298104763
-0.17215506732463837 -0.28747424483299255 0.11550742387771606
-0.04643934220075607 -0.3392423689365387 0.030088089406490326
0.07782328128814697 -0.31642287969589233 -0.027070168405771255
0.4419880211353302 -0.31593894958496094 -0.06934601813554764
0.06311465799808502 0.032084446400403976 0.10932174324989319
0.131617471575737 -0.14527809619903564 0.1277046501636505
0.09970014542341232 -0.29011934995651245 0.057499274611473083
-0.19318419694900513 -0.2111031413078308 -0.04062493517994881
-0.3491643965244293 -0.23045800626277924 0.016166213899850845
-0.2522020936012268 -0.09844943135976791 -0.16241805255413055
-0.005022790748625994 -0.28502559661865234 -0.30968958139419556
0.19198516011238098 -0.32931727170944214 0.07130172848701477
-0.02012632042169571 -0.2593110501766205 -0.031831372529268265
0.1386425942182541 -0.20344100892543793 0.06878826022148132
0.15107795596122742 -0.27160775661468506 -0.14207878708839417
0.14666414260864258 -0.02665354125201702 0.10577590763568878
-0.11781179904937744 -0.04611169919371605 0.3436278998851776
0.10126081854104996 -0.21812541782855988 0.17132829129695892
-0.1781712770462036 -0.1513364315032959 -0.15939609706401825
0.13175465166568756 -0.31880277395248413 -0.002809322439134121
0.14754170179367065 -0.2675243020057678 0.029527392238378525
0.0054770843125879765 -0.30283841490745544 -0.1598023921251297
0.08990837633609772 0.01065533421933651 0.12219201773405075
0.23035427927970886 -0.1611887514591217 -0.03294607996940613
0.22584272921085358 -0.011364690959453583 0.31355515122413635
0.14340265095233917 -0.2892785370349884 -0.1888313889503479
-0.1219494640827179 -0.0774802565574646 0.05429485812783241
0.03286789357662201 -0.2895199656486511 0.0070202890783548355
-0.06231188029050827 -0.21427129209041595 0.11072389781475067
-0.09255415946245193 -0.16150231659412384 0.21946319937705994
0.008773132227361202 -0.07506489008665085 0.20861117541790009
0.06558901816606522 -0.25372710824012756 -0.23605577647686005
0.1417028307914734 -0.11348871886730194 0.11681632697582245
-0.06934810429811478 -0.12862804532051086 0.3256528973579407
-0.23581111431121826 0.08487440645694733 -0.06793495267629623
0.15860283374786377 0.08895495533943176 0.1921309232711792
-0.036556653678417206 -0.3487802743911743 -0.05604783445596695
0.07069933414459229 -0.16335360705852509 -0.18921054899692535
0.1637897938489914 -0.16603857278823853 0.1391017884016037
-0.05365678668022156 -0.33830636739730835 0.07264935225248337
-0.01775413751602173 -0.10445065796375275 -0.01622077263891697
0.07159541547298431 -0.2295505553483963 0.11557462066411972
-0.03301568329334259 -0.26133713126182556 0.017779065296053886
-0.17851793766021729 -0.1977945864200592 0.08984887599945068
0.0569835789501667 -0.2999071180820465 -0.2334912270307541
-0.17023058235645294 0.004728068131953478 0.127057746052742
-0.13462501764297485 -0.35751286149024963 -0.005303534213453531
0.2567470967769623 -0.12067986279726028 -0.05924566462635994
-0.04440592974424362 -0.1343986839056015 -0.06147056445479393
0.02022968977689743 -0.2561696469783783 -0.06560303270816803
-0.38702192902565 0.3377956449985504 0.13603945076465607
0.013764701783657074 -0.07497905939817429 0.07844366878271103
0.0011126308236271143 -0.19676047563552856 0.012344906106591225
0.136143296957016 -0.2748057544231415 0.004472338128834963
0.12889380753040314 -0.2929018437862396 0.04526463896036148
-0.08065621554851532 -0.0004706206964328885 0.22228576242923737
-0.1060032919049263 -0.29938969016075134 0.2487122118473053
-0.2849147617816925 -0.21007198095321655 0.06989730894565582
-0.10251861810684204 -0.31615132093429565 -0.10485856235027313
0.08304613083600998 -0.16104722023010254 0.0004516681656241417
0.028906796127557755 -0.32978442311286926 -0.07834699749946594
0.15141601860523224 -0.32324010133743286 0.03690626844763756
-0.042415644973516464 -0.2027490884065628 -0.005716459359973669
-0.03454629331827164 -0.2293897420167923 0.023161541670560837
-0.03004344552755356 -0.2727130353450775 0.10542760044336319
0.043785758316516876 -0.07987919449806213 0.04768448695540428
0.05740845575928688 -0.27606573700904846 0.053018759936094284
0.12325836718082428 -0.2892487645149231 0.15133020281791687
-0.05120809003710747 -0.3068561255931854 -0.1035730391740799
0.07587040960788727 -0.3109002113342285 -0.10334105044603348
0.07145626097917557 -0.0828142911195755 0.00997982919216156
0.12415110319852829 -0.24549268186092377 0.18826884031295776
0.0025939084589481354 -0.29405006766319275 -0.05852048471570015
0.10356345027685165 -0.310192734003067 -0.09509607404470444
-0.014130828902125359 -0.33556750416755676 -0.0029887682758271694
0.14648927748203278 -0.1648673415184021 -0.01960698328912258
0.0802387073636055 -0.2827858328819275 0.07679766416549683
0.11227891594171524 -0.05040711909532547 0.055911410599946976
0.034759510308504105 -0.14092881977558136 0.2406570166349411
-0.12066514790058136 -0.2257639318704605 -0.12665945291519165
-0.014972418546676636 -0.15950751304626465 0.18612398207187653
0.00975099764764309 -0.14129067957401276 0.1276639848947525
0.07232304662466049 -0.059813231229782104 0.19151945412158966
0.1413375288248062 -0.046641770750284195 0.22420214116573334
0.07364633679389954 0.03713032230734825 0.18369100987911224
0.05797296762466431 -0.32799309492111206 -0.0024422178976237774
-0.0777474045753479 -0.2999139726161957 -0.06104652211070061
-0.0908227413892746 -0.30363085865974426 0.10774555802345276
-0.11468791216611862 -0.2939644753932953 -0.1143830195069313
0.055730801075696945 -0.22631962597370148 0.19643931090831757
0.21290715038776398 -0.11642183363437653 -0.12337154895067215
-0.1564207226037979 -0.14794985949993134 -0.1813541203737259
-0.17236672341823578 -0.2605336904525757 0.09396475553512573
0.14113712310791016 -0.22198781371116638 -0.02803947776556015
0.0773458257317543 -0.23768824338912964 -0.015170019119977951
-0.08214224874973297 -0.20321227610111237 -0.10783950239419937
0.18391203880310059 -0.23627005517482758 0.013837382197380066
0.1354118436574936 -0.29096537828445435 -0.09770814329385757
-0.12563864886760712 -0.23512661457061768 0.1425795555114746
-0.1337144672870636 -0.28374069929122925 0.035398416221141815
-0.013028090819716454 -0.11312127113342285 0.17898933589458466
0.10441835224628448 -0.2967686355113983 -0.1642523556947708
-0.3010810315608978 -0.3222264051437378 0.12437593191862106
-0.19465026259422302 -0.4271342158317566 0.1296459436416626
0.1590403914451599 -0.30463269352912903 -0.09061672538518906
0.11577676236629486 -0.29614946246147156 0.022435767576098442
-0.024850085377693176 0.019666368141770363 0.17395848035812378
-0.09957139194011688 -0.08894310891628265 0.06529795378446579
0.06415801495313644 -0.3063236474990845 -0.16801808774471283
-0.01844542846083641 -0.2977359890937805 0.041761379688978195
0.10054747760295868 -0.1259293407201767 0.10254661738872528
0.0792524442076683 -0.11835679411888123 0.10496008396148682
-0.3222397267818451 -0.3321462869644165 0.10037155449390411
0.057000018656253815 -0.3093889057636261 -0.07785158604383469
-0.5065109729766846 0.45598191022872925 -0.012656595557928085
0.08257487416267395 0.06305631995201111 0.20543363690376282
0.08094362169504166 -0.3071952164173126 -0.15070469677448273
0.12855201959609985 -0.3368528187274933 0.046908993273973465
-0.1636410355567932 -0.14615027606487274 -0.13030853867530823
-0.011796971783041954 -0.2663179934024811 0.06805963814258575
-0.2607260048389435 -0.03475544601678848 0.0018037710106000304
-0.0862218588590622 -0.292400062084198 0.07326497882604599
0.09888211637735367 -0.22591443359851837 0.057796455919742584
0.07869479805231094 -0.152327761054039 -0.019151311367750168
-0.013256438076496124 -0.1471686214208603 -0.09002427756786346
-0.0769268050789833 -0.30716338753700256 -0.09660261124372482
-0.3083091676235199 -0.05834786221385002 0.2223404049873352
-0.272298127412796 -0.15662427246570587 -0.2954051196575165
0.043991848826408386 0.010218344628810883 0.33075428009033203
-0.06953735649585724 -0.12712721526622772 -0.13414335250854492
0.21930807828903198 -0.2057969719171524 -0.0948888286948204
0.10248726606369019 -0.2403114140033722 -0.002879988867789507
-0.39726412296295166 -0.08202127367258072 -0.14246733486652374
-0.0007716992404311895 -0.18928879499435425 -0.002421292010694742
0.09521385282278061 -0.2999717891216278 0.10060751438140869
0.056291740387678146 -0.11746770888566971 0.20875610411167145
0.10976144671440125 -0.29605647921562195 -0.25407326221466064
0.040129777044057846 -0.285621702671051 0.11370901018381119
0.1813652366399765 -0.2690582275390625 -0.09464271366596222
-0.03526022285223007 -0.37110885977745056 0.12375465035438538
-0.011855918914079666 -0.29729729890823364 -0.025429071858525276
0.11749422550201416 -0.22294047474861145 0.23067279160022736
0.2353527694940567 -0.05729660391807556 0.09384298324584961
-0.008979639038443565 -0.047069475054740906 0.10336458683013916
-0.06901147961616516 -0.14427176117897034 -0.13744282722473145
0.12284913659095764 -0.03990890458226204 -0.19458448886871338
-0.08335591107606888 -0.2567685544490814 -0.29558321833610535
0.03491280600428581 -0.3350966274738312 -0.09654094278812408
0.028495511040091515 -0.3072391748428345 -0.1457521766424179
0.046257175505161285 -0.21864920854568481 -0.083995021879673
0.03520592302083969 -0.3061026334762573 -0.027583738788962364
-0.13930656015872955 -0.26091352105140686 0.059838928282260895
-0.013715410605072975 -0.26341497898101807 0.10699654370546341
0.24168696999549866 -0.09426125884056091 0.202643483877182
0.037997566163539886 -0.3319929540157318 0.0004741521552205086
0.1921302229166031 -0.1809581220149994 0.12381128966808319
-0.03507820516824722 -0.181710347533226 0.15581782162189484
-0.21706725656986237 -0.11597979813814163 0.4006427824497223
0.040942199528217316 -0.34131020307540894 0.03936909884214401
-0.12433809787034988 -0.13336075842380524 -0.21124666929244995
-0.05399879440665245 -0.11404367536306381 -0.08920951187610626
-0.34222471714019775 -0.1333826184272766 0.012212289497256279
0.20849654078483582 0.21348468959331512 0.5206964015960693
0.2680008113384247 -0.029578950256109238 0.23953576385974884
0.1610473245382309 -0.25348591804504395 -0.17775356769561768
0.07532757520675659 -0.24935370683670044 -0.5329387187957764
0.09653472155332565 -0.03913964703679085 -0.13174089789390564
-0.18718171119689941 -0.29470211267471313 -0.10410390794277191
0.07097415626049042 -0.2108677476644516 0.06762603670358658
-0.13019774854183197 -0.19144539535045624 -0.10883420705795288
0.08695587515830994 -0.3427462875843048 -0.004592995624989271
-0.12158740311861038 0.11800143867731094 0.0709221288561821
-0.023038968443870544 -0.07955547422170639 -0.020337069407105446
0.0018018066184595227 -0.38469284772872925 0.41524821519851685
0.04953908175230026 -0.30677634477615356 -0.1081155389547348
0.14328697323799133 -0.04876411333680153 -0.006371393334120512
-0.1214803010225296 -0.1763078272342682 0.2408444583415985
-0.1245841458439827 -0.24164874851703644 -0.28422796726226807
0.02695569396018982 -0.21415956318378448 0.13961707055568695
0.16105936467647552 -0.17981074750423431 0.0750247910618782
0.21415171027183533 -0.3211321532726288 -0.2435961216688156
-0.4215783178806305 -0.23394475877285004 -0.358092725276947
0.09670529514551163 -0.34259387850761414 0.08050890266895294
-0.10613972693681717 -0.03601456061005592 -0.06545094400644302
-0.21543002128601074 -0.0038623157888650894 0.12785445153713226
-0.14386236667633057 -0.17943333089351654 -0.06490195542573929
-0.0008092815987765789 -0.2730202376842499 -0.16511471569538116
0.07044892758131027 -0.287261426448822 -0.28762540221214294
0.1040143147110939 -0.21774491667747498 -0.06049022078514099
-0.009559433907270432 -0.24854151904582977 0.10285285860300064
-0.17313919961452484 -0.25830286741256714 -0.030322639271616936
-0.06787180155515671 -0.20202314853668213 0.029132237657904625
0.09530836343765259 -0.16462048888206482 0.26981422305107117
-0.25939682126045227 -0.1813090741634369 0.11648932099342346
0.2791365087032318 -0.28756824135780334 0.007888705469667912
-0.04097537696361542 -0.32543906569480896 0.10203329473733902
0.11969918757677078 -0.29156944155693054 -0.22505854070186615
0.08861635625362396 -0.281098335981369 -0.18860509991645813
-0.13943783938884735 -0.19688309729099274 0.14661340415477753
0.10461384803056717 -0.35458511114120483 0.04985497146844864
-0.07961513847112656 -0.3636709153652191 -0.07723800092935562
0.12137528508901596 -0.23170290887355804 -0.023890120908617973
0.11847207695245743 -0.13114236295223236 0.17684932053089142
-0.016862552613019943 -0.15233197808265686 -0.006453644018620253
0.28202277421951294 -0.028029849752783775 0.09755836427211761
0.0601365827023983 -0.1932838410139084 -0.048263031989336014
-0.25793999433517456 -0.26659074425697327 0.06911309063434601
0.13414263725280762 -0.19506564736366272 0.2404213547706604
-0.10294325649738312 -0.28709450364112854 -0.17428448796272278
-0.18083839118480682 -0.27759838104248047 -0.1668769270181656
0.15044960379600525 -0.40681400895118713 0.07344290614128113
0.08348388224840164 -0.15781839191913605 0.2694506049156189
-0.28277185559272766 -0.2584103047847748 0.10988784581422806
-0.09223130345344543 -0.32081952691078186 -0.10506835579872131
0.024036599323153496 -0.13991811871528625 0.1697130650281906
0.01718905195593834 -0.20783577859401703 0.06933967024087906
-0.12972654402256012 -0.13571469485759735 0.1927058845758438
0.19443222880363464 0.06986531615257263 0.27777478098869324
-0.18489371240139008 -0.2597205936908722 -0.21561892330646515
0.05233355611562729 -0.3326987624168396 0.032087087631225586
-0.2470504492521286 -0.23604165017604828 -0.12736743688583374
0.08079365640878677 -0.1517818421125412 0.20335744321346283
0.025290513411164284 -0.29006004333496094 0.0735345259308815
-0.2861956059932709 -0.23784109950065613 -0.10425163060426712
-0.0013745974283665419 -0.3618207573890686 -0.0328700989484787
-0.20207111537456512 -0.14211024343967438 0.1811593770980835
-0.0765359029173851 -0.016557589173316956 0.5581333637237549
-0.09021785855293274 -0.2981042265892029 -0.05203628167510033
0.04327988252043724 -0.2821764051914215 0.16897444427013397
0.26458340883255005 -0.3369895815849304 0.05082465335726738
-0.04596859589219093 -0.1930665671825409 0.0063972873613238335
0.15867768228054047 -0.08118855953216553 0.2151123583316803
-0.16389232873916626 -0.4837726652622223 0.1048080325126648
0.09676214307546616 -0.29049238562583923 -0.15261395275592804
-0.2979673743247986 -0.17514310777187347 0.14236585795879364
0.0702596977353096 -0.3390687108039856 0.034576259553432465
-0.048778995871543884 -0.21046510338783264 -0.24910801649093628
0.028449341654777527 -0.26003822684288025 -0.22273147106170654
0.007310172077268362 -0.23637790977954865 -0.21951960027217865
0.24090757966041565 -0.2904324531555176 -0.0295500960201025
-0.1149202436208725 -0.14438240230083466 -0.01122121512889862
-0.19231854379177094 -0.14297838509082794 0.11965395510196686
-0.049807868897914886 -0.28188127279281616 0.12097277492284775
-0.017784085124731064 -0.3078383803367615 -0.025876741856336594
0.08443295955657959 -0.10157600790262222 -0.1681496500968933
0.11390255391597748 -0.05462958291172981 0.31227055191993713
0.153762549161911 0.0239331666380167 0.19909265637397766
0.13273142278194427 -0.26154759526252747 -0.07055548578500748
-0.040316980332136154 -0.2582131028175354 0.13550804555416107
0.1665804535150528 -0.27900007367134094 -0.16857855021953583
0.252234548330307 -0.1806877702474594 0.06934008002281189
-0.04326893016695976 -0.21004194021224976 -0.24032644927501678
-0.08626741170883179 -0.13604240119457245 0.09911325573921204
-0.059363655745983124 -0.2504268288612366 -0.21620139479637146
0.013767525553703308 0.014401962980628014 0.32810744643211365
-0.023464174941182137 -0.29301023483276367 -0.29610133171081543
-0.11268731206655502 0.10077331215143204 0.18346771597862244
-0.005346238147467375 0.026868635788559914 0.17575711011886597
-0.18069902062416077 -0.26764822006225586 -0.19848154485225677
0.10305800288915634 -0.03312136232852936 0.30990272760391235
-0.01338285580277443 -0.22727544605731964 -0.04918435961008072
-0.0034452625550329685 -0.3209587633609772 -0.11452548950910568
0.017631355673074722 -0.2784821093082428 0.038328737020492554
0.2277727574110031 -0.14704741537570953 0.14796507358551025
0.26225560903549194 0.04118964821100235 0.04299035295844078
0.1474093645811081 -0.29725736379623413 -0.09169845283031464
0.17051708698272705 -0.3015373945236206 0.029444634914398193
0.11823706328868866 -0.3204793334007263 -0.023441530764102936
0.07090095430612564 0.011981649324297905 0.07917968183755875
-0.01592482440173626 -0.12698675692081451 0.08399062603712082
-0.27231794595718384 -0.23723317682743073 -0.23171283304691315
-0.08050230890512466 -0.3067243695259094 -0.1338183879852295
0.006786326412111521 -0.23313932120800018 -0.08479827642440796
-0.34733229875564575 -0.24554845690727234 -0.3707033097743988
0.18560494482517242 -0.35709941387176514 0.051064178347587585
-0.21192647516727448 -0.17759418487548828 -0.27413409948349
-0.15973198413848877 -0.3398384749889374 -0.13442488014698029
-0.24351517856121063 -0.3132869303226471 0.006172149907797575
-0.09671355783939362 -0.31074196100234985 -0.06864500045776367
0.07030226290225983 -0.3185151219367981 0.01982509344816208
0.03019935078918934 -0.31276968121528625 -0.1169855073094368
0.14411784708499908 -0.06810440123081207 0.3409487307071686
0.13657709956169128 -0.15251176059246063 -0.05892258509993553
0.06361673027276993 -0.31852614879608154 -0.03623446449637413
0.12257476896047592 -0.27854669094085693 -0.2507723271846771
-0.05587850138545036 0.0914468988776207 0.27399781346321106
-0.12293359637260437 -0.23764638602733612 0.13819091022014618
-0.11414515972137451 -0.2883414030075073 0.003310328582301736
-0.15295560657978058 -0.34430620074272156 0.13129816949367523
0.10941976308822632 -0.05590201914310455 0.15396501123905182
0.14976553618907928 -0.24173805117607117 -0.09551677107810974
-0.24945318698883057 -0.1981678158044815 -0.05050494149327278
0.031153637915849686 -0.306384801864624 0.021662194281816483
0.20304542779922485 -0.18626318871974945 -0.04178832471370697
0.16170388460159302 -0.2838487923145294 -0.04671315848827362
-0.009048016741871834 -0.20918947458267212 0.07237982004880905
-0.11043335497379303 -0.006570883560925722 0.2334585040807724
0.14050719141960144 0.05425934121012688 0.23259322345256805
0.07876753807067871 -0.20867811143398285 0.1480715572834015
-0.09199345111846924 -0.3109983205795288 -0.14679820835590363
0.0693010613322258 -0.31369611620903015 0.025633899495005608
-0.026440460234880447 -0.0500895231962204 0.18587101995944977
0.00264070276170969 0.07726001739501953 0.24269413948059082
-0.22433717548847198 0.04045858606696129 -0.17371535301208496
-0.07547058165073395 -0.24942055344581604 0.11341823637485504
0.18334385752677917 0.061973936855793 -0.04464060068130493
-0.058765582740306854 -0.3241709768772125 -0.09246864169836044
-0.061561375856399536 -0.3482271730899811 -0.019805146381258965
-0.007033434230834246 -0.3063288629055023 0.05831751227378845
0.023184092715382576 -0.09936707466840744 0.20521125197410583
0.06398846954107285 -0.3105787932872772 0.049614306539297104
0.15267890691757202 -0.06282870471477509 0.3223261535167694
0.10833197832107544 -0.34462103247642517 0.055153049528598785
0.12962104380130768 -0.3141063153743744 -0.03507566452026367
-0.0793745368719101 -0.2468014657497406 0.12895943224430084
-0.1484944075345993 0.03474421054124832 0.2089732438325882
-0.09974537044763565 -0.13907115161418915 0.09644454717636108
-0.06488709896802902 -0.2501460313796997 0.09498055279254913
-0.029854904860258102 -0.3352661728858948 -0.2501804530620575
0.08252473175525665 -0.3003373444080353 -0.03800293430685997
0.1373589038848877 -0.3128605782985687 -0.12814882397651672
-0.1926637440919876 -0.2604917287826538 0.12814396619796753
-0.009359301999211311 -0.3292159140110016 -0.056964609771966934
-0.04303518310189247 -0.15434198081493378 -0.18481233716011047
0.11476989090442657 -0.13612893223762512 -0.1271587759256363
-0.14960800111293793 -0.10366583615541458 -0.027406612411141396
0.0308143999427557 -0.23466309905052185 -0.06568077206611633
-0.0146720502525568 -0.4110736846923828 0.0570073127746582
0.1818581372499466 -0.21932171285152435 0.18731461465358734
0.24411021173000336 -0.16067801415920258 -0.06010785698890686
-0.10211105644702911 -0.31498122215270996 -0.11061286926269531
-0.1380423754453659 -0.27856776118278503 -0.1834843009710312
-0.008291242644190788 -0.2573798596858978 -0.1486205756664276
0.1086098849773407 -0.25256115198135376 0.01977103017270565
0.05048099532723427 -0.21041414141654968 0.1204184964299202
-0.14708130061626434 -0.10891412198543549 -0.11802629381418228
0.1507284790277481 -0.13935890793800354 -0.10481875389814377
-0.1341119259595871 -0.06694087386131287 -0.06409533321857452
0.03606739640235901 -0.30188482999801636 -0.08758391439914703
0.014563044533133507 -0.1625368893146515 0.002172329695895314
0.0646667331457138 -0.16021771728992462 0.08588934689760208
0.18917877972126007 -0.26682135462760925 -0.18167610466480255
0.25536593794822693 -0.14756065607070923 0.09643948078155518
0.12502315640449524 -0.3147619664669037 -0.08569936454296112
0.0077326055616140366 -0.11395745724439621 0.018548212945461273
-0.004428077023476362 -0.31259945034980774 -0.31619197130203247
0.3423185348510742 0.04527604952454567 0.23090991377830505
0.04973174259066582 -0.2373553365468979 0.36351215839385986
0.07330449670553207 -0.2691825330257416 -0.0994516909122467
-0.05360248312354088 -0.15772736072540283 0.11949626356363297
0.046013448387384415 -0.29053735733032227 0.053614821285009384
-0.12244510650634766 -0.06031104922294617 0.35959842801094055
0.18438445031642914 -0.12402578443288803 0.13213622570037842
-0.028000768274068832 -0.3616640567779541 -0.2282046675682068
0.05286137014627457 -0.22073307633399963 -0.06846693158149719
0.2837564945220947 -0.06567313522100449 0.01907585933804512
0.08982058614492416 -0.34222206473350525 0.08482003957033157
0.28304585814476013 -0.12253784388303757 -0.1444837749004364
0.1586741954088211 -0.33812958002090454 -0.10482680052518845
-0.1169360876083374 -0.18212927877902985 -0.02959400974214077
0.24358387291431427 -0.3397192656993866 0.017626767978072166
-0.13877356052398682 -0.22423239052295685 0.010205436497926712
0.06056508421897888 -0.2726563513278961 0.05952254682779312
0.09829794615507126 -0.12099842727184296 0.11640417575836182
0.06988320499658585 -0.298827201128006 -0.10642792284488678
-0.17196616530418396 -0.3063197433948517 0.07636886835098267
-0.007476565893739462 -0.08121925592422485 0.011068351566791534
0.263136088848114 -0.15114368498325348 -0.12235206365585327
0.08509431779384613 -0.3126961886882782 -0.00952243059873581
-0.16259658336639404 -0.33328908681869507 0.01727798953652382
-0.15150822699069977 -0.16248729825019836 0.17028263211250305
-0.1649736613035202 0.09896159917116165 -0.1638193279504776
-0.4463270306587219 0.10455194115638733 0.05784900486469269
0.08277184516191483 -0.23973339796066284 0.028037726879119873
-0.049588002264499664 -0.09718792885541916 0.21445460617542267
0.09798194468021393 -0.28811895847320557 0.06805381923913956
-0.007084118667989969 0.004183540120720863 0.23902033269405365
0.07603193074464798 0.049739181995391846 0.27778422832489014
0.055460456758737564 -0.2822566330432892 -0.11853894591331482
-0.053598735481500626 -0.0019175098277628422 -0.2789623737335205
0.055592212826013565 -0.30432242155075073 -0.16903378069400787
0.012272095307707787 -0.3345208466053009 -0.06430830806493759
-0.01802639663219452 -0.26086729764938354 0.12333463877439499
-0.025042995810508728 -0.3832384943962097 -0.2974477708339691
0.1213856115937233 -0.03645600005984306 -0.25508078932762146
-0.029596276581287384 0.006090820766985416 0.18678195774555206
-0.020741745829582214 -0.26846155524253845 -0.004735339432954788
-0.11924697458744049 -0.3281409740447998 0.07755628973245621
-0.2266739010810852 -0.2022288739681244 0.16160430014133453
0.033985886722803116 -0.25905436277389526 -0.21619084477424622
-0.21034665405750275 -0.24371980130672455 -0.01314689964056015
-0.1443471759557724 -0.17455381155014038 0.0544477254152298
-0.2394217550754547 -0.023495282977819443 0.1198524758219719
-0.07822322845458984 -0.2815757691860199 -0.17881162464618683
0.17078837752342224 -0.2923548221588135 0.14741316437721252
0.12946556508541107 -0.3156358599662781 -0.07298853248357773
-0.020451487973332405 -0.3030692934989929 0.04873715341091156
0.032189395278692245 -0.23034845292568207 0.04010329395532608
0.005135541316121817 -0.07960991561412811 0.17881712317466736
0.12045517563819885 -0.24914729595184326 0.08626774698495865
0.12141375988721848 -0.20537406206130981 0.15013115108013153
-0.07669539004564285 -0.26542118191719055 0.1378970742225647
0.3223893344402313 0.02367120236158371 -0.11574442684650421
0.015083245933055878 -0.2787107229232788 -0.11662227660417557
-0.10559280216693878 -0.3330574035644531 -0.17391395568847656
0.09056590497493744 -0.30144327878952026 0.05460750311613083
-0.2722443640232086 0.037469301372766495 -0.21283464133739471
-0.2363695502281189 -0.04324009269475937 -0.01965923234820366
-0.060517627745866776 -0.16685183346271515 -0.013524545356631279
0.11370786279439926 -0.22696708142757416 -0.043437015265226364
0.14716209471225739 -0.29709380865097046 -0.08015698194503784
-0.12727761268615723 0.007276281248778105 0.43284448981285095
-0.18275415897369385 -0.1588636338710785 -0.11268287897109985
0.0045090895146131516 -0.33456581830978394 -0.02516244538128376
-0.056636400520801544 -0.12557832896709442 0.24607563018798828
0.08316897600889206 -0.3407134413719177 0.01757560856640339
-0.0030479957349598408 -0.31591886281967163 0.026135381311178207
-0.07290433347225189 0.07634542882442474 0.07896465808153152
0.04628206789493561 -0.2965203523635864 -0.010464495047926903
0.08928799629211426 -0.33808743953704834 0.07092422246932983
-0.27125900983810425 -0.25705352425575256 0.10510379076004028
0.4636794626712799 0.11900947242975235 0.17249777913093567
0.12415670603513718 -0.29561370611190796 -0.1066090390086174
0.1382208913564682 -0.043439995497465134 0.256685733795166
0.03963719308376312 -0.24894100427627563 -0.022514620795845985
-0.09077975898981094 -0.09209237992763519 0.15528753399848938
0.11849939823150635 -0.18588681519031525 -0.17346380650997162
-0.014361836016178131 -0.3213582932949066 -0.10346738249063492
0.027032898738980293 -0.1558038741350174 0.0013028444955125451
-0.015531444922089577 -0.2970616817474365 -0.19752107560634613
-0.15750645101070404 -0.20089341700077057 0.20632611215114594
0.20941272377967834 -0.30953940749168396 -0.008555730804800987
0.02628578431904316 -0.3042125403881073 -0.4146883487701416
0.17273950576782227 -0.3465501368045807 0.08974882960319519
0.07656704634428024 -0.27701467275619507 -0.05166348069906235
-0.12416737526655197 -0.1892353743314743 -0.1788899153470993
-0.0807003304362297 -0.035909660160541534 0.07163462042808533
0.21091437339782715 0.022819943726062775 0.14995810389518738
-0.13599538803100586 -0.08247415721416473 0.2885415852069855
0.092279352247715 -0.28864654898643494 -0.11846495419740677
0.014304876327514648 -0.2040109932422638 0.16545294225215912
-0.25944578647613525 -0.1404222846031189 0.14527122676372528
0.26096999645233154 -0.04514899477362633 -0.01670875959098339
-0.06804811954498291 -0.28280413150787354 -0.08076255768537521
0.1424923539161682 -0.19974173605442047 -0.0015275180339813232
0.1041790172457695 -0.2886248230934143 0.30992788076400757
0.0733780786395073 -0.27611327171325684 0.15405775606632233
0.1037522628903389 -0.0960792526602745 -0.1630796641111374
0.18703119456768036 -0.3080398440361023 0.06518138945102692
-0.07852073013782501 -0.12695345282554626 0.07827943563461304
0.003770744428038597 -0.3045143783092499 -0.5483802556991577
-0.10490919649600983 -0.23382894694805145 0.12666593492031097
0.00435155164450407 -0.1793482005596161 -0.09997996687889099
-0.1731061488389969 -0.15976709127426147 0.0736180916428566
0.0785386860370636 -0.15085342526435852 0.19003868103027344
0.1196044459939003 -0.325740784406662 -0.05584540590643883
-0.09300093352794647 -0.2642723321914673 -0.17791664600372314
0.14051473140716553 -0.33633336424827576 0.06676946580410004
0.034858234226703644 -0.3222569525241852 -0.050800979137420654
-0.0038238856941461563 -0.313129186630249 -0.07366746664047241
-0.0371895432472229 -0.04247671365737915 0.09713350981473923
-0.1936509907245636 -0.06682328134775162 -0.07948873192071915
0.08717406541109085 -0.08546184003353119 0.1617792397737503
-0.0904025062918663 -0.08904588967561722 0.12975701689720154
0.01562412828207016 -0.2672860324382782 -0.17064543068408966
0.0010337571147829294 -0.20315317809581757 0.18845844268798828
0.06556187570095062 -0.17340527474880219 -0.03964247554540634
-0.21408995985984802 -0.3227299749851227 0.09945867210626602
0.0043565924279391766 -0.3356782793998718 -0.028753386810421944
-0.09277272969484329 -0.08272258937358856 -0.1769646406173706
-0.08326097577810287 -0.11157012730836868 0.06318804621696472
0.21257703006267548 0.06929151713848114 -0.01119135320186615
-0.19744500517845154 -0.2617013156414032 0.03957352787256241
0.010373089462518692 -0.2691290080547333 -0.005680739879608154
0.1784084439277649 -0.10909337550401688 -0.30781659483909607
0.169366255402565 -0.29878121614456177 -0.07569251209497452
-0.008520934730768204 -0.23751899600028992 -0.10308641195297241
-0.28436264395713806 -0.18878678977489471 0.015152834355831146
-0.2071208357810974 -0.09811734408140182 0.24895699322223663
0.29897311329841614 -0.19665774703025818 -0.08714312314987183
-0.004079223144799471 -0.31599563360214233 0.0011906620347872376
-0.11895422637462616 -0.23900847136974335 0.11194523423910141
0.16486448049545288 0.2858627140522003 0.41923287510871887
0.10766731947660446 -0.0274339709430933 0.26592525839805603
-0.13507452607154846 -0.14908801019191742 -0.13024957478046417
-0.05801035463809967 -0.14843988418579102 0.20996244251728058
0.00013024418149143457 -0.27492859959602356 -0.07336454838514328
0.2444538027048111 -0.284761905670166 -0.25403064489364624
0.2684206962585449 -0.08042117953300476 0.16684813797473907
0.05337480828166008 -0.2466035634279251 -0.0006991419941186905
0.20386098325252533 -0.3144502639770508 0.06677816808223724
-0.0038871578872203827 -0.22680601477622986 0.13886922597885132
0.006324999034404755 -0.2755619287490845 0.024488525465130806
0.01797124370932579 -0.17319299280643463 0.16807539761066437
0.14719848334789276 0.09560035914182663 0.10553661733865738
-0.16072526574134827 -0.17565511167049408 0.10012025386095047
0.11643537878990173 -0.14321376383304596 -0.23685212433338165
0.09960519522428513 -0.3014586567878723 -0.052781842648983
-0.0032013654708862305 -0.3400139808654785 -0.0595615915954113
0.24420258402824402 -0.19316713511943817 0.060213565826416016
0.030960194766521454 -0.324169397354126 0.013136753812432289
0.01640177331864834 -0.29730069637298584 0.045048102736473083
-0.08413632214069366 -0.3182792663574219 0.07689490914344788
0.04308094456791878 -0.24817533791065216 0.11850946396589279
0.20416854321956635 -0.22121495008468628 -0.027831099927425385
-0.130214124917984 -0.2298853099346161 0.11084391921758652
0.13770346343517303 -0.1926676630973816 0.03878793492913246
-0.06856808811426163 -0.1707300841808319 -0.050434939563274384
0.08644092082977295 -0.25406673550605774 0.04481583461165428
-0.012954141944646835 -0.23833516240119934 -0.03919454663991928
-0.10021661221981049 -0.19874361157417297 -0.2732389271259308
0.019168078899383545 -0.3233031630516052 -0.049039021134376526
-0.11647994816303253 -0.036602653563022614 0.11880188435316086
-0.07910686731338501 -0.25136294960975647 -0.12219366431236267
-0.025597956031560898 -0.2990019619464874 -0.07525944709777832
0.21353349089622498 -0.2870316207408905 -0.1290363222360611
-0.033730633556842804 -0.1372617483139038 0.24048201739788055
0.12345152348279953 -0.1914612054824829 0.012362759560346603
-0.11287976801395416 -0.3196417987346649 -0.0006597700994461775
-0.1573219746351242 -0.24954047799110413 0.04862413927912712
-0.08441430330276489 -0.254025399684906 -0.14741583168506622
0.12157884240150452 -0.23434120416641235 -0.24032454192638397
0.03603862598538399 -0.32182711362838745 -0.11416309326887131
-0.18519578874111176 -0.3045783042907715 -0.04065622761845589
0.06977171450853348 -0.23394440114498138 0.108842633664608
-0.172846719622612 -0.24544639885425568 0.13401122391223907
0.0670274943113327 -0.22644327580928802 0.025342995300889015
0.11279658228158951 -0.315353661775589 0.13138380646705627
-0.15416958928108215 -0.16843964159488678 -0.15230737626552582
0.002544631250202656 -0.31441155076026917 -0.08842287957668304
-0.028780272230505943 -0.34002745151519775 0.039613667875528336
0.0184260793030262 -0.3201099932193756 -0.11104009300470352
-0.15541580319404602 -0.13248737156391144 -0.25656118988990784
0.189183309674263 -0.22839012742042542 -0.0501081645488739
-0.0949430987238884 -0.04345142841339111 0.18545076251029968
-0.10972858965396881 -0.14802856743335724 0.17849931120872498
-0.10420336574316025 -0.253674179315567 0.10124202072620392
0.07915586978197098 -0.28450247645378113 -0.106052927672863
-0.007676415611058474 -0.32431021332740784 -0.025196082890033722
-0.40483659505844116 0.02057816833257675 -0.18149316310882568
0.24924668669700623 -0.18960660696029663 -0.1253599375486374
-0.12417737394571304 -0.24195174872875214 -0.12313742190599442
-0.13145019114017487 -0.1714828610420227 -0.399141401052475
0.3649415373802185 0.048531074076890945 0.03005065582692623
0.06046381592750549 -0.26059970259666443 -0.050749849528074265
-0.22831381857395172 -0.28973931074142456 -0.012078577652573586
-0.026688022539019585 -0.22025439143180847 0.09758651256561279
0.07699254155158997 -0.24101164937019348 -0.11539363116025925
0.056052688509225845 -0.2872350215911865 0.1469772309064865
0.009906686842441559 -0.3021792471408844 -0.01409074291586876
0.28378826379776 -0.20339080691337585 0.1305156946182251
0.11801338195800781 -0.22022664546966553 -0.036807700991630554
-0.11098795384168625 -0.13308905065059662 0.039475321769714355
0.26134192943573 -0.3203190565109253 0.10425350815057755
0.11019523441791534 -0.28102561831474304 -0.04282950609922409
0.1960919052362442 -0.22445327043533325 -0.10037565231323242
0.024574173614382744 -0.2932140529155731 -0.2576541602611542
0.14598968625068665 -0.28469401597976685 -0.07502298802137375
-0.1874898374080658 -0.255155473947525 -0.08338116109371185
-0.12679171562194824 -0.33347395062446594 -0.18514704704284668
0.20819732546806335 -0.2907542586326599 -0.06462866067886353
-0.10179615020751953 -0.26894259452819824 0.11160378158092499
0.09738226234912872 -0.3371960520744324 0.3642255663871765
0.01667224057018757 -0.20310647785663605 0.07954078167676926
-0.1348627656698227 -0.17806889116764069 0.23516103625297546
0.23490166664123535 -0.28381603956222534 -0.04894404858350754
-0.0502825491130352 -0.2623812258243561 -0.012805584818124771
0.10316158086061478 -0.23274564743041992 -0.04260013997554779
0.1478409767150879 -0.18878693878650665 0.08713064342737198
-0.06754989176988602 -0.32250967621803284 -0.009135603904724121
0.05573286488652229 -0.3105030357837677 0.08648974448442459
-0.0286848247051239 -0.28671127557754517 -0.3105316758155823
0.13601234555244446 -0.29958075284957886 0.10666431486606598
0.13529440760612488 -0.20820480585098267 0.11091425269842148
-0.273240327835083 -0.20459823310375214 -0.3064674437046051
0.1865549385547638 -0.07293220609426498 0.2138964682817459
-0.15374672412872314 -0.19306857883930206 0.028521044179797173
0.035976845771074295 -0.20782561600208282 -0.1323223114013672
-0.04195835813879967 -0.30583110451698303 -0.08994998037815094
-0.09228243678808212 -0.1163083165884018 -0.0849347785115242
-0.1132683977484703 -0.3012937307357788 0.036769431084394455
0.29574885964393616 -0.05896614119410515 0.008224258199334145
0.09831378608942032 -0.04253697767853737 -0.1624222844839096
0.0711371898651123 -0.26906681060791016 0.04802761971950531
-0.20239786803722382 -0.17566001415252686 0.19546978175640106
0.18094390630722046 -0.26774078607559204 -0.0026600821875035763
-0.025396905839443207 -0.25944939255714417 0.021158447489142418
-0.2450476586818695 -0.0010909338016062975 0.06533726304769516
0.09689971804618835 0.09458375722169876 0.24531643092632294
-0.1467721164226532 -0.24699123203754425 0.06461229175329208
0.11189547181129456 -0.18923452496528625 0.2041829228401184
0.0488184317946434 -0.2983815371990204 0.08209067583084106
0.1332271695137024 -0.2803654670715332 0.04869293048977852
0.07606629282236099 -0.194350004196167 0.08757258951663971
-0.013468911871314049 -0.29607686400413513 -0.1437893509864807
0.1370769888162613 -0.11877056956291199 0.22625499963760376
0.1166795864701271 -0.3313264548778534 0.05524637550115585
-0.2076120376586914 -0.20115502178668976 -0.24213068187236786
-0.21930930018424988 -0.14922381937503815 -0.18947529792785645
0.033621352165937424 -0.19135141372680664 0.13968901336193085
-0.005468406714498997 -0.19761066138744354 0.16160306334495544
-0.3522784113883972 -0.16877608001232147 0.1406145691871643
0.047709085047245026 -0.17784184217453003 -0.05308470502495766
-0.13103137910366058 -0.07109963893890381 0.12742134928703308
0.10498189926147461 -0.14188756048679352 0.14046232402324677
-0.01389128714799881 -0.21632778644561768 0.0843532606959343
-0.10060273855924606 -0.15755577385425568 0.14651092886924744
-0.05354741960763931 0.006509424652904272 0.26281410455703735
0.0015339449746534228 -0.33043622970581055 -0.00918235071003437
0.010928353294730186 -0.21362437307834625 0.1606544852256775
0.04001282900571823 -0.30799058079719543 -0.010041728615760803
0.11116870492696762 -0.06422639638185501 -0.0856703594326973
0.19082456827163696 -0.21835602819919586 0.11188642680644989
-0.03988560661673546 -0.3209659457206726 -0.06357653439044952
-0.09782704710960388 0.026221903041005135 0.3631163537502289
0.06650975346565247 -0.1663736253976822 0.016699137166142464
-0.009037768468260765 -0.2550033926963806 0.025386376306414604
-0.1772504299879074 -0.3018173277378082 0.059754952788352966
-0.14581845700740814 -0.27096185088157654 -0.1929774284362793
-0.1251523643732071 -0.30260711908340454 -0.03262113779783249
-0.05409752205014229 -0.2822653353214264 -0.14949974417686462
-0.12681910395622253 -0.30375415086746216 -0.009955056011676788
-0.05051210895180702 -0.30608996748924255 -0.14791208505630493
0.16179244220256805 -0.2910137474536896 0.1711149364709854
0.08467891812324524 -0.2847019135951996 -0.24737463891506195
0.02007349766790867 0.10474240779876709 0.19684068858623505
0.17620417475700378 -0.2882915735244751 -0.07497771084308624
0.4791540503501892 -0.08972819894552231 0.35565653443336487
0.15295608341693878 -0.2360723465681076 -0.1663486659526825
-0.15320545434951782 -0.390182226896286 0.11405637860298157
-0.08485276252031326 -0.016471028327941895 0.08073669672012329
-0.12073938548564911 -0.17077411711215973 -0.09502959996461868
-0.20793120563030243 -0.0490400530397892 0.3493121564388275
-0.16356882452964783 -0.03778497874736786 0.13666850328445435
-0.06409258395433426 -0.1661321073770523 -0.09338333457708359
0.2571713328361511 0.003739834763109684 0.16854462027549744
-0.05162234604358673 -0.2106495350599289 0.15902301669120789
-0.0488012433052063 -0.289230614900589 0.1197144165635109
0.2055005580186844 -0.3135664761066437 0.02437685988843441
0.1807185262441635 0.019707409664988518 0.2537168264389038
0.13848480582237244 -0.30786144733428955 -0.06576608121395111
-0.05288342013955116 -0.06346384435892105 0.16655535995960236
0.0453675352036953 -0.3402719795703888 -0.13801351189613342
0.12131824344396591 -0.11812740564346313 0.21656113862991333
-0.03404838964343071 -0.3420447111129761 -0.00867479108273983
-0.16094180941581726 -0.3481096625328064 -0.002980354707688093
-0.0029865847900509834 -0.32084915041923523 -0.21390871703624725
-0.3683737516403198 -0.07129956781864166 -0.16743820905685425
-0.1615234911441803 -0.04248769208788872 -0.10735483467578888
-0.17181114852428436 -0.0530504547059536 0.08918260037899017
-0.021512597799301147 -0.13857261836528778 0.17709951102733612
0.020160319283604622 -0.31743353605270386 -0.0575905367732048
-0.14928357303142548 -0.07670313119888306 0.13493263721466064
0.2491292953491211 -0.16387608647346497 -0.16852137446403503
0.018810776993632317 -0.018669908866286278 -0.32729071378707886
0.1447584331035614 -0.12417011708021164 -0.3765902817249298
0.6767251491546631 -0.247547447681427 -0.042241696268320084
0.11351366341114044 -0.25749069452285767 0.010737977921962738
0.06010017916560173 -0.25230979919433594 0.06530997902154922
0.0666307881474495 -0.2740785479545593 0.22390145063400269
-0.011135676875710487 -0.11616850644350052 -0.11464980244636536
-0.041487183421850204 -0.3759428560733795 0.09618176519870758
-0.11963041126728058 -0.31757333874702454 -0.09730818122625351
0.03434944897890091 -0.30483099818229675 -0.19138047099113464
0.20380422472953796 -0.2543272376060486 0.013709362596273422
-0.20034953951835632 -0.13681092858314514 0.21570788323879242
0.16302254796028137 -0.30306532979011536 0.08278997987508774
-0.1491820067167282 -0.3023497760295868 -0.14211978018283844
0.1437862664461136 -0.2970978617668152 -0.1117476224899292
0.014990732073783875 -0.2714095115661621 0.07312417775392532
0.019911181181669235 -0.009480945765972137 0.24675694108009338
0.12993158400058746 -0.1601831465959549 0.1431521773338318
0.0008218645234592259 -0.3109705150127411 -0.13732695579528809
-0.11965788900852203 -0.30301323533058167 -0.11986728012561798
0.1873432695865631 -0.2705753445625305 -0.01712016388773918
0.03504961356520653 -0.06958446651697159 -0.07899130880832672
-0.11919420212507248 -0.11970710754394531 -0.04670998081564903
0.1832558661699295 -0.07828928530216217 0.4462794065475464
0.23030409216880798 -0.2215486466884613 0.14765457808971405
0.24561630189418793 -0.27122119069099426 -0.05356834456324577
-0.0021279710344970226 -0.11050740629434586 0.0989333912730217
-0.21359236538410187 -0.2666712701320648 -0.13593986630439758
0.06285035610198975 -0.3015277683734894 -0.03977074474096298
0.009431667625904083 -0.12254637479782104 0.18282034993171692
0.18684925138950348 0.02344931662082672 0.31622663140296936
-0.16944941878318787 -0.06334034353494644 0.0514359213411808
-0.10684245079755783 -0.13613063097000122 0.08207622915506363
0.020775923505425453 -0.248561292886734 -0.06212591752409935
0.21723149716854095 -0.3279854357242584 -0.061798613518476486
0.11340963840484619 -0.25545018911361694 -0.03619006276130676
0.1268315464258194 -0.28663405776023865 0.06480292230844498
-0.3799471855163574 -0.17027588188648224 0.04574132710695267
-0.030332721769809723 -0.18336614966392517 0.11679942160844803
-0.06508496403694153 -0.3219269812107086 0.005206763744354248
-0.2725905776023865 -0.17268045246601105 -0.46257275342941284
0.17961102724075317 -0.3199115991592407 -0.12084517627954483
0.1259537637233734 0.012694427743554115 0.2959420084953308
-0.0324709452688694 0.011967891827225685 0.2757064700126648
0.0537111796438694 -0.09686703234910965 0.1877308040857315
-0.15555068850517273 -0.06719473004341125 0.1726132035255432
-0.09694083780050278 -0.19123417139053345 0.1584153026342392
0.17665204405784607 -0.10003899782896042 0.16955119371414185
-0.08019860088825226 -0.20870910584926605 -0.1289755403995514
-0.08020316809415817 -0.32876408100128174 -0.04656601324677467
0.3727540969848633 -0.24078910052776337 -0.16803593933582306
0.0364394448697567 -0.2990149259567261 0.08035874366760254
-0.09272444248199463 -0.28240734338760376 -0.12412210553884506
0.03659268841147423 -0.265381395816803 -0.07643811404705048
0.1867421716451645 -0.2624664902687073 0.13723619282245636
0.02519775927066803 -0.13682220876216888 0.2679111063480377
-0.086874820291996 -0.38176262378692627 -0.0013093911111354828
0.13065144419670105 -0.28157177567481995 0.10513030737638474
0.10829667001962662 -0.21972738206386566 -0.06700917333364487
-0.07836800813674927 -0.16597016155719757 -0.12171398103237152
0.19904571771621704 -0.23725919425487518 -0.15659765899181366
0.035397157073020935 -0.2659105658531189 -0.06867414712905884
0.17456267774105072 -0.17978228628635406 0.16360774636268616
-0.06515722721815109 -0.1436183899641037 0.27583256363868713
-0.10802943259477615 -0.13704290986061096 0.17476008832454681
0.15771326422691345 -0.07993954420089722 -0.011775985360145569
0.05448004975914955 -0.336324542760849 -0.06672569364309311
-0.10413885116577148 -0.28693029284477234 -0.06368034332990646
0.2702537477016449 0.08966010808944702 0.02802104316651821
-0.1877143234014511 -0.08452866226434708 -0.04306607320904732
-0.1096094623208046 -0.1515835076570511 0.07601543515920639
0.06828656047582626 -0.19992128014564514 -0.08124347031116486
0.2315228432416916 -0.249394029378891 -0.12102697044610977
-0.19854097068309784 -0.1935700625181198 -0.4823165237903595
0.11954009532928467 -0.16496340930461884 0.054747387766838074
0.18409860134124756 -0.3619528114795685 0.0870402529835701
0.04431220144033432 -0.20674140751361847 0.13349300622940063
-0.16544684767723083 -0.22722460329532623 -0.14563137292861938
0.19163893163204193 -0.2951382100582123 -0.12180667370557785
-0.27892088890075684 -0.03448034077882767 0.049517884850502014
-0.3486354947090149 -0.13444927334785461 0.11472631990909576
0.1032111868262291 -0.3224063515663147 -0.013289019465446472
-0.056974705308675766 0.03116495907306671 0.4952375292778015
-0.012248307466506958 -0.3032052218914032 -0.006917544174939394
0.09172989428043365 -0.3150201141834259 -0.23406574130058289
-0.030192628502845764 -0.2185451090335846 -0.08541949093341827
0.009626612067222595 -0.11589045822620392 0.05623658001422882
0.06130176782608032 -0.36958885192871094 -0.0043993848375976086
-0.13125403225421906 0.011951958760619164 0.08597416430711746
0.054120056331157684 -0.32927489280700684 0.006657387595623732
0.07526491582393646 -0.07909216731786728 0.10546866804361343
-0.2773749828338623 -0.16523122787475586 0.11408820748329163
-0.09405709058046341 -0.3104608356952667 -0.10273408889770508
-0.3394181728363037 0.3024318218231201 -0.2046910673379898
0.1404048055410385 -0.28119850158691406 -0.013363484293222427
0.21434512734413147 0.08110106736421585 0.20915593206882477
-0.04567182436585426 -0.20661525428295135 0.18652817606925964
-0.10219814628362656 -0.04341570660471916 0.11739110201597214
0.06722111999988556 -0.21303880214691162 0.11282186210155487
0.038467008620500565 -0.0016613381449133158 -0.0017900445964187384
-0.00048342766240239143 -0.1853940188884735 0.12642088532447815
-0.3669486343860626 0.087504543364048 0.26699450612068176
-0.1180858314037323 -0.28899815678596497 -0.06932435929775238
-0.10837621241807938 -0.3453115224838257 -0.11402340233325958
-0.028284434229135513 -0.3196946084499359 -0.08791346848011017
-0.01962023414671421 -0.29352831840515137 0.0679648369550705
-0.06723936647176743 -0.30966705083847046 0.07490994036197662
-0.2266312837600708 -0.25724107027053833 -0.41459688544273376
0.0319187231361866 -0.1774275004863739 0.06740748137235641
0.05720718577504158 -0.1688227504491806 0.21196173131465912
-0.0005969647318124771 -0.23158305883407593 0.1491255909204483
0.048235055059194565 -0.27780061960220337 -0.20553600788116455
0.08306799083948135 0.18894371390342712 0.261769562959671
-0.1725374162197113 -0.3156221807003021 -0.03532799705862999
0.24897392094135284 -0.20555450022220612 -0.20166362822055817
-0.08072715997695923 -0.28176701068878174 -0.22267094254493713
0.22062523663043976 -0.1396849900484085 0.2885054647922516
0.2977651059627533 -0.12406744807958603 -0.17925025522708893
-0.1303420215845108 -0.27576392889022827 -0.10245388001203537
0.38229259848594666 -0.24692480266094208 -0.14298555254936218
-0.040262412279844284 -0.03042522631585598 0.05701296031475067
0.11232846975326538 -0.2746163308620453 0.0637938529253006
-0.13489104807376862 -0.27749085426330566 0.15228039026260376
-0.21156010031700134 -0.05874216556549072 -0.04769653081893921
0.11054889857769012 0.004650593735277653 0.0019823014736175537
0.0646267980337143 -0.12379350513219833 0.22951270639896393
-0.1334751397371292 -0.1971724033355713 -0.03367257118225098
-0.03537463769316673 -0.10598570853471756 0.1704694628715515
0.04108685627579689 -0.3201458752155304 0.038951221853494644
-0.007003581617027521 -0.2714243233203888 0.032224562019109726
0.07343297451734543 -0.3295081555843353 0.04963618889451027
-0.01660718023777008 -0.2835400700569153 -0.14499108493328094
0.3250121474266052 -0.2557615339756012 -0.2112533301115036
0.031123099848628044 -0.2751925587654114 0.05685535445809364
-0.2799975574016571 -0.21122880280017853 0.09373261034488678
0.06330017000436783 -0.15899568796157837 0.14498800039291382
0.039193294942379 -0.16674230992794037 0.017053915187716484
-0.03686971962451935 -0.3383321166038513 0.038281120359897614
0.0027581416070461273 -0.16711027920246124 -0.33272600173950195
-0.14193031191825867 0.2225685715675354 0.6580657958984375
0.020891787484288216 -0.3741743266582489 -0.16567303240299225
0.1435423195362091 -0.2652309834957123 0.03293181210756302
0.320192813873291 -0.0674719586968422 -0.018938375636935234
0.0556277371942997 -0.301273912191391 0.015272164717316628
0.4241275489330292 -0.10868781805038452 0.032034650444984436
-0.18559007346630096 -0.13388001918792725 -0.14865605533123016
0.07905641198158264 -0.2652575373649597 0.003841122379526496
0.11507563292980194 -0.028510797768831253 0.28807711601257324
-0.0705905556678772 -0.08216941356658936 0.2536982297897339
0.11789502948522568 -0.28606724739074707 -0.018963271751999855
0.07992996275424957 -0.10773428529500961 0.2006548047065735
0.1549786627292633 -0.10261821001768112 0.06380657106637955
-0.19748149812221527 -0.18110285699367523 -0.12581323087215424
-0.12454336136579514 -0.024592498317360878 0.25852498412132263
-0.09175854921340942 -0.24634194374084473 0.10968484729528427
-0.0007318111602216959 0.157347172498703 0.1050529032945633
-0.06167585402727127 -0.2649187445640564 -0.19613656401634216
-0.1448386013507843 -0.12071314454078674 -0.022179029881954193
-0.03699189051985741 -0.06263507902622223 0.22870376706123352
0.3263438045978546 -0.025395983830094337 -0.1770007312297821
-0.17648448050022125 0.17681269347667694 -0.17506282031536102
0.10853851586580276 -0.23557709157466888 0.09416130185127258
-0.06827989220619202 -0.3049381971359253 -0.16371537744998932
0.09203685820102692 -0.3248186409473419 0.004235186614096165
0.020068038254976273 -0.2118908166885376 0.14526720345020294
-0.0306328646838665 -0.18046149611473083 -0.22609655559062958
-0.2497432827949524 -0.23723018169403076 -0.2919876277446747
-0.01576310768723488 -0.33130529522895813 -0.03184747323393822
-0.05055653303861618 -0.18762429058551788 -0.18605487048625946
-0.2607029378414154 -0.05102914944291115 0.16720005869865417
-0.02196642756462097 -0.263179749250412 0.14177989959716797
-0.01061069592833519 -0.10210292786359787 0.17276200652122498
0.039938732981681824 -0.2918952405452728 0.10884414613246918
-0.04414721205830574 -0.28635475039482117 -0.20924654603004456
-0.024406475946307182 -0.24634167551994324 -0.08875449001789093
0.024241594597697258 -0.04349298030138016 0.21500226855278015
-0.3600263297557831 -0.2288159877061844 -0.35421285033226013
-0.20421482622623444 -0.33254897594451904 -0.1282356232404709
-0.21212153136730194 -0.05802982300519943 -0.06957903504371643
-0.013064045459032059 -0.2309064269065857 -0.17312514781951904
-0.14685732126235962 -0.2584589421749115 0.11800619214773178
-0.10205372422933578 -0.2850206792354584 -0.02576574683189392
-0.10968651622533798 -0.05748780444264412 0.2894071042537689
0.14967893064022064 -0.21287420392036438 0.11532707512378693
-0.4282407760620117 -0.13860665261745453 0.3356808125972748
-0.050451748073101044 -0.3709368109703064 0.0010183542035520077
0.061146460473537445 -0.32763785123825073 -0.03887675330042839
0.08873008191585541 -0.17443647980690002 0.21166902780532837
-0.016459744423627853 -0.06067482754588127 0.21930979192256927
-0.08698447048664093 -0.43164294958114624 0.04348888620734215
0.11149495840072632 -0.27336642146110535 -0.16681604087352753
0.18162204325199127 -0.06187097355723381 0.08541218191385269
0.0538349412381649 -0.3397367298603058 -0.15429793298244476
-0.11578761786222458 -0.06406269967556 0.3270529806613922
-0.11381004005670547 -0.16104121506214142 0.04554249346256256
0.04683048278093338 0.029304496943950653 0.23121784627437592
-0.28104227781295776 -0.2318449169397354 0.13150791823863983
-0.11456547677516937 0.21119698882102966 0.12311980873346329
0.1284620761871338 -0.21830371022224426 -0.1725812554359436
-0.03239268437027931 -0.36461421847343445 0.04192214086651802
-0.012175731360912323 -0.3095555007457733 -0.14148782193660736
0.06187710911035538 -0.2239256352186203 0.21862421929836273
-0.03219155967235565 -0.1458585113286972 0.0746183693408966
-0.014340328052639961 -0.3368566334247589 0.010239716619253159
0.028820406645536423 -0.29664844274520874 0.09777093678712845
0.17746087908744812 -0.2706717550754547 -0.2362430840730667
-0.02342916838824749 -0.31007352471351624 0.038485053926706314
-0.09677999466657639 -0.3382735550403595 -0.026201963424682617
-0.06784778088331223 -0.3008449673652649 -0.13039635121822357
-0.046940043568611145 -0.31981146335601807 -0.06967514008283615
-0.09267781674861908 -0.20218876004219055 0.17323333024978638
0.03403109684586525 -0.260657399892807 0.08023612201213837
0.10538045316934586 -0.24175648391246796 -0.018914077430963516
-0.10430320352315903 -0.1348489224910736 -0.20440931618213654
0.2439950555562973 -0.3264564573764801 -0.0264254342764616
0.002296767896041274 -0.11456666886806488 -0.1472470909357071
0.3210604786872864 -0.17299559712409973 -0.27095359563827515
-0.038547903299331665 -0.27270153164863586 -0.13458795845508575
-0.08162586390972137 -0.15436622500419617 -0.08874291181564331
-0.033839527517557144 -0.30023467540740967 -0.19110102951526642
0.06435634195804596 -0.14395630359649658 -0.04143085703253746
0.13958203792572021 -0.22286872565746307 -0.07693768292665482
0.06769450008869171 -0.2368650585412979 -0.2102005034685135
0.1338953971862793 -0.33402732014656067 0.016353512182831764
0.17684076726436615 -0.19077417254447937 0.03263065963983536
-0.05110131949186325 -0.163212850689888 0.03621548041701317
-0.12197520583868027 -0.2709716260433197 0.015102710574865341
0.1646139770746231 -0.18438196182250977 0.1357286125421524
-0.055965524166822433 -0.1315026432275772 0.15823256969451904
0.17338955402374268 -0.2906947433948517 -0.11760229617357254
-0.04409189522266388 -0.24224013090133667 -0.21728798747062683
-0.1610451638698578 -0.22845202684402466 0.1225726455450058
0.06870952993631363 -0.10574030131101608 0.22870643436908722
0.3205704987049103 -0.17359979450702667 -0.22983382642269135
0.01056436076760292 -0.19253884255886078 0.12704694271087646
-0.04790347069501877 -0.3294979929924011 -0.020956723019480705
-0.18308456242084503 -0.0038137054070830345 0.16718412935733795
-0.4846392869949341 -0.19748371839523315 0.178353413939476
0.10099034756422043 -0.1569354385137558 -0.034723661839962006
0.090665802359581 -0.3056994676589966 -0.007364694494754076
0.024720141664147377 -0.3376465439796448 0.060844674706459045
0.005513889715075493 -0.2963148057460785 -0.1254299283027649
-0.11070168018341064 0.015251969918608665 0.12471181899309158
-0.16185492277145386 -0.18746080994606018 0.06057680770754814
-0.14653201401233673 -0.3162498474121094 -0.03380013629794121
0.0414070263504982 -0.35491105914115906 0.21061913669109344
0.07483668625354767 -0.3092847764492035 0.016506027430295944
-0.191077321767807 -0.06932840496301651 -0.08936567604541779
0.004646109417080879 -0.20400701463222504 0.16327707469463348
-0.05566447228193283 -0.3158406615257263 0.08970632404088974
-0.16632845997810364 -0.061655547469854355 0.14115120470523834
0.06678351759910583 -0.3027408719062805 0.037552546709775925
0.1801830232143402 -0.29613301157951355 -0.17960305511951447
-0.08613177388906479 0.02388732321560383 0.012734431773424149
0.07263564318418503 -0.3278690576553345 -0.19484291970729828
-0.10075657814741135 -0.28957459330558777 -0.31832316517829895
0.17593497037887573 -0.3387436270713806 -0.025403983891010284
-0.17694847285747528 -0.29121044278144836 -0.08302846550941467
-0.0415472574532032 -0.13779452443122864 -0.20406346023082733
0.21853642165660858 -0.27457207441329956 0.046004749834537506
0.07458273321390152 -0.2085159569978714 0.0932358056306839
0.18763478100299835 -0.10482481122016907 -0.06600838154554367
0.132043719291687 -0.08485257625579834 0.14701248705387115
0.05529508739709854 -0.31981077790260315 0.03820690140128136
0.032778508961200714 -0.3458021879196167 0.04897347092628479
-0.1475866138935089 -0.3018748164176941 0.004293334204703569
-0.20402468740940094 -0.044695429503917694 0.04092639684677124
-0.042974065989255905 -0.2545265257358551 0.1434342861175537
-0.02849271148443222 -0.33300599455833435 -0.06979972124099731
0.13799472153186798 -0.23571942746639252 -0.062376078218221664
-0.10612994432449341 -0.3120914697647095 -0.054845258593559265
0.027940312400460243 -0.2462339848279953 0.08881820738315582
0.28017252683639526 -0.07594036310911179 0.013391952961683273
-0.037571243941783905 -0.1650334894657135 0.2041166126728058
0.060929976403713226 -0.2881786525249481 -0.1371108740568161
0.18157567083835602 -0.2356259971857071 -0.017737142741680145
-0.15556280314922333 -0.3031649589538574 0.13443750143051147
0.22140878438949585 -0.2788853347301483 -0.11513578146696091
-0.14518631994724274 -0.30086788535118103 0.032744817435741425
-0.08236365020275116 -0.25537365674972534 -0.23759254813194275
-0.12421692162752151 -0.2687194049358368 0.020658476278185844
-0.2152007818222046 -0.0850432813167572 -0.2951110899448395
-0.10498209297657013 -0.11965084075927734 0.2225990742444992
-0.3105386793613434 -0.2355675846338272 -0.05304349958896637
0.13453026115894318 -0.3006480634212494 0.030540097504854202
-0.12342824041843414 -0.14442245662212372 -0.18800297379493713
-0.0037941276095807552 -0.10204862058162689 0.06930674612522125
-0.0896395668387413 0.047954581677913666 0.37793466448783875
-0.03952234983444214 -0.02044154889881611 0.2534056007862091
0.18506686389446259 -0.05482167750597 0.13814713060855865
-0.02103910781443119 -0.0772067978978157 0.13902686536312103
-0.02777080237865448 -0.2800561487674713 0.12909097969532013
0.24412445724010468 -0.0880061537027359 -0.023483160883188248
0.0064974394626915455 -0.30374276638031006 -0.03289235010743141
0.06075205281376839 -0.31707334518432617 -0.054034557193517685
-0.0015210453420877457 0.017745116725564003 0.10540661960840225
-0.02740202285349369 -0.03404662758111954 0.15332600474357605
0.05484480410814285 0.07365536689758301 -0.0026435106992721558
0.10654816031455994 -0.2638503909111023 0.1039145439863205
-0.06453225761651993 -0.3299543857574463 -0.08366954326629639
-0.005615958012640476 -0.28676149249076843 0.09752795845270157
0.08349240571260452 -0.22875550389289856 0.07151604443788528
-0.04322085902094841 -0.2467980682849884 0.1438015252351761
0.0303657203912735 -0.33903688192367554 -0.03552878648042679
-0.03962497413158417 -0.2058899998664856 0.03562147170305252
-0.030218947678804398 -0.1710973083972931 0.06168998405337334
-0.21744880080223083 -0.23645946383476257 -0.1366945207118988
0.09685496240854263 -0.22924412786960602 0.13800999522209167
0.08556067198514938 -0.29502391815185547 0.05763525143265724
-0.01839955523610115 -0.11595052480697632 0.30271124839782715
0.0635170266032219 -0.34201550483703613 -0.04423396289348602
0.07989715039730072 -0.11282243579626083 0.17622382938861847
-0.2429097443819046 0.00012177112512290478 -0.2608756124973297
0.1164279580116272 -0.24087639153003693 -0.04904176667332649
-0.16118882596492767 -0.23970559239387512 -0.14864246547222137
-0.03407967463135719 -0.29656776785850525 -0.1185954362154007
0.07486433535814285 -0.25515711307525635 -0.05186779424548149
0.12381870299577713 -0.3192451298236847 -0.06053493544459343
0.07945253700017929 -0.09748812764883041 -0.028582291677594185
0.04840199649333954 -0.32714056968688965 0.05603144317865372
-0.2097269594669342 -0.21244776248931885 0.059050630778074265
0.07870647311210632 -0.1444702446460724 -0.2506941854953766
0.23496830463409424 -0.3239298462867737 0.016736017540097237
-0.08504233509302139 -0.22583992779254913 0.14488211274147034
-0.09011688083410263 -0.2797190546989441 0.13067200779914856
0.012724189087748528 -0.055716320872306824 0.2544211447238922
0.14381957054138184 -0.2962316572666168 -0.2144332081079483
0.0011952880304306746 -0.14512397348880768 0.1401313841342926
-0.06884586066007614 -0.07446040958166122 -0.07816866785287857
-0.24900776147842407 -0.10258855670690536 -0.1428161859512329
-0.026457305997610092 -0.34694600105285645 -0.0052838693372905254
-0.03568742796778679 -0.28895100951194763 0.06337880343198776
-0.3406383991241455 -0.0687536671757698 -0.1470690220594406
0.11830553412437439 -0.23630785942077637 -0.09461718797683716
0.16819874942302704 -0.2402835488319397 -0.09822681546211243
0.0026778504252433777 -0.19187498092651367 0.11156893521547318
-0.10305280238389969 -0.29696959257125854 -0.012071246281266212
0.11477305740118027 -0.3235132098197937 -0.26141253113746643
0.013065222650766373 -0.19490405917167664 0.055159181356430054
-0.3173370957374573 0.09462887048721313 0.04784442484378815
-0.16831767559051514 -0.3280736804008484 0.10895781964063644
0.24349911510944366 -0.29414603114128113 0.016729535534977913
0.021807078272104263 -0.2811789810657501 0.038624465465545654
0.1561919003725052 -0.11392371356487274 0.14548943936824799
0.09125278145074844 -0.16353005170822144 0.1368480920791626
0.3279986083507538 -0.08292980492115021 0.15328340232372284
0.012314988300204277 -0.1361946165561676 0.23362596333026886
-0.13921713829040527 -0.13275094330310822 -0.20827022194862366
-0.09116876125335693 -0.15908804535865784 0.0761398896574974
-0.21123188734054565 -0.23341742157936096 -0.20793254673480988
-0.07422022521495819 -0.3003464639186859 -0.17261049151420593
-0.25466370582580566 -0.25254368782043457 -0.0003926907666027546
0.04068415239453316 -0.3207907974720001 -0.13342943787574768
0.5013108849525452 -0.030268123373389244 0.06803417205810547
-0.053166281431913376 -0.25872963666915894 -0.1179741695523262
0.14097221195697784 -0.2775951325893402 -0.3132336735725403
0.10862540453672409 -0.016465947031974792 0.27118009328842163
0.1538604497909546 0.005673637147992849 -0.25331827998161316
-0.06871944665908813 -0.09153545647859573 0.21496066451072693
0.22979551553726196 -0.3088420331478119 -0.02002272754907608
0.055310964584350586 -0.42060333490371704 0.15369334816932678
0.05392427742481232 -0.34189993143081665 0.007611578330397606
0.23421986401081085 -0.2647486925125122 0.24499569833278656
-0.05987389013171196 -0.2966689169406891 -0.1495954692363739
-0.0929097831249237 -0.10875604301691055 0.13875438272953033
-0.22843904793262482 -0.1409251093864441 -0.2688579261302948
0.1635933369398117 -0.21576562523841858 0.00761102419346571
0.03956112265586853 -0.2825600504875183 0.0068606846034526825
0.04750531166791916 -0.3256409764289856 -0.03354448452591896
-0.29580795764923096 -0.1991913616657257 -0.204200878739357
0.21427462995052338 0.06791563332080841 0.17805461585521698
0.11370807141065598 -0.3282594382762909 0.06503926217556
0.04798978567123413 -0.26754334568977356 -0.19956016540527344
0.3167445659637451 -0.020003074780106544 0.17878316342830658
0.2670722007751465 -0.2351212203502655 -0.12498892098665237
0.03244653344154358 -0.10998369753360748 0.21330273151397705
0.06336181610822678 -0.30570220947265625 -0.10115566849708557
0.027094852179288864 -0.2167987823486328 0.14997054636478424
-0.026978911831974983 -0.09229210764169693 0.2582656443119049
0.1624852865934372 -0.32235586643218994 0.035066019743680954
0.023563586175441742 -0.3089654743671417 0.07250549644231796
-0.19614478945732117 -0.046848755329847336 0.2686806619167328
-0.3302099108695984 -0.050553396344184875 -0.012149512767791748
-0.008046390488743782 -0.30181869864463806 -0.14327771961688995
0.006077372469007969 -0.2832387089729309 -0.2273978590965271
-0.1409459114074707 -0.13952717185020447 -0.17391441762447357
-0.10895328968763351 -0.2569507658481598 -0.0030515645630657673
-0.17191283404827118 -0.2966432571411133 -0.06795407831668854
-0.09632258117198944 -0.2090907096862793 -0.05171848088502884
-0.030716672539711 -0.31833797693252563 -0.1288592666387558
0.13604189455509186 -0.10489793121814728 0.1377076655626297
0.20280352234840393 -0.31630340218544006 0.005112964194267988
-0.14256635308265686 -0.3067963719367981 -0.017634963616728783
-0.10915115475654602 -0.09956952929496765 -0.027079354971647263
0.05974844470620155 -0.12729285657405853 0.16899904608726501
0.08768872171640396 -0.2223593145608902 -0.1928061991930008
0.12456020712852478 -0.2946566045284271 0.09249164164066315
0.1946861445903778 -0.16898508369922638 0.0869491770863533
0.11308204382658005 -0.19905459880828857 -0.12916257977485657
0.040037937462329865 -0.33335965871810913 -0.04789993539452553
-0.21321581304073334 -0.23327292501926422 0.08569719642400742
-0.04137054458260536 0.039098843932151794 0.2875514328479767
0.1029568612575531 -0.27327874302864075 -0.24485714733600616
-0.17927315831184387 -0.16826732456684113 0.11534181982278824
0.22194460034370422 -0.0577547624707222 0.15371836721897125
0.023194722831249237 -0.3136921525001526 -0.06995322555303574
-0.020260484889149666 -0.06693734228610992 -0.10755453258752823
0.0782281830906868 -0.18178734183311462 0.11495885252952576
0.09601999819278717 -0.21119900047779083 -0.15560919046401978
0.13839605450630188 -0.18312397599220276 0.23234333097934723
0.06524283438920975 -0.26726454496383667 -0.0538141168653965
-1.600128598511219e-06 -0.3471378684043884 -0.055467478930950165
-0.2811287045478821 -0.07942960411310196 -0.19049833714962006
-0.07691000401973724 -0.08032459765672684 0.03587014973163605
-0.37854236364364624 -0.08618628233671188 0.07959739863872528
-0.04609363153576851 -0.2555702030658722 0.12640197575092316
0.214124396443367 -0.3079555034637451 -0.09407153725624084
-0.03875308483839035 -0.31021901965141296 0.0629243329167366
-0.1978542059659958 -0.1041143387556076 0.16817006468772888
0.043756142258644104 -0.13962231576442719 0.11952084302902222
-0.18276627361774445 -0.18724849820137024 0.04892539605498314
0.09082410484552383 -0.10260845720767975 0.10440700501203537
0.18882843852043152 -0.23928770422935486 0.14574091136455536
0.14841657876968384 -0.2883240282535553 -0.15056650340557098
0.0827188491821289 -0.2254316657781601 -0.295722633600235
0.16747768223285675 -0.1516810655593872 0.0882391482591629
-0.22669367492198944 -0.12577137351036072 -0.016094673424959183
0.060018859803676605 0.3536650240421295 0.31661561131477356
0.28022971749305725 -0.22264236211776733 0.0710095539689064
0.09064080566167831 -0.21518297493457794 0.07522789388895035
-0.1057901382446289 -0.2874316871166229 0.01936742290854454
0.1268000602722168 -0.18420244753360748 -0.0900106132030487
-0.17360270023345947 -0.12119773775339127 0.16095054149627686
0.04727644845843315 -0.2682962715625763 0.03038368746638298
-0.2338920384645462 -0.28526511788368225 0.0398230217397213
-0.14055007696151733 -0.13375285267829895 0.1036023274064064
-0.09333162754774094 -0.11857588589191437 -0.1871691793203354
-0.2599167823791504 0.10988116264343262 0.09054064005613327
-0.11783958971500397 0.04087457433342934 0.42095497250556946
0.235341414809227 -0.3089621961116791 0.006785018369555473
-0.23906069993972778 -0.30766600370407104 -0.06633272022008896
0.09784174710512161 -0.31483200192451477 -0.03839041665196419
-0.06994003057479858 -0.29631978273391724 0.0818684920668602
0.005938251037150621 -0.3036521375179291 -0.01667596399784088
-0.025189684703946114 -0.3219778537750244 0.08570634573698044
-0.19388431310653687 -0.2686188220977783 0.04349774867296219
-0.050022389739751816 -0.2332926094532013 -0.14829066395759583
-0.1236768439412117 -0.24845589697360992 0.09980833530426025
-0.24502882361412048 0.00928526185452938 -0.11984826624393463
-0.11326946318149567 -0.2936441898345947 -0.04981948062777519
-0.02319766953587532 -0.3104567527770996 -0.12984918057918549
-0.10669815540313721 0.12653185427188873 0.45128995180130005
0.06291739642620087 -0.19497263431549072 -0.05498882010579109
0.09720440953969955 -0.08783560246229172 0.11685838550329208
0.10770091414451599 -0.2816212773323059 -0.10341541469097137
0.16152067482471466 -0.3391646146774292 0.018714312463998795
-0.056932613253593445 -0.265010803937912 -0.05424747243523598
-0.08590922504663467 0.0004700665012933314 0.12458706647157669
0.07642828673124313 -0.17300686240196228 0.1871967911720276
0.15809641778469086 0.10745017975568771 0.3946777284145355
-0.11875254660844803 -0.24892657995224 0.13323290646076202
-0.3219698369503021 -0.2579546868801117 -0.20638489723205566
0.10187727957963943 -0.3097725510597229 -0.024761678650975227
0.0727606788277626 -0.2897794544696808 0.032747890800237656
-0.2551073431968689 -0.1327482908964157 -0.0116717629134655
-0.05106115713715553 -0.13453646004199982 0.09094763547182083
0.07695142924785614 -0.25526461005210876 -0.1398548185825348
0.1783708781003952 -0.040266599506139755 0.1943454146385193
0.0691823735833168 -0.24845241010189056 0.1476210504770279
-0.14771147072315216 -0.292844295501709 -0.1733354926109314
0.005822742357850075 0.0726776048541069 0.13566528260707855
-0.021766677498817444 -0.30159902572631836 0.07152014970779419
0.018967028707265854 -0.083856500685215 0.2566555142402649
0.189895361661911 -0.05480223521590233 0.08401158452033997
0.09832277148962021 -0.004094657488167286 0.11937367171049118
-0.14580094814300537 -0.3384048640727997 -0.007001626770943403
0.07102636992931366 0.19661763310432434 0.08037921786308289
-0.03575291484594345 -0.26287591457366943 0.027593616396188736
0.024829622358083725 -0.11209491640329361 0.08109235763549805
0.1416715830564499 0.1014801412820816 0.18445485830307007
0.1307966113090515 -0.32787618041038513 -0.018338888883590698
0.09840930253267288 -0.1900120973587036 0.1114441454410553
-0.022516507655382156 -0.03013056330382824 0.06688254326581955
0.02965177595615387 -0.27152854204177856 0.2894916832447052
0.20624898374080658 -0.31316715478897095 0.08470585942268372
0.00699629494920373 -0.2920304834842682 0.08441745489835739
-0.09792070090770721 -0.3271951973438263 0.07400165498256683
0.02015562728047371 -0.256440132856369 -0.2645397186279297
0.2978498935699463 -0.13885876536369324 -0.2510225772857666
0.1287774294614792 -0.30839022994041443 0.009537849575281143
0.025837058201432228 -0.3020789921283722 -0.1193658784031868
-0.15795576572418213 -0.2674170136451721 0.1109180599451065
0.07747886329889297 -0.2826046347618103 -0.004349702037870884
-0.11410754173994064 -0.2485676109790802 -0.006589257624000311
0.022536028176546097 -0.22912703454494476 0.09024935960769653
0.049156103283166885 -0.3205399811267853 -0.1595376878976822
0.010827040299773216 -0.07234451174736023 0.03587895259261131
-0.19087649881839752 -0.08532840013504028 0.16459468007087708
-0.2125146985054016 -0.18311281502246857 0.10015097260475159
-0.01925009675323963 -0.20629851520061493 -0.10426727682352066
0.012369239702820778 -0.2992926239967346 -0.1514112502336502
0.28748875856399536 -0.21800783276557922 0.022354617714881897
0.31989172101020813 -0.19458653032779694 -0.03586434945464134
0.14510297775268555 -0.18375347554683685 -0.0035647298209369183
-0.35607489943504333 -0.21274830400943756 -0.03553830087184906
0.15496808290481567 0.06270977109670639 -0.09253443777561188
-0.045625995844602585 -0.11710108071565628 -0.3380955457687378
0.07117177546024323 -0.11919920146465302 0.07909918576478958
-0.27478304505348206 -0.17878030240535736 0.0005562474252656102
-0.2026202529668808 0.09026885777711868 0.37525129318237305
-0.04005247354507446 -0.31390032172203064 0.015702251344919205
-0.003156812395900488 -0.34986215829849243 -0.004970277659595013
-0.156425341963768 -0.3277726471424103 -0.07082311064004898
-0.09284760057926178 -0.24298760294914246 0.04997429996728897
-0.2063884735107422 0.07532358169555664 0.2356175184249878
0.02155372127890587 -0.2988411784172058 -0.015195520594716072
-0.26243728399276733 -0.19958451390266418 0.06481236964464188
0.17782793939113617 -0.2711097002029419 -0.03205064684152603
-0.046252451837062836 -0.12660159170627594 0.19098111987113953
-0.17218288779258728 -0.23673324286937714 -0.3402341306209564
0.07523062080144882 -0.22454780340194702 0.0922795757651329
0.12042292952537537 -0.07584484666585922 -0.1414596289396286
-0.06854312121868134 -0.2858542501926422 0.09490358084440231
0.1299777776002884 -0.3035575747489929 -0.010106919333338737
-0.14344966411590576 -0.10760845243930817 0.01713523082435131
-0.15499566495418549 -0.25724610686302185 -0.1705608367919922
0.22187736630439758 0.006043579895049334 0.06277911365032196
0.13981786370277405 0.3372334837913513 0.4599432051181793
0.297442227602005 6.760214455425739e-05 0.1057618260383606
0.11147522181272507 -0.04196647182106972 0.20166756212711334
-0.15731047093868256 0.08796516060829163 0.159566730260849
0.18960930407047272 -0.2149585336446762 0.07090437412261963
0.2026224285364151 -0.0680447593331337 0.0028983799275010824
-0.028538472950458527 -0.1872723549604416 0.09250083565711975
-0.0830426886677742 -0.1006883978843689 -0.022348569706082344
-0.05417870357632637 0.08448004722595215 0.2794264256954193
0.0044592516496777534 -0.3137308359146118 -0.005927786231040955
-0.005601210985332727 -0.1731473207473755 0.006676272954791784
0.21289552748203278 -0.12480521947145462 -0.12519168853759766
-0.041981663554906845 -0.31141209602355957 0.0071194833144545555
-0.11572340875864029 -0.2785424292087555 0.05891875922679901
0.13515621423721313 -0.2836783528327942 0.09463399648666382
-0.050267282873392105 0.11223724484443665 0.46330544352531433
0.0691656619310379 -0.3158756196498871 -0.07673143595457077
0.038321733474731445 -0.3117615580558777 0.02354344166815281
-0.09822431206703186 -0.1256258487701416 -0.010043399408459663
0.06580222398042679 -0.3432678282260895 0.1013220027089119
-0.1572841852903366 0.025326669216156006 0.26239901781082153
0.09910847246646881 -0.4267081022262573 -0.005837746895849705
0.20514415204524994 -0.10498569160699844 -0.019942626357078552
0.06057819351553917 -0.3575632870197296 -0.04283403977751732
-0.34856805205345154 0.07247181981801987 0.17523394525051117
0.18093924224376678 -0.29595881700515747 -0.09375397115945816
0.21926122903823853 -0.2848412096500397 -0.07038252055644989
0.03937835991382599 -0.0987979918718338 0.09325878322124481
0.1639796942472458 -0.2562006115913391 0.06667835265398026
-0.06946071982383728 -0.3247338831424713 -0.09763481467962265
0.10606246441602707 -0.1802738755941391 -0.10028582066297531
-0.09104923158884048 -0.2737613916397095 -0.17122992873191833
-0.06653355062007904 -0.3385094702243805 0.18931980431079865
0.11467008292675018 -0.2937576472759247 0.08463729918003082
0.022991182282567024 -0.03229844197630882 0.2102462649345398
-0.051470231264829636 0.13738106191158295 0.37121617794036865
0.017986467108130455 -0.1833166778087616 -0.004105546977370977
-0.09389705210924149 -0.2640727758407593 -0.14517809450626373
0.01350957341492176 -0.31224316358566284 0.011329581961035728
-0.12555067241191864 -0.20351865887641907 0.1374792754650116
-0.21374760568141937 -0.14328031241893768 0.11671759188175201
-0.14201147854328156 -0.2809886634349823 0.11379361152648926
-0.18881148099899292 -0.2133026123046875 -0.050173014402389526
-0.04626411199569702 -0.11715206503868103 0.07905873656272888
0.05501512438058853 -0.016488827764987946 0.29702600836753845
0.15869030356407166 0.2451472133398056 0.3730519115924835
-0.021212181076407433 -0.318399578332901 0.22484026849269867
0.04623587429523468 -0.1918453425168991 0.07176989316940308
-0.10849626362323761 -0.3253917992115021 -0.09239622205495834
0.15304797887802124 -0.21244604885578156 -0.05961495637893677
0.2806338965892792 0.006232580170035362 0.06175670772790909
-0.04445730522274971 -0.34177452325820923 -0.0773434117436409
0.10715531557798386 -0.23980756103992462 0.07404555380344391
0.1520153433084488 -0.29769375920295715 -0.16268214583396912
0.07249612361192703 -0.1339307427406311 0.18701304495334625
-0.139709934592247 -0.2640875577926636 -0.17743080854415894
0.06654555350542068 -0.17391979694366455 0.017942963168025017
0.2248736470937729 -0.22627177834510803 -0.22121942043304443
-0.021488258615136147 -0.3267194330692291 0.12813633680343628
-0.10565956681966782 0.0016568019054830074 0.36736878752708435
0.2140500396490097 -0.2834016680717468 -0.10751212388277054
-0.23533962666988373 -0.11155502498149872 0.20954595506191254
0.1464846134185791 -0.10921651124954224 0.039187125861644745
0.061371129006147385 -0.1598602533340454 0.1497877687215805
-0.2890128195285797 -0.2181815654039383 0.17729000747203827
-0.2548306882381439 -0.055991280823946 -0.07363617420196533
-0.08859742432832718 -0.09288991242647171 -0.12881940603256226
-0.1500333696603775 -0.19979293644428253 -0.051884956657886505
0.16193389892578125 -0.11279572546482086 0.06648661196231842
0.07595153152942657 -0.29557082056999207 0.15811793506145477
0.23682832717895508 -0.29486700892448425 -0.08846347033977509
0.28899726271629333 -0.22904129326343536 0.1257016509771347
0.028300736099481583 -0.3469967246055603 0.05203212425112724
0.10950197279453278 -0.20984195172786713 0.1624840646982193
0.06813674420118332 -0.2964569926261902 -0.3787703514099121
0.150590717792511 -0.21552835404872894 0.05255238339304924
0.03828278183937073 -0.329302042722702 0.1401289999485016
0.03837219998240471 -0.2656534016132355 -0.07961290329694748
0.11686517298221588 -0.0020462898537516594 0.2515140473842621
0.23424740135669708 -0.08863747119903564 0.09129326790571213
-0.11598578095436096 -0.29671359062194824 0.04303307458758354
0.040939655154943466 -0.31466060876846313 -0.015599243342876434
0.08737774938344955 -0.0845680832862854 0.38529813289642334
-0.06086363270878792 -0.23540955781936646 -0.056169137358665466
-0.004677967168390751 0.042109519243240356 0.260902464389801
0.22606122493743896 -0.03917722776532173 0.11026449501514435
0.11335579305887222 -0.09599217772483826 -0.1574687957763672
-0.25822553038597107 -0.12563958764076233 0.06371070444583893
-0.30741846561431885 -0.15173129737377167 0.18268845975399017
-0.1187431812286377 -0.34375521540641785 0.04007425904273987
-0.013951199129223824 -0.02810477465391159 0.22381243109703064
0.2357129454612732 -0.31405457854270935 0.004489176906645298
0.13271918892860413 -0.2452516406774521 -0.08760339766740799
-0.0867219939827919 -0.3304879367351532 -0.05122242122888565
-0.11627407371997833 -0.3170483708381653 -0.06824566423892975
0.06617467105388641 -0.30428314208984375 -0.2094402015209198
0.13854289054870605 -0.2995017170906067 0.04458647221326828
0.12840639054775238 -0.1985260248184204 -0.07563163340091705
-0.15469801425933838 -0.3332061767578125 0.1278364062309265
0.036486536264419556 -0.07249139994382858 0.1948438435792923
0.1013137623667717 -0.2803304195404053 -0.07568620890378952
0.24867045879364014 -0.22829291224479675 0.034909266978502274
-0.33617889881134033 -0.0408024787902832 0.04633750766515732
-0.17143818736076355 -0.16622982919216156 -0.24445384740829468
-0.10334537923336029 -0.28781452775001526 -0.012633360922336578
-0.13794130086898804 -0.13547632098197937 0.1454717367887497
-0.35525041818618774 -0.13722825050354004 -0.07097633183002472
-0.06536538898944855 -0.24792343378067017 -0.2651088833808899
0.20405082404613495 -0.1912553459405899 0.13876183331012726
0.11311377584934235 -0.023397814482450485 0.033722054213285446
-0.03510957211256027 -0.25211113691329956 0.055952779948711395
-0.08920375257730484 -0.2065277397632599 -0.3709975779056549
0.027233358472585678 -0.2875416576862335 -0.1575927883386612
-0.0765671506524086 -0.31575146317481995 0.035333313047885895
0.05853691324591637 0.059200458228588104 0.32386770844459534
-0.07057146728038788 0.02174416370689869 0.11643265187740326
0.05467043071985245 0.060181476175785065 0.14815384149551392
-0.26827186346054077 -0.1425027847290039 0.15184445679187775
-0.14202676713466644 -0.018808461725711823 0.026023760437965393
-0.06644172221422195 -0.31995919346809387 0.06694792211055756
-0.029632827267050743 -0.2532307803630829 -0.01966487616300583
-0.041275206953287125 -0.3103983700275421 -0.10714191943407059
-0.10132695734500885 -0.3109057545661926 -0.2895938754081726
-0.15776963531970978 -0.3382856249809265 0.06332642585039139
-0.048610564321279526 -0.20211832225322723 0.21975825726985931
0.1494518220424652 -0.19899332523345947 -0.1634267121553421
0.005171380937099457 -0.2877460718154907 0.04843493923544884
0.12889714539051056 -0.2693679630756378 0.13273093104362488
0.12041530758142471 -0.23562222719192505 0.10236483067274094
-0.024201657623052597 -0.15359419584274292 0.10846859216690063
0.053394872695207596 -0.28734222054481506 0.0344967283308506
-0.15294206142425537 -0.052272070199251175 0.0006352425552904606
0.1839335858821869 -0.2518795430660248 -0.022453468292951584
0.1990496814250946 -0.2557135224342346 0.011010376736521721
0.024639343842864037 -0.16511987149715424 0.2111642211675644
-0.13856522738933563 -0.1028711199760437 -0.23615683615207672
0.1064140647649765 -0.22203727066516876 0.013371506705880165
0.07474353909492493 -0.2802705764770508 -0.0202986728399992
0.1038016751408577 -0.29417145252227783 0.10246323049068451
0.16803346574306488 -0.07794961333274841 0.1568291336297989
0.10840824246406555 -0.2849208116531372 0.2155100405216217
0.14170055091381073 -0.544292688369751 -0.6437144875526428
0.14552976191043854 -0.14562389254570007 0.029861953109502792
-0.08144471049308777 -0.2435111254453659 0.17384544014930725
0.18044646084308624 -0.31389325857162476 0.0017257927684113383
-0.2168188840150833 -0.3345370888710022 0.0028742931317538023
-0.36506274342536926 -0.29719972610473633 0.06413434445858002
-0.10787729918956757 -0.19133414328098297 -0.12773458659648895
-0.1229579746723175 -0.20113888382911682 -0.2205629050731659
0.09536401927471161 -0.32509011030197144 0.018221765756607056
0.2649838626384735 -0.1862274557352066 -0.08022119849920273
-0.08678630739450455 -0.22474108636379242 -0.03096717782318592
0.1661633849143982 -0.30618205666542053 -0.04616546630859375
0.19394969940185547 -0.3342767655849457 -0.298713356256485
-0.23249037563800812 -0.315280556678772 -0.03234659507870674
0.09978434443473816 -0.0735601931810379 0.12940599024295807
0.1411363035440445 -0.2973385155200958 -0.20639197528362274
0.19401268661022186 -0.17501819133758545 -0.08512522280216217
0.08966504782438278 -0.2901019752025604 -0.25672268867492676
-0.19462637603282928 -0.10314343124628067 -0.012119356542825699
-0.062142856419086456 -0.3349362015724182 -0.32085180282592773
-0.22393494844436646 -0.15413519740104675 0.06158975511789322
-0.07302819937467575 -0.20131024718284607 -0.028601108118891716
0.024112535640597343 -0.20166534185409546 -0.1813172549009323
0.12289977818727493 -0.1225496307015419 0.22528646886348724
0.14568932354450226 -0.2791259288787842 0.06191320717334747
-0.0690649151802063 -0.048149507492780685 -0.02984505333006382
-0.23014786839485168 -0.2789885103702545 0.00964381918311119
0.2682914733886719 -0.18482398986816406 -0.03473116084933281
-0.1451675444841385 -0.09499053657054901 0.017579397186636925
0.03829016536474228 0.026136644184589386 0.28450894355773926
0.16157110035419464 0.1310562938451767 0.46400487422943115
-0.09525083750486374 -0.10847935080528259 -0.01127500832080841
-0.13376866281032562 -0.11864835768938065 0.024640891700983047
-0.025278974324464798 -0.29833292961120605 0.07831908017396927
-0.005253052804619074 -0.12542948126792908 0.019393853843212128
0.005353064276278019 -0.11023946106433868 -0.19224265217781067
-0.007641015108674765 -0.1375507414340973 0.24303601682186127
0.19663488864898682 -0.26279252767562866 0.09067525714635849
-0.030832014977931976 -0.1781844198703766 -0.07761716842651367
0.23225335776805878 -0.39097797870635986 -0.043279681354761124
-0.26695019006729126 -0.28797489404678345 0.09643609076738358
0.20561157166957855 -0.27951696515083313 -0.1091889813542366
0.020983975380659103 -0.32216620445251465 -0.010011989623308182
0.10737346112728119 -0.04544178396463394 0.261004775762558
-0.11761728674173355 -0.18629685044288635 0.2658185362815857
-0.016276193782687187 -0.24033118784427643 -0.019219428300857544
0.019384486600756645 -0.15998966991901398 -0.0035581388510763645
0.047390058636665344 -0.25791051983833313 0.03909105807542801
0.03477461636066437 0.2006579041481018 0.0991024598479271
0.10714239627122879 -0.23465189337730408 0.09529784321784973
0.055788490921258926 -0.2703265845775604 0.058232586830854416
-0.009319515898823738 0.0676649659872055 0.31769701838493347
0.07881149649620056 0.21437591314315796 0.02646668069064617
-0.1654599905014038 -0.2738324701786041 0.04870732128620148
-0.023279011249542236 -0.29769012331962585 0.09757232666015625
0.11853156983852386 -0.3426225185394287 -0.0351562462747097
0.19636742770671844 -0.1441565901041031 -0.04278478026390076
-0.13007093966007233 0.1750972419977188 0.24889037013053894
0.18856602907180786 -0.04306916147470474 0.1606961488723755
0.024519626051187515 -0.32987916469573975 -0.03401997312903404
-0.1820651888847351 -0.19925004243850708 -0.16926193237304688
0.045944418758153915 -0.26952800154685974 0.11418724060058594
-0.05164496600627899 -0.35020947456359863 0.004200028255581856
0.06658390909433365 -0.05683734267950058 0.24837155640125275
-0.13765212893486023 -0.07606147229671478 -0.007884522899985313
0.07608874142169952 -0.271942675113678 0.04003455117344856
0.055604130029678345 -0.238216370344162 0.16619497537612915
-0.024236395955085754 -0.25129613280296326 -0.10534001886844635
-0.05626899003982544 -0.29151737689971924 0.01008613035082817
-0.1947014033794403 -0.108425572514534 0.0781543105840683
0.05452355742454529 -0.2907012701034546 -0.25624990463256836
-0.013710614293813705 -0.12490395456552505 0.041814036667346954
0.08919910341501236 -0.03381933271884918 0.27157682180404663
-0.09211339801549911 -0.2740177810192108 -0.30033159255981445
0.11023189127445221 -0.08041957020759583 -0.19367629289627075
-0.014850521460175514 -0.14245639741420746 -0.14109475910663605
-0.027789615094661713 -0.3161580264568329 -0.035720083862543106
-0.026613283902406693 0.08543135225772858 0.1056688129901886
0.03787313774228096 0.002284551039338112 -0.30629438161849976
0.0731758326292038 -0.29898256063461304 -0.21828904747962952
0.0619153268635273 -0.03227148577570915 -0.2375742644071579
-0.0996539443731308 -0.2917432487010956 0.09155269712209702
0.19436171650886536 -0.2988092303276062 0.07324019819498062
-0.07808460295200348 -0.2219327837228775 -0.07821520417928696
-0.06736986339092255 -0.2896190285682678 -0.04340459033846855
0.1740080565214157 -0.20154403150081635 0.1657717525959015
-0.2916416525840759 -0.06603804975748062 -0.06299295276403427
-0.041837677359580994 -0.19500331580638885 -0.046446382999420166
-0.5731250643730164 0.03663491830229759 -0.15722855925559998
-0.32034575939178467 -0.27214381098747253 0.08095119148492813
-0.3549678325653076 -0.06691553443670273 0.24035878479480743
0.07161111384630203 -0.28611308336257935 0.12542736530303955
0.046467673033475876 0.020633796229958534 0.1231769546866417
-0.17532652616500854 0.01694020815193653 -0.109904445707798
0.15351316332817078 0.06052638962864876 -0.055428434163331985
0.03574937954545021 -0.10811794549226761 0.2956395447254181
-0.10179370641708374 -0.24778153002262115 0.11994685232639313
-0.10356849431991577 -0.2648707926273346 -0.17640097439289093
-0.15288510918617249 -0.26708313822746277 -0.16206279397010803
0.30721545219421387 -0.3475324809551239 -0.017858821898698807
0.08858625590801239 -0.33185699582099915 -0.004891349468380213
0.08817791193723679 -0.21729379892349243 0.11031597852706909
-0.19310829043388367 -0.08584104478359222 0.1308833807706833
0.12192393094301224 -0.3254181444644928 -0.05328259617090225
-0.07616061717271805 -0.10654351115226746 0.2141721099615097
0.011480230838060379 -0.22186700999736786 0.23858727514743805
-0.11254584044218063 -0.21828337013721466 -0.08370596170425415
-0.22119207680225372 -0.06704869121313095 0.08826891332864761
-0.10122054070234299 -0.12056374549865723 -0.0577436238527298
0.06507483869791031 -0.2886883616447449 -0.17055363953113556
0.08306379616260529 -0.30213502049446106 -0.23171396553516388
0.017602821812033653 -0.33409327268600464 -0.08945116400718689
0.0071829441003501415 -0.3219980299472809 -0.10715935379266739
-0.0321073904633522 -0.30149126052856445 0.0952553004026413
0.01093200035393238 -0.048865098506212234 -0.11551125347614288
0.15771444141864777 -0.28239840269088745 0.1410864144563675
-0.00898638367652893 -0.5148462057113647 -0.33088070154190063
0.13913212716579437 -0.17699149250984192 0.013689635321497917
0.10267461836338043 -0.05554351210594177 0.36835232377052307
0.032519157975912094 -0.3133571147918701 -0.08310598880052567
-0.2492910623550415 -0.2353137880563736 0.008638889528810978
0.2278086096048355 -0.28218263387680054 -0.24099667370319366
-0.17112833261489868 0.030162282288074493 0.28420546650886536
0.10506755858659744 -0.245684415102005 -0.05473097041249275
-0.09448066353797913 -0.1674637794494629 0.3020628094673157
-0.03533363714814186 -0.33927881717681885 -0.07902232557535172
-0.2055012732744217 -0.20648056268692017 0.1632293164730072
0.019781682640314102 -0.2803310453891754 0.025641106069087982
0.06132839247584343 -0.27103930711746216 -0.12132186442613602
0.10061487555503845 -0.16758812963962555 -0.004903745837509632
0.08926668763160706 -0.2319246083498001 -0.17636893689632416
0.1262846142053604 -0.24209977686405182 0.358369916677475
0.14833177626132965 -0.32651323080062866 -0.06162943318486214
0.10225436091423035 -0.21728739142417908 0.06805955618619919
0.244899183511734 -0.3688981235027313 0.12201113998889923
0.13145475089550018 -0.06417272239923477 -0.025484474375844002
0.007889809086918831 -0.16302049160003662 0.024456335231661797
0.11500279605388641 -0.0655895322561264 0.019033988937735558
0.10478218644857407 -0.313711017370224 -0.09801238030195236
0.11118350923061371 -0.3433363437652588 0.0006165971281006932
0.1827269345521927 -0.32722920179367065 0.02806219644844532
-0.1777244508266449 -0.08563914895057678 0.13849706947803497
0.12075749784708023 -0.2851792275905609 -0.017619675025343895
0.09933950006961823 -0.15490451455116272 0.15803775191307068
0.23273062705993652 -0.3037164807319641 0.04266725853085518
-0.1633743941783905 -0.03701555356383324 0.11409635841846466
0.3264194130897522 -0.29103952646255493 -0.0020667186472564936
0.007723214570432901 -0.23805801570415497 0.12435520440340042
-0.015683969482779503 -0.0941145196557045 -0.2778815031051636
-0.11560630053281784 -0.29866501688957214 -0.07883933186531067
-0.009218163788318634 -0.20381391048431396 0.034842539578676224
-0.18391689658164978 -0.27982935309410095 -0.20387597382068634
-0.05234628915786743 -0.29346638917922974 -0.18866688013076782
-0.21575820446014404 -0.2542761266231537 -0.12460745126008987
0.15941528975963593 -0.3272717595100403 0.06144377216696739
-0.2894264757633209 -0.06016013026237488 0.037022147327661514
0.1261192411184311 -0.2776942551136017 -0.06462927162647247
0.07807128876447678 -0.1298818588256836 0.17973428964614868
-0.005689788144081831 -0.08872827887535095 0.1412724256515503
0.14221900701522827 -0.0463782474398613 0.10645235329866409
-0.5345922708511353 -0.25019246339797974 -0.011560836806893349
0.1411781907081604 -0.1606329083442688 0.10881760716438293
-0.2170514315366745 -0.17604929208755493 0.15511389076709747
0.03908700495958328 -0.2578994333744049 0.06208255887031555
0.25628218054771423 -0.13795006275177002 0.09005118161439896
-0.002097431803122163 -0.2504411041736603 0.062186941504478455
0.2106436938047409 -0.2750764489173889 0.0005543796578422189
0.24686746299266815 -0.1783394068479538 0.23012691736221313
-0.397914320230484 -0.19653674960136414 -0.2888895869255066
0.3330190181732178 0.05807298794388771 -0.1898023635149002
0.13678885996341705 -0.30119094252586365 -0.10291628539562225
-0.20056284964084625 -0.005236573051661253 0.1523430496454239
0.1586706042289734 -0.2990364134311676 -0.15727169811725616
0.26634642481803894 0.24442864954471588 0.0867270678281784
0.002057556062936783 -0.28782856464385986 -0.31388920545578003
-0.31919434666633606 -0.07995389401912689 -0.23405595123767853
0.0010471452260389924 -0.35758158564567566 -0.031189071014523506
0.0761851817369461 -0.311978816986084 0.004879161715507507
0.08299796283245087 -0.32538431882858276 -0.04928397759795189
0.028647195547819138 0.0032271433155983686 0.043061669915914536
0.1917402297258377 -0.08957512676715851 -0.05799039453268051
-0.12039539963006973 -0.015636608004570007 -0.027025165036320686
0.012235863134264946 -0.29634103178977966 0.008792417123913765
-0.056942056864500046 -0.2656749486923218 -0.013862228021025658
-0.1802278608083725 -0.044191956520080566 -0.1887769103050232
-0.04878160357475281 -0.1869255155324936 0.18977171182632446
-0.13822036981582642 -0.1449434757232666 -0.1848522573709488
-0.11931084841489792 -0.3091932535171509 -0.06676188111305237
-0.055108897387981415 -0.2852538824081421 -0.26750901341438293
-0.2126172035932541 -0.25719279050827026 -0.03157293424010277
-0.08309623599052429 -0.3038806915283203 0.08335964381694794
0.2585785686969757 -0.1845511943101883 -0.11485639959573746
0.05553516745567322 -0.14290352165699005 0.17989276349544525
0.22052501142024994 -0.12320957332849503 0.2065742015838623
0.11916069686412811 -0.33890300989151 0.10949287563562393
0.02247587963938713 -0.22975000739097595 0.10272892564535141
0.2578534483909607 -0.2679142951965332 -0.19561311602592468
-0.06409955024719238 -0.32513368129730225 -0.060943495482206345
0.042914941906929016 -0.3279237449169159 0.05361030250787735
-0.1243293508887291 -0.33206576108932495 -0.0025529772974550724
0.12887999415397644 -0.2951824963092804 -0.04511064291000366
0.046333760023117065 -0.15236173570156097 0.1531631499528885
0.18715603649616241 0.04937218129634857 0.11401418596506119
0.14233450591564178 -0.05317383259534836 0.19054557383060455
0.26874852180480957 -0.3334175944328308 0.03305269405245781
-0.07351864129304886 -0.2513093948364258 0.058506134897470474
-0.2822231650352478 -0.18564482033252716 0.15421828627586365
0.31499457359313965 -0.24208103120326996 -0.34916529059410095
-0.08645638078451157 -0.26735273003578186 -0.14977237582206726
-0.05490892753005028 -0.26859018206596375 0.11465907841920853
-0.18497535586357117 -0.30242809653282166 -0.13619613647460938
-0.06131615489721298 0.05716612935066223 0.2598818242549896
-0.07267984747886658 -0.3324570953845978 0.013766447082161903
0.2577304244041443 -0.28084251284599304 -0.11160720884799957
-0.007863620296120644 -0.1688598394393921 -0.06433398276567459
-0.2111855000257492 -0.31752368807792664 -0.005900327581912279
-0.03855861723423004 -0.25922930240631104 -0.1768837720155716
-0.14299829304218292 0.09801589697599411 0.24345718324184418
0.0046826498582959175 0.06289952248334885 0.3438248634338379
-0.0750158503651619 -0.23494331538677216 -0.1995045244693756
0.116155706346035 -0.30258145928382874 0.08415002375841141
0.03442275896668434 0.01941840350627899 0.21726270020008087
0.19554060697555542 -0.29383137822151184 -0.03460587188601494
-0.17289210855960846 -0.2078457474708557 -0.021285435184836388
-0.2627657949924469 0.27347394824028015 -0.007563850376754999
0.19454620778560638 -0.32397010922431946 0.05642952397465706
0.09590662270784378 -0.31121814250946045 0.0031338296830654144
0.03926093131303787 -0.18588636815547943 -0.01880580186843872
-0.32536283135414124 -0.07139646261930466 -0.022746248170733452
0.07925882935523987 -0.19746331870555878 -0.03421281278133392
-0.06912916153669357 -0.046989910304546356 0.1610790640115738
0.05528358742594719 -0.3305986821651459 -0.06405302882194519
0.0977519303560257 -0.35809826850891113 -0.18132169544696808
-0.13780948519706726 -0.31907394528388977 -0.04526817426085472
-0.18992969393730164 -0.2798475921154022 -0.19360098242759705
0.22718966007232666 -0.10953302681446075 -0.032777126878499985
-0.1092061698436737 -0.28186774253845215 -0.09291122108697891
0.017544426023960114 -0.24640558660030365 -0.008691605180501938
-0.005582107231020927 -0.2529105246067047 0.09604156762361526
-0.009574465453624725 -0.21613457798957825 0.08390924334526062
0.14351893961429596 -0.2724677324295044 -0.20034748315811157
-0.1776188611984253 -0.2988293170928955 -0.13497070968151093
0.06434338539838791 -0.1574367731809616 0.2992190718650818
0.01722521148622036 -0.09089622646570206 0.34137287735939026
-0.10314694046974182 -0.10345664620399475 0.20371875166893005
0.0757090374827385 -0.15280672907829285 0.042411722242832184
0.1543910801410675 -0.307126522064209 0.07168502360582352
-0.1373472809791565 -0.2724210321903229 -0.3339987099170685
0.03440181910991669 -0.31838423013687134 0.006773482542484999
0.045142561197280884 -0.08762676268815994 -0.07358265668153763
0.08548876643180847 -0.2250814288854599 0.1048794686794281
-0.06832550466060638 -0.19499005377292633 0.19790895283222198
0.020101677626371384 -0.31363704800605774 0.04278448596596718
-0.32673606276512146 0.13107353448867798 0.052369605749845505
0.1923522800207138 -0.1789599508047104 0.05253968387842178
-0.028938602656126022 -0.3290659785270691 -0.035937272012233734
-0.012545561417937279 -0.3035140037536621 -0.06814614683389664
-0.007381254341453314 -0.16283324360847473 0.21783259510993958
-0.2190532684326172 -0.3754279911518097 0.09323827177286148
-0.03374691307544708 -0.2006935477256775 -0.16133038699626923
0.018372012302279472 -0.3257223069667816 -0.0778016671538353
0.03239365667104721 -0.3008285164833069 0.022715743631124496
-0.06481031328439713 -0.14399364590644836 -0.1412947028875351
0.01164679229259491 -0.1821359544992447 0.1965121179819107
0.046923357993364334 -0.152914360165596 0.04081611707806587
0.08790288865566254 -0.21462514996528625 0.07465378195047379
0.0018501314334571362 -0.3411765694618225 -0.04999851807951927
0.04315538704395294 -0.27170875668525696 -0.22793516516685486
-0.16948340833187103 -0.2438454031944275 0.16231891512870789
-0.14308030903339386 -0.311327189207077 0.027091074734926224
-0.11806876212358475 0.06255557388067245 0.44539955258369446
0.13830867409706116 -0.26072579622268677 -0.16213582456111908
0.0005757250473834574 -0.27852603793144226 -0.23634272813796997
-0.03789417818188667 -0.12294550985097885 0.058623187243938446
0.013770462945103645 -0.3393774926662445 0.01602652110159397
0.019025582820177078 -0.3314811587333679 0.037117913365364075
0.27761003375053406 -0.16851893067359924 -0.14700919389724731
0.027199413627386093 -0.3004280626773834 -0.04311501234769821
0.11174589395523071 -0.2690217196941376 0.03395872563123703
0.14497479796409607 -0.28565946221351624 -0.15640924870967865
0.09665077179670334 -0.1399320662021637 0.17765453457832336
-0.021797137334942818 -0.036576639860868454 0.2707692086696625
-0.10863513499498367 -0.26435089111328125 -0.20830385386943817
-0.21740283071994781 -0.2307620793581009 -0.00010719941928982735
0.2567335367202759 -0.3272184133529663 0.13726429641246796
-0.12021677941083908 -0.25346672534942627 -0.06736849248409271
0.17512445151805878 -0.1620791256427765 -0.296226441860199
-0.3613296449184418 0.262043297290802 0.129879429936409
0.10357949882745743 -0.19952943921089172 0.061061035841703415
-0.09845105558633804 -0.18965572118759155 -0.11164116114377975
-0.023123396560549736 -0.16665145754814148 -0.06049095466732979
-0.14464403688907623 -0.230819433927536 0.09636501222848892
-0.17387264966964722 -0.0369226448237896 0.3561767041683197
-0.4491654634475708 -0.059748511761426926 -0.27974173426628113
0.0421563982963562 -0.2633014917373657 -0.18170908093452454
0.2453523576259613 -0.21915167570114136 -0.13379420340061188
0.12201627343893051 0.026443226262927055 0.21211650967597961
-0.03960196673870087 0.10172015428543091 0.3042266070842743
0.08503439277410507 -0.22098152339458466 -0.0673004761338234
-0.0594671331346035 -0.18491847813129425 0.3473115861415863
-0.1077703982591629 -0.2988470196723938 -0.11655755341053009
-0.08978913724422455 -0.21785779297351837 0.2871837615966797
0.1437462419271469 -0.24429334700107574 -0.16061100363731384
0.05335398390889168 -0.11793319135904312 0.13481245934963226
-0.1393546611070633 0.16562700271606445 0.2548350393772125
0.049993135035037994 -0.28846579790115356 -0.18388956785202026
0.17491622269153595 -0.2888030707836151 -0.23174570500850677
0.16255705058574677 -0.3398817777633667 0.005406424403190613
0.08740823715925217 -0.2548362612724304 0.11018876731395721
0.04910445213317871 -0.07916958630084991 0.012142807245254517
0.07545827329158783 -0.07626749575138092 0.023742007091641426
-0.0927555039525032 -0.11650890111923218 -0.15796034038066864
-0.06021939218044281 -0.3493911623954773 0.0589287132024765
-0.020726829767227173 -0.1940046101808548 -0.08949512988328934
0.01523599773645401 -0.2593935430049896 0.12260156869888306
0.0015174017753452063 -0.2880817651748657 -0.1023673415184021
-0.028010977432131767 -0.3443065881729126 -0.03185836225748062
-0.3559187650680542 -0.18955036997795105 0.03842694312334061
-0.049294374883174896 -0.15508650243282318 0.165781170129776
0.08025068789720535 -0.1181824579834938 0.15572094917297363
0.02893749438226223 -0.26538851857185364 0.041896700859069824
-0.1855376809835434 -0.16139966249465942 0.15442602336406708
-0.03875097259879112 -0.28015023469924927 -0.3312145173549652
-0.100139319896698 -0.324405312538147 0.11936627328395844
-0.1331164687871933 0.15912312269210815 0.0033921028953045607
-0.1305447369813919 -0.22652648389339447 0.1048789918422699
0.1288442611694336 -0.2005516141653061 -0.3830314874649048
0.13095831871032715 -0.04069770872592926 0.11170420050621033
0.09009893238544464 -0.27352508902549744 -0.12351828068494797
0.1841815561056137 0.0929151326417923 0.17033621668815613
-0.06345879286527634 -0.26609447598457336 -0.13835512101650238
0.06285101175308228 -0.2841316759586334 0.1724749505519867
-0.1352272778749466 0.027603348717093468 0.25592151284217834
0.008369354531168938 -0.3230748474597931 -0.0393761582672596
0.10970782488584518 0.024943653494119644 0.4523385465145111
-0.22283075749874115 -0.2610025107860565 0.17779305577278137
0.037122298032045364 -0.2307671308517456 0.14371030032634735
-0.02294265478849411 -0.3313089609146118 -0.12048977613449097
0.05590147525072098 -0.2596642076969147 -0.17606192827224731
0.09692972153425217 -0.39350953698158264 -0.30725404620170593
0.018815217539668083 -0.015491873025894165 0.1425149142742157
-0.12210200726985931 -0.23423421382904053 -0.012889396399259567
0.03955533355474472 -0.08164773881435394 0.014561174437403679
-0.15726058185100555 -0.1830519586801529 -0.08219512552022934
-0.1726386845111847 -0.03805531933903694 -0.2727987468242645
-0.016761919483542442 0.05333225801587105 0.07693998515605927
-0.1100931167602539 -0.14776761829853058 0.02720867656171322
-0.08519355207681656 -0.2768697738647461 -0.1680629700422287
0.05839713290333748 0.06243283674120903 0.43473711609840393
0.061884596943855286 -0.3237658143043518 0.05406569316983223
-0.000988560263067484 0.25530871748924255 0.20944719016551971
0.05793771892786026 -0.13444748520851135 0.15117409825325012
0.07756387442350388 -0.14259684085845947 -0.1630600094795227
-0.1339017152786255 0.07525871694087982 -0.07299760729074478
-0.016906850039958954 -0.33778271079063416 0.02210080996155739
-0.13275080919265747 -0.2656247913837433 -0.03795013576745987
0.02841896563768387 -0.26598143577575684 -0.05418309196829796
0.17167551815509796 0.0444265641272068 0.26318350434303284
0.05578073114156723 -0.3179941773414612 0.0443565808236599
-0.11180300265550613 -0.1133858859539032 0.1040310263633728
-0.09186822921037674 -0.23930029571056366 -0.07496034353971481
0.144048273563385 -0.24845214188098907 0.019105633720755577
0.06023875251412392 -0.1269644796848297 -0.06909236311912537
0.03777154162526131 -0.2398412674665451 0.010019969195127487
-0.11170826852321625 -0.3153815269470215 -0.128093883395195
0.14289624989032745 -0.2620505690574646 0.1294303834438324
-0.18973790109157562 -0.10529108345508575 0.0668119564652443
0.14384645223617554 -0.20292465388774872 -0.07531818747520447
0.23390983045101166 -0.29938963055610657 0.039474956691265106
-0.13318854570388794 -0.15834306180477142 0.29878026247024536
-0.03268088027834892 -0.31809094548225403 -0.023692935705184937
-0.047979723662137985 -0.1570666879415512 0.1737005114555359
0.07779096066951752 -0.24121315777301788 -0.14147859811782837
0.09055119752883911 -0.2986479103565216 -0.011900505051016808
0.03813282772898674 -0.3480032980442047 -0.0007433604914695024
0.30901986360549927 -0.21193575859069824 0.19934363663196564
-0.1373608559370041 -0.1046607717871666 -0.052703190594911575
0.11956590414047241 -0.32005923986434937 0.04797644913196564
-0.023836728185415268 -0.2967633306980133 0.1046249121427536
-0.17274631559848785 -0.3327004909515381 0.002738930517807603
0.07596144825220108 -0.21973638236522675 -0.3138622045516968
0.01581661030650139 -0.3635750710964203 0.08782915771007538
0.00782858207821846 -0.23214691877365112 -0.13230136036872864
0.02897738292813301 -0.16641320288181305 -0.17637687921524048
0.07528342306613922 -0.026894889771938324 0.18680579960346222
-0.42446309328079224 -0.3427354097366333 0.03573713079094887
-0.13879235088825226 -0.08565915375947952 -0.014660889282822609
-0.03022899478673935 -0.32432377338409424 -0.06031777337193489
0.08108845353126526 -0.33091646432876587 -0.057496629655361176
-0.14182396233081818 -0.2726150155067444 0.13607023656368256
-0.005148970987647772 -0.2906343936920166 -0.04107297211885452
0.07117348909378052 -0.07945411652326584 -0.09701552242040634
0.10198182612657547 -0.3231666088104248 0.022722478955984116
0.027953125536441803 -0.09007617831230164 -0.13870252668857574
-0.04623387008905411 -0.2662791907787323 0.019193826243281364
0.035206571221351624 -0.3269588351249695 -0.14278309047222137
-0.12809541821479797 -0.21935398876667023 -0.059711914509534836
-0.15054646134376526 -0.3180147111415863 -0.017007792368531227
-0.22260072827339172 0.19556234776973724 0.02494296059012413
-0.18080806732177734 -0.1835375875234604 0.25652942061424255
0.2500137388706207 -0.30961430072784424 -0.2180594950914383
-0.024508222937583923 -0.30561545491218567 0.06178329139947891
-0.21948501467704773 0.05324624851346016 0.2666862905025482
-0.028602860867977142 -0.058341920375823975 -0.2716945707798004
0.1830821931362152 -0.25736746191978455 -0.11465991288423538
0.18830084800720215 -0.18476594984531403 -0.14418970048427582
-0.3333563506603241 0.002697518328204751 0.03642096370458603
-0.17326268553733826 -0.03328896686434746 -0.3192925751209259
0.05721496790647507 -0.2971097230911255 -0.23922280967235565
0.06712068617343903 -0.3430892527103424 0.06044599413871765
0.2178732305765152 0.0858721062541008 0.2955605387687683
0.14329935610294342 -0.24077941477298737 -0.0155760757625103
-0.08240151405334473 -0.3163972496986389 -0.017686877399683
0.13037751615047455 -0.16395173966884613 0.09627696126699448
0.19960922002792358 -0.3072122633457184 0.060113415122032166
-0.13245265185832977 -0.3206237256526947 0.007720624562352896
-0.1565375179052353 -0.1715134084224701 0.08217598497867584
-0.08066422492265701 -0.2133663296699524 0.038966767489910126
0.07709380984306335 -0.2623060941696167 -0.12104381620883942
-0.2916027009487152 -0.11883114278316498 -0.287862628698349
-0.04409279301762581 -0.29076072573661804 0.11941573768854141
0.10509553551673889 0.16951903700828552 0.09127186238765717
0.02815822698175907 -0.17418326437473297 -0.1205129474401474
-0.026824824512004852 -0.32661598920822144 -0.012974146753549576
-0.00485580088570714 -0.15178173780441284 0.17522726953029633
0.18625611066818237 -0.15794789791107178 0.0826171413064003
-0.1831747591495514 -0.1756979078054428 0.12630338966846466
-0.008241485804319382 -0.31876811385154724 -0.1698146015405655
0.2273510992527008 -0.3045066297054291 -0.019861677661538124
-0.09349582344293594 0.09076380729675293 0.29468032717704773
0.08047586679458618 -0.18288235366344452 -0.24553070962429047
-0.27056556940078735 -0.11191500723361969 -0.03904302790760994
0.002106349915266037 -0.2154679000377655 0.02063763700425625
-0.027296869084239006 -0.29666322469711304 0.03770425170660019
-0.040442269295454025 -0.10119321197271347 0.21352753043174744
0.18730980157852173 -0.3539148271083832 0.06739972531795502
0.20496688783168793 -0.17609663307666779 0.15869846940040588
0.2356293797492981 -0.2277110368013382 -0.156690314412117
0.012587599456310272 -0.13070139288902283 0.2935519218444824
-0.35560929775238037 0.16645477712154388 0.23078316450119019
0.18772374093532562 -0.3377184271812439 -0.21948640048503876
-0.16315171122550964 -0.08814013749361038 -0.10606170445680618
-0.002520363312214613 -0.3523690104484558 -0.01916639506816864
0.13737308979034424 -0.05127066746354103 0.048681825399398804
0.09644784033298492 -0.2981738746166229 -0.002452791202813387
0.15957579016685486 -0.28164881467819214 -0.1552637666463852
-0.15278761088848114 -0.19617126882076263 -0.2145138829946518
0.12769515812397003 -0.1395183801651001 -0.18838416039943695
0.12664242088794708 -0.3194115459918976 0.05631677433848381
0.12424514442682266 -0.20777593553066254 0.20422914624214172
0.08463277667760849 -0.306601345539093 0.03821753337979317
0.05521287024021149 -0.0955279991030693 -0.16496114432811737
0.27170872688293457 -0.05387429520487785 -0.048393238335847855
-0.1097540333867073 -0.27982527017593384 -0.10182968527078629
0.09413579106330872 -0.267787367105484 0.10599201917648315
-0.4448762834072113 -0.07072901725769043 -0.02472676709294319
-0.17903807759284973 -0.3390105366706848 -0.002554378006607294
0.020539725199341774 -0.054833900183439255 0.2658320963382721
-0.011099454015493393 -0.2325088530778885 0.10116700083017349
0.21530990302562714 0.07580038905143738 -0.07536845654249191
-0.09581964462995529 -0.30559802055358887 -0.04475286602973938
-0.13856463134288788 -0.2983319163322449 0.17187698185443878
0.004806550219655037 -0.2717265784740448 0.09516561031341553
-0.061527371406555176 -0.22677230834960938 -0.06533558666706085
-0.1350201964378357 0.12163480371236801 0.4140840172767639
0.03690321370959282 -0.1480007916688919 0.11131777614355087
0.1450272649526596 -0.3558409512042999 0.16273315250873566
-0.1635158360004425 -0.27154770493507385 -0.1775326430797577
0.032199449837207794 -0.2734972834587097 -0.04444485902786255
-0.2101791948080063 0.005421275272965431 0.17338109016418457
-0.04477423429489136 -0.21390843391418457 -0.25513026118278503
-0.08235525339841843 -0.30765238404273987 -0.07805684953927994
0.03814077377319336 -0.041283540427684784 0.1704554408788681
-0.1416628658771515 -0.005974197294563055 0.22030818462371826
0.026620054617524147 -0.31418687105178833 -0.038152314722537994
0.24259772896766663 -0.16802361607551575 -0.07971206307411194
-0.2068834751844406 -0.16334037482738495 -0.23527391254901886
0.21275021135807037 -0.25611114501953125 0.22537648677825928
-0.05790947377681732 -0.24578775465488434 -0.10585304349660873
-0.029501281678676605 -0.25791895389556885 -0.1828141063451767
0.2547245919704437 -0.26874327659606934 -0.20772652328014374
-0.06457512080669403 -0.30922508239746094 -0.15878166258335114
-0.3895282447338104 0.14046655595302582 -0.04502929374575615
0.03244401514530182 -0.22571298480033875 0.14789597690105438
0.05015888065099716 -0.2700323462486267 -0.07023246586322784
0.20129188895225525 -0.3018496036529541 0.06952307373285294
-0.07343132793903351 -0.2746037542819977 -0.20984552800655365
0.14878883957862854 -0.01000010035932064 0.2633512318134308
-0.02306608110666275 -0.04564184695482254 0.20115512609481812
-0.11314689368009567 -0.26363611221313477 -0.794373095035553
-0.2018231898546219 -0.33784228563308716 0.07675734162330627
-0.2198783904314041 -0.296958327293396 -0.039835043251514435
0.09954898804426193 -0.31093138456344604 -0.008743887767195702
-0.07461988925933838 -0.28331854939460754 0.07509596645832062
-0.26993125677108765 0.0017485618591308594 0.045110929757356644
0.2914871871471405 -0.275493323802948 0.06626807898283005
-0.21655382215976715 -0.09158298373222351 0.006445557344704866
0.030300971120595932 -0.21812987327575684 0.012890314683318138
0.1330404281616211 -0.16412389278411865 -0.076578289270401
0.19143427908420563 -0.08811698853969574 0.09761257469654083
-0.25404325127601624 -0.1951800286769867 -0.055388353765010834
0.1586814522743225 -0.23367838561534882 0.110855333507061
-0.014065297320485115 -0.15418116748332977 0.11773398518562317
0.09346877038478851 -0.18203520774841309 -0.1146828904747963
-0.06175292283296585 0.008120964281260967 0.2790306508541107
-0.08368293941020966 -0.1900128573179245 0.12792091071605682
-0.02649812400341034 -0.30353036522865295 -0.2234833687543869
0.06913500279188156 -0.21945269405841827 -0.0186363123357296
0.04767501726746559 -0.22421570122241974 -0.09923145920038223
0.041528649628162384 -0.11187246441841125 -0.14737765491008759
-0.11028441041707993 -0.2030460685491562 0.22761814296245575
-0.050317972898483276 -0.10612981766462326 0.016384586691856384
-0.06826193630695343 -0.2231145203113556 -0.12755046784877777
-0.012808898463845253 -0.1928463578224182 0.25139108300209045
0.10310309380292892 -0.31354063749313354 0.1459854394197464
0.0652305856347084 -0.18380074203014374 -0.06654267013072968
0.05465340614318848 -0.23781666159629822 0.04551597312092781
0.370248407125473 -0.3528776466846466 -0.18015149235725403
0.12886208295822144 -0.30212077498435974 -0.010457364842295647
0.08160766214132309 -0.31719955801963806 -0.037314675748348236
-0.2933294475078583 -0.16936476528644562 0.12864245474338531
-0.013113554567098618 -0.10233982652425766 0.28979164361953735
0.202129527926445 -0.09362025558948517 0.13824748992919922
0.14751990139484406 -0.2956902086734772 -0.018676456063985825
-0.01092512533068657 -0.32685989141464233 -0.0689760223031044
0.007386231794953346 -0.12861377000808716 0.11044717580080032
0.09942688792943954 -0.15114262700080872 -0.2321702539920807
0.08873427659273148 -0.18299491703510284 -0.042851679027080536
0.1794174313545227 -0.13338041305541992 -0.07186588644981384
-0.18651500344276428 -0.26396992802619934 -0.12796670198440552
