ply
format ascii 1.0
element vertex 2048
property float x
property float y
property float z
end_header
0.2267240732908249 0.11202161014080048 -0.10245664417743683
-0.06457642465829849 0.12700888514518738 0.16362711787223816
0.03155331313610077 -0.13996060192584991 0.08708420395851135
0.1011844202876091 -0.47123831510543823 -0.004779679235070944
0.01049363985657692 -0.363626092672348 0.10505526512861252
0.20072583854198456 0.1110178679227829 0.020309405401349068
0.22524532675743103 -0.9080106019973755 -0.05911865457892418
0.3021353483200073 0.34370681643486023 0.5150794386863708
-0.045731186866760254 -0.05118846148252487 0.049779705703258514
0.038782306015491486 -0.26242193579673767 0.05432957783341408
0.07145391404628754 -0.5494356155395508 0.4914964437484741
-0.025906501337885857 0.14234325289726257 0.06163627281785011
0.1032894030213356 -0.21977217495441437 0.1777905523777008
-0.06318286806344986 0.007485688664019108 0.29332610964775085
-0.16062898933887482 0.19512015581130981 0.3569547235965729
-0.07991276681423187 0.011438893154263496 0.24477115273475647
0.09136606007814407 -0.011551575735211372 0.42643097043037415
-0.18369834125041962 0.39544835686683655 0.4239341616630554
0.059936508536338806 -0.3268281817436218 -0.28500375151634216
0.1284741908311844 0.0083631481975317 0.10789234191179276
0.006573962047696114 0.11485302448272705 -0.06886613368988037
0.0506753996014595 -0.6170148253440857 0.13982486724853516
-0.10661976784467697 0.2621798515319824 0.8333447575569153
-0.24501784145832062 0.13558721542358398 0.3321826756000519
0.3002510368824005 0.24194762110710144 -0.04025213420391083
-0.09346992522478104 0.010325552895665169 -0.29117029905319214
-0.2519337236881256 -0.02056984230875969 0.3975297212600708
0.15069381892681122 0.10592038929462433 0.3234651982784271
0.005775501951575279 -0.09892471134662628 -0.10162222385406494
0.11909445375204086 -0.49114659428596497 0.2134125530719757
0.11198457330465317 0.09113083779811859 0.2685862183570862
0.006018494255840778 0.05505501478910446 0.21449577808380127
-0.022718938067555428 0.057695355266332626 0.06820068508386612
-0.2136271744966507 0.27879488468170166 0.4796563386917114
0.1438378244638443 -0.37995168566703796 0.18904897570610046
-0.2725956439971924 0.19866520166397095 0.6768398284912109
-0.07386323809623718 0.13550561666488647 0.0792168602347374
0.0020488479640334845 -0.02276931144297123 0.45235395431518555
-0.08590574562549591 0.18869709968566895 0.3725050687789917
0.12390990555286407 -0.661251425743103 0.08605805039405823
0.024647274985909462 -0.19257065653800964 0.427157461643219
0.1297813057899475 0.14330808818340302 0.4031578600406647
0.07223352044820786 -0.509011447429657 0.3207583725452423
0.18158073723316193 -0.327710896730423 0.1940976083278656
-0.24474161863327026 -0.022721584886312485 0.556502103805542
0.29717209935188293 -0.060148946940898895 0.10235578566789627
-0.1158541738986969 -0.11557995527982712 0.46651843190193176
-0.24453619122505188 -0.0655648484826088 0.30770984292030334
0.06019026041030884 -0.2738121747970581 -0.07215480506420135
-0.12376033514738083 -0.1728692501783371 0.42796581983566284
-0.019204147160053253 0.30768266320228577 0.05944284051656723
-0.028362739831209183 -0.10490033775568008 -0.08584863692522049
-0.17624934017658234 0.22062836587429047 0.07492911070585251
-0.057256851345300674 -0.34755831956863403 0.12183336913585663
0.2025901824235916 -0.21497710049152374 0.2529498338699341
0.18885427713394165 -0.38796818256378174 -0.09031987190246582
-0.04767762869596481 -0.18268530070781708 0.36781859397888184
0.13141170144081116 -0.3550634980201721 0.2266824096441269
0.3930010497570038 0.049542125314474106 0.2513108253479004
0.08861255645751953 0.025960681959986687 0.40561434626579285
-0.22611235082149506 0.13013188540935516 0.30267298221588135
0.0823436751961708 -0.14145353436470032 0.08629409968852997
-0.12180297076702118 0.053911902010440826 0.22331412136554718
-0.12787464261054993 0.13796676695346832 0.23171912133693695
0.036242540925741196 0.12484553456306458 0.18087171018123627
-0.07600254565477371 -0.041011203080415726 0.07034618407487869
-0.11606118828058243 0.10515205562114716 0.33538544178009033
0.06711157411336899 -0.28554320335388184 0.15128517150878906
-0.17269740998744965 0.12129127979278564 0.31359583139419556
-0.0177051592618227 -0.14587436616420746 -0.050265345722436905
-0.2573985457420349 -0.128503680229187 0.23411434888839722
-0.039647068828344345 0.14095938205718994 -0.1661553680896759
-0.04255097359418869 -0.009662983939051628 0.061598144471645355
-0.10514573007822037 -0.06667084991931915 0.40289074182510376
-0.22694450616836548 0.05821771174669266 0.33559706807136536
-0.17423225939273834 -0.22033579647541046 0.30183470249176025
0.09330015629529953 -0.48183608055114746 -0.1775364726781845
-0.03598104789853096 0.18572328984737396 0.5056840777397156
0.18932035565376282 -0.38538190722465515 -0.04440893977880478
-0.30097395181655884 0.10694790631532669 0.6018904447555542
-0.10785668343305588 0.23356887698173523 0.3676864802837372
0.0024939675349742174 -0.011575104668736458 0.14705032110214233
-0.17901214957237244 0.13342025876045227 0.16090106964111328
0.010299988090991974 -0.12065363675355911 0.5138680338859558
0.1121266558766365 -0.0013434675056487322 0.37437325716018677
0.14662061631679535 0.1387726217508316 0.26655176281929016
0.03984802961349487 -0.4553697407245636 0.10328887403011322
0.03403693437576294 -0.3379615843296051 -0.4240718185901642
-0.09437312930822372 -0.18557600677013397 0.23263105750083923
0.24267157912254333 -0.14808250963687897 0.25381356477737427
0.4426228404045105 -0.16719719767570496 0.20632484555244446
0.4345042407512665 -0.16762283444404602 0.1894117295742035
-0.11406876146793365 0.1380583792924881 0.45523276925086975
-0.09121023863554001 -0.13690224289894104 0.024127986282110214
-0.22282437980175018 -0.08164191246032715 0.4990532100200653
0.3221350312232971 -0.06985335797071457 0.44451576471328735
-0.1630007028579712 0.09066034108400345 -0.188817098736763
-0.22373290359973907 0.10701408982276917 0.3353842496871948
0.29004567861557007 -0.2706029713153839 0.12502220273017883
0.19417275488376617 -0.8866510391235352 0.44024038314819336
-0.2780863642692566 0.40141719579696655 0.13108567893505096
-0.21076683700084686 0.16632753610610962 0.24175633490085602
0.045844268053770065 -0.46285200119018555 0.5095973014831543
0.08337689191102982 0.06520779430866241 -0.6489697098731995
0.15956008434295654 0.07978735119104385 0.13522394001483917
0.02424526773393154 0.09630245715379715 0.22958335280418396
-0.17564386129379272 0.18981538712978363 0.4797746539115906
0.13272705674171448 -0.30190083384513855 0.1492714285850525
-0.07310516387224197 0.05331491306424141 0.18491321802139282
0.011752255260944366 0.05913570150732994 -0.3774082064628601
0.07031404227018356 0.1239827424287796 0.28617095947265625
0.07950536161661148 0.1282017081975937 0.2637025713920593
0.04148181155323982 -0.0033832648769021034 -0.277712345123291
-0.13626763224601746 0.1127619817852974 0.107462577521801
0.05597693473100662 -0.2913055121898651 0.23275360465049744
-0.0809372290968895 0.22382257878780365 0.1853768527507782
0.024513620883226395 0.1442164033651352 0.23064754903316498
0.10698547959327698 -0.1032954752445221 -0.36203455924987793
0.18338114023208618 0.03424598276615143 -0.047618620097637177
-0.07772251963615417 0.179128959774971 0.2513563930988312
-0.13965189456939697 -0.18903550505638123 0.41936179995536804
0.007744947914034128 0.021306384354829788 -0.25558653473854065
0.0016533934976905584 -0.3316723704338074 0.04163234308362007
0.2570018768310547 -0.2776033580303192 0.3393394351005554
-0.08713981509208679 0.11790864914655685 0.614547073841095
-0.1330774873495102 0.21592406928539276 0.06308582425117493
-0.17784254252910614 0.1524568796157837 0.16314081847667694
-0.03292999416589737 -0.05847793072462082 0.20142483711242676
0.054549358785152435 0.03930186107754707 0.4111063480377197
-0.02068359963595867 0.1162879467010498 0.38771700859069824
0.10869894921779633 -0.4327021539211273 -0.014701930806040764
0.17575165629386902 0.09148673713207245 0.1862860769033432
0.383471816778183 -0.28929123282432556 0.0717601552605629
-0.06378233432769775 0.024322668090462685 0.024130217730998993
0.0925152376294136 0.19853341579437256 0.35816657543182373
0.10176177322864532 -0.6715355515480042 0.4261458218097687
-0.0038491450250148773 0.11613194644451141 0.3553059697151184
-0.21957507729530334 -0.01978323422372341 0.48682504892349243
-0.06530843675136566 0.031272225081920624 -0.30560240149497986
-0.31385016441345215 0.2524218261241913 0.8099564909934998
-0.03147966414690018 0.267399400472641 0.2686643600463867
0.1136670708656311 -0.24002361297607422 -0.16693086922168732
0.10581517219543457 -0.3870210647583008 0.22526879608631134
-0.017300935462117195 0.08658283948898315 0.24093706905841827
-0.15698376297950745 -0.10349652171134949 -0.17715567350387573
0.025722598657011986 -0.15459033846855164 0.2755362093448639
-0.1263938695192337 0.010117923840880394 -0.05093220993876457
0.006001712288707495 -0.33627691864967346 -0.014249270781874657
0.17322862148284912 -0.49029406905174255 0.24246779084205627
0.21448001265525818 0.12316769361495972 0.4588310122489929
0.22284184396266937 -0.10005910694599152 -0.17020225524902344
0.03723827749490738 -0.11718054115772247 0.22979749739170074
-0.11557891219854355 -0.11007567495107651 -0.1808730661869049
-0.11835349351167679 -0.08745109289884567 0.22142411768436432
0.0697227269411087 -0.2635684311389923 0.3313249945640564
-0.11409863829612732 -0.1465095728635788 -0.16332665085792542
-0.03342383727431297 -0.38708892464637756 0.37743791937828064
-0.003493230789899826 -0.20443423092365265 -0.03976752981543541
-0.10773911327123642 -0.23665058612823486 0.1508704423904419
-0.054055411368608475 0.1811261773109436 0.2982683479785919
-0.1918344646692276 0.0504346527159214 0.329038143157959
-0.025362839922308922 0.17849326133728027 0.20727339386940002
0.010224314406514168 0.07499381899833679 0.36552026867866516
-0.18700920045375824 -0.015274344012141228 0.5206202864646912
-0.06094203516840935 -0.4774440824985504 0.3038925528526306
0.06743944436311722 -0.18483728170394897 0.18565672636032104
-0.7461044192314148 -0.07541583478450775 0.2550329267978668
0.1333182156085968 0.12298721820116043 0.2484240084886551
-0.01204860582947731 0.11762655526399612 0.151720330119133
-0.05058589577674866 -0.2663421034812927 -0.03974561393260956
-0.18037524819374084 0.3261435627937317 0.028428558260202408
0.18514467775821686 -0.3507283926010132 -0.0953884944319725
0.052620090544223785 -0.21371500194072723 0.4863313138484955
0.14759841561317444 -0.9860782027244568 0.2760500907897949
0.16791202127933502 -0.03821554407477379 0.5512397885322571
0.0871649831533432 0.134878471493721 0.35783684253692627
-0.13808143138885498 -0.11162809282541275 0.3502335250377655
0.06642637401819229 -0.25999847054481506 0.20117034018039703
0.22912850975990295 -0.24770984053611755 0.19096802175045013
-0.14035844802856445 0.05765799060463905 -0.11164853721857071
-0.015261750668287277 0.32000282406806946 0.3829137086868286
0.13580557703971863 0.3680945634841919 0.29393622279167175
0.023828623816370964 -0.38926246762275696 0.3208005428314209
0.12026962637901306 0.18522493541240692 0.2570744454860687
-0.16179439425468445 0.2353150099515915 -0.15945366024971008
0.2528354823589325 -0.3411170542240143 0.21929821372032166
0.06819193065166473 0.08278928697109222 0.34039628505706787
0.17996114492416382 0.2410498410463333 0.5701056122779846
-0.0769934430718422 0.31246867775917053 -0.01443614810705185
0.09984086453914642 -1.1587659120559692 0.08343838155269623
-0.02212347835302353 -0.3224111795425415 0.23978407680988312
-0.03511874005198479 0.004686350002884865 0.036791376769542694
-0.09935902804136276 0.033024489879608154 -0.17020301520824432
0.21464882791042328 -0.32486969232559204 0.2763959467411041
-0.04836629703640938 0.10499284416437149 0.15292277932167053
-0.19780023396015167 0.1271665394306183 0.227633997797966
-0.12743692100048065 -0.24528059363365173 0.3425960838794708
-0.024854203686118126 -0.33370059728622437 0.1733795553445816
0.053471826016902924 -0.17848052084445953 0.08063993602991104
0.4055677652359009 -0.5672093629837036 -0.005357714835554361
0.019504927098751068 0.24726036190986633 0.42799338698387146
0.11172555387020111 0.06955544650554657 0.3562193810939789
0.07947047054767609 -0.1719384789466858 0.24140506982803345
-0.18790072202682495 0.13907869160175323 0.18128685653209686
-0.26763540506362915 0.07163966447114944 0.2961207926273346
-0.18602509796619415 0.22971497476100922 0.07132793217897415
0.02396252378821373 -0.2077902853488922 -0.38043972849845886
0.1683129370212555 -0.5026270151138306 0.20438306033611298
-0.0643296092748642 0.09522990882396698 0.1439884901046753
0.1210947334766388 0.03320090100169182 0.2812565565109253
0.143107607960701 -0.08511556684970856 -0.11201521009206772
0.11908655613660812 0.1665472388267517 0.3829522132873535
-0.19523389637470245 0.07097689062356949 0.6817010045051575
0.09400460869073868 -0.1648133248090744 0.41655537486076355
-0.14959166944026947 0.19645188748836517 0.03628184273838997
0.11486948281526566 -0.29439595341682434 0.0836355909705162
0.14412395656108856 -0.10119751840829849 0.22672946751117706
0.0008120557758957148 -0.1635594666004181 -0.1493559628725052
0.050176069140434265 0.21456894278526306 0.42746278643608093
0.2516125738620758 0.06353840231895447 0.15925687551498413
0.3673785626888275 0.16623611748218536 0.6130964159965515
0.1400594264268875 -0.18223538994789124 -0.22091974318027496
-0.16877754032611847 0.20535872876644135 0.3140088617801666
-0.01862175762653351 -0.0008329472038894892 0.18580250442028046
-0.14291483163833618 0.059516873210668564 0.3209287226200104
-0.14417606592178345 -0.031899336725473404 0.49008387327194214
-0.05910412222146988 0.12064990401268005 0.4575147330760956
0.0658307671546936 -0.018501611426472664 -0.28897759318351746
0.12078607827425003 0.0951433777809143 0.3528662919998169
-0.0540468692779541 -0.16730017960071564 0.545121431350708
-0.21176134049892426 0.40974855422973633 0.276950478553772
0.15376578271389008 0.25564438104629517 0.5155394077301025
0.013408210128545761 -0.41763046383857727 0.048080943524837494
0.04761764407157898 0.13654011487960815 -0.11768190562725067
0.1744793802499771 0.007462465204298496 0.37293630838394165
-0.003704611212015152 -0.4463639259338379 0.26545241475105286
-0.05393635109066963 0.19151271879673004 0.21271806955337524
0.034374892711639404 -0.05853908509016037 0.34241563081741333
-0.09330104291439056 0.08208338171243668 0.20337258279323578
-0.22118155658245087 0.09904417395591736 0.32616034150123596
0.07803485542535782 -0.3499230146408081 -0.2634447515010834
-0.2227359265089035 0.23951555788516998 0.42821499705314636
-0.00903690792620182 -0.5310420989990234 0.1444578468799591
0.27324679493904114 0.09355905652046204 0.11366251856088638
-0.06733229011297226 0.18534941971302032 0.14471320807933807
-0.017537426203489304 0.08691781759262085 0.0952262133359909
-0.3475981056690216 0.4437999129295349 0.5363780856132507
-0.04894905164837837 0.177169069647789 0.3310108780860901
-0.05095570534467697 0.12094567716121674 0.20427265763282776
0.12545713782310486 -0.08611776679754257 0.18739929795265198
0.11690735071897507 -0.19277387857437134 0.21926037967205048
-0.1746778041124344 0.1922616809606552 0.4995075762271881
0.05307944864034653 -0.814553439617157 0.4860888421535492
-0.25985395908355713 0.08595556020736694 0.3386062979698181
-0.10164569318294525 -0.11369287222623825 0.006559780333191156
0.04317955672740936 0.12003916501998901 0.19907055795192719
0.025226948782801628 -0.30111247301101685 -0.01833830215036869
0.13294640183448792 -0.37486645579338074 0.13936740159988403
-0.08596962690353394 0.12904411554336548 0.18439161777496338
-0.09315513074398041 0.10724548995494843 0.21248160302639008
-0.06903914362192154 -0.1240946426987648 0.32328203320503235
-0.007877103984355927 0.17527659237384796 0.2957131862640381
0.007867909036576748 -0.041308384388685226 0.24914228916168213
0.11791711300611496 -0.4987773597240448 0.3637523949146271
-0.07342461496591568 -0.013096220791339874 0.017803408205509186
0.0596349835395813 -0.1935899257659912 -0.06392113119363785
0.03243371099233627 0.1732747107744217 0.24767149984836578
0.11067051440477371 -0.35593441128730774 0.4110696613788605
-0.036051999777555466 0.029422976076602936 0.09524716436862946
0.0896349549293518 -0.22799362242221832 -0.05859095975756645
-0.02325756475329399 -0.24762551486492157 0.11831233650445938
0.12576140463352203 0.09789333492517471 0.1739492416381836
0.05581534281373024 -0.1638769805431366 0.2719183564186096
0.07496039569377899 0.17132429778575897 0.32079219818115234
0.0059154401533305645 -0.002831437159329653 0.47762635350227356
-0.12231994420289993 0.13893970847129822 0.04341072589159012
-0.0847632959485054 0.03125769644975662 0.41965895891189575
-0.0684235617518425 0.10653222352266312 0.3517366051673889
0.031051572412252426 0.13771526515483856 0.44406530261039734
0.15195506811141968 0.12963691353797913 0.4843674898147583
0.035799212753772736 0.22949637472629547 0.4898107945919037
0.04069751873612404 -0.2578781247138977 0.09923107922077179
-0.10797038674354553 0.039755966514348984 0.10799989104270935
-0.06020483002066612 -0.3244732618331909 0.32252687215805054
-0.12154359370470047 0.025978198274970055 0.028242971748113632
0.053204476833343506 -0.273537814617157 0.43928563594818115
0.2014884054660797 0.1270550936460495 -0.013866165652871132
-0.13191838562488556 0.2024742215871811 -0.004704953636974096
-0.196598619222641 -0.02319532260298729 0.33014824986457825
0.12305997312068939 0.0460195392370224 0.15773728489875793
0.03532738983631134 0.0744461715221405 0.1684619039297104
-0.09406188875436783 0.1500615030527115 0.06428712606430054
0.19937947392463684 -0.04124709591269493 0.21665965020656586
0.12358512729406357 -0.12652821838855743 -0.031508658081293106
-0.1626003086566925 -0.06921660155057907 0.4067125916481018
-0.1676691770553589 0.007889913395047188 0.24640680849552155
-0.09303298592567444 0.09947099536657333 0.4132935702800751
0.09700024873018265 -0.19087158143520355 -0.17848777770996094
-0.1364665925502777 -0.5779369473457336 0.3754255771636963
-0.03958630934357643 -1.0544497966766357 0.35994425415992737
0.14818157255649567 -0.281128466129303 -0.05267111957073212
0.0984487533569336 -0.16065606474876404 0.18798914551734924
-0.09705346822738647 0.2306886911392212 0.46671363711357117
-0.15531520545482635 0.18957625329494476 0.31355762481689453
0.06966163218021393 -0.3208996653556824 -0.16519217193126678
-0.06870927661657333 -0.057502102106809616 0.22880107164382935
0.055621396750211716 0.10766784101724625 0.3341924846172333
0.025385862216353416 0.11895297467708588 0.3385937809944153
-0.16340580582618713 -0.5824735164642334 0.3393222987651825
0.03062787838280201 -0.1091083288192749 0.01822483167052269
-0.3598928153514862 0.5925695300102234 0.38498687744140625
0.05253694951534271 0.24764661490917206 0.5191550850868225
0.0792761892080307 -0.3004547655582428 -0.14466828107833862
0.11875970661640167 -0.4721813499927521 0.14930984377861023
-0.14494481682777405 0.1989298313856125 0.07710041105747223
-0.08164772391319275 0.013977417722344398 0.2620481550693512
-0.2355973869562149 0.2461606115102768 0.314858615398407
-0.11993163079023361 -0.10162606090307236 0.2752780020236969
0.05509514734148979 0.04596991091966629 0.25985822081565857
0.04186243191361427 0.1303263157606125 0.17642299830913544
-0.03560205549001694 0.175368070602417 0.09468849748373032
-0.09696947783231735 -0.003195242490619421 0.04102219641208649
-0.31464144587516785 0.11697103828191757 0.574257493019104
-0.17678821086883545 0.13135893642902374 -0.18381080031394958
0.0500950925052166 0.19936536252498627 0.6670045852661133
-0.07245291769504547 0.21326716244220734 0.05363942310214043
0.22838720679283142 0.017808755859732628 0.031162910163402557
0.06738241761922836 0.04774655029177666 0.18587227165699005
-0.2522549033164978 0.20695310831069946 0.15044130384922028
-0.047338344156742096 0.12786592543125153 0.18909679353237152
0.08622722327709198 -0.32898446917533875 0.27432170510292053
0.019009996205568314 0.07221724838018417 0.44237953424453735
0.1189434751868248 -0.3068268299102783 -0.30967602133750916
0.030525503680109978 -0.2677261233329773 0.3203047811985016
0.18205876648426056 -0.09414320439100266 -0.005583795253187418
0.0942113995552063 -0.8635175824165344 0.361823171377182
-0.05899210646748543 0.02631010301411152 0.1443726122379303
0.10601067543029785 -0.3411194980144501 0.4464361071586609
0.2601769268512726 0.10053886473178864 0.3366023898124695
-0.0770857036113739 0.19425413012504578 0.3706986904144287
-0.07366202026605606 0.19819051027297974 0.03982206806540489
0.11023867875337601 0.2509719133377075 -0.08769737929105759
-0.047725651413202286 -0.028266772627830505 -0.3609911799430847
0.058383725583553314 -0.43672510981559753 -0.02723134681582451
0.02261611446738243 -0.20337167382240295 -0.13210029900074005
0.012571712955832481 0.1109655350446701 0.07051989436149597
-0.003788620699197054 -0.05257115513086319 0.1308535784482956
-0.18342627584934235 0.04234524443745613 0.27640292048454285
-0.06014633923768997 -0.09605225920677185 0.3264123797416687
0.31562814116477966 0.06767938286066055 0.44024378061294556
0.024700449779629707 -0.2719687521457672 0.10520213097333908
0.22277815639972687 -0.03281998261809349 0.3661636412143707
-0.11380863934755325 0.03696587681770325 0.38202282786369324
-0.08764249831438065 -0.3927344083786011 0.5856574177742004
0.05252442508935928 -0.416996568441391 0.15883511304855347
-0.10402220487594604 0.21951046586036682 -0.06185131147503853
-0.06709431856870651 0.2102922797203064 0.12239597737789154
-0.2726961374282837 0.15201736986637115 0.31330594420433044
0.35683777928352356 0.3344762325286865 0.793555498123169
0.36465752124786377 0.1254129409790039 0.4992380738258362
0.15549635887145996 -0.05442848801612854 -0.1815500557422638
0.09044843912124634 -0.08085838705301285 -0.6490299105644226
0.08537911623716354 0.2445925921201706 0.05612922087311745
-0.1612085998058319 -0.02004324458539486 0.06775308400392532
0.011746827512979507 0.07745745033025742 0.2703399062156677
-0.1294773370027542 0.16198934614658356 0.0801982432603836
0.08776412159204483 -0.458860844373703 0.06986241042613983
-0.16805499792099 0.3913479447364807 0.41380488872528076
-0.05646819621324539 0.21420633792877197 0.22747375071048737
0.09960144758224487 -1.0380464792251587 0.4750671088695526
0.02797241508960724 -0.11464483290910721 -0.044172778725624084
0.12353305518627167 0.1737706959247589 0.24023325741291046
-0.10609963536262512 -0.18141110241413116 0.5087178349494934
-0.08166154474020004 0.01220150850713253 -0.31518712639808655
-0.022475233301520348 -0.04140550270676613 0.37447357177734375
0.15809974074363708 0.04491942748427391 0.2941685616970062
0.18896865844726562 -0.5907241702079773 -0.252806693315506
-0.2607034742832184 -0.09852974116802216 -0.2648093104362488
0.11092658340930939 -0.5521743297576904 0.2487681806087494
-0.115107461810112 0.2910410165786743 0.2166031450033188
-0.25009363889694214 0.22405028343200684 0.43315333127975464
-0.14783915877342224 0.16319705545902252 0.1429440975189209
-0.012647425755858421 0.011680958792567253 -0.11366020143032074
0.0732465535402298 -0.1581798791885376 -0.37289124727249146
0.072710320353508 0.0824517235159874 0.10680489242076874
-0.07569383084774017 -0.02066088281571865 0.3149120509624481
-0.1816982477903366 0.09804807603359222 0.18585897982120514
-0.12109216302633286 0.1244649738073349 0.22613906860351562
0.10134896636009216 -0.1247028186917305 0.49265527725219727
-0.26582714915275574 0.08476775884628296 0.39515790343284607
0.30667608976364136 -0.2861560583114624 0.14685899019241333
0.014016466215252876 -0.4885706901550293 0.3242131769657135
0.11900206655263901 -0.20932312309741974 -0.2803928852081299
0.08072049915790558 -0.08754514157772064 -0.2122296541929245
-0.20693287253379822 0.0416506864130497 0.4007504880428314
0.12778185307979584 -0.6256564855575562 0.16564054787158966
0.04463217034935951 -0.6273887753486633 0.009543849155306816
0.09516922384500504 0.04769917204976082 0.16096246242523193
0.10445835441350937 0.06306919455528259 0.4060063064098358
-0.05883502587676048 0.15363748371601105 0.19802188873291016
0.3304491639137268 0.1070898175239563 0.3398934006690979
0.023808369413018227 0.11883364617824554 0.12762431800365448
-0.2182745635509491 -0.05105619132518768 0.30625325441360474
0.13522349298000336 -0.19099688529968262 0.46216753125190735
-0.09206331521272659 -0.037946220487356186 -0.11648625880479813
-0.1426314413547516 -0.02135346084833145 -0.05577792972326279
0.15874344110488892 -1.1768641471862793 0.06770075857639313
0.08743279427289963 -0.10087341070175171 0.49680522084236145
-0.21717795729637146 -0.12267259508371353 0.3519499599933624
-0.0803992822766304 -0.1858113706111908 -0.01510699838399887
-0.04249410331249237 0.07582397013902664 0.39547398686408997
-0.05619107559323311 0.09526360780000687 0.26925721764564514
-0.20891405642032623 0.07009553909301758 0.4603305459022522
0.24423883855342865 0.21894791722297668 0.579936146736145
-0.1328425258398056 -0.010462671518325806 -0.1479548066854477
0.04748091101646423 -0.3370029926300049 0.14594559371471405
-0.19588612020015717 0.10755523294210434 0.09190280735492706
0.06042423099279404 0.012034585699439049 0.43395477533340454
-0.012148378416895866 -0.13276821374893188 0.2651160955429077
-0.21590614318847656 0.09817631542682648 0.1403241753578186
0.06822307407855988 -0.5838066935539246 0.05020549148321152
-0.2563248574733734 0.07569001615047455 0.47404879331588745
-0.10822241753339767 0.030908595770597458 0.7585209608078003
-0.12006840109825134 0.04287886619567871 0.1253456026315689
0.08529925346374512 -0.5656766891479492 0.41172000765800476
0.22110949456691742 -0.619545042514801 0.16333913803100586
-0.09233763813972473 0.13202382624149323 0.20049510896205902
0.17835070192813873 0.09145880490541458 0.45777764916419983
-0.044006265699863434 -1.2107146978378296 0.2616000175476074
0.08453910052776337 -0.11434426158666611 -0.14444807171821594
-0.2840927839279175 0.06521161645650864 0.44655078649520874
0.0720941424369812 -0.41553226113319397 0.1395675390958786
-0.04251722991466522 0.0957239493727684 -0.22800299525260925
0.02870226465165615 -0.01264304667711258 -0.25315865874290466
0.0035824193619191647 0.049020372331142426 -0.21384437382221222
0.2523162066936493 -0.26753154397010803 0.06899651885032654
-0.14033612608909607 0.17502804100513458 0.2086208462715149
-0.2366514801979065 0.11779167503118515 0.3725186288356781
-0.0527196004986763 -0.2427099198102951 0.3485495150089264
-0.06219806522130966 -0.00881919264793396 0.1421942263841629
0.0658281072974205 0.20158785581588745 -0.04769189655780792
0.169648677110672 0.12574243545532227 0.5910541415214539
0.14876294136047363 0.19304130971431732 0.48968806862831116
0.11605072766542435 -0.022220531478524208 0.06509749591350555
-0.05918286740779877 -0.18026003241539001 0.38295960426330566
0.1638944000005722 -0.13456948101520538 -0.1773967742919922
0.32525086402893066 -0.014833228662610054 0.3004039525985718
-0.040490586310625076 0.10118700563907623 -0.2082536667585373
-0.15865333378314972 0.13497470319271088 0.3239470422267914
-0.052416495978832245 0.044094935059547424 -0.19031168520450592
-0.009287392720580101 0.20185434818267822 0.670502781867981
0.046529483050107956 -0.3825797438621521 -0.33937132358551025
-0.19003039598464966 0.3111516237258911 0.5019920468330383
-0.07146197557449341 0.23494240641593933 0.4733693301677704
-0.13394245505332947 -0.020434211939573288 -0.11955896764993668
0.15080781280994415 0.15068857371807098 0.605641782283783
-0.050106894224882126 0.11845844238996506 0.12538307905197144
-0.0009130483958870173 -0.26223742961883545 -0.06635478138923645
-0.04511571675539017 0.01540711335837841 0.224776491522789
0.2854772210121155 0.012348728254437447 0.38655295968055725
0.2642976641654968 0.1929633468389511 0.35926851630210876
0.13843077421188354 -0.18008361756801605 -0.03934184089303017
0.16483734548091888 -0.25600916147232056 0.1717386543750763
0.10092174261808395 -0.28812986612319946 0.04801885038614273
0.028292417526245117 0.23588433861732483 0.39313313364982605
-0.08768565207719803 0.1425674557685852 0.30962392687797546
-0.1749424934387207 0.004534831270575523 -0.10894578695297241
-0.08317339420318604 -0.09016495943069458 -0.053098030388355255
-0.025353718549013138 0.11277677118778229 0.07196474075317383
-0.19496944546699524 -0.1517266482114792 -0.3242344558238983
0.1848277896642685 -0.7686212062835693 0.11827103048563004
-0.1503714770078659 0.12642902135849 -0.18045511841773987
-0.01173221692442894 -0.5124879479408264 -0.019676104187965393
-0.16343490779399872 -0.2300443798303604 0.1792522370815277
-0.11835455149412155 -0.005792597774416208 0.09650632739067078
0.04991767555475235 -0.22516964375972748 0.15001241862773895
0.014883307740092278 -0.1732417792081833 -0.07489598542451859
0.23714348673820496 0.11322887986898422 0.6060408353805542
0.1129264235496521 0.11837169528007507 0.11235985159873962
0.03762247785925865 -0.1691855788230896 0.06878190487623215
0.1210663914680481 -0.11340783536434174 -0.3276911675930023
-0.14390763640403748 0.2728462219238281 0.5912336707115173
-0.16274695098400116 -0.06338149309158325 0.39853131771087646
-0.1505257934331894 0.03476201742887497 0.20324981212615967
0.018766839057207108 -0.7280011773109436 0.3941873013973236
0.07445432245731354 0.14474256336688995 0.410897821187973
0.13544143736362457 0.0023497978691011667 0.021330997347831726
-0.21370436251163483 0.1443602591753006 0.19174428284168243
-0.00846254825592041 -0.10266707092523575 0.1943800002336502
0.21107804775238037 0.05233137682080269 0.1425331085920334
0.1587386280298233 -0.12337997555732727 0.07947730273008347
-0.08602176606655121 0.09746505320072174 0.27203890681266785
-0.20743846893310547 0.17948319017887115 0.5157076716423035
0.14063017070293427 0.22174035012722015 0.536921501159668
0.054973963648080826 -0.07507163286209106 0.390423983335495
-0.04483421891927719 -0.2762543261051178 -0.08800864964723587
0.04646272584795952 -0.20142729580402374 0.16978171467781067
-0.11088404059410095 0.15819890797138214 0.4382522702217102
-0.05797187611460686 0.26379796862602234 0.5535278916358948
-0.17171572148799896 0.3856172561645508 0.0991678535938263
-0.13463319838047028 -0.03300240635871887 0.34266066551208496
0.1805141568183899 0.26515665650367737 0.25814294815063477
-0.06715504825115204 -0.15831930935382843 0.002356815617531538
-0.018452202901244164 -0.3701270818710327 0.10231026262044907
-0.038419824093580246 -0.15758159756660461 0.23466992378234863
-0.03537321090698242 0.09610537439584732 0.4462365508079529
0.04366298392415047 -0.22138617932796478 0.20536315441131592
0.2419205904006958 0.11729160696268082 0.5915204286575317
0.11399907618761063 -0.5346277356147766 0.17732980847358704
0.11358284205198288 -0.2545870244503021 0.03552139550447464
-0.12486376613378525 -0.07777312397956848 0.3754035234451294
-0.23085111379623413 0.23299431800842285 0.5096904039382935
-0.16835170984268188 0.13478492200374603 0.32148945331573486
-0.1340092569589615 0.012170955538749695 0.30477651953697205
0.0703502967953682 -0.6090885996818542 -0.21376948058605194
0.05475972220301628 -0.09003961086273193 0.10280034691095352
0.1255350261926651 -0.41741907596588135 -0.09503593295812607
-0.17120856046676636 -0.1453211009502411 0.37782230973243713
-0.03184999153017998 -0.16737890243530273 0.04773860424757004
-0.0485633984208107 0.186554953455925 -0.05175405740737915
0.08981374651193619 0.1495196372270584 -0.0007106377743184566
-0.160256028175354 0.2141539603471756 0.22165778279304504
-0.006045375484973192 0.10347454249858856 0.09804917871952057
0.09974446892738342 -0.9916627407073975 0.21756653487682343
0.18415400385856628 -0.2184918075799942 0.4194248616695404
0.2652730941772461 0.06405922025442123 0.1120518296957016
-0.09870032966136932 -0.12164515256881714 -0.0070143588818609715
-0.11357621103525162 -0.022875480353832245 -0.11506776511669159
-0.0270215030759573 0.06909902393817902 -0.054342661052942276
0.07740096002817154 0.005581865552812815 0.21260181069374084
-0.007317511830478907 0.011432681232690811 0.3361177146434784
-0.13293567299842834 0.23017331957817078 0.1078304648399353
0.12918731570243835 0.1303013414144516 0.028126833960413933
-0.13729022443294525 0.25694289803504944 0.2017657309770584
0.0075920745730400085 -0.04739069938659668 0.023908546194434166
-0.031691428273916245 0.1380893588066101 0.20235183835029602
0.0041601224802434444 0.10390082001686096 0.3036036193370819
0.19068709015846252 -0.11281444132328033 -0.19717799127101898
0.32973480224609375 0.027757812291383743 0.3300619125366211
0.11143936216831207 -0.3284275233745575 -0.0470932200551033
-0.040420494973659515 0.16899846494197845 0.24370554089546204
0.07497978210449219 -0.5021160244941711 -0.3515535295009613
0.42249882221221924 0.18204037845134735 0.499004065990448
0.1160966008901596 -0.6941045522689819 0.510722815990448
0.04543115571141243 0.010761359706521034 0.01588200032711029
-0.13817007839679718 0.1061445102095604 0.3389308452606201
0.004512926563620567 -0.09931110590696335 0.24326252937316895
-0.17906847596168518 0.02550921030342579 0.6559787392616272
0.2002815455198288 0.06382645666599274 0.3651377558708191
0.07956156134605408 -0.7161637544631958 -0.178507000207901
0.017103707417845726 0.10630537569522858 0.09434612095355988
0.32213208079338074 0.09528479725122452 0.23706220090389252
0.10808869451284409 -0.5575634241104126 0.2624954879283905
0.2899152934551239 0.0986180230975151 -0.05551467090845108
0.15257979929447174 -0.7052320837974548 -0.11826173216104507
-0.13770265877246857 0.15329831838607788 0.17487016320228577
0.2035617232322693 -0.6974290609359741 0.055124424397945404
-0.17031162977218628 0.11980696767568588 0.21843799948692322
0.012125659734010696 -0.04585138335824013 0.2584811747074127
0.05421257019042969 0.10666998475790024 0.35026222467422485
0.04808766022324562 -0.08904856443405151 -0.033879172056913376
-0.1300136297941208 -0.2337350994348526 0.275966078042984
-0.05154075846076012 0.19980506598949432 0.25893640518188477
0.274456262588501 0.07429789751768112 -0.012370496988296509
0.06119835376739502 -0.17441730201244354 0.11667244881391525
-0.0928320661187172 -0.3174755573272705 0.1835670918226242
-0.22208444774150848 0.0625859722495079 0.4366665780544281
-0.14438393712043762 0.45778515934944153 0.14174608886241913
-0.3322921693325043 0.244771346449852 0.46567538380622864
0.03480831906199455 0.05727452412247658 0.22103187441825867
-0.13466274738311768 0.09375417232513428 0.470595121383667
0.07890162616968155 -0.1843155026435852 0.25511065125465393
-0.08061687648296356 0.19220635294914246 0.5215751528739929
0.060589052736759186 0.2254321426153183 0.5850110054016113
0.03187381848692894 -0.018489765003323555 -0.03286554291844368
-0.037614766508340836 0.3696068525314331 -0.1606464684009552
0.058883097022771835 -0.2799500823020935 -0.17469283938407898
0.011018052697181702 -0.298796683549881 0.007894957438111305
-0.04914160072803497 -0.14813478291034698 0.3580070436000824
0.08052055537700653 -0.7458800673484802 -0.25006282329559326
0.10791933536529541 0.2562592625617981 -0.20784597098827362
-0.10746107995510101 0.21308742463588715 0.4691654443740845
-0.07450522482395172 0.07991436868906021 0.17571783065795898
-0.05637170374393463 -0.38868552446365356 0.27481597661972046
-0.2413819432258606 -0.0050674439407885075 0.45341771841049194
0.032166581600904465 -0.009188536554574966 -0.23954473435878754
-0.20547817647457123 0.10422782599925995 0.2185094952583313
-0.1860535740852356 0.13411839306354523 0.27405598759651184
-0.26009172201156616 0.20487366616725922 0.42225706577301025
-0.07404326647520065 -0.009007532149553299 -0.12818467617034912
0.1525019258260727 -0.5107591152191162 0.34916651248931885
0.114449143409729 -0.32418930530548096 -0.029714321717619896
-0.06145832687616348 -0.10485991090536118 0.23150666058063507
-0.031763721257448196 0.08854503184556961 0.2313680648803711
-0.07009515166282654 0.1312856376171112 0.42146483063697815
0.10626170039176941 -0.10658194869756699 0.3050800859928131
0.1160430908203125 -0.0953475832939148 0.3947293758392334
-0.0756589025259018 -0.22501374781131744 0.38539227843284607
0.3175380229949951 0.212639719247818 0.058662138879299164
-0.010506728664040565 0.02977273240685463 -0.008794669061899185
0.022860603407025337 -0.5248100161552429 -0.08828500658273697
0.07124160975217819 -0.20853829383850098 0.22208908200263977
-0.18858927488327026 0.36621248722076416 0.029330741614103317
-0.21621811389923096 0.2534058690071106 0.28255221247673035
-0.09635449945926666 0.15346157550811768 0.18810810148715973
0.084734246134758 0.06322158128023148 0.13301412761211395
0.13778181374073029 -0.17174676060676575 -0.014865024015307426
-0.20721495151519775 0.11023052036762238 0.7796540260314941
-0.16162391006946564 0.1846248209476471 0.10225771367549896
-0.009829731658101082 -0.23692986369132996 0.07813604921102524
-0.12266306579113007 0.021966636180877686 0.5032734870910645
0.08209026604890823 -0.4302840828895569 0.10613691806793213
-0.03570745512843132 -0.14242908358573914 0.18961739540100098
-0.12430854886770248 0.34151408076286316 0.4106542468070984
0.003789813257753849 -0.03254212439060211 0.16044937074184418
0.09539844840765 -0.49029025435447693 0.21766559779644012
-0.21895258128643036 -0.0939512550830841 0.349429726600647
0.49719151854515076 0.23634392023086548 0.4518129229545593
0.11095275729894638 -0.14205478131771088 -0.056698430329561234
0.16780535876750946 0.13043589890003204 0.5240082740783691
-0.006755589973181486 0.08435343205928802 0.15521706640720367
-0.1746739000082016 0.1360945701599121 0.3948189318180084
0.09552355855703354 0.09133964031934738 -0.1214556097984314
-0.024951444938778877 -0.19100478291511536 -0.03981519490480423
-0.018416672945022583 0.13920918107032776 0.2033582627773285
0.003614029148593545 -0.23575632274150848 -0.20891185104846954
-0.14135105907917023 -0.16649283468723297 0.4876357316970825
0.19126610457897186 -0.3569733500480652 0.07751788944005966
0.09183496981859207 -0.4407464563846588 -0.506864607334137
0.17118476331233978 -0.6445580124855042 0.2504182457923889
0.04395463317632675 0.0005218101432546973 0.10201996564865112
-0.1137479916214943 0.1647423654794693 -0.028391189873218536
-0.1395176351070404 0.22926190495491028 0.35398510098457336
0.2143958956003189 0.17773833870887756 0.4419562518596649
-0.20922137796878815 0.048120297491550446 0.6071562767028809
0.0736936703324318 -0.07686783373355865 -0.057394448667764664
-0.025767792016267776 -0.06869042664766312 0.4165782928466797
-0.27561989426612854 0.09887445718050003 0.4381139874458313
0.26935875415802 0.13237304985523224 0.19993554055690765
-0.09460825473070145 0.07569935917854309 0.08091636747121811
0.12286970019340515 0.06854121387004852 0.19736889004707336
0.15082749724388123 -0.7953999638557434 0.4752308428287506
0.07840397953987122 -0.4344266653060913 0.38009998202323914
0.08473093807697296 0.19857436418533325 -0.04366713762283325
0.17256446182727814 -0.35180917382240295 0.2092837244272232
-0.14408347010612488 0.15197965502738953 0.30444398522377014
0.0698956847190857 -0.4077799618244171 -0.6248382329940796
-0.16528771817684174 -0.012207750231027603 0.36932462453842163
-0.021455012261867523 0.14892777800559998 0.06356136500835419
-0.21056999266147614 0.13333319127559662 0.30727285146713257
0.050560373812913895 0.029949000105261803 0.41706255078315735
0.10467268526554108 -0.40004247426986694 -0.00310135493054986
-0.08883333206176758 0.050571344792842865 -0.09761681407690048
0.1315365731716156 -0.5076488256454468 0.19406796991825104
0.007409193553030491 -0.15484435856342316 0.052643246948719025
-0.03577795624732971 -0.04734540358185768 0.05642169341444969
-0.10541541874408722 0.2054973542690277 0.36839210987091064
-0.17262454330921173 0.25622108578681946 0.1920882612466812
0.04649519547820091 0.12165094912052155 0.4059108793735504
-0.16831181943416595 0.15357425808906555 0.3699389696121216
0.003367817495018244 0.012109912931919098 -0.1286379098892212
-0.022590748965740204 -0.12659554183483124 0.44934290647506714
0.029520997777581215 0.12643569707870483 0.14367331564426422
-0.08823863416910172 -0.46903911232948303 0.32754141092300415
-0.007125308271497488 -0.25069770216941833 0.06958466023206711
-0.07918617874383926 0.2717151641845703 0.01824575662612915
-0.14170363545417786 0.17139136791229248 0.2969137132167816
0.21124964952468872 0.25149792432785034 0.30960363149642944
-0.20908206701278687 0.04922104999423027 0.2714202105998993
-0.04351226985454559 0.07009923458099365 0.17290689051151276
0.16697882115840912 0.13423484563827515 -0.35217025876045227
0.1632653772830963 -0.2229021191596985 -0.019854513928294182
-0.036329831928014755 0.11304546892642975 0.044525615870952606
-0.24653469026088715 0.12923946976661682 0.27836525440216064
-0.2652674913406372 0.06434716284275055 0.588932991027832
0.3506144881248474 -0.01639387011528015 0.040790967643260956
-0.04286270961165428 -0.09468111395835876 0.1665424108505249
-0.17921917140483856 0.011685676872730255 0.34493598341941833
0.18044960498809814 0.3966226875782013 0.6936320662498474
0.12161962687969208 0.15115472674369812 0.5461404919624329
-0.12555170059204102 0.19733615219593048 0.06740693747997284
-0.1305517852306366 0.02346956357359886 0.4607676863670349
-0.035495657473802567 0.06943278014659882 0.08023783564567566
0.2433832883834839 -0.3169906735420227 -0.28671321272850037
0.3478263020515442 0.07541316002607346 0.4037175476551056
0.0033503668382763863 0.07673942297697067 0.18314163386821747
0.18334785103797913 -0.4057116210460663 0.20406320691108704
-0.05223185941576958 -0.06898762285709381 0.38056260347366333
-0.056330762803554535 0.04469887539744377 0.20758312940597534
-0.04280451685190201 0.02213713712990284 0.3951294720172882
0.13110089302062988 0.2798747718334198 0.4443729817867279
-0.21347247064113617 0.10911154747009277 0.3339574337005615
0.09690812975168228 0.12785662710666656 -0.22635242342948914
0.0774422362446785 -0.11810671538114548 0.06169522553682327
0.010828716680407524 -0.3430604934692383 0.02377501130104065
0.31065768003463745 -0.03136615827679634 0.288977712392807
0.008930960670113564 -0.21028773486614227 0.14505141973495483
-0.029935762286186218 -0.08376073092222214 0.23039166629314423
-0.06529344618320465 -0.28943830728530884 0.2642030417919159
0.009247053414583206 -0.11579138040542603 0.3462981581687927
0.22208017110824585 -0.007567206863313913 0.1562122255563736
-0.1918964833021164 0.03667766973376274 0.3430428206920624
0.11490974575281143 0.0671623945236206 0.24674555659294128
-0.09290876984596252 0.1598542481660843 0.14592735469341278
0.04155728593468666 0.009686227887868881 0.24065835773944855
-0.053338512778282166 0.11045535653829575 0.1365361511707306
-0.07787135243415833 0.10583370178937912 -0.24963197112083435
-0.009980550035834312 -0.13878795504570007 0.06594807654619217
-0.18346092104911804 0.20676696300506592 0.39014095067977905
-0.09260924160480499 0.11172141879796982 0.027444200590252876
-0.05871207267045975 0.02866409346461296 0.07131307572126389
0.21661613881587982 -0.2462255209684372 -0.10383952409029007
-0.08985137939453125 0.0025497705210000277 0.4902527630329132
0.09332136064767838 0.08429848402738571 0.212521493434906
-0.12500359117984772 -0.11366861313581467 0.17917582392692566
-0.19452328979969025 0.07404352724552155 0.26822519302368164
-0.09140422195196152 0.09846628457307816 -0.019858144223690033
0.1197981983423233 -0.004625815898180008 -0.2991876006126404
0.04085495322942734 -0.3321705162525177 -0.06892933696508408
-0.16991889476776123 -0.04058244824409485 0.1602574735879898
0.02903580106794834 -0.05146525800228119 0.33153852820396423
-0.1837615966796875 -0.08545630425214767 0.39577716588974
0.014576226472854614 0.08316591382026672 0.21735960245132446
0.12287282198667526 -0.5658313632011414 0.34095674753189087
-0.13681325316429138 0.1830706149339676 0.0329626090824604
-0.024824680760502815 -0.07995498925447464 0.017948197200894356
-0.00564848305657506 -0.36478543281555176 0.1836368888616562
0.01481885090470314 -0.25887763500213623 -0.06809712201356888
-0.1189667284488678 0.2084076851606369 -0.13676194846630096
0.19489744305610657 -0.003769221715629101 0.11520497500896454
-0.18320655822753906 0.1649365872144699 0.44125038385391235
-0.19144408404827118 0.06847356259822845 0.4302821159362793
-0.1615784615278244 -0.008356492966413498 0.32603609561920166
0.055971305817365646 -0.04123701527714729 -0.01613045483827591
-0.03981916606426239 -0.12060306966304779 0.11889520287513733
-0.24629315733909607 0.2898186445236206 0.1029011681675911
0.263889878988266 0.026450758799910545 -0.030448706820607185
-0.1268410086631775 0.12466084212064743 0.04600517451763153
-0.07504485547542572 0.08620243519544601 -0.48032674193382263
0.3819243013858795 0.16621989011764526 0.31020161509513855
0.022039074450731277 0.054972149431705475 0.11389490962028503
-0.19657380878925323 -0.022672131657600403 0.21173718571662903
-0.10931845009326935 0.06619725376367569 0.29971909523010254
0.04782617837190628 0.058967094868421555 -0.0013692760840058327
0.07270344346761703 -0.47437870502471924 0.37514469027519226
-0.03728160634636879 -0.01207919791340828 0.1563846915960312
0.36041349172592163 -0.1343916356563568 0.38591089844703674
0.08971893787384033 0.0684073343873024 0.14433862268924713
-0.15503382682800293 0.1668778955936432 0.2652645707130432
0.2277643084526062 -0.5370888113975525 0.2847543954849243
0.08813624083995819 -0.05155804380774498 0.10860584676265717
0.19673940539360046 -0.0010057571344077587 0.011919114738702774
0.05072139576077461 -0.2854030430316925 -0.3064238727092743
0.13637199997901917 -0.10618448257446289 0.026361454278230667
-0.17664241790771484 0.1052396297454834 0.12676005065441132
0.015713533386588097 -0.537091076374054 -0.09663469344377518
0.21268294751644135 -0.2275501787662506 0.007383312098681927
-0.1334676444530487 -0.10714492201805115 0.3437502384185791
0.1502910703420639 -0.9405854940414429 0.4644308388233185
-0.059273675084114075 0.09298717230558395 0.282381147146225
-0.12327273190021515 -0.1632695198059082 0.509157657623291
0.25175729393959045 -0.22231093049049377 0.04470378905534744
-0.09790170192718506 0.09343019872903824 0.17037509381771088
0.07122724503278732 0.06351904571056366 0.1329752504825592
0.1384459286928177 0.031174981966614723 0.30626097321510315
-0.0943198874592781 -0.10442443192005157 0.15920768678188324
0.04841901734471321 -0.3120884299278259 0.25448429584503174
0.02948521450161934 -0.3047502934932709 -0.3655264675617218
0.12311430275440216 -0.3793937861919403 0.274894118309021
0.12808740139007568 -0.042865950614213943 0.34330126643180847
-0.16363242268562317 0.02806290052831173 -0.2481793761253357
0.2212464064359665 0.09178968518972397 0.4568890631198883
-0.18384693562984467 0.13301248848438263 0.24490362405776978
0.008651833049952984 0.12109367549419403 -0.010225735604763031
-0.06928370147943497 0.0034807214979082346 0.04436609894037247
-0.0999000146985054 0.21339724957942963 0.13484546542167664
-0.14013659954071045 -0.06887468695640564 0.23576001822948456
0.3329995572566986 0.09956365078687668 0.22115758061408997
0.08723525702953339 0.25197863578796387 -0.009275294840335846
0.023657307028770447 -0.02259002812206745 0.2438703030347824
-0.23644737899303436 -0.0017344160005450249 0.4970260560512543
0.19254134595394135 -0.11086193472146988 0.1774827539920807
-0.08738933503627777 0.08187307417392731 0.20669010281562805
-0.24749933183193207 0.2500641644001007 0.39002230763435364
0.08004608005285263 0.2672860324382782 0.5625194907188416
-0.19249330461025238 0.06518343091011047 0.28362414240837097
0.11117011308670044 -0.11703339964151382 0.4483574330806732
0.029142430052161217 -0.2228080779314041 0.26359981298446655
0.1235031858086586 -0.1550287902355194 0.23981977999210358
0.018173683434724808 0.0765964537858963 0.29797375202178955
-0.027554510161280632 -0.0415138341486454 -0.08259542286396027
0.1499328762292862 0.05223206803202629 0.4564192295074463
0.10696913301944733 -0.42361921072006226 0.16862255334854126
-0.15347759425640106 0.1078338772058487 -0.12873850762844086
-0.16858354210853577 0.19356484711170197 0.0011804705718532205
-0.028871791437268257 0.025927042588591576 0.3581562936306
-0.061571747064590454 -0.028128759935498238 0.404837042093277
-0.3020156919956207 0.06394464522600174 0.4593491554260254
0.012741513550281525 0.13147036731243134 0.12541598081588745
-0.19763478636741638 0.17039352655410767 0.3788399398326874
0.07176709920167923 0.07687488198280334 0.36879175901412964
-0.09516537934541702 0.08426573872566223 0.28447842597961426
-0.18181546032428741 0.08727560937404633 0.3783443868160248
-0.14593546092510223 0.18818920850753784 0.5599905848503113
-0.019605522975325584 -0.2003251314163208 0.11547648906707764
-0.02486792579293251 -0.09187038242816925 0.4139295816421509
0.0017275107093155384 -0.08095698803663254 0.15248221158981323
0.0938510075211525 0.1992408186197281 0.11664356291294098
0.21621058881282806 -0.12679395079612732 0.35105594992637634
-0.06972484290599823 -0.06585615873336792 0.07794442027807236
-0.19427886605262756 0.19658826291561127 0.7418978810310364
0.020216679200530052 0.11921333521604538 0.21772219240665436
-0.0729055255651474 0.08238489180803299 0.21099330484867096
-0.1525966376066208 -0.1661422997713089 0.2595938444137573
-0.1174636259675026 -0.0048624370247125626 -0.12457107752561569
-0.1468469202518463 0.011271864175796509 0.16110020875930786
-0.06374233216047287 0.026543794199824333 -0.06333822011947632
-0.1497674137353897 -0.012880271300673485 0.18884190917015076
-0.0496196374297142 -0.14751602709293365 -0.10382852703332901
0.15216590464115143 -0.575071394443512 0.3887135088443756
0.08261030167341232 -0.1254979968070984 -0.31971612572669983
-0.03178643062710762 0.29638633131980896 0.5126498341560364
0.17540912330150604 -0.1625819206237793 0.0044473446905612946
0.6216844320297241 0.12785978615283966 0.6171025037765503
0.14242103695869446 -0.009711522608995438 -0.14406879246234894
0.023296551778912544 -0.9023644328117371 0.3518928587436676
-0.14452053606510162 0.2432115226984024 0.37434086203575134
-0.12368499487638474 0.1735066920518875 0.10254425555467606
-0.24680966138839722 0.026307420805096626 0.6892720460891724
-0.2217579334974289 0.19450414180755615 0.4089755117893219
-0.07942245900630951 0.17083114385604858 0.0928124487400055
0.29822105169296265 0.1376131772994995 0.4261547923088074
-0.10552974790334702 -0.05031672120094299 0.4150870740413666
-0.03933713585138321 -0.29158976674079895 0.3425280749797821
0.18651613593101501 -0.37203356623649597 0.13126583397388458
0.21966861188411713 0.17821067571640015 0.537748396396637
0.12545862793922424 -0.2361050397157669 -0.011274240911006927
-0.14001549780368805 0.1557837426662445 0.413461834192276
0.09468254446983337 -0.6166897416114807 -0.09977664798498154
0.12258895486593246 0.059498220682144165 0.4474336802959442
-0.022701578214764595 -0.30486178398132324 0.10906504094600677
-0.04460880905389786 -0.46270960569381714 0.15481595695018768
0.06844744086265564 -0.5172582864761353 -0.18041980266571045
-0.23564282059669495 0.22307990491390228 0.10218460112810135
-0.14422637224197388 0.2940475642681122 0.16365987062454224
-0.2134501188993454 0.20593778789043427 0.3648071587085724
-0.10220430046319962 0.07469798624515533 0.4072924256324768
-0.011779176071286201 -0.09607633948326111 0.06760653853416443
-0.21213167905807495 0.1603480726480484 0.38656556606292725
0.25202494859695435 0.06132951006293297 -0.11920595914125443
0.02247321791946888 0.3205476999282837 -0.30230602622032166
0.14323502779006958 0.13017652928829193 -0.46694859862327576
0.8046735525131226 -0.14977318048477173 0.09102855622768402
0.0867001935839653 -0.008226945996284485 0.20092688500881195
0.0010063135996460915 0.017563670873641968 0.26237747073173523
0.120091512799263 -0.6818251013755798 0.4533364474773407
-0.025859422981739044 0.2062094658613205 0.07373839616775513
0.08906933665275574 -0.8020545244216919 0.3357071876525879
-0.11131645739078522 -0.12587937712669373 0.023934055119752884
0.0561625212430954 -0.3488338589668274 -0.18824996054172516
0.23183727264404297 -0.10902498662471771 0.211643785238266
-0.2540401220321655 0.04631075635552406 0.5298503637313843
0.1494077891111374 -0.3421556353569031 0.23914505541324615
-0.10843286663293839 -0.16442351043224335 -0.05653269961476326
0.135222390294075 -0.18924368917942047 -0.07894643396139145
-0.046298302710056305 -0.02943902648985386 0.2721843719482422
-0.03785112872719765 0.1758490949869156 0.5273416638374329
0.11642009019851685 0.03842339664697647 0.3700558543205261
-0.003286062739789486 -0.20193973183631897 -0.10733633488416672
-0.11916957050561905 -0.034580159932374954 0.004663657397031784
0.19979222118854523 -0.11790057271718979 0.14865228533744812
0.015395957976579666 0.2214195728302002 0.14905503392219543
-0.13194318115711212 0.20435287058353424 0.18441319465637207
0.32288241386413574 0.09047944843769073 0.6602523326873779
0.2586849331855774 -0.19913624227046967 0.3905828595161438
0.27458518743515015 -0.17600591480731964 0.05642761290073395
-0.07549107074737549 0.1454532891511917 0.33225977420806885
-0.17372626066207886 0.04344587028026581 0.04401692375540733
0.030355609953403473 -0.06699776649475098 0.10681164264678955
-0.06083645299077034 0.08607655763626099 0.41456571221351624
0.29268139600753784 0.19391189515590668 0.623124897480011
-0.20056812465190887 0.21727092564105988 0.3278900682926178
-0.16817685961723328 0.14460280537605286 0.30761614441871643
-0.017311379313468933 0.09491965174674988 0.1018105000257492
0.17788740992546082 -0.6294931769371033 -0.06060126796364784
0.08788495510816574 0.011503133922815323 0.13428995013237
0.11565547436475754 -0.20084217190742493 0.25046786665916443
-0.2950077950954437 0.109523706138134 0.3559536337852478
-0.11586630344390869 0.0857911929488182 0.32889193296432495
-0.09063591063022614 -0.12323760241270065 0.17388726770877838
-0.1446494609117508 0.025691384449601173 -0.5205360054969788
0.15491028130054474 -0.5331243276596069 -0.10475120693445206
0.16503247618675232 0.18896520137786865 0.5993055105209351
-0.11388621479272842 0.19355225563049316 0.5820023417472839
0.005116333719342947 0.10529106110334396 0.42635446786880493
-0.22635792195796967 0.14736631512641907 0.4313928782939911
-0.17140862345695496 0.025718916207551956 0.40537944436073303
0.1918148398399353 0.077469103038311 0.4058530032634735
-0.08946504443883896 0.1473250687122345 0.03082287311553955
-0.09463050216436386 -0.13022518157958984 0.0992819219827652
0.4154294431209564 -0.1929589956998825 -0.15398958325386047
0.014436943456530571 -0.21080999076366425 0.2625126838684082
-0.10309305787086487 0.057141222059726715 0.009699175134301186
0.000992445508018136 0.06167769432067871 0.0729474276304245
0.17568446695804596 -0.3239705562591553 0.34209147095680237
0.004846632014960051 -0.032115962356328964 0.5056657791137695
0.062336619943380356 -0.7535972595214844 0.11885734647512436
0.12101908773183823 -0.28022903203964233 0.29509803652763367
0.0783342495560646 0.07717180997133255 0.0954437181353569
-0.08581380546092987 0.17766056954860687 0.05663715675473213
0.19948288798332214 -0.04027940705418587 -0.12683700025081635
-0.0017157213296741247 0.06342846155166626 0.0859958752989769
0.19492502510547638 -0.06155826523900032 0.41242027282714844
-0.07862269878387451 -0.10698576271533966 0.5268798470497131
-0.19085076451301575 0.08352094143629074 0.42200297117233276
0.14015048742294312 0.14705394208431244 0.20656350255012512
0.06098633259534836 -0.40748628973960876 0.001610094914212823
-0.1279897838830948 0.06884516775608063 0.11635185033082962
0.2720789313316345 0.24142685532569885 0.36769914627075195
-0.18034765124320984 0.23238272964954376 0.2239103615283966
-0.1688159704208374 0.13774418830871582 0.29661044478416443
0.03545298054814339 0.11642440408468246 0.07525274902582169
0.24888582527637482 -0.09171303361654282 -0.05428672209382057
-0.10437534749507904 0.024119801819324493 -0.5799285173416138
0.0839102491736412 0.09206922352313995 0.2679018974304199
0.1926099956035614 -0.796608567237854 0.22484222054481506
-0.008470745757222176 -0.009281231090426445 0.3580010235309601
-0.1500643640756607 0.13399042189121246 0.031069299206137657
0.18639391660690308 -0.281403124332428 -0.09492723643779755
-0.25868234038352966 0.21950314939022064 0.36573219299316406
-0.3001212179660797 0.10537442564964294 0.43006500601768494
0.08553414791822433 -0.2749177813529968 0.06938490271568298
-0.0886579155921936 0.17055857181549072 0.8121181726455688
-0.0615072026848793 -0.006651002448052168 0.16797475516796112
0.10980415344238281 -0.48522788286209106 -0.23663106560707092
-0.056652944535017014 0.13069264590740204 0.08033058047294617
-0.050650566816329956 0.15610581636428833 0.2846638560295105
0.11971109360456467 -0.7383415102958679 0.045319560915231705
-0.1834920048713684 0.27066799998283386 0.39761680364608765
0.03933246061205864 -0.2735951542854309 0.11234880238771439
0.021080145612359047 0.14941684901714325 0.3550489544868469
-0.2730189263820648 0.09661811590194702 0.39922401309013367
-0.10608389228582382 -0.03824913501739502 0.027973873540759087
-0.2624473571777344 0.6100360155105591 0.1526264250278473
0.13121794164180756 -0.10080907493829727 0.15240420401096344
0.23450571298599243 0.22780758142471313 0.5214825868606567
-0.06864092499017715 -0.13234132528305054 0.45554980635643005
-0.17203205823898315 0.20107978582382202 0.3838840425014496
0.015000095590949059 0.010996708646416664 0.32758885622024536
0.005522653926163912 0.26763924956321716 0.3029422163963318
-0.08181062340736389 0.06912905722856522 0.3389592468738556
-0.3640720248222351 0.2419501543045044 0.6798099279403687
-0.13650396466255188 0.06176606938242912 0.11229134351015091
0.011885248124599457 -0.5104494690895081 -0.0076486594043672085
-0.05251368135213852 -0.09474726766347885 0.021652428433299065
-0.06273859739303589 -0.10459670424461365 0.25950220227241516
-0.07615680247545242 -0.21470314264297485 0.2614371180534363
-0.09617860615253448 -0.2368757724761963 -0.42964860796928406
-0.034892331808805466 0.10989195108413696 0.27491384744644165
0.03632615879178047 -0.047992948442697525 0.45704957842826843
-0.03165337070822716 -0.12536117434501648 0.40189945697784424
0.04440270736813545 -0.0631939023733139 -0.2357201725244522
0.05816921219229698 0.34505006670951843 0.5684705972671509
-0.15294618904590607 -0.10744351893663406 0.14698290824890137
0.2596483528614044 -0.011579042300581932 -0.21100468933582306
-0.05643964186310768 -0.10179644078016281 -0.23214586079120636
0.29508715867996216 -0.01303761638700962 0.5117846131324768
0.30566278100013733 0.09215829521417618 -0.12848004698753357
-0.13694004714488983 0.0801219716668129 0.06965005397796631
0.4266444444656372 -0.2102307677268982 -0.11191941797733307
-0.09634798765182495 0.23532672226428986 0.34512001276016235
0.09438488632440567 -0.1375500112771988 0.26399242877960205
-0.05348391830921173 -0.43583977222442627 0.4076102077960968
-0.19323661923408508 0.2531599998474121 0.23794403672218323
0.08582420647144318 0.2375234216451645 0.3033851385116577
0.041403476148843765 0.0488554872572422 0.4613102674484253
-0.14989283680915833 0.14639724791049957 0.17101192474365234
-0.12173733860254288 0.11314369738101959 0.4059234857559204
0.023300565779209137 -0.2393408566713333 0.18071500957012177
-0.07265020161867142 0.05169087275862694 0.2171449363231659
0.06795688718557358 -0.3600068986415863 0.17068172991275787
-0.031719788908958435 0.01091853529214859 -0.0681733712553978
0.34923627972602844 -0.22877717018127441 -0.22827115654945374
-0.029005883261561394 -0.015661275014281273 0.25059694051742554
-0.2626713812351227 0.06749668717384338 0.3661496639251709
0.009236877784132957 0.06801787763834 0.3666527569293976
-0.010554874315857887 0.12654513120651245 0.2179567664861679
-0.016249584034085274 -0.34434443712234497 0.18396607041358948
0.014853406697511673 0.11170227825641632 -0.39836233854293823
-0.3166826069355011 0.332339882850647 0.9680484533309937
0.11475181579589844 -0.8617115020751953 -0.16286495327949524
0.13801297545433044 -0.09303084760904312 0.23261325061321259
0.359264612197876 0.09757772088050842 0.17384247481822968
0.0182860866189003 -0.09538209438323975 0.18897773325443268
0.5008862614631653 0.06768655776977539 0.24953460693359375
-0.1543196141719818 0.21003001928329468 0.06171676516532898
0.03689571097493172 0.019592352211475372 0.18741926550865173
0.15204527974128723 0.15072500705718994 0.5755984783172607
-0.15512758493423462 0.08603014796972275 0.5443485379219055
0.09930861741304398 -0.08673715591430664 0.14308902621269226
0.05211062729358673 0.08532731235027313 0.43628743290901184
0.13285230100154877 0.11335792392492294 0.2978835105895996
-0.16942305862903595 0.16976602375507355 0.08217565715312958
-0.2241063416004181 0.15018145740032196 0.567568838596344
-0.15397334098815918 -0.007789370138198137 0.33665019273757935
-0.038893088698387146 0.3891090154647827 0.4356767237186432
-0.05769168213009834 0.026298996061086655 -0.1570703387260437
-0.15857984125614166 0.19841748476028442 0.21589422225952148
-0.12123152613639832 0.12492386251688004 0.49423104524612427
0.32157814502716064 0.19298723340034485 -0.09680107980966568
-0.16302655637264252 0.5271276235580444 0.15622873604297638
0.0850057378411293 -0.062368061393499374 0.31640559434890747
-0.035598691552877426 -0.2493560016155243 -0.12798114120960236
0.07544529438018799 -0.2843363583087921 0.10002712160348892
-0.028784988448023796 -0.045694176107645035 0.38402649760246277
-0.035331010818481445 0.14525462687015533 -0.152135968208313
-0.14734363555908203 -0.025833407416939735 -0.25685974955558777
-0.03836137056350708 -0.17397543787956238 0.09070822596549988
-0.05696956813335419 0.1543491780757904 -0.06732121855020523
-0.28408750891685486 0.15458454191684723 0.4719560146331787
-0.022594522684812546 -0.2550813555717468 0.38672927021980286
-0.09129291772842407 0.11406046897172928 0.4086761772632599
0.03186491131782532 -0.2819920778274536 0.3078975975513458
-0.033936839550733566 -0.09636406600475311 -0.2211574763059616
-0.05328116938471794 0.11039035022258759 0.06842613220214844
-0.03727800026535988 0.15018990635871887 0.47431010007858276
-0.20107942819595337 -0.06054375693202019 -0.2958391010761261
-0.04915402829647064 -0.47570687532424927 0.00017129944171756506
-0.1865588128566742 0.25914838910102844 0.2120887041091919
-0.028400618582963943 0.1007993221282959 -0.08572529256343842
-0.17061445116996765 -0.08071203529834747 0.36335763335227966
-0.13635842502117157 0.06419871747493744 0.16521985828876495
-0.19997894763946533 0.09636139869689941 0.6249749660491943
0.15337415039539337 -0.08103160560131073 0.3534405827522278
-0.22122250497341156 -0.32083040475845337 0.5736980438232422
0.05987975746393204 -0.6397806406021118 0.12275651842355728
0.043528616428375244 -0.25587573647499084 0.035482149571180344
0.08144213259220123 -0.07164279371500015 0.45628437399864197
-0.09492942690849304 0.13146059215068817 0.4767816960811615
0.044485531747341156 -1.0864522457122803 0.1820008009672165
0.10073992609977722 -0.06751356273889542 -0.16257525980472565
0.16946010291576385 0.1273897886276245 0.3377683758735657
0.10227292776107788 -0.644734263420105 -0.12343717366456985
-0.1870071440935135 0.04986348748207092 0.6442025303840637
-0.16028167307376862 0.14522431790828705 0.26077306270599365
0.002204987220466137 0.21575722098350525 0.5254709720611572
-0.23774102330207825 -0.05519205331802368 0.4022541046142578
-0.17334647476673126 0.44383084774017334 0.4513632655143738
0.11184147745370865 0.03530929610133171 -0.14146381616592407
0.053488679230213165 -0.588577389717102 0.22110030055046082
-0.0153462253510952 -0.18669113516807556 -0.1095900684595108
0.06552744656801224 -0.3626863360404968 0.4509847164154053
-0.10247503221035004 0.1365112066268921 0.29188692569732666
-0.01547323726117611 -0.28234735131263733 0.13445520401000977
0.01580636017024517 -0.2548384666442871 0.29015037417411804
0.17933151125907898 -0.11790166050195694 -0.30035796761512756
-0.0596470981836319 -0.12112260609865189 0.21398961544036865
-0.07666473090648651 -0.2521800398826599 0.10951472818851471
-0.07973117381334305 -0.021925730630755424 -0.033342145383358
-0.07522671669721603 -0.05848085507750511 0.07070449739694595
-0.14222103357315063 -0.05039924383163452 0.4428993761539459
-0.026754159480333328 -0.02155006118118763 0.282866507768631
0.07322871685028076 0.04530394822359085 0.16478025913238525
-0.09056112915277481 0.21773739159107208 -0.0570015124976635
0.19533973932266235 -0.5972173810005188 0.0035586771555244923
-0.009813139215111732 0.21318626403808594 0.01713990978896618
0.3489327132701874 0.0058405837044119835 -0.33040493726730347
-0.05556647107005119 0.061900828033685684 -0.02436891384422779
-0.09355974197387695 0.18157164752483368 0.10774196684360504
0.00093933375319466 -0.284934937953949 -0.18186640739440918
0.03020552359521389 0.1451820582151413 0.15058380365371704
0.11931800842285156 0.04824122413992882 0.07308397442102432
0.059427786618471146 0.022701052948832512 -0.2207566797733307
0.11804212629795074 -0.43970322608947754 0.09319039434194565
0.18174780905246735 0.04259079322218895 0.2446703016757965
-0.10573135316371918 0.14194677770137787 0.24282622337341309
-0.16168712079524994 0.06584855169057846 0.21907907724380493
0.17777366936206818 -0.03743736818432808 0.37813740968704224
-0.1433524787425995 0.09905793517827988 0.38817447423934937
0.1709347516298294 -0.19236275553703308 -0.0859818086028099
-0.04127635061740875 0.058218322694301605 -0.1893635243177414
-0.2097901701927185 0.01775868609547615 0.374502956867218
0.04662768542766571 0.07505127787590027 0.46729958057403564
0.3494340181350708 0.006895190570503473 -0.251090407371521
-0.06671259552240372 0.055672142654657364 0.3390779197216034
-0.07053373754024506 -0.14636701345443726 0.12573456764221191
-0.24305038154125214 0.20994000136852264 0.458391010761261
-0.35133928060531616 -0.12641018629074097 0.4689832031726837
0.06929197162389755 0.12338033318519592 0.15213076770305634
0.06602195650339127 -0.14439627528190613 0.13620975613594055
0.040637124329805374 -0.418276309967041 0.20982399582862854
-0.01494423858821392 -0.02974102459847927 -0.04385888949036598
-0.1763753592967987 0.25348687171936035 0.4261307418346405
-0.20057770609855652 0.12356572598218918 0.28456518054008484
-0.14543545246124268 -0.08063198626041412 0.15015152096748352
0.12666644155979156 -0.9540506601333618 0.41443002223968506
0.048983458429574966 -0.16831330955028534 0.1674485057592392
-0.16809353232383728 0.2563692033290863 0.17770160734653473
-0.04034782946109772 -0.05933280661702156 0.413337379693985
-0.03659676015377045 -0.32689639925956726 0.2835928797721863
-0.22471988201141357 0.16951079666614532 0.40189316868782043
0.03807526454329491 -0.15577861666679382 0.20711591839790344
0.17405378818511963 -0.3427692651748657 -0.1777961105108261
-0.12434599548578262 0.32553136348724365 0.3371659219264984
0.10447406768798828 -0.5711981058120728 -0.17149513959884644
0.018491923809051514 -0.43502190709114075 -0.3378676176071167
0.15657906234264374 -0.6389741897583008 -0.01734362542629242
-0.1659962683916092 0.025521235540509224 0.10912946611642838
-0.04329377040266991 0.20458650588989258 -0.08055221289396286
0.2438107430934906 -0.21985958516597748 0.23443789780139923
0.01692088320851326 0.05542100593447685 0.3016761243343353
0.17549102008342743 0.13387753069400787 0.10392716526985168
0.10968528687953949 0.11379921436309814 0.3923421800136566
0.038350965827703476 -0.2494165599346161 0.17594146728515625
0.056763820350170135 -0.47002413868904114 0.18837548792362213
-0.16130100190639496 -0.0331246517598629 0.20953015983104706
-0.21804331243038177 0.23367270827293396 0.336500346660614
-0.05427486449480057 -0.20000097155570984 0.39653441309928894
-0.0326102077960968 -0.2341284453868866 0.015900572761893272
0.1193946823477745 0.02807494066655636 0.09585323184728622
-0.12699884176254272 -0.015167482197284698 0.12024466693401337
-0.0404258593916893 0.009675044566392899 0.2908708155155182
0.31875890493392944 0.0916338860988617 0.22779157757759094
-0.09735371172428131 -0.011926662176847458 0.45604822039604187
0.043026670813560486 -0.05819045752286911 -0.08885903656482697
0.1896999031305313 -0.019989628344774246 0.1689475178718567
-0.04388905689120293 -0.5013206601142883 0.38447368144989014
0.23257185518741608 -0.19170533120632172 -0.07232604175806046
-0.15685325860977173 -0.07496307045221329 0.23657621443271637
-0.06269018352031708 0.014896629378199577 -0.2397773265838623
-0.16479526460170746 0.06586530059576035 0.22601746022701263
-0.14489193260669708 0.24645662307739258 -0.17701154947280884
-0.18720467388629913 0.059271398931741714 0.4980635344982147
-0.23671722412109375 0.09704940021038055 0.2125006765127182
0.12277060747146606 -0.21184688806533813 0.1845519244670868
-0.10779702663421631 0.20741631090641022 -0.025438198819756508
-0.0679883360862732 0.16442207992076874 0.3060080409049988
-0.18634890019893646 0.22085098922252655 0.7592216730117798
-0.12593495845794678 0.1624922752380371 0.5401181578636169
0.18389742076396942 0.12001219391822815 0.3905658423900604
-0.10178656131029129 0.15568332374095917 0.3831808269023895
-0.02133103273808956 -0.29350465536117554 0.35935404896736145
0.25447264313697815 0.10802779346704483 0.17666766047477722
-0.036836523562669754 -0.006475509610027075 0.1296108514070511
0.034727249294519424 -0.15625180304050446 0.04163404181599617
-0.059460483491420746 0.25178757309913635 0.41453665494918823
-0.10629284381866455 0.18800239264965057 0.41765886545181274
0.032963141798973083 0.3402826189994812 0.3334241807460785
0.09361685067415237 -0.18862038850784302 0.3161962628364563
-0.05776221677660942 -0.22353851795196533 0.006820167880505323
-0.03320978954434395 -0.1775159239768982 0.30171048641204834
0.03127726912498474 0.041220005601644516 0.2739376127719879
-0.06634721159934998 -0.15798521041870117 0.3993968367576599
0.030713627114892006 -0.3398543894290924 0.04534181207418442
-0.09974489361047745 0.11754833906888962 0.23040184378623962
-0.09795380383729935 0.12650981545448303 0.26864758133888245
-0.180690735578537 0.11276093870401382 0.0647924393415451
0.08353982865810394 -0.1383008062839508 0.3765124976634979
0.06280064582824707 -0.17866061627864838 0.23654727637767792
-0.04826947674155235 -0.020646655932068825 0.5421028733253479
0.07280521094799042 -0.4487258493900299 0.02638404443860054
0.04282797873020172 0.09185703843832016 0.4103250503540039
-0.1635456532239914 0.34228241443634033 -0.0769893079996109
0.09025435894727707 0.03851562738418579 0.11974117159843445
-0.1470029503107071 0.11694040149450302 0.018731387332081795
-0.05435723811388016 0.006594120524823666 -0.011738985776901245
0.03869662061333656 0.05171078443527222 0.11306148767471313
0.10787124931812286 -0.3342214524745941 -0.012004412710666656
0.04819517210125923 0.16903698444366455 0.18731944262981415
0.04444887116551399 -0.33436429500579834 0.1919764280319214
-0.22695450484752655 0.10351591557264328 0.29842036962509155
0.062057606875896454 0.13636083900928497 -0.23821598291397095
0.1978863626718521 -0.4976879060268402 0.10594881325960159
-0.13835251331329346 -0.048341743648052216 0.40094226598739624
-0.07050848752260208 -0.28026387095451355 0.3675430119037628
-0.03840261325240135 0.12545394897460938 0.5306504368782043
0.1459500789642334 -0.3166517913341522 -0.24503006041049957
-0.0790792778134346 0.09600352495908737 0.36306631565093994
-0.07976430654525757 0.2464226931333542 0.16852261126041412
-0.18855172395706177 0.22439762949943542 0.09917032718658447
0.00019200483802706003 -0.36867496371269226 0.11003904789686203
-0.08672352880239487 -0.061570923775434494 0.2585879862308502
-0.22927984595298767 0.23021703958511353 0.12718112766742706
0.09351671487092972 0.04000541940331459 0.03470214828848839
0.1602160781621933 -0.010721556842327118 0.011936021968722343
-0.0793338268995285 0.07865933328866959 0.32097989320755005
-0.1380300372838974 0.023984676226973534 0.18115799129009247
0.12903831899166107 -0.5331153273582458 -0.2719387412071228
-0.05413850396871567 0.1089588850736618 0.25500789284706116
-0.2810390591621399 0.31360992789268494 0.42385637760162354
-0.03932717442512512 -0.534628689289093 0.35043787956237793
0.2554992437362671 -0.29499587416648865 0.15332503616809845
-0.03890199586749077 0.002732418244704604 0.22578127682209015
0.15302014350891113 0.07957613468170166 0.380614697933197
0.050601258873939514 0.060194265097379684 0.35929131507873535
0.4258175194263458 0.07603433728218079 0.3914966285228729
-0.032444827258586884 0.018308576196432114 0.4715873599052429
-0.11474253237247467 0.2198045402765274 -0.05110566318035126
-0.15557333827018738 0.13259239494800568 0.29225778579711914
-0.15859918296337128 0.06435892730951309 -0.08101139962673187
-0.04494616016745567 -0.2174461930990219 -0.14401397109031677
-0.22551178932189941 0.07506614178419113 0.24773342907428741
0.057520847767591476 -0.3927929699420929 -0.08491885662078857
0.560641884803772 0.12259804457426071 0.29046306014060974
-0.0724402591586113 0.09944877028465271 0.02318299002945423
0.14383016526699066 -0.12416728585958481 -0.4170396327972412
0.12424934655427933 0.16191251575946808 0.5575125217437744
0.14143718779087067 0.2860229015350342 -0.20242264866828918
-0.1576206088066101 0.0997406393289566 0.47622138261795044
0.20618540048599243 -0.39084339141845703 0.060636505484580994
0.1228746697306633 -1.1115132570266724 0.3119668662548065
0.057985905557870865 -0.3997592031955719 0.10020987689495087
0.20008818805217743 -0.5590819120407104 0.44574639201164246
-0.06683936715126038 -0.03785458579659462 -0.08040153235197067
-0.17352576553821564 0.13198114931583405 0.37357866764068604
-0.160908505320549 0.1835983842611313 -0.13948290050029755
0.16027595102787018 0.02641582116484642 0.20895680785179138
-0.01247638463973999 0.015621626749634743 0.18635402619838715
0.024446798488497734 -0.20443202555179596 0.0614701546728611
-0.20219941437244415 0.11619734019041061 -0.0037972531281411648
0.22515445947647095 0.21854670345783234 0.4926774501800537
0.10462218523025513 -0.41554582118988037 0.1898701786994934
0.042441513389348984 -0.028269750997424126 -0.21369200944900513
0.3975781798362732 0.12087123841047287 0.4234468936920166
0.2998918294906616 -0.08774196356534958 -0.057092420756816864
-0.016819646582007408 0.07951805740594864 0.4520474970340729
0.04133870452642441 -0.11679006367921829 -0.03287074714899063
-0.010392263531684875 -0.08097413927316666 0.3960789442062378
-0.09180157631635666 0.07234174758195877 0.528002917766571
0.1426163762807846 -0.3814692199230194 0.13630357384681702
0.005989661440253258 -0.23528046905994415 0.24327589571475983
-0.2734530568122864 0.1156172975897789 0.6183269619941711
-0.2638922333717346 0.21825136244297028 0.31023451685905457
-0.021329330280423164 -0.08339489996433258 -0.09490804374217987
0.009962206706404686 -0.09070874005556107 -0.2714172899723053
-0.1215369701385498 0.21168683469295502 0.00599623890593648
-0.14777566492557526 0.09746742993593216 0.19488735496997833
-0.16555824875831604 0.013329651206731796 0.12781111896038055
-0.11787723004817963 0.14074160158634186 0.13880044221878052
-0.013393258675932884 -0.27736344933509827 -0.07896295934915543
0.11624986678361893 0.09765368700027466 0.37641653418540955
0.17803527414798737 -0.39602863788604736 0.09162025898694992
-0.15486407279968262 -0.02949465438723564 0.18135397136211395
-0.13006967306137085 0.21554243564605713 0.21725262701511383
0.009904768317937851 0.08518347889184952 0.398345410823822
0.07231903821229935 0.04470397159457207 -0.17669057846069336
0.11346764117479324 -0.2972411513328552 0.26597943902015686
0.22076773643493652 0.026912735775113106 0.3134264051914215
0.08600977808237076 0.09131278842687607 -0.02613077126443386
0.031002039089798927 -0.2987125813961029 0.023334600031375885
-0.23211845755577087 0.0571439191699028 0.33262380957603455
-0.12602423131465912 0.2201877236366272 0.6052811145782471
0.10180412232875824 -0.08615504205226898 -0.31763285398483276
-0.22900283336639404 0.10362552106380463 0.3613038659095764
0.25414836406707764 0.09729357808828354 0.3958648443222046
-0.007613175082951784 -0.08176697790622711 0.04918930307030678
-0.02905876189470291 0.25254693627357483 0.12323625385761261
0.024929121136665344 0.06448802351951599 0.331781268119812
0.07126358896493912 0.07562848180532455 -0.08472771942615509
0.14667315781116486 -0.1360211819410324 0.4646100699901581
0.02883317694067955 0.03672568500041962 0.10576295852661133
0.034225597977638245 -0.4255079925060272 0.0361814983189106
-0.19452393054962158 0.24172599613666534 0.038062531501054764
-0.125723734498024 0.20738917589187622 0.2906794548034668
-0.3059684634208679 0.14011405408382416 0.4096792936325073
-0.08266201615333557 -0.12150280922651291 0.3671312928199768
0.18177530169487 -0.4418025314807892 -0.044984783977270126
-0.061155885457992554 -0.18325580656528473 0.24036234617233276
-0.25226330757141113 0.1177905797958374 0.4427890479564667
-0.023479066789150238 0.1064324900507927 0.34540754556655884
-0.20864777266979218 0.1279498040676117 0.2778877019882202
0.04138585552573204 0.12722890079021454 0.3440817594528198
0.19103674590587616 -0.23986761271953583 0.3735966682434082
0.14246509969234467 -0.1575406789779663 -0.14708633720874786
0.09098609536886215 0.016096225008368492 -0.39618897438049316
0.16629894077777863 0.06408349424600601 0.313693106174469
-0.2107073813676834 0.18544365465641022 0.2401454746723175
0.010402904823422432 0.4822891652584076 0.5712479948997498
0.36075761914253235 -0.13353359699249268 0.30481207370758057
0.04082872346043587 0.05445725470781326 0.2810048460960388
-0.14752960205078125 0.02254113368690014 0.21959324181079865
0.10048013180494308 0.10408008843660355 0.05460267513990402
-0.23618146777153015 0.10926629602909088 0.42266592383384705
-0.0105292908847332 0.031016089022159576 0.21696889400482178
-0.1970178633928299 -0.07703594863414764 0.260206937789917
-0.19914552569389343 0.13436833024024963 0.33758866786956787
-0.08221641927957535 0.23509778082370758 -0.022004181519150734
-0.2680824398994446 0.33530277013778687 0.45507583022117615
-0.2169678509235382 0.18785050511360168 0.7962432503700256
0.21824486553668976 -0.3787500858306885 0.10773812979459763
-0.17028126120567322 -0.15857861936092377 0.09891056269407272
0.07729776203632355 -0.1996692717075348 0.04802107810974121
-0.09589317440986633 -0.15100839734077454 0.2803800106048584
-0.040662478655576706 -0.013135215267539024 0.1528422087430954
-0.00648503890261054 -0.36443865299224854 0.27148640155792236
-0.20465382933616638 0.026855001226067543 0.27393439412117004
-0.06371137499809265 0.11970667541027069 -0.021495657041668892
-0.17946603894233704 0.011718088760972023 0.3271341919898987
-0.193141371011734 0.33453136682510376 0.17621827125549316
-0.1376677304506302 0.05003976821899414 0.13677912950515747
-0.03522248566150665 -0.12794455885887146 -0.0733986496925354
-0.2471713125705719 0.2862321436405182 0.8351512551307678
0.027498045936226845 0.11808847635984421 0.11747521162033081
0.05123864486813545 0.13261529803276062 0.3624931573867798
0.08864373713731766 -0.06010112911462784 -0.018406938761472702
0.144461527466774 -0.5434868335723877 0.08094096928834915
-0.09111696481704712 0.09885165840387344 0.120245561003685
-0.1554165482521057 0.23770016431808472 0.4165930151939392
0.05422687903046608 -0.02575591579079628 0.4271847903728485
0.256814181804657 0.2711954712867737 0.7285016179084778
-0.14876632392406464 -0.09609325230121613 0.3887382745742798
-0.19983553886413574 -0.10775426775217056 -0.06709463149309158
0.08080384135246277 -0.17279209196567535 0.08796758204698563
0.03655202314257622 -0.08867623656988144 0.2190280556678772
-0.2265244722366333 0.17464913427829742 0.2510640025138855
-0.12543879449367523 0.1383352130651474 0.31409284472465515
0.0545598529279232 0.017750641331076622 -0.06821746379137039
0.1917174756526947 0.12774263322353363 0.45099255442619324
0.05858983099460602 -0.2224656343460083 0.3854771852493286
-0.09530641883611679 -0.18157760798931122 -0.11522798240184784
-0.047280553728342056 0.2917545735836029 0.45621150732040405
-0.05199291184544563 -0.16102255880832672 0.2563031315803528
-0.02192927524447441 0.08933629840612411 0.5197449326515198
0.18088701367378235 0.12953956425189972 0.3386598229408264
0.058855511248111725 0.19890211522579193 0.4144270718097687
-0.08016925305128098 -0.3224051296710968 0.14588406682014465
0.05549580603837967 0.4157102108001709 0.4140666127204895
-0.09917601197957993 0.07497470080852509 0.21457841992378235
-0.040587738156318665 0.14638540148735046 0.31388193368911743
0.13046079874038696 0.27226686477661133 0.5105375647544861
0.11256152391433716 -0.3939838707447052 0.04513762518763542
0.057853762060403824 0.04344385862350464 0.3285309076309204
-0.08080887049436569 0.2269544154405594 0.3532680869102478
0.11237399280071259 -0.7558039426803589 0.48773419857025146
0.1836886703968048 -0.4369688630104065 0.2353588044643402
-0.024066315963864326 -0.16498760879039764 0.27762749791145325
-0.05299484729766846 -0.35890430212020874 0.2630484402179718
0.029520537704229355 -0.01980619505047798 -0.3353818953037262
0.3082968294620514 0.0685318112373352 -0.28239455819129944
0.11414624005556107 -0.22317522764205933 0.13532496988773346
0.004624972585588694 -0.07059634476900101 -0.04786909371614456
-0.16888323426246643 -0.10199327021837234 0.3487702012062073
0.04030332714319229 -0.0264425091445446 0.17286787927150726
-0.14972110092639923 0.1067306324839592 0.19243209064006805
-0.053590092808008194 0.052282411605119705 0.2903088629245758
0.07629874348640442 -0.4580400884151459 -0.11736635118722916
-0.04003581777215004 0.19416864216327667 0.29052355885505676
-0.24681073427200317 0.13485397398471832 0.43289390206336975
-0.24184097349643707 0.1006355732679367 0.35330843925476074
-0.043253377079963684 0.13739533722400665 0.05341438204050064
0.0001435455633327365 -0.09561486542224884 -0.1218704804778099
0.37029460072517395 -0.08340180665254593 0.23736213147640228
0.39610785245895386 -0.023028891533613205 0.1387096643447876
0.12520593404769897 0.0818355530500412 0.19571971893310547
-0.2609080374240875 0.11085239797830582 0.2499578595161438
0.15158063173294067 0.29273557662963867 0.183734729886055
-0.028571179136633873 0.18427111208438873 -0.33487990498542786
0.015470363199710846 0.12997987866401672 0.3097856044769287
-0.23858118057250977 0.14138473570346832 0.25974926352500916
-0.3247927725315094 0.23825162649154663 0.7707818746566772
-0.07756616920232773 -0.09050849825143814 0.19111521542072296
0.027027087286114693 -0.41728475689888 0.10315676033496857
-0.10189351439476013 -0.2519298493862152 0.05732960253953934
-0.15299884974956512 0.08672023564577103 0.2504024803638458
-0.28288066387176514 0.2588374614715576 0.5765840411186218
-0.02500029280781746 -0.009169299155473709 0.1547226905822754
-0.251575767993927 0.1030043289065361 0.32561981678009033
0.18390636146068573 -0.10197862982749939 0.12338726967573166
-0.1307082623243332 0.07793009281158447 0.4313372075557709
-0.09733086824417114 -0.01582004874944687 -0.39764052629470825
0.02171645313501358 0.022492527961730957 0.2998808026313782
0.10395906865596771 0.20650023221969604 0.002102852566167712
-0.0991329699754715 -0.1374189555644989 0.3051011860370636
0.11578033864498138 -0.18468084931373596 0.11440268903970718
-0.17090429365634918 0.19692949950695038 0.2633202075958252
-0.1356036216020584 0.0644463449716568 -0.04557528346776962
0.2183583676815033 0.1715366244316101 0.3570595979690552
0.13273420929908752 0.439814031124115 0.7194350361824036
0.34263554215431213 0.1253415197134018 0.35665571689605713
0.09300174564123154 0.14488892257213593 0.4629116356372833
-0.22246937453746796 0.3078228235244751 0.48677489161491394
0.21687963604927063 -0.0535774752497673 0.2976410984992981
0.19751861691474915 0.13266302645206451 0.2274421900510788
-0.11007305234670639 0.10226891934871674 0.3006630539894104
-0.11026901006698608 0.2100353091955185 0.21738997101783752
-0.1423107236623764 0.26566222310066223 0.5979864001274109
-0.036465469747781754 -0.07665832340717316 0.16003334522247314
-0.05353541672229767 0.1355551928281784 0.2045242041349411
0.20190586149692535 0.12061720341444016 -0.019220612943172455
-0.08358199149370193 -0.058591775596141815 0.185675248503685
-0.1594500094652176 -0.006912948098033667 0.26943156123161316
0.12621259689331055 -0.2645111083984375 0.28225821256637573
-0.1344974786043167 0.2714848518371582 0.8296726942062378
0.04816069453954697 -0.18384036421775818 -0.012903982773423195
0.006483595818281174 -0.1487884819507599 0.1837688386440277
-0.12732785940170288 0.1884065568447113 0.21687501668930054
0.10993757098913193 -0.6209015846252441 0.313812255859375
-0.2553606629371643 0.2014269381761551 0.5808350443840027
0.12034789472818375 -1.2509653568267822 -0.08298534154891968
0.20259332656860352 0.11097069084644318 0.18122467398643494
0.10385119915008545 -0.6504781246185303 -0.0021715022157877684
-0.3276960551738739 0.23348982632160187 0.5554006099700928
0.17703093588352203 -0.23545877635478973 -0.05009423568844795
0.2299591302871704 -0.20908847451210022 0.005078420974314213
-0.024616355076432228 0.14805330336093903 0.3329741358757019
0.171956405043602 -0.13961784541606903 0.2792644798755646
-0.06417452543973923 -0.20057007670402527 -0.012423170730471611
0.07735325396060944 0.1173066645860672 0.03807039186358452
-0.088105708360672 0.030821843072772026 -0.09362828731536865
0.07668431103229523 -0.8761169910430908 0.4324192702770233
0.10278382897377014 -0.26402848958969116 0.26152855157852173
-0.04076308012008667 0.16296805441379547 0.47286972403526306
-0.15796801447868347 0.3062508702278137 0.7301662564277649
-0.027931002900004387 0.12715913355350494 0.1882411688566208
-0.0990181416273117 0.08220548927783966 -0.019543912261724472
-0.025647500529885292 -0.10214395076036453 0.17876563966274261
-0.19565364718437195 0.042898524552583694 0.38098689913749695
-0.2471020370721817 0.11789433658123016 0.37728458642959595
-0.13285215198993683 -0.18719163537025452 0.3431861996650696
-0.1831131875514984 0.13976463675498962 0.16889716684818268
-0.1152072474360466 0.15597863495349884 0.3084637224674225
0.05170668289065361 0.1681176871061325 0.6051923036575317
0.17367790639400482 0.3701246380805969 0.6610303521156311
0.0973842516541481 -0.8521402478218079 0.4549066126346588
-0.02019684761762619 0.09684915095567703 0.27727511525154114
-0.08317553997039795 -0.21985213458538055 0.008160928264260292
0.13749651610851288 0.053867995738983154 0.10790606588125229
0.29918569326400757 0.14340433478355408 0.331333190202713
0.0017015598714351654 -0.38378024101257324 0.019668949767947197
0.07664388418197632 -0.026130937039852142 0.2850291430950165
0.14806723594665527 -0.2890291213989258 -0.16630145907402039
0.03655093163251877 0.06372736394405365 0.41449812054634094
-0.12232847511768341 0.04265043884515762 -0.07758358120918274
0.01954919844865799 0.11509834975004196 0.21719494462013245
0.23170940577983856 -0.040621817111968994 -0.2603396475315094
0.07336197048425674 -0.6551743149757385 0.37930458784103394
-0.19684910774230957 0.15739190578460693 0.7409661412239075
0.22180911898612976 -0.2050413340330124 -0.062357041984796524
-0.2788419723510742 0.08258622139692307 0.5336174368858337
0.12137541174888611 0.11891208589076996 0.2646973431110382
0.00806148536503315 0.06265614926815033 0.3711899518966675
-0.20698828995227814 -0.15962211787700653 0.4603573977947235
-0.20813703536987305 0.25196388363838196 0.21503958106040955
-0.0850333422422409 0.24571913480758667 0.08876469731330872
-0.1569003313779831 0.1489364206790924 0.15503531694412231
0.1453184187412262 0.10169213265180588 0.2972261905670166
0.10467539727687836 -0.5774377584457397 0.39191219210624695
0.2235034853219986 -0.3383561670780182 -0.03483511880040169
0.345138818025589 -0.21238626539707184 0.36866524815559387
0.05653618276119232 -0.4831882417201996 0.20016330480575562
0.10275770723819733 -0.123935766518116 0.40850359201431274
0.10028792917728424 -0.3311540186405182 -0.47306132316589355
0.14328265190124512 0.011338045820593834 0.2627171576023102
0.11484312266111374 -0.7147789597511292 0.38537806272506714
0.003452794626355171 0.05889954790472984 0.06695859134197235
0.12053876370191574 0.17369669675827026 0.5348790884017944
0.2711218297481537 0.07948532700538635 0.3254796266555786
-0.14537280797958374 -0.05796013027429581 0.24578715860843658
0.007430695462971926 -0.11813262850046158 0.13118964433670044
0.13596473634243011 0.06368715316057205 0.6154043674468994
-0.09065673500299454 0.12249529361724854 0.12204861640930176
-0.07131326198577881 0.2266051024198532 0.5635587573051453
0.2404235452413559 0.11831731349229813 0.36313945055007935
0.09397367388010025 0.19387738406658173 -0.03714992105960846
-0.2511693835258484 0.15013998746871948 0.334645539522171
-0.29540714621543884 0.056205280125141144 0.5118675827980042
-0.040695033967494965 -0.4232308566570282 0.2133292555809021
-0.09291823953390121 0.16373644769191742 0.49016278982162476
0.208687886595726 -0.42062434554100037 0.09739095717668533
0.11331063508987427 0.01166071929037571 0.04076842963695526
-0.0938219428062439 -0.1542041152715683 0.08664563298225403
-0.125736802816391 -0.05845634266734123 0.09388327598571777
0.08307284116744995 -0.3778667747974396 -0.217367485165596
0.12800206243991852 -0.22987022995948792 0.20486365258693695
0.10261684656143188 0.08859316259622574 0.08141938596963882
0.005158989690244198 -0.6596529483795166 0.3878432810306549
-0.02152935229241848 0.1280827671289444 0.4416159987449646
0.07812555134296417 -0.04049361124634743 0.04718179628252983
0.31169912219047546 -0.0984726995229721 0.25329211354255676
-0.2833138704299927 0.19640353322029114 0.3763246238231659
-0.13368533551692963 0.17164425551891327 -0.12270187586545944
-0.14014878869056702 0.050610557198524475 0.18110573291778564
-0.20928536355495453 0.107794851064682 0.38752856850624084
-0.25446557998657227 0.17101748287677765 0.22186779975891113
-0.04302583634853363 0.01364099606871605 -0.30298519134521484
0.23997275531291962 -0.08487250655889511 0.3897734582424164
0.08134736120700836 0.19974812865257263 0.3200240135192871
-0.10748376697301865 0.06897648423910141 0.24745909869670868
-0.04453699663281441 0.04873412474989891 -0.4762444794178009
0.01421024277806282 -0.048347149044275284 -0.12499327212572098
-0.09813251346349716 -0.1440007984638214 0.2127176970243454
0.05173212289810181 0.23692390322685242 0.6541905999183655
-0.1362064778804779 0.2619810700416565 0.4224318563938141
0.011275209486484528 0.26363420486450195 0.4680640995502472
-0.28033170104026794 0.0922047570347786 0.4518512189388275
-0.17521555721759796 0.27241629362106323 0.33168312907218933
-0.06035119295120239 -0.26583436131477356 0.24419580399990082
-0.07612790912389755 0.10023944824934006 0.16034480929374695
-0.0626673549413681 -0.045435961335897446 0.0008397678611800075
0.03007573075592518 -0.5158865451812744 -0.2671656310558319
-0.05617634207010269 -0.4513232111930847 0.26285770535469055
-0.029079236090183258 -0.2739439308643341 0.4763515293598175
0.13176757097244263 0.057386238127946854 -0.11501271277666092
-0.05221078172326088 -0.0329061821103096 0.2386907935142517
0.11834637075662613 -0.3075125515460968 0.3365311324596405
0.10761202871799469 -0.09861810505390167 0.3296546936035156
-0.10645877569913864 0.11388414353132248 0.3274381160736084
0.0067821345292031765 -0.05103747174143791 0.22318002581596375
-0.1734740138053894 0.25061193108558655 0.2864948511123657
0.19443725049495697 -0.05839826911687851 0.15548859536647797
0.22376038134098053 -0.10568775981664658 0.20696599781513214
-0.011539850383996964 -0.03105287440121174 0.45703086256980896
-0.10682971030473709 0.2560815215110779 -0.0907038152217865
0.0697798877954483 0.06661900132894516 0.20889517664909363
0.03787197917699814 -0.008926212787628174 0.15038767457008362
0.09363191574811935 -0.3106065094470978 0.28108012676239014
0.16833211481571198 0.10238669067621231 0.4009815752506256
0.14144334197044373 -0.6905497908592224 0.4398095905780792
0.19030225276947021 -0.8244324922561646 -0.6512664556503296
0.12270809710025787 0.0983763039112091 0.24256867170333862
-0.045540452003479004 -0.33453744649887085 0.43577468395233154
0.16249297559261322 -0.33921337127685547 0.08983883261680603
-0.10080137103796005 -0.3989959955215454 0.1690746694803238
-0.25403517484664917 -0.3256770670413971 0.24824589490890503
-0.10960479080677032 0.162327378988266 0.04666663333773613
-0.10678219050168991 0.13918957114219666 -0.1158405989408493
0.08026102185249329 -0.3027430474758148 0.12098813056945801
0.29883649945259094 0.022262929007411003 0.06535060703754425
-0.11779134720563889 0.12757880985736847 0.15870104730129242
0.15516144037246704 -0.2637808322906494 0.01962587982416153
0.18286976218223572 -0.5973595380783081 -0.3181491792201996
-0.16105130314826965 -0.20308180153369904 0.1325376331806183
0.05627124384045601 0.13954155147075653 0.3804607689380646
0.142327219247818 -0.32443079352378845 -0.23057715594768524
0.1876215934753418 0.0769101083278656 0.06251299381256104
0.09023822098970413 -0.1842406690120697 -0.3285212218761444
-0.19420617818832397 0.20747502148151398 0.2474656105041504
0.05743817985057831 -0.6063427925109863 -0.3043834865093231
-0.23392105102539062 0.13863155245780945 0.31224605441093445
-0.10472923517227173 0.13828954100608826 0.16256187856197357
0.004199105314910412 0.11937379091978073 -0.10104887932538986
0.12827014923095703 0.04881500452756882 0.45452752709388733
0.14131665229797363 -0.18668633699417114 0.25479182600975037
-0.0950855016708374 0.26013705134391785 0.2472362071275711
-0.20711533725261688 0.005652971565723419 0.2431633025407791
0.31975987553596497 0.015668023377656937 0.1501106321811676
-0.17254063487052917 0.20722489058971405 0.27219924330711365
0.0035781129263341427 0.2068798542022705 0.591894805431366
0.31438860297203064 0.28723540902137756 0.7774142622947693
-0.12429047375917435 0.20241570472717285 0.22578230500221252
-0.16648991405963898 0.18490071594715118 0.26218777894973755
-0.055207524448633194 -0.16229180991649628 0.26805251836776733
-0.05434669181704521 0.16373957693576813 0.23907414078712463
-0.0026230160146951675 0.2249068021774292 -0.06365696340799332
-0.05414005368947983 -3.8521597161889076e-05 0.4869004786014557
0.20847448706626892 -0.23290078341960907 0.29868367314338684
-0.055583253502845764 0.15373468399047852 0.10290676355361938
0.18768134713172913 -1.1917041540145874 -0.17103900015354156
-0.1786978542804718 -0.23850339651107788 0.3108964264392853
0.21305939555168152 -0.1687074601650238 -0.05822896212339401
-0.009396715089678764 -0.15002129971981049 0.12903037667274475
0.12163393944501877 0.13256822526454926 0.5313693284988403
-0.022622233256697655 -0.470904678106308 0.5114668011665344
-0.06235884875059128 0.10689223557710648 0.16098904609680176
-0.025127938017249107 0.13961730897426605 0.19637781381607056
-0.013821454718708992 0.04785202071070671 0.22805877029895782
0.009815076366066933 0.42252105474472046 0.42710360884666443
0.082756407558918 -0.06018528342247009 0.3177391588687897
0.0027128085494041443 -0.02618960291147232 0.2555166184902191
-0.07036194950342178 0.2465909868478775 0.6527618169784546
0.07352213561534882 0.454878032207489 0.3645135462284088
-0.18998900055885315 0.01377616822719574 0.2713111937046051
-0.03579092025756836 -0.23416700959205627 0.2977027893066406
0.11923639476299286 -0.5708416700363159 -0.002442949917167425
0.19288229942321777 0.09547246247529984 0.14154092967510223
-0.2328638881444931 0.35246071219444275 0.5737990140914917
0.19407624006271362 0.12542414665222168 0.41578730940818787
0.003461546264588833 -0.21055294573307037 0.0640169009566307
-0.15453122556209564 0.15645334124565125 0.006808402948081493
0.025060564279556274 -0.1923682987689972 0.33233192563056946
-0.004721916746348143 -0.405536949634552 0.13456709682941437
0.048236746340990067 0.1248232051730156 0.5131037831306458
-0.15884578227996826 0.23206835985183716 0.2588948905467987
0.03214355930685997 -0.028122272342443466 0.23416203260421753
0.04746672138571739 -0.22908930480480194 0.412663072347641
-0.05024915188550949 0.10399334132671356 0.04022880643606186
-0.10805715620517731 0.02619168907403946 0.19626687467098236
-0.22315819561481476 0.16333478689193726 0.3327104151248932
0.060343287885189056 -0.19802126288414001 -0.32228168845176697
-0.07035476714372635 0.1595773845911026 0.2644152343273163
0.09638281911611557 0.14637164771556854 0.5533332228660583
-0.037243250757455826 -0.17014570534229279 -0.346484899520874
0.09328993409872055 0.2147529423236847 -0.0979345366358757
-0.028985468670725822 0.1900874376296997 0.01870352029800415
-0.06651183217763901 -0.04028282314538956 0.12595905363559723
-0.07830527424812317 0.3270830810070038 0.4326379895210266
0.03674896061420441 0.3400583565235138 -0.2606593668460846
0.08419689536094666 -0.3159973919391632 -0.25027814507484436
0.05529791861772537 0.29364705085754395 -0.14421676099300385
-0.11657813936471939 -0.1569550782442093 0.3006027042865753
0.18507058918476105 -0.3296150267124176 0.2343158721923828
-0.09826293587684631 0.13535884022712708 0.09941719472408295
-0.10452093929052353 0.06262681633234024 0.13276128470897675
0.18834446370601654 -0.13181398808956146 0.41267678141593933
-0.22979727387428284 0.2318294644355774 0.23152926564216614
-0.07298199832439423 0.14037874341011047 0.13885179162025452
-0.33195364475250244 0.25231897830963135 0.19640108942985535
-0.22977730631828308 -0.16551260650157928 0.2982102334499359
-0.32965800166130066 0.09387895464897156 0.6142361164093018
0.06825202703475952 -0.3460882604122162 0.32804399728775024
-0.003218352794647217 0.23595468699932098 0.4328046143054962
-0.1559363156557083 0.36222168803215027 0.18996430933475494
0.14773739874362946 0.28298306465148926 0.24662718176841736
0.021513136103749275 0.027810003608465195 0.5305160880088806
-0.1535007506608963 -0.04210794344544411 0.36058807373046875
-0.09730610996484756 0.04997977241873741 -0.09044000506401062
-0.13518348336219788 0.04666532576084137 -0.03798951953649521
0.2385578453540802 -0.8961888551712036 -0.04937874153256416
0.07578522711992264 -0.34410783648490906 0.07443169504404068
0.05040362849831581 -0.017093487083911896 0.33143603801727295
-0.23818883299827576 0.15228888392448425 0.39234665036201477
0.10626275837421417 -0.3967926502227783 -0.00024904264137148857
-0.1633559912443161 0.08317575603723526 0.4764193296432495
0.06038583442568779 -0.5150009393692017 0.470394492149353
-0.12383004277944565 0.1415119469165802 0.10220620036125183
-0.24088862538337708 0.18762977421283722 0.36756157875061035
-0.11465618759393692 0.2045818269252777 0.16755619645118713
0.05455804988741875 -0.09306483715772629 -0.1737687587738037
0.0980791449546814 -0.3746786415576935 -0.25786691904067993
0.03548187389969826 -0.3803546726703644 -0.018172288313508034
0.004537562374025583 -0.2553642690181732 -0.05824505537748337
-0.04023931175470352 -0.2460835576057434 0.2930772304534912
0.0026024742983281612 0.2646670639514923 0.11507267504930496
0.1399216502904892 -0.4316941201686859 0.3359356224536896
0.07287826389074326 -1.0651122331619263 -0.3047327399253845
0.11566723138093948 0.08603280782699585 0.21743354201316833
0.18469448387622833 0.12916986644268036 0.6460205316543579
0.005476959981024265 -0.10540832579135895 0.01317305862903595
-0.22835773229599 0.09862538427114487 0.25595447421073914
0.23633496463298798 -0.2557997703552246 -0.2837790250778198
-0.2720699608325958 0.1984710991382599 0.6245992183685303
0.07592611759901047 0.04037754610180855 0.10935458540916443
-0.005036749877035618 -0.46986740827560425 0.5236838459968567
-0.00018669990822672844 -0.3616061210632324 0.010818341746926308
-0.22584278881549835 -0.023142213001847267 0.4513680934906006
-0.04047277569770813 0.02361327037215233 0.20902428030967712
0.03667394071817398 0.005403329152613878 -0.030893953517079353
0.0649631917476654 0.11166787147521973 0.19078019261360168
0.07186969369649887 0.03482554107904434 -0.14481523633003235
0.153061643242836 -0.67799973487854 0.4917195737361908
0.1292957067489624 -0.4781610071659088 -0.021931808441877365
0.059648461639881134 0.04779714718461037 0.27362683415412903
0.2193882018327713 -0.9486692547798157 0.2492196410894394
0.11051458865404129 0.17183291912078857 0.20339785516262054
-0.04527873545885086 0.13455697894096375 0.2280295044183731
0.08353198319673538 0.16713139414787292 0.2650820314884186
0.09338665008544922 -0.2919863164424896 -0.06588724255561829
0.10878445953130722 -0.5080517530441284 0.06471456587314606
0.15708529949188232 -0.45149242877960205 0.11648900806903839
-0.23129484057426453 0.14930792152881622 0.3954457938671112
0.10326346009969711 -0.08788652718067169 0.14560705423355103
0.07033832371234894 0.048902444541454315 0.3827027380466461
0.22703857719898224 -0.34675776958465576 0.1828330010175705
-0.2152891606092453 0.20742164552211761 0.3919754922389984
0.35494858026504517 -0.32172587513923645 0.12427282333374023
-0.041671741753816605 -0.06959548592567444 0.3555091917514801
-0.010961195454001427 0.2442409247159958 -0.21871274709701538
-0.13148196041584015 0.03368224576115608 0.09250910580158234
-0.0703536868095398 0.11433205008506775 0.22888314723968506
-0.10902033001184464 -0.1739388406276703 -0.15059353411197662
-0.04118473827838898 -0.13631799817085266 -0.18197906017303467
-0.1807854324579239 0.08526898175477982 0.07607287168502808
0.14112043380737305 -0.44298309087753296 0.17935281991958618
-0.259527325630188 0.20229218900203705 0.34414660930633545
0.10949600487947464 -0.05848054215312004 0.065297931432724
0.04207691550254822 0.07283205538988113 0.40840569138526917
-0.08495345711708069 0.1431359499692917 0.38120007514953613
0.112584188580513 0.15268124639987946 0.37151339650154114
-0.430695503950119 -0.14708982408046722 0.18742839992046356
0.1254887580871582 0.059391770511865616 0.3338635265827179
-0.25669580698013306 0.0619109608232975 0.4412553310394287
-0.026953531429171562 0.026591891422867775 0.25538915395736694
0.32766464352607727 0.04144452512264252 0.32227087020874023
-0.077077217400074 0.06094267591834068 0.253399521112442
0.2340722531080246 -0.169319286942482 0.166385218501091
0.302558958530426 -0.12417655438184738 0.46730053424835205
-0.23022016882896423 0.03077392466366291 -0.12522660195827484
0.3238646686077118 0.2649052143096924 -0.09328144043684006
0.12655219435691833 -0.20606057345867157 -0.06736011803150177
-0.24911558628082275 0.21349292993545532 0.4491870403289795
0.15292802453041077 -0.3158043920993805 -0.15184272825717926
0.27472352981567383 0.4060852825641632 0.42025017738342285
0.03836231306195259 -0.25886303186416626 -0.38214075565338135
-0.20592555403709412 0.22905293107032776 -0.029955295845866203
0.05696607753634453 -0.5252662897109985 0.06041740998625755
0.05084554851055145 -0.1713467389345169 0.14509256184101105
0.06752774119377136 -0.29055315256118774 0.010151324793696404
-0.01596216857433319 0.2579677402973175 0.3544115722179413
0.18120156228542328 0.14173071086406708 0.12263119965791702
-0.14102548360824585 0.30145683884620667 0.2764902412891388
-0.04042598977684975 -0.009925171732902527 0.1875632405281067
-0.10360725224018097 0.09081687033176422 0.17000684142112732
-0.13787592947483063 0.3086273670196533 0.0367838591337204
-0.09784048050642014 -0.05284217745065689 0.45223677158355713
-0.11873368173837662 0.20661301910877228 -0.015353726223111153
-0.1337878257036209 -0.008312666788697243 0.10694640874862671
0.0019406720530241728 -0.2730655074119568 -0.29758843779563904
-0.2010737508535385 0.09106089174747467 0.1991075575351715
-0.09083019942045212 -0.2046436369419098 0.2794369161128998
0.27882710099220276 0.03015322983264923 -0.005372248124331236
0.008585941046476364 0.05947238206863403 0.4053988456726074
0.2802520990371704 0.03865867853164673 0.4410961866378784
0.13998845219612122 -0.6290500164031982 0.30754321813583374
-0.04918888956308365 0.023261243477463722 0.30826032161712646
0.2768670916557312 -0.20107339322566986 -0.2138228863477707
-0.08613421022891998 -0.09686596691608429 0.08042136579751968
0.039386920630931854 -0.3308614492416382 0.18900428712368011
-0.10245713591575623 -0.22624057531356812 0.1558113843202591
0.11445152014493942 -0.12924878299236298 0.07374776899814606
-0.01411483809351921 0.07231216132640839 0.37560948729515076
0.17752212285995483 0.22054384648799896 0.4400605857372284
0.13700206577777863 0.12898528575897217 0.44623520970344543
0.22222815454006195 -0.6095651388168335 0.12558704614639282
-0.14004530012607574 0.06804616749286652 0.25580328702926636
-0.27619650959968567 0.04205496236681938 0.4580722749233246
0.34255462884902954 -0.13528215885162354 -0.445696085691452
-0.091691754758358 0.07116469740867615 -0.035710372030735016
-0.08935694396495819 -0.13050760328769684 0.343753844499588
-0.11894222348928452 -0.204219788312912 -0.034612987190485
-0.1513865888118744 0.24200351536273956 0.5669201016426086
-0.07200451195240021 -0.229265958070755 0.16536501049995422
0.26628363132476807 -0.2651907205581665 -0.06953743100166321
-0.03739681839942932 0.15274359285831451 0.12030395120382309
-0.151519775390625 -0.20371204614639282 0.16698656976222992
-0.04541127011179924 0.054641447961330414 -0.11084533482789993
-0.23741962015628815 0.2837437689304352 0.5676857829093933
-0.03599025681614876 0.24288062751293182 0.6940904855728149
-0.07302843779325485 0.09429966658353806 -0.12216053158044815
0.1043691635131836 -0.3051074743270874 0.2471884936094284
-0.01899346150457859 0.2107740193605423 0.5066830515861511
0.19868843257427216 -0.2202276736497879 0.06253467500209808
-0.18096338212490082 0.13783159852027893 0.19561083614826202
-0.257466584444046 0.5509839653968811 0.3621884286403656
0.17003679275512695 -0.44828349351882935 0.17519712448120117
0.07468647509813309 -0.19107972085475922 0.13381117582321167
-0.0027733948081731796 0.1233779713511467 0.16914920508861542
-0.25791749358177185 0.20780415832996368 0.28751128911972046
0.042283132672309875 0.10815875232219696 0.14644192159175873
-0.15417751669883728 0.17453384399414062 0.41558805108070374
0.04836009070277214 -0.32770198583602905 -0.003741626162081957
0.1420544683933258 -0.8205015659332275 -0.1912752091884613
-0.13741323351860046 -0.08926262706518173 0.12909242510795593
-0.12267037481069565 -0.13431920111179352 -0.12772250175476074
0.23300053179264069 0.10317642986774445 0.15956896543502808
-0.12415894120931625 0.07446102052927017 0.07507116347551346
-0.03338238224387169 0.09284142404794693 0.17194423079490662
-0.07260945439338684 -0.016048766672611237 0.3037930130958557
-0.09057224541902542 0.08424507826566696 0.2839888036251068
0.13921013474464417 -0.09744812548160553 -0.23724615573883057
-0.13370861113071442 -0.1230599507689476 -0.022232254967093468
0.07111252844333649 -0.1579539179801941 0.5078337788581848
0.004864624701440334 0.03650838881731033 0.5813751220703125
-0.19039961695671082 0.09494811296463013 0.46625831723213196
0.026153994724154472 0.11820867657661438 0.25341278314590454
0.1409299671649933 -0.32886064052581787 0.22062914073467255
-0.02819932997226715 -0.30434438586235046 -0.3557928204536438
0.0049088322557508945 -0.16077907383441925 0.15200147032737732
0.02191164158284664 0.20032590627670288 0.13951057195663452
0.04646741598844528 -0.025011811405420303 0.3246583342552185
-0.09408865869045258 -0.11346491426229477 0.46997377276420593
-0.006582747679203749 -0.1833440512418747 0.2031897008419037
-0.28862184286117554 0.3381163775920868 0.4378471076488495
0.21110673248767853 0.03678309917449951 0.2713637948036194
-0.05485502630472183 -0.13978548347949982 0.09917189180850983
-0.0477667935192585 0.00834562722593546 0.07767321169376373
-0.050955601036548615 -0.035652533173561096 0.469050794839859
-0.035089027136564255 -0.7474949359893799 0.34335339069366455
-0.04733505845069885 0.14321891963481903 -0.035253431648015976
0.0017705356003716588 -0.21017523109912872 -0.009460985660552979
-0.012177560478448868 -0.07297573238611221 0.20218509435653687
-0.0697234645485878 0.19851455092430115 0.0327422097325325
-0.024935506284236908 -0.06092368811368942 0.45007044076919556
-0.00768957519903779 0.12694115936756134 0.2509418725967407
0.03639639541506767 0.05805367976427078 0.2800695598125458
0.013767799362540245 -0.3450559675693512 0.035430312156677246
0.04364117607474327 -0.052826207131147385 -0.276530921459198
-0.13604360818862915 -0.21066813170909882 0.4289315938949585
-0.1425808072090149 -0.12831908464431763 0.218209370970726
-0.22401580214500427 0.2091992348432541 0.819130003452301
0.1284458041191101 -0.05162505805492401 -0.14757660031318665
0.006854140665382147 -0.07208219915628433 -0.2847045660018921
-0.09999269247055054 0.1594809740781784 0.2841320037841797
0.01852552220225334 -0.3394864499568939 0.12918958067893982
0.01563536562025547 -0.30681896209716797 0.16740866005420685
0.2958449423313141 0.044894445687532425 -0.0702224150300026
-0.012253137305378914 -0.014150111004710197 0.11186003684997559
0.0878237634897232 -0.06384072452783585 0.231106698513031
0.13843347132205963 -0.14018018543720245 -0.15641061961650848
0.07126976549625397 0.05688614025712013 0.4042159616947174
-0.09106717258691788 0.1438232809305191 0.5716236233711243
-0.08989490568637848 0.014133309945464134 -0.16862952709197998
-0.2124905288219452 0.11211463809013367 0.2347419410943985
0.2219928801059723 -0.654920756816864 0.3445332944393158
-0.137242391705513 0.11481577903032303 0.1222875565290451
0.17221885919570923 0.07696905732154846 -0.3740319013595581
-0.3331301808357239 0.39236825704574585 0.5324336290359497
0.06025909632444382 0.07357871532440186 0.26799941062927246
-0.10503313690423965 0.16102920472621918 0.06753179430961609
-0.0515490360558033 0.15672898292541504 0.1283435970544815
-0.20028913021087646 0.056823279708623886 0.32446324825286865
-0.2366505116224289 0.05132642760872841 0.7035248279571533
-0.24725207686424255 0.21281331777572632 -0.07090963423252106
0.031491562724113464 -0.0029971785843372345 -0.1642785668373108
0.26338520646095276 -0.030899910256266594 -0.06506780534982681
0.10763663053512573 0.2022598683834076 0.5048931837081909
-0.12326797842979431 0.27884334325790405 0.6324273943901062
0.05103941634297371 0.09072057157754898 0.09517596662044525
0.043055322021245956 -0.5823538899421692 0.5360206961631775
-0.11516039818525314 0.004737687297165394 0.015928899869322777
0.03763464093208313 -0.6415531039237976 0.5183505415916443
0.13214924931526184 -0.01843581348657608 -0.13375498354434967
-0.007991969585418701 0.11297490447759628 0.3677031099796295
-0.24387116730213165 0.34244415163993835 0.5842259526252747
0.042264919728040695 -0.09427700191736221 -0.19902898371219635
0.17915228009223938 -0.2447919100522995 -0.2812386453151703
0.14597487449645996 -0.5701779723167419 0.049404870718717575
0.0680510625243187 -0.15440939366817474 0.33085897564888
0.007303302176296711 0.18325214087963104 0.25572365522384644
0.034368570894002914 0.1733996719121933 0.2684313952922821
-0.08556966483592987 0.2314588874578476 0.02876102924346924
0.007374271750450134 -0.49166637659072876 0.25023728609085083
-0.04593072086572647 0.14368785917758942 0.07931429892778397
-0.012806905433535576 -0.1578918695449829 0.353558748960495
-0.026232115924358368 0.026125574484467506 0.01899375393986702
-0.008938785642385483 -0.33415085077285767 0.07150289416313171
-0.28136128187179565 0.10540077090263367 0.3338237702846527
-0.13426122069358826 0.06788131594657898 0.3950009047985077
0.03680472820997238 0.09677457809448242 0.38903817534446716
-0.036230362951755524 0.04125507175922394 0.22942109405994415
-0.24233904480934143 0.07970736920833588 0.42423662543296814
0.004034982994198799 -0.2013319432735443 -0.40037593245506287
0.011345289647579193 -0.5794047713279724 0.36810821294784546
-0.16047978401184082 0.46665656566619873 0.3603126108646393
-0.1930885910987854 0.05262061208486557 0.3320596218109131
0.14532986283302307 0.03808165714144707 -0.5282676219940186
0.09757238626480103 0.15999938547611237 0.3804711103439331
0.06937520205974579 -0.028546029701828957 -0.05043961852788925
0.1834922879934311 0.25482645630836487 0.4986664354801178
-0.07609611004590988 0.07971911877393723 -0.01803499087691307
0.09887921810150146 -0.5813828706741333 0.4117932915687561
-0.23509719967842102 0.20756441354751587 0.5634686946868896
-0.02332400344312191 -0.12118226289749146 0.09233000129461288
0.27965521812438965 0.21337896585464478 0.7534366846084595
-0.08945542573928833 -0.4634310007095337 0.44383564591407776
0.009104961529374123 -0.12243381142616272 0.3887592852115631
0.027358269318938255 -0.4140840172767639 -0.04098144546151161
0.04284347966313362 0.0006901880842633545 -0.1527477353811264
0.14020641148090363 -0.8066713809967041 -0.2915586829185486
-0.04514309763908386 0.20206017792224884 0.4232112467288971
-0.15193763375282288 0.11955640465021133 0.1877332329750061
-0.003864188212901354 0.18402884900569916 0.2577296197414398
-0.15330038964748383 0.16415098309516907 0.12529246509075165
-0.12082395702600479 0.32662948966026306 -0.12577295303344727
-0.065741628408432 0.30766603350639343 0.403544545173645
-0.15001921355724335 0.16052457690238953 0.24580036103725433
-0.08413202315568924 0.02484586276113987 -0.09176898002624512
0.13106171786785126 0.24480436742305756 0.7751357555389404
0.053251706063747406 -0.31576821208000183 0.18861514329910278
-0.056968968361616135 0.4268184006214142 0.5033291578292847
0.002150390762835741 0.0895213931798935 0.37888526916503906
0.05339431017637253 0.15860611200332642 -0.055317264050245285
-0.14141711592674255 0.41973167657852173 0.2648956775665283
-0.010227760300040245 -0.31199485063552856 0.15155670046806335
-0.15483728051185608 0.0962764173746109 0.1621670424938202
-0.011915221810340881 0.07005367428064346 0.10925837606191635
0.20500464737415314 0.2019478678703308 0.5579872131347656
0.03898942470550537 -0.24967950582504272 0.1870453655719757
-0.17832790315151215 0.14880672097206116 0.33851924538612366
-0.11190787702798843 0.12552495300769806 0.10481712967157364
0.13516473770141602 -0.02986692078411579 0.21742446720600128
0.03153957799077034 0.165399432182312 0.11835318803787231
-0.016811804845929146 0.08786683529615402 0.19544419646263123
-0.06478220969438553 -0.2596839666366577 -0.0524706169962883
0.13469405472278595 -0.2714248299598694 0.33925384283065796
-0.21672601997852325 0.17243407666683197 0.32169944047927856
0.12285088002681732 0.07361188530921936 0.08097289502620697
0.23505783081054688 -0.3243822157382965 0.18498510122299194
-0.04761350527405739 -0.3982880413532257 0.5278689861297607
-0.0706978291273117 -0.05939307063817978 0.1416284441947937
-0.13079865276813507 0.05636581778526306 0.4064074456691742
0.05324352905154228 0.044926341623067856 -0.06173831596970558
0.06389835476875305 -0.10593890398740768 0.14497748017311096
0.056403499096632004 -0.4422805607318878 0.0936410203576088
0.3537774980068207 -0.22761736810207367 0.4319777190685272
-0.14341117441654205 0.21930024027824402 0.1905941367149353
0.10545655339956284 -0.32994505763053894 0.1699208766222
-0.028510306030511856 -0.262666255235672 0.3102232813835144
-0.10100720077753067 -0.3044492304325104 0.16481344401836395
0.08742707222700119 0.024359798058867455 -0.4257368743419647
0.1035914197564125 -0.708895742893219 0.3143203556537628
-0.017325256019830704 0.10787718743085861 -0.010375577956438065
0.008728178218007088 0.15246781706809998 -0.07110699266195297
0.03208605945110321 0.16855846345424652 0.45387014746665955
-0.2826717793941498 -0.7105393409729004 0.20570163428783417
-0.1570800244808197 0.22582238912582397 0.2452387660741806
-0.05864877253770828 -0.09830460697412491 0.07207510620355606
0.07366356998682022 -0.37715670466423035 0.0021538122091442347
-0.1102243959903717 -0.25047147274017334 0.3804929554462433
-0.04875330999493599 0.044045791029930115 0.1239742562174797
0.05198858305811882 0.20581334829330444 0.10115433484315872
0.08664961159229279 -0.30040404200553894 0.12982545793056488
0.015037814155220985 0.2258996218442917 0.039119090884923935
-0.10562756657600403 0.07569944858551025 0.20611819624900818
0.07031738758087158 -0.473034143447876 -0.08913391828536987
-0.14120201766490936 0.13840900361537933 0.13656772673130035
-0.14392109215259552 -0.11250214278697968 0.16604970395565033
-0.23570503294467926 0.4761083126068115 0.3938796818256378
-0.0914900079369545 -0.3637146055698395 0.5133572220802307
0.2092220038175583 -0.5494465231895447 -0.2185518741607666
-0.05526215583086014 -0.15486441552639008 0.24169272184371948
-0.30042171478271484 0.22663792967796326 0.620908260345459
-0.0185859352350235 0.3021473288536072 -0.18292924761772156
0.1821606606245041 -0.06638415902853012 -0.04089612513780594
0.1768142580986023 0.06266263872385025 -0.0707174614071846
-0.28058192133903503 0.2344922423362732 0.38494056463241577
-0.11525952070951462 0.32524287700653076 -0.21837662160396576
0.07483868300914764 -0.3130846917629242 -0.2809589207172394
0.08207148313522339 -0.49376580119132996 0.20321929454803467
0.28977158665657043 0.22953693568706512 0.6020293831825256
0.1299584060907364 0.0071047465316951275 0.1703273206949234
-0.11225000023841858 -0.054391514509916306 0.1613338142633438
0.10426171123981476 0.07010836899280548 0.3186705708503723
0.18631847202777863 -0.3520565330982208 0.20364470779895782
-0.12946702539920807 -0.149200439453125 0.18642382323741913
-0.20434534549713135 0.12250784039497375 0.31059882044792175
-0.1371297389268875 0.11595464497804642 0.23751844465732574
0.05217441916465759 0.01260746642947197 -0.0289373230189085
-0.18831615149974823 0.18905651569366455 -0.14651790261268616
-0.032814908772706985 -0.3042786419391632 0.34090110659599304
0.09065235406160355 0.3711998462677002 0.42877957224845886
0.0025363992899656296 0.14850349724292755 0.02619588002562523
-0.05506567284464836 -0.1386437714099884 0.1354944258928299
-0.0790155678987503 0.05802546814084053 0.4019724130630493
0.20130108296871185 0.05003862828016281 0.30788493156433105
-0.2344912588596344 0.08970195055007935 0.37939170002937317
0.04794745892286301 -0.4404159486293793 -0.1164051964879036
0.21331137418746948 -0.3497142195701599 0.06519042700529099
-0.19913703203201294 0.26883944869041443 0.6254180669784546
0.06890923529863358 0.0890820249915123 -0.2633286118507385
-0.22647571563720703 0.1945071965456009 0.23417748510837555
-0.05508478358387947 0.10969934612512589 0.2101823389530182
-0.07944431155920029 -0.04028470441699028 0.22543637454509735
-0.12285996973514557 0.08982481807470322 0.4665874242782593
0.18471647799015045 -0.7182217240333557 0.17693671584129333
0.24337637424468994 -0.058754853904247284 0.4103628396987915
0.24812090396881104 -0.04599587619304657 -0.12190939486026764
-0.0019047269597649574 -0.05332368239760399 0.5266659259796143
-0.35721638798713684 0.3072420060634613 0.6386745572090149
0.17361345887184143 -0.699257493019104 -0.22523222863674164
-0.1458492875099182 0.24535368382930756 0.13996542990207672
0.035596948117017746 -0.44593966007232666 0.08383969962596893
0.10809802263975143 0.1624625027179718 0.3087557554244995
0.07176169008016586 -0.1193651333451271 0.15722618997097015
0.1551639288663864 -0.13537810742855072 -0.15154998004436493
-0.12831935286521912 0.14856122434139252 -0.08689701557159424
0.10414911061525345 0.1362554430961609 -0.12909139692783356
0.11254686862230301 -0.34579309821128845 0.18207864463329315
0.12160199135541916 -0.18609260022640228 0.44085025787353516
0.0631406158208847 -0.1984761357307434 0.19537821412086487
0.04029539227485657 0.21888858079910278 -0.024823999032378197
0.27810704708099365 0.1346590220928192 0.14100567996501923
-0.12225010991096497 0.07540551573038101 0.060993876308202744
0.07925537973642349 -0.1980086863040924 0.3166470229625702
-0.31095966696739197 0.17225481569766998 0.329636812210083
-0.07883098721504211 -0.3841318190097809 0.15721681714057922
-0.019601210951805115 0.12430868297815323 0.5478321313858032
-0.088971346616745 0.03307752311229706 0.3045966327190399
0.21679441630840302 0.2691330909729004 0.20528583228588104
-0.12460004538297653 0.015514623373746872 0.1351562738418579
0.018627112731337547 -0.6795119047164917 0.44181907176971436
-0.040555331856012344 -0.10088926553726196 0.3044939339160919
-0.08804922550916672 0.1288749724626541 0.11172070354223251
-0.282848984003067 0.2869721055030823 0.8079457879066467
-0.03331974893808365 0.10640435665845871 0.3340703248977661
0.17806507647037506 -0.9415919780731201 0.3462226390838623
-0.1334325671195984 0.004534870386123657 -0.07897958159446716
-0.009942708536982536 0.05506608262658119 0.12090205401182175
-0.2613724172115326 0.212334543466568 0.4774460196495056
-0.03673052042722702 0.08449964970350266 -0.24981161952018738
-0.10634588450193405 0.008641775697469711 0.07804159820079803
-0.024145113304257393 0.16693821549415588 0.4304843246936798
-0.23032009601593018 0.18461903929710388 0.5039199590682983
-0.008892787620425224 -0.08216291666030884 0.10621549934148788
0.2590636610984802 0.05979611724615097 0.07365785539150238
-0.15601089596748352 0.17433598637580872 -0.08995115011930466
0.18278461694717407 -0.49466753005981445 0.4337513744831085
-0.07829929888248444 0.11677007377147675 0.04984772950410843
-0.03601846471428871 0.04861845821142197 -0.12810160219669342
0.2728640139102936 -0.19979558885097504 -0.23509067296981812
-0.021640192717313766 -0.2948189973831177 -0.11353321373462677
-0.2860543727874756 0.3760153353214264 0.34097132086753845
0.0024662495125085115 -0.11229392141103745 0.3951553702354431
0.014717873185873032 0.04246054217219353 0.07916717976331711
0.19061918556690216 -0.34275582432746887 0.22513769567012787
-0.060593314468860626 -0.022697489708662033 -0.19847995042800903
0.1829545646905899 0.16125410795211792 0.545530378818512
-0.10665401071310043 0.1553136557340622 0.4564748704433441
-0.043689657002687454 -0.12690463662147522 -0.847242534160614
-0.0690290778875351 -0.5051337480545044 0.2963963449001312
-0.18565022945404053 -0.0364178903400898 0.171632319688797
0.07846479117870331 -0.18470002710819244 0.11367610096931458
-0.12137816846370697 -0.06037608161568642 0.2803012430667877
-0.25412556529045105 0.2547513246536255 0.3785369396209717
0.3282259404659271 -0.28839054703712463 0.26075318455696106
-0.21275953948497772 0.2075580656528473 0.27789971232414246
-0.023480191826820374 0.10366064310073853 0.20108169317245483
0.10835527628660202 0.11563260853290558 0.080278679728508
0.1940060257911682 0.09613584727048874 0.3370767831802368
-0.21460875868797302 0.1466609239578247 0.18821266293525696
0.16528771817684174 -0.14791584014892578 0.34174492955207825
-0.09716431051492691 0.10651064664125443 0.3372911214828491
0.06441974639892578 0.12127228826284409 0.013110864907503128
-0.1560918390750885 0.18758581578731537 0.5924712419509888
-0.16482789814472198 0.07142510265111923 0.34856197237968445
0.04181894659996033 -0.4126818776130676 -0.2078721523284912
0.027016300708055496 0.09572253376245499 0.16468137502670288
0.015348125249147415 0.10512420535087585 0.04323651269078255
0.02447708323597908 0.2039124220609665 0.0034596493933349848
-0.046976469457149506 -0.37973758578300476 0.4869411885738373
-0.09520028531551361 0.18910421431064606 0.25054845213890076
-0.08130409568548203 0.13535189628601074 0.024916362017393112
0.018689775839447975 -0.3683326840400696 0.4845423102378845
0.12921737134456635 -0.6240187287330627 0.371538370847702
0.031989190727472305 0.12542910873889923 0.10207094252109528
-0.0067124092020094395 0.07065750658512115 0.23843322694301605
0.27269861102104187 -0.8984333872795105 -0.21132519841194153
0.11453545838594437 -0.17555098235607147 0.11852295696735382
0.05866490676999092 -0.1894940435886383 0.055514149367809296
-0.28143009543418884 0.08156638592481613 0.4257831573486328
-0.055641740560531616 0.03419608995318413 0.540182888507843
0.22553177177906036 0.0790199488401413 0.3749317526817322
0.13935528695583344 -0.16489574313163757 0.1111246794462204
-0.033569205552339554 -0.15517520904541016 0.030963914468884468
-0.06868517398834229 0.12550173699855804 0.33780381083488464
0.07993581146001816 0.12668238580226898 -0.2153429388999939
0.054791659116744995 0.1145629808306694 0.13595324754714966
0.16550199687480927 0.11749180406332016 0.08823083341121674
-0.1645689457654953 0.07333768904209137 0.052467260509729385
