ply
format ascii 1.0
element vertex 2048
property float x
property float y
property float z
end_header
0.10555505007505417 -0.11603875458240509 -0.21853984892368317
-0.12224651873111725 -0.164515420794487 -0.03769713640213013
-0.07195202261209488 -0.26206982135772705 -0.04703124612569809
-0.05280516296625137 -0.3070363998413086 -0.06517627090215683
-0.15150697529315948 -0.3045664131641388 0.02088027261197567
0.0750192254781723 -0.12221350520849228 -0.1421836018562317
0.1281922161579132 -0.39910033345222473 -0.054349593818187714
0.1711713820695877 0.20147261023521423 0.18658311665058136
-0.11664880067110062 -0.2606911063194275 -0.11661071330308914
-0.08451182395219803 -0.2763492166996002 -0.027536138892173767
-0.16726750135421753 -0.30032607913017273 0.39334186911582947
-0.0898800641298294 -0.1471121460199356 -0.13138337433338165
-0.053328435868024826 -0.25955548882484436 0.05680956318974495
-0.14609576761722565 -0.21681568026542664 0.14026625454425812
-0.18089009821414948 -0.06092333421111107 0.09305987507104874
-0.15223848819732666 -0.23039956390857697 0.08684249222278595
-0.09138884395360947 -0.19285909831523895 0.2918630540370941
-0.21818959712982178 0.16028240323066711 0.0391046367585659
-0.02034216932952404 -0.3481300473213196 -0.37985506653785706
0.005737895146012306 -0.2159861922264099 -0.07780071347951889
-0.059746626764535904 -0.1738654524087906 -0.21383145451545715
-0.19601592421531677 -0.35671675205230713 0.02001199498772621
-0.1680610477924347 0.1191852018237114 0.6252990961074829
-0.32043740153312683 -0.12453807145357132 0.08622827380895615
0.18360492587089539 0.05312705785036087 -0.20666244626045227
-0.1776653230190277 -0.25975996255874634 -0.38869211077690125
-0.37269291281700134 -0.2009510099887848 0.18810997903347015
0.007911311462521553 -0.10029775649309158 0.10437551885843277
-0.05761338397860527 -0.2735278010368347 -0.2322872281074524
-0.08616331964731216 -0.3090062737464905 0.11313094198703766
-0.012824492529034615 -0.14480125904083252 0.05978032574057579
-0.08235611021518707 -0.2166350781917572 0.0340116061270237
-0.09230995178222656 -0.22495993971824646 -0.11149287223815918
-0.23436304926872253 0.05831226333975792 0.15955565869808197
-0.0357946939766407 -0.2762150168418884 0.09007667005062103
-0.27384600043296814 0.017365727573633194 0.3899703919887543
-0.13564865291118622 -0.166537806391716 -0.11738520115613937
-0.14617079496383667 -0.19729185104370117 0.32012879848480225
-0.11666294932365417 -0.05533204600214958 0.11140414327383041
-0.1021018922328949 -0.3487173616886139 0.02852701023221016
-0.15085695683956146 -0.24505339562892914 0.2863765358924866
-0.008520521223545074 -0.05484013631939888 0.17832215130329132
-0.15493090450763702 -0.3233441710472107 0.17823386192321777
0.003700441913679242 -0.2594153583049774 0.08081158250570297
-0.3424818813800812 -0.16237595677375793 0.3634396493434906
0.11362139135599136 -0.20753790438175201 -0.08502211421728134
-0.23591110110282898 -0.2259831577539444 0.30522242188453674
-0.38986873626708984 -0.22801196575164795 0.09385186433792114
-0.03490642458200455 -0.275422066450119 -0.16588623821735382
-0.2586665749549866 -0.23884893953800201 0.25230735540390015
-0.09843101352453232 0.012083834037184715 -0.20958194136619568
-0.08888480812311172 -0.28040963411331177 -0.22844921052455902
-0.28918641805648804 -0.038028471171855927 -0.18607088923454285
-0.2329660952091217 -0.3012208044528961 0.0016287291655316949
0.00497098034247756 -0.2365196794271469 0.10380309820175171
0.09136718511581421 -0.27166345715522766 -0.18886743485927582
-0.19070862233638763 -0.24137215316295624 0.2195570468902588
-0.05497650057077408 -0.27160167694091797 0.122490294277668
0.18749266862869263 -0.1431119441986084 0.029514417052268982
-0.0831921398639679 -0.18347607553005219 0.2636392116546631
-0.2920014560222626 -0.14494669437408447 0.06981461495161057
-0.03650885075330734 -0.2562689781188965 -0.05112985521554947
-0.1804460883140564 -0.22356267273426056 0.053598977625370026
-0.17230656743049622 -0.14812488853931427 0.018143795430660248
-0.04104723781347275 -0.13269203901290894 -0.029727471992373466
-0.14616194367408752 -0.2609613835811615 -0.10125508904457092
-0.15929418802261353 -0.1504097431898117 0.14768639206886292
-0.08781316876411438 -0.27378952503204346 0.060117024928331375
-0.2085471749305725 -0.14825348556041718 0.10953225195407867
-0.08723236620426178 -0.2759651839733124 -0.18769438564777374
-0.41692447662353516 -0.2434910237789154 0.03195502236485481
-0.10136941820383072 -0.15399609506130219 -0.3039349317550659
-0.11235788464546204 -0.25153520703315735 -0.11146901547908783
-0.2071262001991272 -0.21614022552967072 0.24561363458633423
-0.2912966310977936 -0.1939636468887329 0.14799600839614868
-0.3443130850791931 -0.2578146755695343 0.12622596323490143
-0.013187486678361893 -0.3681575357913971 -0.27169620990753174
-0.11592952907085419 -0.029307594522833824 0.27620333433151245
0.07642010599374771 -0.2627783715724945 -0.1368083655834198
-0.3547905385494232 -0.05786658078432083 0.33784663677215576
-0.13316382467746735 -0.0167501512914896 0.05594567209482193
-0.08612220734357834 -0.2450312077999115 -0.0246930830180645
-0.2596012353897095 -0.17563991248607635 -0.07130274921655655
-0.16793076694011688 -0.20545591413974762 0.409397155046463
-0.06456267833709717 -0.19271378219127655 0.2173648327589035
0.033457741141319275 -0.06122816726565361 0.017738744616508484
-0.14624559879302979 -0.3232000172138214 0.013353785499930382
-0.07079529762268066 -0.3806883990764618 -0.5080652236938477
-0.2151668220758438 -0.2604091167449951 0.10484552383422852
0.0357523113489151 -0.22615160048007965 0.074366495013237
0.24096979200839996 -0.21183598041534424 0.020724905654788017
0.2350381463766098 -0.21325434744358063 0.007338556926697493
-0.16248027980327606 -0.08757245540618896 0.2603799104690552
-0.1751169115304947 -0.2766747772693634 -0.13027538359165192
-0.3519573509693146 -0.19792728126049042 0.30519917607307434
0.11043801158666611 -0.17492499947547913 0.29244178533554077
-0.2998883128166199 -0.17464713752269745 -0.3568068742752075
-0.2746431827545166 -0.15757757425308228 0.13177983462810516
0.11497565358877182 -0.2407281994819641 -0.0044733695685863495
-0.061990633606910706 -0.40947425365448 0.36167916655540466
-0.5476270914077759 0.2847099006175995 -0.23872777819633484
-0.2931358516216278 -0.10875556617975235 -0.019899481907486916
-0.18105077743530273 -0.26290908455848694 0.43718281388282776
0.008848347701132298 -0.2125512808561325 -0.6395247578620911
0.029590101912617683 -0.16670478880405426 -0.06497900187969208
-0.06092020869255066 -0.17144982516765594 0.03275802731513977
-0.19533967971801758 -0.03514396399259567 0.24183999001979828
-0.03369342163205147 -0.2669556736946106 0.05037613585591316
-0.13885676860809326 -0.22884899377822876 0.008550486527383327
-0.052521947771310806 -0.2096697837114334 -0.4202122092247009
-0.023003652691841125 -0.10463668406009674 0.0595986470580101
-0.013081543147563934 -0.09950516372919083 0.03333507105708122
-0.0223078690469265 -0.2515909671783447 -0.3404937982559204
-0.20479716360569 -0.2018766850233078 -0.10268319398164749
-0.11549325287342072 -0.2686873972415924 0.12861937284469604
-0.13262003660202026 -0.049562640488147736 -0.09069568663835526
-0.04392099380493164 -0.10233832150697708 -0.00025865272618830204
0.043583452701568604 -0.30310511589050293 -0.4073142409324646
0.06294131278991699 -0.18251889944076538 -0.18364185094833374
-0.11629831790924072 -0.08870213478803635 0.0009387373575009406
-0.28388670086860657 -0.2402401566505432 0.23791882395744324
-0.05388782173395157 -0.24259525537490845 -0.3319356441497803
-0.13805635273456573 -0.2973101735115051 -0.04134007915854454
0.07390397787094116 -0.22982287406921387 0.19584527611732483
-0.17959922552108765 -0.06669426709413528 0.40530961751937866
-0.21088209748268127 -0.06752973049879074 -0.17761307954788208
-0.25790491700172424 -0.14619751274585724 -0.07525242865085602
-0.12579765915870667 -0.25081419944763184 0.045111268758773804
-0.1008639708161354 -0.17995749413967133 0.2706517279148102
-0.10449021309614182 -0.11619672179222107 0.1964394897222519
-0.03140466660261154 -0.29247885942459106 -0.07875072956085205
0.036866940557956696 -0.14023900032043457 -0.02461693249642849
0.22662776708602905 -0.23748265206813812 -0.04955478012561798
-0.12769949436187744 -0.24643370509147644 -0.15348096191883087
0.005574654322117567 -0.0018963515758514404 0.043011948466300964
-0.1784251481294632 -0.35640889406204224 0.2494487166404724
-0.08609381318092346 -0.11937359720468521 0.15434253215789795
-0.3000550866127014 -0.19235023856163025 0.30141106247901917
-0.13515666127204895 -0.2437818944454193 -0.38810834288597107
-0.2898084819316864 0.07846991717815399 0.5188718438148499
-0.08583149313926697 0.008133770897984505 -0.06631411612033844
0.027311425656080246 -0.2778061628341675 -0.2550719678401947
-0.08522938936948776 -0.2845474183559418 0.12634479999542236
-0.0926344022154808 -0.19061274826526642 0.05423006787896156
-0.2956562638282776 -0.3138282001018524 -0.356619268655777
-0.11778869479894638 -0.24290476739406586 0.13924701511859894
-0.2039736807346344 -0.2644924521446228 -0.23284325003623962
-0.12158609926700592 -0.297936350107193 -0.11204669624567032
-0.005593274720013142 -0.29341018199920654 0.12678417563438416
0.012405892834067345 -0.06122370436787605 0.27196839451789856
0.10260061174631119 -0.2315625250339508 -0.2613264322280884
-0.09182204306125641 -0.24911904335021973 0.07905910909175873
-0.2151886522769928 -0.3148948848247528 -0.3362225294113159
-0.20782330632209778 -0.25265195965766907 0.07288814336061478
-0.11609768122434616 -0.2546021640300751 0.20779456198215485
-0.21877187490463257 -0.32036545872688293 -0.3259756863117218
-0.22769242525100708 -0.2867431342601776 0.21043626964092255
-0.08625923842191696 -0.2774342894554138 -0.15782934427261353
-0.2502903640270233 -0.27484750747680664 0.02264568954706192
-0.09256286919116974 -0.07231248170137405 0.03639961779117584
-0.2432486116886139 -0.19852815568447113 0.16149456799030304
-0.07876521348953247 -0.0827639028429985 -0.04137957841157913
-0.10225323587656021 -0.16413548588752747 0.1973341852426529
-0.26562947034835815 -0.1794218271970749 0.35845452547073364
-0.29958078265190125 -0.3070414066314697 0.12765038013458252
-0.07464022189378738 -0.25904691219329834 0.05662751570343971
-0.7903986573219299 -0.18973571062088013 -0.005163421854376793
0.020340265706181526 -0.09037167578935623 0.01619364693760872
-0.0801708847284317 -0.16567760705947876 -0.045915327966213226
-0.1612284779548645 -0.3019236624240875 -0.17165841162204742
-0.32081297039985657 0.11247795075178146 -0.251204252243042
0.08096856623888016 -0.2668265402317047 -0.19551284611225128
-0.1444242000579834 -0.23832088708877563 0.38784855604171753
-0.16000093519687653 -0.41907188296318054 0.16440513730049133
-0.06959563493728638 -0.1574559509754181 0.4667983949184418
-0.023331495001912117 -0.07792339473962784 0.13107930123806
-0.24202211201190948 -0.2310049682855606 0.1899207979440689
-0.09427773952484131 -0.2650369703769684 0.09597568213939667
0.0395696721971035 -0.24375464022159576 0.05168808996677399
-0.23712871968746185 -0.23103025555610657 -0.2816331684589386
-0.07556024938821793 0.07661501318216324 0.001914647058583796
0.02434465102851391 0.1429583728313446 -0.09810592979192734
-0.17093491554260254 -0.29138490557670593 0.185495987534523
0.02495616301894188 -0.014124546200037003 -0.035516832023859024
-0.3028428554534912 0.00903245434165001 -0.3492666482925415
0.0820636972784996 -0.2503148913383484 0.09216245263814926
-0.0602107010781765 -0.152230903506279 0.15276095271110535
0.01144365593791008 0.06799354404211044 0.29730579257011414
-0.15893076360225677 0.012863626703619957 -0.25602930784225464
-0.1759868711233139 -0.46903514862060547 0.0806012898683548
-0.19067877531051636 -0.28544363379478455 0.1243061050772667
-0.10303181409835815 -0.24733999371528625 -0.13572123646736145
-0.17427439987659454 -0.24906134605407715 -0.3057449162006378
0.033138927072286606 -0.2473771572113037 0.14660386741161346
-0.11246049404144287 -0.19297312200069427 -0.03936323523521423
-0.27041834592819214 -0.17167577147483826 -0.00020497688092291355
-0.290482759475708 -0.2565060555934906 0.17468467354774475
-0.19025380909442902 -0.29601848125457764 0.07077489793300629
-0.06115693598985672 -0.26378658413887024 -0.037424203008413315
0.3321990966796875 -0.3121717870235443 -0.07888223975896835
-0.04744582250714302 0.028869958594441414 0.09275464713573456
-0.046492915600538254 -0.15906579792499542 0.17549145221710205
-0.07617948204278946 -0.248481884598732 0.10201501846313477
-0.26984280347824097 -0.1645042449235916 -0.05578767880797386
-0.41604557633399963 -0.18072110414505005 0.04234945401549339
-0.31420081853866577 -0.015780232846736908 -0.1967696249485016
-0.041068412363529205 -0.34689512848854065 -0.46214690804481506
-0.008999001234769821 -0.2969471514225006 0.09689541906118393
-0.12765765190124512 -0.2070685476064682 -0.04676465317606926
-0.031089168041944504 -0.19898347556591034 0.09421521425247192
0.04073021188378334 -0.2377680242061615 -0.22447016835212708
0.007186572533100843 -0.027239328250288963 0.11763978749513626
-0.24664239585399628 -0.07984533160924911 0.4739146828651428
-0.10087753087282181 -0.23293229937553406 0.28275826573371887
-0.238612562417984 -0.0899817943572998 -0.19495338201522827
-0.033312391489744186 -0.2697165906429291 -0.0009266363922506571
-0.022308995947241783 -0.2387002408504486 0.05214989557862282
-0.060270342975854874 -0.29118812084198 -0.2650437653064728
-0.031117822974920273 0.006677927915006876 0.12160748988389969
0.0799303874373436 -0.16090627014636993 -0.05061616748571396
0.10005238652229309 -0.009557943791151047 0.4162522852420807
0.053296808153390884 -0.2764073312282562 -0.29511165618896484
-0.1979021579027176 -0.05916828289628029 0.03637680783867836
-0.10435672104358673 -0.2416418045759201 0.01647794619202614
-0.1948016881942749 -0.1924077272415161 0.1633741557598114
-0.2346065789461136 -0.19589674472808838 0.33960628509521484
-0.14027583599090576 -0.10102838277816772 0.27590712904930115
-0.0009307176806032658 -0.25519248843193054 -0.34506484866142273
-0.02642756514251232 -0.12110740691423416 0.153924360871315
-0.22014904022216797 -0.20619887113571167 0.45295456051826477
-0.29904618859291077 0.17750512063503265 -0.1172189861536026
0.02227783203125 0.08131428807973862 0.2032998949289322
-0.15725077688694 -0.3163906931877136 -0.05283679440617561
-0.02446213737130165 -0.1389782726764679 -0.2508943974971771
-0.025031350553035736 -0.183529794216156 0.20569001138210297
-0.21073058247566223 -0.31447017192840576 0.12582549452781677
-0.10152143239974976 -0.07546471804380417 -0.0451294407248497
-0.10800802707672119 -0.215619757771492 0.18684998154640198
-0.15142647922039032 -0.2129656821489334 0.02141784504055977
-0.2740556001663208 -0.16875594854354858 0.12866108119487762
-0.0017539304681122303 -0.34853315353393555 -0.36111995577812195
-0.25212806463241577 0.008433498442173004 0.12387146800756454
-0.24496421217918396 -0.33613768219947815 -0.0026824944652616978
0.11246661096811295 -0.12270325422286987 -0.08254990726709366
-0.12145562469959259 -0.09650450199842453 -0.09187939018011093
-0.08775664865970612 -0.20673446357250214 -0.09063498675823212
-0.49711742997169495 0.424051433801651 0.12710164487361908
-0.08897197991609573 -0.06861477345228195 0.07249189168214798
-0.10801202803850174 -0.16100916266441345 0.002957952907308936
-0.023168591782450676 -0.2428116798400879 0.013303875923156738
-0.049084752798080444 -0.2507995367050171 0.08147700130939484
-0.1954115480184555 -0.02835439145565033 0.2606191635131836
-0.2728496193885803 -0.4050573706626892 0.31093630194664
-0.3634846806526184 -0.16567564010620117 0.11469246447086334
-0.18107068538665771 -0.27912506461143494 -0.16053256392478943
-0.0375681072473526 -0.13403764367103577 -0.011964378878474236
-0.08759016543626785 -0.2847510874271393 -0.10398466140031815
-0.03699290752410889 -0.2791314125061035 0.05189024657011032
-0.13948337733745575 -0.16268645226955414 -0.019414879381656647
-0.14649322628974915 -0.18769104778766632 0.0202350914478302
-0.1857893317937851 -0.23375079035758972 0.18090039491653442
-0.060196198523044586 -0.06619095802307129 0.03200875222682953
-0.10140757262706757 -0.2371412068605423 0.08680636435747147
-0.09815352410078049 -0.30647361278533936 0.22774703800678253
-0.13716566562652588 -0.2600756883621216 -0.1592513769865036
-0.027616240084171295 -0.2654677629470825 -0.1748964637517929
-0.034265678375959396 -0.06200426444411278 -0.01435236819088459
-0.08837606012821198 -0.2739817798137665 0.2864035964012146
-0.1070859506726265 -0.23891869187355042 -0.0835847407579422
-0.010369496420025826 -0.2627001404762268 -0.1597096025943756
-0.1522061973810196 -0.2793147563934326 0.02504216693341732
0.009482426568865776 -0.14814522862434387 -0.031991418451070786
-0.09793984144926071 -0.24299976229667664 0.13386979699134827
-0.007595412898808718 -0.03983691707253456 0.043785080313682556
-0.1475115418434143 -0.18265359103679657 0.3524830639362335
-0.19248956441879272 -0.17391358315944672 -0.1601390242576599
-0.17434531450271606 -0.18637898564338684 0.28097736835479736
-0.1282040774822235 -0.1394125521183014 0.16243645548820496
-0.08437836915254593 -0.0787365511059761 0.24862240254878998
-0.035929203033447266 -0.06478746235370636 0.3021911382675171
-0.05527964234352112 0.02231360785663128 0.19941841065883636
-0.09252573549747467 -0.2751362919807434 0.012116199359297752
-0.1740994155406952 -0.24126140773296356 -0.08075300604104996
-0.23511072993278503 -0.27710697054862976 0.17242585122585297
-0.19101697206497192 -0.2526870369911194 -0.16547641158103943
-0.13898135721683502 -0.26343637704849243 0.3084658980369568
0.08189909905195236 -0.10033703595399857 -0.16564656794071198
-0.21519093215465546 -0.08680246770381927 -0.22207538783550262
-0.2766228914260864 -0.222650408744812 0.1523066908121109
-0.0015026188921183348 -0.202577143907547 -0.0401555672287941
-0.05454537272453308 -0.20378077030181885 -0.023154951632022858
-0.15701545774936676 -0.1524006575345993 -0.13827398419380188
0.019598906859755516 -0.22107793390750885 0.020176418125629425
0.014511534944176674 -0.24571171402931213 -0.16355185210704803
-0.2553829252719879 -0.21659792959690094 0.2334955632686615
-0.2368377149105072 -0.23365797102451324 0.07510953396558762
-0.1570746749639511 -0.13414987921714783 0.24094946682453156
0.017878158017992973 -0.2768559455871582 -0.26648232340812683
-0.4048062860965729 -0.31617528200149536 0.16167668998241425
-0.3576607406139374 -0.48064178228378296 0.17927286028862
0.028355810791254044 -0.25787559151649475 -0.14930562674999237
-0.04985113814473152 -0.2541702687740326 0.04412276670336723
-0.13399767875671387 0.00022473803255707026 0.18244610726833344
-0.18112313747406006 -0.07661047577857971 0.05255669355392456
-0.011705255135893822 -0.3092438280582428 -0.2654469311237335
-0.1566988080739975 -0.24688513576984406 0.07803095877170563
-0.050670601427555084 -0.12156809866428375 0.1285296231508255
-0.06314288824796677 -0.11347707360982895 0.12853962182998657
-0.4206962585449219 -0.3205627501010895 0.12582726776599884
-0.05561017245054245 -0.2581413686275482 -0.12490428239107132
-0.6202878355979919 0.5145800113677979 -0.04878200590610504
-0.049053091555833817 0.04791449382901192 0.22272412478923798
-0.0047128451988101006 -0.29284846782684326 -0.24010354280471802
-0.07026240229606628 -0.30477315187454224 0.06543637812137604
-0.22456364333629608 -0.08646261692047119 -0.16281156241893768
-0.1541733592748642 -0.22509770095348358 0.1063348576426506
-0.3258274495601654 0.02631157450377941 -0.02424956113100052
-0.21554985642433167 -0.24420246481895447 0.12876643240451813
-0.06141228228807449 -0.20607256889343262 0.07850049436092377
-0.03566206991672516 -0.12369158118963242 -0.0376528762280941
-0.09616792947053909 -0.10888560116291046 -0.12356399744749069
-0.16257303953170776 -0.2584446370601654 -0.1432567685842514
-0.392000287771225 -0.040685053914785385 0.29933682084083557
-0.33015671372413635 -0.12654341757297516 -0.36626097559928894
-0.10940086096525192 0.01843218505382538 0.4370349943637848
-0.13681314885616302 -0.08058898150920868 -0.17381305992603302
0.0809469223022461 -0.18721559643745422 -0.1385732740163803
-0.040422432124614716 -0.2135118842124939 -0.004593588411808014
-0.4680951237678528 -0.01620619185268879 -0.17628905177116394
-0.10458193719387054 -0.15322335064411163 -0.015730496495962143
-0.10305502265691757 -0.2702982723712921 0.1651553213596344
-0.11785439401865005 -0.15353137254714966 0.2918877899646759
0.04296652972698212 -0.32889819145202637 -0.3842410743236542
-0.14493407309055328 -0.25899943709373474 0.19512879848480225
0.04959968477487564 -0.2292812019586563 -0.1533217877149582
-0.2348194271326065 -0.4165520668029785 0.18179623782634735
-0.1296454817056656 -0.24077393114566803 -0.031794991344213486
-0.09355726838111877 -0.271040141582489 0.3363400399684906
0.07205548882484436 -0.07544825226068497 0.11926991492509842
-0.10936759412288666 -0.04881724342703819 0.10083100944757462
-0.1371215432882309 -0.09818200767040253 -0.17631582915782928
0.01246335357427597 -0.013712691143155098 -0.25990310311317444
-0.11226379126310349 -0.2976469397544861 -0.4293611943721771
-0.08829773217439651 -0.3114311993122101 -0.11490824073553085
-0.046302907168865204 -0.28649887442588806 -0.24160419404506683
-0.060527779161930084 -0.1759408712387085 -0.11319810897111893
-0.09331672638654709 -0.2541843354701996 -0.032587289810180664
-0.24304090440273285 -0.21732814610004425 0.10372951626777649
-0.17282074689865112 -0.22850684821605682 0.18136243522167206
0.09496612101793289 -0.11776658892631531 0.27639463543891907
-0.11157180368900299 -0.2794172167778015 0.021612774580717087
0.008220357820391655 -0.18845148384571075 0.1870342344045639
-0.1847597062587738 -0.1889510452747345 0.23823897540569305
-0.3258465528488159 -0.22997218370437622 0.5169444680213928
-0.13211357593536377 -0.3101680874824524 0.06960298866033554
-0.18231600522994995 -0.07323310524225235 -0.2615494430065155
-0.1255722939968109 -0.07263542711734772 -0.12544718384742737
-0.41869205236434937 -0.09498928487300873 0.004815361928194761
0.09053482115268707 0.20794308185577393 0.6362432837486267
0.14134104549884796 -0.041387710720300674 0.31915614008903503
0.05645425245165825 -0.23071584105491638 -0.26623284816741943
0.03888411074876785 -0.3241901993751526 -0.6676037907600403
-0.008751915767788887 -0.01237267442047596 -0.18341518938541412
-0.25694283843040466 -0.2588580846786499 -0.13387951254844666
-0.08024661988019943 -0.1867934763431549 0.08488579094409943
-0.19894127547740936 -0.13908705115318298 -0.13791079819202423
-0.0853378102183342 -0.3104262351989746 0.0019734275992959738
-0.20381690561771393 0.14866304397583008 0.026867052540183067
-0.10358338803052902 -0.04912091791629791 -0.05482947453856468
-0.21917983889579773 -0.5141922831535339 0.42899882793426514
-0.047969333827495575 -0.2628645896911621 -0.17991921305656433
0.026421764865517616 -0.027100427076220512 -0.03631456196308136
-0.25580328702926636 -0.23487478494644165 0.36626383662223816
-0.16011390089988708 -0.2590917646884918 -0.40099912881851196
-0.14573246240615845 -0.2104397863149643 0.22733406722545624
-0.010628599673509598 -0.1841319352388382 0.10016336292028427
0.1396174132823944 -0.4042295217514038 -0.30550700426101685
-0.4491349160671234 -0.3146383762359619 -0.47410595417022705
-0.11910289525985718 -0.3299947679042816 0.13104557991027832
-0.17077581584453583 0.019149553030729294 -0.10742897540330887
-0.2955379784107208 0.005280717276036739 0.13265658915042877
-0.2148732841014862 -0.13081836700439453 -0.0882968008518219
-0.07521508634090424 -0.24589920043945312 -0.24364060163497925
0.0167614184319973 -0.3239860534667969 -0.43083128333091736
-0.02158833108842373 -0.18827487528324127 -0.08267154544591904
-0.16359461843967438 -0.21850347518920898 0.16511757671833038
-0.25727277994155884 -0.20645427703857422 -0.029651900753378868
-0.16833820939064026 -0.16658976674079895 0.02274075150489807
-0.1093805655837059 -0.209390327334404 0.3901311159133911
-0.34532472491264343 -0.14838193356990814 0.18519271910190582
0.1314595341682434 -0.24073278903961182 0.01634444110095501
-0.20881302654743195 -0.3200605511665344 0.1657792180776596
0.04474014788866043 -0.29860371351242065 -0.34306201338768005
0.009523319080471992 -0.2681100368499756 -0.29469627141952515
-0.25765442848205566 -0.18582677841186523 0.23218470811843872
-0.1050066277384758 -0.3403133153915405 0.07753886282444
-0.1818993091583252 -0.3662658631801605 -0.09648827463388443
-0.018845422193408012 -0.2080443948507309 -0.0337679497897625
-0.06682924181222916 -0.1618446707725525 0.24769094586372375
-0.10886118561029434 -0.12134711444377899 -0.025575080886483192
0.1360820084810257 -0.050082795321941376 0.12560179829597473
-0.052121419459581375 -0.15629470348358154 -0.06948986649513245
-0.33803093433380127 -0.22969874739646912 0.10711672157049179
-0.07612629234790802 -0.2353181093931198 0.3572832942008972
-0.15760603547096252 -0.28632158041000366 -0.2736057639122009
-0.23615054786205292 -0.27708789706230164 -0.2435135543346405
-0.08376302570104599 -0.43898358941078186 0.10763305425643921
-0.11810164153575897 -0.20234841108322144 0.3894455134868622
-0.36552903056144714 -0.23300252854824066 0.15509937703609467
-0.17178939282894135 -0.28799372911453247 -0.1614706814289093
-0.13640336692333221 -0.16100268065929413 0.23812666535377502
-0.11718177795410156 -0.17830362915992737 0.08174695074558258
-0.24896377325057983 -0.152495875954628 0.28205734491348267
0.038969069719314575 0.054054275155067444 0.33679914474487305
-0.2323622852563858 -0.2755131125450134 -0.307638943195343
-0.11542109400033951 -0.28901946544647217 0.06262172013521194
-0.31464633345603943 -0.20113183557987213 -0.15923121571540833
-0.10803330689668655 -0.18658186495304108 0.3032754361629486
-0.13738754391670227 -0.24480611085891724 0.12769587337970734
-0.35223492980003357 -0.20090292394161224 -0.1287805438041687
-0.14192847907543182 -0.34823426604270935 -0.032097309827804565
-0.30308181047439575 -0.1407361924648285 0.2727145850658417
-0.2155030220746994 -0.07591210305690765 0.6965469121932983
-0.18682530522346497 -0.23932994902133942 -0.06404677033424377
-0.159011572599411 -0.32789140939712524 0.24839121103286743
0.08784115314483643 -0.31439733505249023 0.05838412046432495
-0.14274120330810547 -0.15633586049079895 -0.006195543799549341
-0.026359034702181816 -0.11014392971992493 0.293048620223999
-0.337345689535141 -0.5385181307792664 0.1552685797214508
0.005561432335525751 -0.2624419927597046 -0.24806450307369232
-0.3791351616382599 -0.14431020617485046 0.23012663424015045
-0.10808821767568588 -0.3052603304386139 0.05809561908245087
-0.10475604981184006 -0.19218014180660248 -0.33546262979507446
-0.03312177211046219 -0.25801965594291687 -0.32741376757621765
-0.05924214795231819 -0.22269555926322937 -0.3051935136318207
0.08901155740022659 -0.24370244145393372 -0.04963335767388344
-0.18920132517814636 -0.10786218196153641 -0.03273822367191315
-0.2848125100135803 -0.13098818063735962 0.16058312356472015
-0.20659831166267395 -0.25685980916023254 0.20093637704849243
-0.13626566529273987 -0.24983593821525574 -0.02755044214427471
-0.016918813809752464 -0.07415468245744705 -0.22531388700008392
-0.062422581017017365 -0.058192528784275055 0.420974999666214
-0.0011507922317832708 0.009227130562067032 0.23622995615005493
0.002036208752542734 -0.22575199604034424 -0.10638584941625595
-0.20032668113708496 -0.24142226576805115 0.22892673313617706
0.06314361840486526 -0.25427374243736267 -0.2652978301048279
0.10377354174852371 -0.18244576454162598 0.08934487402439117
-0.10219531506299973 -0.18917779624462128 -0.32164859771728516
-0.18883466720581055 -0.12832194566726685 0.11081502586603165
-0.1154123917222023 -0.23751164972782135 -0.3041357696056366
-0.13293695449829102 0.01875535398721695 0.43002623319625854
-0.062372297048568726 -0.37954655289649963 -0.4375001788139343
-0.20859436690807343 0.09531627595424652 0.17706970870494843
-0.11768164485692978 0.007814809679985046 0.18402309715747833
-0.22964027523994446 -0.2808821499347687 -0.28857722878456116
-0.06825634837150574 -0.03197963908314705 0.41715195775032043
-0.11306246370077133 -0.17921505868434906 -0.06937341392040253
-0.09166333079338074 -0.29042360186576843 -0.17906290292739868
-0.12433222681283951 -0.23270845413208008 0.06042807921767235
0.0632525086402893 -0.16365814208984375 0.21165704727172852
0.1337592452764511 0.049410946667194366 0.028922535479068756
0.021650781854987144 -0.24977776408195496 -0.15734454989433289
-0.010189326480031013 -0.2557758688926697 0.050759732723236084
-0.0355059988796711 -0.2699609398841858 -0.031226331368088722
-0.03688018023967743 0.016196314245462418 0.05562768876552582
-0.12432905286550522 -0.11591816693544388 0.08790426701307297
-0.3197115659713745 -0.2582380473613739 -0.30541136860847473
-0.1486903727054596 -0.2851839065551758 -0.2187769114971161
-0.09199061989784241 -0.18391147255897522 -0.11367401480674744
-0.37039509415626526 -0.33996400237083435 -0.5074560046195984
-0.022081689909100533 -0.35102134943008423 0.0675322413444519
-0.2657480239868164 -0.15031754970550537 -0.3482428789138794
-0.2252906709909439 -0.3513530492782593 -0.17527206242084503
-0.3280969560146332 -0.26800087094306946 0.020590253174304962
-0.18914677202701569 -0.2545985281467438 -0.08690067380666733
-0.08874504268169403 -0.267373651266098 0.04363888129591942
-0.058332622051239014 -0.2745765447616577 -0.19699227809906006
-0.023707078769803047 -0.0676988884806633 0.4584014117717743
0.011191625148057938 -0.12853853404521942 -0.08484375476837158
-0.06886957585811615 -0.26425620913505554 -0.0517430379986763
0.051425155252218246 -0.29407358169555664 -0.3776484727859497
-0.17443960905075073 0.07361707836389542 0.30224066972732544
-0.25262129306793213 -0.21617606282234192 0.2270774394273758
-0.2166016399860382 -0.23326286673545837 0.02644854411482811
-0.30411699414253235 -0.3710240423679352 0.18912990391254425
-0.04395201429724693 -0.0664377212524414 0.1944127231836319
0.022710446268320084 -0.21009595692157745 -0.14092200994491577
-0.32209065556526184 -0.1524069458246231 -0.06814540922641754
-0.11492898315191269 -0.2557868957519531 0.046561453491449356
0.05471702292561531 -0.17832255363464355 -0.06180791184306145
0.015474695712327957 -0.2422153800725937 -0.07508781552314758
-0.13816551864147186 -0.17922773957252502 0.08592208474874496
-0.22302131354808807 -0.03215417265892029 0.2824699282646179
-0.011106614023447037 0.03845520690083504 0.27042853832244873
-0.11006806790828705 -0.2129439115524292 0.24432893097400665
-0.1520589292049408 -0.31635358929634094 -0.23097576200962067
-0.09037680923938751 -0.26364362239837646 0.052278630435466766
-0.15119929611682892 -0.07330217212438583 0.22600646317005157
-0.12106766551733017 0.05537354201078415 0.26399239897727966
-0.2844676971435547 0.14504005014896393 -0.2200004607439041
-0.2130788117647171 -0.21762916445732117 0.18738596141338348
0.06509038060903549 0.08048665523529053 -0.0901208370923996
-0.14863674342632294 -0.27914077043533325 -0.14248570799827576
-0.18757610023021698 -0.30864953994750977 0.0014196984702721238
-0.15847590565681458 -0.25444236397743225 0.10739235579967499
-0.1357373744249344 -0.12836049497127533 0.2796134948730469
-0.10500162839889526 -0.26132532954216003 0.0918840542435646
-0.013488085940480232 -0.06403660029172897 0.43520891666412354
-0.0973057746887207 -0.3225155770778656 0.08366797119379044
-0.018736425787210464 -0.2628944218158722 -0.055527880787849426
-0.22185656428337097 -0.22062917053699493 0.21599221229553223
-0.24574987590312958 0.023227572441101074 0.23019330203533173
-0.19987988471984863 -0.13035811483860016 0.10746437311172485
-0.19813700020313263 -0.21574655175209045 0.1515362709760666
-0.08668771386146545 -0.4440603256225586 -0.3266354203224182
-0.051322005689144135 -0.25337645411491394 -0.05350233614444733
0.016585057601332664 -0.2933797240257263 -0.17651429772377014
-0.30317866802215576 -0.23331663012504578 0.19668173789978027
-0.12303037941455841 -0.27141088247299194 -0.07712928205728531
-0.1131053939461708 -0.11349756270647049 -0.23513372242450714
0.0027400085236877203 -0.10862258076667786 -0.17328527569770813
-0.21488571166992188 -0.056733813136816025 -0.055560432374477386
-0.07719852775335312 -0.18863075971603394 -0.08985765278339386
-0.20757438242435455 -0.4270513355731964 0.11163456737995148
-0.020387575030326843 -0.2360672652721405 0.29699739813804626
0.09838331490755081 -0.15873414278030396 -0.08710164576768875
-0.17797203361988068 -0.2820897400379181 -0.173100084066391
-0.19060152769088745 -0.28257596492767334 -0.2780120372772217
-0.09075403213500977 -0.21708862483501434 -0.2047894150018692
-0.04577575996518135 -0.2267804592847824 0.030702486634254456
-0.11986222863197327 -0.2022961527109146 0.182836651802063
-0.20619675517082214 -0.045676495879888535 -0.15272203087806702
0.02822822332382202 -0.11545061320066452 -0.14437106251716614
-0.1957600712776184 -0.008509064093232155 -0.10093014687299728
-0.06924740970134735 -0.25241926312446594 -0.13604840636253357
-0.08829342573881149 -0.13205187022686005 -0.012797754257917404
-0.07692745327949524 -0.14461807906627655 0.10273018479347229
0.0839085653424263 -0.24602599442005157 -0.2782265543937683
0.1074962168931961 -0.15799875557422638 0.12659554183483124
-0.005595074500888586 -0.2700013816356659 -0.12710361182689667
-0.08737606555223465 -0.09168500453233719 -0.0010784331243485212
-0.05151929706335068 -0.4347270429134369 -0.45116090774536133
0.23485566675662994 0.03220604360103607 0.2805688977241516
-0.14840371906757355 -0.3517453670501709 0.45139092206954956
-0.036701127886772156 -0.22755573689937592 -0.14595039188861847
-0.17673859000205994 -0.15002058446407318 0.151529461145401
-0.11344832181930542 -0.2462252378463745 0.09336648881435394
-0.2521135210990906 -0.11089199781417847 0.49398714303970337
0.002543716924265027 -0.14689457416534424 0.18013183772563934
-0.10117337852716446 -0.45771893858909607 -0.26677024364471436
-0.058398108929395676 -0.1792759746313095 -0.09342353790998459
0.14086249470710754 -0.08104247599840164 0.017377370968461037
-0.12629584968090057 -0.3328235149383545 0.13885633647441864
0.15074095129966736 -0.118990458548069 -0.189391627907753
0.014838021248579025 -0.37746670842170715 -0.14530068635940552
-0.194912850856781 -0.13968028128147125 -0.048996344208717346
0.06873606145381927 -0.3298076093196869 0.008536037057638168
-0.22947607934474945 -0.18192584812641144 0.007761815097182989
-0.10113336145877838 -0.23547561466693878 0.09667427837848663
-0.056836146861314774 -0.12079308182001114 0.14958280324935913
-0.03344651311635971 -0.2543518841266632 -0.17427562177181244
-0.28487417101860046 -0.2624031603336334 0.12342871725559235
-0.09421248733997345 -0.05810663476586342 -0.017644481733441353
0.12750321626663208 -0.14488045871257782 -0.16607517004013062
-0.06237030029296875 -0.2628025710582733 -0.007736749481409788
-0.2727726995944977 -0.28678399324417114 0.04588176682591438
-0.26539942622184753 -0.16541723906993866 0.2591550946235657
-0.22821074724197388 0.18152965605258942 -0.21353846788406372
-0.522704005241394 0.16770172119140625 0.03429916128516197
-0.06453244388103485 -0.2103089839220047 0.03619794920086861
-0.18925423920154572 -0.1260610669851303 0.2954360246658325
-0.08198471367359161 -0.24684448540210724 0.12002258747816086
-0.14103445410728455 -0.023357996717095375 0.28720277547836304
-0.07369908690452576 0.03465070575475693 0.3328883647918701
-0.0433136411011219 -0.24095290899276733 -0.18151435256004333
-0.12297140061855316 0.060753509402275085 -0.3479772210121155
-0.01627388782799244 -0.3024801015853882 -0.2709224224090576
-0.1087663397192955 -0.2875957489013672 -0.0755356103181839
-0.18273206055164337 -0.23340505361557007 0.21262022852897644
-0.09428457915782928 -0.5010232329368591 -0.3436973989009857
0.014162853360176086 -0.00682105915620923 -0.3362458646297455
-0.1428675800561905 -0.016526339575648308 0.2051934152841568
-0.13696064054965973 -0.217006653547287 -0.009260967373847961
-0.254030704498291 -0.2954134941101074 0.1273016482591629
-0.3287540078163147 -0.19118258357048035 0.25649669766426086
-0.0311041958630085 -0.2531837821006775 -0.3169901371002197
-0.2907266318798065 -0.19423365592956543 -0.005795620381832123
-0.23416848480701447 -0.1491737812757492 0.05373786762356758
-0.31872111558914185 -0.011942166835069656 0.1294381469488144
-0.13580693304538727 -0.2725401818752289 -0.2739851474761963
-0.04822225123643875 -0.3029402494430542 0.21946774423122406
-0.007731970865279436 -0.2684350609779358 -0.10745314508676529
-0.16253691911697388 -0.25126558542251587 0.09132831543684006
-0.10154841840267181 -0.19360589981079102 0.04526069760322571
-0.13347651064395905 -0.09936390817165375 0.22824744880199432
-0.06297183781862259 -0.22617317736148834 0.14232030510902405
-0.07588546723127365 -0.21204857528209686 0.2482573539018631
-0.2254343181848526 -0.2525685429573059 0.2233649045228958
0.20186381042003632 0.04488173499703407 -0.14843803644180298
-0.07816876471042633 -0.2338518500328064 -0.17000538110733032
-0.16735133528709412 -0.3735288679599762 -0.2276400625705719
-0.08475115150213242 -0.25555235147476196 0.09828707575798035
-0.33528319001197815 0.15876561403274536 -0.26111727952957153
-0.2992788553237915 0.024404875934123993 -0.05044616013765335
-0.14539197087287903 -0.13121622800827026 -0.03280193731188774
-0.018986184149980545 -0.20041368901729584 -0.06024768948554993
0.01671474613249302 -0.24850361049175262 -0.13772685825824738
-0.2481401115655899 -0.04206507280468941 0.5822284817695618
-0.24649958312511444 -0.10192451626062393 -0.14172686636447906
-0.1278790533542633 -0.2782611548900604 -0.01461123488843441
-0.20832373201847076 -0.16474725306034088 0.3621186912059784
-0.09336570650339127 -0.3059803247451782 0.03203302249312401
-0.14522919058799744 -0.2605368196964264 0.05855138972401619
-0.16052880883216858 0.09308060258626938 0.03875432536005974
-0.08941330760717392 -0.24875661730766296 -0.007491315249353647
-0.11492151021957397 -0.3165360391139984 0.11360184848308563
-0.3550151288509369 -0.22868724167346954 0.15156403183937073
0.3663700222969055 0.09523375332355499 0.19658038020133972
0.009738527238368988 -0.2512837052345276 -0.1797601729631424
-0.03931860625743866 -0.057526782155036926 0.34804075956344604
-0.08215220272541046 -0.20542718470096588 -0.03413129225373268
-0.2010263353586197 -0.10469415038824081 0.1920134723186493
0.010811127722263336 -0.16622328758239746 -0.23313108086585999
-0.1039109081029892 -0.28095266222953796 -0.16816258430480957
-0.07750821113586426 -0.12657256424427032 -0.014222031459212303
-0.06465659290552139 -0.3189142346382141 -0.315487265586853
-0.2817002236843109 -0.2337460070848465 0.31907910108566284
0.04011906310915947 -0.26288238167762756 -0.013750078156590462
-0.022252662107348442 -0.4068373739719391 -0.5480085015296936
-0.04968341812491417 -0.3359329104423523 0.13557592034339905
-0.04918671399354935 -0.2351892590522766 -0.07385098189115524
-0.18623574078083038 -0.14010879397392273 -0.22250820696353912
-0.16159942746162415 -0.02593342401087284 0.05001011863350868
0.05861261114478111 0.012238439172506332 0.17442624270915985
-0.26203981041908264 -0.10889642685651779 0.4111664593219757
-0.011997928842902184 -0.2476891130208969 -0.19171959161758423
-0.1604684293270111 -0.21468010544776917 0.2706378996372223
-0.34595346450805664 -0.11876816302537918 0.2202903926372528
0.12507988512516022 -0.038747843354940414 -0.031773362308740616
-0.15877582132816315 -0.2256467193365097 -0.11168280243873596
-0.004453110974282026 -0.18526114523410797 -0.005291555542498827
-0.13158319890499115 -0.39240434765815735 0.38421499729156494
-0.13078467547893524 -0.2945621907711029 0.23868435621261597
-0.00246204761788249 -0.0695083737373352 -0.2198885679244995
-0.00644078990444541 -0.2640553414821625 0.09828507155179977
-0.17316769063472748 -0.11580616235733032 0.07711317390203476
-0.04616324231028557 -0.42758649587631226 -0.682144045829773
-0.23485276103019714 -0.20872388780117035 0.20768168568611145
-0.08542612195014954 -0.13777336478233337 -0.13304415345191956
-0.261040061712265 -0.14028148353099823 0.0816970095038414
-0.10622305423021317 -0.18329299986362457 0.2808218002319336
-0.03324098140001297 -0.2854149341583252 -0.0684119388461113
-0.1554936319589615 -0.2396872490644455 -0.2513711750507355
-0.06912092119455338 -0.30921125411987305 0.09731290489435196
-0.08675896376371384 -0.2658348083496094 -0.0739302784204483
-0.10852877795696259 -0.2584196925163269 -0.10940667241811752
-0.13013999164104462 -0.042962346225976944 0.08858608454465866
-0.2527214288711548 0.007923162542283535 -0.11351943016052246
-0.07143381237983704 -0.09856166690587997 0.21187995374202728
-0.19187939167022705 -0.09595461189746857 0.1490902304649353
-0.06071311607956886 -0.24163779616355896 -0.24952149391174316
-0.17389507591724396 -0.2284247875213623 0.3055385947227478
-0.04603524133563042 -0.1397465318441391 -0.06068000942468643
-0.32902246713638306 -0.29862716794013977 0.14168709516525269
-0.12750929594039917 -0.2806994915008545 -0.018761834129691124
-0.15496520698070526 -0.022947316989302635 -0.22379198670387268
-0.1698407083749771 -0.09802407026290894 0.0532565712928772
0.09281840920448303 0.0890895202755928 -0.05213732644915581
-0.2852502167224884 -0.2139860838651657 0.07944045960903168
-0.11271730810403824 -0.220024973154068 -0.010423034429550171
0.07226459681987762 -0.09148264676332474 -0.41863423585891724
0.03198060765862465 -0.24945855140686035 -0.13105608522891998
-0.1011931449174881 -0.1867828369140625 -0.13665138185024261
-0.36054086685180664 -0.14777153730392456 0.015118757262825966
-0.3130858838558197 -0.10734155774116516 0.35929134488105774
0.17709067463874817 -0.18388347327709198 -0.13427790999412537
-0.13648183643817902 -0.25943803787231445 0.019476190209388733
-0.2400665134191513 -0.20808906853199005 0.18157066404819489
0.047810133546590805 0.283016175031662 0.4348286986351013
-0.06360287964344025 -0.037505291402339935 0.3565606474876404
-0.196730375289917 -0.09328106045722961 -0.16412779688835144
-0.20675605535507202 -0.18094688653945923 0.3163217604160309
-0.10327940434217453 -0.2213561236858368 -0.10297098010778427
0.16956676542758942 -0.3007352352142334 -0.3703712522983551
0.1303902268409729 -0.0980086401104927 0.22560949623584747
-0.07753843814134598 -0.20739631354808807 -0.004915275145322084
0.012478271499276161 -0.27269718050956726 0.0942336693406105
-0.1701921820640564 -0.21646817028522491 0.23175987601280212
-0.12684734165668488 -0.22766700387001038 0.03612951561808586
-0.15018227696418762 -0.19239221513271332 0.2569866180419922
0.026313109323382378 0.09545423090457916 0.07920695096254349
-0.25873079895973206 -0.1558423936367035 0.1330091506242752
0.017109427601099014 -0.12863081693649292 -0.3211621046066284
-0.03187011554837227 -0.25294214487075806 -0.08253318816423416
-0.12728634476661682 -0.2978164553642273 -0.059955183416604996
0.09106560051441193 -0.19146253168582916 0.07841429859399796
-0.11771972477436066 -0.2692771553993225 0.037978652864694595
-0.13277065753936768 -0.24854876101016998 0.08155836910009384
-0.22559300065040588 -0.27530455589294434 0.13420981168746948
-0.13542968034744263 -0.2255939394235611 0.20221517980098724
0.05091137811541557 -0.207214817404747 -0.04430646821856499
-0.24604979157447815 -0.20029306411743164 0.17692585289478302
-0.018575789406895638 -0.18253816664218903 0.04769939184188843
-0.1474040150642395 -0.12915699183940887 -0.0746072381734848
-0.07185094058513641 -0.22508002817630768 0.06668822467327118
-0.11659461259841919 -0.18927845358848572 -0.05682946369051933
-0.14764463901519775 -0.17819197475910187 -0.3660019636154175
-0.10076601058244705 -0.26597270369529724 -0.06791144609451294
-0.20346888899803162 -0.04101696237921715 0.11842609196901321
-0.15736116468906403 -0.19908395409584045 -0.16054487228393555
-0.12537574768066406 -0.24245327711105347 -0.10915212333202362
0.09378658980131149 -0.24948406219482422 -0.20858027040958405
-0.19427841901779175 -0.17816317081451416 0.3573840260505676
-0.019908392801880836 -0.173121377825737 0.010803483426570892
-0.22218447923660278 -0.25968241691589355 0.03136814758181572
-0.2539884150028229 -0.2054033726453781 0.08403189480304718
-0.15691733360290527 -0.20889557898044586 -0.19633372128009796
0.038690801709890366 -0.23269549012184143 -0.34458115696907043
-0.0649077519774437 -0.2915709912776947 -0.16610804200172424
-0.26840120553970337 -0.24901974201202393 -0.024510391056537628
-0.10739338397979736 -0.2168605625629425 0.17417111992835999
-0.2879740595817566 -0.22025500237941742 0.21383240818977356
-0.0710005909204483 -0.193813756108284 0.02752671018242836
-0.11499860882759094 -0.3299890160560608 0.19891919195652008
-0.215986430644989 -0.11253082752227783 -0.18780328333377838
-0.09667696058750153 -0.26367300748825073 -0.13901668787002563
-0.1809626668691635 -0.30257824063301086 0.0801759585738182
-0.07427845895290375 -0.2848798930644989 -0.17478129267692566
-0.2101426124572754 -0.06732938438653946 -0.31832337379455566
0.042876631021499634 -0.2082483321428299 -0.07595521211624146
-0.2036111205816269 -0.06598559767007828 0.22173304855823517
-0.23396019637584686 -0.16161847114562988 0.26296043395996094
-0.2285989671945572 -0.21795794367790222 0.16585858166217804
-0.028131769970059395 -0.24127186834812164 -0.16591723263263702
-0.132356658577919 -0.2649348974227905 -0.02092936262488365
-0.4759657382965088 0.13152799010276794 -0.23080354928970337
0.1163342148065567 -0.1744382083415985 -0.17797349393367767
-0.19788122177124023 -0.1909940242767334 -0.15771876275539398
-0.16619598865509033 -0.14943519234657288 -0.5328450202941895
0.24519139528274536 0.03263850137591362 0.033862508833408356
-0.060774680227041245 -0.21897922456264496 -0.07094340026378632
-0.3060063123703003 -0.23696312308311462 0.012259125709533691
-0.16562826931476593 -0.1947469860315323 0.13737401366233826
-0.03137492388486862 -0.2047133594751358 -0.15933099389076233
-0.1454031616449356 -0.3069663643836975 0.22622321546077728
-0.1171574518084526 -0.24811846017837524 -0.012061022222042084
0.15384748578071594 -0.18766364455223083 0.2060229480266571
-0.016639364883303642 -0.19569623470306396 -0.051316846162080765
-0.19279761612415314 -0.11000154167413712 0.025591127574443817
0.07826540619134903 -0.3025040030479431 0.1425161063671112
-0.026218177750706673 -0.24151436984539032 -0.0622020848095417
0.06196431443095207 -0.1988448053598404 -0.1485489457845688
-0.023215189576148987 -0.3404613137245178 -0.3930164575576782
0.01387057639658451 -0.2403736114501953 -0.12288356572389603
-0.2635112702846527 -0.2061697244644165 -0.1034427285194397
-0.18117274343967438 -0.3834226429462433 -0.2415318787097931
0.0633930042386055 -0.24269439280033112 -0.11192821711301804
-0.23536868393421173 -0.23109841346740723 0.18604539334774017
-0.15262827277183533 -0.4530658423900604 0.4143746495246887
-0.12063264846801758 -0.176594540476799 0.09677191078662872
-0.26533907651901245 -0.2305629551410675 0.3593774437904358
0.08839923143386841 -0.237901508808136 -0.08407163619995117
-0.1572321504354477 -0.2102653682231903 -0.02042635902762413
-0.027763111516833305 -0.20355090498924255 -0.05904742330312729
-0.027676397934556007 -0.19194470345973969 0.12085883319377899
-0.184950590133667 -0.2614215016365051 0.014385998249053955
-0.12940064072608948 -0.27284395694732666 0.14706413447856903
-0.062412992119789124 -0.3640482425689697 -0.45867401361465454
-0.07250824570655823 -0.27557435631752014 0.16655704379081726
-0.051318634301424026 -0.2058265209197998 0.17272548377513885
-0.32234081625938416 -0.21655941009521484 -0.39604058861732483
0.006094563286751509 -0.10000219941139221 0.2909259796142578
-0.24065935611724854 -0.15901732444763184 0.02367149479687214
-0.06007923185825348 -0.1673578917980194 -0.1742704212665558
-0.1344776302576065 -0.25286081433296204 -0.1344403326511383
-0.15807315707206726 -0.06934189796447754 -0.11906971782445908
-0.22589556872844696 -0.24853527545928955 0.07939103990793228
0.15702055394649506 -0.07439857721328735 0.0040428526699543
-0.007271832320839167 -0.015505732968449593 -0.21960118412971497
-0.08775749802589417 -0.233798086643219 0.07648486644029617
-0.312983900308609 -0.18285666406154633 0.30526602268218994
0.017121117562055588 -0.23730875551700592 -0.00033504399470984936
-0.14604921638965607 -0.21201013028621674 0.025296824052929878
-0.3157352805137634 0.03611672297120094 0.05058416351675987
-0.039542440325021744 0.08091380447149277 0.2694747745990753
-0.2483535259962082 -0.20596064627170563 0.10628848522901535
-0.0920473039150238 -0.21865175664424896 0.3195416033267975
-0.12832045555114746 -0.2535492777824402 0.1454298496246338
-0.04425450414419174 -0.24382509291172028 0.08619359135627747
-0.08139310032129288 -0.17818157374858856 0.11383774876594543
-0.0877019613981247 -0.2681612968444824 -0.22972890734672546
-0.05447084456682205 -0.15730232000350952 0.3174557089805603
-0.07934801280498505 -0.29643335938453674 0.08131752163171768
-0.26392877101898193 -0.18350458145141602 -0.30764952301979065
-0.2811298668384552 -0.08801724761724472 -0.22849608957767487
-0.13438116014003754 -0.19446395337581635 0.21161161363124847
-0.1710490584373474 -0.20661306381225586 0.2597784698009491
-0.42404448986053467 -0.13154450058937073 0.2259967178106308
-0.05809865519404411 -0.14123499393463135 -0.07702020555734634
-0.2225918471813202 -0.07781507819890976 0.14171622693538666
-0.06942632794380188 -0.15522713959217072 0.1928892284631729
-0.14919228851795197 -0.18790993094444275 0.10904649645090103
-0.221293106675148 -0.15677163004875183 0.2069854438304901
-0.1826309710741043 -0.01851271651685238 0.3234989047050476
-0.13397829234600067 -0.27196305990219116 0.007726459298282862
-0.1637534201145172 -0.2201160490512848 0.2664293944835663
-0.09640278667211533 -0.2569313049316406 -0.003806698601692915
0.002541319467127323 -0.03641185536980629 -0.128946915268898
0.0030098864808678627 -0.20693042874336243 0.18323954939842224
-0.14404131472110748 -0.2631709575653076 -0.08574427664279938
-0.22087353467941284 0.01603586971759796 0.4830349087715149
-0.053985100239515305 -0.13918954133987427 0.00800078921020031
-0.1336842179298401 -0.2094789296388626 0.029525956138968468
-0.28209900856018066 -0.25509968400001526 0.10316271334886551
-0.198345348238945 -0.2741684019565582 -0.2845005989074707
-0.22052507102489471 -0.2438867688179016 -0.020811133086681366
-0.12559698522090912 -0.24939435720443726 -0.22172892093658447
-0.22629806399345398 -0.24582868814468384 0.015477277338504791
-0.11373353004455566 -0.29430636763572693 -0.24676378071308136
-0.06626608967781067 -0.3229553699493408 0.24644742906093597
0.02237413264811039 -0.3037922978401184 -0.37785452604293823
-0.09569474309682846 0.08449888229370117 0.19405154883861542
0.038085032254457474 -0.2417856752872467 -0.1280524879693985
0.42851123213768005 -0.0623883493244648 0.4764012396335602
0.04336443543434143 -0.21139733493328094 -0.240778848528862
-0.31442204117774963 -0.4234185814857483 0.16910143196582794
-0.16665826737880707 -0.008442893624305725 0.05849016085267067
-0.1883910447359085 -0.12037952244281769 -0.12369207292795181
-0.3146305978298187 -0.09561418741941452 0.4856976568698883
-0.24997660517692566 -0.043354421854019165 0.14840199053287506
-0.13829569518566132 -0.1213761568069458 -0.12415996938943863
0.10312745720148087 -0.0220775306224823 0.21149173378944397
-0.20448917150497437 -0.21196843683719635 0.25986915826797485
-0.20673568546772003 -0.2688330113887787 0.1953781545162201
0.025341924279928207 -0.2672875225543976 0.03347375988960266
0.014855580404400826 0.006041663233190775 0.3250095844268799
0.002761292736977339 -0.2565999925136566 -0.11178066581487656
-0.16811569035053253 -0.0818549320101738 0.19955018162727356
-0.06958962231874466 -0.3756915032863617 -0.16855204105377197
-0.0680726170539856 -0.1571057289838791 0.3026156425476074
-0.16900227963924408 -0.2928065359592438 0.020420491695404053
-0.2668791711330414 -0.32051751017570496 0.0022960302885621786
-0.0672859251499176 -0.39899006485939026 -0.29255086183547974
-0.43717068433761597 0.006454939022660255 -0.20429623126983643
-0.21990540623664856 0.03377513214945793 -0.14653903245925903
-0.24947494268417358 -0.04310416802763939 0.08416277170181274
-0.1704174429178238 -0.16073772311210632 0.25188207626342773
-0.09540349245071411 -0.26179373264312744 -0.08292101323604584
-0.24121977388858795 -0.08383075147867203 0.15660706162452698
0.12137138098478317 -0.15340104699134827 -0.22773273289203644
-0.06269305944442749 0.02887183614075184 -0.4171617925167084
0.05583866313099861 -0.10385649651288986 -0.5078502297401428
0.5945385098457336 -0.2228391170501709 -0.07318181544542313
-0.039762791246175766 -0.23067840933799744 0.01882634498178959
-0.09873028844594955 -0.2204829901456833 0.09606050699949265
-0.1511884331703186 -0.35446998476982117 0.3041343688964844
-0.09088437259197235 -0.07905849814414978 -0.15527543425559998
-0.23020459711551666 -0.40006816387176514 0.1558237224817276
-0.19969557225704193 -0.27748507261276245 -0.14003399014472961
-0.028882315382361412 -0.33455926179885864 -0.2989843785762787
0.03656976297497749 -0.22893789410591125 0.023402761667966843
-0.30831876397132874 -0.14656707644462585 0.32459181547164917
-0.0372014082968235 -0.26465174555778503 0.1285439133644104
-0.2057170569896698 -0.29972362518310547 -0.22474725544452667
0.027119310572743416 -0.2539593577384949 -0.18918476998806
-0.13896548748016357 -0.23121050000190735 0.1182740330696106
-0.12566496431827545 -0.03318263590335846 0.30951127409935
-0.05570350959897041 -0.17960599064826965 0.2063758671283722
-0.07330555468797684 -0.2889327108860016 -0.22792714834213257
-0.19155319035053253 -0.2723023593425751 -0.1815129518508911
0.027464672923088074 -0.23742786049842834 -0.024639476090669632
-0.05563577637076378 -0.038424864411354065 -0.12109542638063431
-0.18555720150470734 -0.07471156865358353 -0.07572462409734726
0.0483885258436203 -0.08754655718803406 0.5819119215011597
0.05916446074843407 -0.21333828568458557 0.24259279668331146
0.10354141145944595 -0.2296135574579239 -0.09077582508325577
-0.1151532307267189 -0.10508324950933456 0.10906076431274414
-0.27845945954322815 -0.2415999323129654 -0.17929941415786743
-0.06629060953855515 -0.25293371081352234 -0.05469482019543648
-0.14564551413059235 -0.14735770225524902 0.25244563817977905
0.03682065010070801 0.026943597942590714 0.41806748509407043
-0.24139440059661865 -0.037767816334962845 0.033806122839450836
-0.20066428184509277 -0.12474056333303452 0.08462179452180862
-0.08727239817380905 -0.19992291927337646 -0.08566594868898392
0.06307346373796463 -0.3286243677139282 -0.09230764210224152
-0.023759352043271065 -0.22475363314151764 -0.05104510113596916
-0.057846978306770325 -0.2461770921945572 0.11428388953208923
-0.4524998068809509 -0.12721098959445953 0.06823582202196121
-0.16627906262874603 -0.17106541991233826 0.15694597363471985
-0.18736012279987335 -0.2616780698299408 0.03574181720614433
-0.31827208399772644 -0.16901914775371552 -0.5949018001556396
0.04617566987872124 -0.3210088312625885 -0.1527906060218811
-0.03890999034047127 0.013564476743340492 0.38926658034324646
-0.1672837883234024 -0.008063429966568947 0.3429078757762909
-0.10765379667282104 -0.11956853419542313 0.25146281719207764
-0.2537969946861267 -0.08008652925491333 0.21574975550174713
-0.22973859310150146 -0.19189007580280304 0.24871623516082764
-0.00820431299507618 -0.12852531671524048 0.23083138465881348
-0.15345391631126404 -0.15784358978271484 -0.16363076865673065
-0.1864413470029831 -0.2679162621498108 -0.04349759221076965
0.28636762499809265 -0.22021479904651642 -0.24998873472213745
-0.13645637035369873 -0.25276196002960205 0.14289569854736328
-0.16903255879878998 -0.23771534860134125 -0.1764751821756363
-0.07290013879537582 -0.2183210700750351 -0.10685128718614578
-0.015066336840391159 -0.2534051537513733 0.21926990151405334
-0.15793055295944214 -0.18201693892478943 0.3870279788970947
-0.21556289494037628 -0.39020055532455444 0.005513399373739958
-0.07052847743034363 -0.25290271639823914 0.17636927962303162
-0.017159070819616318 -0.1907186210155487 -0.09152225404977798
-0.14781275391578674 -0.11844956129789352 -0.1561562418937683
0.08021220564842224 -0.21133773028850555 -0.23231951892375946
-0.07589351385831833 -0.21845297515392303 -0.09602782875299454
-0.020278705283999443 -0.19390754401683807 0.26049429178237915
-0.21835127472877502 -0.20426884293556213 0.40530067682266235
-0.22937984764575958 -0.14919643104076385 0.24997317790985107
0.03429945558309555 -0.05987398698925972 -0.03566970303654671
-0.08309944719076157 -0.3003873825073242 -0.07324450463056564
-0.19470065832138062 -0.22984522581100464 -0.08266174048185349
0.14841127395629883 0.10418500751256943 0.000503734452649951
-0.24975654482841492 -0.024234658107161522 -0.0732417106628418
-0.20469072461128235 -0.13591159880161285 0.07834144681692123
-0.04243664816021919 -0.16211079061031342 -0.11042407155036926
0.10392620414495468 -0.21709302067756653 -0.1893405169248581
-0.23007501661777496 -0.20363849401474 -0.6267321109771729
-0.02925659343600273 -0.1517142355442047 0.06300952285528183
-0.042378444224596024 -0.3593032956123352 0.13122981786727905
-0.12880228459835052 -0.20430754125118256 0.20935313403606415
-0.23398134112358093 -0.18228378891944885 -0.18257756531238556
0.07066992670297623 -0.2567741274833679 -0.19711428880691528
-0.3499819338321686 0.0036381976678967476 0.039374083280563354
-0.42405086755752563 -0.09879913181066513 0.17051832377910614
-0.051194287836551666 -0.2714342176914215 -0.013192366808652878
-0.19297736883163452 0.013851586729288101 0.6574463844299316
-0.1369646191596985 -0.24725748598575592 0.000735893496312201
0.020019620656967163 -0.3931598365306854 -0.33069974184036255
-0.1190531998872757 -0.16878853738307953 -0.11314278095960617
-0.09388446062803268 -0.10065936297178268 0.048012640327215195
-0.11835692077875137 -0.37443098425865173 -0.0017810945864766836
-0.2096303403377533 0.02705426700413227 0.06247401610016823
-0.10047922283411026 -0.2774767279624939 0.027732323855161667
-0.05486202985048294 -0.07776588946580887 0.12150902301073074
-0.36022305488586426 -0.13268479704856873 0.17680521309375763
-0.17496727406978607 -0.26821526885032654 -0.15401920676231384
-0.4252404570579529 0.39496278762817383 -0.2519458532333374
-0.01401812769472599 -0.2453344464302063 -0.01544496975839138
0.06819067150354385 0.06729323416948318 0.23491829633712769
-0.20456112921237946 -0.23112700879573822 0.30303922295570374
-0.1910996288061142 -0.048408955335617065 0.1177045926451683
-0.10534816980361938 -0.20351426303386688 0.1694372147321701
-0.05557947978377342 0.022684725001454353 -0.04690221697092056
-0.1503913700580597 -0.17898784577846527 0.17799988389015198
-0.4483725428581238 0.1635332703590393 0.30208706855773926
-0.20569616556167603 -0.23320147395133972 -0.08874111622571945
-0.1916426569223404 -0.3439278304576874 -0.14369408786296844
-0.123738132417202 -0.26901209354400635 -0.13633394241333008
-0.1670011579990387 -0.2452951967716217 0.11937642097473145
-0.20994612574577332 -0.2595512270927429 0.13511060178279877
-0.24545136094093323 -0.366611510515213 -0.5736621618270874
-0.09673811495304108 -0.1536029726266861 0.07412424683570862
-0.13260279595851898 -0.20286895334720612 0.32512593269348145
-0.17249223589897156 -0.22801779210567474 0.2523997724056244
-0.017112158238887787 -0.2749989330768585 -0.31664976477622986
-0.0405944399535656 0.17380550503730774 0.26620322465896606
-0.26157668232917786 -0.2588713765144348 -0.01701991818845272
0.1342793107032776 -0.1941121369600296 -0.2849791944026947
-0.1182304099202156 -0.31329792737960815 -0.35016947984695435
0.06747803092002869 -0.15214909613132477 0.41093024611473083
0.17241831123828888 -0.12124433368444443 -0.235027477145195
-0.20897215604782104 -0.22592245042324066 -0.13694041967391968
0.2928561568260193 -0.22083669900894165 -0.21700499951839447
-0.12446557730436325 -0.017678862437605858 0.028625404462218285
-0.06559239327907562 -0.23993556201457977 0.10985223203897476
-0.27079179883003235 -0.2890966832637787 0.22336803376674652
-0.2724592089653015 0.012407200410962105 -0.08043332397937775
0.002014306839555502 0.025524232536554337 -0.039355676621198654
-0.11778305470943451 -0.16545291244983673 0.32551518082618713
-0.2124117910861969 -0.15211895108222961 -0.05158352106809616
-0.1676371693611145 -0.12279504537582397 0.22264620661735535
-0.12064523994922638 -0.26821911334991455 0.07794845849275589
-0.13844573497772217 -0.22407931089401245 0.04664628952741623
-0.1066022589802742 -0.2897900938987732 0.08298484236001968
-0.0938662588596344 -0.2492699921131134 -0.21778608858585358
0.24028009176254272 -0.2467481642961502 -0.3071640133857727
-0.12145274877548218 -0.2334454357624054 0.09108749777078629
-0.36023247241973877 -0.17083428800106049 0.1527288407087326
-0.10563857108354568 -0.1703195869922638 0.2036270797252655
-0.07389361411333084 -0.13811074197292328 0.006972146686166525
-0.1857852339744568 -0.29754236340522766 0.0804046168923378
-0.05290033295750618 -0.14713899791240692 -0.45438483357429504
-0.2630448043346405 0.21634377539157867 0.808508038520813
-0.07644418627023697 -0.4949200451374054 -0.20945152640342712
-0.02629370242357254 -0.23751305043697357 0.05694156140089035
0.1900779902935028 -0.08388105779886246 -0.03079722262918949
-0.09299338608980179 -0.25439462065696716 0.03467533364892006
0.3286687731742859 -0.11280688643455505 0.03404661640524864
-0.24537640810012817 -0.06740674376487732 -0.1826791763305664
-0.06434054672718048 -0.23013076186180115 0.007770929019898176
-0.05702536925673485 -0.03222636878490448 0.38814833760261536
-0.20994804799556732 -0.10934382677078247 0.35263684391975403
-0.029856067150831223 -0.24755491316318512 -0.02339538000524044
-0.09563224762678146 -0.13859182596206665 0.27541443705558777
0.008067130111157894 -0.0982867106795311 0.0710708424448967
-0.2636341452598572 -0.12745800614356995 -0.15553438663482666
-0.24125432968139648 -0.04821642488241196 0.33261141180992126
-0.2217821478843689 -0.21417631208896637 0.1791277676820755
-0.10557074844837189 0.15905624628067017 0.05924186855554581
-0.12004208564758301 -0.250640869140625 -0.2839289605617523
-0.21253137290477753 -0.07792455703020096 -0.0473751537501812
-0.17594963312149048 -0.08987617492675781 0.30323269963264465
0.20352378487586975 -0.008991142734885216 -0.22429093718528748
-0.2439887970685959 0.2556021511554718 -0.22513926029205322
-0.07237116247415543 -0.21905305981636047 0.1494232714176178
-0.12243717908859253 -0.3171243667602539 -0.2637435495853424
-0.06849798560142517 -0.2745480239391327 0.016760388389229774
-0.15204580128192902 -0.2109050303697586 0.2375340610742569
-0.09712454676628113 -0.14962457120418549 -0.2942878305912018
-0.28829964995384216 -0.27550801634788513 -0.39663609862327576
-0.13925312459468842 -0.27110862731933594 -0.028466293588280678
-0.1197422593832016 -0.14651551842689514 -0.2365911453962326
-0.34571895003318787 -0.04013368487358093 0.21237994730472565
-0.18939915299415588 -0.25994405150413513 0.23417039215564728
-0.14939261972904205 -0.12010906636714935 0.2254621386528015
-0.14471285045146942 -0.2629856467247009 0.1860140562057495
-0.08899207413196564 -0.3051077425479889 -0.3326762616634369
-0.11728253215551376 -0.19307047128677368 -0.11868348717689514
-0.12220417708158493 -0.06819666177034378 0.274312287569046
-0.3954574763774872 -0.2912108898162842 -0.4668770730495453
-0.26399585604667664 -0.34168171882629395 -0.17153511941432953
-0.27176105976104736 0.019433213397860527 -0.1034279316663742
-0.09097819775342941 -0.19379650056362152 -0.2291957288980484
-0.26647764444351196 -0.22472918033599854 0.1914893090724945
-0.200921431183815 -0.22822195291519165 -0.024717183783650398
-0.23921655118465424 -0.07780057936906815 0.3992951512336731
-0.041456189006567 -0.2079131007194519 0.18655750155448914
-0.5070585012435913 -0.15035833418369293 0.4571215510368347
-0.1883717030286789 -0.3619411587715149 0.011848554015159607
-0.0742618665099144 -0.2741093933582306 -0.0483119897544384
-0.10954329371452332 -0.2073802798986435 0.32583731412887573
-0.15803050994873047 -0.08768495917320251 0.28700053691864014
-0.25384294986724854 -0.46357303857803345 0.09330668300390244
0.0177953839302063 -0.24771595001220703 -0.25864076614379883
0.029193086549639702 -0.0645257830619812 0.10115131735801697
-0.05657006427645683 -0.39046087861061096 -0.1888711154460907
-0.2473117560148239 -0.09783671051263809 0.455619215965271
-0.20235006511211395 -0.13632521033287048 0.03735709190368652
-0.09107830375432968 0.006733861286193132 0.2681099474430084
-0.36551299691200256 -0.20887841284275055 0.19724926352500916
-0.20664621889591217 0.2358696013689041 0.08844957500696182
0.022287465631961823 -0.19698555767536163 -0.23978641629219055
-0.19471357762813568 -0.3497876226902008 0.08141915500164032
-0.08248317241668701 -0.29090094566345215 -0.23573437333106995
-0.13536006212234497 -0.27667000889778137 0.32714179158210754
-0.1385980248451233 -0.12973248958587646 0.07585961371660233
-0.15840411186218262 -0.2847970128059387 0.04504062607884407
-0.14937832951545715 -0.2583136558532715 0.1703289896249771
0.09025635570287704 -0.2741008698940277 -0.35130447149276733
-0.163068950176239 -0.2558029890060425 0.07775989174842834
-0.2116747796535492 -0.28261613845825195 -0.0006864073220640421
-0.141275092959404 -0.269206702709198 -0.20566007494926453
-0.1475154459476471 -0.26323601603507996 -0.09655999392271042
-0.23383468389511108 -0.2102641612291336 0.2796132266521454
-0.1261390745639801 -0.22588075697422028 0.12646858394145966
-0.03364277258515358 -0.2141178995370865 -0.02651466242969036
-0.16411784291267395 -0.0797727033495903 -0.25488173961639404
0.08315759152173996 -0.30974680185317993 -0.046395156532526016
-0.07942371070384979 -0.07876524329185486 -0.19403518736362457
0.2257779836654663 -0.17997317016124725 -0.3720966577529907
-0.1186738982796669 -0.22804783284664154 -0.18959957361221313
-0.15201716125011444 -0.10904718190431595 -0.11944469809532166
-0.08342066407203674 -0.32857146859169006 -0.3031603991985321
-0.04205826669931412 -0.11317644268274307 -0.06660540401935577
0.009465381503105164 -0.1972689926624298 -0.107938252389431
-0.011934220790863037 -0.22382096946239471 -0.2971639931201935
-0.05177609995007515 -0.2965041697025299 0.021692287176847458
0.01421266421675682 -0.18912048637866974 0.04026384651660919
-0.1468934267759323 -0.13661785423755646 0.025868648663163185
-0.22277791798114777 -0.21988795697689056 0.036944933235645294
-0.026979360729455948 -0.1935998499393463 0.2118091583251953
-0.18582794070243835 -0.14180399477481842 0.2126138061285019
0.05235670506954193 -0.24931299686431885 -0.19633041322231293
-0.1034625917673111 -0.2254897803068161 -0.30080679059028625
-0.27227339148521423 -0.20058980584144592 0.19912567734718323
-0.10941607505083084 -0.14379169046878815 0.316293329000473
0.2194238305091858 -0.17225632071495056 -0.31666648387908936
-0.14532043039798737 -0.1864023506641388 0.18394246697425842
-0.16849707067012787 -0.2674884796142578 -0.005154608283191919
-0.27135321497917175 -0.008779063820838928 0.1850665807723999
-0.5323997735977173 -0.1978178471326828 0.24299298226833344
-0.018183939158916473 -0.12881548702716827 -0.05548599362373352
-0.05791078135371208 -0.2589922249317169 -0.00370962405577302
-0.151971235871315 -0.3094141185283661 0.10509498417377472
-0.0797179564833641 -0.25744640827178955 -0.1975509226322174
-0.19743917882442474 0.01275741308927536 0.11345411092042923
-0.2528611421585083 -0.15966683626174927 0.06915446370840073
-0.24036452174186707 -0.25751304626464844 -0.014953609555959702
-0.2035539746284485 -0.4402883052825928 0.2629941403865814
-0.0807420089840889 -0.26096662878990173 0.036382339894771576
-0.24973943829536438 0.006540593225508928 -0.12360086292028427
-0.1664457619190216 -0.2130003273487091 0.2666099965572357
-0.2092757523059845 -0.2821129858493805 0.15152904391288757
-0.2557052671909332 -0.06889116764068604 0.16314303874969482
-0.09444829076528549 -0.2559662163257599 0.07025080919265747
0.08700574934482574 -0.2925055921077728 -0.275839239358902
-0.16176724433898926 0.062199998646974564 -0.034113842993974686
-0.021905388683080673 -0.38616618514060974 -0.24407093226909637
-0.12921307981014252 -0.4067452847957611 -0.4623306691646576
-0.0017698649317026138 -0.3318216800689697 -0.045825790613889694
-0.253560334444046 -0.2431507557630539 -0.098176971077919
-0.11042391508817673 -0.09688293933868408 -0.2606547474861145
0.04357408732175827 -0.23415136337280273 0.07957500964403152
-0.08967895060777664 -0.1933366358280182 0.12854519486427307
0.05820052698254585 -0.08512633293867111 -0.09650544822216034
-0.035501644015312195 -0.09674893319606781 0.19452472031116486
-0.10961706936359406 -0.26892516016960144 0.0752449706196785
-0.14563201367855072 -0.32218948006629944 0.0847843587398529
-0.24496988952159882 -0.2460251897573471 0.03720545396208763
-0.2729838192462921 -0.00757994269952178 0.02057144045829773
-0.20279450714588165 -0.246916264295578 0.23916317522525787
-0.13636983931064606 -0.2831434905529022 -0.09029015898704529
0.004340082406997681 -0.20882432162761688 -0.08938036113977432
-0.20108874142169952 -0.2538937032222748 -0.05873006954789162
-0.13055230677127838 -0.2161388099193573 0.13482216000556946
0.13633014261722565 -0.09048842638731003 0.00964379869401455
-0.19569431245326996 -0.1955653429031372 0.31527501344680786
-0.03016197681427002 -0.25326067209243774 -0.21839503943920135
0.026713578030467033 -0.21775972843170166 -0.02744484692811966
-0.28940773010253906 -0.30517512559890747 0.19583413004875183
0.09549076110124588 -0.2379607856273651 -0.18919514119625092
-0.24907031655311584 -0.24864155054092407 0.07397914677858353
-0.12799394130706787 -0.2599291503429413 -0.34225156903266907
-0.22523283958435059 -0.21862518787384033 0.04489085078239441
-0.2715257406234741 0.008902383968234062 -0.3574604094028473
-0.23531503975391388 -0.14870566129684448 0.3236016035079956
-0.37847018241882324 -0.1889006793498993 -0.057418059557676315
-0.0400153249502182 -0.25615692138671875 0.05615432560443878
-0.18263907730579376 -0.08738964051008224 -0.23266272246837616
-0.10474422574043274 -0.09127084910869598 0.06311026215553284
-0.21209146082401276 0.040980685502290726 0.494789719581604
-0.17468689382076263 -0.045334190130233765 0.32338032126426697
0.014723090454936028 -0.07041261345148087 0.17945297062397003
-0.13649772107601166 -0.0866081714630127 0.16224254667758942
-0.19333958625793457 -0.268423855304718 0.21117159724235535
0.10086149722337723 -0.08686742931604385 -0.03788357973098755
-0.11378280818462372 -0.24826526641845703 -0.04167458042502403
-0.0632307380437851 -0.2625919282436371 -0.08370780944824219
-0.09999951720237732 0.014335621148347855 0.08616796135902405
-0.1372029334306717 -0.049307700246572495 0.1698935627937317
-0.045105352997779846 0.0933612510561943 -0.05621273070573807
-0.085801862180233 -0.2359398454427719 0.18076585233211517
-0.15992988646030426 -0.2862204611301422 -0.11476518213748932
-0.17003852128982544 -0.24399574100971222 0.17063716053962708
-0.0789148285984993 -0.20708493888378143 0.0993991419672966
-0.2022598385810852 -0.23654860258102417 0.24223896861076355
-0.1092258170247078 -0.29343825578689575 -0.027404898777604103
-0.148084357380867 -0.17059125006198883 0.03195386007428169
-0.13941307365894318 -0.1473112404346466 0.06126175448298454
-0.285992294549942 -0.20005281269550323 -0.1714881807565689
-0.09807034581899643 -0.22444503009319305 0.23498916625976562
-0.08806774020195007 -0.2510644495487213 0.10279626399278641
-0.18766877055168152 -0.16322791576385498 0.4268040657043457
-0.0883437991142273 -0.3103249669075012 -0.04355249181389809
-0.09027890115976334 -0.1349918395280838 0.23941241204738617
-0.302218496799469 0.11468972265720367 -0.3128689229488373
-0.016516268253326416 -0.2122410386800766 -0.06898183375597
-0.22982072830200195 -0.1987636685371399 -0.18961326777935028
-0.1170257180929184 -0.25306224822998047 -0.18134965002536774
-0.04894816130399704 -0.21703287959098816 -0.07230924814939499
-0.019404739141464233 -0.27175214886665344 -0.0842861607670784
-0.026125747710466385 -0.071348175406456 -0.058008916676044464
-0.1268116682767868 -0.2856006324291229 0.09842533618211746
-0.2965879738330841 -0.1738264262676239 0.08797159045934677
-0.009715044870972633 -0.12567047774791718 -0.33902686834335327
0.060855668038129807 -0.2878458797931671 0.01538139209151268
-0.2261723428964615 -0.21265575289726257 0.23875699937343597
-0.23504717648029327 -0.26489508152008057 0.20616096258163452
-0.14321981370449066 -0.07813888788223267 0.34144237637519836
0.06492635607719421 -0.31123796105384827 -0.33080777525901794
-0.14165861904621124 -0.14866797626018524 0.18527978658676147
-0.13725735247135162 -0.029109545052051544 -0.11781196296215057
-0.31107568740844727 -0.023857232183218002 -0.17534133791923523
-0.16558454930782318 -0.30710384249687195 0.01998789794743061
-0.17485131323337555 -0.24147705733776093 0.11080867797136307
-0.4081742763519287 0.014110226184129715 -0.1821870058774948
-0.0033165505155920982 -0.20470111072063446 -0.13335536420345306
0.03850643336772919 -0.20930838584899902 -0.1469937264919281
-0.14292743802070618 -0.17758728563785553 0.15064826607704163
-0.20611515641212463 -0.23930801451206207 0.004272127524018288
0.044254403561353683 -0.42209041118621826 -0.3540783226490021
-0.11086634546518326 -0.16523399949073792 0.05821588262915611
-0.3882995843887329 0.15952101349830627 0.020600952208042145
-0.2995093762874603 -0.31665557622909546 0.16210772097110748
0.0796908512711525 -0.24685755372047424 0.028803642839193344
-0.12213067710399628 -0.2354438751935959 0.06261447817087173
-0.025225376710295677 -0.13533222675323486 0.19787777960300446
-0.08417849987745285 -0.17457766830921173 0.1931328922510147
0.22246812283992767 -0.09029138088226318 0.20590487122535706
-0.16086815297603607 -0.1772395670413971 0.3421737551689148
-0.1966964602470398 -0.06918621808290482 -0.25627148151397705
-0.19083109498023987 -0.14171618223190308 0.07944977283477783
-0.2692907452583313 -0.22601965069770813 -0.2706250548362732
-0.1234341487288475 -0.3164397180080414 -0.28007543087005615
-0.33040162920951843 -0.20024366676807404 0.02379824034869671
-0.05820111185312271 -0.3079284429550171 -0.18633301556110382
0.4015620946884155 -0.033028461039066315 0.09921646118164062
-0.13602428138256073 -0.20626454055309296 -0.15808917582035065
0.07688752561807632 -0.31412920355796814 -0.45533227920532227
-0.06064506620168686 -0.024126602336764336 0.361335426568985
0.03791416808962822 0.032257333397865295 -0.3297286033630371
-0.20144899189472198 -0.11859949678182602 0.29395779967308044
0.06691352277994156 -0.26394903659820557 -0.028530951589345932
-0.19541077315807343 -0.4788258969783783 0.19735220074653625
-0.10986672341823578 -0.3045598566532135 0.025381488725543022
0.038535673171281815 -0.31211671233177185 0.3302445113658905
-0.12604078650474548 -0.2768513560295105 -0.2393370419740677
-0.20131203532218933 -0.11503124237060547 0.16987664997577667
-0.2865352928638458 -0.08306871354579926 -0.3293193578720093
0.006777288857847452 -0.2050941288471222 0.008282842114567757
-0.09782252460718155 -0.2368452101945877 0.01378963328897953
-0.08506722748279572 -0.2697649300098419 -0.04273282364010811
-0.3572911322116852 -0.18514451384544373 -0.2512703835964203
0.0699116513133049 0.057966575026512146 0.1971798688173294
-0.084775909781456 -0.2942611277103424 0.0981822982430458
-0.0227474607527256 -0.256486177444458 -0.2989791929721832
0.19938789308071136 -0.032961439341306686 0.23484502732753754
0.14524242281913757 -0.2076386660337448 -0.19245997071266174
-0.13426238298416138 -0.14472801983356476 0.2966744303703308
-0.03996637463569641 -0.2594712972640991 -0.16823412477970123
-0.15024402737617493 -0.21732434630393982 0.24977350234985352
-0.18227142095565796 -0.12542228400707245 0.36073800921440125
-0.026030702516436577 -0.2781120836734772 0.04788884520530701
-0.14522774517536163 -0.26038482785224915 0.13096094131469727
-0.30205458402633667 -0.058960922062397 0.36371713876724243
-0.39941301941871643 0.007511928211897612 -0.03386012837290764
-0.08102113753557205 -0.27722272276878357 -0.23557375371456146
-0.04260995239019394 -0.30219319462776184 -0.35469502210617065
-0.1997898668050766 -0.07850215584039688 -0.214359849691391
-0.2070203274488449 -0.20692726969718933 -0.0017946329899132252
-0.25211381912231445 -0.24416379630565643 -0.07160294055938721
-0.17807316780090332 -0.16092637181282043 -0.07235247641801834
-0.10846585780382156 -0.30160123109817505 -0.20184651017189026
-0.03564690425992012 -0.11721749603748322 0.18413864076137543
0.026596395298838615 -0.2716543674468994 0.004724182188510895
-0.23795296251773834 -0.24857452511787415 0.007045102771371603
-0.17680954933166504 -0.05817398801445961 -0.057691074907779694
-0.10672985762357712 -0.14799316227436066 0.23150299489498138
-0.004276108928024769 -0.20414365828037262 -0.2666887938976288
-0.07388673722743988 -0.25948530435562134 0.15311923623085022
0.02015129290521145 -0.18021221458911896 0.11728820204734802
-0.0012908908538520336 -0.17172649502754211 -0.1737223118543625
-0.09243880957365036 -0.2835901975631714 -0.052238352596759796
-0.3037395179271698 -0.19465219974517822 0.139756441116333
-0.17182131111621857 0.020811164751648903 0.3467511534690857
0.03495781496167183 -0.2864963710308075 -0.3693077266216278
-0.2763861119747162 -0.1500740647315979 0.16205695271492004
0.04882533475756645 -0.0823264867067337 0.20466996729373932
-0.08733274787664413 -0.25989750027656555 -0.10575862228870392
-0.09709184616804123 -0.02746494859457016 -0.15165717899799347
-0.08960342407226562 -0.17867977917194366 0.1591736078262329
-0.00892009399831295 -0.1848103255033493 -0.2103612720966339
-0.06911278516054153 -0.21820466220378876 0.34997305274009705
-0.056729357689619064 -0.22553028166294098 -0.07579919695854187
-0.13064336776733398 -0.314380943775177 -0.05255673825740814
-0.34464290738105774 0.01206882856786251 -0.22830860316753387
-0.1546405404806137 -0.05912717804312706 0.011458192020654678
-0.4534981846809387 -0.059063952416181564 0.09214160591363907
-0.20108875632286072 -0.2285931408405304 0.2152857482433319
0.07498902082443237 -0.27560847997665405 -0.125656396150589
-0.184910848736763 -0.2572179436683655 0.11750686168670654
-0.2929895222187042 -0.10370833426713943 0.23319828510284424
-0.10015908628702164 -0.13555701076984406 0.15142405033111572
-0.2690465450286865 -0.15677514672279358 0.05354788526892662
-0.05071047693490982 -0.0995347872376442 0.12659241259098053
-0.009591178968548775 -0.2340000718832016 0.24158146977424622
0.04440656304359436 -0.2580694556236267 -0.24411188066005707
0.01961417868733406 -0.24071277678012848 -0.41739970445632935
-0.00519862724468112 -0.16111920773983002 0.11654622107744217
-0.2959343492984772 -0.0799495130777359 -0.035626232624053955
-0.05545581504702568 0.34868913888931274 0.3081784248352051
0.14401641488075256 -0.20004278421401978 0.10576123744249344
-0.07197532057762146 -0.19773277640342712 0.10171760618686676
-0.2130448967218399 -0.2344532608985901 0.049278754740953445
0.0037491153925657272 -0.15835095942020416 -0.12215430289506912
-0.273685485124588 -0.12160899490118027 0.22453296184539795
-0.09740839898586273 -0.22757479548454285 0.044684410095214844
-0.3167739510536194 -0.24140332639217377 0.07276896387338638
-0.23536545038223267 -0.12708580493927002 0.1205245703458786
-0.15506058931350708 -0.0633922815322876 -0.2346675544977188
-0.33406922221183777 0.16177435219287872 0.06809676438570023
-0.23692165315151215 0.018262863159179688 0.5684990286827087
0.06746555119752884 -0.26289838552474976 0.00943663064390421
-0.3103310465812683 -0.2651408612728119 -0.06869152188301086
-0.040372561663389206 -0.26220864057540894 -0.060141924768686295
-0.2093668133020401 -0.24762451648712158 0.14335167407989502
-0.11967431753873825 -0.24880215525627136 -0.015532422810792923
-0.18946431577205658 -0.29218417406082153 0.14593090116977692
-0.28315016627311707 -0.22159305214881897 0.08534709364175797
-0.1267225295305252 -0.18572251498699188 -0.19252623617649078
-0.2407560497522354 -0.21330901980400085 0.1623108834028244
-0.304956316947937 0.1152612715959549 -0.161749467253685
-0.20625810325145721 -0.2358580231666565 -0.05688050761818886
-0.09850167483091354 -0.2823059558868408 -0.21723787486553192
-0.22650353610515594 0.123581163585186 0.5648962259292603
-0.049370504915714264 -0.15774691104888916 -0.07769793272018433
-0.0474160835146904 -0.08903172612190247 0.14416225254535675
-0.006228660233318806 -0.2389124035835266 -0.16442832350730896
-0.03182877227663994 -0.3118499219417572 0.018673615530133247
-0.1534833312034607 -0.20901036262512207 -0.07471142709255219
-0.17574737966060638 -0.005728199612349272 0.11607197672128677
-0.11357740312814713 -0.19969606399536133 0.29142409563064575
0.01788979209959507 0.11321971565485 0.49639829993247986
-0.25051450729370117 -0.22348178923130035 0.2191876918077469
-0.3541644811630249 -0.29809823632240295 -0.28177395462989807
-0.04240107908844948 -0.26017433404922485 -0.035819701850414276
-0.08499523252248764 -0.24825921654701233 0.05990215763449669
-0.3265022039413452 -0.08908942341804504 -0.02858990989625454
-0.1565791517496109 -0.12444395571947098 0.09795977175235748
-0.023031732067465782 -0.22121818363666534 -0.20151551067829132
0.0015903273597359657 -0.060590844601392746 0.25773829221725464
-0.12628501653671265 -0.24825595319271088 0.25089943408966064
-0.19095487892627716 -0.3154076933860779 -0.2769642472267151
-0.09938711673021317 0.062045589089393616 0.1153310239315033
-0.17326852679252625 -0.25114917755126953 0.1283455342054367
-0.14609263837337494 -0.11509546637535095 0.35136187076568604
0.03777991607785225 -0.05793478339910507 0.09866813570261002
-0.02649867534637451 -0.0072138612158596516 0.1235073059797287
-0.2553803622722626 -0.29202035069465637 0.017483459785580635
-0.04222054034471512 0.1921277642250061 0.02447475679218769
-0.1568281203508377 -0.21534796059131622 0.03712616488337517
-0.08923810720443726 -0.10214288532733917 0.08453712612390518
0.0114212054759264 0.094022236764431 0.18727560341358185
-0.03764094412326813 -0.2851306200027466 -0.0211473535746336
-0.0762321799993515 -0.18932756781578064 0.15861688554286957
-0.1111229881644249 -0.021797537803649902 0.04258209094405174
-0.1775539219379425 -0.3854292929172516 0.3680994212627411
0.011303192004561424 -0.278493195772171 0.12029660493135452
-0.1564507931470871 -0.24590946733951569 0.1483130156993866
-0.23741266131401062 -0.291492223739624 0.1258178949356079
-0.02845904976129532 -0.2749522626399994 -0.3863612115383148
0.18524213135242462 -0.14153096079826355 -0.3389814496040344
-0.036852430552244186 -0.2614210844039917 0.02036551758646965
-0.06374841183423996 -0.26221996545791626 -0.19395552575588226
-0.2738010883331299 -0.23107579350471497 0.17765606939792633
-0.06572151929140091 -0.24303236603736877 -0.00022734422236680984
-0.20929725468158722 -0.199772447347641 -0.009475171566009521
-0.13002105057239532 -0.20232588052749634 0.12720873951911926
-0.04588216170668602 -0.3375089466571808 -0.2144576460123062
-0.08221020549535751 -0.0558428093791008 0.012166408821940422
-0.2845707833766937 -0.08902990072965622 0.21605321764945984
-0.30316805839538574 -0.15500034391880035 0.14662769436836243
-0.10620982199907303 -0.1587865650653839 -0.1363251954317093
-0.06037777289748192 -0.2777368426322937 -0.2490113079547882
0.1559169888496399 -0.2012176662683487 0.02544301189482212
0.20356345176696777 -0.18561242520809174 -0.06480862945318222
0.000984323676675558 -0.16955822706222534 -0.009335454553365707
-0.42421016097068787 -0.16732843220233917 -0.0404311865568161
0.03831862658262253 0.07853208482265472 -0.1425532102584839
-0.10316836088895798 -0.0731009766459465 -0.4446248710155487
-0.05799829959869385 -0.10813431441783905 0.08724460750818253
-0.350004106760025 -0.13860611617565155 -0.008311908692121506
-0.31246417760849 0.0705694779753685 0.4609779715538025
-0.16841448843479156 -0.25682491064071655 0.04569045081734657
-0.1493760347366333 -0.31601202487945557 0.015111448243260384
-0.24475552141666412 -0.28518545627593994 -0.07424052059650421
-0.2033156454563141 -0.20208419859409332 0.070688396692276
-0.2976437509059906 0.09235214442014694 0.26344773173332214
-0.1071033701300621 -0.2467111200094223 -0.015058312565088272
-0.3435947299003601 -0.15889117121696472 0.0988888218998909
0.024402819573879242 -0.23672066628932953 -0.049069974571466446
-0.18825887143611908 -0.1525297611951828 0.2707441449165344
-0.20032334327697754 -0.275291383266449 -0.471223920583725
-0.0932985171675682 -0.20707818865776062 0.13434098660945892
0.009902620688080788 -0.04893546923995018 -0.19405019283294678
-0.2105475217103958 -0.2410409301519394 0.16262567043304443
-0.026392588391900063 -0.2576768100261688 -0.01255863532423973
-0.21503885090351105 -0.07514825463294983 -0.004301012028008699
-0.2184748351573944 -0.23375195264816284 -0.23137758672237396
0.08637025207281113 0.01117585226893425 0.0567145049571991
0.029198799282312393 0.3460671007633209 0.47279006242752075
0.15904664993286133 -0.023403603583574295 0.13299797475337982
-0.0537535585463047 -0.059238649904727936 0.26316529512405396
-0.2445605844259262 0.09637508541345596 0.15037713944911957
0.01339525356888771 -0.20895040035247803 0.10393460839986801
0.0686412900686264 -0.05599856376647949 -0.013315560296177864
-0.1549074798822403 -0.1660783886909485 0.11273737251758575
-0.1542750746011734 -0.06407017260789871 -0.05295005813241005
-0.17465132474899292 0.06711003929376602 0.31276068091392517
-0.12671154737472534 -0.2579707205295563 0.006491524633020163
-0.10661368817090988 -0.14096179604530334 -0.006908897776156664
0.08122114837169647 -0.11010364443063736 -0.16752786934375763
-0.16627609729766846 -0.25418397784233093 0.031498491764068604
-0.22795212268829346 -0.23257304728031158 0.10573965311050415
-0.06288965046405792 -0.24967288970947266 0.16057957708835602
-0.17499278485774994 0.12341142445802689 0.599952220916748
-0.04581112787127495 -0.2633226215839386 -0.12727025151252747
-0.11182677000761032 -0.2602633535861969 0.050193168222904205
-0.17156703770160675 -0.09087755531072617 -0.034524105489254
-0.15229037404060364 -0.3517109155654907 0.16305646300315857
-0.2632768452167511 0.010725826025009155 0.31547436118125916
-0.09270698577165604 -0.5330248475074768 -0.007770737167447805
0.06518939137458801 -0.09624197334051132 -0.03564602509140968
-0.09979773312807083 -0.35736972093582153 -0.051680877804756165
-0.42768776416778564 0.1297336369752884 0.18463122844696045
0.0491362065076828 -0.24919140338897705 -0.15944170951843262
0.07751064002513885 -0.23818591237068176 -0.1209409311413765
-0.07993676513433456 -0.09300069510936737 0.10228806734085083
-0.019701099023222923 -0.2293396145105362 0.1118825152516365
-0.1558729112148285 -0.28673797845840454 -0.147809699177742
-0.009991377592086792 -0.14994850754737854 -0.1359732449054718
-0.1536657065153122 -0.2519560754299164 -0.24989080429077148
-0.2591285705566406 -0.4205813705921173 0.24643410742282867
-0.07823341339826584 -0.2545972466468811 0.14464840292930603
-0.1183018684387207 -0.05704580247402191 0.2610592544078827
-0.1736486256122589 0.14449383318424225 0.43060705065727234
-0.08882084488868713 -0.1487436592578888 -0.017693014815449715
-0.16561450064182281 -0.2217704951763153 -0.19792236387729645
-0.12570546567440033 -0.2583254873752594 0.03282114118337631
-0.2463621199131012 -0.18818441033363342 0.21727409958839417
-0.30301910638809204 -0.12777477502822876 0.1595410257577896
-0.26695510745048523 -0.24553360044956207 0.18100792169570923
-0.2649899125099182 -0.16549207270145416 -0.06694766134023666
-0.14438115060329437 -0.10716456174850464 0.07742174714803696
-0.1056881919503212 -0.018392616882920265 0.3959053158760071
0.03633681312203407 0.2425203174352646 0.3887906074523926
-0.22818496823310852 -0.4156900644302368 0.28626659512519836
-0.09284927695989609 -0.16723015904426575 0.08422809094190598
-0.19361448287963867 -0.2883620858192444 -0.12596841156482697
0.016434814780950546 -0.1921822726726532 -0.08383483439683914
0.1406998336315155 -0.003779345192015171 0.06826712936162949
-0.15424507856369019 -0.30975106358528137 -0.08608776330947876
-0.0655289739370346 -0.22085000574588776 0.11264114826917648
0.054573915898799896 -0.2806253433227539 -0.2574295699596405
-0.10513906180858612 -0.16567495465278625 0.26468366384506226
-0.20048031210899353 -0.24667702615261078 -0.24937298893928528
-0.05599130690097809 -0.14589260518550873 0.01054561696946621
0.11891940981149673 -0.218681201338768 -0.3174862563610077
-0.20983242988586426 -0.35927000641822815 0.19453050196170807
-0.23090645670890808 -0.019269805401563644 0.499973863363266
0.0854572281241417 -0.24037422239780426 -0.1789042055606842
-0.33123117685317993 -0.10938188433647156 0.3047076165676117
0.00928367581218481 -0.09826616197824478 0.03525753691792488
-0.10912353545427322 -0.17383821308612823 0.2128971815109253
-0.38083311915397644 -0.21998581290245056 0.25965389609336853
-0.31594017148017883 0.02642877586185932 -0.10635115206241608
-0.1521778553724289 -0.039689648896455765 -0.16951246559619904
-0.2258835732936859 -0.15179161727428436 -0.0716242790222168
0.008695743978023529 -0.11166234314441681 0.07744337618350983
-0.14153234660625458 -0.33256539702415466 0.23312760889530182
0.10179384052753448 -0.2508312463760376 -0.13706617057323456
0.15637348592281342 -0.20643013715744019 0.20580299198627472
-0.15109676122665405 -0.3252262473106384 0.09068779647350311
-0.090212881565094 -0.22086261212825775 0.2691904902458191
0.017511574551463127 -0.3656286895275116 -0.5197341442108154
-0.017720650881528854 -0.20850199460983276 0.07304329425096512
-0.18038639426231384 -0.3731825351715088 0.2060776650905609
-0.070660300552845 -0.21899770200252533 -0.11147453635931015
-0.04903244972229004 -0.015573067590594292 0.3249843120574951
0.0688476487994194 -0.10621325671672821 0.11850007623434067
-0.22827447950839996 -0.24560761451721191 0.08721346408128738
-0.09476347267627716 -0.26158252358436584 -0.012386670336127281
-0.09800335764884949 -0.10385449975728989 0.5057158470153809
-0.15159286558628082 -0.18356812000274658 -0.07716266065835953
-0.136811763048172 0.01859327033162117 0.30372241139411926
0.06229701638221741 -0.05619330331683159 0.1390453279018402
0.004700460471212864 -0.0696694552898407 -0.2131214439868927
-0.336511492729187 -0.10202279686927795 0.0702580064535141
-0.39069005846977234 -0.13007819652557373 0.2827604413032532
-0.24719446897506714 -0.311103880405426 0.0738440528512001
-0.14931605756282806 -0.056028272956609726 0.27842649817466736
0.0669226199388504 -0.27075475454330444 0.004298743791878223
0.006856994703412056 -0.2126656174659729 -0.12785182893276215
-0.19133703410625458 -0.2708999812602997 -0.04986036568880081
-0.20667605102062225 -0.26232293248176575 -0.07912752032279968
9.337416850030422e-05 -0.34777364134788513 -0.32315734028816223
-0.04274139180779457 -0.2547554671764374 0.07906629890203476
0.001406958675943315 -0.17391422390937805 -0.10290562361478806
-0.2994288206100464 -0.3491845726966858 0.1860593855381012
-0.11496391892433167 -0.09466924518346786 0.2542765736579895
-0.02138964645564556 -0.2374124974012375 -0.11605830490589142
0.0963897556066513 -0.2100638896226883 0.04863948002457619
-0.409776508808136 -0.005925183650106192 0.040302928537130356
-0.22651800513267517 -0.11819998919963837 -0.3053349256515503
-0.20500580966472626 -0.2313794493675232 -0.0018181565683335066
-0.24448731541633606 -0.1351330429315567 0.1970672309398651
-0.4286668002605438 -0.08895428478717804 -0.09488420933485031
-0.10609954595565796 -0.26001662015914917 -0.3792724609375
0.0210274588316679 -0.1927817165851593 0.22169286012649536
0.0003802889259532094 -0.007886180654168129 0.005958552937954664
-0.1630450189113617 -0.21075424551963806 0.07789409160614014
-0.11746431887149811 -0.21375447511672974 -0.5100060701370239
-0.04956439137458801 -0.26275137066841125 -0.2486664354801178
-0.20370794832706451 -0.2589694857597351 0.07896564900875092
-0.09018979966640472 0.05769142135977745 0.3999747335910797
-0.16077210009098053 0.01838722452521324 0.09929919242858887
-0.06004812568426132 0.048752784729003906 0.13952572643756866
-0.35401877760887146 -0.11990827322006226 0.2331877052783966
-0.21135784685611725 0.021405184641480446 -0.009032845497131348
-0.21044035255908966 -0.27185994386672974 0.12359210103750229
-0.13699586689472198 -0.2026098221540451 -0.03147279843688011
-0.12647105753421783 -0.2669244706630707 -0.16928161680698395
-0.13458989560604095 -0.4366720914840698 -0.41072922945022583
-0.2816457450389862 -0.3080065846443176 0.10074814409017563
-0.20641779899597168 -0.2601146697998047 0.3389471471309662
0.03482704982161522 -0.17925314605236053 -0.2231307178735733
-0.13964451849460602 -0.24053849279880524 0.08307886123657227
-0.07885217666625977 -0.25946328043937683 0.2175096720457077
-0.06678089499473572 -0.219376340508461 0.16840672492980957
-0.1482020616531372 -0.14313934743404388 0.13106365501880646
-0.09929671138525009 -0.2442503124475479 0.06085517257452011
-0.21876764297485352 -0.004965634550899267 -0.03260107710957527
0.028476299718022346 -0.22713027894496918 -0.033733855932950974
0.032037463039159775 -0.23012422025203705 0.019503658637404442
-0.15498566627502441 -0.19939236342906952 0.32372236251831055
-0.1953834593296051 -0.03008686564862728 -0.290863573551178
-0.039032768458127975 -0.19883328676223755 0.015140794217586517
-0.0616585835814476 -0.23990030586719513 -0.02540869452059269
-0.09520423412322998 -0.26438048481941223 0.1695805937051773
-0.010173141956329346 -0.09780895709991455 0.21027185022830963
-0.12541083991527557 -0.35463187098503113 0.2922484874725342
0.0514681413769722 -0.6757382750511169 -0.6644624471664429
0.0017640627920627594 -0.1343911737203598 0.028577057644724846
-0.22889678180217743 -0.2730179727077484 0.267071932554245
0.005745593924075365 -0.2667633593082428 0.001284717582166195
-0.31277337670326233 -0.3010108470916748 0.006021376699209213
-0.43878859281539917 -0.28081244230270386 0.06611950695514679
-0.17618924379348755 -0.13979466259479523 -0.1608104258775711
-0.17988882958889008 -0.16482727229595184 -0.28219375014305115
-0.0726422667503357 -0.27642112970352173 0.03714105859398842
0.12762510776519775 -0.17752370238304138 -0.11956316977739334
-0.17633795738220215 -0.17679572105407715 -0.04697951674461365
0.015450706705451012 -0.25601524114608765 -0.07817142456769943
0.13252198696136475 -0.4533728063106537 -0.38110604882240295
-0.312833309173584 -0.2673366069793701 -0.023742137476801872
-0.04648769274353981 -0.07840460538864136 0.16060508787631989
0.06081249564886093 -0.3110520541667938 -0.3199629485607147
0.05622196942567825 -0.16165733337402344 -0.11728798598051071
0.027156727388501167 -0.3131945729255676 -0.3876366913318634
-0.26113608479499817 -0.05564214289188385 -0.035824112594127655
-0.10717838257551193 -0.47594159841537476 -0.4339568316936493
-0.305005818605423 -0.12975221872329712 0.06783843040466309
-0.16016674041748047 -0.15782985091209412 -0.04657133296132088
-0.06063106656074524 -0.170027956366539 -0.23797725141048431
-0.06866201758384705 -0.16205723583698273 0.3176679313182831
-0.03947516530752182 -0.24154795706272125 0.1087319478392601
-0.14056448638439178 -0.007538976613432169 -0.07045622169971466
-0.3090829849243164 -0.22794675827026367 0.04053104668855667
0.1283564269542694 -0.18127739429473877 -0.05881331488490105
-0.21540850400924683 -0.06132941320538521 -0.005772803910076618
-0.11013821512460709 0.013262668624520302 0.35404694080352783
0.03569679707288742 0.139995276927948 0.5961489677429199
-0.1668328493833542 -0.07322939485311508 -0.03887862712144852
-0.2085396945476532 -0.09005770087242126 0.005986916366964579
-0.1777418851852417 -0.249120831489563 0.13893084228038788
-0.09933558106422424 -0.10196860879659653 0.001398666761815548
-0.07501746714115143 -0.07462462782859802 -0.2500899136066437
-0.17707735300064087 -0.17947141826152802 0.35852035880088806
0.00759334210306406 -0.22961099445819855 0.15414530038833618
-0.11473221331834793 -0.13540513813495636 -0.10571061819791794
0.06787503510713577 -0.5071346163749695 -0.08987702429294586
-0.35778114199638367 -0.26011890172958374 0.131484255194664
0.07714627683162689 -0.2375895380973816 -0.18096178770065308
-0.11460134387016296 -0.26562872529029846 -0.00028359051793813705
-0.06741894036531448 -0.060010094195604324 0.35237669944763184
-0.2521493434906006 -0.2770572304725647 0.3833751678466797
-0.12389659136533737 -0.19257676601409912 -0.03201097995042801
-0.08318369090557098 -0.12933236360549927 -0.019805584102869034
-0.09795711934566498 -0.21948175132274628 0.05370938405394554
-0.07582064718008041 0.19788241386413574 0.04675978422164917
-0.0737210214138031 -0.2185184508562088 0.15102393925189972
-0.10337341576814651 -0.23299501836299896 0.09275335818529129
-0.14452046155929565 0.05890103429555893 0.38085708022117615
-0.03239647299051285 0.2182508260011673 -0.03509266674518585
-0.2622598111629486 -0.2271503508090973 0.09268440306186676
-0.18508769571781158 -0.2565138339996338 0.1694520264863968
-0.05616100877523422 -0.32827362418174744 -0.0462944470345974
0.05384985730051994 -0.13592642545700073 -0.06146279349923134
-0.23026974499225616 0.18197965621948242 0.2541221082210541
0.015378551557660103 -0.06184140965342522 0.20958846807479858
-0.10520099848508835 -0.27296823263168335 -0.03791019320487976
-0.24640879034996033 -0.15317147970199585 -0.20845168828964233
-0.13751032948493958 -0.24052636325359344 0.2000204473733902
-0.18765369057655334 -0.31571924686431885 0.02973303385078907
-0.10180456936359406 -0.07800215482711792 0.33412376046180725
-0.20394489169120789 -0.0322360023856163 -0.03917382284998894
-0.0815783366560936 -0.23639990389347076 0.06529747694730759
-0.1376444548368454 -0.2529803514480591 0.2752649188041687
-0.11431948840618134 -0.19854766130447388 -0.14080928266048431
-0.17366494238376617 -0.23694488406181335 0.02728002332150936
-0.27482980489730835 -0.0952482670545578 0.08126343786716461
0.0004400373436510563 -0.32082876563072205 -0.39033377170562744
-0.11012118309736252 -0.10560104995965958 0.02887442335486412
-0.08071975409984589 -0.04435078427195549 0.36464229226112366
-0.11498694121837616 -0.34646543860435486 -0.4533349573612213
0.003882159013301134 -0.05420016869902611 -0.25952592492103577
-0.09369601309299469 -0.10397734493017197 -0.18373063206672668
-0.14281225204467773 -0.25672146677970886 -0.038957782089710236
-0.12426405400037766 0.08697474002838135 0.07108566164970398
-0.05029943212866783 0.04816320911049843 -0.3893066644668579
0.009054344147443771 -0.3293093144893646 -0.34116601943969727
-0.03320608660578728 0.003736533224582672 -0.31033772230148315
-0.2324390411376953 -0.24594181776046753 0.15551841259002686
0.0022031981498003006 -0.2560558021068573 0.11492542922496796
-0.16032633185386658 -0.1700989156961441 -0.10325852036476135
-0.1685958206653595 -0.23105429112911224 -0.056699082255363464
-0.025017917156219482 -0.21132215857505798 0.27111178636550903
-0.35621577501296997 0.008580226451158524 -0.09271305054426193
-0.13027234375476837 -0.1516616940498352 -0.06787540018558502
-0.6432338356971741 0.11292149871587753 -0.20666958391666412
-0.39278557896614075 -0.24845890700817108 0.10654139518737793
-0.43460384011268616 -0.041257843375205994 0.32774344086647034
-0.12651613354682922 -0.2748401463031769 0.20542889833450317
-0.06407333165407181 0.01410958357155323 0.11483148485422134
-0.2349233776330948 0.09951045364141464 -0.15407302975654602
0.03815540298819542 0.07732000946998596 -0.1036335825920105
-0.14705610275268555 -0.14581288397312164 0.40843671560287476
-0.23342163860797882 -0.21697357296943665 0.19869469106197357
-0.16581042110919952 -0.24100662767887115 -0.24917995929718018
-0.21691089868545532 -0.24498726427555084 -0.22553634643554688
0.16251099109649658 -0.39262694120407104 -0.052997030317783356
-0.07287319004535675 -0.28540176153182983 0.004071710165590048
-0.09019911289215088 -0.20847448706626892 0.1694856584072113
-0.2804924547672272 -0.08664213865995407 0.1584610939025879
-0.03192465752363205 -0.2843771278858185 -0.0654960498213768
-0.20995928347110748 -0.13489282131195068 0.300638884305954
-0.16870763897895813 -0.30134230852127075 0.3419336974620819
-0.18963821232318878 -0.16592644155025482 -0.1086331158876419
-0.29841241240501404 -0.053337857127189636 0.0918211117386818
-0.1683317869901657 -0.07628099620342255 -0.08838432282209396
-0.013034723699092865 -0.2702849805355072 -0.2730000615119934
0.018354400992393494 -0.35287731885910034 -0.35600516200065613
-0.10006266832351685 -0.30054762959480286 -0.10869183391332626
-0.086028091609478 -0.28582561016082764 -0.16713428497314453
-0.1911536008119583 -0.2602179944515228 0.16500498354434967
-0.07318328320980072 -0.0132901631295681 -0.16260294616222382
-0.05726471543312073 -0.28247901797294617 0.21606174111366272
-0.10913347452878952 -0.6633766293525696 -0.3551796078681946
-0.006098810583353043 -0.16295477747917175 0.01177893579006195
-0.07198663800954819 -0.05277387797832489 0.4930354654788971
-0.0735635831952095 -0.2619096338748932 -0.13276296854019165
-0.3270851969718933 -0.18590949475765228 0.027441050857305527
0.14492680132389069 -0.28596270084381104 -0.35217350721359253
-0.27763351798057556 0.013979623094201088 0.3459315299987793
-0.02412233129143715 -0.21397073566913605 -0.07678062468767166
-0.23636940121650696 -0.2672693729400635 0.42484578490257263
-0.1454528570175171 -0.30478692054748535 -0.09031743556261063
-0.3137128949165344 -0.19804245233535767 0.25924813747406006
-0.11849558353424072 -0.23326508700847626 0.04068553075194359
-0.03928971663117409 -0.23119981586933136 -0.17958585917949677
-0.025560608133673668 -0.1418430507183075 -0.016613850370049477
-0.006051510572433472 -0.2088807225227356 -0.2462378889322281
-0.08592642843723297 -0.3347100019454956 0.4427317678928375
-0.012835199013352394 -0.299747109413147 -0.0781640112400055
-0.06123196333646774 -0.2012706995010376 0.09250935167074203
0.016424817964434624 -0.3851153254508972 0.1735311895608902
0.017009321600198746 -0.040099527686834335 -0.057603321969509125
-0.09789565205574036 -0.13521434366703033 0.013902686536312103
-0.0006579849869012833 -0.04757148399949074 -0.0033034151419997215
-0.011699512600898743 -0.27000921964645386 -0.15389838814735413
-0.07222473621368408 -0.31599926948547363 0.0028658751398324966
-0.005762030370533466 -0.2877610921859741 0.03257964178919792
-0.26816892623901367 -0.08962899446487427 0.16885100305080414
-0.028063461184501648 -0.2472066879272461 -0.021339451894164085
-0.08277175575494766 -0.17729505896568298 0.2272975891828537
0.057868823409080505 -0.25603705644607544 0.06604456156492233
-0.245212122797966 -0.03570182994008064 0.11517024785280228
0.19411364197731018 -0.24475832283496857 0.002903042361140251
-0.1594121754169464 -0.2184905856847763 0.20740345120429993
-0.08647247403860092 -0.050852254033088684 -0.36243563890457153
-0.2017827183008194 -0.2449568659067154 -0.10364139825105667
-0.12353188544511795 -0.16912208497524261 0.031473319977521896
-0.21611957252025604 -0.32404825091362 -0.31580954790115356
-0.10043153166770935 -0.3063546419143677 -0.3066469728946686
-0.28444376587867737 -0.2188979536294937 -0.15857839584350586
-0.04192587360739708 -0.29046690464019775 0.08510416001081467
-0.3612559139728546 -0.021608730778098106 0.027584269642829895
-0.005562071222811937 -0.23698949813842773 -0.09991824626922607
-0.09787324070930481 -0.15797708928585052 0.250703364610672
-0.12880803644657135 -0.09734644740819931 0.17008374631404877
-0.0014973664656281471 -0.0475582554936409 0.1240164265036583
-0.5694796442985535 -0.24200591444969177 -0.025740092620253563
-0.03586684167385101 -0.17031389474868774 0.1492525190114975
-0.31539151072502136 -0.16146574914455414 0.24586711823940277
-0.11343539506196976 -0.22114238142967224 0.09093868732452393
0.10724510997533798 -0.1496727615594864 0.1167951375246048
-0.14065861701965332 -0.2113918960094452 0.08572564274072647
0.04468109831213951 -0.2381293922662735 0.003551473608240485
0.09716454148292542 -0.19040082395076752 0.34743359684944153
-0.4450688064098358 -0.22341640293598175 -0.36093035340309143
0.21090111136436462 0.07124433666467667 -0.23804695904254913
0.01829458959400654 -0.2556256949901581 -0.17542412877082825
-0.28522440791130066 -0.004502789583057165 0.16600582003593445
0.05815049260854721 -0.2817961275577545 -0.24702100455760956
0.14623282849788666 0.23681031167507172 0.04402764514088631
-0.036427147686481476 -0.3528622090816498 -0.46324342489242554
-0.384416788816452 0.0057218954898417 -0.27801090478897095
-0.13999857008457184 -0.33615198731422424 -0.0263440553098917
-0.07527368515729904 -0.2626090943813324 0.01728479564189911
-0.05391024425625801 -0.2743419408798218 -0.06517314165830612
-0.0665285512804985 0.017956048250198364 0.0046680523082613945
0.06347272545099258 -0.06907868385314941 -0.08814837783575058
-0.186887726187706 0.037612184882164 -0.06999953836202621
-0.12192383408546448 -0.2447979897260666 0.021833300590515137
-0.1630740761756897 -0.2127939909696579 -0.020702937617897987
-0.23741471767425537 0.04793733358383179 -0.23177871108055115
-0.20471611618995667 -0.20955875515937805 0.302587628364563
-0.19692356884479523 -0.08542955666780472 -0.22762422263622284
-0.2086615264415741 -0.2538135051727295 -0.07806321233510971
-0.08598463237285614 -0.35319527983665466 -0.40894395112991333
-0.29132094979286194 -0.20508670806884766 -0.024964096024632454
-0.2220848947763443 -0.25583967566490173 0.1456533521413803
0.12444115430116653 -0.17205600440502167 -0.16386356949806213
-0.11818549782037735 -0.17147499322891235 0.25791439414024353
0.05855943635106087 -0.1469520479440689 0.2953914999961853
-0.11330393701791763 -0.3451039493083954 0.16976681351661682
-0.1365131139755249 -0.20705027878284454 0.15403911471366882
0.1600806564092636 -0.25164154171943665 -0.2923184633255005
-0.16656361520290375 -0.2667068839073181 -0.07530545443296432
-0.1300201714038849 -0.28572148084640503 0.09578309953212738
-0.23730827867984772 -0.2736830711364746 0.031343139708042145
-0.011783361434936523 -0.24964666366577148 -0.07131089270114899
-0.11856929957866669 -0.16645777225494385 0.21458381414413452
0.05414979159832001 0.05066503584384918 0.11078883707523346
-0.03105194866657257 -0.07077888399362564 0.25343093276023865
0.09854539483785629 -0.3096247613430023 0.033243317157030106
-0.19236519932746887 -0.21025192737579346 0.08700418472290039
-0.36841586232185364 -0.16327257454395294 0.24724024534225464
0.24947203695774078 -0.283130407333374 -0.47720566391944885
-0.157296821475029 -0.2279747873544693 -0.20758073031902313
-0.2053861916065216 -0.23280450701713562 0.19550363719463348
-0.2413817197084427 -0.29982298612594604 -0.20074164867401123
-0.180636465549469 0.033946603536605835 0.2939072847366333
-0.2019762396812439 -0.2742210030555725 0.0542716421186924
0.13606752455234528 -0.2401055246591568 -0.17977197468280792
-0.09708446264266968 -0.12971334159374237 -0.09129245579242706
-0.3004690706729889 -0.26613354682922363 0.014067089185118675
-0.10766074061393738 -0.22999536991119385 -0.2477186918258667
-0.2429715245962143 0.09466727077960968 0.26094746589660645
-0.13437162339687347 0.062077704817056656 0.4261287748813629
-0.1376257687807083 -0.20458455383777618 -0.2657870650291443
-0.07941672950983047 -0.26401370763778687 0.13876038789749146
-0.09883182495832443 -0.003825737629085779 0.25009334087371826
0.039125848561525345 -0.24727226793766022 -0.06018362194299698
-0.252725750207901 -0.1636430025100708 -0.03408418595790863
-0.34206920862197876 0.3397180438041687 -0.053463779389858246
0.0009977247100323439 -0.2842756509780884 0.07429298013448715
-0.05935956910252571 -0.26271960139274597 0.01257127895951271
-0.0708436667919159 -0.15042603015899658 -0.034456685185432434
-0.3952111005783081 -0.014284562319517136 -0.0446152500808239
-0.04134506359696388 -0.16400635242462158 -0.05088647082448006
-0.17593172192573547 -0.06459105759859085 0.1845167577266693
-0.07491673529148102 -0.2843326926231384 -0.07786840200424194
-0.009970666840672493 -0.4660610556602478 -0.2281566709280014
-0.23147128522396088 -0.2606654465198517 -0.03349186107516289
-0.22758781909942627 -0.31205517053604126 -0.2982240617275238
0.08323942869901657 -0.10616448521614075 -0.04942833632230759
-0.19210012257099152 -0.22856491804122925 -0.12602990865707397
-0.10169175267219543 -0.2010798305273056 -0.017441140487790108
-0.15884067118167877 -0.22035007178783417 0.1532493680715561
-0.14577150344848633 -0.18773095309734344 0.1081044003367424
0.053323935717344284 -0.2607397437095642 -0.3062669634819031
-0.23623526096343994 -0.2889504134654999 -0.20218929648399353
-0.13402853906154633 -0.21184302866458893 0.4212431311607361
-0.1610521376132965 -0.12303411215543747 0.4612616300582886
-0.22554191946983337 -0.1259145438671112 0.28215542435646057
-0.05099667236208916 -0.1314447969198227 0.039675645530223846
-0.04250805079936981 -0.2649844288825989 0.11251331120729446
-0.15383677184581757 -0.3793676495552063 -0.4899185299873352
-0.10977616906166077 -0.26438233256340027 0.02480585128068924
-0.04883229359984398 -0.05721636489033699 -0.112824447453022
-0.0917888954281807 -0.21216340363025665 0.1621289700269699
-0.21953050792217255 -0.2252536565065384 0.3170431852340698
-0.1347038745880127 -0.26080796122550964 0.08316253870725632
-0.4004780352115631 0.20061388611793518 0.023300576955080032
0.02470293641090393 -0.18396182358264923 0.06688525527715683
-0.1475101113319397 -0.2680761218070984 -0.03463766351342201
-0.11721540242433548 -0.2470942884683609 -0.09867051988840103
-0.17780348658561707 -0.19928988814353943 0.3342239558696747
-0.34701618552207947 -0.37269875407218933 0.13951773941516876
-0.10979072749614716 -0.1571204960346222 -0.20619647204875946
-0.08962605148553848 -0.27435654401779175 -0.11938986927270889
-0.11308827996253967 -0.25170424580574036 0.04654145613312721
-0.13341212272644043 -0.09848145395517349 -0.18104468286037445
-0.16473975777626038 -0.21004727482795715 0.3102531135082245
-0.07090234011411667 -0.12990400195121765 0.03552478179335594
-0.07341458648443222 -0.19629892706871033 0.10010131448507309
-0.12722423672676086 -0.29799383878707886 -0.0449678935110569
-0.015760427340865135 -0.27877283096313477 -0.3449561297893524
-0.2908473014831543 -0.2439603954553604 0.24581477046012878
-0.2499801516532898 -0.25653526186943054 0.0670173391699791
-0.2357395440340042 0.04476861655712128 0.596215009689331
0.03477712348103523 -0.2328394204378128 -0.24623245000839233
-0.045860741287469864 -0.29979485273361206 -0.36385977268218994
-0.1329125612974167 -0.10735505074262619 0.04967683553695679
-0.14055967330932617 -0.2959005832672119 0.046254757791757584
-0.14174586534500122 -0.2845191955566406 0.07684431970119476
0.14985701441764832 -0.15901044011116028 -0.20279449224472046
-0.09323886781930923 -0.24787837266921997 -0.059002723544836044
-0.05210558697581291 -0.2387600541114807 0.05796321853995323
0.04322307929396629 -0.2573551833629608 -0.25153884291648865
-0.0862211361527443 -0.16998012363910675 0.25252848863601685
-0.16716879606246948 -0.053789831697940826 0.3600711226463318
-0.1599612981081009 -0.2624812722206116 -0.3033084273338318
-0.29769420623779297 -0.18410462141036987 0.006782122887670994
0.05461801961064339 -0.34073397517204285 0.19357316195964813
-0.2044694572687149 -0.1991911083459854 -0.08794061839580536
0.07721441984176636 -0.16440236568450928 -0.40997421741485596
-0.4572320282459259 0.3432858884334564 0.11542946845293045
-0.052430279552936554 -0.18298377096652985 0.07687093317508698
-0.16908162832260132 -0.13901779055595398 -0.14245255291461945
-0.10894788801670074 -0.12730036675930023 -0.08692004531621933
-0.2524092197418213 -0.19772538542747498 0.15187722444534302
-0.28742167353630066 -0.08293305337429047 0.491504430770874
-0.511076807975769 0.010291626676917076 -0.33313921093940735
-0.03541269153356552 -0.24247848987579346 -0.26717057824134827
0.11765950173139572 -0.19619975984096527 -0.19791650772094727
-0.028728041797876358 0.009823333472013474 0.2500247359275818
-0.16323159635066986 0.09216661751270294 0.3434608280658722
-0.03476113826036453 -0.18654663860797882 -0.09165957570075989
-0.21289536356925964 -0.30727943778038025 0.45693591237068176
-0.18339401483535767 -0.26072776317596436 -0.17337340116500854
-0.2359219342470169 -0.33818602561950684 0.3837694227695465
0.0356379933655262 -0.21725112199783325 -0.23558157682418823
-0.09351955354213715 -0.12148485332727432 0.1727302074432373
-0.23889951407909393 0.17427799105644226 0.26362258195877075
-0.019979363307356834 -0.27875468134880066 -0.2929201126098633
0.09234902262687683 -0.2933608591556549 -0.34554266929626465
-0.027383500710129738 -0.31714698672294617 -0.00022245722357183695
-0.10109648108482361 -0.2305174171924591 0.1901838332414627
-0.05081460624933243 -0.05834512040019035 -0.013904903084039688
-0.03230026736855507 -0.05814960226416588 0.0019068036926910281
-0.1553606390953064 -0.0627460703253746 -0.20032088458538055
-0.21439801156520844 -0.3269961476325989 0.1059848964214325
-0.10765333473682404 -0.14867953956127167 -0.11889085918664932
-0.15978257358074188 -0.2341526299715042 0.2130168378353119
-0.09342406690120697 -0.23871812224388123 -0.15089617669582367
-0.157309889793396 -0.29971033334732056 -0.014399221166968346
-0.4290545880794525 -0.14292745292186737 0.06162743642926216
-0.19058622419834137 -0.16888396441936493 0.24120938777923584
-0.08448724448680878 -0.13191582262516022 0.20886975526809692
-0.11414580792188644 -0.2233385443687439 0.05981483310461044
-0.2879999279975891 -0.1519944816827774 0.2354823648929596
-0.06757774949073792 -0.3544587194919586 -0.4893697500228882
-0.25505438446998596 -0.33467110991477966 0.18218277394771576
-0.20909832417964935 0.20684371888637543 -0.05238805711269379
-0.24382467567920685 -0.19654659926891327 0.16430523991584778
0.06397411227226257 -0.2304120808839798 -0.5176884531974792
-0.009494664147496223 -0.04241596907377243 0.1286468654870987
-0.014526216313242912 -0.23478050529956818 -0.1895531713962555
0.05017288401722908 0.08882404118776321 0.174692764878273
-0.1398843228816986 -0.22043198347091675 -0.18996214866638184
-0.14825224876403809 -0.3312067687511444 0.25110703706741333
-0.2439143806695938 0.009857509285211563 0.3032064437866211
-0.11355632543563843 -0.264986127614975 -0.04830598831176758
-0.03404703736305237 0.03417695686221123 0.6037179231643677
-0.33680397272109985 -0.27961209416389465 0.24709859490394592
-0.144786536693573 -0.2256505787372589 0.244395911693573
-0.11992872506380081 -0.3178470730781555 -0.158134326338768
-0.027157604694366455 -0.2360813468694687 -0.25719723105430603
0.007838686928153038 -0.5091090798377991 -0.33254125714302063
-0.0944092720746994 -0.026730934157967567 0.1517731100320816
-0.21254034340381622 -0.1872100532054901 -0.02138800173997879
-0.058532390743494034 -0.060996826738119125 -0.01094641350209713
-0.2265986204147339 -0.13187384605407715 -0.10704359412193298
-0.22876164317131042 0.0540451742708683 -0.3312123417854309
-0.1105162501335144 0.061848606914281845 0.03810559958219528
-0.19222037494182587 -0.12022367864847183 0.012420643121004105
-0.1484914869070053 -0.25482556223869324 -0.2479756474494934
-0.08666393160820007 0.08595611155033112 0.5837928652763367
-0.11430057883262634 -0.27933409810066223 0.09528736770153046
-0.11459614336490631 0.24080462753772736 0.18870015442371368
-0.10349706560373306 -0.1464354246854782 0.20417079329490662
-0.022647438570857048 -0.11487466841936111 -0.21697355806827545
-0.20060838758945465 0.13960346579551697 -0.12339875847101212
-0.16516198217868805 -0.2906303405761719 0.06007736921310425
-0.22208715975284576 -0.21184322237968445 -0.045060865581035614
-0.08511495590209961 -0.21735204756259918 -0.07605357468128204
0.010063337162137032 0.03008715994656086 0.32562199234962463
-0.11149567365646362 -0.26766836643218994 0.08469179272651672
-0.20682953298091888 -0.11094625294208527 0.11461962759494781
-0.17565985023975372 -0.18529996275901794 -0.09889989346265793
-0.017535189166665077 -0.2280861884355545 0.030680855736136436
-0.04073084890842438 -0.09569627791643143 -0.10247083753347397
-0.09035579115152359 -0.19941318035125732 0.007020881399512291
-0.17838044464588165 -0.3073921799659729 -0.19577640295028687
-0.06320572644472122 -0.24887824058532715 0.2162935733795166
-0.267731636762619 -0.08843226730823517 0.06385060399770737
0.013003036379814148 -0.18096232414245605 -0.10338926315307617
0.06099170073866844 -0.25138822197914124 0.0636165663599968
-0.26356738805770874 -0.24923625588417053 0.4240919053554535
-0.15112754702568054 -0.2583966553211212 -0.01682470552623272
-0.19254469871520996 -0.1754888892173767 0.25752460956573486
-0.023958837613463402 -0.20861758291721344 -0.19721461832523346
-0.055262044072151184 -0.25467362999916077 -0.010353179648518562
-0.12148750573396683 -0.31618061661720276 0.014805233106017113
0.18767158687114716 -0.21446925401687622 0.311309278011322
-0.20079484581947327 -0.053879592567682266 -0.0835757851600647
-0.0658666118979454 -0.27504485845565796 0.07687493413686752
-0.18765778839588165 -0.26244521141052246 0.17829374969005585
-0.2773836851119995 -0.28466296195983887 0.026523709297180176
0.0165181253105402 -0.23799386620521545 -0.4396175742149353
-0.18704044818878174 -0.3752175271511078 0.14788173139095306
-0.08272120356559753 -0.18688036501407623 -0.17490403354167938
-0.057917430996894836 -0.13450221717357635 -0.2300606667995453
-0.07046664506196976 -0.04455972835421562 0.22842662036418915
-0.5087454915046692 -0.3575047552585602 0.003402568167075515
-0.20473147928714752 -0.04107118025422096 -0.04502004384994507
-0.1378653645515442 -0.26602602005004883 -0.08073756843805313
-0.06181520223617554 -0.28872016072273254 -0.06604118645191193
-0.2707619369029999 -0.2557820975780487 0.20806606113910675
-0.11833403259515762 -0.23489996790885925 -0.057368505746126175
-0.028490085154771805 -0.05008852109313011 -0.14071384072303772
-0.06873451173305511 -0.27471470832824707 0.04299894720315933
-0.06013932451605797 -0.057090841233730316 -0.18688929080963135
-0.16329874098300934 -0.2169456034898758 0.02672823891043663
-0.06815584748983383 -0.33462849259376526 -0.18379594385623932
-0.20759837329387665 -0.16876982152462006 -0.07989571988582611
-0.24796868860721588 -0.259122371673584 0.009400908835232258
-0.2958299517631531 0.2569064199924469 -0.022378236055374146
-0.2990533411502838 -0.25273165106773376 0.3733038604259491
0.17435920238494873 -0.3687314987182617 -0.28289225697517395
-0.1721910983324051 -0.2535484731197357 0.11349990963935852
-0.3133127987384796 0.06500189006328583 0.3167409598827362
-0.1001431941986084 -0.006966318469494581 -0.34788745641708374
0.05687117576599121 -0.22171209752559662 -0.1797495037317276
0.06228012219071388 -0.16698555648326874 -0.19640754163265228
-0.40375086665153503 0.04964693635702133 0.02088075503706932
-0.22774875164031982 0.056667525321245193 -0.3889971971511841
-0.00032853009179234505 -0.33751797676086426 -0.3689962327480316
-0.12779195606708527 -0.32192251086235046 0.09926427155733109
0.07133709639310837 0.06948278844356537 0.3571031391620636
-0.005513093434274197 -0.219465970993042 -0.022206470370292664
-0.1921820193529129 -0.2560644745826721 0.001013884786516428
-0.03992960974574089 -0.16595400869846344 0.1286086142063141
0.010224346071481705 -0.2619399428367615 0.09059524536132812
-0.2405587136745453 -0.2618732154369354 0.04311027005314827
-0.25036919116973877 -0.1512863039970398 0.09785068035125732
-0.1843729317188263 -0.17714248597621918 0.03884498029947281
-0.027665089815855026 -0.22415871918201447 -0.17667512595653534
-0.3530920445919037 -0.056541573256254196 -0.3464595675468445
-0.20383435487747192 -0.2717440724372864 0.1946176290512085
-0.010910721495747566 0.16223466396331787 0.041834041476249695
-0.0650113895535469 -0.1355983167886734 -0.15928395092487335
-0.15304113924503326 -0.2659444808959961 0.0031748111359775066
-0.16216857731342316 -0.17478157579898834 0.2564583420753479
0.013010453432798386 -0.16944043338298798 0.10906156152486801
-0.2828904092311859 -0.15626075863838196 0.18867552280426025
-0.08402859419584274 -0.3467872738838196 -0.23857252299785614
0.06567037105560303 -0.2576424479484558 -0.03021623007953167
-0.20887984335422516 0.08094964921474457 0.3345407247543335
-0.0037235389463603497 -0.17329645156860352 -0.3352246582508087
-0.3388415277004242 -0.057078972458839417 -0.06160960718989372
-0.11387331038713455 -0.17709800601005554 0.015531407669186592
-0.1613604724407196 -0.24538692831993103 0.07165445387363434
-0.1836407631635666 -0.13109777867794037 0.29564523696899414
-0.025484120473265648 -0.3427557349205017 0.09537049382925034
0.023087028414011 -0.1858033686876297 0.24945136904716492
0.11400041729211807 -0.2047090232372284 -0.23144230246543884
-0.16807153820991516 -0.17996476590633392 0.41639089584350586
-0.4462259113788605 0.27081984281539917 0.2446875423192978
0.0870213434100151 -0.41481494903564453 -0.25285136699676514
-0.22163613140583038 -0.01901324838399887 -0.14073660969734192
-0.14497517049312592 -0.32121649384498596 -0.00525087071582675
0.012398343533277512 -0.039887502789497375 0.03647323697805405
-0.05447704344987869 -0.2550513744354248 0.004646926652640104
0.053629517555236816 -0.2522411048412323 -0.2482360452413559
-0.21071240305900574 -0.1571865975856781 -0.27012181282043457
0.018492599949240685 -0.12023233622312546 -0.25308725237846375
-0.06410698592662811 -0.27623727917671204 0.08743023872375488
-0.08444079756736755 -0.23746541142463684 0.31951993703842163
-0.0827198326587677 -0.25923964381217957 0.07149365544319153
-0.03907846286892891 -0.06550659239292145 -0.21979685127735138
0.13680396974086761 -0.046043556183576584 -0.06828799843788147
-0.1904401034116745 -0.2282826006412506 -0.13891585171222687
-0.09750615805387497 -0.23892660439014435 0.18497583270072937
-0.5174132585525513 -0.03442516177892685 -0.04348151013255119
-0.28195032477378845 -0.3023340404033661 0.008869174867868423
-0.1388484686613083 -0.07479148358106613 0.35772156715393066
-0.15967518091201782 -0.2061755508184433 0.1519661247730255
0.09393289685249329 0.09198173135519028 -0.12040727585554123
-0.19425725936889648 -0.2462797313928604 -0.047032397240400314
-0.28744110465049744 -0.349727600812912 0.23825977742671967
-0.15673033893108368 -0.23320645093917847 0.1611185520887375
-0.149083212018013 -0.17556282877922058 -0.08830523490905762
-0.25261661410331726 0.11190326511859894 0.503587007522583
-0.10367382317781448 -0.13980653882026672 0.13889434933662415
-0.11770723015069962 -0.4068601429462433 0.2183081954717636
-0.22035649418830872 -0.26768362522125244 -0.25674644112586975
-0.08563375473022461 -0.22510263323783875 -0.06280762702226639
-0.29704898595809937 0.007555723190307617 0.19461026787757874
-0.09908254444599152 -0.19955980777740479 -0.34691497683525085
-0.1737188696861267 -0.25263866782188416 -0.10804688930511475
-0.09504229575395584 -0.05808128044009209 0.2042318880558014
-0.24545592069625854 -0.02516629360616207 0.26311758160591125
-0.09740989655256271 -0.25939685106277466 -0.048704199492931366
0.09991409629583359 -0.1620968133211136 -0.11339788883924484
-0.265489786863327 -0.11494892090559006 -0.2890026867389679
0.011440714821219444 -0.29586857557296753 0.31316816806793213
-0.1416960507631302 -0.19174490869045258 -0.13909611105918884
-0.0980117991566658 -0.23182933032512665 -0.25711145997047424
0.15985941886901855 -0.25677451491355896 -0.3074492812156677
-0.12353486567735672 -0.32077398896217346 -0.250576376914978
-0.4655434191226959 0.2429426908493042 -0.09308291226625443
-0.14812619984149933 -0.22376063466072083 0.24984696507453918
-0.06398363411426544 -0.224831685423851 -0.09943482279777527
0.011267609894275665 -0.258169949054718 0.1071508377790451
-0.12129656970500946 -0.282336950302124 -0.3192082941532135
-0.022738102823495865 -0.01841985620558262 0.35101187229156494
-0.15299227833747864 -0.0717589482665062 0.24903444945812225
-0.15345586836338043 -0.3092319071292877 -0.9433019757270813
-0.3187044858932495 -0.3121500015258789 0.11239051818847656
-0.2964020371437073 -0.24385365843772888 -0.024423429742455482
-0.05129807069897652 -0.2620619237422943 -0.007938649505376816
-0.2051115483045578 -0.23778994381427765 0.12951000034809113
-0.33851125836372375 0.05026678740978241 0.026456203311681747
0.1472138911485672 -0.23140816390514374 0.11220434308052063
-0.28448277711868286 -0.04705534130334854 -0.014112019911408424
-0.09140481799840927 -0.18010422587394714 0.007431690115481615
0.00895314384251833 -0.13907533884048462 -0.10624843835830688
0.023861002177000046 -0.10046175867319107 0.125047966837883
-0.32619616389274597 -0.14920289814472198 -0.07418675720691681
-0.03595248609781265 -0.21814082562923431 0.18730764091014862
-0.14510150253772736 -0.14657247066497803 0.14759641885757446
-0.01777365803718567 -0.15002883970737457 -0.1542448103427887
-0.1912813037633896 -0.01218460500240326 0.3493085503578186
-0.21074578166007996 -0.17763401567935944 0.1866617053747177
-0.07436703890562057 -0.37587475776672363 -0.3379373550415039
-0.05598844960331917 -0.18407028913497925 -0.029795849695801735
-0.05746063217520714 -0.18177570402622223 -0.13295310735702515
-0.05007355660200119 -0.08046779781579971 -0.19664587080478668
-0.24704334139823914 -0.2709597647190094 0.3400963246822357
-0.13185207545757294 -0.08143946528434753 -0.007274264004081488
-0.14486132562160492 -0.17174652218818665 -0.16329628229141235
-0.18394805490970612 -0.26669853925704956 0.3716549575328827
-0.12902405858039856 -0.3445848226547241 0.21503190696239471
-0.0444280207157135 -0.14733324944972992 -0.09308209270238876
-0.08986454457044601 -0.20398932695388794 0.05702735483646393
0.2724917232990265 -0.4648471772670746 -0.22256530821323395
-0.02689058892428875 -0.25688856840133667 -0.012662827968597412
-0.05387895181775093 -0.2637075185775757 -0.056174229830503464
-0.3745374083518982 -0.13543181121349335 0.20648154616355896
-0.18042607605457306 -0.13938109576702118 0.40637731552124023
0.023384572938084602 -0.11688413470983505 0.1860763281583786
-0.008234238252043724 -0.2522808909416199 -0.027490505948662758
-0.11843160539865494 -0.2710898220539093 -0.10144592076539993
-0.11784026026725769 -0.12286786735057831 0.1310749351978302
0.003963187336921692 -0.135595440864563 -0.31381848454475403
-0.030506066977977753 -0.1512623280286789 -0.06288594752550125
0.04739708825945854 -0.11585865914821625 -0.10086312890052795
-0.256239116191864 -0.22841256856918335 -0.16747504472732544
