ply
format ascii 1.0
element vertex 2048
property float x
property float y
property float z
end_header
0.09128781408071518 -0.06022878363728523 -0.24163347482681274
-0.16096188127994537 -0.09769865870475769 -0.04447266086935997
-0.12731751799583435 -0.18677690625190735 -0.02243007719516754
-0.09002254903316498 -0.27256685495376587 -0.09925943613052368
-0.1786910742521286 -0.26611143350601196 -0.010910917073488235
0.05552627518773079 -0.06839840859174728 -0.1550300419330597
0.1170811876654625 -0.4585062265396118 -0.08659952133893967
0.13753138482570648 0.2155696004629135 0.19330866634845734
-0.16177330911159515 -0.18111293017864227 -0.09615544229745865
-0.1325465440750122 -0.21335971355438232 -0.03628576174378395
-0.21533167362213135 -0.28699037432670593 0.4286877512931824
-0.12187783420085907 -0.07610821723937988 -0.14702486991882324
-0.10810573399066925 -0.19780504703521729 0.0740952417254448
-0.2025185525417328 -0.15495266020298004 0.1828000545501709
-0.22312019765377045 -0.01234656386077404 0.11973908543586731
-0.2042999416589737 -0.16411294043064117 0.11934439837932587
-0.14057819545269012 -0.14803273975849152 0.33859941363334656
-0.2462514191865921 0.22536922991275787 0.03330110386013985
-0.051432251930236816 -0.3148750066757202 -0.41307881474494934
-0.03663843125104904 -0.1528540849685669 -0.06124037876725197
-0.08790288120508194 -0.1058051809668541 -0.23839256167411804
-0.21262678503990173 -0.35420095920562744 -0.01763704977929592
-0.20252886414527893 0.17185503244400024 0.7218404412269592
-0.35664263367652893 -0.05863804370164871 0.1490866243839264
0.16972501575946808 0.11219958961009979 -0.21780350804328918
-0.1876317858695984 -0.23931650817394257 -0.4415293037891388
-0.41090482473373413 -0.1590857207775116 0.2133486270904541
-0.03540928661823273 -0.07012498378753662 0.12309522926807404
-0.09947794675827026 -0.20701125264167786 -0.2431371659040451
-0.12018483877182007 -0.2945905029773712 0.10463123023509979
-0.061184898018836975 -0.10334205627441406 0.07953804731369019
-0.13537241518497467 -0.14808380603790283 0.06570515781641006
-0.1294439285993576 -0.15082786977291107 -0.10804667323827744
-0.2642940580844879 0.10822339355945587 0.18771450221538544
-0.0730544775724411 -0.24436698853969574 0.08491253107786179
-0.30453768372535706 0.09869935363531113 0.4679566025733948
-0.16740311682224274 -0.09620118141174316 -0.13048644363880157
-0.195612832903862 -0.1496172398328781 0.36781638860702515
-0.16525372862815857 -0.014433037489652634 0.13420619070529938
-0.12400319427251816 -0.34685561060905457 -0.006020946428179741
-0.19918164610862732 -0.2096504271030426 0.317759245634079
-0.05121535062789917 -0.026039278134703636 0.204503133893013
-0.196689173579216 -0.30829760432243347 0.18524441123008728
-0.029142701998353004 -0.2206844538450241 0.08211971074342728
-0.3719746768474579 -0.116770438849926 0.4133196175098419
0.09659403562545776 -0.15998849272727966 -0.05272943153977394
-0.27852877974510193 -0.18713250756263733 0.34218502044677734
-0.4291186034679413 -0.18992707133293152 0.09256839007139206
-0.08735499531030655 -0.212811678647995 -0.16724959015846252
-0.303308367729187 -0.20024347305297852 0.2845504879951477
-0.12806858122348785 0.10446681082248688 -0.21506112813949585
-0.1309734433889389 -0.21033456921577454 -0.23311686515808105
-0.32631492614746094 0.018622197210788727 -0.1967935413122177
-0.2514013648033142 -0.2641412317752838 -0.032324571162462234
-0.03075646609067917 -0.19079804420471191 0.1299213171005249
0.05380033701658249 -0.22360526025295258 -0.1912344992160797
-0.2390058934688568 -0.1994221806526184 0.24797548353672028
-0.09881355613470078 -0.23880423605442047 0.1264222264289856
0.1856570541858673 -0.11777260899543762 0.0645778700709343
-0.13481226563453674 -0.1345134675502777 0.32345515489578247
-0.32918378710746765 -0.07783646136522293 0.12442371249198914
-0.09252965450286865 -0.18332409858703613 -0.023344047367572784
-0.2262975424528122 -0.15569420158863068 0.08418410271406174
-0.21368847787380219 -0.08436204493045807 0.028477653861045837
-0.08218961209058762 -0.07784496992826462 -0.039195310324430466
-0.1894492208957672 -0.18083465099334717 -0.0781637653708458
-0.21743960678577423 -0.0911165401339531 0.20693819224834442
-0.13634617626667023 -0.221122607588768 0.05375509709119797
-0.2566412687301636 -0.0844191461801529 0.16294346749782562
-0.1339670866727829 -0.2027970552444458 -0.17951776087284088
-0.45535948872566223 -0.20492172241210938 0.018613925203680992
-0.12920157611370087 -0.07868818938732147 -0.33302974700927734
-0.1550760567188263 -0.17290836572647095 -0.09199375659227371
-0.2549830377101898 -0.1684921830892563 0.285081684589386
-0.33173832297325134 -0.14043448865413666 0.18388418853282928
-0.3825173079967499 -0.2241196483373642 0.11314326524734497
-0.06012864038348198 -0.32515543699264526 -0.27017202973365784
-0.16434596478939056 0.013148169964551926 0.3280135691165924
0.04313012957572937 -0.21467602252960205 -0.14519160985946655
-0.3852960169315338 0.017099769786000252 0.4102776050567627
-0.16954173147678375 0.03413496911525726 0.06356605887413025
-0.13630957901477814 -0.16893868148326874 0.003219864796847105
-0.2910170555114746 -0.10462965816259384 -0.05143001303076744
-0.20601977407932281 -0.1753324419260025 0.45296710729599
-0.11602917313575745 -0.14588981866836548 0.27326682209968567
-0.003957019653171301 -0.025326574221253395 0.01760103739798069
-0.17020119726657867 -0.295940637588501 -0.023300327360630035
-0.08419222384691238 -0.4046792984008789 -0.5683943033218384
-0.2548487186431885 -0.210721954703331 0.10385668277740479
0.008245706558227539 -0.17648988962173462 0.1132376566529274
0.24120500683784485 -0.18195438385009766 0.05046814680099487
0.23440514504909515 -0.18180234730243683 0.038227520883083344
-0.21479105949401855 -0.028230855241417885 0.3274514973163605
-0.2146543711423874 -0.1999470293521881 -0.1102982759475708
-0.38744544982910156 -0.15308666229248047 0.3443560302257538
0.11467677354812622 -0.16467192769050598 0.31253308057785034
-0.32386529445648193 -0.14317922294139862 -0.3845584988594055
-0.31592708826065063 -0.09510353952646255 0.19086545705795288
0.10146939754486084 -0.19944538176059723 0.012231746688485146
-0.11612597852945328 -0.41346701979637146 0.3779170513153076
-0.5900170803070068 0.2662426233291626 -0.26031574606895447
-0.3270588219165802 -0.04255453124642372 -0.0032320930622518063
-0.22045843303203583 -0.2497374415397644 0.47798216342926025
0.006423812825232744 -0.20410363376140594 -0.705811083316803
-0.0034977784380316734 -0.11576759815216064 -0.06433264911174774
-0.11214014887809753 -0.11611418426036835 0.04805576801300049
-0.23917047679424286 0.017526593059301376 0.29699236154556274
-0.07982741296291351 -0.21372784674167633 0.04687275364995003
-0.1855819672346115 -0.15519823133945465 0.03698370233178139
-0.07309114933013916 -0.1650683879852295 -0.47241851687431335
-0.07264536619186401 -0.06729959696531296 0.06785573065280914
-0.05901007354259491 -0.060389384627342224 0.0340447761118412
-0.046784907579422 -0.21019119024276733 -0.3920244574546814
-0.23585394024848938 -0.12873491644859314 -0.08961257338523865
-0.16412656009197235 -0.2269928902387619 0.13397206366062164
-0.166618213057518 0.025605589151382446 -0.10433027893304825
-0.08698339015245438 -0.053077541291713715 -0.008550487458705902
0.02258325181901455 -0.2786939740180969 -0.4710163474082947
0.03680920600891113 -0.13236720860004425 -0.20384736359119415
-0.1566854566335678 -0.03190695121884346 -0.007314105052500963
-0.3274386525154114 -0.20194321870803833 0.26683691143989563
-0.07753168046474457 -0.19718925654888153 -0.3806823492050171
-0.16702161729335785 -0.24819248914718628 -0.0706101804971695
0.05423855409026146 -0.22445853054523468 0.20701642334461212
-0.21702688932418823 -0.012842612341046333 0.48391053080558777
-0.24546746909618378 0.0015318160876631737 -0.18995004892349243
-0.28945988416671753 -0.07763409614562988 -0.0708732083439827
-0.17814801633358002 -0.1799396276473999 0.07316169887781143
-0.1550123244524002 -0.12694644927978516 0.3350878059864044
-0.16250872611999512 -0.06601271778345108 0.2540585994720459
-0.07306378334760666 -0.24918222427368164 -0.10928544402122498
0.004106299020349979 -0.09712807834148407 -0.022590169683098793
0.2194364070892334 -0.204515740275383 -0.037471745163202286
-0.1640159785747528 -0.17118217051029205 -0.14253731071949005
-0.032487429678440094 0.03578844666481018 0.047917719930410385
-0.2265080362558365 -0.3468155860900879 0.26796793937683105
-0.14443521201610565 -0.07348459959030151 0.2000243365764618
-0.3378860354423523 -0.14353427290916443 0.3478027582168579
-0.1499548703432083 -0.21354874968528748 -0.4418550431728363
-0.3251723349094391 0.16715747117996216 0.6142740845680237
-0.11648701131343842 0.0861821398139 -0.07693427056074142
-0.017435222864151 -0.223624125123024 -0.278890997171402
-0.1301438808441162 -0.25689753890037537 0.12839554250240326
-0.14684541523456573 -0.1278976947069168 0.08342000097036362
-0.31499728560447693 -0.2799181342124939 -0.3767106831073761
-0.17270886898040771 -0.18711745738983154 0.16431055963039398
-0.23186556994915009 -0.19828622043132782 -0.22780045866966248
-0.15314815938472748 -0.24671070277690887 -0.13000328838825226
-0.02758312225341797 -0.28903552889823914 0.12599851191043854
-0.0074951802380383015 -0.029368499293923378 0.31157779693603516
0.0757061243057251 -0.1872940957546234 -0.2888354957103729
-0.14932388067245483 -0.18226853013038635 0.11164791136980057
-0.23528462648391724 -0.27413007616996765 -0.35908937454223633
-0.25012102723121643 -0.1914409101009369 0.08483613282442093
-0.1680906116962433 -0.21528728306293488 0.23042911291122437
-0.2397925853729248 -0.2771419286727905 -0.3366355299949646
-0.27236706018447876 -0.2618824243545532 0.2314993292093277
-0.13387839496135712 -0.20724838972091675 -0.14679749310016632
-0.2789698541164398 -0.22594065964221954 0.0051484121941030025
-0.13689276576042175 -0.0245061032474041 0.03696293756365776
-0.28912797570228577 -0.14220169186592102 0.20321126282215118
-0.1155899167060852 -0.0207002405077219 -0.05536196008324623
-0.16129817068576813 -0.10990820825099945 0.2643609642982483
-0.2991587519645691 -0.13450230658054352 0.4084070324897766
-0.32975688576698303 -0.30062758922576904 0.11083722114562988
-0.13124023377895355 -0.19379587471485138 0.07949340343475342
-0.7939680218696594 -0.17171235382556915 0.0013408111408352852
-0.019337397068738937 -0.05282920226454735 0.015018053352832794
-0.12011898308992386 -0.10171724110841751 -0.053824283182621
-0.19203205406665802 -0.24141675233840942 -0.16765068471431732
-0.3561445474624634 0.13553406298160553 -0.2616366147994995
0.04155811667442322 -0.21427400410175323 -0.19787099957466125
-0.18591047823429108 -0.20884381234645844 0.4231241047382355
-0.1827012002468109 -0.44598889350891113 0.15899814665317535
-0.10224413871765137 -0.1374589055776596 0.5163050293922424
-0.07298697531223297 -0.04659399017691612 0.15327677130699158
-0.28690969944000244 -0.18519845604896545 0.2127855122089386
-0.14542673528194427 -0.21324482560157776 0.10087714344263077
0.013066180050373077 -0.19724449515342712 0.07235933840274811
-0.2568473219871521 -0.18521204590797424 -0.3001095652580261
-0.09939344972372055 0.1473737210035324 -0.0032592331990599632
0.005479823332279921 0.2226254791021347 -0.09931571781635284
-0.21650871634483337 -0.26658526062965393 0.20100867748260498
-0.0045810891315341 0.037750519812107086 -0.03901732340455055
-0.3342163860797882 0.03444528207182884 -0.3664409816265106
0.0645696222782135 -0.2294110506772995 0.09458988904953003
-0.1156325414776802 -0.10532984137535095 0.20662328600883484
-0.018905671313405037 0.09443800896406174 0.32854002714157104
-0.19035924971103668 0.09325374662876129 -0.26237815618515015
-0.19382476806640625 -0.5351607203483582 0.052200134843587875
-0.22695808112621307 -0.2569447457790375 0.11802250891923904
-0.14292111992835999 -0.17103931307792664 -0.12334205955266953
-0.1925704926252365 -0.20666387677192688 -0.33894598484039307
0.005158250220119953 -0.2288213074207306 0.15667101740837097
-0.15260574221611023 -0.12275081872940063 -0.036707475781440735
-0.3050837516784668 -0.10169418901205063 0.03603482246398926
-0.33053335547447205 -0.22524994611740112 0.17988936603069305
-0.21824559569358826 -0.2633533775806427 0.048006001859903336
-0.1180269867181778 -0.19131161272525787 -0.016017872840166092
0.32695841789245605 -0.3279663622379303 -0.09196615219116211
-0.08168261498212814 0.06926073879003525 0.10305793583393097
-0.09733100235462189 -0.11357792466878891 0.23721471428871155
-0.13316288590431213 -0.1883876472711563 0.12936921417713165
-0.30188268423080444 -0.0939781442284584 -0.03528200462460518
-0.4539659321308136 -0.12845478951931 0.06916124373674393
-0.35231104493141174 0.034611739218235016 -0.2075345665216446
-0.05869105085730553 -0.34599196910858154 -0.5323795080184937
-0.027831386774778366 -0.28886744379997253 0.08811303228139877
-0.1669391542673111 -0.13325543701648712 -0.037492554634809494
-0.08305598050355911 -0.14147812128067017 0.14592647552490234
0.0037850607186555862 -0.1825944036245346 -0.24233533442020416
-0.03781985118985176 -0.0018451947253197432 0.13215844333171844
-0.2727803885936737 -0.020621271803975105 0.5591302514076233
-0.1496310979127884 -0.19526323676109314 0.3108242154121399
-0.2727797329425812 -0.02491479553282261 -0.20727187395095825
-0.08291562646627426 -0.20924636721611023 -0.010041601955890656
-0.07394853234291077 -0.17387069761753082 0.09529446810483932
-0.10177834331989288 -0.2306283414363861 -0.28451693058013916
-0.07367607206106186 0.037013519555330276 0.13692425191402435
0.05994356796145439 -0.12177816778421402 -0.03846440464258194
0.11021383851766586 0.026625705882906914 0.4695553481578827
0.017222097143530846 -0.22817380726337433 -0.32989558577537537
-0.2354733645915985 -0.005342939402908087 0.047820720821619034
-0.156184121966362 -0.16782152652740479 0.047458380460739136
-0.2475767582654953 -0.1330641806125641 0.2144196629524231
-0.27324169874191284 -0.15169337391853333 0.3858862519264221
-0.19288797676563263 -0.042395807802677155 0.3457692563533783
-0.02580980211496353 -0.21605685353279114 -0.39751511812210083
-0.07381301373243332 -0.08501065522432327 0.19321118295192719
-0.2497377097606659 -0.18515101075172424 0.5017246007919312
-0.340135395526886 0.22544370591640472 -0.12792859971523285
-0.012167293578386307 0.10464313626289368 0.22141863405704498
-0.17883151769638062 -0.2801559865474701 -0.08841594308614731
-0.049177732318639755 -0.06138257309794426 -0.2760929763317108
-0.06403989344835281 -0.14287468791007996 0.2634086608886719
-0.24202251434326172 -0.3035428822040558 0.11584960669279099
-0.1375892460346222 -0.010391458868980408 -0.05935399979352951
-0.16546443104743958 -0.16145490109920502 0.23062032461166382
-0.19764533638954163 -0.14143942296504974 0.049989499151706696
-0.31530076265335083 -0.10761678963899612 0.18145349621772766
-0.0380694754421711 -0.3041869103908539 -0.3799639046192169
-0.28443044424057007 0.05457146838307381 0.15559177100658417
-0.2616194784641266 -0.3173677325248718 -0.04191150143742561
0.09910115599632263 -0.08195321261882782 -0.0833413228392601
-0.15558937191963196 -0.02422630414366722 -0.10755816847085953
-0.12466444820165634 -0.1348412036895752 -0.09215839952230453
-0.561974048614502 0.487032026052475 0.13760200142860413
-0.13760629296302795 -0.026838678866624832 0.08359643816947937
-0.15293732285499573 -0.09969653189182281 0.003970864228904247
-0.07587012648582458 -0.17429794371128082 0.05375721678137779
-0.1038433164358139 -0.1907135248184204 0.10775696486234665
-0.23849570751190186 0.02552902139723301 0.31710144877433777
-0.32251858711242676 -0.4120565950870514 0.3271406590938568
-0.39993852376937866 -0.11198604106903076 0.15612797439098358
-0.22012726962566376 -0.19999854266643524 -0.13874007761478424
-0.0810084268450737 -0.08231711387634277 -0.018414899706840515
-0.1289582997560501 -0.22678299248218536 -0.11723346263170242
-0.07616105675697327 -0.23804999887943268 0.03696832060813904
-0.17923232913017273 -0.09639983624219894 -0.02156870625913143
-0.19213148951530457 -0.11973535269498825 0.040538739413022995
-0.2350011169910431 -0.1843661218881607 0.20531801879405975
-0.10445625334978104 -0.02141071856021881 0.03076578862965107
-0.15895020961761475 -0.1691824197769165 0.1249905601143837
-0.14432470500469208 -0.28403812646865845 0.24440279603004456
-0.17662519216537476 -0.18204915523529053 -0.14220201969146729
-0.0809909850358963 -0.19798794388771057 -0.1699255406856537
-0.07217037677764893 -0.010315615683794022 -0.02335337921977043
-0.1349896788597107 -0.246449813246727 0.30911514163017273
-0.14887496829032898 -0.1610250473022461 -0.06587448716163635
-0.06565909832715988 -0.19730205833911896 -0.15404151380062103
-0.18983086943626404 -0.22432789206504822 0.013730445876717567
-0.02838745340704918 -0.09919033199548721 -0.033749986439943314
-0.1542508453130722 -0.18688637018203735 0.1603223830461502
-0.050287265330553055 -0.003622440155595541 0.04715656116604805
-0.19490042328834534 -0.13332217931747437 0.407775342464447
-0.22146110236644745 -0.10731570422649384 -0.16947992146015167
-0.22607769072055817 -0.13025514781475067 0.340938925743103
-0.1885470151901245 -0.08463037759065628 0.22107619047164917
-0.13450229167938232 -0.03336305543780327 0.30308228731155396
-0.06800664961338043 -0.02647441066801548 0.35474535822868347
-0.09824512153863907 0.05122607201337814 0.22490297257900238
-0.14089451730251312 -0.2142225056886673 0.005988068412989378
-0.21231293678283691 -0.16357660293579102 -0.053885430097579956
-0.27574318647384644 -0.2524378001689911 0.18031717836856842
-0.22487933933734894 -0.17641079425811768 -0.14312994480133057
-0.18675923347473145 -0.23323121666908264 0.33764439821243286
0.06491733342409134 -0.04198973998427391 -0.1801871806383133
-0.24846075475215912 -0.020060686394572258 -0.23537598550319672
-0.3183164894580841 -0.1733892858028412 0.1738918125629425
-0.04399681091308594 -0.14343766868114471 -0.022931458428502083
-0.1005147397518158 -0.13778269290924072 -0.010505665093660355
-0.18809489905834198 -0.08192697167396545 -0.15275201201438904
-0.01933070831000805 -0.1627405881881714 0.06635166704654694
-0.03277578577399254 -0.17972072958946228 -0.15611691772937775
-0.3000492453575134 -0.1693674921989441 0.2705006003379822
-0.277265727519989 -0.17452965676784515 0.09273134171962738
-0.21371059119701385 -0.07365471124649048 0.3139525055885315
-0.02482440322637558 -0.22225560247898102 -0.29373276233673096
-0.44413867592811584 -0.32238560914993286 0.14557838439941406
-0.389518141746521 -0.5251815319061279 0.17962361872196198
-0.02038661390542984 -0.19727006554603577 -0.14662501215934753
-0.10645312815904617 -0.18706205487251282 0.07522577047348022
-0.17561502754688263 0.03979531675577164 0.21359685063362122
-0.22203987836837769 -0.023803159594535828 0.06803997606039047
-0.06032835319638252 -0.248237743973732 -0.2712520360946655
-0.20658352971076965 -0.18100734055042267 0.1026236042380333
-0.10531661659479141 -0.08109191060066223 0.16324347257614136
-0.11939510703086853 -0.07235782593488693 0.16187767684459686
-0.460923433303833 -0.32770827412605286 0.0976727157831192
-0.10668613761663437 -0.18314005434513092 -0.10829191654920578
-0.6912869811058044 0.5551009774208069 -0.03273230046033859
-0.08786358684301376 0.0769505500793457 0.24823656678199768
-0.055308688431978226 -0.23247823119163513 -0.24832651019096375
-0.10334394872188568 -0.2813049852848053 0.045968446880578995
-0.25889602303504944 -0.018454868346452713 -0.1751692295074463
-0.2075551301240921 -0.16056005656719208 0.1416395753622055
-0.36393389105796814 0.07746023684740067 -0.01826406829059124
-0.25969240069389343 -0.19069477915763855 0.14263571798801422
-0.11758677661418915 -0.14310775697231293 0.1225706934928894
-0.0752233937382698 -0.06858785450458527 -0.048416875302791595
-0.12864567339420319 -0.03387394919991493 -0.13861508667469025
-0.20124925673007965 -0.17909401655197144 -0.12038908898830414
-0.42709583044052124 0.04257446900010109 0.37082475423812866
-0.35910728573799133 -0.09754732251167297 -0.38955894112586975
-0.1429312825202942 0.05652401223778725 0.5095229744911194
-0.16917400062084198 0.00044078368227928877 -0.18655964732170105
0.05716872587800026 -0.13862566649913788 -0.14029189944267273
-0.0894346535205841 -0.1482875496149063 0.020786410197615623
-0.5161694288253784 0.03271272033452988 -0.18142421543598175
-0.14673328399658203 -0.0912398025393486 -0.021822145208716393
-0.15350060164928436 -0.23546427488327026 0.1786489188671112
-0.17167159914970398 -0.09591719508171082 0.36696258187294006
0.01564943976700306 -0.30404940247535706 -0.42984968423843384
-0.19503456354141235 -0.22051627933979034 0.21644429862499237
0.01094043254852295 -0.1680402010679245 -0.14425797760486603
-0.264567106962204 -0.4414350390434265 0.181579127907753
-0.17457246780395508 -0.1637595146894455 -0.005823617801070213
-0.13865570724010468 -0.24284030497074127 0.3626110255718231
0.05129938945174217 -0.05226654186844826 0.13424065709114075
-0.1563747376203537 -0.008079178631305695 0.11962953209877014
-0.16908922791481018 -0.018616564571857452 -0.19024288654327393
-0.007183885667473078 0.07030385732650757 -0.2711418867111206
-0.1232612356543541 -0.28566840291023254 -0.49543726444244385
-0.1219162717461586 -0.273490309715271 -0.14065207540988922
-0.0917900949716568 -0.22458606958389282 -0.2541215419769287
-0.09475068002939224 -0.10925965011119843 -0.12508049607276917
-0.14435842633247375 -0.17714473605155945 -0.005707812495529652
-0.2849157154560089 -0.1595466434955597 0.12963292002677917
-0.2242138832807541 -0.17621877789497375 0.21106640994548798
0.10170280188322067 -0.08140019327402115 0.3334854245185852
-0.1547999382019043 -0.22347408533096313 0.009039935655891895
-0.018174849450588226 -0.15356574952602386 0.23477889597415924
-0.23768393695354462 -0.13282573223114014 0.2968006134033203
-0.3496142327785492 -0.20984521508216858 0.5674036741256714
-0.1654033660888672 -0.2843783497810364 0.04705606773495674
-0.2139207422733307 -0.0014256010763347149 -0.2744291424751282
-0.15881861746311188 0.005665149074047804 -0.13911908864974976
-0.46224090456962585 -0.023404940962791443 0.058417294174432755
0.07948848605155945 0.2338653802871704 0.7269452214241028
0.1584288775920868 -0.004011909943073988 0.35854968428611755
0.02699330635368824 -0.1857471913099289 -0.301238477230072
0.04652690887451172 -0.3378860056400299 -0.7902584075927734
-0.031747136265039444 0.07519043236970901 -0.19076283276081085
-0.29077374935150146 -0.18315449357032776 -0.10771466791629791
-0.13737447559833527 -0.1269972026348114 0.12472528219223022
-0.23038962483406067 -0.07013358175754547 -0.15025386214256287
-0.12020032852888107 -0.27691248059272766 -0.03216123580932617
-0.2311006635427475 0.21562524139881134 0.019989456981420517
-0.13794375956058502 0.02003888040781021 -0.06807607412338257
-0.27796754240989685 -0.5375823974609375 0.4339768886566162
-0.09567157179117203 -0.19187615811824799 -0.17575828731060028
-0.0037284856662154198 0.023297620937228203 -0.040533822029829025
-0.291656494140625 -0.2021266669034958 0.40414416790008545
-0.17035552859306335 -0.23946404457092285 -0.45715346932411194
-0.20010139048099518 -0.15862217545509338 0.27065205574035645
-0.05615028366446495 -0.13381880521774292 0.15166500210762024
0.09740312397480011 -0.43527474999427795 -0.31756138801574707
-0.4670960009098053 -0.32438841462135315 -0.5083569884300232
-0.15101055800914764 -0.3230988681316376 0.12080740928649902
-0.205174058675766 0.09709460288286209 -0.11911425739526749
-0.32788631319999695 0.051422860473394394 0.1733975112438202
-0.247105211019516 -0.062032077461481094 -0.09742611646652222
-0.10438574105501175 -0.18799607455730438 -0.2699989974498749
-0.0021972281392663717 -0.3110209107398987 -0.5006046295166016
-0.06018858030438423 -0.1254197359085083 -0.08621352165937424
-0.2180367410182953 -0.1603054255247116 0.20493493974208832
-0.29124730825424194 -0.13663800060749054 0.004103119485080242
-0.21143405139446259 -0.1007142961025238 0.0400342121720314
-0.15024688839912415 -0.17677663266658783 0.42680469155311584
-0.3821130096912384 -0.09349620342254639 0.2405330240726471
0.12118253856897354 -0.20576512813568115 0.028908679261803627
-0.2467186152935028 -0.3111012578010559 0.16969256103038788
0.013288641348481178 -0.26254919171333313 -0.39311426877975464
-0.024302933365106583 -0.2179524153470993 -0.33189716935157776
-0.30277135968208313 -0.13148806989192963 0.2857816517353058
-0.12749426066875458 -0.33714020252227783 0.05304919183254242
-0.19957073032855988 -0.36118096113204956 -0.13121378421783447
-0.06395543366670609 -0.1453670710325241 -0.01558644138276577
-0.1165497899055481 -0.11212480813264847 0.3187846541404724
-0.14834295213222504 -0.05972752347588539 -0.038146648555994034
0.12932081520557404 -0.027759671211242676 0.13676032423973083
-0.08976782113313675 -0.09386876225471497 -0.0802009329199791
-0.3764236569404602 -0.18635839223861694 0.11227960139513016
-0.11553951352834702 -0.2035786509513855 0.3841184079647064
-0.18720786273479462 -0.22448810935020447 -0.28762543201446533
-0.2643034756183624 -0.20803914964199066 -0.2345147579908371
-0.08166863769292831 -0.4881584942340851 0.0872291773557663
-0.15981648862361908 -0.16787998378276825 0.42950642108917236
-0.40486273169517517 -0.19892056286334991 0.15783433616161346
-0.20742647349834442 -0.2169649451971054 -0.14523734152317047
-0.19439662992954254 -0.10310041159391403 0.30962884426116943
-0.1736866980791092 -0.1166972741484642 0.11874183267354965
-0.2924911081790924 -0.09290800988674164 0.3515741527080536
0.01969943754374981 0.08252529054880142 0.37527137994766235
-0.2500761151313782 -0.2322835475206375 -0.3287733495235443
-0.1552979052066803 -0.24870863556861877 0.045178961008787155
-0.34540146589279175 -0.13412898778915405 -0.13090287148952484
-0.1591784954071045 -0.13670705258846283 0.3581558167934418
-0.19055984914302826 -0.18661820888519287 0.15184572339057922
-0.3857230842113495 -0.1327398717403412 -0.08783043920993805
-0.16200585663318634 -0.338102787733078 -0.07258471101522446
-0.34123384952545166 -0.08087986707687378 0.33920618891716003
-0.2418317198753357 -0.030169127508997917 0.7695850729942322
-0.22479744255542755 -0.163053497672081 -0.03608042746782303
-0.20789417624473572 -0.30794426798820496 0.27060213685035706
0.08780977129936218 -0.3272053003311157 0.0398036427795887
-0.18371696770191193 -0.09172520041465759 -0.006427510175853968
-0.056386277079582214 -0.0697946548461914 0.3576074540615082
-0.3609561622142792 -0.6027435064315796 0.15146972239017487
-0.03506217896938324 -0.2038308084011078 -0.26885679364204407
-0.41454145312309265 -0.08981934934854507 0.282889723777771
-0.14461061358451843 -0.2750682830810547 0.03465491533279419
-0.12956243753433228 -0.1326134353876114 -0.3768092095851898
-0.05845095217227936 -0.21522162854671478 -0.3770626485347748
-0.08435112237930298 -0.16921812295913696 -0.34775471687316895
0.06687920540571213 -0.1930384635925293 -0.0328635536134243
-0.22437570989131927 -0.042813990265131 -0.04077465459704399
-0.3249490559101105 -0.06798601895570755 0.22996725142002106
-0.2528972029685974 -0.22059635818004608 0.2225830852985382
-0.18222978711128235 -0.17315396666526794 -0.001547761494293809
-0.04021839424967766 0.011177178472280502 -0.23867321014404297
-0.08845226466655731 -0.022001447156071663 0.49178001284599304
-0.039476022124290466 0.03445954993367195 0.2642393112182617
-0.04189211130142212 -0.15962669253349304 -0.09270240366458893
-0.24806906282901764 -0.20039454102516174 0.2591700255870819
0.02811838872730732 -0.20280976593494415 -0.29107657074928284
0.09737133979797363 -0.1426127701997757 0.1360132396221161
-0.1276012659072876 -0.127175971865654 -0.3609367609024048
-0.2386460304260254 -0.06876577436923981 0.15860877931118011
-0.1372068226337433 -0.18928176164627075 -0.3437505066394806
-0.16815094649791718 0.06247376650571823 0.5023719668388367
-0.08307413011789322 -0.37271028757095337 -0.4730254113674164
-0.2345997542142868 0.15155848860740662 0.2011847198009491
-0.15912432968616486 0.04548086225986481 0.21306580305099487
-0.2514492869377136 -0.22759370505809784 -0.300758957862854
-0.09518739581108093 0.002079947153106332 0.4851153790950775
-0.14922679960727692 -0.10962501168251038 -0.07674738764762878
-0.13363462686538696 -0.22684967517852783 -0.17462584376335144
-0.17781628668308258 -0.16278338432312012 0.09425491839647293
0.05890492722392082 -0.13541512191295624 0.2590700685977936
0.1053900271654129 0.08634037524461746 0.04004513472318649
-0.027574049308896065 -0.18459312617778778 -0.1466686725616455
-0.0533805750310421 -0.200591042637825 0.06404613703489304
-0.08714547008275986 -0.20723316073417664 -0.04128595069050789
-0.07171749323606491 0.06050531938672066 0.060877926647663116
-0.17813290655612946 -0.06595011055469513 0.11354703456163406
-0.3386319577693939 -0.2194070965051651 -0.31559789180755615
-0.18762975931167603 -0.20954997837543488 -0.21023161709308624
-0.1253657341003418 -0.11472820490598679 -0.124568872153759
-0.38273632526397705 -0.3664729595184326 -0.5480417609214783
-0.024260099977254868 -0.36325234174728394 0.04256651550531387
-0.2933083772659302 -0.1103145107626915 -0.3739693760871887
-0.2489302158355713 -0.32412949204444885 -0.19025108218193054
-0.3600635230541229 -0.22264701128005981 -0.0002574203535914421
-0.22802118957042694 -0.1767946183681488 -0.061626750975847244
-0.1417255401611328 -0.2046400010585785 0.05211928114295006
-0.10715451091527939 -0.20554082095623016 -0.19479678571224213
-0.04359770193696022 -0.031336523592472076 0.528231680393219
-0.020648516714572906 -0.07311512529850006 -0.09469514340162277
-0.1248599961400032 -0.19049163162708282 -0.030294546857476234
0.02624957635998726 -0.2618767023086548 -0.4337063431739807
-0.20295216143131256 0.13484728336334229 0.34417805075645447
-0.2976669669151306 -0.1682773232460022 0.26366445422172546
-0.25617772340774536 -0.16719520092010498 0.04939888417720795
-0.33649447560310364 -0.38509923219680786 0.19143551588058472
-0.09277758747339249 -0.031985461711883545 0.2305009663105011
-0.014425981789827347 -0.15058667957782745 -0.14345718920230865
-0.3563354015350342 -0.08233417570590973 -0.04156439006328583
-0.16883260011672974 -0.18549850583076477 0.07384620606899261
0.02702634409070015 -0.13177473843097687 -0.049908995628356934
-0.03194059431552887 -0.17512381076812744 -0.04468521475791931
-0.1936478614807129 -0.11573892831802368 0.12588085234165192
-0.2633742094039917 0.028665440157055855 0.34556013345718384
-0.047366682440042496 0.06446319818496704 0.30144673585891724
-0.16379909217357635 -0.1666770726442337 0.2813628315925598
-0.18410320580005646 -0.25559937953948975 -0.22056403756141663
-0.14488905668258667 -0.19942891597747803 0.06804230809211731
-0.20458899438381195 -0.021116556599736214 0.2834511697292328
-0.15568313002586365 0.09787414968013763 0.2989523112773895
-0.32085686922073364 0.18748757243156433 -0.22792203724384308
-0.26210901141166687 -0.16451482474803925 0.22256876528263092
0.046210989356040955 0.15051306784152985 -0.09145155549049377
-0.1900453418493271 -0.2038770169019699 -0.12367228418588638
-0.20815467834472656 -0.2712979316711426 -0.03392735496163368
-0.20675265789031982 -0.1970929652452469 0.12183764576911926
-0.19001218676567078 -0.06925193220376968 0.3544273376464844
-0.15721891820430756 -0.20478419959545135 0.10286881029605865
-0.0305088572204113 -0.026005376130342484 0.5049626231193542
-0.12670613825321198 -0.3102811276912689 0.06378073245286942
-0.07265681028366089 -0.19725912809371948 -0.051129281520843506
-0.2693153917789459 -0.17219537496566772 0.2499692738056183
-0.2796595096588135 0.07745372503995895 0.2764583230018616
-0.24790439009666443 -0.06941723078489304 0.1563819795846939
-0.24844150245189667 -0.15759828686714172 0.18825387954711914
-0.12176242470741272 -0.4395183324813843 -0.3292160630226135
-0.10511115193367004 -0.17810122668743134 -0.02575131505727768
-0.03063730150461197 -0.24612782895565033 -0.18754002451896667
-0.3443370461463928 -0.19336864352226257 0.21551193296909332
-0.17026464641094208 -0.19705718755722046 -0.06064838171005249
-0.14267931878566742 -0.030101584270596504 -0.25117579102516174
-0.02191436104476452 -0.03733209893107414 -0.18797220289707184
-0.24970325827598572 0.007907465100288391 -0.06401078402996063
-0.11347393691539764 -0.11998581886291504 -0.09720920026302338
-0.2247878462076187 -0.46923166513442993 0.0899595394730568
-0.05120822414755821 -0.21182873845100403 0.3132644593715668
0.08208075165748596 -0.11865547299385071 -0.08166096359491348
-0.2166498750448227 -0.2036636471748352 -0.151866614818573
-0.21610619127750397 -0.22420218586921692 -0.2906932234764099
-0.11955049633979797 -0.15369491279125214 -0.22415922582149506
-0.09935028851032257 -0.1590082198381424 0.0700906291604042
-0.1787315309047699 -0.14468543231487274 0.2380664348602295
-0.2415211796760559 0.02396455407142639 -0.16463883221149445
0.003634402295574546 -0.053627002984285355 -0.15749286115169525
-0.23107250034809113 0.06225380674004555 -0.11281459778547287
-0.11439666152000427 -0.1772618144750595 -0.12306183576583862
-0.13071653246879578 -0.07389158010482788 -0.022301409393548965
-0.13475768268108368 -0.09575601667165756 0.13776500523090363
0.053762562572956085 -0.20012511312961578 -0.3092276155948639
0.10624083876609802 -0.12473507970571518 0.17309436202049255
-0.05666295439004898 -0.21206063032150269 -0.13878831267356873
-0.12880939245224 -0.03707346320152283 -0.010731354355812073
-0.07589688897132874 -0.4358310103416443 -0.4572981894016266
0.24555212259292603 0.06096801534295082 0.2914113700389862
-0.21193400025367737 -0.3569972515106201 0.4837983250617981
-0.07591399550437927 -0.15989559888839722 -0.14860236644744873
-0.23283517360687256 -0.08948242664337158 0.2130136936903
-0.16962741315364838 -0.18070225417613983 0.12457036226987839
-0.27676722407341003 -0.06140035763382912 0.5722429156303406
-0.028752118349075317 -0.11134235560894012 0.23818205296993256
-0.13642534613609314 -0.4893292486667633 -0.2926454544067383
-0.09460713714361191 -0.11306583136320114 -0.10279678553342819
0.12994711101055145 -0.05173703655600548 0.026516985148191452
-0.15905193984508514 -0.3263392448425293 0.13025309145450592
0.14017653465270996 -0.07289434224367142 -0.20842324197292328
-0.01788264699280262 -0.40889817476272583 -0.17992517352104187
-0.2286442667245865 -0.07144814729690552 -0.05512261763215065
0.06463728845119476 -0.34525492787361145 -0.0190198365598917
-0.2662951350212097 -0.11178074032068253 0.03888806700706482
-0.15916532278060913 -0.16857147216796875 0.1358891725540161
-0.11154360324144363 -0.0794200524687767 0.1908339560031891
-0.07951974123716354 -0.18483208119869232 -0.17071591317653656
-0.3211520314216614 -0.22548049688339233 0.11292330920696259
-0.13129571080207825 0.0017653703689575195 -0.028402458876371384
0.11415793001651764 -0.10134145617485046 -0.18059079349040985
-0.11946244537830353 -0.19142021238803864 0.015918776392936707
-0.29668909311294556 -0.2529640197753906 0.017991086468100548
-0.308553546667099 -0.10816039890050888 0.3222751021385193
-0.26279982924461365 0.24193526804447174 -0.21973735094070435
-0.5879895091056824 0.19396205246448517 0.044106412678956985
-0.11762674897909164 -0.1449078619480133 0.06828391551971436
-0.23929144442081451 -0.06279179453849792 0.3727418780326843
-0.1383039951324463 -0.19039680063724518 0.1446494311094284
-0.1878180205821991 0.02291031926870346 0.3419323265552521
-0.11061477661132812 0.06923381239175797 0.37946754693984985
-0.08173330128192902 -0.17471656203269958 -0.1882038414478302
-0.15018689632415771 0.13506236672401428 -0.3574494421482086
-0.062386177480220795 -0.24487203359603882 -0.28669431805610657
-0.14589019119739532 -0.23079581558704376 -0.09359906613826752
-0.23197321593761444 -0.18800540268421173 0.24119870364665985
-0.13252705335617065 -0.5451081395149231 -0.3633413016796112
-0.005408719182014465 0.0678558200597763 -0.3517676591873169
-0.18833258748054504 0.024626800790429115 0.24409034848213196
-0.18098972737789154 -0.14319735765457153 0.013505026698112488
-0.284951388835907 -0.27843162417411804 0.11494157463312149
-0.3668957054615021 -0.14147013425827026 0.30122849345207214
-0.05717623978853226 -0.208335742354393 -0.3643367886543274
-0.32502391934394836 -0.1278434842824936 0.030866535380482674
-0.27381622791290283 -0.08264195173978806 0.09259646385908127
-0.35170599818229675 0.03623150661587715 0.1774865984916687
-0.16265396773815155 -0.21700914204120636 -0.29579591751098633
-0.08610345423221588 -0.291756272315979 0.23109214007854462
-0.05825626105070114 -0.20971402525901794 -0.12040653824806213
-0.21141038835048676 -0.18869414925575256 0.11126570403575897
-0.15434448421001434 -0.12905268371105194 0.07223256677389145
-0.18957538902759552 -0.04467622563242912 0.2906164228916168
-0.11916128545999527 -0.17034651339054108 0.18375998735427856
-0.12508799135684967 -0.17197662591934204 0.28051120042800903
-0.2717413604259491 -0.21590779721736908 0.2508058547973633
0.18688520789146423 0.10181713104248047 -0.15556637942790985
-0.11262273043394089 -0.16523902118206024 -0.17668910324573517
-0.19537195563316345 -0.33813339471817017 -0.23134581744670868
-0.13992443680763245 -0.19787800312042236 0.11624716222286224
-0.37054792046546936 0.1765904575586319 -0.27168408036231995
-0.3369165360927582 0.07818707078695297 -0.05176250636577606
-0.18268181383609772 -0.06588518619537354 -0.04376768693327904
-0.06097869202494621 -0.1373990774154663 -0.05370413511991501
-0.03338697925209999 -0.18189816176891327 -0.12149834632873535
-0.270886093378067 0.023617973551154137 0.6805424690246582
-0.2803853452205658 -0.0352567657828331 -0.15213768184185028
-0.16974402964115143 -0.21606355905532837 -0.020226433873176575
-0.2486971616744995 -0.11356838792562485 0.4227679669857025
-0.1297408640384674 -0.27233055233955383 0.003128444543108344
-0.19430717825889587 -0.19495923817157745 0.07594490796327591
-0.18506574630737305 0.15858593583106995 0.036572158336639404
-0.14151877164840698 -0.1733115315437317 0.022381577640771866
-0.1508876532316208 -0.30274367332458496 0.10265519469976425
-0.3941061794757843 -0.1918337196111679 0.1577490270137787
0.3527516722679138 0.12149476259946823 0.20202551782131195
-0.03826690465211868 -0.18593145906925201 -0.17706109583377838
-0.06684061884880066 -0.02093682251870632 0.4068376123905182
-0.1256663203239441 -0.13547049462795258 -0.02529187500476837
-0.251391738653183 -0.044916782528162 0.2566075325012207
-0.013916460797190666 -0.10385537892580032 -0.2626112103462219
-0.14880341291427612 -0.20942212641239166 -0.15510323643684387
-0.11985550820827484 -0.06972292810678482 -0.02442776784300804
-0.09988807141780853 -0.2721433639526367 -0.34151917695999146
-0.32241225242614746 -0.19676218926906586 0.35371750593185425
0.013291886076331139 -0.21402506530284882 -0.0270409993827343
-0.0331462062895298 -0.4532228708267212 -0.5962693691253662
-0.06156982481479645 -0.34047332406044006 0.12470138072967529
-0.09588717669248581 -0.1616343855857849 -0.055229250341653824
-0.21675613522529602 -0.07320526987314224 -0.23903825879096985
-0.19816240668296814 0.02600160427391529 0.058753594756126404
0.024660542607307434 0.033692337572574615 0.18921147286891937
-0.29097577929496765 -0.05563892051577568 0.48457351326942444
-0.05504602566361427 -0.18289782106876373 -0.19633236527442932
-0.21071617305278778 -0.16860458254814148 0.310107946395874
-0.38211122155189514 -0.057011570781469345 0.2875992953777313
0.1066412404179573 0.0029220758005976677 -0.031274061650037766
-0.19293645024299622 -0.14958100020885468 -0.09768245369195938
-0.04796551913022995 -0.13217848539352417 0.012028489261865616
-0.19796785712242126 -0.3940817713737488 0.40594372153282166
-0.18010221421718597 -0.2662419378757477 0.2614533007144928
-0.024531790986657143 0.013416958972811699 -0.23305921256542206
-0.03995309770107269 -0.23167715966701508 0.09891174733638763
-0.22040127217769623 -0.05979771912097931 0.10592970997095108
-0.056394852697849274 -0.489759236574173 -0.7407552003860474
-0.28223899006843567 -0.1565626710653305 0.2482617199420929
-0.11731739342212677 -0.06571222841739655 -0.1486852765083313
-0.3003195822238922 -0.07418257743120193 0.13451552391052246
-0.1598058044910431 -0.13088515400886536 0.34175169467926025
-0.07732163369655609 -0.23642165958881378 -0.09804628789424896
-0.1795075386762619 -0.18382714688777924 -0.27088281512260437
-0.0980437695980072 -0.2958643138408661 0.08485570549964905
-0.13996055722236633 -0.19022871553897858 -0.05336089804768562
-0.1541702300310135 -0.17924058437347412 -0.08892194926738739
-0.17339076101779938 0.0013738509733229876 0.1055750697851181
-0.2899681329727173 0.06837525963783264 -0.12353876978158951
-0.12355224043130875 -0.054867830127477646 0.2627587914466858
-0.24066995084285736 -0.041101980954408646 0.20128373801708221
-0.08975782245397568 -0.1853180229663849 -0.2796920835971832
-0.22022554278373718 -0.19050376117229462 0.3412034213542938
-0.08390370011329651 -0.07960189878940582 -0.07235811650753021
-0.36306923627853394 -0.2925114035606384 0.1264658421278
-0.16748589277267456 -0.22043347358703613 -0.02905667945742607
-0.1873382031917572 0.058727167546749115 -0.2321658730506897
-0.21333350241184235 -0.04385090991854668 0.06889959424734116
0.0722494050860405 0.14605812728405 -0.05049467086791992
-0.32293030619621277 -0.1591041088104248 0.1000884622335434
-0.15868492424488068 -0.14649303257465363 0.011434948071837425
0.05895048752427101 -0.040486279875040054 -0.4433676600456238
-0.015140829607844353 -0.18598757684230804 -0.11584433168172836
-0.13271205127239227 -0.11775138974189758 -0.14903661608695984
-0.3979341685771942 -0.07753229886293411 0.06841889023780823
-0.34255459904670715 -0.04692517966032028 0.43052956461906433
0.16944459080696106 -0.14783400297164917 -0.12321283668279648
-0.1861194521188736 -0.18725021183490753 0.042039718478918076
-0.2867429554462433 -0.15439371764659882 0.21999700367450714
0.022554732859134674 0.3009515702724457 0.47091442346572876
-0.09666577726602554 0.00046063540503382683 0.41692906618118286
-0.23036690056324005 -0.021898658946156502 -0.17751164734363556
-0.25176844000816345 -0.12687377631664276 0.37435421347618103
-0.13986872136592865 -0.146759033203125 -0.0990273505449295
0.14195199310779572 -0.2812393307685852 -0.4044687747955322
0.14158375561237335 -0.06926438212394714 0.2663551867008209
-0.12526045739650726 -0.13926911354064941 0.012649182230234146
-0.01221911795437336 -0.25177332758903503 0.08983691781759262
-0.22159868478775024 -0.166841059923172 0.2703080475330353
-0.1776624470949173 -0.15602752566337585 0.0677628368139267
-0.20505598187446594 -0.13735917210578918 0.3143499791622162
-0.00014074810314923525 0.13641829788684845 0.08563471585512161
-0.30181679129600525 -0.09250478446483612 0.1935908943414688
-0.0024009766057133675 -0.056736208498477936 -0.3504158854484558
-0.08589949458837509 -0.1794179379940033 -0.05772803723812103
-0.15733331441879272 -0.24871036410331726 -0.08844078332185745
0.08066507428884506 -0.14873652160167694 0.12526938319206238
-0.16696082055568695 -0.20603545010089874 0.0453217476606369
-0.18609614670276642 -0.1820814162492752 0.1091836467385292
-0.2618210017681122 -0.2450275421142578 0.12844888865947723
-0.18932145833969116 -0.1756698042154312 0.23437060415744781
0.020480141043663025 -0.15490314364433289 -0.010548248887062073
-0.29213783144950867 -0.14553000032901764 0.21881385147571564
-0.06721930205821991 -0.1309221386909485 0.07874496281147003
-0.18177993595600128 -0.05967438220977783 -0.089483842253685
-0.12863321602344513 -0.15698379278182983 0.10895633697509766
-0.15423311293125153 -0.11862842738628387 -0.05875968188047409
-0.1726737916469574 -0.12432671338319778 -0.4051034152507782
-0.15230950713157654 -0.1892736852169037 -0.04678589105606079
-0.24252787232398987 0.006351033691316843 0.151672825217247
-0.1861494928598404 -0.13099347054958344 -0.1682898849248886
-0.16469821333885193 -0.16437974572181702 -0.09158825874328613
0.06160712614655495 -0.19625551998615265 -0.21586351096630096
-0.2365928292274475 -0.12965814769268036 0.41292262077331543
-0.06633178144693375 -0.12137915939092636 0.02414611726999283
-0.26092031598091125 -0.196110337972641 0.037892330437898636
-0.2938944399356842 -0.14539790153503418 0.11449083685874939
-0.1839846521615982 -0.1445290446281433 -0.20775102078914642
0.01527928002178669 -0.19517256319522858 -0.39374154806137085
-0.10890863090753555 -0.23568367958068848 -0.17245781421661377
-0.30326443910598755 -0.18444842100143433 -0.012782938778400421
-0.1655176877975464 -0.16047070920467377 0.2193455547094345
-0.3304026126861572 -0.1748913824558258 0.24399663507938385
-0.12231383472681046 -0.13152697682380676 0.049397993832826614
-0.15512040257453918 -0.31417763233184814 0.20743650197982788
-0.24881654977798462 -0.04493999108672142 -0.20097365975379944
-0.14334791898727417 -0.18563921749591827 -0.12270087748765945
-0.20980165898799896 -0.2749785780906677 0.05905895680189133
-0.11988474428653717 -0.2208303064107895 -0.17154286801815033
-0.24093423783779144 -0.007901506498456001 -0.33410802483558655
0.008730405941605568 -0.15267236530780792 -0.05334705859422684
-0.24985307455062866 -0.009599767625331879 0.2822299003601074
-0.2807416319847107 -0.10261677950620651 0.3309056758880615
-0.27556830644607544 -0.1637914627790451 0.19819410145282745
-0.07040684670209885 -0.1737450212240219 -0.16577063500881195
-0.1810942441225052 -0.19000834226608276 -0.0005600643344223499
-0.5159342288970947 0.13621972501277924 -0.2444656640291214
0.09926311671733856 -0.13189825415611267 -0.19291263818740845
-0.22619427740573883 -0.12387455254793167 -0.16114003956317902
-0.1837417185306549 -0.121367909014225 -0.5745287537574768
0.2286863625049591 0.07401089370250702 0.046319156885147095
-0.10318256169557571 -0.14704935252666473 -0.06240124627947807
-0.34089359641075134 -0.18129093945026398 0.021479325369000435
-0.2214663326740265 -0.13237564265727997 0.18718093633651733
-0.06546446681022644 -0.141007199883461 -0.1736299693584442
-0.1934197098016739 -0.2811214029788971 0.24710693955421448
-0.16601404547691345 -0.1721193492412567 0.015492592006921768
0.15760132670402527 -0.18291501700878143 0.22407761216163635
-0.058721933513879776 -0.13450221717357635 -0.044457778334617615
-0.23202408850193024 -0.05051387846469879 0.03546867147088051
0.06792337447404861 -0.3188301920890808 0.14124618470668793
-0.0769205093383789 -0.16941429674625397 -0.0345105417072773
0.032489340752363205 -0.14611712098121643 -0.15195558965206146
-0.05066733807325363 -0.31782811880111694 -0.4432131350040436
-0.033657245337963104 -0.1727115511894226 -0.10415146499872208
-0.2945834994316101 -0.13391700387001038 -0.07215889543294907
-0.20979395508766174 -0.3480793833732605 -0.24295955896377563
0.027783425524830818 -0.18308840692043304 -0.09234312921762466
-0.280705988407135 -0.18436892330646515 0.20885951817035675
-0.21526232361793518 -0.4615802466869354 0.42753252387046814
-0.1785360872745514 -0.11535602807998657 0.13929100334644318
-0.30141904950141907 -0.19606716930866241 0.3972395956516266
0.062388766556978226 -0.18299983441829681 -0.05965777114033699
-0.19790586829185486 -0.13631349802017212 0.0003189343260601163
-0.07036562263965607 -0.1387667953968048 -0.05209065228700638
-0.07749942690134048 -0.13823089003562927 0.17875415086746216
-0.22744251787662506 -0.19226761162281036 0.02802467718720436
-0.17708371579647064 -0.23706486821174622 0.15530513226985931
-0.07973268628120422 -0.37024161219596863 -0.5161501169204712
-0.11847510188817978 -0.24883094429969788 0.17853324115276337
-0.10333286225795746 -0.15595345199108124 0.22463740408420563
-0.335910826921463 -0.2009923756122589 -0.4329589009284973
-0.012132735922932625 -0.06429894268512726 0.35035407543182373
-0.27751612663269043 -0.09055729955434799 0.05578937008976936
-0.08988367766141891 -0.0991826131939888 -0.19304277002811432
-0.17411713302135468 -0.17447614669799805 -0.11527124047279358
-0.1922132670879364 0.005720252636820078 -0.13291120529174805
-0.26699620485305786 -0.1894932985305786 0.09051628410816193
0.14801515638828278 -0.04314839839935303 0.011610366404056549
-0.02924240007996559 0.07321450859308243 -0.22825977206230164
-0.1454193890094757 -0.16490498185157776 0.1170695349574089
-0.34925609827041626 -0.13269491493701935 0.3542366325855255
-0.02452990412712097 -0.1751740276813507 0.040737688541412354
-0.19324979186058044 -0.14086724817752838 0.0540110319852829
-0.3498656451702118 0.08294614404439926 0.06982352584600449
-0.07269535213708878 0.11208333820104599 0.29695555567741394
-0.29015985131263733 -0.14715738594532013 0.13799501955509186
-0.13702064752578735 -0.1812562495470047 0.3508605360984802
-0.1792977899312973 -0.2054757922887802 0.15959230065345764
-0.09908568859100342 -0.1824873387813568 0.12102590501308441
-0.1399429738521576 -0.12114769220352173 0.16237467527389526
-0.12414392083883286 -0.20171085000038147 -0.23948080837726593
-0.09315843135118484 -0.1096515879034996 0.3849647045135498
-0.11825089156627655 -0.2692880928516388 0.06768100708723068
-0.28868386149406433 -0.14059239625930786 -0.3306656777858734
-0.3158627450466156 -0.030315322801470757 -0.24054928123950958
-0.19218353927135468 -0.13836748898029327 0.26999953389167786
-0.22215679287910461 -0.1562456339597702 0.3051632344722748
-0.4591694474220276 -0.07614463567733765 0.2772709131240845
-0.09429676830768585 -0.0775553435087204 -0.09013661742210388
-0.26456207036972046 -0.023916108533740044 0.19277416169643402
-0.12432632595300674 -0.10680315643548965 0.25716084241867065
-0.20572853088378906 -0.12364416569471359 0.15620413422584534
-0.27165183424949646 -0.09682345390319824 0.2746494710445404
-0.22439473867416382 0.037610746920108795 0.3868997395038605
-0.17984609305858612 -0.20615984499454498 0.01376703754067421
-0.21346168220043182 -0.1754678636789322 0.30369117856025696
-0.14971092343330383 -0.18171542882919312 0.02429528348147869
-0.022112565115094185 0.03679468110203743 -0.13693369925022125
-0.026165885850787163 -0.1746271252632141 0.21483084559440613
-0.1887626051902771 -0.1835203617811203 -0.06365631520748138
-0.25154441595077515 0.07862937450408936 0.5714089274406433
-0.10060173273086548 -0.08772377669811249 0.005603254772722721
-0.18252375721931458 -0.13916556537151337 0.057777609676122665
-0.31925150752067566 -0.20893611013889313 0.09734442830085754
-0.22042372822761536 -0.22217722237110138 -0.3011152446269989
-0.25797706842422485 -0.17420396208763123 0.00021814648061990738
-0.1549958437681198 -0.18591655790805817 -0.23262056708335876
-0.26473450660705566 -0.18015806376934052 0.031169995665550232
-0.15264888107776642 -0.22726058959960938 -0.24943920969963074
-0.10807865858078003 -0.31065329909324646 0.2609848082065582
-0.0042330678552389145 -0.27122005820274353 -0.4343084394931793
-0.1217234805226326 0.12799571454524994 0.215501606464386
-0.006072572432458401 -0.1771954894065857 -0.10821851342916489
0.4414008855819702 -0.03478741645812988 0.5260040163993835
0.014521082863211632 -0.16401556134223938 -0.27379006147384644
-0.34182241559028625 -0.45638948678970337 0.16606099903583527
-0.20115987956523895 0.04354601725935936 0.06846383213996887
-0.2210691273212433 -0.04959268495440483 -0.1376059502363205
-0.3354093134403229 -0.041517309844493866 0.5652090907096863
-0.2861397862434387 0.00669314106926322 0.1969192624092102
-0.17102518677711487 -0.04775569960474968 -0.13993367552757263
0.09594354033470154 0.002135633723810315 0.22593875229358673
-0.2520504593849182 -0.16425654292106628 0.301917165517807
-0.25217318534851074 -0.2374437004327774 0.21459583938121796
6.19618222117424e-05 -0.22693374752998352 0.020153572782874107
-0.00579393794760108 0.03558739274740219 0.3665657639503479
-0.051129989326000214 -0.1912234127521515 -0.09972351044416428
-0.22064940631389618 -0.028436271473765373 0.25611284375190735
-0.10316973924636841 -0.37547001242637634 -0.19525927305221558
-0.11226953566074371 -0.1061231940984726 0.37414830923080444
-0.197160005569458 -0.24809755384922028 -0.0060634007677435875
-0.2840210795402527 -0.29529869556427 -0.03580908849835396
-0.10635355114936829 -0.3563253581523895 -0.2882239818572998
-0.4810088276863098 0.046802353113889694 -0.21333828568458557
-0.2563549876213074 0.10047528892755508 -0.15687789022922516
-0.2843863368034363 0.00701103825122118 0.1165752112865448
-0.2255551964044571 -0.1009436547756195 0.323609322309494
-0.1457037776708603 -0.1834317296743393 -0.06115008518099785
-0.28201529383659363 -0.02677205204963684 0.21557876467704773
0.1056428775191307 -0.1110336109995842 -0.2568703293800354
-0.08711398392915726 0.09877359122037888 -0.4349115788936615
0.04256654158234596 -0.06887266039848328 -0.5407279133796692
0.575457751750946 -0.21054251492023468 -0.0687231719493866
-0.09272963553667068 -0.1622404009103775 0.05777951329946518
-0.15691936016082764 -0.15376593172550201 0.13966569304466248
-0.20800021290779114 -0.3452528715133667 0.3271632194519043
-0.12187793850898743 0.0037248414009809494 -0.16768570244312286
-0.25494080781936646 -0.4230492115020752 0.1485036462545395
-0.236925408244133 -0.20023249089717865 -0.11917616426944733
-0.07327112555503845 -0.27331382036209106 -0.3000868260860443
0.0045422883704304695 -0.17258639633655548 0.06661705672740936
-0.341913640499115 -0.09114142507314682 0.3864462971687317
-0.07874277979135513 -0.23202794790267944 0.13509289920330048
-0.23766165971755981 -0.22807253897190094 -0.20564700663089752
-0.020459670573472977 -0.19155406951904297 -0.18933171033859253
-0.19434304535388947 -0.16752977669239044 0.15370479226112366
-0.17184332013130188 0.01297987625002861 0.36859285831451416
-0.10641219466924667 -0.13122649490833282 0.2725042402744293
-0.1173754557967186 -0.22346055507659912 -0.23026344180107117
-0.2284344583749771 -0.1921650618314743 -0.16039766371250153
-0.012452667579054832 -0.17549541592597961 0.014225933700799942
-0.08538776636123657 0.042345039546489716 -0.13093292713165283
-0.2201690375804901 -0.0060204449109733105 -0.08862278610467911
0.026773929595947266 -0.05075264349579811 0.6430801749229431
0.044644441455602646 -0.20483149588108063 0.25539085268974304
0.08085199445486069 -0.17583274841308594 -0.061778586357831955
-0.17080534994602203 -0.05850548297166824 0.13924910128116608
-0.3077267110347748 -0.17043858766555786 -0.14890161156654358
-0.11836496740579605 -0.17641708254814148 -0.02833155356347561
-0.20250029861927032 -0.08786766231060028 0.3262780010700226
0.03324423357844353 0.056633058935403824 0.47479888796806335
-0.2759508788585663 0.015191858634352684 0.049362704157829285
-0.2459239363670349 -0.06452804803848267 0.12382499873638153
-0.12412085384130478 -0.12905897200107574 -0.0890023484826088
0.04297518730163574 -0.3394399583339691 -0.12208383530378342
-0.0707063302397728 -0.15663579106330872 -0.028613686561584473
-0.11235933005809784 -0.1914258599281311 0.13875271379947662
-0.4940265715122223 -0.062221262603998184 0.1292348951101303
-0.22378623485565186 -0.11045671999454498 0.21713459491729736
-0.22985650599002838 -0.19577445089817047 0.04692367836833
-0.32293620705604553 -0.1623433232307434 -0.6391363143920898
0.01306883804500103 -0.31411200761795044 -0.1750069558620453
-0.06504334509372711 0.044671300798654556 0.4485645890235901
-0.20817147195339203 0.04504495486617088 0.40619009733200073
-0.1621881127357483 -0.06573143601417542 0.3192385137081146
-0.29463446140289307 -0.018472714349627495 0.2838921844959259
-0.2770836651325226 -0.1376197636127472 0.302814781665802
-0.03806684538722038 -0.09259377419948578 0.29102274775505066
-0.18367309868335724 -0.08821997791528702 -0.17894282937049866
-0.22659945487976074 -0.19523370265960693 -0.030434882268309593
0.27719202637672424 -0.19093699753284454 -0.2685033679008484
-0.18677693605422974 -0.20371045172214508 0.15693917870521545
-0.19970549643039703 -0.16670364141464233 -0.16845464706420898
-0.1107519268989563 -0.1461634486913681 -0.10645633190870285
-0.05089681223034859 -0.23468540608882904 0.23220212757587433
-0.200450137257576 -0.1403508484363556 0.4393766224384308
-0.2314629703760147 -0.41087982058525085 -0.03366592153906822
-0.1208517774939537 -0.21403396129608154 0.19306083023548126
-0.055254627019166946 -0.12778539955615997 -0.09543710201978683
-0.17991410195827484 -0.04332992434501648 -0.17146071791648865
0.05347932502627373 -0.16645997762680054 -0.2596316635608673
-0.11457278579473495 -0.14560331404209137 -0.09345889091491699
-0.04996466636657715 -0.164869025349617 0.2918665111064911
-0.2516784965991974 -0.17319926619529724 0.4504773020744324
-0.2775956392288208 -0.08794885873794556 0.3215254247188568
0.0030506118200719357 -0.013366412371397018 -0.04133710637688637
-0.11975071579217911 -0.2571593225002289 -0.10486962646245956
-0.23006677627563477 -0.15344251692295074 -0.05520512908697128
0.12328428775072098 0.14809127151966095 0.008663585409522057
-0.28571316599845886 0.03785921633243561 -0.08040321618318558
-0.24947351217269897 -0.07341784238815308 0.11807134002447128
-0.07646585255861282 -0.09743927419185638 -0.12299086153507233
0.07836785912513733 -0.16571718454360962 -0.1936277598142624
-0.23016513884067535 -0.19872039556503296 -0.6769543886184692
-0.08048516511917114 -0.1067451611161232 0.08509418368339539
-0.04302039369940758 -0.37450188398361206 0.11446340382099152
-0.1859768033027649 -0.14963790774345398 0.2605031728744507
-0.26192986965179443 -0.11954755336046219 -0.1863851547241211
0.03144020587205887 -0.20094747841358185 -0.20078682899475098
-0.38701269030570984 0.0540422759950161 0.06630495935678482
-0.4611729085445404 -0.037450697273015976 0.23731456696987152
-0.1033385694026947 -0.20838084816932678 -0.02065250836312771
-0.21809795498847961 0.07483730465173721 0.7623814344406128
-0.1845356673002243 -0.17271284759044647 0.02776191756129265
-0.023313624784350395 -0.3667106330394745 -0.32734215259552
-0.15145204961299896 -0.09871983528137207 -0.1262468844652176
-0.14270782470703125 -0.053391192108392715 0.05284637585282326
-0.13935598731040955 -0.3896934986114502 -0.04351896047592163
-0.24053433537483215 0.07927905023097992 0.07346566766500473
-0.1462894231081009 -0.22102531790733337 0.01710548624396324
-0.10884536802768707 -0.042828455567359924 0.14439457654953003
-0.39620131254196167 -0.07540132105350494 0.23818273842334747
-0.21439236402511597 -0.18727707862854004 -0.13134069740772247
-0.4727010726928711 0.43877914547920227 -0.267558217048645
-0.0657525286078453 -0.17630644142627716 0.021811766549944878
0.03661249950528145 0.08891148120164871 0.2533402740955353
-0.24916553497314453 -0.1940826028585434 0.33882200717926025
-0.2321675568819046 -0.0012016184628009796 0.15037444233894348
-0.16475026309490204 -0.14499574899673462 0.22540804743766785
-0.08447600901126862 0.09612207859754562 -0.055220622569322586
-0.2090371996164322 -0.12018473446369171 0.23978537321090698
-0.5169065594673157 0.29155048727989197 0.36184144020080566
-0.24061404168605804 -0.15723665058612823 -0.059390995651483536
-0.2124824970960617 -0.31840646266937256 -0.16574910283088684
-0.16942138969898224 -0.18947561085224152 -0.11727473139762878
-0.21664482355117798 -0.18633140623569489 0.14071713387966156
-0.2507586181163788 -0.21705782413482666 0.13599781692028046
-0.2523963451385498 -0.40219706296920776 -0.6297039985656738
-0.1526852250099182 -0.09963373094797134 0.10060025006532669
-0.18129386007785797 -0.15848329663276672 0.36804598569869995
-0.22170278429985046 -0.18443171679973602 0.2871600091457367
-0.047225672751665115 -0.2289121299982071 -0.36127331852912903
-0.05859564617276192 0.21264687180519104 0.2846015989780426
-0.29640647768974304 -0.19435255229473114 -0.011860605329275131
0.11691655218601227 -0.16478215157985687 -0.3247922956943512
-0.1438092738389969 -0.2738173007965088 -0.3925723731517792
0.05876808986067772 -0.13003380596637726 0.44230061769485474
0.16180583834648132 -0.07950253039598465 -0.2615647614002228
-0.24013875424861908 -0.15180270373821259 -0.11519564688205719
0.28466007113456726 -0.18858422338962555 -0.22638098895549774
-0.15987247228622437 0.03751545026898384 0.029512841254472733
-0.12291834503412247 -0.1793915331363678 0.14546875655651093
-0.31409862637519836 -0.2669755518436432 0.2439698874950409
-0.30982035398483276 0.07028357684612274 -0.08739747852087021
-0.02544419653713703 0.08826489746570587 -0.043303295969963074
-0.16841085255146027 -0.10863785445690155 0.39555656909942627
-0.24515753984451294 -0.08292977511882782 -0.051487427204847336
-0.22385162115097046 -0.06233004853129387 0.2927478551864624
-0.1684354543685913 -0.21358826756477356 0.08016856014728546
-0.18908289074897766 -0.15355341136455536 0.07915861159563065
-0.148694708943367 -0.2549110949039459 0.07066406309604645
-0.12538963556289673 -0.18553194403648376 -0.23173490166664124
0.2240217626094818 -0.21933893859386444 -0.3371187746524811
-0.17747987806797028 -0.166204571723938 0.12741206586360931
-0.3970455229282379 -0.12067724764347076 0.19187816977500916
-0.16465234756469727 -0.11533789336681366 0.271321564912796
-0.11999284476041794 -0.08405442535877228 0.003171354066580534
-0.21499240398406982 -0.267395555973053 0.05988579988479614
-0.07517673075199127 -0.09233413636684418 -0.4921407699584961
-0.30726879835128784 0.29825037717819214 0.9237415790557861
-0.12496290355920792 -0.556939423084259 -0.24810563027858734
-0.07882103323936462 -0.17243914306163788 0.10085436701774597
0.18545176088809967 -0.053451523184776306 -0.024495821446180344
-0.14875544607639313 -0.1824018508195877 0.06574096530675888
0.3253135085105896 -0.10011643171310425 0.0637630745768547
-0.2806033492088318 -0.0033161877654492855 -0.1944473683834076
-0.11643784493207932 -0.1591002643108368 0.03979354351758957
-0.08473141491413116 0.0023760609328746796 0.4513925611972809
-0.25111526250839233 -0.049732763320207596 0.43075495958328247
-0.08357326686382294 -0.17577862739562988 0.011327715590596199
-0.14789555966854095 -0.08509551733732224 0.34838834404945374
-0.036954231560230255 -0.0662766769528389 0.08225373178720474
-0.29637327790260315 -0.06309773772954941 -0.1628546416759491
-0.2783105969429016 0.019444745033979416 0.4066777527332306
-0.2701198160648346 -0.16002602875232697 0.21556544303894043
-0.12077402323484421 0.22951966524124146 0.056118521839380264
-0.14314135909080505 -0.20074619352817535 -0.31743162870407104
-0.24707046151161194 -0.013266922906041145 -0.05522972345352173
-0.22444722056388855 -0.027382981032133102 0.37644073367118835
0.19085104763507843 0.04738720506429672 -0.23755092918872833
-0.27863311767578125 0.3103911876678467 -0.23388254642486572
-0.12998804450035095 -0.16163045167922974 0.19719365239143372
-0.156888946890831 -0.25690504908561707 -0.2589482367038727
-0.11841434985399246 -0.21558576822280884 0.006511804182082415
-0.20534826815128326 -0.1601119488477707 0.27988502383232117
-0.1250600963830948 -0.07226070016622543 -0.32163020968437195
-0.2952227294445038 -0.26485589146614075 -0.43736305832862854
-0.18492484092712402 -0.20009978115558624 -0.01636357046663761
-0.14899112284183502 -0.07138554751873016 -0.25763174891471863
-0.38086947798728943 0.022201305255293846 0.2816184163093567
-0.23738016188144684 -0.22471825778484344 0.2634744346141815
-0.20655901730060577 -0.06147051230072975 0.2940428853034973
-0.19426578283309937 -0.22571362555027008 0.20489554107189178
-0.11907187104225159 -0.25826531648635864 -0.3731728196144104
-0.14951205253601074 -0.12243536859750748 -0.12709762156009674
-0.17292727530002594 -0.01742960885167122 0.3351810574531555
-0.4036514163017273 -0.3007698059082031 -0.5076107978820801
-0.28958573937416077 -0.31268349289894104 -0.1864500343799591
-0.30969780683517456 0.07662153989076614 -0.11227637529373169
-0.1184174045920372 -0.12971678376197815 -0.2550710141658783
-0.30998849868774414 -0.1783813238143921 0.2168031930923462
-0.23900388181209564 -0.15528595447540283 0.004059316590428352
-0.2713291645050049 -0.018095584586262703 0.47898924350738525
-0.08828094601631165 -0.16467298567295074 0.22902899980545044
-0.5332424640655518 -0.11319436132907867 0.49640893936157227
-0.2047635167837143 -0.36293676495552063 -0.026803355664014816
-0.12441686540842056 -0.20915329456329346 -0.053462158888578415
-0.15669623017311096 -0.16625390946865082 0.3638179898262024
-0.2086155265569687 -0.0276954248547554 0.3568706512451172
-0.26810550689697266 -0.5239637494087219 0.06974020600318909
-0.016738969832658768 -0.19543734192848206 -0.2889016270637512
-0.010890938341617584 -0.0384925901889801 0.11380060017108917
-0.0932147204875946 -0.4011046588420868 -0.2162684053182602
-0.2745860815048218 -0.043686214834451675 0.5353705286979675
-0.242806538939476 -0.07306141406297684 0.05900975316762924
-0.13587643206119537 0.0414632149040699 0.3087693452835083
-0.4040229916572571 -0.16795751452445984 0.22115200757980347
-0.22994157671928406 0.3080773949623108 0.0846162959933281
-0.0053572156466543674 -0.14487376809120178 -0.27286210656166077
-0.21602125465869904 -0.35232362151145935 0.05513988435268402
-0.12500286102294922 -0.22527194023132324 -0.23906248807907104
-0.18333987891674042 -0.24998977780342102 0.3565223217010498
-0.19069553911685944 -0.07520979642868042 0.10133499652147293
-0.19238412380218506 -0.2383417785167694 0.02647281065583229
-0.19814199209213257 -0.2178286612033844 0.18562380969524384
0.06377194076776505 -0.23838596045970917 -0.3997357189655304
-0.21077382564544678 -0.19250918924808502 0.09494607150554657
-0.23878924548625946 -0.23204490542411804 -0.02005126141011715
-0.1778537929058075 -0.19521662592887878 -0.19847767055034637
-0.19142301380634308 -0.18317843973636627 -0.07417788356542587
-0.2779058516025543 -0.16429705917835236 0.32186049222946167
-0.18354211747646332 -0.16233065724372864 0.1668708324432373
-0.08065595477819443 -0.14836649596691132 -0.005804487504065037
-0.19530744850635529 -0.0030525564216077328 -0.2676622271537781
0.07152994722127914 -0.3096567392349243 -0.07441523671150208
-0.10843220353126526 0.008710015565156937 -0.20583102107048035
0.21302631497383118 -0.17104139924049377 -0.4196350872516632
-0.14818422496318817 -0.16157257556915283 -0.1997067928314209
-0.18524041771888733 -0.03549645468592644 -0.13484381139278412
-0.11870192736387253 -0.2759566903114319 -0.3094558119773865
-0.07790755480527878 -0.052340928465127945 -0.07966001331806183
-0.02761971205472946 -0.13706570863723755 -0.109408900141716
-0.038629885762929916 -0.17384563386440277 -0.3395836651325226
-0.0879577100276947 -0.2597677409648895 -0.005174704361706972
-0.025311186909675598 -0.13971775770187378 0.0790509432554245
-0.1911119520664215 -0.07713673263788223 0.032060399651527405
-0.2624088525772095 -0.15418145060539246 0.06479135155677795
-0.06533672660589218 -0.15632396936416626 0.25756317377090454
-0.24104484915733337 -0.08082400262355804 0.28390422463417053
0.010664250701665878 -0.18976333737373352 -0.19898755848407745
-0.1266549974679947 -0.17347535490989685 -0.3401654362678528
-0.3160928189754486 -0.14873015880584717 0.23992730677127838
-0.15960699319839478 -0.08690164983272552 0.3929216265678406
0.2082451432943344 -0.15767820179462433 -0.36020931601524353
-0.20382319390773773 -0.12813355028629303 0.244292750954628
-0.21157428622245789 -0.1975412368774414 0.0068093049339950085
-0.30522075295448303 0.040886398404836655 0.23511429131031036
-0.5667390823364258 -0.1644982099533081 0.2619214355945587
-0.05533188208937645 -0.07337532937526703 -0.0657079815864563
-0.11493311077356339 -0.18659885227680206 0.02551022730767727
-0.18700313568115234 -0.28983378410339355 0.09263835102319717
-0.11782506853342056 -0.18811598420143127 -0.20019468665122986
-0.23013047873973846 0.06065426021814346 0.1357472836971283
-0.2925543487071991 -0.09255683422088623 0.11694072932004929
-0.2768656015396118 -0.190248504281044 -0.005463935434818268
-0.251993864774704 -0.46556544303894043 0.2736600637435913
-0.13730351626873016 -0.19230878353118896 0.06082286685705185
-0.2869648039340973 0.06723137944936752 -0.13393975794315338
-0.21665962040424347 -0.16586308181285858 0.30731645226478577
-0.24819931387901306 -0.2567766010761261 0.15331220626831055
-0.2937718629837036 -0.013413581997156143 0.22212281823158264
-0.15073947608470917 -0.19025927782058716 0.09617296606302261
0.047314804047346115 -0.24299849569797516 -0.2848707437515259
-0.19173839688301086 0.13574516773223877 -0.04449443146586418
-0.06315644830465317 -0.38360416889190674 -0.2617945969104767
-0.14705637097358704 -0.41867685317993164 -0.48145750164985657
-0.021335585042834282 -0.3326183259487152 -0.08117063343524933
-0.28694602847099304 -0.17083124816417694 -0.06942205876111984
-0.13940812647342682 -0.010530084371566772 -0.2750784456729889
0.019415458664298058 -0.19138595461845398 0.10618434846401215
-0.1490246206521988 -0.1329893171787262 0.18270725011825562
0.03499634191393852 -0.032179996371269226 -0.1046113446354866
-0.08109482377767563 -0.06003716215491295 0.23561997711658478
-0.15837271511554718 -0.21441972255706787 0.07657600939273834
-0.17643840610980988 -0.30688750743865967 0.06354459375143051
-0.2829309403896332 -0.18464596569538116 0.04831196740269661
-0.3066197633743286 0.044446758925914764 0.03363928198814392
-0.2502768039703369 -0.20850998163223267 0.2703284025192261
-0.17391446232795715 -0.218898206949234 -0.09134983271360397
-0.036164361983537674 -0.14656855165958405 -0.08107759803533554
-0.2397417277097702 -0.17872343957424164 -0.03662528842687607
-0.18842977285385132 -0.15325352549552917 0.17960907518863678
0.12543252110481262 -0.06119440123438835 0.0190572626888752
-0.24110911786556244 -0.1471114307641983 0.3644852936267853
-0.06900246441364288 -0.1906222105026245 -0.23225581645965576
-0.011754166334867477 -0.15974470973014832 0.010344302281737328
-0.3286670446395874 -0.29412147402763367 0.20555999875068665
0.0651610717177391 -0.18241146206855774 -0.18949644267559052
-0.2881116271018982 -0.1917731612920761 0.08105707913637161
-0.1454520970582962 -0.2242276817560196 -0.39070045948028564
-0.26513049006462097 -0.15380649268627167 0.07274790108203888
-0.3026259243488312 0.04081138223409653 -0.37371525168418884
-0.2764294743537903 -0.09019116312265396 0.39327767491340637
-0.4146207869052887 -0.1240304633975029 -0.01611167937517166
-0.09347917884588242 -0.19465172290802002 0.07773175090551376
-0.2148464173078537 -0.014699079096317291 -0.24605496227741241
-0.15411970019340515 -0.045271944254636765 0.07352831214666367
-0.2439385950565338 0.10455410182476044 0.5824354887008667
-0.21937182545661926 0.011278869584202766 0.39129215478897095
-0.018368149176239967 -0.04226766526699066 0.2044302374124527
-0.19183242321014404 -0.03915661200881004 0.20725075900554657
-0.24049916863441467 -0.2355629801750183 0.2355036437511444
0.08255309611558914 -0.0470581091940403 -0.03891246020793915
-0.1606764793395996 -0.17052297294139862 -0.016003577038645744
-0.1184651330113411 -0.18792228400707245 -0.06250438839197159
-0.133524551987648 0.06133482977747917 0.09692832082509995
-0.18727831542491913 -0.007355182897299528 0.2078852355480194
-0.06851083040237427 0.17632868885993958 -0.0625724345445633
-0.1402553766965866 -0.18931783735752106 0.2059764564037323
-0.19407016038894653 -0.22146564722061157 -0.11154744774103165
-0.21881601214408875 -0.19718778133392334 0.18891283869743347
-0.13710753619670868 -0.14325761795043945 0.147223562002182
-0.24976485967636108 -0.1951444447040558 0.2751105725765228
-0.1445181667804718 -0.2433413863182068 -0.056906189769506454
-0.1946609765291214 -0.10607904195785522 0.05059487745165825
-0.1903863400220871 -0.08905455470085144 0.08441416919231415
-0.31496721506118774 -0.1348385363817215 -0.1543281525373459
-0.15077602863311768 -0.18134267628192902 0.2645133435726166
-0.14443573355674744 -0.1914132535457611 0.12683773040771484
-0.22328044474124908 -0.1271301507949829 0.4849838316440582
-0.12232258170843124 -0.274303674697876 -0.0797010064125061
-0.14471451938152313 -0.08384738117456436 0.30732327699661255
-0.3352697491645813 0.13730469346046448 -0.3241288363933563
-0.05966456979513168 -0.14699244499206543 -0.05764134228229523
-0.25670742988586426 -0.13572843372821808 -0.190268412232399
-0.15284256637096405 -0.18066641688346863 -0.17667256295681
-0.09167122095823288 -0.1466607302427292 -0.06412132829427719
-0.06886162608861923 -0.2137974351644516 -0.10291033238172531
-0.05983985960483551 -0.011989818885922432 -0.06912896037101746
-0.16849638521671295 -0.25031256675720215 0.09049523621797562
-0.334360271692276 -0.11226824671030045 0.13305266201496124
-0.03159036114811897 -0.050503578037023544 -0.3671995997428894
0.04988304153084755 -0.2658335268497467 -0.008894501253962517
-0.2731133997440338 -0.16361206769943237 0.27947717905044556
-0.2798793911933899 -0.2334432452917099 0.22749701142311096
-0.18852032721042633 -0.02301936037838459 0.4143553674221039
0.02954631857573986 -0.26967328786849976 -0.35715413093566895
-0.20147296786308289 -0.09129653871059418 0.2512562572956085
-0.17099514603614807 0.050967417657375336 -0.12984783947467804
-0.3496297597885132 0.030178513377904892 -0.18513894081115723
-0.1900891661643982 -0.2703195810317993 -0.013041604310274124
-0.22399762272834778 -0.1803896129131317 0.13457472622394562
-0.4522542953491211 0.056682288646698 -0.19068382680416107
-0.040400419384241104 -0.14241428673267365 -0.14006365835666656
0.003246110398322344 -0.1519673466682434 -0.14899247884750366
-0.20228876173496246 -0.1172780692577362 0.20879986882209778
-0.24567554891109467 -0.17024265229701996 0.02733534388244152
0.002213103463873267 -0.4246619939804077 -0.3575810194015503
-0.16439005732536316 -0.10658903419971466 0.08186822384595871
-0.4338832497596741 0.19230805337429047 0.023535963147878647
-0.33380669355392456 -0.31647947430610657 0.15779708325862885
0.06225225701928139 -0.20700858533382416 0.03844397887587547
-0.17603318393230438 -0.16563086211681366 0.09633862972259521
-0.06654727458953857 -0.0976102352142334 0.25453364849090576
-0.1417432427406311 -0.12144163995981216 0.2598949074745178
0.23942522704601288 -0.059871383011341095 0.23988233506679535
-0.20891711115837097 -0.12369247525930405 0.4023900628089905
-0.2288779467344284 -0.0008561592549085617 -0.2691822052001953
-0.2378798872232437 -0.07951346784830093 0.11805768311023712
-0.29058581590652466 -0.17891964316368103 -0.28147366642951965
-0.15653109550476074 -0.25902360677719116 -0.2825261950492859
-0.36515694856643677 -0.14331844449043274 0.05014324188232422
-0.10140188038349152 -0.256822794675827 -0.19343607127666473
0.3990373909473419 -0.013224735856056213 0.11162259429693222
-0.16559413075447083 -0.13741762936115265 -0.16608445346355438
0.06263569742441177 -0.3066372275352478 -0.530174970626831
-0.09296274185180664 0.012054715305566788 0.42076975107192993
0.01969657652080059 0.10208943486213684 -0.3457629978656769
-0.24999889731407166 -0.054179102182388306 0.3709956705570221
0.046480387449264526 -0.21986021101474762 -0.04659523442387581
-0.22973982989788055 -0.51932692527771 0.2035912722349167
-0.14445093274116516 -0.26747778058052063 -0.005081934854388237
0.004375114105641842 -0.31089550256729126 0.35111764073371887
-0.16107946634292603 -0.20852170884609222 -0.24522854387760162
-0.2519358694553375 -0.05526103079319 0.23282447457313538
-0.3183208703994751 -0.04125196486711502 -0.348192423582077
-0.03580028936266899 -0.14925408363342285 0.04431842267513275
-0.14943207800388336 -0.16326338052749634 0.04476435109972954
-0.13806089758872986 -0.19909076392650604 -0.031084047630429268
-0.38782718777656555 -0.13872867822647095 -0.25321558117866516
0.03533308953046799 0.0783630833029747 0.21264894306659698
-0.12548087537288666 -0.26849937438964844 0.08984658867120743
-0.05138242617249489 -0.20900282263755798 -0.3420129716396332
0.21530580520629883 -0.0030906014144420624 0.24955342710018158
0.12768034636974335 -0.16223254799842834 -0.19791296124458313
-0.18794696033000946 -0.08561629801988602 0.3730736970901489
-0.08886053413152695 -0.18839973211288452 -0.16145814955234528
-0.202098086476326 -0.16999326646327972 0.28723758459091187
-0.22610725462436676 -0.06672019511461258 0.4383702874183655
-0.0623459592461586 -0.23770514130592346 0.032398831099271774
-0.19245211780071259 -0.2137821763753891 0.13843317329883575
-0.3311176896095276 0.010393626987934113 0.4400973618030548
-0.44529035687446594 0.061165910214185715 -0.019548503682017326
-0.12121106684207916 -0.20922376215457916 -0.24477411806583405
-0.07132747024297714 -0.2621539533138275 -0.40525758266448975
-0.23308797180652618 -0.008551934733986855 -0.22717390954494476
-0.24534496665000916 -0.1353190541267395 0.028433676809072495
-0.28629955649375916 -0.1737159788608551 -0.04758899286389351
-0.2109513133764267 -0.09084033966064453 -0.07926145941019058
-0.1464231312274933 -0.2396315485239029 -0.195718452334404
-0.08240216225385666 -0.07964171469211578 0.23010236024856567
0.0012399839470162988 -0.22841672599315643 -0.01579412817955017
-0.2752813994884491 -0.1833355873823166 0.02005941793322563
-0.21170799434185028 0.009209198877215385 -0.06955695152282715
-0.1641397923231125 -0.09365084767341614 0.30178654193878174
-0.03139210119843483 -0.14952345192432404 -0.3037075102329254
-0.12444273382425308 -0.21946384012699127 0.16601039469242096
-0.010506577789783478 -0.1358433961868286 0.17282302677631378
-0.03075043112039566 -0.11043296754360199 -0.19322355091571808
-0.13413871824741364 -0.22568875551223755 -0.07186375558376312
-0.34304487705230713 -0.14224041998386383 0.1724633127450943
-0.20802843570709229 0.07853682339191437 0.405415803194046
0.009375983849167824 -0.2521591782569885 -0.42479220032691956
-0.3183422088623047 -0.08890928328037262 0.2262861430644989
0.03502926230430603 -0.05712350457906723 0.23351331055164337
-0.13634905219078064 -0.18177255988121033 -0.08599238842725754
-0.1284763067960739 0.060377418994903564 -0.16098007559776306
-0.14883673191070557 -0.12287009507417679 0.22038793563842773
-0.03755033761262894 -0.12456106394529343 -0.23665983974933624
-0.1073499470949173 -0.185258150100708 0.3785928785800934
-0.10024702548980713 -0.15284131467342377 -0.06419716030359268
-0.1560763120651245 -0.27798643708229065 -0.08810173720121384
-0.3825263977050781 0.05100797489285469 -0.24025268852710724
-0.1925850510597229 -0.002438881201669574 0.009860627353191376
-0.49901458621025085 0.004186790436506271 0.1613791137933731
-0.24942493438720703 -0.18228061497211456 0.24570105969905853
0.044707752764225006 -0.23756499588489532 -0.14203645288944244
-0.22869142889976501 -0.20623208582401276 0.12344928830862045
-0.33168354630470276 -0.03811487555503845 0.3063821494579315
-0.16005045175552368 -0.08522500842809677 0.2030133306980133
-0.3065953254699707 -0.08896103501319885 0.10010829567909241
-0.10510310530662537 -0.062210168689489365 0.1543761044740677
-0.041614048182964325 -0.21238677203655243 0.2554999887943268
0.004237135872244835 -0.20188722014427185 -0.2629518508911133
0.0011128239566460252 -0.2105810046195984 -0.4756998121738434
-0.04790974780917168 -0.11924378573894501 0.16395804286003113
-0.3308835029602051 -0.016701124608516693 -0.02752390131354332
-0.06704290956258774 0.38123974204063416 0.31506553292274475
0.14296738803386688 -0.17125482857227325 0.13923001289367676
-0.1296875774860382 -0.13654807209968567 0.150161474943161
-0.25425857305526733 -0.17024463415145874 0.07104828953742981
-0.02775743044912815 -0.09847894310951233 -0.1343187838792801
-0.3155844509601593 -0.05750761553645134 0.2974673807621002
-0.151530921459198 -0.15689443051815033 0.07949952036142349
-0.353834331035614 -0.19304044544696808 0.07383017241954803
-0.27907127141952515 -0.06411973387002945 0.1789306253194809
-0.18668970465660095 0.01664499007165432 -0.2456887811422348
-0.37330296635627747 0.20425163209438324 0.07341688871383667
-0.26445943117141724 0.08371946215629578 0.6714212894439697
0.05003691092133522 -0.22380395233631134 -0.005286365747451782
-0.3422424793243408 -0.2048501819372177 -0.0711182951927185
-0.0976782962679863 -0.19163338840007782 -0.0421285554766655
-0.25343433022499084 -0.19893169403076172 0.15378274023532867
-0.1680978536605835 -0.17258720099925995 0.011641720309853554
-0.22842806577682495 -0.27000582218170166 0.14705796539783478
-0.32133370637893677 -0.16796450316905975 0.10219412297010422
-0.15507879853248596 -0.11944333463907242 -0.2102099508047104
-0.2864852249622345 -0.15908671915531158 0.19574429094791412
-0.3440607488155365 0.15458911657333374 -0.1715088039636612
-0.24286611378192902 -0.16149374842643738 -0.028111489489674568
-0.14171667397022247 -0.2105596512556076 -0.21550872921943665
-0.26348334550857544 0.19726698100566864 0.6580207943916321
-0.08624310791492462 -0.09480073302984238 -0.08867570757865906
-0.10055182874202728 -0.05330920219421387 0.17386627197265625
-0.04993908852338791 -0.17299234867095947 -0.16278719902038574
-0.0547381155192852 -0.2911674678325653 -0.009611617773771286
-0.18873557448387146 -0.13393643498420715 -0.06533904373645782
-0.211653470993042 0.04054711386561394 0.13930383324623108
-0.16502806544303894 -0.15320204198360443 0.335923433303833
0.0003140995977446437 0.1319577991962433 0.5692139267921448
-0.2955637276172638 -0.1774696260690689 0.2509382963180542
-0.38552653789520264 -0.23347064852714539 -0.26519137620925903
-0.09955252707004547 -0.18850906193256378 -0.011019885540008545
-0.14239011704921722 -0.17841464281082153 0.09518998116254807
-0.36269739270210266 -0.023846525698900223 -0.010456081479787827
-0.2090967297554016 -0.0690828487277031 0.13448570668697357
-0.0563022755086422 -0.16189266741275787 -0.2232477366924286
-0.024511244148015976 -0.027862505987286568 0.2963327467441559
-0.17700685560703278 -0.2102702111005783 0.27875620126724243
-0.2191118448972702 -0.25483042001724243 -0.26923710107803345
-0.12481343001127243 0.1117500364780426 0.12746311724185944
-0.2202630639076233 -0.19816389679908752 0.14126157760620117
-0.1926216036081314 -0.05786889046430588 0.43042999505996704
-0.0006827176548540592 -0.0325990691781044 0.11056587845087051
-0.07178006321191788 0.021441979333758354 0.13962821662425995
-0.27600952982902527 -0.25525063276290894 -0.013235354796051979
-0.05446308106184006 0.26398664712905884 0.020374473184347153
-0.20430095493793488 -0.14480207860469818 0.06859864294528961
-0.1433292031288147 -0.05863448977470398 0.10258882492780685
-0.019891902804374695 0.12054663151502609 0.20366428792476654
-0.0799521803855896 -0.23606474697589874 -0.050265006721019745
-0.13433082401752472 -0.1331380307674408 0.22047579288482666
-0.14825846254825592 0.0295244213193655 0.04620344564318657
-0.24093864858150482 -0.3875720798969269 0.38940829038619995
-0.012647045776247978 -0.2681531310081482 0.12058580666780472
-0.20638881623744965 -0.19439589977264404 0.16619764268398285
-0.2692984640598297 -0.27052515745162964 0.11471031606197357
-0.04891335591673851 -0.2448367178440094 -0.4480733573436737
0.17285101115703583 -0.11394722014665604 -0.37532129883766174
-0.09094234555959702 -0.1967936009168625 0.03658614680171013
-0.1063770055770874 -0.19173778593540192 -0.19384334981441498
-0.316007137298584 -0.1866871863603592 0.19598765671253204
-0.11912525445222855 -0.16950592398643494 0.03312976285815239
-0.24658173322677612 -0.1277802735567093 0.018989533185958862
-0.18855470418930054 -0.13896732032299042 0.17604686319828033
-0.08968158066272736 -0.29091909527778625 -0.21978944540023804
-0.12218793481588364 -0.0036968165077269077 0.006847763899713755
-0.32288599014282227 -0.025162994861602783 0.28786027431488037
-0.34226498007774353 -0.09548614919185638 0.20497503876686096
-0.13775186240673065 -0.08825531601905823 -0.1518048495054245
-0.1004251167178154 -0.2132890671491623 -0.2650606632232666
0.15146954357624054 -0.1616927832365036 0.06767896562814713
0.20031306147575378 -0.15344476699829102 -0.028366003185510635
-0.040777504444122314 -0.11982037127017975 0.0001730099320411682
-0.465066134929657 -0.09934534877538681 0.0071539185009896755
0.01955401711165905 0.16187570989131927 -0.1451304852962494
-0.1291409432888031 -0.006131387781351805 -0.4661582112312317
-0.11256032437086105 -0.06795058399438858 0.10536900162696838
-0.3868722915649414 -0.0669451504945755 0.03719814866781235
-0.3480234146118164 0.16723774373531342 0.5491977334022522
-0.21450075507164001 -0.18919476866722107 0.06369389593601227
-0.17414182424545288 -0.28384310007095337 -0.020327262580394745
-0.26826727390289307 -0.23338177800178528 -0.08993375301361084
-0.24824067950248718 -0.13565301895141602 0.10752256959676743
-0.3341519236564636 0.16718924045562744 0.3072137236595154
-0.15650153160095215 -0.1705324947834015 0.012837089598178864
-0.3801937699317932 -0.09961249679327011 0.14895044267177582
-0.018345121294260025 -0.17279763519763947 -0.012856019660830498
-0.24053537845611572 -0.09133289754390717 0.3444696366786957
-0.20139987766742706 -0.2778816819190979 -0.5318042635917664
-0.15287019312381744 -0.14498712122440338 0.18767498433589935
-0.01137598231434822 0.031352609395980835 -0.20473818480968475
-0.25612905621528625 -0.19324104487895966 0.17859089374542236
-0.08145079016685486 -0.1891574263572693 0.013554209843277931
-0.2505525052547455 -0.015500416979193687 -0.0023523401468992233
-0.24264894425868988 -0.1747298687696457 -0.23404134809970856
0.05295838043093681 0.040410999208688736 0.06695607304573059
0.001520879683084786 0.36261996626853943 0.5152219533920288
0.1521138995885849 -0.0003372442442923784 0.14316517114639282
-0.09633539617061615 -0.020215729251503944 0.31163179874420166
-0.2733621597290039 0.14975328743457794 0.17244566977024078
-0.02117503434419632 -0.15793772041797638 0.15520527958869934
0.039838455617427826 -0.016944602131843567 -0.014722174033522606
-0.21148432791233063 -0.10414993762969971 0.16218574345111847
-0.1893964260816574 0.0035699389409273863 -0.06593345105648041
-0.2039121836423874 0.12904445827007294 0.35715898871421814
-0.17699359357357025 -0.18389424681663513 0.031145114451646805
-0.14932675659656525 -0.08103685826063156 -0.013628184795379639
0.06387647986412048 -0.05288145691156387 -0.18308578431606293
-0.21220271289348602 -0.18439294397830963 0.05191390961408615
-0.2709963917732239 -0.1749953329563141 0.12584523856639862
-0.11342520266771317 -0.20778484642505646 0.17709043622016907
-0.21097199618816376 0.17867571115493774 0.6928795576095581
-0.10110362619161606 -0.19193603098392487 -0.11216675490140915
-0.16566258668899536 -0.19232819974422455 0.0730896070599556
-0.20734913647174835 -0.026392579078674316 -0.045106254518032074
-0.18559905886650085 -0.3495592176914215 0.1590537428855896
-0.2970203161239624 0.08914961665868759 0.3789534568786621
-0.11803928762674332 -0.6050623059272766 -0.05129597708582878
0.03894609212875366 -0.054503433406353 -0.03907914459705353
-0.12498531490564346 -0.35967350006103516 -0.09278692305088043
-0.485567569732666 0.19481810927391052 0.21947628259658813
0.006009266711771488 -0.18829107284545898 -0.15116824209690094
0.045402172952890396 -0.17955099046230316 -0.10056333243846893
-0.1349930763244629 -0.05264097452163696 0.12410884350538254
-0.06605981290340424 -0.17583489418029785 0.15146717429161072
-0.19256344437599182 -0.2174055576324463 -0.13504467904567719
-0.040438272058963776 -0.08695404976606369 -0.15021701157093048
-0.17902688682079315 -0.19474124908447266 -0.26569485664367676
-0.30184561014175415 -0.44222068786621094 0.2571438252925873
-0.1308043748140335 -0.20925061404705048 0.158956378698349
-0.16966786980628967 -0.010051941499114037 0.31699398159980774
-0.19799596071243286 0.2291894257068634 0.49185970425605774
-0.13135352730751038 -0.08860109001398087 -0.02520516887307167
-0.19276541471481323 -0.15694332122802734 -0.20446230471134186
-0.17748889327049255 -0.18711695075035095 0.05733337625861168
-0.29297515749931335 -0.133670374751091 0.2695116698741913
-0.34141314029693604 -0.06514710187911987 0.22915740311145782
-0.3088265359401703 -0.20738279819488525 0.19303174316883087
-0.29657307267189026 -0.09520606696605682 -0.05002677068114281
-0.1940624862909317 -0.055786408483982086 0.0999041274189949
-0.1419103890657425 0.021898016333580017 0.4640008211135864
0.012411389499902725 0.2618272602558136 0.4160449206829071
-0.2795517146587372 -0.42978930473327637 0.30060672760009766
-0.1501397043466568 -0.11084040999412537 0.11869222670793533
-0.22361354529857635 -0.2250722497701645 -0.12249153107404709
-0.02043764851987362 -0.13470275700092316 -0.08019905537366867
0.11879190802574158 0.024950765073299408 0.08089370280504227
-0.17780576646327972 -0.2675504982471466 -0.11489375680685043
-0.12372083216905594 -0.15726105868816376 0.16303105652332306
0.012012504041194916 -0.22777137160301208 -0.275857150554657
-0.16050943732261658 -0.11019907891750336 0.3366226255893707
-0.22382691502571106 -0.19043858349323273 -0.2580684423446655
-0.10329402983188629 -0.09371475130319595 0.010305210947990417
0.0987241119146347 -0.18979492783546448 -0.3616340756416321
-0.2472439557313919 -0.3588659167289734 0.20084550976753235
-0.2586866617202759 0.04259968176484108 0.5916986465454102
0.052720390260219574 -0.18319740891456604 -0.17559251189231873
-0.36455416679382324 -0.0442543551325798 0.37452074885368347
-0.033985987305641174 -0.06224497780203819 0.037874672561883926
-0.1679193675518036 -0.1184735968708992 0.2809494435787201
-0.41814154386520386 -0.18006595969200134 0.28811147809028625
-0.3563500642776489 0.07814997434616089 -0.1127592921257019
-0.18582844734191895 0.041147034615278244 -0.1802113652229309
-0.2574840188026428 -0.08260524272918701 -0.07218168675899506
-0.035551268607378006 -0.07898683100938797 0.09316999465227127
-0.18881046772003174 -0.31335046887397766 0.2511918246746063
0.07359425723552704 -0.20048822462558746 -0.1349540650844574
0.1533064842224121 -0.208708718419075 0.21684138476848602
-0.18139110505580902 -0.3128949701786041 0.07039190828800201
-0.13946262001991272 -0.18136270344257355 0.2985900640487671
0.0077579328790307045 -0.4018280506134033 -0.5923503041267395
-0.06692508608102798 -0.14942042529582977 0.12299617379903793
-0.2198510318994522 -0.3745049238204956 0.21305128931999207
-0.10836350172758102 -0.1471475511789322 -0.11166974902153015
-0.08384165167808533 0.019035721197724342 0.37617695331573486
0.0514078363776207 -0.08280905336141586 0.14188508689403534
-0.2696925103664398 -0.18742963671684265 0.09957277029752731
-0.1487261950969696 -0.18657523393630981 0.013445515185594559
-0.12731297314167023 -0.07322461903095245 0.5770176649093628
-0.18531709909439087 -0.11191494762897491 -0.08089970797300339
-0.17727622389793396 0.0631452351808548 0.3519464135169983
0.03769700229167938 -0.032683998346328735 0.15376204252243042
-0.016908729448914528 0.011368103325366974 -0.22623276710510254
-0.3720405399799347 -0.03721213713288307 0.12954792380332947
-0.4237777292728424 -0.07140816003084183 0.339115172624588
-0.26870983839035034 -0.2912588119506836 0.04588053375482559
-0.19909974932670593 -0.0033495579846203327 0.3400460481643677
0.051577743142843246 -0.2351597547531128 -0.017259428277611732
-0.0322817862033844 -0.15033411979675293 -0.1278119832277298
-0.2294294685125351 -0.20049479603767395 -0.040290214121341705
-0.24512170255184174 -0.1857258826494217 -0.05975989252328873
-0.04452377185225487 -0.2893580496311188 -0.32361653447151184
-0.09478703886270523 -0.19781723618507385 0.09701196104288101
-0.03326258063316345 -0.11445867270231247 -0.11094599962234497
-0.3335142433643341 -0.3564125895500183 0.18913033604621887
-0.16824544966220856 -0.04166577383875847 0.3172534704208374
-0.06784505397081375 -0.1669222116470337 -0.10226868838071823
0.08403363078832626 -0.16517597436904907 0.0913674458861351
-0.4540826082229614 0.048724327236413956 0.07834145426750183
-0.25727203488349915 -0.062564417719841 -0.3250202536582947
-0.24414107203483582 -0.16109764575958252 0.025083160027861595
-0.2908084988594055 -0.0725615844130516 0.2681677043437958
-0.4746609032154083 -0.021856971085071564 -0.0800904631614685
-0.1221708431839943 -0.23007968068122864 -0.43611520528793335
0.0028961598873138428 -0.16873972117900848 0.25067126750946045
-0.03427773714065552 0.03863929212093353 0.004987258929759264
-0.21400807797908783 -0.14346812665462494 0.11484324932098389
-0.13029001653194427 -0.19435469806194305 -0.5627833008766174
-0.08449457585811615 -0.203097864985466 -0.27114421129226685
-0.2452026754617691 -0.20087413489818573 0.08493924140930176
-0.12222999334335327 0.09823217988014221 0.45856592059135437
-0.19262318313121796 0.06802241504192352 0.11506079882383347
-0.09242088347673416 0.08640551567077637 0.15536701679229736
-0.3897642195224762 -0.05815315246582031 0.2987736761569977
-0.24393825232982635 0.08128530532121658 -0.011911427602171898
-0.2474144846200943 -0.23583221435546875 0.11719188839197159
-0.1771891713142395 -0.12973065674304962 -0.01996253989636898
-0.1681676059961319 -0.18859551846981049 -0.1543908268213272
-0.16255158185958862 -0.419315367937088 -0.3985879719257355
-0.3072762191295624 -0.29528680443763733 0.07762667536735535
-0.2495359480381012 -0.23260168731212616 0.3724772036075592
0.008967891335487366 -0.12540923058986664 -0.25275352597236633
-0.19264551997184753 -0.17363211512565613 0.1134631484746933
-0.12750205397605896 -0.22671225666999817 0.23621760308742523
-0.12186014652252197 -0.16810069978237152 0.2095773071050644
-0.20632757246494293 -0.08563248068094254 0.1832769215106964
-0.15553797781467438 -0.1739378720521927 0.09578410536050797
-0.25299206376075745 0.05642513185739517 -0.03779781982302666
-0.010849883779883385 -0.16656231880187988 0.0055940644815564156
-0.0021103480830788612 -0.17259502410888672 0.06282439827919006
-0.2033597230911255 -0.15287454426288605 0.3701581358909607
-0.22672399878501892 0.035627834498882294 -0.30192968249320984
-0.08857541531324387 -0.13861097395420074 0.03921334818005562
-0.1125791147351265 -0.16585561633110046 0.0035693515092134476
-0.1464010328054428 -0.22716976702213287 0.18453682959079742
-0.04505014792084694 -0.0649036094546318 0.2511840760707855
-0.18068470060825348 -0.344464510679245 0.31338998675346375
0.00696226442232728 -0.7193567752838135 -0.6602412462234497
-0.042389802634716034 -0.09362370520830154 0.03623075783252716
-0.27553102374076843 -0.24473659694194794 0.29706335067749023
-0.03053610771894455 -0.21389548480510712 -0.01167403906583786
-0.3348517119884491 -0.27378973364830017 -0.02975868247449398
-0.47906580567359924 -0.2566874325275421 0.03167194873094559
-0.2074015587568283 -0.0696403905749321 -0.1754142940044403
-0.207670658826828 -0.10531887412071228 -0.3066787123680115
-0.12087568640708923 -0.22245827317237854 0.02478465996682644
0.11498855799436569 -0.13801950216293335 -0.11170627921819687
-0.21125128865242004 -0.10579121857881546 -0.04420916363596916
-0.03179827705025673 -0.1933075189590454 -0.06982387602329254
0.08430052548646927 -0.4813908338546753 -0.38622286915779114
-0.3435046672821045 -0.21492844820022583 -0.03811229020357132
-0.09851601719856262 -0.04372328147292137 0.1920354664325714
0.023083586245775223 -0.26540568470954895 -0.3405482769012451
0.03014039434492588 -0.11034028232097626 -0.12427889555692673
0.0017763241194188595 -0.2885449528694153 -0.44886696338653564
-0.2959875166416168 0.005201549269258976 -0.03505474701523781
-0.13650952279567719 -0.4943990111351013 -0.42498093843460083
-0.3412592113018036 -0.06286121904850006 0.12410809099674225
-0.19571179151535034 -0.08910268545150757 -0.05320155993103981
-0.08798392117023468 -0.09965761750936508 -0.2656823992729187
-0.11149748414754868 -0.11248838156461716 0.3849104344844818
-0.0911804810166359 -0.186835378408432 0.13814856112003326
-0.17379258573055267 0.0678175687789917 -0.08284556120634079
-0.34483441710472107 -0.17472147941589355 0.0518929585814476
0.1180577427148819 -0.14468985795974731 -0.02895881049335003
-0.25074470043182373 -0.002369617111980915 -0.004357788246124983
-0.14921560883522034 0.0539887398481369 0.41069281101226807
0.025621114298701286 0.1657457798719406 0.683704674243927
-0.20239834487438202 -0.008270611986517906 -0.05003371834754944
-0.24490435421466827 -0.030356524512171745 0.010362520813941956
-0.22465722262859344 -0.198015958070755 0.1522388607263565
-0.14134590327739716 -0.0464283749461174 -0.007509745191782713
-0.10219930857419968 0.01614793762564659 -0.26225709915161133
-0.2214164435863495 -0.1306968778371811 0.4143994450569153
-0.024352986365556717 -0.1977938562631607 0.17426034808158875
-0.1480475217103958 -0.06416825205087662 -0.12152079492807388
0.03413325548171997 -0.5806158185005188 -0.13165254890918732
-0.39662671089172363 -0.22946511209011078 0.11707538366317749
0.04264539107680321 -0.17928306758403778 -0.17805668711662292
-0.16641467809677124 -0.19318564236164093 0.020153816789388657
-0.101650670170784 -0.019505171105265617 0.41566652059555054
-0.28977295756340027 -0.25328803062438965 0.41805484890937805
-0.16424460709095 -0.12205777317285538 -0.027028575539588928
-0.1247616782784462 -0.07081907987594604 -0.030720366165041924
-0.1526402086019516 -0.15035776793956757 0.08935180306434631
-0.08750226348638535 0.2697294056415558 0.04238249734044075
-0.13142846524715424 -0.161170095205307 0.199004665017128
-0.16111373901367188 -0.16553747653961182 0.1323557198047638
-0.17543768882751465 0.11682984232902527 0.43775996565818787
-0.04577917605638504 0.29025009274482727 -0.039372459053993225
-0.30188727378845215 -0.17207451164722443 0.10980824381113052
-0.2306775599718094 -0.2170807272195816 0.182032972574234
-0.08477349579334259 -0.31364762783050537 -0.08362013101577759
0.02700420282781124 -0.09009277820587158 -0.06409294158220291
-0.25651344656944275 0.2520706355571747 0.2805454730987549
-0.013405518606305122 -0.03259599953889847 0.23800313472747803
-0.15402783453464508 -0.20401369035243988 -0.030929209664463997
-0.2766329050064087 -0.0932369977235794 -0.21881736814975739
-0.18950510025024414 -0.19546258449554443 0.22489449381828308
-0.2084978222846985 -0.2860744297504425 -0.004746325314044952
-0.1448255032300949 -0.02900700643658638 0.40228039026260376
-0.23864786326885223 0.03113233670592308 -0.046326473355293274
-0.1388428509235382 -0.16665524244308472 0.10523729771375656
-0.1868055760860443 -0.21833916008472443 0.3044652044773102
-0.14536239206790924 -0.12896953523159027 -0.15054911375045776
-0.21823132038116455 -0.16680622100830078 0.054080523550510406
-0.31076860427856445 -0.03535786643624306 0.12948259711265564
-0.025869548320770264 -0.29718923568725586 -0.45195943117141724
-0.15558214485645294 -0.05342717468738556 0.02832684852182865
-0.11625413596630096 -0.0039855255745351315 0.42878225445747375
-0.12993520498275757 -0.34501737356185913 -0.5118597745895386
-0.016713296994566917 0.029460854828357697 -0.2733199894428253
-0.12380316108465195 -0.021094340831041336 -0.19788436591625214
-0.18847998976707458 -0.179450124502182 -0.015216931700706482
-0.14598022401332855 0.1486862748861313 0.07422632724046707
-0.07413403689861298 0.11783215403556824 -0.40601590275764465
-0.028757521882653236 -0.28364723920822144 -0.3670055568218231
-0.05631692335009575 0.08811012655496597 -0.3214593231678009
-0.2751142382621765 -0.20120081305503845 0.16480803489685059
-0.031133700162172318 -0.22505931556224823 0.1214049905538559
-0.1920168250799179 -0.0996219590306282 -0.11293231695890427
-0.207231342792511 -0.1541372835636139 -0.031163876876235008
-0.0563633069396019 -0.1841713786125183 0.29250678420066833
-0.3993515074253082 0.061655525118112564 -0.0938100591301918
-0.16550301015377045 -0.08294474333524704 -0.08072950690984726
-0.6889155507087708 0.12427134811878204 -0.22196806967258453
-0.4326559603214264 -0.21504956483840942 0.09256410598754883
-0.47038722038269043 0.04227665439248085 0.39531201124191284
-0.1767154335975647 -0.242257222533226 0.22611898183822632
-0.10226903855800629 0.051254648715257645 0.1295166164636612
-0.27186834812164307 0.1643620878458023 -0.16302309930324554
0.018229039385914803 0.15617305040359497 -0.10575329512357712
-0.18849888443946838 -0.09889941662549973 0.4770421087741852
-0.2804432213306427 -0.16615545749664307 0.23303742706775665
-0.1897832602262497 -0.18481330573558807 -0.2658260762691498
-0.2424461841583252 -0.18250013887882233 -0.2217523604631424
0.15388526022434235 -0.4561173915863037 -0.08293183892965317
-0.11721886694431305 -0.23409493267536163 -0.021062664687633514
-0.1488850861787796 -0.15142983198165894 0.22309982776641846
-0.31749626994132996 -0.026960808783769608 0.22435857355594635
-0.07611186057329178 -0.23475272953510284 -0.09494808316230774
-0.2571498453617096 -0.07266617566347122 0.3768015503883362
-0.21809841692447662 -0.2836642563343048 0.37320923805236816
-0.22041873633861542 -0.09625821560621262 -0.11600973457098007
-0.33190444111824036 -0.00021448428742587566 0.13808320462703705
-0.2028152048587799 -0.00521670188754797 -0.10254884511232376
-0.05005372688174248 -0.21423564851284027 -0.3019736707210541
-0.0202930998057127 -0.3068234920501709 -0.36515823006629944
-0.13358289003372192 -0.25453218817710876 -0.13212081789970398
-0.12984971702098846 -0.2214825451374054 -0.16302794218063354
-0.23545046150684357 -0.22266848385334015 0.17507204413414001
-0.10260245203971863 0.07794932276010513 -0.17005908489227295
-0.09948230534791946 -0.26392385363578796 0.23064428567886353
-0.1553696095943451 -0.7281258702278137 -0.38831546902656555
-0.05046846345067024 -0.11531519144773483 0.023419145494699478
-0.0953802838921547 -0.01930137164890766 0.5653084516525269
-0.12319520860910416 -0.18563979864120483 -0.11695078015327454
-0.36233463883399963 -0.12471959739923477 0.06371381878852844
0.11840786784887314 -0.2598299980163574 -0.39538508653640747
-0.3096521496772766 0.10190515220165253 0.41694968938827515
-0.06697224080562592 -0.14709211885929108 -0.06790788471698761
-0.2705102860927582 -0.24800744652748108 0.46435481309890747
-0.17129302024841309 -0.2588791847229004 -0.11632314324378967
-0.3530232310295105 -0.14914388954639435 0.30275967717170715
-0.1707712560892105 -0.16163119673728943 0.07318402081727982
-0.07559281587600708 -0.16674412786960602 -0.19093084335327148
-0.06834738701581955 -0.09051335602998734 -0.021324558183550835
-0.03485516831278801 -0.15446321666240692 -0.2798832952976227
-0.14641599357128143 -0.3342296779155731 0.47463589906692505
-0.048356641083955765 -0.2664463222026825 -0.1092170998454094
-0.11787362396717072 -0.13990268111228943 0.13995963335037231
0.01893957145512104 -0.41329947113990784 0.16148729622364044
-0.012307532131671906 0.015078432857990265 -0.0641229972243309
-0.14381806552410126 -0.07954525947570801 0.011462192982435226
-0.037712980061769485 -0.0024495557881891727 -0.008021218702197075
-0.06567104160785675 -0.20889469981193542 -0.15791092813014984
-0.10392835736274719 -0.28906527161598206 -0.030763966962695122
-0.030959632247686386 -0.2561693787574768 0.010550444945693016
-0.30685052275657654 -0.029396208003163338 0.2351302206516266
-0.08165457099676132 -0.17577409744262695 0.013880657032132149
-0.13801169395446777 -0.12521880865097046 0.29520413279533386
0.038098543882369995 -0.22550448775291443 0.06408785283565521
-0.2803955376148224 0.012745806947350502 0.153311625123024
0.18781627714633942 -0.21695999801158905 0.005201924126595259
-0.21254630386829376 -0.16656318306922913 0.24488306045532227
-0.11260482668876648 0.03147552162408829 -0.37635764479637146
-0.23769566416740417 -0.1680138260126114 -0.07479054480791092
-0.17213760316371918 -0.10709425061941147 0.04635604843497276
-0.2386203408241272 -0.2766842842102051 -0.31684455275535583
-0.13363586366176605 -0.2542182505130768 -0.334844708442688
-0.3139668107032776 -0.1489434838294983 -0.12805356085300446
-0.07336769998073578 -0.26810595393180847 0.0747072845697403
-0.3997120261192322 0.03309188038110733 0.058371275663375854
-0.05343680828809738 -0.16756202280521393 -0.07936622202396393
-0.15337598323822021 -0.10385020077228546 0.3228801190853119
-0.18619191646575928 -0.048363808542490005 0.21902337670326233
-0.047874558717012405 -0.020865194499492645 0.14051790535449982
-0.6083089709281921 -0.21741434931755066 -0.04192054271697998
-0.08588992059230804 -0.1229173094034195 0.20874227583408356
-0.3541640639305115 -0.10578549653291702 0.3029394745826721
-0.1704847365617752 -0.15387974679470062 0.13156819343566895
0.10458900779485703 -0.11765741556882858 0.16032150387763977
-0.19514746963977814 -0.14426274597644806 0.12477367371320724
0.014285489916801453 -0.18213769793510437 0.03912072256207466
0.09511708468198776 -0.1793414056301117 0.36567389965057373
-0.4663948714733124 -0.20656874775886536 -0.3806755840778351
0.1954386979341507 0.12769633531570435 -0.25183990597724915
-0.03228458762168884 -0.1920064389705658 -0.1712968647480011
-0.31820493936538696 0.043663389980793 0.21394284069538116
0.014189302921295166 -0.22717086970806122 -0.2580639719963074
0.12550722062587738 0.2794511616230011 0.045169491320848465
-0.053548574447631836 -0.35764285922050476 -0.5322099924087524
-0.4201652705669403 0.0351022370159626 -0.2919832468032837
-0.16150537133216858 -0.3166232407093048 -0.0659448504447937
-0.1319240927696228 -0.1924756020307541 0.04103638231754303
-0.10426416993141174 -0.2125149518251419 -0.07872024923563004
-0.09720487147569656 0.07874442636966705 0.0009132654522545636
0.04059026390314102 -0.017011374235153198 -0.09509700536727905
-0.2205103039741516 0.11034021526575089 -0.08193076401948929
-0.17270685732364655 -0.17150411009788513 0.0513065904378891
-0.20346768200397491 -0.13854849338531494 0.0019832442048937082
-0.2721318304538727 0.10326040536165237 -0.24025976657867432
-0.24942421913146973 -0.16543932259082794 0.34481918811798096
-0.22966434061527252 -0.01554080843925476 -0.2409500777721405
-0.2461722046136856 -0.17791973054409027 -0.054310716688632965
-0.10750241577625275 -0.3410640060901642 -0.4514176547527313
-0.3248659670352936 -0.13929660618305206 0.00882680807262659
-0.26325756311416626 -0.2142663300037384 0.14863461256027222
0.10938895493745804 -0.13058987259864807 -0.173778235912323
-0.17494575679302216 -0.11506130546331406 0.32810837030410767
0.05622400715947151 -0.11628407984972 0.3433675765991211
-0.14245977997779846 -0.3403463661670685 0.16676166653633118
-0.19471469521522522 -0.14618074893951416 0.20377545058727264
0.1375083178281784 -0.2141284942626953 -0.32260748744010925
-0.20931918919086456 -0.18888573348522186 -0.05585488677024841
-0.1709810048341751 -0.24995383620262146 0.08686603605747223
-0.26793843507766724 -0.22299067676067352 0.01666944846510887
-0.06492500752210617 -0.17869268357753754 -0.043026529252529144
-0.1776343584060669 -0.1104104146361351 0.2835853397846222
0.017663322389125824 0.07591230422258377 0.12270872294902802
-0.06818464398384094 -0.03370216116309166 0.29857876896858215
0.0974922776222229 -0.3174387812614441 0.011296654120087624
-0.23984025418758392 -0.14519572257995605 0.12276345491409302
-0.40401414036750793 -0.11099667102098465 0.2959097623825073
0.22867460548877716 -0.28122735023498535 -0.5462254881858826
-0.18429096043109894 -0.16421209275722504 -0.2162063866853714
-0.25303584337234497 -0.1863117665052414 0.22050513327121735
-0.26967474818229675 -0.23448710143566132 -0.18576331436634064
-0.21546725928783417 0.0896402969956398 0.3412184417247772
-0.23631083965301514 -0.22369463741779327 0.04284992441534996
0.11308544874191284 -0.18978193402290344 -0.17710983753204346
-0.1314534842967987 -0.06030142679810524 -0.10690120607614517
-0.3320411443710327 -0.21489593386650085 -0.0002499024849385023
-0.13344444334506989 -0.17231051623821259 -0.27436167001724243
-0.27296003699302673 0.16326014697551727 0.2995372414588928
-0.1672888547182083 0.11164463311433792 0.49190324544906616
-0.16228099167346954 -0.1470772922039032 -0.2943263351917267
-0.12988993525505066 -0.22332583367824554 0.14830893278121948
-0.1456635445356369 0.03187674283981323 0.2903267741203308
0.0004545131232589483 -0.18645232915878296 -0.0365929901599884
-0.2855110466480255 -0.09319593757390976 -0.01384742185473442
-0.3877114951610565 0.39571821689605713 -0.057623833417892456
-0.021060388535261154 -0.2640351355075836 0.0622478649020195
-0.11622590571641922 -0.19392603635787964 0.03394277021288872
-0.11195694655179977 -0.09008805453777313 -0.043698325753211975
-0.44072994589805603 0.0427805632352829 -0.030485009774565697
-0.08151181042194366 -0.1041686087846756 -0.05755956843495369
-0.22463321685791016 -0.014885064214468002 0.23446784913539886
-0.11790713667869568 -0.22890210151672363 -0.10005147755146027
-0.0636407807469368 -0.5322056412696838 -0.26760944724082947
-0.26817822456359863 -0.19076795876026154 -0.022516045719385147
-0.2525085508823395 -0.2556474208831787 -0.2985827624797821
0.062414415180683136 -0.06453309953212738 -0.05148054659366608
-0.2247265875339508 -0.15310125052928925 -0.10489967465400696
-0.14591805636882782 -0.13138891756534576 -0.006443519610911608
-0.21363528072834015 -0.16070756316184998 0.19244717061519623
-0.2025958150625229 -0.12355702370405197 0.1550484299659729
0.022384855896234512 -0.21591998636722565 -0.3459717929363251
-0.26945891976356506 -0.21169796586036682 -0.17941878736019135
-0.17235404253005981 -0.1857559084892273 0.4608248174190521
-0.19547849893569946 -0.08302611112594604 0.5342283844947815
-0.27212879061698914 -0.06138218566775322 0.3583158552646637
-0.10154207795858383 -0.08526775985956192 0.045490577816963196
-0.08627734333276749 -0.22656914591789246 0.1165105551481247
-0.1660289317369461 -0.40215447545051575 -0.5338135957717896
-0.16282597184181213 -0.19461479783058167 0.045172907412052155
-0.07899966090917587 0.018477872014045715 -0.12372247129678726
-0.15070468187332153 -0.15398451685905457 0.21378497779369354
-0.2620446979999542 -0.18742471933364868 0.35436585545539856
-0.18443453311920166 -0.20091016590595245 0.09631089121103287
-0.4487711787223816 0.22886520624160767 0.022260405123233795
-0.009356025606393814 -0.13730812072753906 0.11255769431591034
-0.1932280957698822 -0.19402503967285156 -0.017964009195566177
-0.1592080295085907 -0.16841493546962738 -0.07852640748023987
-0.22312988340854645 -0.15441308915615082 0.3805176019668579
-0.3829937279224396 -0.4022749066352844 0.12588530778884888
-0.13904331624507904 -0.08485931903123856 -0.22639843821525574
-0.13823151588439941 -0.20427483320236206 -0.10882893949747086
-0.16718876361846924 -0.18068167567253113 0.07621164619922638
-0.16514261066913605 -0.018211590126156807 -0.19491490721702576
-0.2124326378107071 -0.16635924577713013 0.3515905439853668
-0.12088936567306519 -0.08087693899869919 0.03904642164707184
-0.13112710416316986 -0.13525862991809845 0.1476641148328781
-0.1574445366859436 -0.24956652522087097 -0.07522125542163849
-0.04235260561108589 -0.23948132991790771 -0.39758843183517456
-0.3343900144100189 -0.20746643841266632 0.2745909094810486
-0.2876952886581421 -0.20046661794185638 0.0678132027387619
-0.2648544907569885 0.11101958155632019 0.7022120952606201
0.001999560045078397 -0.18266749382019043 -0.2760607898235321
-0.07177519798278809 -0.2636258006095886 -0.4181549847126007
-0.17989516258239746 -0.055253371596336365 0.059241313487291336
-0.17342598736286163 -0.25655779242515564 0.02183970808982849
-0.17976391315460205 -0.24393628537654877 0.06311683356761932
0.1373378187417984 -0.12158747017383575 -0.22531265020370483
-0.1406291276216507 -0.17002683877944946 -0.03506256267428398
-0.10875845700502396 -0.1701623499393463 0.10072628408670425
0.004298088606446981 -0.20203402638435364 -0.2730105221271515
-0.13998989760875702 -0.11730559170246124 0.322738915681839
-0.20943522453308105 0.0012634830782189965 0.4325549006462097
-0.1796361356973648 -0.2189142107963562 -0.3359271287918091
-0.3325453996658325 -0.11734883487224579 0.04660628363490105
0.043586425483226776 -0.36042913794517517 0.19120171666145325
-0.23622892796993256 -0.12571583688259125 -0.07398302853107452
0.0635821595788002 -0.12350352108478546 -0.4500999450683594
-0.5192480683326721 0.39774107933044434 0.11838015168905258
-0.10716456174850464 -0.127329483628273 0.11444327980279922
-0.20063787698745728 -0.06804528087377548 -0.15712855756282806
-0.1434471607208252 -0.05759008228778839 -0.10278159379959106
-0.2967536449432373 -0.14128965139389038 0.19178301095962524
-0.309410959482193 -0.023643802851438522 0.5768362879753113
-0.5421448945999146 0.02009534277021885 -0.34870490431785583
-0.06465337425470352 -0.1898515820503235 -0.30327656865119934
0.09791877865791321 -0.1527288854122162 -0.21300500631332397
-0.06995638459920883 0.03706579655408859 0.2825016975402832
-0.18869033455848694 0.15874320268630981 0.3884674906730652
-0.07228653132915497 -0.12197770923376083 -0.09818891435861588
-0.25623518228530884 -0.30584320425987244 0.49495774507522583
-0.2187303900718689 -0.1831904649734497 -0.15236453711986542
-0.2834659516811371 -0.3320452868938446 0.4119582772254944
0.00504386518150568 -0.1680368185043335 -0.26658791303634644
-0.15202218294143677 -0.07354641705751419 0.22507385909557343
-0.26687178015708923 0.24617543816566467 0.29261910915374756
-0.05543575808405876 -0.2251695692539215 -0.32725223898887634
0.0631541982293129 -0.26223307847976685 -0.3923638164997101
-0.04916881397366524 -0.30027613043785095 -0.03187565878033638
-0.15616580843925476 -0.18224821984767914 0.21894624829292297
-0.08858796209096909 -0.004174205474555492 -0.023425446823239326
-0.07187145203351974 -0.01027631014585495 -0.004608471412211657
-0.18802952766418457 0.017189854755997658 -0.21161049604415894
-0.24045269191265106 -0.3206111490726471 0.0876702070236206
-0.14020109176635742 -0.07780476659536362 -0.13431815803050995
-0.21055802702903748 -0.18848839402198792 0.2414943277835846
-0.12987136840820312 -0.16597843170166016 -0.1484166383743286
-0.1833716183900833 -0.2542836666107178 -0.045905087143182755
-0.4687986373901367 -0.0802944228053093 0.11547231674194336
-0.24377688765525818 -0.11025600135326385 0.3089071810245514
-0.14025719463825226 -0.0831427201628685 0.2709217667579651
-0.16849343478679657 -0.15368472039699554 0.09549526870250702
-0.3293609321117401 -0.09337412565946579 0.2996644079685211
-0.0828002393245697 -0.3586926758289337 -0.5587885975837708
-0.2912357449531555 -0.3330264985561371 0.18770337104797363
-0.24117131531238556 0.27709826827049255 -0.06303349882364273
-0.2898041903972626 -0.14019136130809784 0.2073708474636078
0.05433467775583267 -0.21620994806289673 -0.5809583067893982
-0.05697212368249893 -0.01546563021838665 0.146215558052063
-0.05299355089664459 -0.17262767255306244 -0.20096375048160553
0.016030896455049515 0.11101534217596054 0.18946921825408936
-0.16806723177433014 -0.15446677803993225 -0.19939376413822174
-0.19783402979373932 -0.31203970313072205 0.2726344168186188
-0.2786502540111542 0.07987086474895477 0.3624131679534912
-0.16397973895072937 -0.18807603418827057 -0.026499513536691666
-0.04235656559467316 0.07108920067548752 0.6831064224243164
-0.37921756505966187 -0.25586289167404175 0.2666063904762268
-0.19636867940425873 -0.18042439222335815 0.2777498662471771
-0.1494400054216385 -0.2758980989456177 -0.17175781726837158
-0.057061269879341125 -0.1826854944229126 -0.29167354106903076
-0.046910978853702545 -0.576797366142273 -0.37251654267311096
-0.14264504611492157 0.008407330140471458 0.17785975337028503
-0.24811291694641113 -0.11536509543657303 0.001238460885360837
-0.09685000032186508 -0.006670322734862566 -0.020534297451376915
-0.258505254983902 -0.06362105906009674 -0.11570251733064651
-0.26022621989250183 0.10452087968587875 -0.3409780263900757
-0.13548952341079712 0.12505477666854858 0.037685830146074295
-0.230477437376976 -0.05837974324822426 0.018412267789244652
-0.17471958696842194 -0.19660764932632446 -0.26294994354248047
-0.11184734851121902 0.11972615867853165 0.6750696897506714
-0.15882642567157745 -0.2389075607061386 0.08931359648704529
-0.12386176735162735 0.3023480474948883 0.19475647807121277
-0.16212807595729828 -0.09341170638799667 0.27048176527023315
-0.04758121445775032 -0.034826163202524185 -0.23499168455600739
-0.23555465042591095 0.21474185585975647 -0.13241492211818695
-0.196823850274086 -0.2513786852359772 0.03901591897010803
-0.2567603588104248 -0.13846690952777863 -0.015204494819045067
-0.12495812028646469 -0.1436638981103897 -0.07011030614376068
-0.014572804793715477 0.05868810787796974 0.3661448359489441
-0.16037921607494354 -0.2144678384065628 0.08707468211650848
-0.2527225911617279 -0.0527254082262516 0.1630219966173172
-0.20703186094760895 -0.11382854729890823 -0.10090593248605728
-0.06786505877971649 -0.1631844937801361 0.07528518885374069
-0.07253274321556091 -0.027683982625603676 -0.1151844784617424
-0.13856388628482819 -0.13262321054935455 0.023920822888612747
-0.20791682600975037 -0.24620302021503448 -0.18755082786083221
-0.11009996384382248 -0.21532803773880005 0.23436130583286285
-0.3033430576324463 -0.029871350154280663 0.10292503982782364
-0.021686455234885216 -0.12280884385108948 -0.1087605357170105
0.04112081229686737 -0.21836335957050323 0.06664147228002548
-0.29365214705467224 -0.2247544527053833 0.464592844247818
-0.197047621011734 -0.1831599771976471 0.005071917548775673
-0.2444179803133011 -0.11743270605802536 0.3231445848941803
-0.05584026500582695 -0.14878882467746735 -0.2197486162185669
-0.11118359863758087 -0.18101637065410614 0.02181982807815075
-0.15093158185482025 -0.28516051173210144 -0.02004757709801197
0.18663382530212402 -0.21988463401794434 0.3242744207382202
-0.23572947084903717 0.014277011156082153 -0.09537036716938019
-0.11262927949428558 -0.23049186170101166 0.06990806013345718
-0.233225479722023 -0.2269345074892044 0.19297994673252106
-0.3009282052516937 -0.24777351319789886 -0.001603803364560008
-0.00032845058012753725 -0.21008272469043732 -0.4989413022994995
-0.21415002644062042 -0.38779139518737793 0.13748377561569214
-0.11261770874261856 -0.12010353058576584 -0.19251731038093567
-0.08518324047327042 -0.05398991331458092 -0.25101438164711
-0.12060029804706573 -0.008590059354901314 0.2702953517436981
-0.5592259168624878 -0.3676777780056 -0.031699396669864655
-0.23956556618213654 0.022933023050427437 -0.05295789986848831
-0.1839650571346283 -0.18716691434383392 -0.05983053147792816
-0.10492570698261261 -0.23876096308231354 -0.09565122425556183
-0.3141595125198364 -0.2227623611688614 0.2281932830810547
-0.1608089804649353 -0.15723705291748047 -0.036760732531547546
-0.05557359382510185 0.029178034514188766 -0.1501324474811554
-0.11759550124406815 -0.2207280546426773 0.032848481088876724
-0.08799054473638535 0.03166474401950836 -0.19689981639385223
-0.208923801779747 -0.14570973813533783 0.05713467672467232
-0.10591504722833633 -0.29649004340171814 -0.1964147835969925
-0.23900772631168365 -0.09840077906847 -0.07957679778337479
-0.2840871512889862 -0.19585248827934265 0.013613883405923843
-0.33536291122436523 0.31449660658836365 -0.03133639320731163
-0.335016131401062 -0.22164557874202728 0.4077134132385254
0.1376364529132843 -0.3892263174057007 -0.2839297950267792
-0.21887490153312683 -0.19794145226478577 0.1260802298784256
-0.3500199317932129 0.160342276096344 0.3757845163345337
-0.12682093679904938 0.07570230215787888 -0.35830381512641907
0.022068768739700317 -0.16533653438091278 -0.18426047265529633
0.03867407888174057 -0.11539387702941895 -0.2205134481191635
-0.4488542973995209 0.09659558534622192 0.0413556806743145
-0.258628249168396 0.10142715275287628 -0.4018595814704895
-0.03298398479819298 -0.3020038902759552 -0.404938668012619
-0.1614588052034378 -0.30906638503074646 0.08258876949548721
0.05977549031376839 0.09890276938676834 0.39605003595352173
-0.05159776657819748 -0.1565556675195694 0.009693607687950134
-0.23364262282848358 -0.18529342114925385 0.017722800374031067
-0.09235480427742004 -0.11818205565214157 0.18005666136741638
-0.01936483010649681 -0.23041298985481262 0.0903075560927391
-0.27716726064682007 -0.20323270559310913 0.042312730103731155
-0.2921832501888275 -0.08547445386648178 0.15318219363689423
-0.22829002141952515 -0.10958410054445267 0.06812386214733124
-0.0636778175830841 -0.16117721796035767 -0.18986892700195312
-0.38487866520881653 -0.028872579336166382 -0.36532285809516907
-0.24925610423088074 -0.24132995307445526 0.2135789543390274
-0.025484422221779823 0.22745837271213531 0.040363069623708725
-0.09514305740594864 -0.062007371336221695 -0.17546597123146057
-0.1990687996149063 -0.19501851499080658 0.01873232237994671
-0.2173532098531723 -0.11652589589357376 0.32408690452575684
-0.022448552772402763 -0.12692216038703918 0.15943780541419983
-0.32482847571372986 -0.09785392880439758 0.2501174807548523
-0.12237396091222763 -0.29358166456222534 -0.23565971851348877
0.042754072695970535 -0.2097271829843521 -0.038893379271030426
-0.23636895418167114 0.15701064467430115 0.38280847668647766
-0.025966037064790726 -0.10987299680709839 -0.37540528178215027
-0.3779626488685608 0.0049478886649012566 -0.05462491512298584
-0.16099633276462555 -0.11343520879745483 0.02665742114186287
-0.21032795310020447 -0.1789911389350891 0.096261166036129
-0.23437649011611938 -0.06844757497310638 0.37289828062057495
-0.028654027730226517 -0.35285866260528564 0.07647797465324402
0.008182669058442116 -0.1631690263748169 0.27827730774879456
0.09236589819192886 -0.16347353160381317 -0.25646767020225525
-0.20619171857833862 -0.14572331309318542 0.46840405464172363
-0.5166711211204529 0.35360926389694214 0.27238231897354126
0.04468212276697159 -0.473741739988327 -0.29169753193855286
-0.25782638788223267 0.047286294400691986 -0.15197934210300446
-0.168438121676445 -0.29087960720062256 -0.04312102496623993
-0.028341474011540413 -0.004727491643279791 0.039266351610422134
-0.11107876151800156 -0.18263334035873413 0.03755491226911545
0.016226379200816154 -0.19783170521259308 -0.2688944935798645
-0.23939931392669678 -0.0998019129037857 -0.29018107056617737
-0.0019744669552892447 -0.045541394501924515 -0.2766571640968323
-0.10945428162813187 -0.23628918826580048 0.08191107958555222
-0.12791918218135834 -0.20357541739940643 0.3458344042301178
-0.13834910094738007 -0.1969340443611145 0.0904821828007698
-0.06426113843917847 0.02339474856853485 -0.2313397228717804
0.12253167480230331 0.0004211118211969733 -0.0712033063173294
-0.2221796214580536 -0.1538698673248291 -0.12095847725868225
-0.15179483592510223 -0.19272324442863464 0.2089308351278305
-0.5755359530448914 0.0303410142660141 -0.014341555535793304
-0.300936758518219 -0.2722259759902954 -0.02620476484298706
-0.18236330151557922 -0.022048046812415123 0.4314675033092499
-0.2157045602798462 -0.14551346004009247 0.19891849160194397
0.07827620208263397 0.16251322627067566 -0.1226745992898941
-0.23311538994312286 -0.1717298924922943 -0.021753866225481033
-0.3268985450267792 -0.3431149125099182 0.253499835729599
-0.20944395661354065 -0.17812730371952057 0.1897677481174469
-0.18199868500232697 -0.10468291491270065 -0.09636705368757248
-0.2886927127838135 0.19799910485744476 0.5913205742835999
-0.16375547647476196 -0.08837614953517914 0.1881140172481537
-0.14693967998027802 -0.4228847026824951 0.22348549962043762
-0.2448030412197113 -0.20799057185649872 -0.2588759660720825
-0.12810368835926056 -0.15014055371284485 -0.049929775297641754
-0.33069032430648804 0.0590718649327755 0.24597404897212982
-0.12297069281339645 -0.14314326643943787 -0.3912063241004944
-0.21251529455184937 -0.1737060397863388 -0.08186224102973938
-0.14918947219848633 -0.018450355157256126 0.24706420302391052
-0.28332585096359253 0.035117924213409424 0.3241272568702698
-0.14850649237632751 -0.18167716264724731 -0.02417464554309845
0.08293191343545914 -0.1193469986319542 -0.11341498047113419
-0.2973669469356537 -0.06350446492433548 -0.30596843361854553
-0.022730804979801178 -0.2885834574699402 0.33260470628738403
-0.17187798023223877 -0.12206339091062546 -0.14810779690742493
-0.12369450181722641 -0.1754675656557083 -0.28703632950782776
0.13661107420921326 -0.221168652176857 -0.3417271375656128
-0.15816542506217957 -0.2612447738647461 -0.24172835052013397
-0.5168659687042236 0.2500022053718567 -0.10187503695487976
-0.1994294673204422 -0.1784871518611908 0.28432562947273254
-0.10449306666851044 -0.15202239155769348 -0.093895822763443
-0.01916571520268917 -0.22914130985736847 0.11110971868038177
-0.14421723783016205 -0.23855692148208618 -0.358614057302475
-0.047241728752851486 0.014117211103439331 0.4039372503757477
-0.2053816020488739 -0.017516711726784706 0.3101610541343689
-0.14685502648353577 -0.3058828115463257 -1.0308418273925781
-0.3479405641555786 -0.3072880506515503 0.08950160443782806
-0.3304869830608368 -0.18332809209823608 -0.013588864356279373
-0.10844363272190094 -0.19180312752723694 0.014999952167272568
-0.25145992636680603 -0.18125076591968536 0.15039730072021484
-0.3754754662513733 0.09682777523994446 0.04105467349290848
0.1382976919412613 -0.21856899559497833 0.1220303475856781
-0.3195580244064331 0.011051824316382408 -0.004630856681615114
-0.1387357860803604 -0.11750362813472748 0.016275955364108086
-0.021874113008379936 -0.08090943098068237 -0.11737895756959915
-0.01122724823653698 -0.07305370271205902 0.14727674424648285
-0.36071786284446716 -0.07955844700336456 -0.04981514438986778
-0.08008552342653275 -0.17896224558353424 0.21769483387470245
-0.20449599623680115 -0.08905871957540512 0.20515616238117218
-0.04719225689768791 -0.08463507145643234 -0.17046961188316345
-0.23041076958179474 0.04710746183991432 0.41676250100135803
-0.26224762201309204 -0.11930201202630997 0.24548126757144928
-0.11062070727348328 -0.32060790061950684 -0.3306812345981598
-0.09963814914226532 -0.12147577852010727 -0.02787400595843792
-0.09051410853862762 -0.11516768485307693 -0.14609761536121368
-0.07701528072357178 0.005870766006410122 -0.20883618295192719
-0.28918978571891785 -0.2451367974281311 0.37215983867645264
-0.17044781148433685 -0.022232891991734505 -0.0161285437643528
-0.17448143661022186 -0.10315296053886414 -0.17799706757068634
-0.22642943263053894 -0.24198737740516663 0.40693777799606323
-0.1707821935415268 -0.33113646507263184 0.2261628359556198
-0.07931216806173325 -0.08364371955394745 -0.10573170334100723
-0.1447352170944214 -0.1384585201740265 0.09106635302305222
0.23500411212444305 -0.5653033256530762 -0.2611120343208313
-0.0820508524775505 -0.18788935244083405 0.015204936265945435
-0.11087101697921753 -0.19181233644485474 -0.03718233481049538
-0.41016465425491333 -0.0798170194029808 0.2632521688938141
-0.2197449803352356 -0.090253546833992 0.4763109087944031
0.00012850831262767315 -0.08897276222705841 0.22932589054107666
-0.06019659340381622 -0.1843796670436859 0.003319936338812113
-0.16602250933647156 -0.19508366286754608 -0.08285632729530334
-0.17670609056949615 -0.07252499461174011 0.17428874969482422
-0.0170539952814579 -0.06197976693511009 -0.34397685527801514
-0.06850890070199966 -0.0924929603934288 -0.07228027284145355
0.022132785990834236 -0.06281919777393341 -0.11011554300785065
-0.28527015447616577 -0.1575280725955963 -0.1412295252084732
