ply
format ascii 1.0
element vertex 2048
property float x
property float y
property float z
end_header
0.2963266968727112 0.09955433756113052 -0.10341235250234604
-0.05041977018117905 0.09420747309923172 0.15095046162605286
0.040755853056907654 -0.17824746668338776 0.06014151871204376
0.10925460606813431 -0.42023617029190063 0.04780413582921028
-0.03392280265688896 -0.3215886354446411 0.11833430081605911
0.2676767408847809 0.10118087381124496 0.011072877794504166
0.2862682044506073 -0.9067127704620361 0.043342579156160355
0.4018799066543579 0.40862298011779785 0.5025445818901062
-0.04978429153561592 -0.09442572295665741 0.025960031896829605
0.037792615592479706 -0.2719873785972595 0.05831928178668022
0.10703986883163452 -0.6567882895469666 0.5142669677734375
-0.0039089336059987545 0.11729045957326889 0.04838227853178978
0.12640982866287231 -0.2546789348125458 0.15377920866012573
-0.033607613295316696 -0.09358176589012146 0.3027082085609436
-0.13808657228946686 0.16454724967479706 0.3603697717189789
-0.06267628073692322 -0.08119483292102814 0.240613654255867
0.14548447728157043 -0.09511782228946686 0.4337504804134369
-0.16985450685024261 0.432553768157959 0.46575263142585754
0.06106465309858322 -0.3029860854148865 -0.25978875160217285
0.1779090315103531 -0.021235892549157143 0.08072008937597275
0.03741854429244995 0.0863746926188469 -0.06854239106178284
-0.00803038477897644 -0.6205741763114929 0.1704084426164627
-0.03554988652467728 0.29149574041366577 0.8348239660263062
-0.27468141913414 0.10069914162158966 0.3418574333190918
0.38848793506622314 0.3066578805446625 0.0010969341965392232
-0.12858152389526367 -0.0186751876026392 -0.2913464307785034
-0.29016029834747314 -0.08343127369880676 0.4190933108329773
0.22177322208881378 0.08721598237752914 0.3270506262779236
0.01480889692902565 -0.11755161732435226 -0.1069803461432457
0.15345826745033264 -0.5068970918655396 0.2387630045413971
0.17165468633174896 0.07021661847829819 0.26543158292770386
0.03878854215145111 -0.011411026120185852 0.2020413875579834
-0.00640450743958354 0.003799769328907132 0.043370842933654785
-0.20901525020599365 0.29245519638061523 0.5061578154563904
0.19184119999408722 -0.38950443267822266 0.20089977979660034
-0.25823232531547546 0.19566956162452698 0.6606894135475159
-0.07193123549222946 0.10268615186214447 0.06817672401666641
0.047741759568452835 -0.12016338855028152 0.4580470323562622
-0.04175597429275513 0.15902067720890045 0.36700087785720825
0.12793268263339996 -0.6416130065917969 0.15010930597782135
0.06468025594949722 -0.3401032090187073 0.4231649935245514
0.20330274105072021 0.12355558574199677 0.40505194664001465
0.08919151872396469 -0.587253749370575 0.335332453250885
0.23889216780662537 -0.34111228585243225 0.19525901973247528
-0.24158306419849396 -0.12099365144968033 0.5601792335510254
0.35582566261291504 -0.07962221652269363 0.08423105627298355
-0.09544774889945984 -0.25414109230041504 0.4713480472564697
-0.30304664373397827 -0.08368247002363205 0.3250133991241455
0.07049276679754257 -0.2727473974227905 -0.045131485909223557
-0.12741410732269287 -0.307446151971817 0.43630731105804443
0.007641168776899576 0.3436588644981384 0.08089178055524826
-0.034164298325777054 -0.12265598028898239 -0.08794953674077988
-0.22389216721057892 0.21469905972480774 0.07761654257774353
-0.1358891725540161 -0.292047917842865 0.13395549356937408
0.2530743479728699 -0.2544982433319092 0.2465827465057373
0.2670470178127289 -0.34351783990859985 -0.05612169951200485
-0.03646104782819748 -0.27474382519721985 0.37229448556900024
0.17425760626792908 -0.3859941363334656 0.23350150883197784
0.4488842785358429 0.014524577185511589 0.23557725548744202
0.14488600194454193 -0.051482442766427994 0.41025909781455994
-0.2510748505592346 0.0901973620057106 0.30763643980026245
0.10413257032632828 -0.18017792701721191 0.056729305535554886
-0.11784933507442474 -0.02952701970934868 0.21195390820503235
-0.12314659357070923 0.09911659359931946 0.22672007977962494
0.08309102058410645 0.10490885376930237 0.1661129742860794
-0.08861950039863586 -0.08501509577035904 0.046509336680173874
-0.09104171395301819 0.055616188794374466 0.3234873116016388
0.0756898745894432 -0.2998336851596832 0.1380036324262619
-0.1680394560098648 0.07531748712062836 0.3109753131866455
-0.02376963384449482 -0.16139476001262665 -0.047535281628370285
-0.32380449771881104 -0.0969165712594986 0.2518773376941681
-0.030745800584554672 0.12247242033481598 -0.14437758922576904
-0.04072439670562744 -0.061842579394578934 0.03541398048400879
-0.08048389106988907 -0.17186692357063293 0.4162359833717346
-0.2439665049314499 -0.017095953226089478 0.3428836166858673
-0.23898769915103912 -0.22580724954605103 0.31613999605178833
0.08810785412788391 -0.44095829129219055 -0.12889423966407776
0.008012918755412102 0.15844091773033142 0.47965559363365173
0.2663979232311249 -0.34634676575660706 -0.011166742071509361
-0.31914809346199036 0.09911534190177917 0.6026899814605713
-0.06859918683767319 0.22995388507843018 0.38461944460868835
0.02049306593835354 -0.07431498914957047 0.11874815076589584
-0.21392585337162018 0.09412454813718796 0.15142378211021423
0.05999590456485748 -0.274103581905365 0.4990949034690857
0.16853086650371552 -0.08024823665618896 0.3875628709793091
0.21758727729320526 0.1296815425157547 0.2636421024799347
-0.010414525866508484 -0.398623526096344 0.12603849172592163
0.0024967631325125694 -0.31543537974357605 -0.4154316484928131
-0.1280316561460495 -0.19936297833919525 0.23064927756786346
0.29523566365242004 -0.18786339461803436 0.24180610477924347
0.47759485244750977 -0.17283466458320618 0.18588338792324066
0.47080525755882263 -0.17215166985988617 0.1706792265176773
-0.07844019681215286 0.0938461646437645 0.42656710743904114
-0.1269361674785614 -0.13712935149669647 0.028777943924069405
-0.2337440848350525 -0.1970684975385666 0.5100371241569519
0.37631580233573914 -0.15615832805633545 0.434825599193573
-0.22835595905780792 0.07952870428562164 -0.1516248732805252
-0.2375931590795517 0.058215975761413574 0.3362201452255249
0.3496955633163452 -0.27225491404533386 0.12274333834648132
0.24260452389717102 -0.9381108283996582 0.4653119444847107
-0.36054372787475586 0.4303114712238312 0.1357533484697342
-0.24476252496242523 0.13599161803722382 0.2474045753479004
0.08272559195756912 -0.5808910131454468 0.5283259749412537
0.13049466907978058 0.06659740954637527 -0.6294952630996704
0.2176596224308014 0.06279448419809341 0.11469342559576035
0.06632371246814728 0.06358786672353745 0.22015109658241272
-0.14937801659107208 0.16179990768432617 0.46361133456230164
0.16766835749149323 -0.31635230779647827 0.1421816349029541
-0.06355015933513641 -0.021794341504573822 0.16705039143562317
0.0374157652258873 0.044522449374198914 -0.36918625235557556
0.1309044063091278 0.0979318842291832 0.282326340675354
0.14070792496204376 0.10616283118724823 0.25841379165649414
0.07787827402353287 -0.02314532920718193 -0.28719180822372437
-0.15909840166568756 0.059959135949611664 0.0940241813659668
0.06703917682170868 -0.32040199637413025 0.22309419512748718
-0.06326138973236084 0.22155027091503143 0.19682598114013672
0.07502380758523941 0.11974896490573883 0.220770001411438
0.1609608680009842 -0.10273973643779755 -0.3433321416378021
0.24699555337429047 0.01957806572318077 -0.06225094571709633
-0.04767066240310669 0.14803922176361084 0.24822603166103363
-0.15616001188755035 -0.31847289204597473 0.4290805459022522
0.03244125843048096 -0.0035898834466934204 -0.2650916874408722
-0.04017086327075958 -0.2944032847881317 0.06565723568201065
0.3102959096431732 -0.35937824845314026 0.33922335505485535
-0.04850856214761734 0.08208413422107697 0.5731704235076904
-0.15867041051387787 0.20526157319545746 0.06336627155542374
-0.2115299105644226 0.12221958488225937 0.1560400426387787
-0.023426786065101624 -0.12771950662136078 0.17767827212810516
0.10680513083934784 -0.03826333209872246 0.4102804362773895
0.02558194100856781 0.07321250438690186 0.36875179409980774
0.13064518570899963 -0.39023053646087646 0.03152446821331978
0.23748721182346344 0.08446383476257324 0.17200127243995667
0.43632400035858154 -0.27086812257766724 0.08494081348180771
-0.06712256371974945 -0.029397042468190193 0.0007662478019483387
0.16468901932239532 0.20429298281669617 0.3693820536136627
0.12130856513977051 -0.7657791376113892 0.44446665048599243
0.045222215354442596 0.07587334513664246 0.3417383134365082
-0.21261174976825714 -0.12150745838880539 0.5019612908363342
-0.07988563925027847 0.003514377400279045 -0.3034904897212982
-0.2844906747341156 0.29172611236572266 0.8198844790458679
0.018705181777477264 0.2927013039588928 0.3008407652378082
0.15259335935115814 -0.23487412929534912 -0.14055778086185455
0.13724608719348907 -0.4126300513744354 0.23576092720031738
0.015383407473564148 0.03678319603204727 0.230083629488945
-0.23339766263961792 -0.08736006915569305 -0.15774205327033997
0.04627866670489311 -0.22178980708122253 0.26723334193229675
-0.16339832544326782 -0.028641177341341972 -0.06267903745174408
-0.03646901622414589 -0.2933717668056488 0.018164588138461113
0.23532021045684814 -0.5279311537742615 0.26854971051216125
0.2977901101112366 0.11264880746603012 0.4631572961807251
0.28776589035987854 -0.08561013638973236 -0.15909944474697113
0.05720755085349083 -0.18136189877986908 0.20872923731803894
-0.17634540796279907 -0.10290317237377167 -0.1634262204170227
-0.13807842135429382 -0.12918882071971893 0.21134716272354126
0.10346295684576035 -0.35976070165634155 0.33156532049179077
-0.1794535368680954 -0.12288558483123779 -0.13623757660388947
-0.0448085181415081 -0.49306055903434753 0.3885679244995117
-0.012368252500891685 -0.21196474134922028 -0.02478611283004284
-0.1734851747751236 -0.20201964676380157 0.15562736988067627
-0.009619791060686111 0.15044859051704407 0.2956730127334595
-0.18768884241580963 -0.03898046165704727 0.33608487248420715
0.012931788340210915 0.1593693494796753 0.20068073272705078
0.056829191744327545 0.016353540122509003 0.3511918783187866
-0.16195976734161377 -0.11893998086452484 0.5256525874137878
-0.12154491990804672 -0.5184170007705688 0.31216028332710266
0.08350513130426407 -0.22694021463394165 0.15811310708522797
-0.76218181848526 -0.035453591495752335 0.2607925534248352
0.2002074271440506 0.1106942668557167 0.24267800152301788
0.01759234443306923 0.08916116505861282 0.13687020540237427
-0.10509226471185684 -0.2281191498041153 -0.005406153853982687
-0.23264217376708984 0.34668391942977905 0.05449444800615311
0.2566143870353699 -0.31676796078681946 -0.06481676548719406
0.10711410641670227 -0.41557803750038147 0.4775993824005127
0.17268507182598114 -1.0096492767333984 0.31501123309135437
0.23462964594364166 -0.11445797234773636 0.5368132591247559
0.15448856353759766 0.10705295950174332 0.35590803623199463
-0.14868849515914917 -0.18238979578018188 0.36491063237190247
0.07945095747709274 -0.288982093334198 0.18326526880264282
0.28363072872161865 -0.26693418622016907 0.17913003265857697
-0.18683946132659912 0.020365912467241287 -0.1085267961025238
0.04156402498483658 0.36012718081474304 0.4139789342880249
0.21487626433372498 0.4585537314414978 0.3189127743244171
0.02590770833194256 -0.4597040116786957 0.3281019330024719
0.19367241859436035 0.20425252616405487 0.2610194683074951
-0.21651197969913483 0.24136978387832642 -0.12207572907209396
0.3159201145172119 -0.3520713746547699 0.22281531989574432
0.1232592910528183 0.04274632781744003 0.3298528492450714
0.24848586320877075 0.25897088646888733 0.5744362473487854
-0.07891872525215149 0.3346463143825531 0.014824017882347107
0.11576928198337555 -1.1547725200653076 0.16370889544487
-0.06056327000260353 -0.3146462142467499 0.23638857901096344
-0.029507789760828018 -0.04576438292860985 0.011832427233457565
-0.12763167917728424 -0.0041531529277563095 -0.17678594589233398
0.2763098180294037 -0.3741486072540283 0.2822277545928955
-0.03259532153606415 0.06245529651641846 0.13836632668972015
-0.2272716760635376 0.0848999172449112 0.22361771762371063
-0.1734767109155655 -0.3053687512874603 0.3531229794025421
-0.07842765748500824 -0.2981930375099182 0.17365530133247375
0.06499762088060379 -0.21162712574005127 0.059757351875305176
0.48259860277175903 -0.5248129963874817 0.058539338409900665
0.07945611327886581 0.26543930172920227 0.4438799023628235
0.17340679466724396 0.023868389427661896 0.34718284010887146
0.10423830151557922 -0.2276304066181183 0.22435888648033142
-0.2234075367450714 0.10335493832826614 0.17399665713310242
-0.3241336941719055 0.02349063940346241 0.302374005317688
-0.23955826461315155 0.22889304161071777 0.07689197361469269
0.024569137021899223 -0.20913073420524597 -0.3636277914047241
0.2285831868648529 -0.5165523290634155 0.23502366244792938
-0.055686213076114655 0.042140621691942215 0.12719367444515228
0.17804740369319916 -0.027294671162962914 0.2807197868824005
0.19439132511615753 -0.08616513758897781 -0.11676203459501266
0.19179010391235352 0.15520216524600983 0.3890182375907898
-0.17351782321929932 0.05574396252632141 0.6601151823997498
0.14076006412506104 -0.27396050095558167 0.41436320543289185
-0.18608152866363525 0.17914767563343048 0.03593139722943306
0.1425691694021225 -0.3053937554359436 0.08423500508069992
0.18264277279376984 -0.15659648180007935 0.2038859874010086
-0.0006589095573872328 -0.16757141053676605 -0.133499875664711
0.11201293021440506 0.21867722272872925 0.4356326758861542
0.31155720353126526 0.04680337384343147 0.1402566283941269
0.44915157556533813 0.18505053222179413 0.6354424953460693
0.19060049951076508 -0.1706978976726532 -0.19742168486118317
-0.15821866691112518 0.17674610018730164 0.3246716856956482
-0.0004809042438864708 -0.07533549517393112 0.16468274593353271
-0.12292885780334473 -0.032111745327711105 0.3237987756729126
-0.11151651293039322 -0.14611278474330902 0.4975619614124298
-0.019052911549806595 0.07581339031457901 0.4267365336418152
0.1096138209104538 -0.03371909260749817 -0.29598578810691833
0.18665185570716858 0.06890861690044403 0.3494376540184021
-0.010553497821092606 -0.3775288164615631 0.5332137942314148
-0.23624838888645172 0.4387625753879547 0.3246431350708008
0.22195716202259064 0.28464996814727783 0.5253759026527405
-0.05357557162642479 -0.3550734519958496 0.07568034529685974
0.09468093514442444 0.12256947159767151 -0.10734497755765915
0.24138639867305756 -0.060122717171907425 0.3835082948207855
-0.05423666909337044 -0.44107791781425476 0.2697513997554779
-0.022744059562683105 0.17309536039829254 0.21107998490333557
0.0736912190914154 -0.1509263515472412 0.35234737396240234
-0.08516127616167068 0.01346207782626152 0.1895281821489334
-0.23551145195960999 0.04396919161081314 0.3261035084724426
0.09030275046825409 -0.32414934039115906 -0.2356538623571396
-0.22283503413200378 0.23509176075458527 0.4506368637084961
-0.08972983062267303 -0.5129786133766174 0.16284215450286865
0.3377252519130707 0.08689714968204498 0.09914464503526688
-0.05238667502999306 0.16718922555446625 0.1351100504398346
0.003648062702268362 0.039097778499126434 0.07496266067028046
-0.4014657735824585 0.5184709429740906 0.5764419436454773
-0.00025020306929945946 0.14445964992046356 0.3260534107685089
-0.02721697837114334 0.08678510785102844 0.19357195496559143
0.1603032350540161 -0.13827376067638397 0.15402457118034363
0.14626075327396393 -0.23825567960739136 0.19908064603805542
-0.14736975729465485 0.16490234434604645 0.47983497381210327
0.03539733216166496 -0.8579942584037781 0.5218944549560547
-0.3025345504283905 0.03404884785413742 0.34769925475120544
-0.13906322419643402 -0.11708478629589081 0.009742673486471176
0.09201506525278091 0.09935830533504486 0.18655343353748322
0.010416537523269653 -0.2844882905483246 0.010253220796585083
0.17351211607456207 -0.3701778054237366 0.1524365246295929
-0.07613780349493027 0.09398955851793289 0.17370496690273285
-0.08301863074302673 0.05983816832304001 0.20191998779773712
-0.059228889644145966 -0.20014573633670807 0.3296446204185486
0.04536701738834381 0.14857196807861328 0.2931406497955322
0.035098444670438766 -0.12676173448562622 0.2400469332933426
0.1765715330839157 -0.6205506324768066 0.37733766436576843
-0.0842900276184082 -0.05908821523189545 -0.0036734105087816715
0.07723411917686462 -0.21028833091259003 -0.05661771073937416
0.088685542345047 0.1591176688671112 0.24444210529327393
0.17185860872268677 -0.5245058536529541 0.4135390818119049
-0.026794133707880974 -0.02961507998406887 0.06845821440219879
0.114900603890419 -0.24162083864212036 -0.04585815221071243
-0.050204865634441376 -0.24446716904640198 0.11354484409093857
0.183616042137146 0.08607365190982819 0.15824328362941742
0.08058563619852066 -0.22880631685256958 0.2624988853931427
0.1422099769115448 0.15705078840255737 0.3232586979866028
0.052995070815086365 -0.09238763153553009 0.478474885225296
-0.1455085575580597 0.09976139664649963 0.0396510474383831
-0.04537809267640114 -0.06261780858039856 0.42665258049964905
-0.03175027295947075 0.059563830494880676 0.33610445261001587
0.08413363993167877 0.10188848525285721 0.4229744076728821
0.22100935876369476 0.1090533658862114 0.47429344058036804
0.08864045888185501 0.23434920608997345 0.49161291122436523
0.040521975606679916 -0.27151820063591003 0.09062469005584717
-0.12119069695472717 -0.02355218678712845 0.08199397474527359
-0.0974959135055542 -0.37494662404060364 0.32819199562072754
-0.14799176156520844 -0.025322571396827698 0.00799129344522953
0.1034993827342987 -0.45828911662101746 0.43808290362358093
0.2726103961467743 0.12010190635919571 -0.016993174329400063
-0.16239508986473083 0.18563365936279297 0.00023454043548554182
-0.2154015153646469 -0.09649532288312912 0.34310200810432434
0.17483802139759064 0.012787247076630592 0.13454289734363556
0.07301212102174759 0.03038877435028553 0.15041179955005646
-0.10163348913192749 0.11978858709335327 0.05543949455022812
0.2532845437526703 -0.08525065332651138 0.1943388730287552
0.16276100277900696 -0.14641940593719482 -0.044710107147693634
-0.1596778929233551 -0.16506054997444153 0.42356956005096436
-0.18321916460990906 -0.06234166398644447 0.2374020516872406
-0.05873386189341545 0.04928997531533241 0.38992100954055786
0.1327589601278305 -0.18961071968078613 -0.15889061987400055
-0.17695797979831696 -0.6774430871009827 0.38725540041923523
-0.03686174005270004 -1.046358585357666 0.39059048891067505
0.1947759985923767 -0.280412495136261 -0.033216334879398346
0.12258981168270111 -0.2061977982521057 0.1587166041135788
-0.05953122675418854 0.22417622804641724 0.4660886526107788
-0.13867983222007751 0.15491430461406708 0.31796127557754517
0.08146942406892776 -0.29956647753715515 -0.12970931828022003
-0.06287123262882233 -0.12986382842063904 0.21472246944904327
0.11282045394182205 0.07520526647567749 0.3271997272968292
0.07971309125423431 0.0830632746219635 0.3295120894908905
-0.21210728585720062 -0.6629540324211121 0.34446027874946594
0.04490671306848526 -0.1442420482635498 -0.0027351444587111473
-0.42137280106544495 0.6364279985427856 0.40401315689086914
0.10582205653190613 0.26035845279693604 0.5213074684143066
0.09899980574846268 -0.28690239787101746 -0.1105300784111023
0.14900778234004974 -0.45523586869239807 0.17940795421600342
-0.17485785484313965 0.18168926239013672 0.07321753352880478
-0.06069466844201088 -0.08275585621595383 0.2631959915161133
-0.2713177800178528 0.24264568090438843 0.34491780400276184
-0.13302050530910492 -0.15596896409988403 0.2785393297672272
0.10107652097940445 -0.020524680614471436 0.2550894618034363
0.09064113348722458 0.11212158203125 0.1606895625591278
-0.014060713350772858 0.1579849272966385 0.08067972958087921
-0.11480231583118439 -0.05176563188433647 0.018650779500603676
-0.3462033271789551 0.11659877002239227 0.5868933796882629
-0.24636290967464447 0.12917011976242065 -0.13842540979385376
0.10186708718538284 0.18797872960567474 0.6435394883155823
-0.0699976235628128 0.207148015499115 0.05287483334541321
0.2907830774784088 0.0019316361285746098 0.014073790982365608
0.11011869460344315 -0.0013353589456528425 0.1675347536802292
-0.3288879990577698 0.209394171833992 0.14646701514720917
-0.02355187013745308 0.09653554111719131 0.17732243239879608
0.11590960621833801 -0.3884431719779968 0.2771698832511902
0.06522097438573837 0.016018571332097054 0.4185316562652588
0.1625269055366516 -0.2825254201889038 -0.28201204538345337
0.04970138520002365 -0.34892696142196655 0.3195517063140869
0.23456427454948425 -0.10774911940097809 -0.02076352946460247
0.08159882575273514 -0.9046506881713867 0.38208869099617004
-0.053592272102832794 -0.04155033454298973 0.11947643756866455
0.17031565308570862 -0.5278354287147522 0.44662317633628845
0.3395689129829407 0.0921790674328804 0.35091716051101685
-0.031033482402563095 0.16813981533050537 0.3676210045814514
-0.07285994291305542 0.1832120567560196 0.03536945953965187
0.17717652022838593 0.2979753315448761 -0.05277034640312195
-0.06098601222038269 -0.061523038893938065 -0.3598930537700653
0.022978276014328003 -0.3752457797527313 0.01452191174030304
0.026041952893137932 -0.20565196871757507 -0.11096393316984177
0.04585503041744232 0.08069910109043121 0.0550706721842289
0.006697613745927811 -0.10935759544372559 0.09751132130622864
-0.19161993265151978 -0.040255267173051834 0.27502626180648804
-0.041248172521591187 -0.18234002590179443 0.33311375975608826
0.39105549454689026 0.046363119035959244 0.43463289737701416
0.01570490002632141 -0.27637720108032227 0.09980977326631546
0.2894761562347412 -0.09838590025901794 0.37823063135147095
-0.07996285706758499 -0.06037583947181702 0.3934602439403534
-0.09655670076608658 -0.4911717176437378 0.6100021004676819
0.03288066387176514 -0.38442593812942505 0.17024220526218414
-0.12380296736955643 0.20872770249843597 -0.04518132284283638
-0.05458265170454979 0.20561005175113678 0.12106732279062271
-0.3289389908313751 0.12950043380260468 0.32440659403800964
0.4677446484565735 0.3733818829059601 0.7994884848594666
0.44549575448036194 0.13126957416534424 0.5187027454376221
0.21481193602085114 -0.050286609679460526 -0.18454302847385406
0.15200252830982208 -0.07661717385053635 -0.6289121508598328
0.14735116064548492 0.29352444410324097 0.0717230886220932
-0.21214497089385986 -0.044485606253147125 0.05587109550833702
0.052693191915750504 0.025064822286367416 0.26065805554389954
-0.15163280069828033 0.13402752578258514 0.07215151190757751
0.08653692156076431 -0.4140353202819824 0.10624970495700836
-0.14974959194660187 0.42751744389533997 0.4550323188304901
-0.022078562527894974 0.20841503143310547 0.23818135261535645
0.11903921514749527 -1.036234736442566 0.5279494524002075
0.042550403624773026 -0.13978514075279236 -0.05502617359161377
0.1949651539325714 0.18718305230140686 0.23921947181224823
-0.08380509167909622 -0.37856385111808777 0.5119911432266235
-0.10980205237865448 -0.016753965988755226 -0.3142952620983124
0.016062121838331223 -0.14290036261081696 0.3878917992115021
0.22157076001167297 -0.004012524150311947 0.29173514246940613
0.25339481234550476 -0.554530143737793 -0.1938372105360031
-0.3273705542087555 -0.0777282640337944 -0.25110986828804016
0.13567103445529938 -0.5937908291816711 0.2715894877910614
-0.10384923219680786 0.31066522002220154 0.2562596797943115
-0.2634190022945404 0.2167138159275055 0.4558895528316498
-0.1696455180644989 0.13514719903469086 0.13486354053020477
0.002647192683070898 -0.021463463082909584 -0.13173741102218628
0.1131543219089508 -0.1595108062028885 -0.34969446063041687
0.11909464001655579 0.051437754184007645 0.08498405665159225
-0.048138536512851715 -0.12188110500574112 0.3264695703983307
-0.21225766837596893 0.04062756150960922 0.17226573824882507
-0.11630869656801224 0.08322051912546158 0.2189711332321167
0.156158447265625 -0.24321319162845612 0.48051416873931885
-0.2969629466533661 0.03878115490078926 0.4017150104045868
0.36464887857437134 -0.2843121290206909 0.14401261508464813
-0.009132342413067818 -0.5490818023681641 0.3351568281650543
0.1664668172597885 -0.19619090855121613 -0.24932271242141724
0.1205776110291481 -0.09100094437599182 -0.2105834186077118
-0.1968056559562683 -0.04556981101632118 0.4123750925064087
0.1463598906993866 -0.6372871994972229 0.20805224776268005
-0.02500063367187977 -0.600262463092804 0.06672908365726471
0.1425296664237976 0.008725318126380444 0.13845644891262054
0.16502834856510162 0.007393940817564726 0.3927626311779022
-0.03448083996772766 0.12366539984941483 0.1874271035194397
0.41184836626052856 0.10422223806381226 0.3623082935810089
0.063368059694767 0.09621990472078323 0.11037509888410568
-0.26799705624580383 -0.08724814653396606 0.3189411759376526
0.1903131902217865 -0.35176709294319153 0.4490218758583069
-0.12121020257472992 -0.06544732302427292 -0.12490736693143845
-0.19457828998565674 -0.04367809742689133 -0.058823030441999435
0.18769985437393188 -1.173750638961792 0.1426926702260971
0.14153797924518585 -0.207086443901062 0.4869140088558197
-0.2682037055492401 -0.15952983498573303 0.3709524869918823
-0.12426743656396866 -0.16868939995765686 0.0067844754084944725
-0.0023757535964250565 0.013544514775276184 0.3773474097251892
-0.0276551004499197 0.04609181731939316 0.2583213448524475
-0.19786562025547028 0.017851002514362335 0.4479769468307495
0.3241342008113861 0.23744240403175354 0.5920426845550537
-0.1857842653989792 -0.035593681037425995 -0.150663822889328
0.04006067290902138 -0.327296644449234 0.1448712795972824
-0.2544311285018921 0.06474944204092026 0.08576685190200806
0.11222390085458755 -0.07124697417020798 0.4384492337703705
0.0017259320011362433 -0.19993431866168976 0.2560789883136749
-0.280336856842041 0.057973746210336685 0.13257338106632233
0.011037304997444153 -0.5340715050697327 0.10326845198869705
-0.2647295296192169 0.03596777468919754 0.4697663187980652
-0.06615385413169861 0.0200008787214756 0.7614092826843262
-0.13554133474826813 -0.02140696533024311 0.09960141777992249
0.12138021737337112 -0.6870287656784058 0.4285307228565216
0.2861214280128479 -0.6258023977279663 0.2143384963274002
-0.08156119287014008 0.09638868272304535 0.191206693649292
0.2519605755805969 0.06936196237802505 0.44598519802093506
-0.030884813517332077 -1.1731945276260376 0.3229341208934784
0.12032343447208405 -0.1204129159450531 -0.144018292427063
-0.32016539573669434 0.02332117035984993 0.4544948637485504
0.06844450533390045 -0.38756656646728516 0.15576615929603577
-0.037912093102931976 0.07211840897798538 -0.21326738595962524
0.05921318382024765 -0.03373702988028526 -0.2641671299934387
0.02875395305454731 0.02319917269051075 -0.2201608568429947
0.3148387372493744 -0.27060645818710327 0.07328013330698013
-0.14425277709960938 0.14245982468128204 0.2069631814956665
-0.24924153089523315 0.07768753916025162 0.37599679827690125
-0.060771793127059937 -0.32560715079307556 0.35229021310806274
-0.061630383133888245 -0.07248885184526443 0.11473337560892105
0.11939209699630737 0.2107895016670227 -0.03655913099646568
0.23663277924060822 0.1111600250005722 0.5780106782913208
0.21649089455604553 0.19573287665843964 0.49667519330978394
0.16078023612499237 -0.049906615167856216 0.03903602436184883
-0.048934515565633774 -0.28256842494010925 0.387732595205307
0.21861495077610016 -0.12479724735021591 -0.166132852435112
0.386858195066452 -0.06659990549087524 0.29800379276275635
-0.03403697535395622 0.07643637806177139 -0.19381332397460938
-0.14509159326553345 0.0904584750533104 0.3202686309814453
-0.05424122512340546 0.009028585627675056 -0.1975298821926117
0.037625860422849655 0.18809522688388824 0.6410178542137146
0.012428227812051773 -0.3483911454677582 -0.32096078991889954
-0.17396213114261627 0.33575940132141113 0.5278786420822144
-0.03048788011074066 0.23274125158786774 0.4737740457057953
-0.18636593222618103 -0.04327600821852684 -0.12193991243839264
0.21354979276657104 0.13404154777526855 0.5897282958030701
-0.036066360771656036 0.0832531750202179 0.11123396456241608
-0.02146477997303009 -0.24735568463802338 -0.036194659769535065
-0.02429787442088127 -0.0718735009431839 0.21545134484767914
0.3572518825531006 -0.04770757257938385 0.39123982191085815
0.35696130990982056 0.2292940467596054 0.37379929423332214
0.1783900111913681 -0.19697247445583344 -0.04222114011645317
0.20642836391925812 -0.27963119745254517 0.15643058717250824
0.12378547340631485 -0.2983972430229187 0.0553165003657341
0.0929562970995903 0.25114360451698303 0.41040799021720886
-0.05392478406429291 0.09982356429100037 0.3006676733493805
-0.24780485033988953 -0.011600174009799957 -0.09993719309568405
-0.11071881651878357 -0.10458853840827942 -0.053512781858444214
-0.005563558079302311 0.07638393342494965 0.05810921639204025
-0.27183687686920166 -0.1247822567820549 -0.3072114884853363
0.2366221398115158 -0.7781909108161926 0.18417125940322876
-0.20508155226707458 0.11329420655965805 -0.14107263088226318
-0.10239614546298981 -0.4698997139930725 0.01486239954829216
-0.24152261018753052 -0.1820891946554184 0.18858450651168823
-0.14088326692581177 -0.055310674011707306 0.07139072567224503
0.056625235825777054 -0.25306984782218933 0.12682022154331207
0.01837356574833393 -0.186685249209404 -0.0666455328464508
0.312732070684433 0.10933326184749603 0.6017301082611084
0.17215393483638763 0.10834357887506485 0.09353755414485931
0.04582202807068825 -0.20189990103244781 0.04974916949868202
0.1758415251970291 -0.10711727291345596 -0.30797263979911804
-0.10996107012033463 0.28312405943870544 0.5851566791534424
-0.1595602184534073 -0.15770277380943298 0.4156891107559204
-0.1645599901676178 -0.03601590171456337 0.18455174565315247
-0.014887897297739983 -0.8168281316757202 0.4044158458709717
0.13852562010288239 0.11635188013315201 0.4031513035297394
0.1890256553888321 -0.016142427921295166 -0.00020235951524227858
-0.26340270042419434 0.11427188664674759 0.1876269429922104
-0.000506717711687088 -0.16030173003673553 0.1672241985797882
0.27056148648262024 0.0315718837082386 0.1200452670454979
0.19871971011161804 -0.15547028183937073 0.04933953657746315
-0.06378167867660522 0.04528782516717911 0.26153886318206787
-0.18598748743534088 0.150681734085083 0.49519702792167664
0.20311926305294037 0.23066797852516174 0.5406602621078491
0.09824291616678238 -0.1672675907611847 0.3988668620586395
-0.10297860950231552 -0.23152843117713928 -0.05071037635207176
0.05500970780849457 -0.23666265606880188 0.14332303404808044
-0.07351058721542358 0.11822661757469177 0.4153730571269989
-0.01698029786348343 0.27252042293548584 0.5487352013587952
-0.20551404356956482 0.41108402609825134 0.1333945244550705
-0.12020791321992874 -0.1288551688194275 0.3573952913284302
0.26576024293899536 0.34366193413734436 0.2780129313468933
-0.09620056301355362 -0.15967430174350739 0.010945385321974754
-0.08618374168872833 -0.31591156125068665 0.11859447509050369
-0.04084007441997528 -0.2039351612329483 0.22167150676250458
0.004888961091637611 0.04853133484721184 0.4174850881099701
0.052689384669065475 -0.25763458013534546 0.1835986226797104
0.31820106506347656 0.11318349093198776 0.5875763297080994
0.13488344848155975 -0.5325483679771423 0.2094467729330063
0.14168906211853027 -0.2731018662452698 0.03751205652952194
-0.11402783542871475 -0.17086702585220337 0.3897198438644409
-0.2235836535692215 0.22573691606521606 0.5157543420791626
-0.1591009646654129 0.09065423160791397 0.3195301592350006
-0.11732852458953857 -0.08680792897939682 0.3153429627418518
0.009521741420030594 -0.5682835578918457 -0.16260476410388947
0.07503241300582886 -0.13710804283618927 0.06709016114473343
0.16408371925354004 -0.37827903032302856 -0.05089683458209038
-0.20444875955581665 -0.2119729220867157 0.3941214680671692
-0.046227555721998215 -0.18426421284675598 0.04312147572636604
-0.040548231452703476 0.16821028292179108 -0.04498971998691559
0.14885984361171722 0.13958404958248138 -0.007097205612808466
-0.17129088938236237 0.19286632537841797 0.23256026208400726
0.020635293796658516 0.0666547566652298 0.08113277703523636
0.09949294477701187 -1.0079447031021118 0.2589816153049469
0.2397913783788681 -0.3533754050731659 0.41095995903015137
0.32556644082069397 0.044794097542762756 0.09268687665462494
-0.13696816563606262 -0.12184743583202362 -0.00024409731850028038
-0.15288522839546204 -0.05103221908211708 -0.1225602924823761
-0.011914128437638283 0.025172995403409004 -0.0684623122215271
0.11842440068721771 -0.058134306222200394 0.19831329584121704
0.03409915789961815 -0.08454631268978119 0.3510383367538452
-0.15323883295059204 0.22653287649154663 0.1140727698802948
0.19322450459003448 0.120909184217453 0.01810084469616413
-0.14156794548034668 0.2617456018924713 0.23018263280391693
0.021782148629426956 -0.08813858032226562 -0.0008069449104368687
0.0002536540850996971 0.10881198942661285 0.19074904918670654
0.049975473433732986 0.0665106400847435 0.29402491450309753
0.25206997990608215 -0.09844328463077545 -0.1847802847623825
0.39470717310905457 -0.02286742813885212 0.32917606830596924
0.14242984354496002 -0.3168138563632965 -0.016573622822761536
-0.0017465748824179173 0.13971403241157532 0.23735620081424713
0.037889834493398666 -0.4782421290874481 -0.3261202573776245
0.5141454339027405 0.21204420924186707 0.5390605330467224
0.14634130895137787 -0.7681624889373779 0.5341834425926208
0.07938136905431747 -0.023844370618462563 -0.008617904037237167
-0.11851908266544342 0.05633294954895973 0.32884177565574646
0.022607579827308655 -0.1707274615764618 0.2276749461889267
-0.1580737829208374 -0.011391043663024902 0.6408745646476746
0.2739979922771454 0.029577085748314857 0.36099565029144287
0.02934492565691471 -0.6915591955184937 -0.11862664669752121
0.051626548171043396 0.07553611695766449 0.07721958309412003
0.39396172761917114 0.09527836740016937 0.23686973750591278
0.13178882002830505 -0.6078709959983826 0.28361302614212036
0.3569498062133789 0.08292769640684128 -0.059052713215351105
0.18631239235401154 -0.6748189926147461 -0.028803091496229172
-0.14883479475975037 0.12124326080083847 0.16765910387039185
0.2647190988063812 -0.6705524325370789 0.1394355595111847
-0.18777652084827423 0.07305741310119629 0.21166810393333435
0.040749672800302505 -0.13219858705997467 0.2517903447151184
0.11111092567443848 0.07270381599664688 0.3413466811180115
0.0717238038778305 -0.11600492894649506 -0.050701335072517395
-0.19015324115753174 -0.23297657072544098 0.2852059304714203
-0.011090043932199478 0.1827116757631302 0.26380109786987305
0.33825862407684326 0.05383352190256119 -0.02391858957707882
0.07450587302446365 -0.2106522023677826 0.08899933099746704
-0.17331372201442719 -0.26811277866363525 0.187002494931221
-0.21638497710227966 -4.1216728277504444e-05 0.4340764284133911
-0.1493719518184662 0.4825759828090668 0.16267678141593933
-0.3942684829235077 0.2718535363674164 0.4903615713119507
0.07434370368719101 -0.0018986435607075691 0.20935174822807312
-0.10442207008600235 0.04531041160225868 0.44081974029541016
0.10462737083435059 -0.2413252592086792 0.24206562340259552
-0.04114288091659546 0.16471438109874725 0.492867112159729
0.11023407429456711 0.22383944690227509 0.5735815763473511
0.059300102293491364 -0.04852744936943054 -0.05419113487005234
-0.025938700884580612 0.3937527537345886 -0.11989712715148926
0.07064741104841232 -0.2674192488193512 -0.14056047797203064
-0.012318704277276993 -0.27959194779396057 0.03333278000354767
-0.03313034027814865 -0.2337123304605484 0.364339143037796
0.03650585561990738 -0.7324914932250977 -0.2018650621175766
0.17385874688625336 0.3061875104904175 -0.15743091702461243
-0.07080762088298798 0.1957366019487381 0.4592171013355255
-0.06567882746458054 0.014924710616469383 0.1586609184741974
-0.12024150043725967 -0.38651159405708313 0.27867865562438965
-0.25429457426071167 -0.08813201636075974 0.4730168581008911
0.06416720151901245 -0.02946823462843895 -0.2514626979827881
-0.2427678406238556 0.05144420266151428 0.21096758544445038
-0.19632309675216675 0.09229575097560883 0.2750834822654724
-0.2802763879299164 0.1923048347234726 0.44360998272895813
-0.09090226888656616 -0.04445570334792137 -0.14256106317043304
0.2189168632030487 -0.6275511384010315 0.36478644609451294
0.146376833319664 -0.3158930242061615 -0.0017346357926726341
-0.06160938739776611 -0.16288122534751892 0.21850578486919403
-0.003347309771925211 0.03718404471874237 0.22003871202468872
-0.029147757217288017 0.08658868074417114 0.3969700336456299
0.14626170694828033 -0.18134088814258575 0.3061847388744354
0.1657528281211853 -0.1785937249660492 0.40129661560058594
-0.08058739453554153 -0.33987724781036377 0.39090195298194885
0.406337171792984 0.27273571491241455 0.07751712948083878
0.007488639559596777 -0.014326708391308784 -0.03155684843659401
-0.06294956058263779 -0.4682410657405853 -0.04016867280006409
0.09024713933467865 -0.25342509150505066 0.20218630135059357
-0.24158614873886108 0.3904866874217987 0.05604734644293785
-0.24825729429721832 0.25158700346946716 0.3140653073787689
-0.08733850717544556 0.1214795857667923 0.17916688323020935
0.13153398036956787 0.02795407734811306 0.10953205078840256
0.17625582218170166 -0.19303381443023682 -0.02302892692387104
-0.17375211417675018 0.10808886587619781 0.7685475945472717
-0.19700227677822113 0.16421855986118317 0.09647468477487564
-0.027952659875154495 -0.24132215976715088 0.07797136902809143
-0.08635003864765167 -0.06305934488773346 0.4993882179260254
0.0826992318034172 -0.3957919776439667 0.1312207132577896
-0.04119193181395531 -0.1827203780412674 0.1679675281047821
-0.09331900626420975 0.37508100271224976 0.4484226107597351
0.02038448117673397 -0.09727031737565994 0.13027386367321014
0.1109033152461052 -0.4984824061393738 0.23817600309848785
-0.2671709358692169 -0.1355157047510147 0.36812877655029297
0.5800496339797974 0.2773709297180176 0.47438427805900574
0.1473158597946167 -0.15932583808898926 -0.06402179598808289
0.23638984560966492 0.11242498457431793 0.5121164321899414
0.02014891430735588 0.036537833511829376 0.13732962310314178
-0.15614868700504303 0.09310555458068848 0.385134220123291
0.1515553742647171 0.07219046354293823 -0.12425509840250015
-0.04121606424450874 -0.1949552595615387 -0.024834973737597466
0.017750006169080734 0.11145780235528946 0.19141647219657898
-0.011753780767321587 -0.2215663492679596 -0.17667001485824585
-0.13378895819187164 -0.3455652892589569 0.49487432837486267
0.2583748400211334 -0.34216079115867615 0.09565163403749466
0.08878786861896515 -0.41585761308670044 -0.49811801314353943
0.2267088145017624 -0.7082341909408569 0.27897629141807556
0.07336366921663284 -0.04620074853301048 0.07362250238656998
-0.13690195977687836 0.13687583804130554 -0.021681897342205048
-0.11082594841718674 0.2184511423110962 0.3706013262271881
0.29717352986335754 0.1892538070678711 0.45911142230033875
-0.19650980830192566 0.018143869936466217 0.586966872215271
0.10703621059656143 -0.09655681997537613 -0.07233387976884842
0.012997323647141457 -0.17326802015304565 0.42488574981689453
-0.30304816365242004 0.06757794320583344 0.4438985288143158
0.3485560715198517 0.14486174285411835 0.18959954380989075
-0.10345523804426193 0.013483185321092606 0.05934533104300499
0.1771591752767563 0.03996530920267105 0.18240654468536377
0.18294082581996918 -0.8491075038909912 0.4976571798324585
0.12484919279813766 -0.5651978254318237 0.3889261484146118
0.1438046544790268 0.20984792709350586 -0.03360995277762413
0.23039071261882782 -0.3693792521953583 0.21599988639354706
-0.12727415561676025 0.10898042470216751 0.3017772138118744
0.05556318163871765 -0.38287466764450073 -0.6253987550735474
-0.1522698998451233 -0.11073753982782364 0.3875608742237091
0.0028812061063945293 0.12584947049617767 0.049388233572244644
-0.2245028167963028 0.09214630722999573 0.3113939166069031
0.10186666995286942 -0.05103282257914543 0.4195718765258789
0.1267123520374298 -0.36664068698883057 0.03559894487261772
-0.10563241690397263 0.00454298360273242 -0.10831055045127869
0.1716039925813675 -0.5163597464561462 0.22465135157108307
0.008372033946216106 -0.18500949442386627 0.03743846341967583
-0.03594737872481346 -0.09301453828811646 0.030832409858703613
-0.06532708555459976 0.18343712389469147 0.3705471158027649
-0.20027758181095123 0.2587431073188782 0.21839690208435059
0.10274255275726318 0.08580332249403 0.3905017375946045
-0.14895352721214294 0.11190995573997498 0.36480721831321716
0.02553982473909855 -0.017266329377889633 -0.14615294337272644
0.014703065156936646 -0.25150370597839355 0.4485790729522705
0.07274919003248215 0.10688124597072601 0.12607164680957794
-0.1429964303970337 -0.5318725109100342 0.3379609286785126
-0.02716635912656784 -0.250174880027771 0.07406288385391235
-0.08170435577630997 0.2881327271461487 0.04063840210437775
-0.12412496656179428 0.1316552609205246 0.29673731327056885
0.2997318208217621 0.3232799768447876 0.32936063408851624
-0.23681622743606567 -0.018957706168293953 0.2689227759838104
-0.026586150750517845 0.005905263125896454 0.15462888777256012
0.23901626467704773 0.12958228588104248 -0.34847840666770935
0.20867301523685455 -0.23634183406829834 -0.016552787274122238
-0.021730830892920494 0.07378759980201721 0.033174898475408554
-0.2959781587123871 0.09423328936100006 0.28425511717796326
-0.27102261781692505 0.04272957891225815 0.5778805017471313
0.40870827436447144 -0.03864709287881851 0.0357416532933712
-0.045778539031744 -0.1433555632829666 0.13934354484081268
-0.17175734043121338 -0.08300186693668365 0.36021193861961365
0.2740422487258911 0.42129459977149963 0.6680666208267212
0.18075421452522278 0.12881144881248474 0.5271526575088501
-0.14672233164310455 0.1791755110025406 0.06272369623184204
-0.09540822356939316 -0.06942267715930939 0.465815007686615
-0.022488607093691826 0.013754615560173988 0.056812454015016556
0.32961517572402954 -0.26603686809539795 -0.2514725923538208
0.4199417531490326 0.06364061683416367 0.4129182696342468
0.034249935299158096 0.025346580892801285 0.16717830300331116
0.24828217923641205 -0.41532519459724426 0.22072575986385345
-0.01990305632352829 -0.1708165556192398 0.3917463421821594
-0.03889097273349762 -0.0356345996260643 0.19438844919204712
-0.0008034869097173214 -0.07374387234449387 0.4071616232395172
0.20448538661003113 0.32904648780822754 0.4632388651371002
-0.2222795933485031 0.060734476894140244 0.3338703513145447
0.15686100721359253 0.11877314746379852 -0.21606387197971344
0.10140378773212433 -0.15698859095573425 0.03262626752257347
-0.029063373804092407 -0.302803099155426 0.05143197253346443
0.37240105867385864 -0.08029469102621078 0.2846778631210327
0.003914788365364075 -0.23399028182029724 0.12387631833553314
-0.018691739067435265 -0.1539013534784317 0.2135605365037918
-0.11407109349966049 -0.28805050253868103 0.26555389165878296
0.040279000997543335 -0.2043009102344513 0.3514178991317749
0.2804103493690491 -0.03260311856865883 0.1296168714761734
-0.18615131080150604 -0.05544053763151169 0.3547448217868805
0.17059601843357086 0.03218545392155647 0.23876601457595825
-0.08943380415439606 0.13200703263282776 0.13427813351154327
0.07948755472898483 -0.06885378807783127 0.23551775515079498
-0.040380869060754776 0.07014752179384232 0.12205083668231964
-0.09344550967216492 0.08708693087100983 -0.22235111892223358
-0.012704271823167801 -0.17010347545146942 0.047594450414180756
-0.16626997292041779 0.18344049155712128 0.39731577038764954
-0.10335951298475266 0.06132844090461731 0.019172193482518196
-0.058185625821352005 -0.029948765411973 0.04532656818628311
0.2810989320278168 -0.2327377051115036 -0.08304033428430557
-0.04899054020643234 -0.09398401528596878 0.49248775839805603
0.14565050601959229 0.059169646352529526 0.20170776546001434
-0.1611493080854416 -0.1275206208229065 0.1681971400976181
-0.20876221358776093 -0.0006202030926942825 0.2635735273361206
-0.10387672483921051 0.046209290623664856 -0.02672516368329525
0.17924942076206207 -0.013527801260352135 -0.30469605326652527
0.028008826076984406 -0.30253058671951294 -0.033727988600730896
-0.2180664986371994 -0.06180206313729286 0.1441354602575302
0.06764091551303864 -0.1443498134613037 0.34125345945358276
-0.20068685710430145 -0.1662505716085434 0.4135814905166626
0.05160023272037506 0.038040194660425186 0.20571036636829376
0.17345364391803741 -0.671334445476532 0.35820579528808594
-0.16698139905929565 0.16086086630821228 0.031187204644083977
-0.025267696008086205 -0.1155860647559166 -0.0013771511148661375
-0.055261220782995224 -0.3279508054256439 0.18469752371311188
0.004455855116248131 -0.25141844153404236 -0.04007192701101303
-0.14987964928150177 0.19965803623199463 -0.10705432295799255
0.2519519329071045 -0.025522029027342796 0.08947936445474625
-0.1609860509634018 0.12932106852531433 0.42841044068336487
-0.176253080368042 0.006605961360037327 0.4209614396095276
-0.15532685816287994 -0.10047401487827301 0.33911576867103577
0.08714394271373749 -0.06904595345258713 -0.03733425587415695
-0.04884473234415054 -0.15465524792671204 0.09501529484987259
-0.3259405791759491 0.31109094619750977 0.10998895019292831
0.32833459973335266 0.010171441361308098 -0.04126337915658951
-0.15187212824821472 0.07707414031028748 0.04004576802253723
-0.09729019552469254 0.09185574948787689 -0.44772517681121826
0.47123828530311584 0.20135833323001862 0.3226926624774933
0.052732691168785095 0.006121922750025988 0.08855023235082626
-0.24965548515319824 -0.0476037859916687 0.20171520113945007
-0.08565843105316162 -0.02009492740035057 0.2970735430717468
0.08842099457979202 0.024153120815753937 -0.02234937623143196
0.11103910952806473 -0.5946508646011353 0.3866932988166809
-0.02865489572286606 -0.07913035899400711 0.12928101420402527
0.404022753238678 -0.20233425498008728 0.37883466482162476
0.13793683052062988 0.035176489502191544 0.1224399134516716
-0.15132981538772583 0.12764205038547516 0.2669324278831482
0.2908172309398651 -0.5995940566062927 0.3088236153125763
0.12063468247652054 -0.0961005911231041 0.07463756203651428
0.25786975026130676 -0.01281169056892395 -0.004837258718907833
0.054396238178014755 -0.2693309783935547 -0.2816653847694397
0.17679928243160248 -0.13371865451335907 0.0024540452286601067
-0.21647632122039795 0.05307673662900925 0.1131831705570221
-0.07201293855905533 -0.48528197407722473 -0.05008258298039436
0.26834845542907715 -0.23686698079109192 0.009973876178264618
-0.1415325254201889 -0.17841775715351105 0.35764795541763306
0.17959336936473846 -0.9564575552940369 0.5044332146644592
-0.029728427529335022 0.0416751503944397 0.2710576057434082
-0.10341715067625046 -0.35597673058509827 0.5111768245697021
0.3106536567211151 -0.23141096532344818 0.04462564364075661
-0.09711337834596634 0.03350010886788368 0.1548011153936386
0.11527892202138901 0.025542398914694786 0.10953787714242935
0.1993473768234253 -0.030585890635848045 0.3094342350959778
-0.11710446327924728 -0.13194158673286438 0.14105302095413208
0.0578615628182888 -0.3468186855316162 0.25034064054489136
0.004903681576251984 -0.28425461053848267 -0.3514457643032074
0.1690300554037094 -0.44641295075416565 0.2872585356235504
0.18032187223434448 -0.12142625451087952 0.35573288798332214
-0.23760676383972168 0.018908921629190445 -0.2236962914466858
0.30237075686454773 0.07670564204454422 0.45238181948661804
-0.20097751915454865 0.09221906214952469 0.24349328875541687
0.04095114767551422 0.09303406625986099 -0.01586330495774746
-0.07597973197698593 -0.04899691417813301 0.02008410543203354
-0.09980668872594833 0.20437099039554596 0.1354251652956009
-0.1627252697944641 -0.1141611859202385 0.22845424711704254
0.40627896785736084 0.10085806995630264 0.21856722235679626
0.1484144777059555 0.29842644929885864 0.014379139989614487
0.05502183735370636 -0.10730145126581192 0.2359701544046402
-0.2342161238193512 -0.09182623773813248 0.5110272169113159
0.2365073412656784 -0.1488536298274994 0.14385154843330383
-0.07692812383174896 0.013648053631186485 0.19320020079612732
-0.2728026807308197 0.2530989944934845 0.4231147766113281
0.13558444380760193 0.2861856520175934 0.5612009167671204
-0.20086926221847534 -0.015233408659696579 0.281823068857193
0.16358402371406555 -0.213127002120018 0.4451209008693695
0.04175468906760216 -0.2721824645996094 0.25325143337249756
0.15669603645801544 -0.20926731824874878 0.2227499783039093
0.06258110702037811 0.023777537047863007 0.2880092263221741
-0.025204602628946304 -0.07194769382476807 -0.09813638031482697
0.2179938107728958 -0.002625600900501013 0.4393698275089264
0.1322576105594635 -0.4152251183986664 0.18737924098968506
-0.20699739456176758 0.0801437720656395 -0.10407616198062897
-0.21812158823013306 0.17883290350437164 0.007212587166577578
0.01263418234884739 -0.06916673481464386 0.3712833821773529
-0.02279278263449669 -0.13450537621974945 0.4193700850009918
-0.34569892287254333 0.028000831604003906 0.4681175947189331
0.05080454424023628 0.1104404553771019 0.10756378620862961
-0.18789058923721313 0.13457435369491577 0.38141220808029175
0.12742078304290771 0.029888948425650597 0.35536351799964905
-0.07276587188243866 0.017792489379644394 0.27479860186576843
-0.1705649048089981 0.030745888128876686 0.3705510199069977
-0.11202258616685867 0.15845416486263275 0.525309145450592
-0.034233927726745605 -0.21631953120231628 0.10175622254610062
0.011344514787197113 -0.1965024173259735 0.420524537563324
0.011113537475466728 -0.13633884489536285 0.11851707845926285
0.15810459852218628 0.22943247854709625 0.1158004030585289
0.2740287482738495 -0.18966105580329895 0.3584064543247223
-0.08284715563058853 -0.10438769310712814 0.055142682045698166
-0.15215545892715454 0.19251620769500732 0.7144685387611389
0.06494977325201035 0.09347593039274216 0.20739750564098358
-0.05774146690964699 0.016651272773742676 0.19795623421669006
-0.2058790624141693 -0.17063488066196442 0.26784294843673706
-0.1575637012720108 -0.036708373576402664 -0.13300979137420654
-0.17138180136680603 -0.04463018476963043 0.1360541135072708
-0.069315105676651 -0.019025681540369987 -0.08123500645160675
-0.17456230521202087 -0.06436767429113388 0.16736498475074768
-0.07242046296596527 -0.14859949052333832 -0.08934585750102997
0.2204417884349823 -0.7062509059906006 0.4009557366371155
0.1252547800540924 -0.12491171807050705 -0.2999721169471741
0.015746796503663063 0.32202476263046265 0.5220850110054016
0.22131088376045227 -0.18185216188430786 -0.007281649392098188
0.7119312882423401 0.1332818567752838 0.6592902541160583
0.20205579698085785 -0.01361803524196148 -0.15534359216690063
-0.0021972195245325565 -0.932938814163208 0.37317073345184326
-0.1167219877243042 0.24177701771259308 0.39625826478004456
-0.13989533483982086 0.14858558773994446 0.09331320971250534
-0.2504832148551941 0.01420513540506363 0.6908908486366272
-0.21902446448802948 0.16988782584667206 0.41841772198677063
-0.07667306810617447 0.1472996026277542 0.08055984973907471
0.38975656032562256 0.14361263811588287 0.45123061537742615
-0.07566753774881363 -0.15931853652000427 0.4290449619293213
-0.05198530852794647 -0.37352731823921204 0.34645792841911316
0.25202757120132446 -0.36136868596076965 0.14552722871303558
0.2970830500125885 0.1819247603416443 0.5467837452888489
0.15978939831256866 -0.253261536359787 -0.005383920855820179
-0.10864438116550446 0.11491772532463074 0.397136926651001
0.056696292012929916 -0.5561412572860718 -0.026189927011728287
0.1853204369544983 0.005875221453607082 0.42909929156303406
-0.06881839036941528 -0.27466174960136414 0.11703933030366898
-0.1326165497303009 -0.4204464852809906 0.16331014037132263
0.015758484601974487 -0.46565985679626465 -0.12917852401733398
-0.3111198842525482 0.22857342660427094 0.10231674462556839
-0.15923333168029785 0.311527818441391 0.19907674193382263
-0.21523289382457733 0.1814749389886856 0.37985461950302124
-0.06927166134119034 0.010236335918307304 0.3898541331291199
-0.009815817698836327 -0.1362878978252411 0.0419129878282547
-0.20818495750427246 0.12426527589559555 0.39024147391319275
0.3193429410457611 0.04341918230056763 -0.12796463072299957
0.05437507852911949 0.36287057399749756 -0.233332097530365
0.2130139023065567 0.13334298133850098 -0.4634084105491638
0.8689090609550476 -0.16520147025585175 0.09842636436223984
0.12656496465206146 -0.06887923926115036 0.18176089227199554
0.036118071526288986 -0.07160903513431549 0.26374921202659607
0.15288326144218445 -0.7710793018341064 0.47375190258026123
-0.0016724192537367344 0.2064315229654312 0.0707598552107811
0.07014314830303192 -0.8656349778175354 0.34518909454345703
-0.15548978745937347 -0.12090101093053818 0.030263777822256088
0.05011812970042229 -0.3164750933647156 -0.15489338338375092
0.2825070023536682 -0.14572396874427795 0.18480323255062103
-0.25842854380607605 0.0034939430188387632 0.5256778001785278
0.19932612776756287 -0.3794848620891571 0.24533537030220032
-0.16634836792945862 -0.13735754787921906 -0.028983475640416145
0.17665991187095642 -0.19913752377033234 -0.07441752403974533
-0.022228848189115524 -0.1232779249548912 0.27234306931495667
0.005050188861787319 0.14395858347415924 0.4944210946559906
0.1777796447277069 -0.03065466322004795 0.3730166554450989
-0.012049021199345589 -0.20184938609600067 -0.08595900982618332
-0.15299063920974731 -0.06459452956914902 -0.007873620837926865
0.2448081225156784 -0.1510385125875473 0.11443440616130829
0.0623043067753315 0.24529613554477692 0.15800422430038452
-0.13728328049182892 0.1837778240442276 0.18670053780078888
0.3940544128417969 0.08003070205450058 0.6539254188537598
0.3120267391204834 -0.28318145871162415 0.3857955038547516
0.33217117190361023 -0.18737183511257172 0.04965406656265259
-0.03573707863688469 0.10282739251852036 0.32141709327697754
-0.22786997258663177 0.004053899087011814 0.03520951792597771
0.047401297837495804 -0.11780060082674026 0.07196388393640518
-0.023121893405914307 0.03173729404807091 0.3911764919757843
0.3785085380077362 0.21114936470985413 0.6396015286445618
-0.20461247861385345 0.19487081468105316 0.3461894989013672
-0.16101154685020447 0.10158385336399078 0.30765819549560547
0.004793703556060791 0.05092896521091461 0.08338356763124466
0.2382737249135971 -0.5813978314399719 0.0313938744366169
0.1291218250989914 -0.030071714892983437 0.10715758800506592
0.14786262810230255 -0.2523461878299713 0.23840516805648804
-0.35006195306777954 0.07529556751251221 0.366011381149292
-0.09212026745080948 0.023048151284456253 0.31828173995018005
-0.11408885568380356 -0.14794078469276428 0.15846015512943268
-0.21207967400550842 0.041737500578165054 -0.487862765789032
0.20789623260498047 -0.4879154562950134 -0.030580928549170494
0.23014041781425476 0.18416903913021088 0.5940027236938477
-0.0769377127289772 0.16609738767147064 0.5454614162445068
0.051402170211076736 0.06249392405152321 0.4021238088607788
-0.2220297008752823 0.11324424296617508 0.4298042356967926
-0.1478784829378128 -0.0728001520037651 0.4217384457588196
0.26748180389404297 0.052165742963552475 0.39897069334983826
-0.09758942574262619 0.11546122282743454 0.026311326771974564
-0.12719197571277618 -0.13846547901630402 0.09060720354318619
0.46904119849205017 -0.168323814868927 -0.10973842442035675
0.023933924734592438 -0.26020297408103943 0.25194206833839417
-0.12058449536561966 3.3269403502345085e-05 -0.008810047060251236
0.025934068486094475 0.012459445744752884 0.04821927472949028
0.23364539444446564 -0.4394078850746155 0.34755250811576843
0.052596475929021835 -0.12796266376972198 0.5021806359291077
0.02110661193728447 -0.8026195764541626 0.14240683615207672
0.16261786222457886 -0.3507918119430542 0.2967328131198883
0.1255815327167511 0.04547598212957382 0.0726747214794159
-0.08929602801799774 0.15486404299736023 0.047913383692502975
0.2640867829322815 -0.036094214767217636 -0.1310543268918991
0.02252276800572872 0.013007678091526031 0.06130657717585564
0.2591796815395355 -0.1346929520368576 0.41810083389282227
-0.036861881613731384 -0.2761532962322235 0.5137492418289185
-0.17766301333904266 0.031200001016259193 0.4099176228046417
0.20895196497440338 0.14828947186470032 0.19528554379940033
0.0418262779712677 -0.358730286359787 0.037790924310684204
-0.1463462859392166 0.004727145191282034 0.09332706034183502
0.36589542031288147 0.3084259629249573 0.3858921229839325
-0.2037152647972107 0.22014513611793518 0.24326404929161072
-0.16509906947612762 0.09462511539459229 0.29638931155204773
0.07670743018388748 0.09261453151702881 0.05915766954421997
0.3114487826824188 -0.09014499187469482 -0.05367071554064751
-0.14834439754486084 0.030374715104699135 -0.5546817779541016
0.13942916691303253 0.06664759665727615 0.26304933428764343
0.24540835618972778 -0.8594793081283569 0.25650671124458313
0.03282899782061577 -0.10802764445543289 0.37425053119659424
-0.18780732154846191 0.0908283144235611 0.030240459367632866
0.24795924127101898 -0.2674073576927185 -0.07213228940963745
-0.29402875900268555 0.20888377726078033 0.39100560545921326
-0.34734997153282166 0.08070249855518341 0.44164910912513733
0.10185588896274567 -0.2892819046974182 0.06901834905147552
-0.025247175246477127 0.17805905640125275 0.8050575852394104
-0.05720879137516022 -0.07632702589035034 0.14308521151542664
0.12570831179618835 -0.45644450187683105 -0.19476118683815002
-0.04755033925175667 0.09833993762731552 0.06830811500549316
-0.009742500260472298 0.11885374784469604 0.2772744297981262
0.10855840146541595 -0.7264741063117981 0.11253620684146881
-0.1716529130935669 0.281495600938797 0.43051981925964355
0.03668801859021187 -0.2821943163871765 0.10413429886102676
0.07980209589004517 0.11530900001525879 0.34769779443740845
-0.30855706334114075 0.05884468927979469 0.40723443031311035
-0.13243111968040466 -0.0725354477763176 0.01149255596101284
-0.32287442684173584 0.6284711956977844 0.15339238941669464
0.16511750221252441 -0.14560644328594208 0.11487974971532822
0.3140758275985718 0.25459355115890503 0.5354699492454529
-0.04017858952283859 -0.2703326940536499 0.4566206932067871
-0.15078337490558624 0.174789696931839 0.3879894018173218
0.05811736732721329 -0.08156019449234009 0.34141865372657776
0.06778506189584732 0.2978726029396057 0.33262407779693604
-0.048943448811769485 -0.007614937145262957 0.33205804228782654
-0.40300723910331726 0.30564627051353455 0.7167094945907593
-0.15914322435855865 -0.0006810571067035198 0.08871866762638092
-0.07412034273147583 -0.4601370096206665 0.03291075676679611
-0.06461465358734131 -0.12272737920284271 0.00823226198554039
-0.05790219455957413 -0.17083580791950226 0.2534340023994446
-0.10586925595998764 -0.23396076261997223 0.2617112994194031
-0.17188012599945068 -0.20931649208068848 -0.4204050600528717
0.0012140508042648435 0.07086225599050522 0.2652443051338196
0.08377678692340851 -0.144612655043602 0.4593440890312195
-0.0017081310506910086 -0.229221373796463 0.4072061777114868
0.0753931924700737 -0.07566650956869125 -0.23908837139606476
0.12302400916814804 0.3809349834918976 0.5640718936920166
-0.20709258317947388 -0.10156679898500443 0.14092329144477844
0.3312779366970062 -0.012585049495100975 -0.20892956852912903
-0.0830848291516304 -0.11363684386014938 -0.22240188717842102
0.35917648673057556 -0.09889259189367294 0.4938218593597412
0.3726206123828888 0.07330019026994705 -0.1310928612947464
-0.16395357251167297 0.02053617499768734 0.051515839993953705
0.4767349362373352 -0.18778426945209503 -0.0712151750922203
-0.05497673898935318 0.23367606103420258 0.3650103211402893
0.12617537379264832 -0.2025165855884552 0.25307002663612366
-0.06955541670322418 -0.5569359064102173 0.42491415143013
-0.2223486453294754 0.25154542922973633 0.2670913338661194
0.1607239693403244 0.27272510528564453 0.32502996921539307
0.0916132926940918 -0.020132631063461304 0.44652697443962097
-0.16785287857055664 0.1130693331360817 0.16315381228923798
-0.09105336666107178 0.06529024243354797 0.38534829020500183
0.021433066576719284 -0.2621366083621979 0.1599997580051422
-0.05681474134325981 -0.03069041483104229 0.20567871630191803
0.07167685031890869 -0.3545669913291931 0.17263421416282654
-0.024688905104994774 -0.028744282200932503 -0.08777083456516266
0.41987207531929016 -0.18985973298549652 -0.1798694133758545
-0.003972962498664856 -0.10707792639732361 0.24584442377090454
-0.300861120223999 0.010293766856193542 0.37759578227996826
0.05588974803686142 0.002197986003011465 0.3553900122642517
0.02763822115957737 0.09735283255577087 0.2074309140443802
-0.0665641576051712 -0.31057584285736084 0.18339940905570984
0.039727583527565 0.10791061073541641 -0.37845391035079956
-0.25919851660728455 0.3838597536087036 0.9838560819625854
0.09444648027420044 -0.8706186413764954 -0.1010100319981575
0.17677348852157593 -0.15158012509346008 0.21190735697746277
0.4310353100299835 0.0966009646654129 0.16809293627738953
0.03240720555186272 -0.15507473051548004 0.15840329229831696
0.5684426426887512 0.04679114744067192 0.23691056668758392
-0.1910829097032547 0.1975519359111786 0.061406124383211136
0.06975461542606354 -0.04415944591164589 0.16873928904533386
0.21512167155742645 0.13310328125953674 0.5603057146072388
-0.12595508992671967 0.04480408877134323 0.5085543394088745
0.12876345217227936 -0.13535404205322266 0.10501078516244888
0.10240726172924042 0.04126551002264023 0.4121635854244232
0.2013946920633316 0.09456955641508102 0.29900529980659485
-0.21179503202438354 0.14602157473564148 0.07719212025403976
-0.2030976563692093 0.11809291690587997 0.5363133549690247
-0.14170242846012115 -0.10433920472860336 0.35176289081573486
0.012762639671564102 0.4366677701473236 0.461570680141449
-0.0631522610783577 -0.011309821158647537 -0.17012016475200653
-0.16974176466464996 0.17111149430274963 0.22094304859638214
-0.0866774469614029 0.08026774972677231 0.4585971534252167
0.4053090810775757 0.2184060662984848 -0.06945407390594482
-0.16743899881839752 0.5483108162879944 0.16729813814163208
0.12739945948123932 -0.14578017592430115 0.32320019602775574
-0.07909396290779114 -0.21814432740211487 -0.0922040343284607
0.08683682233095169 -0.2962477505207062 0.09494204819202423
0.009536905214190483 -0.1482064425945282 0.3968714773654938
-0.02370592951774597 0.12706762552261353 -0.1323472410440445
-0.21754515171051025 -0.04164653271436691 -0.25111356377601624
-0.055994365364313126 -0.1898476779460907 0.08045545965433121
-0.053316935896873474 0.12953418493270874 -0.059026580303907394
-0.30742624402046204 0.14021199941635132 0.48665961623191833
-0.008089320734143257 -0.3868190050125122 0.38911643624305725
-0.05530822277069092 0.06659004837274551 0.38586920499801636
0.04770876467227936 -0.35385948419570923 0.3068947196006775
-0.045543234795331955 -0.11037524789571762 -0.2149847000837326
-0.04501485452055931 0.06685014814138412 0.05522377789020538
0.006914597004652023 0.11095382273197174 0.4440995454788208
-0.2807174623012543 -0.05837596207857132 -0.284930557012558
-0.14150963723659515 -0.43267831206321716 0.022379783913493156
-0.21843276917934418 0.26187390089035034 0.24116268754005432
-0.012848814949393272 0.06393823772668839 -0.08687874674797058
-0.1852695494890213 -0.1552237868309021 0.38019847869873047
-0.15058577060699463 -0.004333649296313524 0.14370931684970856
-0.17545267939567566 0.06738731265068054 0.5885216593742371
0.20623239874839783 -0.1550503522157669 0.3631843626499176
-0.2520100474357605 -0.421049028635025 0.6134694814682007
0.005594206508249044 -0.6459853053092957 0.1582084596157074
0.045653313398361206 -0.2678064703941345 0.042341019958257675
0.13235647976398468 -0.16457660496234894 0.4557795226573944
-0.0575566440820694 0.08694519847631454 0.44331061840057373
0.04611284285783768 -1.0851839780807495 0.2378111034631729
0.14620964229106903 -0.0712084174156189 -0.1683519035577774
0.2462204247713089 0.11137612164020538 0.3445703089237213
0.07077784091234207 -0.5930137038230896 -0.04944552481174469
-0.16802655160427094 0.025892367586493492 0.6240968704223633
-0.16137897968292236 0.10472776740789413 0.26065757870674133
0.048041004687547684 0.20624610781669617 0.5127068161964417
-0.27498218417167664 -0.12019406259059906 0.42273882031440735
-0.14642097055912018 0.4808110296726227 0.484614759683609
0.1687839776277542 0.02084757760167122 -0.153340145945549
0.00667871767655015 -0.604638934135437 0.23670059442520142
-0.02757050283253193 -0.18676327168941498 -0.08998116105794907
0.12192723900079727 -0.5374795198440552 0.4551895260810852
-0.0764138251543045 0.09374281764030457 0.28437358140945435
-0.048004258424043655 -0.2683762311935425 0.13122496008872986
0.024397067725658417 -0.30820444226264954 0.28595981001853943
0.2439357489347458 -0.1006268784403801 -0.27770480513572693
-0.06537142395973206 -0.1685609519481659 0.19796915352344513
-0.13437718152999878 -0.22107231616973877 0.11882840096950531
-0.09614598751068115 -0.060337916016578674 -0.04999762028455734
-0.0896676704287529 -0.09729518741369247 0.04850756376981735
-0.1184426099061966 -0.16256901621818542 0.4571194052696228
0.0032233872916549444 -0.11792376637458801 0.286978542804718
0.116092748939991 0.0003158487379550934 0.14282946288585663
-0.10352044552564621 0.20685501396656036 -0.04179774224758148
0.2662568688392639 -0.552722156047821 0.08533592522144318
0.017512770369648933 0.21690702438354492 0.021521948277950287
0.41894200444221497 -0.005238814279437065 -0.3169727623462677
-0.05332234874367714 0.010450279340147972 -0.04154879227280617
-0.09500736743211746 0.15994764864444733 0.09725802391767502
-0.032158996909856796 -0.2527468800544739 -0.1472800076007843
0.07625550031661987 0.12857434153556824 0.13273310661315918
0.17229633033275604 0.020327534526586533 0.04830820485949516
0.10309862345457077 0.0056803966872394085 -0.23141126334667206
0.14802207052707672 -0.4102206826210022 0.12670432031154633
0.24322791397571564 0.006470128428190947 0.23436011373996735
-0.08997191488742828 0.10324191302061081 0.2367749661207199
-0.17381273210048676 -0.00840928964316845 0.20528361201286316
0.23997116088867188 -0.10952863842248917 0.3901185691356659
-0.12006749212741852 0.04821021109819412 0.37277939915657043
0.22135260701179504 -0.19547729194164276 -0.07921577990055084
-0.03609670698642731 0.02488504908978939 -0.19322538375854492
-0.21150341629981995 -0.07125428318977356 0.3911793529987335
0.09514393657445908 0.026572639122605324 0.4400615394115448
0.4166364073753357 -0.004775241948664188 -0.2398427575826645
-0.030682723969221115 -0.03126614913344383 0.33992087841033936
-0.09461702406406403 -0.1622774451971054 0.11182885617017746
-0.24510164558887482 0.1957513689994812 0.47032085061073303
-0.386762797832489 -0.18768149614334106 0.48303061723709106
0.12211548537015915 0.10921111702919006 0.13408519327640533
0.08290718495845795 -0.18699437379837036 0.10271254181861877
0.017977649345993996 -0.3987783193588257 0.215816929936409
-0.005808494985103607 -0.06475068628787994 -0.0633973777294159
-0.15887433290481567 0.25651052594184875 0.4482312500476837
-0.21546319127082825 0.07890895754098892 0.28503531217575073
-0.18844538927078247 -0.0933392345905304 0.13630905747413635
0.14192138612270355 -0.9668240547180176 0.4542551338672638
0.06079651787877083 -0.21007682383060455 0.13746170699596405
-0.19620715081691742 0.2599320709705353 0.2025090605020523
-0.002217697910964489 -0.1649174988269806 0.42333081364631653
-0.07467460632324219 -0.34370529651641846 0.2848868668079376
-0.22413215041160583 0.1378255933523178 0.40823137760162354
0.05173473805189133 -0.20667651295661926 0.1815856695175171
0.24035751819610596 -0.30455437302589417 -0.14504319429397583
-0.09553253650665283 0.3538685739040375 0.38058075308799744
0.09001702070236206 -0.5268496870994568 -0.10844478011131287
-0.05249817296862602 -0.38996511697769165 -0.314373642206192
0.20123763382434845 -0.5953244566917419 0.07409761101007462
-0.20791280269622803 -0.019655361771583557 0.08874352276325226
-0.03422924876213074 0.1938355267047882 -0.06462928652763367
0.29818442463874817 -0.24878394603729248 0.2250133901834488
0.06112310290336609 -0.018304692581295967 0.298892617225647
0.24527494609355927 0.13322225213050842 0.08668404817581177
0.1764763593673706 0.08629097789525986 0.386415958404541
0.040347613394260406 -0.2718382477760315 0.15561437606811523
0.032347120344638824 -0.44116559624671936 0.20164352655410767
-0.19256503880023956 -0.07544539123773575 0.19375178217887878
-0.23315268754959106 0.2215011715888977 0.36259180307388306
-0.04281879588961601 -0.32242724299430847 0.399492472410202
-0.06226351112127304 -0.22530245780944824 0.03436105698347092
0.16983255743980408 -0.001476883189752698 0.06935438513755798
-0.15198226273059845 -0.06179660186171532 0.09506174176931381
-0.007743093650788069 -0.08946792781352997 0.29968035221099854
0.3884314000606537 0.091155506670475 0.2255336046218872
-0.05791764706373215 -0.11813972890377045 0.4664091467857361
0.07056181132793427 -0.07826071977615356 -0.10344399511814117
0.24397356808185577 -0.052236735820770264 0.14128147065639496
-0.07102945446968079 -0.610023021697998 0.4009537100791931
0.29343757033348083 -0.1877475380897522 -0.06198836490511894
-0.19023922085762024 -0.10863345116376877 0.2312231808900833
-0.07506854832172394 -0.01856575906276703 -0.24856534600257874
-0.17640134692192078 -0.009304076433181763 0.21349520981311798
-0.19146046042442322 0.2543792426586151 -0.13418900966644287
-0.1672493815422058 0.005212646443396807 0.47865650057792664
-0.299043744802475 0.05560000240802765 0.20766867697238922
0.15107931196689606 -0.24805374443531036 0.16091594099998474
-0.12747859954833984 0.1916758120059967 -0.017565790563821793
-0.027262132614850998 0.12635667622089386 0.2992614209651947
-0.13771288096904755 0.2295311838388443 0.7397815585136414
-0.09001696854829788 0.12435746937990189 0.501006543636322
0.26393231749534607 0.1042780727148056 0.39765748381614685
-0.06310271471738815 0.11407298594713211 0.368499219417572
-0.01910458691418171 -0.3990859091281891 0.363203227519989
0.3249761760234833 0.10984928160905838 0.16210190951824188
-0.029890738427639008 -0.06870786100625992 0.10140010714530945
0.044177331030368805 -0.1887369453907013 0.02541743963956833
-0.010696738958358765 0.2644020617008209 0.43293997645378113
-0.06663726270198822 0.15861287713050842 0.4061723053455353
0.09736589342355728 0.39382806420326233 0.3642289936542511
0.1292470395565033 -0.2603975236415863 0.3162938952445984
-0.09887109696865082 -0.20546381175518036 0.02934279851615429
-0.026806270703673363 -0.2390916347503662 0.30155232548713684
0.07433056086301804 -0.035430096089839935 0.273177832365036
-0.05118599534034729 -0.2665277123451233 0.40486785769462585
0.008596071973443031 -0.3121460974216461 0.0670541524887085
-0.08735485374927521 0.07547410577535629 0.22178229689598083
-0.0763145163655281 0.08479606360197067 0.26097726821899414
-0.23245090246200562 0.06723514944314957 0.059702519327402115
0.1252223402261734 -0.22556599974632263 0.38082456588745117
0.08330921083688736 -0.2323426455259323 0.21826857328414917
-0.0028580045327544212 -0.11740031093358994 0.5350374579429626
0.05424642562866211 -0.3944877088069916 0.0658278837800026
0.09358235448598862 0.04943447187542915 0.38974255323410034
-0.2117072194814682 0.36174508929252625 -0.04512762278318405
0.13570937514305115 0.0016754018142819405 0.09332508593797684
-0.18388128280639648 0.06741464138031006 0.015956560149788857
-0.05662565678358078 -0.040230099111795425 -0.03319573774933815
0.07359892129898071 0.006049079354852438 0.08731112629175186
0.1355217844247818 -0.32394707202911377 0.01616334542632103
0.10262555629014969 0.16321879625320435 0.1772461086511612
0.039235495030879974 -0.33416658639907837 0.18658480048179626
-0.25391829013824463 0.05042540654540062 0.29976141452789307
0.11244995146989822 0.1297958642244339 -0.22013910114765167
0.2720056176185608 -0.46193400025367737 0.14793118834495544
-0.11943647265434265 -0.15199777483940125 0.4174082577228546
-0.0883251279592514 -0.3821972906589508 0.37450239062309265
0.0021229255944490433 0.08441289514303207 0.49191364645957947
0.19948408007621765 -0.28653088212013245 -0.21275125443935394
-0.04476449638605118 0.04470468685030937 0.3462183475494385
-0.06405908614397049 0.25766921043395996 0.18939237296581268
-0.24033178389072418 0.22088050842285156 0.10303674638271332
-0.05381787195801735 -0.3210686147212982 0.12359707802534103
-0.08046932518482208 -0.13770881295204163 0.2539297044277191
-0.2991791367530823 0.23485256731510162 0.13076990842819214
0.14242953062057495 0.010848356410861015 0.01070769876241684
0.21678738296031952 -0.02408718876540661 -0.006969678681343794
-0.04862761124968529 0.01123928464949131 0.31057170033454895
-0.15300221741199493 -0.04247777536511421 0.15842300653457642
0.15578587353229523 -0.5122658610343933 -0.2273394763469696
-0.025521330535411835 0.06824342161417007 0.24525688588619232
-0.329537034034729 0.3461075723171234 0.46727120876312256
-0.07934079319238663 -0.6254652738571167 0.3632555902004242
0.317364364862442 -0.2978634834289551 0.15090319514274597
-0.017987923696637154 -0.08441310375928879 0.21557210385799408
0.2222646176815033 0.04989399015903473 0.3731197416782379
0.10289955139160156 -0.006482405122369528 0.35272130370140076
0.49377623200416565 0.06568203866481781 0.4051695168018341
0.011829962953925133 -0.06958950310945511 0.4712764024734497
-0.1393248289823532 0.20884665846824646 -0.036142587661743164
-0.14783567190170288 0.08874935656785965 0.2897331416606903
-0.21378500759601593 0.029018083587288857 -0.07443825900554657
-0.08511609584093094 -0.193901926279068 -0.1108611449599266
-0.27233582735061646 0.02137819491326809 0.24425728619098663
0.0380488745868206 -0.34391921758651733 -0.046107951551675797
0.634657084941864 0.13888424634933472 0.2939591705799103
-0.0745430514216423 0.04730189964175224 0.011076072230935097
0.21031633019447327 -0.11677715927362442 -0.39220482110977173
0.1836094856262207 0.14238795638084412 0.5402746796607971
0.21387197077274323 0.3475920855998993 -0.1453181505203247
-0.13049523532390594 0.053617849946022034 0.44707179069519043
0.2824712097644806 -0.3617188036441803 0.08810369670391083
0.14596807956695557 -1.1185719966888428 0.35821518301963806
0.042775146663188934 -0.3639868497848511 0.11929325759410858
0.2768847644329071 -0.7273300886154175 0.4527430832386017
-0.08138439059257507 -0.06943117082118988 -0.09351959824562073
-0.15770480036735535 0.08806858211755753 0.3666655123233795
-0.21562065184116364 0.17602762579917908 -0.10697778314352036
0.21669183671474457 -0.011643053963780403 0.1912308633327484
0.008983844891190529 -0.05778299272060394 0.16739444434642792
0.024972908198833466 -0.2280454933643341 0.052773620933294296
-0.27394378185272217 0.08470560610294342 0.007094406522810459
0.30460691452026367 0.2443566769361496 0.5082324147224426
0.13051997125148773 -0.41704604029655457 0.20545955002307892
0.07596519589424133 -0.04476824775338173 -0.22517423331737518
0.4801005423069 0.12698738276958466 0.45442917943000793
0.3629800081253052 -0.08542155474424362 -0.04794703423976898
0.024918675422668457 0.026729818433523178 0.4244195520877838
0.05971093475818634 -0.14351364970207214 -0.04585527628660202
0.026879161596298218 -0.18145300447940826 0.40441131591796875
-0.05631209909915924 0.024813435971736908 0.4952335059642792
0.18916946649551392 -0.3743564784526825 0.15178103744983673
0.005804987624287605 -0.2696945369243622 0.23022063076496124
-0.27192941308021545 0.09664460271596909 0.600310742855072
-0.3171330392360687 0.2076268494129181 0.3298739194869995
-0.02163504995405674 -0.10502330958843231 -0.1020655557513237
0.023019032552838326 -0.10470785200595856 -0.26507148146629333
-0.14609798789024353 0.1978304386138916 0.010306203737854958
-0.16026277840137482 0.03581066429615021 0.18189625442028046
-0.20593251287937164 -0.03029526211321354 0.10596639662981033
-0.12758655846118927 0.1072954460978508 0.12764377892017365
-0.048197317868471146 -0.24841800332069397 -0.04482108727097511
0.18176254630088806 0.06961371749639511 0.3700729310512543
0.2453700304031372 -0.37314921617507935 0.11652863025665283
-0.18727390468120575 -0.06925506889820099 0.1609560251235962
-0.12684939801692963 0.19773808121681213 0.2273131012916565
0.05620861053466797 0.0352974608540535 0.37774857878685
0.12091957777738571 0.026667065918445587 -0.18625853955745697
0.15023665130138397 -0.35044047236442566 0.26585984230041504
0.2902464270591736 -0.023918425664305687 0.3152036666870117
0.13855098187923431 0.0665845051407814 -0.03775147721171379
0.020213784649968147 -0.2890535891056061 0.04332837462425232
-0.2552798092365265 -0.014850981533527374 0.3407733142375946
-0.09015002101659775 0.20553404092788696 0.577388346195221
0.1525457501411438 -0.08702436834573746 -0.30619120597839355
-0.2397986203432083 0.05622093379497528 0.3617507517337799
0.33750540018081665 0.08797091990709305 0.4078545868396759
-0.002603316679596901 -0.12268712371587753 0.023986032232642174
0.0002786266850307584 0.27894946932792664 0.14177951216697693
0.0725553035736084 -0.0015611052513122559 0.3246033191680908
0.12054839730262756 0.05075378343462944 -0.0948532447218895
0.20402361452579498 -0.23965024948120117 0.4552076756954193
0.059156883507966995 -0.011704135686159134 0.07883967459201813
-0.01867070607841015 -0.3642251491546631 0.06730275601148605
-0.25528380274772644 0.24676430225372314 0.04766940325498581
-0.10235802829265594 0.18232405185699463 0.2993219494819641
-0.35879382491111755 0.12401798367500305 0.4252084493637085
-0.07001355290412903 -0.20971879363059998 0.37701544165611267
0.25996652245521545 -0.391949862241745 6.050418596714735e-05
-0.077287457883358 -0.21437153220176697 0.23322626948356628
-0.26005205512046814 0.0857880711555481 0.44342371821403503
0.020370032638311386 0.06346557289361954 0.331089586019516
-0.22995708882808685 0.08559097349643707 0.2794078290462494
0.10008520632982254 0.09325648099184036 0.33693942427635193
0.247457817196846 -0.3443363904953003 0.37215086817741394
0.19025540351867676 -0.1550191342830658 -0.137770414352417
0.14554855227470398 0.00016306270845234394 -0.396084189414978
0.23257936537265778 0.029697949066758156 0.3103431761264801
-0.24587057530879974 0.15740668773651123 0.24835745990276337
0.09006457775831223 0.506232738494873 0.5691938996315002
0.4079495072364807 -0.17491619288921356 0.2948383092880249
0.08688822388648987 -0.012933218851685524 0.2767512798309326
-0.15752285718917847 -0.05132666230201721 0.20446540415287018
0.1552816927433014 0.08477968722581863 0.03832058236002922
-0.23953378200531006 0.07096759229898453 0.4204559326171875
0.01717526465654373 -0.047826603055000305 0.20616652071475983
-0.2516173720359802 -0.09343046694993973 0.2655555009841919
-0.19989056885242462 0.09218011796474457 0.33975160121917725
-0.08956177532672882 0.2340320497751236 -0.0074121407233178616
-0.30199551582336426 0.371779203414917 0.5024230480194092
-0.16946779191493988 0.1971219927072525 0.7819570302963257
0.2911168932914734 -0.35901957750320435 0.12658898532390594
-0.24376611411571503 -0.11695998162031174 0.11371590942144394
0.09506829082965851 -0.22893913090229034 0.036534808576107025
-0.11148339509963989 -0.19574233889579773 0.28444838523864746
-0.033441293984651566 -0.07924270629882812 0.1253535896539688
-0.037574246525764465 -0.37570005655288696 0.27276697754859924
-0.23296919465065002 -0.03902305290102959 0.27216818928718567
-0.06293846666812897 0.07903969287872314 -0.02260216511785984
-0.17665787041187286 -0.07971542328596115 0.33949577808380127
-0.23372378945350647 0.3566875159740448 0.21549837291240692
-0.15806756913661957 -0.013638783246278763 0.11197273433208466
-0.04667951911687851 -0.14082573354244232 -0.06986493617296219
-0.18697336316108704 0.3240179419517517 0.8380244374275208
0.06761803478002548 0.09548961371183395 0.10004666447639465
0.11241275072097778 0.09953994303941727 0.3553978204727173
0.12616752088069916 -0.08277472108602524 -0.03789118677377701
0.18839587271213531 -0.5133752822875977 0.1405014544725418
-0.09455674141645432 0.04320118576288223 0.10331490635871887
-0.12980709969997406 0.23301495611667633 0.43107736110687256
0.10293883085250854 -0.11679500341415405 0.43525439500808716
0.3537152409553528 0.3008306622505188 0.7317963242530823
-0.1519785225391388 -0.18345722556114197 0.40445029735565186
-0.2761649787425995 -0.07745547592639923 -0.042814016342163086
0.09975427389144897 -0.20788194239139557 0.06343631446361542
0.0581921711564064 -0.15635326504707336 0.1951305866241455
-0.2686445116996765 0.14806236326694489 0.2595495879650116
-0.10193537920713425 0.09399820119142532 0.30718639492988586
0.09458255022764206 -0.007017084863036871 -0.08776035904884338
0.2720204293727875 0.1142803430557251 0.45349612832069397
0.09832799434661865 -0.3506794273853302 0.38354480266571045
-0.15484943985939026 -0.15057890117168427 -0.08211120218038559
0.00021919014398008585 0.3196597993373871 0.47704803943634033
-0.05617952719330788 -0.20880268514156342 0.2497560679912567
0.01848488487303257 0.04671964421868324 0.4852752685546875
0.25901031494140625 0.11555283516645432 0.3466584384441376
0.12232153117656708 0.19535154104232788 0.4199599325656891
-0.15992391109466553 -0.2691059708595276 0.15355876088142395
0.12445932626724243 0.48324212431907654 0.43345996737480164
-0.09037184715270996 0.00019367155618965626 0.2017832100391388
0.00479839276522398 0.10686679184436798 0.3047142028808594
0.1972718983888626 0.30677881836891174 0.5204157829284668
0.14043107628822327 -0.36851945519447327 0.07654766738414764
0.10924307256937027 -0.03136136382818222 0.33142760396003723
-0.03501592576503754 0.22209548950195312 0.36839282512664795
0.12797635793685913 -0.8139299750328064 0.514998197555542
0.24799777567386627 -0.46620842814445496 0.25615209341049194
-0.016281969845294952 -0.2245534211397171 0.2723647356033325
-0.11372359842061996 -0.34808701276779175 0.265308141708374
0.061033446341753006 -0.04380238428711891 -0.33955147862434387
0.3778974413871765 0.04918768256902695 -0.2894690930843353
0.13915468752384186 -0.2529657781124115 0.11285235732793808
0.016224438324570656 -0.0992463231086731 -0.06351780146360397
-0.19311262667179108 -0.1640596240758896 0.36516073346138
0.06654434651136398 -0.09043121337890625 0.14494816958904266
-0.16388867795467377 0.05132710188627243 0.18085147440433502
-0.020958533510565758 -0.0365448072552681 0.2906801402568817
0.05425092950463295 -0.40339112281799316 -0.068780817091465
0.0075839124619960785 0.17338743805885315 0.29348793625831604
-0.25258076190948486 0.10345537215471268 0.43590444326400757
-0.2631377577781677 0.052329663187265396 0.35625943541526794
-0.029391108080744743 0.10847420990467072 0.04279258847236633
0.00728532625362277 -0.11271655559539795 -0.12560145556926727
0.4191737174987793 -0.11499525606632233 0.2141035795211792
0.44546324014663696 -0.05609654262661934 0.11832232028245926
0.18095241487026215 0.06202295050024986 0.18216142058372498
-0.3245994746685028 0.07329800724983215 0.2507629990577698
0.23155400156974792 0.3781367540359497 0.20348027348518372
-0.02159305475652218 0.1969461441040039 -0.284324049949646
0.06884174048900604 0.09510936588048935 0.30250084400177
-0.2871737480163574 0.11041763424873352 0.2646360695362091
-0.31370946764945984 0.2758246064186096 0.7824047803878784
-0.08725330233573914 -0.13729353249073029 0.1711406707763672
-0.022757992148399353 -0.36348339915275574 0.12203986197710037
-0.17394310235977173 -0.2050727903842926 0.0806737169623375
-0.15352430939674377 0.014617705717682838 0.24233266711235046
-0.29390624165534973 0.2772972285747528 0.5957672595977783
-0.013020709156990051 -0.07585713267326355 0.12764328718185425
-0.29046836495399475 0.056513793766498566 0.3324374258518219
0.2284063696861267 -0.13560456037521362 0.08845997601747513
-0.10160087794065475 0.019479917362332344 0.4104864299297333
-0.14396114647388458 -0.040038101375103 -0.3877297043800354
0.06438811123371124 -0.06545064598321915 0.30836689472198486
0.16860036551952362 0.2313268929719925 0.010643085464835167
-0.10769996047019958 -0.19508956372737885 0.3127307593822479
0.1417890042066574 -0.21861210465431213 0.08800224214792252
-0.17537322640419006 0.16522233188152313 0.2721312344074249
-0.17272451519966125 0.016542278230190277 -0.05207226425409317
0.3040198087692261 0.1858946532011032 0.3698557913303375
0.2257803976535797 0.4588216245174408 0.6954800486564636
0.42960742115974426 0.1291516125202179 0.38413792848587036
0.154710054397583 0.11845836043357849 0.44930312037467957
-0.22194817662239075 0.3324525058269501 0.5201691389083862
0.27627333998680115 -0.11230861395597458 0.30065590143203735
0.2711610794067383 0.13515421748161316 0.21862278878688812
-0.08888033777475357 0.051507368683815 0.29054105281829834
-0.09819909185171127 0.19184844195842743 0.2245081514120102
-0.1080288514494896 0.2730889916419983 0.5888029336929321
-0.03570527583360672 -0.13059338927268982 0.13032233715057373
-0.028454069048166275 0.10358835756778717 0.1938837319612503
0.27157604694366455 0.11158119142055511 -0.022734716534614563
-0.09051161259412766 -0.11408837884664536 0.16307412087917328
-0.16709204018115997 -0.08385345339775085 0.26822638511657715
0.16659781336784363 -0.3232024013996124 0.2817144989967346
-0.06506188958883286 0.30249476432800293 0.8301012516021729
0.06076972186565399 -0.20825549960136414 -0.014148900285363197
0.01109243556857109 -0.19390422105789185 0.15646472573280334
-0.12301110476255417 0.15896202623844147 0.2171848565340042
0.13165587186813354 -0.7027702331542969 0.3297734558582306
-0.24605467915534973 0.18819649517536163 0.5692803859710693
0.1467205435037613 -1.2415693998336792 0.026094889268279076
0.27098098397254944 0.11073266714811325 0.1656859666109085
0.07673709094524384 -0.5986839532852173 0.07377780228853226
-0.3704475164413452 0.26461732387542725 0.5863825082778931
0.2287980318069458 -0.2400737851858139 -0.04020742326974869
0.287217915058136 -0.21773463487625122 0.006358119193464518
0.02556208148598671 0.10940369218587875 0.3234582245349884
0.21746987104415894 -0.1969059407711029 0.2746468484401703
-0.10272037237882614 -0.18646740913391113 0.009179402142763138
0.1296306848526001 0.09859557449817657 0.025062769651412964
-0.10605095326900482 -0.013420892879366875 -0.10763858258724213
0.06386712938547134 -0.9056627154350281 0.463809996843338
0.13422732055187225 -0.31356680393218994 0.25619256496429443
0.004073545802384615 0.1271420270204544 0.44526568055152893
-0.10351502150297165 0.3347134292125702 0.7182180881500244
0.0018594253342598677 0.09811913222074509 0.1758202314376831
-0.11529288440942764 0.027259504422545433 -0.030589396134018898
-0.02364668995141983 -0.1542906016111374 0.15106384456157684
-0.1832752376794815 -0.04763481020927429 0.39266324043273926
-0.2653384506702423 0.07990069687366486 0.38259175419807434
-0.16635626554489136 -0.2388802021741867 0.3572932779788971
-0.21863235533237457 0.1041993796825409 0.1606827825307846
-0.08751954883337021 0.11369121819734573 0.3026467561721802
0.10083907842636108 0.14210255444049835 0.5746253132820129
0.26035284996032715 0.399148553609848 0.6386008262634277
0.09495235979557037 -0.8842365741729736 0.4886217713356018
0.01714365929365158 0.054832395166158676 0.2669183909893036
-0.13785472512245178 -0.1898665875196457 0.03444627299904823
0.19238096475601196 0.027223048731684685 0.08325377851724625
0.3883417844772339 0.15480470657348633 0.34887051582336426
-0.0637364387512207 -0.323055624961853 0.048970356583595276
0.11964389681816101 -0.10912971943616867 0.28956538438796997
0.19964978098869324 -0.27055492997169495 -0.13552217185497284
0.08641424775123596 -0.0007243123836815357 0.39914652705192566
-0.1560625284910202 -0.0017227709759026766 -0.08666402846574783
0.06328264623880386 0.08873289823532104 0.20702862739562988
0.3042973279953003 -0.034125663340091705 -0.25312843918800354
0.06884249299764633 -0.7479354739189148 0.39224204421043396
-0.15890423953533173 0.14306314289569855 0.7108354568481445
0.2813258171081543 -0.20360632240772247 -0.0527970977127552
-0.29346296191215515 0.0597628690302372 0.529884934425354
0.1872349977493286 0.10247974097728729 0.26139935851097107
0.0547371543943882 -0.008161339908838272 0.36261430382728577
-0.2365148365497589 -0.2911504805088043 0.46931594610214233
-0.2531866133213043 0.25261083245277405 0.23980098962783813
-0.08420006185770035 0.2558533251285553 0.10222449898719788
-0.18134665489196777 0.11687815934419632 0.14645028114318848
0.21330387890338898 0.08448904752731323 0.2990713119506836
0.14891329407691956 -0.6969909071922302 0.407353013753891
0.3011055588722229 -0.3114968240261078 -0.007183097768574953
0.38638201355934143 -0.2788928747177124 0.36117443442344666
0.030621612444519997 -0.4594087302684784 0.21323293447494507
0.15034186840057373 -0.21367713809013367 0.4113004803657532
0.13100919127464294 -0.30642229318618774 -0.4610515832901001
0.19963042438030243 -0.047584496438503265 0.2602073550224304
0.1290683150291443 -0.7990317344665527 0.39949920773506165
0.028949029743671417 0.010318554937839508 0.04204276204109192
0.18095314502716064 0.15838603675365448 0.5230537056922913
0.34440869092941284 0.06951317191123962 0.3355805277824402
-0.16548074781894684 -0.10972431302070618 0.24014340341091156
0.012794481590390205 -0.1626754254102707 0.09916213154792786
0.20499661564826965 0.04291943833231926 0.5979641675949097
-0.09265094995498657 0.08265312016010284 0.10935543477535248
-0.03261079266667366 0.2158021479845047 0.543962299823761
0.3243316113948822 0.10960634052753448 0.3783183991909027
0.1553683876991272 0.2039906233549118 -0.029363593086600304
-0.28494954109191895 0.11985249072313309 0.3481028079986572
-0.32979828119277954 0.02727174013853073 0.5167301297187805
-0.11902248114347458 -0.38256528973579407 0.21625612676143646
-0.05387255549430847 0.12581147253513336 0.4583401083946228
0.28492534160614014 -0.389435738325119 0.12574402987957
0.16300612688064575 -0.012916026636958122 0.016660911962389946
-0.13191385567188263 -0.15207283198833466 0.08530207723379135
-0.15952420234680176 -0.08411210030317307 0.07640468329191208
0.09462038427591324 -0.3477354943752289 -0.18533927202224731
0.15932396054267883 -0.2663364112377167 0.18627427518367767
0.15562547743320465 0.06471503525972366 0.06094164028763771
-0.02840946614742279 -0.7592024207115173 0.39941802620887756
0.02386135794222355 0.08602321892976761 0.41506028175354004
0.11237315088510513 -0.07476039230823517 0.020363442599773407
0.3673570454120636 -0.13394472002983093 0.23599687218666077
-0.33204519748687744 0.1840696632862091 0.3973453938961029
-0.17271561920642853 0.1538572758436203 -0.0962340384721756
-0.15339729189872742 -0.01976630836725235 0.16003692150115967
-0.2067616730928421 0.0632711723446846 0.38376855850219727
-0.32181358337402344 0.15798205137252808 0.2218877077102661
-0.04577138274908066 -0.0171509962528944 -0.30789464712142944
0.30306094884872437 -0.15291938185691833 0.3961102366447449
0.15281768143177032 0.20821642875671387 0.3313896954059601
-0.09357361495494843 -0.013904403895139694 0.23958396911621094
-0.04884333908557892 0.03685474395751953 -0.45736557245254517
0.03325013071298599 -0.07019869983196259 -0.1387331485748291
-0.12441729754209518 -0.16752907633781433 0.20490051805973053
0.10227392613887787 0.24112065136432648 0.6401084065437317
-0.1063905656337738 0.272294282913208 0.44549068808555603
0.06580830365419388 0.2854422330856323 0.4811171293258667
-0.3094196319580078 0.06175937131047249 0.4571990668773651
-0.1678202599287033 0.28120142221450806 0.36947715282440186
-0.10218464583158493 -0.2639177739620209 0.24194246530532837
-0.0692676305770874 0.0487225204706192 0.14546644687652588
-0.07339535653591156 -0.08257167786359787 -0.016990570351481438
-0.04613528028130531 -0.47540411353111267 -0.23080703616142273
-0.1299056112766266 -0.44646701216697693 0.26669591665267944
0.0007140090456232429 -0.45651158690452576 0.4849725663661957
0.1925635188817978 0.04048359766602516 -0.12543779611587524
-0.036294981837272644 -0.11778852343559265 0.22822338342666626
0.16655415296554565 -0.4224100112915039 0.3409039378166199
0.1506996750831604 -0.17677637934684753 0.3354727327823639
-0.07902804762125015 0.06708164513111115 0.3160076439380646
0.028650851920247078 -0.12863563001155853 0.2042776495218277
-0.17522510886192322 0.246602863073349 0.3170528709888458
0.2447694092988968 -0.09278563410043716 0.12272358685731888
0.27344802021980286 -0.14320221543312073 0.17877286672592163
0.03325224667787552 -0.13183820247650146 0.4621007442474365
-0.12921543419361115 0.2591177523136139 -0.06033169850707054
0.11604511737823486 0.023508992046117783 0.19562679529190063
0.06486769765615463 -0.06695088744163513 0.12265042960643768
0.1268204301595688 -0.3754110038280487 0.2828434109687805
0.24340908229351044 0.08233663439750671 0.40047648549079895
0.18524521589279175 -0.7844436764717102 0.45566990971565247
0.2164192795753479 -0.8182076811790466 -0.6174014210700989
0.1836380958557129 0.08335202187299728 0.23737889528274536
-0.036770787090063095 -0.48718318343162537 0.45022162795066833
0.21535347402095795 -0.334792822599411 0.10126056522130966
-0.19168300926685333 -0.33946526050567627 0.17151178419589996
-0.32991471886634827 -0.2778257429599762 0.25564226508140564
-0.12555111944675446 0.13433600962162018 0.040748752653598785
-0.1314520239830017 0.10911847651004791 -0.09502047300338745
0.09283343702554703 -0.31108689308166504 0.11592498421669006
0.35943517088890076 -0.0008495093788951635 0.049649428576231
-0.12509509921073914 0.08869673311710358 0.14747881889343262
0.19868561625480652 -0.2756413221359253 0.025911981239914894
0.2399122565984726 -0.5775483250617981 -0.2672825753688812
-0.23713234066963196 -0.15477225184440613 0.14555968344211578
0.11874089390039444 0.10769221931695938 0.37310099601745605
0.19396598637104034 -0.2947375774383545 -0.19786909222602844
0.24866607785224915 0.05873139575123787 0.04350922256708145
0.13217197358608246 -0.17787010967731476 -0.3004491329193115
-0.21793529391288757 0.18188834190368652 0.2602423429489136
-0.0049576954916119576 -0.5835333466529846 -0.26900726556777954
-0.2614508867263794 0.10231907665729523 0.3204183578491211
-0.10503021627664566 0.10485994815826416 0.15168549120426178
0.03405580297112465 0.09400784969329834 -0.09529231488704681
0.19222396612167358 -0.011418469250202179 0.43948450684547424
0.17901484668254852 -0.23826852440834045 0.24425409734249115
-0.06911608576774597 0.2719114124774933 0.28003978729248047
-0.2535761594772339 -0.0364009290933609 0.23639126121997833
0.3776973485946655 -0.012932989746332169 0.12667253613471985
-0.1756182760000229 0.17925794422626495 0.2843753397464752
0.04805171862244606 0.19124619662761688 0.5668294429779053
0.41997912526130676 0.32374244928359985 0.7876330018043518
-0.11628156900405884 0.17797468602657318 0.2307964712381363
-0.16880279779434204 0.14953242242336273 0.26788434386253357
-0.05887380987405777 -0.2122984528541565 0.26433756947517395
-0.020802119746804237 0.1318151354789734 0.23183685541152954
0.025130070745944977 0.2324276864528656 -0.04330115392804146
-0.010814264416694641 -0.09481410682201385 0.4884011447429657
0.26449164748191833 -0.2839570641517639 0.30129456520080566
-0.04233427345752716 0.12860681116580963 0.08811473101377487
0.22704942524433136 -1.2053419351577759 -0.06651989370584488
-0.2439029961824417 -0.2501371204853058 0.32427793741226196
0.26977619528770447 -0.1710328459739685 -0.05581605061888695
-0.012724719941616058 -0.18420056998729706 0.10364169627428055
0.18065859377384186 0.10771655291318893 0.5109446048736572
-0.025546766817569733 -0.562306821346283 0.5408267378807068
-0.050234582275152206 0.06325751543045044 0.14719149470329285
0.008257385343313217 0.11176663637161255 0.18405310809612274
0.016162462532520294 -0.02878117375075817 0.21881847083568573
0.07144775241613388 0.479787677526474 0.4485492706298828
0.12522496283054352 -0.14419999718666077 0.3249862790107727
0.03213851526379585 -0.11537043750286102 0.25081300735473633
-0.02778892032802105 0.24984674155712128 0.6325982213020325
0.14276716113090515 0.5306388735771179 0.3884693682193756
-0.2108733355998993 -0.05611925199627876 0.268803209066391
-0.04472558572888374 -0.2791157066822052 0.2972317934036255
0.1318553388118744 -0.5170241594314575 0.07099292427301407
0.25548288226127625 0.08929163962602615 0.12351836264133453
-0.21393664181232452 0.38691726326942444 0.5930981636047363
0.2761244773864746 0.11218415200710297 0.42310717701911926
-0.0042600189335644245 -0.22765494883060455 0.05919578671455383
-0.19686079025268555 0.12489214539527893 0.012130975723266602
0.050140805542469025 -0.27166661620140076 0.3326956331729889
-0.07208278775215149 -0.3498061001300812 0.1466505229473114
0.09671401232481003 0.09011315554380417 0.48311400413513184
-0.15938612818717957 0.21848848462104797 0.28010955452919006
0.06281225383281708 -0.10918982326984406 0.2221079170703888
0.09021837264299393 -0.3848879635334015 0.40947437286376953
-0.042034126818180084 0.057294197380542755 0.02732892706990242
-0.10840051621198654 -0.05102706700563431 0.17817744612693787
-0.23742584884166718 0.12734121084213257 0.34354349970817566
0.0870630219578743 -0.1950315535068512 -0.2948603630065918
-0.03739957883954048 0.12285270541906357 0.2578188478946686
0.15093998610973358 0.11988113820552826 0.5287601947784424
-0.07295999675989151 -0.1735963672399521 -0.3290463089942932
0.15540757775306702 0.23825837671756744 -0.07415231317281723
-0.009512878954410553 0.1763671338558197 0.014119107276201248
-0.07256267964839935 -0.0933341383934021 0.09756682813167572
-0.03606339171528816 0.36181172728538513 0.4629315435886383
0.0749097540974617 0.38246214389801025 -0.19909927248954773
0.10681627690792084 -0.295288622379303 -0.21900680661201477
0.10387119650840759 0.33612459897994995 -0.09816790372133255
-0.14046064019203186 -0.1991157978773117 0.31063517928123474
0.24439378082752228 -0.35800787806510925 0.23870240151882172
-0.10516157001256943 0.10024107247591019 0.08826151490211487
-0.1123872697353363 -0.00445410143584013 0.10914947837591171
0.24797490239143372 -0.20966856181621552 0.41326406598091125
-0.28234726190567017 0.22465194761753082 0.24880459904670715
-0.06388077139854431 0.11065661162137985 0.12538044154644012
-0.4043858051300049 0.267701119184494 0.19021841883659363
-0.2929474413394928 -0.16094405949115753 0.31861045956611633
-0.3680574595928192 0.09964677691459656 0.6288938522338867
0.10156858712434769 -0.44803550839424133 0.3340161144733429
0.05228045955300331 0.2451448291540146 0.44389545917510986
-0.16772682964801788 0.3872818350791931 0.23418943583965302
0.2289116084575653 0.3604787588119507 0.26868245005607605
0.07075463235378265 -0.038676775991916656 0.5176776051521301
-0.146180659532547 -0.13448257744312286 0.37687578797340393
-0.11806842684745789 0.0033773123286664486 -0.10102268308401108
-0.17259441316127777 0.000310337170958519 -0.04794749245047569
0.3024454116821289 -0.8893240094184875 0.05411480367183685
0.08307922631502151 -0.33284154534339905 0.08888384699821472
0.0949733555316925 -0.1073540598154068 0.3452613949775696
-0.24674823880195618 0.11934489011764526 0.40094009041786194
0.1297702193260193 -0.364919513463974 0.0376189723610878
-0.1382627934217453 0.03427685797214508 0.4499269425868988
0.09620869904756546 -0.6361424922943115 0.4914698004722595
-0.14150147140026093 0.10668466240167618 0.09218047559261322
-0.25877755880355835 0.16103513538837433 0.3841743767261505
-0.11540842056274414 0.18726329505443573 0.16761519014835358
0.08410749584436417 -0.10170350223779678 -0.17487438023090363
0.12233974039554596 -0.3472164571285248 -0.22865892946720123
-0.00011836003977805376 -0.3296852707862854 0.016378462314605713
-0.010780036449432373 -0.24651549756526947 -0.030552098527550697
-0.05567152053117752 -0.2839997410774231 0.2927466928958893
0.04247535765171051 0.3022041916847229 0.13386037945747375
0.20045490562915802 -0.544685959815979 0.34952038526535034
0.08321502804756165 -1.0919345617294312 -0.2236466258764267
0.17176280915737152 0.06661146134138107 0.20776674151420593
0.25648823380470276 0.12330222129821777 0.6413908004760742
0.012393279001116753 -0.13915573060512543 -0.005209373310208321
-0.27213793992996216 0.04679162800312042 0.25523465871810913
0.31408271193504333 -0.21496188640594482 -0.24688094854354858
-0.26489248871803284 0.19113309681415558 0.6128444671630859
0.11869451403617859 0.0017852416494861245 0.08269556611776352
0.0012572327395901084 -0.5624213218688965 0.5484153628349304
-0.05816822499036789 -0.30693089962005615 0.04107566177845001
-0.23324617743492126 -0.11450600624084473 0.4708619713783264
-0.020854031667113304 -0.0585571750998497 0.1959514170885086
0.06875908374786377 -0.025259949266910553 -0.05289064347743988
0.1163770779967308 0.093607097864151 0.17758356034755707
0.11946966499090195 0.016016947105526924 -0.15783613920211792
0.20394806563854218 -0.7674331665039062 0.5089823603630066
0.1655561327934265 -0.43183720111846924 0.03787032887339592
0.1077282652258873 -0.018576161935925484 0.27020713686943054
0.27505600452423096 -1.0127837657928467 0.28012633323669434
0.17813965678215027 0.18424057960510254 0.19764463603496552
-0.014248991385102272 0.10113152861595154 0.21846437454223633
0.14900267124176025 0.15959976613521576 0.26371002197265625
0.11739689111709595 -0.2897091507911682 -0.03872113674879074
0.12161922454833984 -0.4643769860267639 0.1142144426703453
0.2155514657497406 -0.42576900124549866 0.15032647550106049
-0.23549385368824005 0.11482520401477814 0.4014548063278198
0.1333339810371399 -0.13629992306232452 0.10756516456604004
0.125409334897995 -0.02283537946641445 0.3802383840084076
0.2934064269065857 -0.3479997217655182 0.18810917437076569
-0.21282018721103668 0.18574000895023346 0.40543779730796814
0.4096740782260895 -0.30380284786224365 0.13046559691429138
-0.010677458718419075 -0.16766250133514404 0.36580345034599304
0.009389450773596764 0.2649129331111908 -0.16526103019714355
-0.15601852536201477 -0.02359134331345558 0.06768915057182312
-0.04956762120127678 0.07448187470436096 0.21924978494644165
-0.17646899819374084 -0.1403704136610031 -0.11753036826848984
-0.06193850189447403 -0.13851186633110046 -0.16607023775577545
-0.2322661131620407 0.03779001533985138 0.06625762581825256
0.1893574297428131 -0.4429098665714264 0.2038847953081131
-0.29937058687210083 0.1838698387145996 0.3650232255458832
0.14769390225410461 -0.0925290584564209 0.03587259352207184
0.09247489273548126 0.01695718616247177 0.3897704780101776
-0.044581010937690735 0.09942346811294556 0.36443328857421875
0.1846877932548523 0.13326925039291382 0.374683678150177
-0.4789467751979828 -0.08450831472873688 0.20750615000724792
0.18808141350746155 0.00863473117351532 0.32916420698165894
-0.2707686722278595 0.007009098306298256 0.44463956356048584
0.003554079681634903 -0.06419092416763306 0.2547524869441986
0.39298054575920105 -0.0004253274528309703 0.3199494779109955
-0.054785583168268204 -0.024097541347146034 0.24730227887630463
0.283086359500885 -0.1947731226682663 0.1412987858057022
0.3510791063308716 -0.22478537261486053 0.44962501525878906
-0.3105230927467346 0.0221211239695549 -0.10730207711458206
0.41042983531951904 0.3353962004184723 -0.03617109730839729
0.1647062599658966 -0.21815356612205505 -0.060791369527578354
-0.2569018304347992 0.20187729597091675 0.4659804403781891
0.20743457973003387 -0.2918543219566345 -0.12025651335716248
0.37437301874160767 0.4974130690097809 0.4133959412574768
0.03656205162405968 -0.24987274408340454 -0.36701834201812744
-0.2757784426212311 0.23213441669940948 -0.016601862385869026
-0.000640474259853363 -0.46595650911331177 0.10153237730264664
0.06200704351067543 -0.20996199548244476 0.11524797976016998
0.07685761898756027 -0.29349035024642944 0.02825513854622841
0.04436507076025009 0.2793668508529663 0.38087883591651917
0.2529193162918091 0.14583978056907654 0.10550221800804138
-0.12829351425170898 0.3211446702480316 0.3212132751941681
-0.028133705258369446 -0.08511430025100708 0.16557012498378754
-0.10483448952436447 0.028611671179533005 0.15385058522224426
-0.16652192175388336 0.32706311345100403 0.06473502516746521
-0.06282408535480499 -0.16692206263542175 0.46153131127357483
-0.14323760569095612 0.19059990346431732 -0.008826738223433495
-0.16233883798122406 -0.05387191101908684 0.08263285458087921
-0.034136850386857986 -0.24982377886772156 -0.2749256193637848
-0.24163876473903656 0.036655742675065994 0.18762120604515076
-0.12151284515857697 -0.22951540350914001 0.2843888998031616
0.3421047031879425 0.010846052318811417 -0.016982628032565117
0.05536680296063423 -0.012176677584648132 0.39433106780052185
0.35665756464004517 -0.016945643350481987 0.42923566699028015
0.1853584349155426 -0.7163519859313965 0.32680171728134155
-0.014354031533002853 -0.07598453015089035 0.31952303647994995
0.34891653060913086 -0.16953827440738678 -0.17785049974918365
-0.10979249328374863 -0.11979766935110092 0.0652516558766365
0.03138088062405586 -0.3290068805217743 0.18290333449840546
-0.16178569197654724 -0.19919227063655853 0.15811121463775635
0.14500391483306885 -0.16579942405223846 0.04390644282102585
0.029499107971787453 0.008104413747787476 0.36133629083633423
0.25450757145881653 0.24655838310718536 0.4558759331703186
0.20707528293132782 0.10649784654378891 0.4395678639411926
0.2896319329738617 -0.5978026986122131 0.18480145931243896
-0.13344067335128784 -0.01666153036057949 0.24952006340026855
-0.30637919902801514 -0.010752454400062561 0.47052115201950073
0.4227313697338104 -0.11112640053033829 -0.4018712341785431
-0.10573307424783707 0.017629947513341904 -0.04805685952305794
-0.08523298054933548 -0.20687411725521088 0.3535221517086029
-0.1897057443857193 -0.1588881015777588 0.0004228625912219286
-0.12090721726417542 0.236658975481987 0.5544663667678833
-0.11639577150344849 -0.2171345055103302 0.16133791208267212
0.33683550357818604 -0.24790409207344055 -0.043685656040906906
-0.015272796154022217 0.12924514710903168 0.10413307696580887
-0.2247164100408554 -0.16381554305553436 0.17428255081176758
-0.04072588309645653 0.013197621330618858 -0.12248288094997406
-0.2290337234735489 0.3015674352645874 0.581289529800415
0.012080064043402672 0.2498329132795334 0.6756051778793335
-0.08043121546506882 0.05384848266839981 -0.11848391592502594
0.13596177101135254 -0.34712034463882446 0.24499782919883728
0.025928525254130363 0.19755350053310394 0.4929603338241577
0.24735987186431885 -0.2383018434047699 0.05388485640287399
-0.20921023190021515 0.10089442133903503 0.1893729716539383
-0.2780643701553345 0.5765854716300964 0.39859315752983093
0.23306870460510254 -0.4430396556854248 0.20094752311706543
0.09027745574712753 -0.22622913122177124 0.1063799262046814
0.03222635015845299 0.09790394455194473 0.15468665957450867
-0.31235185265541077 0.19256901741027832 0.3033713400363922
0.08568552881479263 0.0852367952466011 0.12972885370254517
-0.1252775490283966 0.13964207470417023 0.4046384394168854
0.04185496270656586 -0.30865001678466797 0.024659540504217148
0.14304481446743011 -0.8157946467399597 -0.12100604921579361
-0.1801525205373764 -0.09869848936796188 0.11675513535737991
-0.18771281838417053 -0.11191639304161072 -0.10265516489744186
0.30029186606407166 0.10256364196538925 0.14335444569587708
-0.1451820433139801 0.012912839651107788 0.054560258984565735
-0.012090325355529785 0.04460783302783966 0.15688028931617737
-0.04566851258277893 -0.11666111648082733 0.3136608600616455
-0.06725377589464188 0.01847573183476925 0.2741006910800934
0.19398686289787292 -0.08969622105360031 -0.22798414528369904
-0.1942831426858902 -0.10400452464818954 -0.004757873248308897
0.12546758353710175 -0.333042174577713 0.49123966693878174
0.053207915276288986 -0.01507570594549179 0.5638816952705383
-0.17226779460906982 0.050419654697179794 0.4445394277572632
0.07515429705381393 0.08972927927970886 0.24587121605873108
0.1851164549589157 -0.3568429946899414 0.22224991023540497
-0.09597197920084 -0.26855117082595825 -0.34200823307037354
0.005309905856847763 -0.19757448136806488 0.12473185360431671
0.06844577193260193 0.21183127164840698 0.13819459080696106
0.08923904597759247 -0.11601892113685608 0.3370012640953064
-0.06656148284673691 -0.25189846754074097 0.4720611572265625
-0.008028551936149597 -0.2208256721496582 0.18204514682292938
-0.34039950370788574 0.377371609210968 0.4831066131591797
0.276495099067688 -0.0029208501800894737 0.2649534046649933
-0.07270853221416473 -0.16111460328102112 0.08401482552289963
-0.045292243361473083 -0.04821741580963135 0.05093986168503761
-0.008017156273126602 -0.14272229373455048 0.4735580384731293
-0.07527794688940048 -0.8381996750831604 0.34536391496658325
-0.038311105221509933 0.11513849347829819 -0.03268248960375786
-0.00591331347823143 -0.22128841280937195 0.0017593528609722853
-1.4382414519786835e-05 -0.14008422195911407 0.17668937146663666
-0.06764037162065506 0.18379409611225128 0.029033949598670006
0.017093539237976074 -0.1681477576494217 0.45470643043518066
0.035020604729652405 0.0948331281542778 0.24228191375732422
0.08181097358465195 -0.007563235703855753 0.2747024595737457
-0.0240783728659153 -0.30626457929611206 0.06100456044077873
0.07656197994947433 -0.0680457130074501 -0.2792538106441498
-0.15139150619506836 -0.3575987219810486 0.4394124746322632
-0.18598616123199463 -0.13783913850784302 0.21558643877506256
-0.16929450631141663 0.2301712930202484 0.8123786449432373
0.1814703643321991 -0.05239293351769447 -0.15521204471588135
0.02104550413787365 -0.09069056063890457 -0.28251203894615173
-0.07194327563047409 0.11936182528734207 0.27873915433883667
-0.010004274547100067 -0.31424611806869507 0.13288195431232452
-0.0034112799912691116 -0.2998747229576111 0.15897734463214874
0.36062631011009216 0.024180330336093903 -0.07792297750711441
-0.00015486811753362417 -0.07153400033712387 0.08246548473834991
0.12199057638645172 -0.13319583237171173 0.21234023571014404
0.18652406334877014 -0.1368568241596222 -0.1485578864812851
0.12650011479854584 -0.009181827306747437 0.39427393674850464
-0.052861303091049194 0.10349047183990479 0.5275810360908508
-0.11477019637823105 -0.022370578721165657 -0.17953287065029144
-0.2497478425502777 0.06313886493444443 0.23057878017425537
0.29076218605041504 -0.7698424458503723 0.36074844002723694
-0.1586335003376007 0.06365794688463211 0.10892713069915771
0.2450726330280304 0.0656580924987793 -0.380646288394928
-0.3873104751110077 0.45944833755493164 0.5784934163093567
0.10933336615562439 0.02917090617120266 0.2599247097969055
-0.11692345142364502 0.13338954746723175 0.05878584086894989
-0.033859733492136 0.13236477971076965 0.11319630593061447
-0.20144380629062653 -0.02847433090209961 0.32943010330200195
-0.23160764575004578 0.04523944854736328 0.6975967884063721
-0.3321155309677124 0.21547344326972961 -0.056100454181432724
0.06308054178953171 -0.02410595864057541 -0.18016871809959412
0.3285760283470154 -0.03228146210312843 -0.06654947996139526
0.16762489080429077 0.20107989013195038 0.5055131912231445
-0.08261366188526154 0.2931360602378845 0.6207245588302612
0.09332148730754852 0.05877990275621414 0.07479865849018097
0.05666385591030121 -0.66586834192276 0.5625702142715454
-0.14154869318008423 -0.040807124227285385 -0.0031509115360677242
0.03342714160680771 -0.714785635471344 0.5511392951011658
0.18880663812160492 -0.022365761920809746 -0.14563609659671783
0.03986934572458267 0.07135741412639618 0.351982057094574
-0.22858962416648865 0.37676382064819336 0.6028017997741699
0.06788737326860428 -0.10318956524133682 -0.19754710793495178
0.24372857809066772 -0.21590059995651245 -0.2478870004415512
0.18853600323200226 -0.5341708660125732 0.12095778435468674
0.10242633521556854 -0.23318681120872498 0.33280596137046814
0.06019986420869827 0.16849489510059357 0.25552499294281006
0.09272892773151398 0.1570357233285904 0.2667444348335266
-0.09122725576162338 0.23143519461154938 0.03658854961395264
-0.05017340928316116 -0.48263680934906006 0.2560146152973175
-0.031209126114845276 0.11702309548854828 0.06565915793180466
0.010493094101548195 -0.24427883327007294 0.3573562204837799
-0.01489960215985775 -0.02323642000555992 -0.005145261529833078
-0.058592215180397034 -0.29350173473358154 0.09051508456468582
-0.33640897274017334 0.06604940444231033 0.3433670103549957
-0.10651938617229462 -0.0048712147399783134 0.3855430483818054
0.08823467046022415 0.055952928960323334 0.3717164397239685
-0.010788647457957268 -0.04217350482940674 0.22134940326213837
-0.248967707157135 0.02989235147833824 0.4220035672187805
-0.010683022439479828 -0.20410995185375214 -0.3878445029258728
-0.013389235362410545 -0.6768022179603577 0.3814873993396759
-0.14250068366527557 0.49639445543289185 0.39565303921699524
-0.18863682448863983 -0.0361466221511364 0.3387722074985504
0.21520942449569702 0.02890951931476593 -0.5174651145935059
0.16764478385448456 0.14093884825706482 0.3826747536659241
0.10734516382217407 -0.04874946549534798 -0.06932738423347473
0.25727391242980957 0.29051175713539124 0.5114965438842773
-0.08189433813095093 0.025920258834958076 -0.031187133863568306
0.14055660367012024 -0.7019826769828796 0.42834246158599854
-0.2203010618686676 0.19164828956127167 0.5498586893081665
-0.027912303805351257 -0.15623842179775238 0.06875071674585342
0.3682040870189667 0.23451969027519226 0.7719751596450806
-0.11241224408149719 -0.5868638157844543 0.4696173667907715
0.044011518359184265 -0.21970395743846893 0.39374813437461853
-0.033966902643442154 -0.3467235565185547 -0.005063630640506744
0.07865653187036514 -0.018970636650919914 -0.16884346306324005
0.13480469584465027 -0.7984111905097961 -0.23087851703166962
0.0038086269050836563 0.1847876012325287 0.41830626130104065
-0.16825392842292786 0.07318052649497986 0.17783665657043457
0.04690223187208176 0.16691192984580994 0.2574159502983093
-0.18086817860603333 0.1372087299823761 0.11700166761875153
-0.1490825116634369 0.34330204129219055 -0.08482608199119568
-0.019124068319797516 0.3395140767097473 0.4350561499595642
-0.14950354397296906 0.12218474596738815 0.24576453864574432
-0.10059687495231628 -0.01870523951947689 -0.10676206648349762
0.20920661091804504 0.264218807220459 0.7809536457061768
0.05528724193572998 -0.32375368475914 0.17970594763755798
0.0010502422228455544 0.4642312824726105 0.517754077911377
0.048035357147455215 0.041670847684144974 0.36048778891563416
0.1033521369099617 0.1471567451953888 -0.053090307861566544
-0.1288522332906723 0.44650906324386597 0.30368348956108093
-0.048404544591903687 -0.28871849179267883 0.14960114657878876
-0.1769382655620575 0.03614253178238869 0.14584548771381378
0.010019296780228615 0.017392700538039207 0.08585771918296814
0.27789029479026794 0.21052148938179016 0.5665513873100281
0.04205071181058884 -0.27395620942115784 0.16688717901706696
-0.16852408647537231 0.10634708404541016 0.3385182023048401
-0.12472764402627945 0.08319953829050064 0.09347445517778397
0.18113923072814941 -0.08671259135007858 0.198597252368927
0.07748225331306458 0.15553416311740875 0.10186396539211273
0.011035013943910599 0.03936534374952316 0.181904137134552
-0.1263749599456787 -0.21636316180229187 -0.016079192981123924
0.1836816370487213 -0.3751462399959564 0.3415192663669586
-0.23031994700431824 0.13662612438201904 0.33287808299064636
0.17776180803775787 0.04845784232020378 0.05862788110971451
0.2993268370628357 -0.3290368616580963 0.18608464300632477
-0.04668109118938446 -0.505609393119812 0.5524940490722656
-0.07927941530942917 -0.10831435769796371 0.11431203037500381
-0.10000189393758774 -0.025085676461458206 0.4025382399559021
0.09543727338314056 0.016543352976441383 -0.07976734638214111
0.08408127725124359 -0.15560691058635712 0.10782530903816223
0.02684224210679531 -0.392240971326828 0.11882058531045914
0.3907727897167206 -0.35008588433265686 0.4222683310508728
-0.15338051319122314 0.20433086156845093 0.19996650516986847
0.13074466586112976 -0.34082144498825073 0.16730228066444397
-0.038410384207963943 -0.3160395324230194 0.3105914890766144
-0.18227125704288483 -0.252395898103714 0.17009228467941284
0.14119727909564972 0.008529573678970337 -0.42300477623939514
0.10020047426223755 -0.7836526036262512 0.32494184374809265
0.004019367508590221 0.07027929276227951 -0.018253931775689125
0.04247307404875755 0.1350187212228775 -0.06625264137983322
0.08737420290708542 0.1423264890909195 0.4393102526664734
-0.3289400041103363 -0.7702696323394775 0.19484971463680267
-0.160289466381073 0.2092648595571518 0.2628271281719208
-0.07236228883266449 -0.12888464331626892 0.05329224094748497
0.07476434111595154 -0.3451802134513855 0.03567761555314064
-0.13678951561450958 -0.3591372072696686 0.3896060287952423
-0.040489014238119125 -0.019848009571433067 0.09860812872648239
0.10519429296255112 0.2285379320383072 0.10193919390439987
0.10216986387968063 -0.31119468808174133 0.12279236316680908
0.053576450794935226 0.24643972516059875 0.048622604459524155
-0.10050977766513824 0.001929504214785993 0.19214941561222076
0.03392816707491875 -0.41049477458000183 -0.037319038063287735
-0.16190370917320251 0.10224374383687973 0.12607277929782867
-0.1916280835866928 -0.11334501951932907 0.15801824629306793
-0.2457723766565323 0.5117591023445129 0.43436890840530396
-0.09904666990041733 -0.4876309335231781 0.5446127653121948
0.2897041141986847 -0.5056533813476562 -0.16045574843883514
-0.061732254922389984 -0.19949884712696075 0.23243457078933716
-0.31070461869239807 0.24203646183013916 0.6320235133171082
-0.0009861306753009558 0.3289499282836914 -0.12970708310604095
0.2390725314617157 -0.0708768293261528 -0.05085289478302002
0.2411114126443863 0.045281920582056046 -0.08254824578762054
-0.32896023988723755 0.23741546273231506 0.41238588094711304
-0.14442111551761627 0.34599006175994873 -0.1632145345211029
0.09153775870800018 -0.2927907407283783 -0.25316911935806274
0.08123217523097992 -0.4859781265258789 0.2220405638217926
0.37868911027908325 0.25600969791412354 0.615945041179657
0.17881566286087036 -0.03263257071375847 0.14566254615783691
-0.1325429081916809 -0.0963185653090477 0.1386106014251709
0.16322281956672668 0.02766069583594799 0.3118681311607361
0.24804317951202393 -0.3649426996707916 0.21026934683322906
-0.17618441581726074 -0.14680035412311554 0.18217357993125916
-0.21426717936992645 0.07790432125329971 0.31192535161972046
-0.13638009130954742 0.0693189948797226 0.23060068488121033
0.08986559510231018 -0.015780963003635406 -0.05078848823904991
-0.2571048140525818 0.18879695236682892 -0.11160901933908463
-0.04465549811720848 -0.38556575775146484 0.34502363204956055
0.1647103875875473 0.44214561581611633 0.44493138790130615
0.03511448949575424 0.127497598528862 0.015509014949202538
-0.0712120309472084 -0.1644657552242279 0.11611158400774002
-0.041359540075063705 -0.021587727591395378 0.39478233456611633
0.2697702646255493 0.00999508984386921 0.3055991530418396
-0.24429823458194733 0.03708318620920181 0.37896397709846497
-0.00544093968346715 -0.3752842843532562 -0.07486267387866974
0.2847502529621124 -0.3333916962146759 0.08412686735391617
-0.17053058743476868 0.2807044982910156 0.618340253829956
0.11832407116889954 0.07520515471696854 -0.25947701930999756
-0.27386945486068726 0.17313183844089508 0.243063285946846
-0.03344189003109932 0.07023858278989792 0.19940359890460968
-0.07424338161945343 -0.11528920382261276 0.2113393247127533
-0.09131118655204773 0.039917346090078354 0.43711891770362854
0.23808875679969788 -0.7477763891220093 0.22498951852321625
0.30953288078308105 -0.1296619474887848 0.4149051010608673
0.3150296211242676 -0.04044350981712341 -0.11951626092195511
0.046789079904556274 -0.15909403562545776 0.5183185935020447
-0.401667982339859 0.3759598433971405 0.6785176992416382
0.2181023806333542 -0.6717759370803833 -0.14839687943458557
-0.16817140579223633 0.24690864980220795 0.15603572130203247
-0.018183287233114243 -0.38670507073402405 0.10900755226612091
0.178444042801857 0.15148942172527313 0.31112995743751526
0.09239447861909866 -0.168162003159523 0.1212410032749176
0.2068532556295395 -0.13015495240688324 -0.14423759281635284
-0.1630413830280304 0.11846302449703217 -0.06756720691919327
0.1663673371076584 0.12745973467826843 -0.11934905499219894
0.14245155453681946 -0.35706520080566406 0.18375694751739502
0.17437335848808289 -0.32556286454200745 0.43192046880722046
0.07808215916156769 -0.2395751029253006 0.17016519606113434
0.08584342151880264 0.23523253202438354 -0.01085171289741993
0.35707762837409973 0.1456415206193924 0.1281767338514328
-0.14367902278900146 0.014632124453783035 0.04165011644363403
0.11226700991392136 -0.27095988392829895 0.316171795129776
-0.3735511004924774 0.1598808318376541 0.33657848834991455
-0.16792085766792297 -0.325318843126297 0.16275279223918915
0.022018924355506897 0.0852753296494484 0.5094466209411621
-0.0599917471408844 -0.06752127408981323 0.3141671419143677
0.3054017126560211 0.362669438123703 0.22279150784015656
-0.14291949570178986 -0.04374726116657257 0.10864152014255524
-0.006388489622622728 -0.7710013389587402 0.4620892107486725
-0.0214515533298254 -0.18324996531009674 0.30658581852912903
-0.08963929116725922 0.09253362566232681 0.09946233034133911
-0.23771554231643677 0.3264004588127136 0.8117407560348511
0.00827773567289114 0.0631292536854744 0.32058537006378174
0.21757511794567108 -0.9807618856430054 0.3756793141365051
-0.17805036902427673 -0.028409261256456375 -0.08644890040159225
0.011424262076616287 -0.0010819095186889172 0.09605716913938522
-0.271505206823349 0.20392486453056335 0.4934007525444031
-0.030133578926324844 0.06176389381289482 -0.2378549575805664
-0.12417954951524734 -0.04548298940062523 0.05287998542189598
0.025993362069129944 0.13404695689678192 0.41283726692199707
-0.21786463260650635 0.1604793667793274 0.4939764738082886
-0.004116174764931202 -0.1299252212047577 0.07442626357078552
0.32025888562202454 0.038931041955947876 0.05504777655005455
-0.2054893523454666 0.15647712349891663 -0.06676577776670456
0.2569759786128998 -0.6617574095726013 0.43880388140678406
-0.08142725378274918 0.07155227661132812 0.04027008265256882
-0.027645815163850784 0.010224549099802971 -0.14009876549243927
0.3459088206291199 -0.16648782789707184 -0.19784638285636902
-0.07308131456375122 -0.2502411901950836 -0.07701107859611511
-0.35229671001434326 0.41084712743759155 0.37130433320999146
0.03806886449456215 -0.21128389239311218 0.40070754289627075
0.041817568242549896 -0.005841708742082119 0.05253414437174797
0.2523336708545685 -0.3652319610118866 0.2310330867767334
-0.07515766471624374 -0.05425052344799042 -0.20979410409927368
0.25358474254608154 0.1514703929424286 0.54121994972229
-0.06900139898061752 0.11472831666469574 0.4294785261154175
-0.06742686033248901 -0.09756563603878021 -0.8412989377975464
-0.13237811625003815 -0.5456039309501648 0.3033509850502014
-0.24184183776378632 -0.051880400627851486 0.15947046875953674
0.0954764112830162 -0.21956467628479004 0.08736264705657959
-0.12247228622436523 -0.13370253145694733 0.2829136848449707
-0.28757497668266296 0.2606268525123596 0.4127997159957886
0.37785694003105164 -0.308849960565567 0.25486746430397034
-0.23957620561122894 0.18206699192523956 0.2941557765007019
0.005129228811711073 0.06627839058637619 0.18946732580661774
0.16617876291275024 0.10248304158449173 0.0632939264178276
0.2688852846622467 0.0813634917140007 0.34401389956474304
-0.2657441198825836 0.1179748922586441 0.18415242433547974
0.215940922498703 -0.2159343659877777 0.3476108908653259
-0.0673627257347107 0.0582498274743557 0.3240639865398407
0.11431530117988586 0.10141636431217194 0.00355226150713861
-0.1222899928689003 0.15890735387802124 0.5546112060546875
-0.14874011278152466 -0.006675974931567907 0.3461308181285858
-0.008657095953822136 -0.3569810390472412 -0.17530907690525055
0.06509111076593399 0.06330467760562897 0.14917966723442078
0.04881894960999489 0.07187797874212265 0.02852228842675686
0.06461112946271896 0.20821915566921234 0.007120450492948294
-0.04115437716245651 -0.5137959718704224 0.5117001533508301
-0.07042089104652405 0.16002923250198364 0.2508397102355957
-0.08649208396673203 0.09925384819507599 0.021005472168326378
0.05771056190133095 -0.5271231532096863 0.4960922598838806
0.17628392577171326 -0.7336037158966064 0.38665252923965454
0.0741388276219368 0.10523738712072372 0.08425679057836533
0.027132827788591385 0.008353672921657562 0.22802568972110748
0.3344852328300476 -0.886853039264679 -0.12074300646781921
0.1404486447572708 -0.21090400218963623 0.09021782875061035
0.07148399949073792 -0.2199086993932724 0.041472047567367554
-0.31860414147377014 0.04296073690056801 0.4334471821784973
-0.014246601611375809 -0.033138155937194824 0.5246755480766296
0.3029480576515198 0.06159978359937668 0.37782829999923706
0.17125175893306732 -0.19897356629371643 0.08241688460111618
-0.04678129404783249 -0.17333683371543884 0.026811396703124046
-0.030078519135713577 0.08152549713850021 0.3247608542442322
0.135450541973114 0.11663895845413208 -0.20346225798130035
0.10216064006090164 0.09586497396230698 0.1180865690112114
0.23106102645397186 0.11128022521734238 0.07183676213026047
-0.20889827609062195 0.022899968549609184 0.04048299789428711
