ply
format ascii 1.0
element vertex 2048
property float x
property float y
property float z
end_header
0.18923784792423248 0.06831686198711395 -0.06103320047259331
-0.04313839226961136 0.07359402626752853 0.21727775037288666
0.011606188490986824 -0.21185258030891418 0.0647604689002037
0.046948712319135666 -0.532028079032898 -0.1034613773226738
0.012905096635222435 -0.4699665904045105 0.062135715037584305
0.1672578603029251 0.06389224529266357 0.06372743844985962
0.14228712022304535 -0.9938763380050659 -0.14661237597465515
0.2134266495704651 0.40548399090766907 0.5840194821357727
-0.022723780944943428 -0.11995691806077957 0.05833457410335541
0.014542680233716965 -0.35778558254241943 0.009228073060512543
-0.015696097165346146 -0.4369629919528961 0.43033966422080994
-0.02554367296397686 0.07676666975021362 0.09376522898674011
0.03404427692294121 -0.2862883508205414 0.10356732457876205
-0.005834642797708511 -0.06945765018463135 0.32261061668395996
-0.10885509848594666 0.19728271663188934 0.44378525018692017
-0.025791240856051445 -0.0565989650785923 0.28606072068214417
0.08128035068511963 -0.09234264492988586 0.39828187227249146
-0.1509314626455307 0.42883604764938354 0.46410614252090454
0.02388836443424225 -0.3996281027793884 -0.35201290249824524
0.09393772482872009 -0.03484378755092621 0.11446725577116013
-0.004674075171351433 0.048506274819374084 -0.03781886771321297
0.007382405921816826 -0.7905201315879822 0.0871478021144867
-0.08767065405845642 0.41602465510368347 0.8615216612815857
-0.17546628415584564 0.09717612713575363 0.43280449509620667
0.25921210646629333 0.1689760982990265 0.04368901997804642
-0.06999780237674713 -0.02654479630291462 -0.30294811725616455
-0.1283014714717865 -0.10597122460603714 0.4243142902851105
0.15329180657863617 0.08900136500597 0.37418508529663086
-0.007988078519701958 -0.1588897705078125 -0.13367865979671478
0.05066607892513275 -0.5614866614341736 0.11969270557165146
0.11992034316062927 0.05743931233882904 0.31506192684173584
0.032034046947956085 -0.001108473865315318 0.2603614628314972
-0.013044821098446846 -0.005764104891568422 0.09416456520557404
-0.1746208667755127 0.324237585067749 0.5887064933776855
0.05416363850235939 -0.44330814480781555 0.07235754281282425
-0.2143145352602005 0.26623618602752686 0.7545435428619385
-0.060874924063682556 0.0658421516418457 0.12066050618886948
0.030148401856422424 -0.09372889995574951 0.4260095953941345
-0.03410367667675018 0.19248726963996887 0.441653847694397
0.06112929433584213 -0.8551322817802429 0.008369381539523602
0.006698091514408588 -0.2370133101940155 0.36725008487701416
0.1350707858800888 0.14777199923992157 0.46430185437202454
0.018749620765447617 -0.5793724656105042 0.2629731595516205
0.06895079463720322 -0.37887975573539734 0.06144211068749428
-0.11299614608287811 -0.11009039729833603 0.5169891119003296
0.19597052037715912 -0.11889375746250153 0.04506118223071098
-0.049838725477457047 -0.1754523515701294 0.43959107995033264
-0.14223237335681915 -0.13246551156044006 0.34195131063461304
0.019854459911584854 -0.37173187732696533 -0.1296619325876236
-0.054752591997385025 -0.2356264889240265 0.40289798378944397
-0.05926692858338356 0.24169936776161194 0.12335720658302307
-0.019551746547222137 -0.17513808608055115 -0.11053989827632904
-0.15538303554058075 0.16721291840076447 0.13517364859580994
-0.015101443976163864 -0.4618001878261566 0.09599170088768005
0.08881466835737228 -0.26901865005493164 0.14144843816757202
0.07472929358482361 -0.4282686710357666 -0.23084953427314758
-0.019663143903017044 -0.24505053460597992 0.33788999915122986
0.046497225761413574 -0.4218582212924957 0.11414805054664612
0.33693334460258484 0.0006566063384525478 0.2584988474845886
0.09239267557859421 -0.05895385146141052 0.39551860094070435
-0.1601036638021469 0.08598483353853226 0.39925116300582886
0.03296666964888573 -0.20823390781879425 0.04644022881984711
-0.062356799840927124 -0.017145197838544846 0.2860523462295532
-0.09022216498851776 0.09993356466293335 0.3065768778324127
0.043162327259778976 0.08581932634115219 0.2213161289691925
-0.036788102239370346 -0.1138911172747612 0.08851461112499237
-0.037831004709005356 0.04814179241657257 0.40127328038215637
0.020808810368180275 -0.36282655596733093 0.08075928688049316
-0.1040899008512497 0.07428477704524994 0.3993310332298279
-0.008830830454826355 -0.23325185477733612 -0.07769174128770828
-0.16705422103405 -0.20019401609897614 0.2558996081352234
-0.05093042179942131 0.0788661539554596 -0.140123650431633
-0.022924935445189476 -0.07263796031475067 0.08047856390476227
-0.03363959118723869 -0.14489993453025818 0.39735424518585205
-0.11358430981636047 -0.03412795811891556 0.3973185122013092
-0.09333005547523499 -0.292518675327301 0.3007897436618805
0.03876012936234474 -0.5217494368553162 -0.27643683552742004
0.0009031760273501277 0.20870932936668396 0.579666018486023
0.07429574429988861 -0.4250883460044861 -0.18184614181518555
-0.20466198027133942 0.05819382518529892 0.6352712512016296
-0.0723688155412674 0.24526284635066986 0.4350155293941498
0.01254129596054554 -0.06296713650226593 0.16696450114250183
-0.1330828219652176 0.06513793766498566 0.22741608321666718
0.00914822705090046 -0.1336691677570343 0.4747665524482727
0.09788835793733597 -0.08693861216306686 0.35725274682044983
0.13489338755607605 0.13021819293498993 0.3154440224170685
0.024220453575253487 -0.5582051873207092 0.03662532567977905
0.017093174159526825 -0.40310174226760864 -0.48520785570144653
-0.028979556635022163 -0.26602286100387573 0.22945602238178253
0.12908177077770233 -0.20554962754249573 0.1569506824016571
0.28438371419906616 -0.22590665519237518 0.09579439461231232
0.2762925922870636 -0.2275867760181427 0.07920719683170319
-0.03909074515104294 0.10838431864976883 0.5061519145965576
-0.02808467298746109 -0.23658375442028046 0.025748075917363167
-0.10774369537830353 -0.14168068766593933 0.4807167053222656
0.22381363809108734 -0.15178310871124268 0.3838385343551636
-0.11638927459716797 0.04291585460305214 -0.1528095304965973
-0.1380676031112671 0.04026046022772789 0.4216172993183136
0.13249284029006958 -0.32354697585105896 -0.011664310470223427
0.06693661957979202 -0.7746543884277344 0.4231569766998291
-0.2500563859939575 0.4018520414829254 0.23489822447299957
-0.1695210337638855 0.13781438767910004 0.3254197835922241
-0.02526870183646679 -0.2876461446285248 0.4722069501876831
-0.007038724143058062 0.06300853192806244 -0.649223804473877
0.13331995904445648 0.03390485793352127 0.1603517085313797
0.04983135312795639 0.052790310233831406 0.2831180691719055
-0.11618630588054657 0.21240392327308655 0.5846050977706909
0.04266243055462837 -0.36782366037368774 0.04594685509800911
-0.03383514657616615 -0.011500339955091476 0.23758535087108612
-0.03664872422814369 0.040860097855329514 -0.34970736503601074
0.08967546373605728 0.10626880824565887 0.3392016589641571
0.09030917286872864 0.10982341319322586 0.312345027923584
-0.00939914770424366 -0.037151966243982315 -0.28534388542175293
-0.09743785858154297 0.032622065395116806 0.1568271964788437
0.0163784958422184 -0.3597165048122406 0.1612342894077301
-0.08705068379640579 0.18934497237205505 0.23699292540550232
0.037730392068624496 0.11659426242113113 0.27413973212242126
0.02051057294011116 -0.16830924153327942 -0.4193786084651947
0.12994873523712158 -0.0014488718006759882 -0.02346779964864254
-0.05388645455241203 0.1544812023639679 0.3040515184402466
-0.0628269836306572 -0.25299566984176636 0.3969152867794037
-0.02588864602148533 -0.013304928317666054 -0.25287455320358276
0.011564500629901886 -0.43484100699424744 0.004839864559471607
0.1332235485315323 -0.32337674498558044 0.20077618956565857
-0.026200348511338234 0.07107505202293396 0.6056864857673645
-0.12789280712604523 0.15712608397006989 0.1149408370256424
-0.14137035608291626 0.09586530923843384 0.23131638765335083
-0.007416723761707544 -0.1214105412364006 0.21079522371292114
0.07708429545164108 -0.04465443640947342 0.40733012557029724
0.04114729166030884 0.08005266636610031 0.43796640634536743
0.04529942199587822 -0.48641347885131836 -0.1095018982887268
0.15347228944301605 0.05674505606293678 0.21773464977741241
0.19712132215499878 -0.3445838391780853 -0.07319169491529465
-0.04123522341251373 -0.04048232361674309 0.04651596024632454
0.08817922323942184 0.21105432510375977 0.41435378789901733
0.011513490229845047 -0.6790946125984192 0.3892291486263275
0.051541876047849655 0.08583984524011612 0.41259491443634033
-0.09262927621603012 -0.1055244654417038 0.47550973296165466
-0.06479927897453308 0.002543304581195116 -0.3053373694419861
-0.24623021483421326 0.3746405243873596 0.8499923348426819
-0.04053972661495209 0.2465139478445053 0.3074447512626648
0.031324971467256546 -0.3316796123981476 -0.2494698464870453
0.037288982421159744 -0.4616599977016449 0.129329115152359
0.021880514919757843 0.03342234715819359 0.2985899746417999
-0.07534794509410858 -0.2008173167705536 -0.19809825718402863
0.01415335200726986 -0.2216600924730301 0.23829802870750427
-0.07316289097070694 -0.06404680013656616 -0.028981635347008705
0.012757686898112297 -0.43486839532852173 -0.05546077713370323
0.08228318393230438 -0.5320683717727661 0.11220837384462357
0.19404049217700958 0.10914137214422226 0.4997355341911316
0.10580486059188843 -0.14210227131843567 -0.23879708349704742
0.02224634401500225 -0.1832926720380783 0.20085881650447845
-0.047381531447172165 -0.20443058013916016 -0.2004416286945343
-0.04273558408021927 -0.16670697927474976 0.24200475215911865
0.021122772246599197 -0.3197086751461029 0.25547054409980774
-0.03844229504466057 -0.25570932030677795 -0.18224380910396576
-0.028671979904174805 -0.46820366382598877 0.33128705620765686
0.001829707995057106 -0.3131716549396515 -0.07163495570421219
-0.030932992696762085 -0.33685198426246643 0.14427897334098816
-0.02191409468650818 0.16821272671222687 0.35209715366363525
-0.08686854690313339 -0.04172595217823982 0.3861083984375
-0.02025640569627285 0.14277935028076172 0.2468944489955902
0.06275957822799683 0.0006227430421859026 0.39677929878234863
-0.07654382288455963 -0.09609215706586838 0.4958491027355194
-0.05752607807517052 -0.5697519183158875 0.27739763259887695
0.023860014975070953 -0.2520568072795868 0.13437192142009735
-0.7721565365791321 -0.14359843730926514 0.2293810248374939
0.12743081152439117 0.10704339295625687 0.29353079199790955
0.0014889647718518972 0.0642457976937294 0.19590921700000763
-0.004196851048618555 -0.3862878382205963 -0.05827012285590172
-0.15988871455192566 0.2923368215560913 0.12087441980838776
0.0667785033583641 -0.40595266222953796 -0.2260998785495758
0.01826491206884384 -0.19280827045440674 0.4374282956123352
0.03136875852942467 -1.0465372800827026 0.26575595140457153
0.1197885051369667 -0.06827607750892639 0.5063062310218811
0.10910136997699738 0.128841370344162 0.4162595272064209
-0.049072083085775375 -0.19220876693725586 0.35404902696609497
0.019970279186964035 -0.32792040705680847 0.13092274963855743
0.09702952206134796 -0.29902905225753784 0.06584437191486359
-0.09420105069875717 -0.0035419221967458725 -0.08742842078208923
-0.016394779086112976 0.3325845003128052 0.4228634834289551
0.09733826667070389 0.37094002962112427 0.34780487418174744
-0.0011759076733142138 -0.46455273032188416 0.26357799768447876
0.09736470878124237 0.17386047542095184 0.30628472566604614
-0.13997425138950348 0.17897877097129822 -0.08457594364881516
0.11736006289720535 -0.3772333264350891 0.0645202100276947
0.10006894171237946 0.028818214312195778 0.38140538334846497
0.12245018780231476 0.29838109016418457 0.6535986065864563
-0.10014677792787552 0.2442249357700348 0.06131232902407646
-0.014720909297466278 -1.203094244003296 0.13616517186164856
-0.008194617927074432 -0.417665034532547 0.20167763531208038
-0.02140430547297001 -0.055854104459285736 0.05373496189713478
-0.07285038381814957 -0.018344998359680176 -0.16227534413337708
0.09653966128826141 -0.37008240818977356 0.13168352842330933
-0.025531133636832237 0.04264165461063385 0.20138578116893768
-0.1430925726890564 0.07078590244054794 0.3095227777957916
-0.05744457617402077 -0.32513827085494995 0.32475045323371887
-0.003351425752043724 -0.44183310866355896 0.14010044932365417
0.01707499846816063 -0.25834763050079346 0.044370558112859726
0.25097066164016724 -0.5661855340003967 -0.2210792452096939
0.030375253409147263 0.27359387278556824 0.48575249314308167
0.12527208030223846 0.0025104465894401073 0.38217028975486755
0.03268120065331459 -0.23650561273097992 0.1829238384962082
-0.14208105206489563 0.0784798264503479 0.25375935435295105
-0.1928178369998932 0.010964743793010712 0.37276411056518555
-0.1622786819934845 0.17891788482666016 0.13606975972652435
0.013317089527845383 -0.31427010893821716 -0.4383579194545746
0.0803113579750061 -0.544816792011261 0.07440350949764252
-0.03825991600751877 0.027517497539520264 0.19103166460990906
0.11442297697067261 -0.025276830419898033 0.30203303694725037
0.06285493820905685 -0.12611596286296844 -0.15373866260051727
0.11935923248529434 0.181105375289917 0.4470684230327606
-0.08750525116920471 -0.010423863306641579 0.6245181560516357
0.045537009835243225 -0.21974875032901764 0.3472980558872223
-0.13183723390102386 0.1302960216999054 0.08634871244430542
0.03566563129425049 -0.3705780506134033 -0.0015314193442463875
0.08167112618684769 -0.15690430998802185 0.1729804128408432
-0.004781789146363735 -0.2503497004508972 -0.19647429883480072
0.06075414642691612 0.24147161841392517 0.49184682965278625
0.20541489124298096 0.02307756617665291 0.17264795303344727
0.28563085198402405 0.1790921688079834 0.666253387928009
0.038655973970890045 -0.2570789158344269 -0.3044581413269043
-0.13165122270584106 0.20211881399154663 0.3948073983192444
0.004267428070306778 -0.054583270102739334 0.21517519652843475
-0.05382131040096283 -0.028539763763546944 0.3772049844264984
-0.05342891812324524 -0.10621658712625504 0.47130703926086426
0.009655041620135307 0.07570882886648178 0.4872775077819824
0.0028560198843479156 -0.053418997675180435 -0.3034444749355316
0.13629907369613647 0.06098054349422455 0.39752790331840515
-0.04067814722657204 -0.1661658138036728 0.520065188407898
-0.17502588033676147 0.4048909544944763 0.3231070637702942
0.11378103494644165 0.30517062544822693 0.5902984738349915
0.015372594818472862 -0.5139360427856445 -0.012088967487215996
0.02314525470137596 0.07679256051778793 -0.09052661061286926
0.13913434743881226 -0.07885027676820755 0.3540862500667572
-0.00659313565120101 -0.5485013127326965 0.23395952582359314
-0.04811389744281769 0.1581725776195526 0.25712287425994873
0.03978708013892174 -0.1378348469734192 0.31962984800338745
-0.04859884828329086 0.015323134139180183 0.26453927159309387
-0.13238058984279633 0.025646260008215904 0.40877512097358704
0.029894769191741943 -0.4143621027469635 -0.33971428871154785
-0.17986290156841278 0.2693328261375427 0.5449478030204773
-0.022925255820155144 -0.6491796374320984 0.08941900730133057
0.23294271528720856 0.05840159207582474 0.14800259470939636
-0.06718796491622925 0.1354868859052658 0.18460306525230408
-0.00714976666495204 0.02046595700085163 0.12698183953762054
-0.3042055070400238 0.5286978483200073 0.5936787128448486
-0.00726098520681262 0.17140519618988037 0.389843612909317
-0.021717775613069534 0.07635615766048431 0.26390692591667175
0.07465086877346039 -0.13684706389904022 0.14774329960346222
0.04462109133601189 -0.2551937401294708 0.1433081477880478
-0.11757025122642517 0.22094790637493134 0.6054766178131104
-0.04514279589056969 -0.7382262349128723 0.47970184683799744
-0.16546431183815002 0.01444370485842228 0.4211634397506714
-0.03581232950091362 -0.2088046818971634 0.010395802557468414
0.053035326302051544 0.08471598476171494 0.24288678169250488
0.015070868656039238 -0.4012947678565979 -0.06075179949402809
0.04886927083134651 -0.44003087282180786 0.033391039818525314
-0.05879615619778633 0.07914753258228302 0.24539080262184143
-0.051759615540504456 0.04982020705938339 0.2791537046432495
-0.021516459062695503 -0.1977594792842865 0.31662869453430176
0.015633661299943924 0.1625767946243286 0.34474608302116394
0.022944044321775436 -0.1056428849697113 0.25042447447776794
0.04163351282477379 -0.54332035779953 0.27680325508117676
-0.041535548865795135 -0.08364654332399368 0.03498809412121773
0.015852762386202812 -0.2867831885814667 -0.1191999614238739
0.03496056795120239 0.1507541835308075 0.2891382873058319
0.03641733154654503 -0.3773440420627594 0.3108673691749573
-0.0185581985861063 -0.03068363107740879 0.12485067546367645
0.02489759959280491 -0.3235582113265991 -0.12627384066581726
-0.0025502676144242287 -0.34252500534057617 0.09361806511878967
0.11423947662115097 0.05815419182181358 0.20875029265880585
0.025324581190943718 -0.22942714393138885 0.22194840013980865
0.08063078671693802 0.17107979953289032 0.37359532713890076
0.03403496369719505 -0.0707210972905159 0.45136648416519165
-0.096490778028965 0.0586022287607193 0.08601656556129456
-0.0053464509546756744 -0.05350397899746895 0.4272376298904419
0.00430277967825532 0.057172991335392 0.4096105098724365
0.07085325568914413 0.12191112339496613 0.4899651110172272
0.14545497298240662 0.1107560247182846 0.5142273902893066
0.0428982675075531 0.26981988549232483 0.5671470761299133
0.013767288997769356 -0.34586378931999207 0.05056656897068024
-0.06415972858667374 -0.03149636834859848 0.15136907994747162
-0.02980722486972809 -0.41868454217910767 0.2897665798664093
-0.07110930234193802 -0.05004354566335678 0.06077578663825989
0.009465131908655167 -0.2877703309059143 0.36526477336883545
0.16902975738048553 0.08001232147216797 0.030285272747278214
-0.12079877406358719 0.13382238149642944 0.04322681576013565
-0.07697141170501709 -0.11733018606901169 0.3612358272075653
0.10241182148456573 -0.0014081785921007395 0.176881805062294
0.04475605860352516 0.019860222935676575 0.2053605169057846
-0.08109460771083832 0.07971876114606857 0.10610883682966232
0.13678324222564697 -0.08645211160182953 0.18427568674087524
0.048681825399398804 -0.18560239672660828 -0.0895165279507637
-0.06136797368526459 -0.15052221715450287 0.4088803231716156
-0.07771903276443481 -0.06711173057556152 0.2956739664077759
-0.007655120920389891 0.03039882890880108 0.44722020626068115
0.024228842929005623 -0.27299028635025024 -0.25294703245162964
-0.1694566011428833 -0.6415024995803833 0.34784963726997375
-0.17403040826320648 -1.0192289352416992 0.3265767991542816
0.04431019723415375 -0.3629981279373169 -0.15189982950687408
0.040367625653743744 -0.22371934354305267 0.13147108256816864
-0.05771504342556 0.26532286405563354 0.5567874312400818
-0.11250738054513931 0.18253235518932343 0.39255499839782715
0.024502070620656013 -0.40173590183258057 -0.2334144562482834
-0.023010054603219032 -0.12848350405693054 0.24552544951438904
0.09159696102142334 0.07942508906126022 0.3889337480068207
0.06980428844690323 0.09573609381914139 0.39712974429130554
-0.1974731981754303 -0.6547756791114807 0.3067828118801117
0.011274194344878197 -0.17552237212657928 -0.00502827437594533
-0.34605908393859863 0.6330596804618835 0.44129204750061035
0.04584641754627228 0.2964741885662079 0.5998953580856323
0.025570012629032135 -0.38709530234336853 -0.21440228819847107
0.052783168852329254 -0.5430663228034973 0.04959462955594063
-0.13178016245365143 0.13981255888938904 0.12688347697257996
-0.023283619433641434 -0.05774616077542305 0.30245447158813477
-0.20153619349002838 0.2471638321876526 0.40513768792152405
-0.04073229804635048 -0.1844862997531891 0.2892463505268097
0.07335945963859558 -0.011598629876971245 0.2973340153694153
0.04538523033261299 0.09149598330259323 0.21394385397434235
-0.041267573833465576 0.11437948793172836 0.12561292946338654
-0.05299883335828781 -0.0778166726231575 0.0669931098818779
-0.2272927612066269 0.08461546897888184 0.6354936957359314
-0.1304653137922287 0.07513032108545303 -0.1381521373987198
0.028897792100906372 0.2556096613407135 0.7290081977844238
-0.08454269170761108 0.1484116166830063 0.09917408227920532
0.16623802483081818 -0.020215144380927086 0.03522458299994469
0.06866844743490219 -0.0023513417690992355 0.21747004985809326
-0.22082042694091797 0.16962730884552002 0.22059866786003113
-0.024218648672103882 0.08342903107404709 0.24380432069301605
0.0262922253459692 -0.3962365984916687 0.18532700836658478
0.0643802210688591 -0.009582141414284706 0.44211527705192566
0.0413212887942791 -0.3793719410896301 -0.39132291078567505
0.005705819930881262 -0.32594823837280273 0.26038962602615356
0.0918205976486206 -0.1460343897342682 -0.06116991117596626
-0.016263026744127274 -0.9005511403083801 0.3531744182109833
-0.0286139864474535 -0.03464716300368309 0.18463276326656342
0.03567381948232651 -0.31384512782096863 0.35993409156799316
0.23712514340877533 0.09203360229730606 0.38816002011299133
-0.029464449733495712 0.1998511403799057 0.43732139468193054
-0.08051569759845734 0.13034358620643616 0.07845912873744965
0.057542379945516586 0.16266348958015442 -0.034083619713783264
-0.041996389627456665 -0.08045714348554611 -0.40009716153144836
0.02880997024476528 -0.5046070218086243 -0.10872610658407211
0.006123242899775505 -0.304273784160614 -0.18372079730033875
0.012472014874219894 0.04596450924873352 0.10273075103759766
0.003980590961873531 -0.10990765690803528 0.1359819620847702
-0.09056192636489868 -0.0392555296421051 0.33826273679733276
-0.015068678185343742 -0.17256176471710205 0.32194942235946655
0.28182658553123474 -0.004386187065392733 0.4441780149936676
0.010651594027876854 -0.36289331316947937 0.0604209303855896
0.15629425644874573 -0.11887570470571518 0.32236915826797485
-0.024346591904759407 -0.051443956792354584 0.4084763824939728
-0.10695764422416687 -0.28351086378097534 0.5672832131385803
0.024373546242713928 -0.5155328512191772 0.09655842185020447
-0.10620269179344177 0.15007996559143066 -0.009945560246706009
-0.07795792818069458 0.15867802500724792 0.16877305507659912
-0.2170437127351761 0.1246468648314476 0.40748780965805054
0.28368157148361206 0.5071408748626709 0.8320517539978027
0.3272380828857422 0.11414144188165665 0.5456990003585815
0.07108469307422638 -0.08871707320213318 -0.206839457154274
0.032241493463516235 -0.15439707040786743 -0.6881203055381775
0.035997629165649414 0.17482946813106537 0.10779856145381927
-0.0761801227927208 -0.11009463667869568 0.10128194838762283
0.050592608749866486 0.02271505631506443 0.3229098916053772
-0.11034666746854782 0.09427907317876816 0.12841232120990753
0.04252314567565918 -0.5386709570884705 -0.019699957221746445
-0.13910165429115295 0.4202444553375244 0.4521043598651886
-0.056369487196207047 0.18796417117118835 0.2762140929698944
-0.014749433845281601 -0.9743037223815918 0.4587888717651367
0.005809917580336332 -0.1797712743282318 -0.07681331038475037
0.10145996510982513 0.1591215282678604 0.2888002395629883
-0.06288644671440125 -0.2077368050813675 0.4777998924255371
-0.06665825098752975 -0.01996656320989132 -0.3277193307876587
0.015037337318062782 -0.12304572016000748 0.3636646568775177
0.14320218563079834 -0.014104293659329414 0.3142199218273163
0.10865093767642975 -0.5980008840560913 -0.390553742647171
-0.2032364159822464 -0.21182537078857422 -0.3276311755180359
0.046094153076410294 -0.6379739046096802 0.17397324740886688
-0.11784424632787704 0.26681050658226013 0.26635104417800903
-0.20482918620109558 0.24801377952098846 0.5596503019332886
-0.12533055245876312 0.11042491346597672 0.20116713643074036
-0.02201792784035206 -0.036333177238702774 -0.1130710318684578
0.018503006547689438 -0.25184640288352966 -0.43666571378707886
0.06373848766088486 0.026363426819443703 0.13450908660888672
-0.014354661107063293 -0.10370626300573349 0.3331998884677887
-0.12000293284654617 0.022628718987107277 0.252381831407547
-0.07955619692802429 0.07666254043579102 0.300411194562912
0.0615636445581913 -0.13834978640079498 0.44319644570350647
-0.1529999077320099 -0.00419743312522769 0.4631063640117645
0.1456814408302307 -0.33234885334968567 0.0036321994848549366
-0.007171558681875467 -0.5767691731452942 0.289895236492157
0.03247428312897682 -0.2960306406021118 -0.3574519157409668
0.017244314774870872 -0.13089942932128906 -0.2520487308502197
-0.08664822578430176 -0.05484085530042648 0.43555551767349243
0.06358110904693604 -0.8109651207923889 0.09594319760799408
0.0022898518946021795 -0.763161838054657 -0.0810699388384819
0.08368764072656631 -0.0013734076637774706 0.18457524478435516
0.11664704978466034 -0.01750737614929676 0.41087955236434937
-0.04091757535934448 0.11570323258638382 0.2469150722026825
0.30202609300613403 0.10770276933908463 0.4047403931617737
0.02684522606432438 0.06480882316827774 0.16405092179775238
-0.10184798389673233 -0.13192661106586456 0.3387131690979004
0.07054509222507477 -0.20584826171398163 0.39460381865501404
-0.05291655659675598 -0.11006364971399307 -0.11903617531061172
-0.07254539430141449 -0.10381036251783371 -0.036369893699884415
0.059328701347112656 -1.2286194562911987 0.12413742393255234
0.057161279022693634 -0.1235809400677681 0.44948381185531616
-0.1139482855796814 -0.19482961297035217 0.3669494390487671
-0.01761576347053051 -0.30279430747032166 -0.023792287334799767
0.02939709834754467 -0.0064395456574857235 0.41981804370880127
-0.002047386486083269 0.041585780680179596 0.3336120843887329
-0.08916053175926208 -0.02778041549026966 0.4774721562862396
0.16779568791389465 0.2697310149669647 0.6652845144271851
-0.07551424205303192 -0.07847767323255539 -0.14353695511817932
0.018989061936736107 -0.4273107945919037 0.08297852426767349
-0.1305278092622757 0.02004840224981308 0.14239074289798737
0.07037463039159775 -0.06787601858377457 0.41537001729011536
0.00037225568667054176 -0.20362143218517303 0.24627332389354706
-0.1450316309928894 0.01531965658068657 0.19780440628528595
0.03387102857232094 -0.7332605123519897 -0.035824067890644073
-0.12863117456436157 -0.02591448836028576 0.49665406346321106
-0.045154716819524765 -0.06557358056306839 0.6467921733856201
-0.07074099034070969 -0.029446914792060852 0.1731841266155243
0.012203419581055641 -0.5850445032119751 0.3516974449157715
0.1295454055070877 -0.6589896082878113 -0.004639373626559973
-0.06248173117637634 0.0871039479970932 0.26491132378578186
0.1712755411863327 0.03194507956504822 0.46210604906082153
-0.17930541932582855 -1.1976221799850464 0.2532835006713867
0.023328717797994614 -0.16408392786979675 -0.19438795745372772
-0.1592419296503067 -0.031546588987112045 0.4877915680408478
0.031897034496068954 -0.5064047574996948 0.066203773021698
-0.054241787642240524 0.048819515854120255 -0.19957827031612396
-0.013330798596143723 -0.05080467090010643 -0.2660062611103058
-0.02357598952949047 0.00920378603041172 -0.19620123505592346
0.10299908369779587 -0.3303995132446289 -0.060043297708034515
-0.11878348141908646 0.14239054918289185 0.2711823880672455
-0.15105661749839783 0.060880403965711594 0.4614514410495758
-0.0251222625374794 -0.3110896348953247 0.3154619634151459
-0.028907405212521553 -0.06966839730739594 0.17289994657039642
0.02972111478447914 0.12503157556056976 -0.012323472648859024
0.14205580949783325 0.08382794260978699 0.5833082795143127
0.12529323995113373 0.22913481295108795 0.567948043346405
0.07607538253068924 -0.06658607721328735 0.06121452525258064
-0.025124872103333473 -0.24292829632759094 0.35309267044067383
0.05794338509440422 -0.18678979575634003 -0.2509937882423401
0.244874969124794 -0.07849252223968506 0.2660595178604126
-0.05143639072775841 0.05014253035187721 -0.179802805185318
-0.09341833740472794 0.10314289480447769 0.4092622697353363
-0.05302088335156441 -0.0017492922488600016 -0.1819838583469391
-0.013915102928876877 0.2638952136039734 0.7373439073562622
0.018450215458869934 -0.4410332441329956 -0.4037257730960846
-0.15501804649829865 0.3625706434249878 0.5987574458122253
-0.03823195770382881 0.27129438519477844 0.559260368347168
-0.07224689424037933 -0.09498967975378036 -0.11168508231639862
0.12026727944612503 0.14486558735370636 0.6261245608329773
-0.03363536298274994 0.0549018494784832 0.1700354516506195
0.006735040340572596 -0.37418803572654724 -0.1017804965376854
-0.005810701288282871 -0.04565040022134781 0.2644694447517395
0.2236374467611313 -0.07988741248846054 0.36620497703552246
0.21385705471038818 0.21548475325107574 0.4213070273399353
0.043970249593257904 -0.25751793384552 -0.1190391257405281
0.05774959176778793 -0.31565141677856445 0.06383854895830154
0.03122088499367237 -0.371079683303833 -0.02627095952630043
0.03729983791708946 0.25311464071273804 0.44527336955070496
-0.03187703713774681 0.12086745351552963 0.3811194598674774
-0.10111444443464279 -0.06573179364204407 -0.09407487511634827
-0.03774673491716385 -0.17168012261390686 -0.057609546929597855
-0.017927810549736023 0.043906789273023605 0.10615099221467972
-0.13582637906074524 -0.29465797543525696 -0.3742067515850067
0.09429721534252167 -0.9512203335762024 0.04875755310058594
-0.11456989496946335 0.06839916855096817 -0.1398482769727707
-0.030903462320566177 -0.6003487706184387 -0.10670150071382523
-0.07902134954929352 -0.3251873254776001 0.18301989138126373
-0.06030932068824768 -0.08207812905311584 0.13084667921066284
0.015030361711978912 -0.30059167742729187 0.09961411356925964
0.002331190276890993 -0.2662266194820404 -0.1172620877623558
0.19112831354141235 0.055871691554784775 0.5884987115859985
0.09712530672550201 0.07216093689203262 0.14644166827201843
0.011992033571004868 -0.25046128034591675 0.039610300213098526
0.027531178668141365 -0.17416025698184967 -0.3868815302848816
-0.11838950961828232 0.3501010537147522 0.690941572189331
-0.060734398663043976 -0.14662355184555054 0.4041481614112854
-0.0807233601808548 -0.03647705540060997 0.2619509696960449
-0.06527722626924515 -0.7734931111335754 0.3930746912956238
0.10033397376537323 0.14351585507392883 0.46932920813560486
0.0898481085896492 -0.03664431720972061 0.02832096256315708
-0.16076037287712097 0.08573158085346222 0.26791274547576904
0.0007789999363012612 -0.16842880845069885 0.1872023344039917
0.16775164008140564 0.008725035935640335 0.15376828610897064
0.07484965771436691 -0.18338149785995483 0.017730992287397385
-0.026457039639353752 0.04039200395345688 0.3399765193462372
-0.14480727910995483 0.2028948962688446 0.6214770674705505
0.10626506060361862 0.27140337228775024 0.6212871670722961
0.046368349343538284 -0.1516675353050232 0.35190147161483765
-0.003771367482841015 -0.39359250664711 -0.11007077246904373
0.014766035601496696 -0.27272382378578186 0.12453890591859818
-0.04277883097529411 0.14769861102104187 0.5070396661758423
-0.04608716815710068 0.3252967596054077 0.6484730243682861
-0.15390697121620178 0.36298897862434387 0.18264776468276978
-0.04578211158514023 -0.12118850648403168 0.36462289094924927
0.1350509375333786 0.2533019185066223 0.3088720142841339
-0.018265029415488243 -0.2620786726474762 -0.005376010201871395
0.003233829978853464 -0.48196595907211304 0.06690066307783127
-0.011703446507453918 -0.2300368994474411 0.22309570014476776
0.03247910365462303 0.0258831437677145 0.4598962664604187
0.013631928712129593 -0.28908243775367737 0.1531623899936676
0.19769392907619476 0.06554700434207916 0.5789410471916199
0.05434376373887062 -0.6257606148719788 0.08495951443910599
0.033738069236278534 -0.339444100856781 -0.039105407893657684
-0.043427709490060806 -0.15865471959114075 0.37868282198905945
-0.1842735856771469 0.28275689482688904 0.6348837018013
-0.10392498224973679 0.10183640569448471 0.40917009115219116
-0.04901152476668358 -0.07214425504207611 0.3462057113647461
0.011726103723049164 -0.6200320720672607 -0.3046255111694336
0.030105236917734146 -0.14748555421829224 0.08262024819850922
0.04784225672483444 -0.4642493426799774 -0.2020319551229477
-0.07067651301622391 -0.21827001869678497 0.3744693398475647
-0.008463343605399132 -0.2623633146286011 0.03812263533473015
-0.0600297637283802 0.11456532776355743 -0.02056599035859108
0.06621372699737549 0.0885324627161026 0.02733987756073475
-0.1445116400718689 0.19016116857528687 0.28592628240585327
0.0011945250444114208 0.038540616631507874 0.13200555741786957
-0.02667069062590599 -1.0552656650543213 0.21878807246685028
0.09345025569200516 -0.26376911997795105 0.3242036700248718
0.21566759049892426 0.02257002703845501 0.12787331640720367
-0.03360112011432648 -0.21866367757320404 -0.0064705112017691135
-0.06353186070919037 -0.09637148678302765 -0.11031189560890198
-0.0272825937718153 0.008037926629185677 -0.0340910479426384
0.07241234928369522 -0.04062667861580849 0.23158679902553558
0.03456178680062294 -0.0692209005355835 0.34914514422416687
-0.1324326992034912 0.18296904861927032 0.16503767669200897
0.10487089306116104 0.07703652232885361 0.0648249015212059
-0.13502290844917297 0.23265999555587769 0.260058730840683
0.003663681447505951 -0.10579832643270493 0.02087591402232647
-0.011576252058148384 0.10093588382005692 0.2522110044956207
0.051332686096429825 0.06652820110321045 0.3630264699459076
0.07788951694965363 -0.15813279151916504 -0.2653828263282776
0.2700384557247162 -0.04185216501355171 0.32447683811187744
0.03581381216645241 -0.40403199195861816 -0.12956269085407257
-0.020227564498782158 0.14189691841602325 0.2908409833908081
0.022750509902834892 -0.5377464890480042 -0.42965182662010193
0.3780396282672882 0.20805184543132782 0.5867981314659119
-4.710373468697071e-05 -0.5299364328384399 0.46246740221977234
0.028223508968949318 -0.03646400570869446 0.025576526299118996
-0.05724135786294937 0.04652661085128784 0.40753069519996643
0.010378578677773476 -0.16862447559833527 0.2277793139219284
-0.07137206196784973 -0.061561014503240585 0.5841229557991028
0.1845015436410904 -0.002666364423930645 0.382384330034256
0.007164996117353439 -0.7613779902458191 -0.2781357765197754
0.01900961436331272 0.04376690089702606 0.12720413506031036
0.28765439987182617 0.08470368385314941 0.2840881049633026
0.042969752103090286 -0.6434802412986755 0.19310179352760315
0.24869869649410248 0.05900886282324791 -0.01359318196773529
0.08830192685127258 -0.8058030009269714 -0.22136585414409637
-0.11330780386924744 0.10691908001899719 0.23837487399578094
0.12842753529548645 -0.8002855181694031 -0.07202978432178497
-0.12016277760267258 0.05993764102458954 0.29581546783447266
0.025356939062476158 -0.11260467767715454 0.2557781934738159
0.09242059290409088 0.07595685869455338 0.40268656611442566
0.0177195705473423 -0.14485883712768555 -0.06232887879014015
-0.051129426807165146 -0.31383052468299866 0.26725077629089355
-0.03916851803660393 0.1794126331806183 0.30713728070259094
0.2253352701663971 0.03474678471684456 0.01835060678422451
0.020665718242526054 -0.2476695030927658 0.07715331763029099
-0.037319790571928024 -0.4239414632320404 0.1630464345216751
-0.09860607236623764 -0.037099309265613556 0.4649009704589844
-0.1317705363035202 0.43952491879463196 0.20384986698627472
-0.3226885497570038 0.2703283429145813 0.5654326677322388
0.05408670753240585 0.0038486458361148834 0.2641682028770447
-0.036360446363687515 0.012156523764133453 0.48056459426879883
0.031371381133794785 -0.248008131980896 0.19292031228542328
-0.03906457871198654 0.22228245437145233 0.6067603230476379
0.04339469224214554 0.2864551842212677 0.672040581703186
0.013331014662981033 -0.06642124801874161 -0.035784292966127396
-0.07116522639989853 0.29623696208000183 -0.05497607961297035
0.019705139100551605 -0.37253376841545105 -0.23628705739974976
0.012098269537091255 -0.4021051824092865 -0.0289001427590847
-0.016180861741304398 -0.21480469405651093 0.3358542025089264
-0.007118046749383211 -0.7638517022132874 -0.35259220004081726
0.05245313420891762 0.17144811153411865 -0.16146500408649445
-0.06112728267908096 0.2434973269701004 0.5613079071044922
-0.03898695483803749 0.013329992070794106 0.2293553203344345
-0.029233742505311966 -0.4946584105491638 0.24862553179264069
-0.10585848242044449 -0.09705368429422379 0.4596135914325714
-0.0100326519459486 -0.046493593603372574 -0.24895289540290833
-0.13759134709835052 0.0345952995121479 0.29328522086143494
-0.13275153934955597 0.09439011663198471 0.36440983414649963
-0.2093421369791031 0.2159251868724823 0.5475545525550842
-0.05156777799129486 -0.07090609520673752 -0.13020619750022888
0.06743334978818893 -0.551842212677002 0.24739187955856323
0.036584656685590744 -0.40035030245780945 -0.11247454583644867
-0.019858386367559433 -0.17942644655704498 0.2365916222333908
0.007908441126346588 0.03376084938645363 0.29017749428749084
4.490441642701626e-05 0.10051242262125015 0.47275984287261963
0.06223154440522194 -0.17723999917507172 0.25237464904785156
0.07232194393873215 -0.1701899915933609 0.33853909373283386
-0.035924699157476425 -0.2924351394176483 0.3529002070426941
0.2757888734340668 0.1615387350320816 0.1367732733488083
-0.011210959404706955 -0.025252854451537132 0.004267110489308834
-0.00483359070494771 -0.5738056898117065 -0.1721024364233017
0.02441820316016674 -0.27311405539512634 0.15968987345695496
-0.16188104450702667 0.3382967710494995 0.12933985888957977
-0.18851810693740845 0.24833469092845917 0.3615376949310303
-0.07603864371776581 0.11263054609298706 0.24421434104442596
0.07417672127485275 0.0107856635004282 0.15752872824668884
0.04629500210285187 -0.2465217560529709 -0.08956729620695114
-0.1338704526424408 0.09020385891199112 0.7759869694709778
-0.13965855538845062 0.1269478052854538 0.1559346467256546
0.0014384534442797303 -0.33573105931282043 0.05297858640551567
-0.03200891986489296 -0.05668671056628227 0.4839690327644348
0.03774089366197586 -0.5147543549537659 0.02553008683025837
-0.011503217741847038 -0.21577011048793793 0.1841881424188614
-0.10321979969739914 0.36282771825790405 0.45866426825523376
0.012754365801811218 -0.08518418669700623 0.1719811111688614
0.03902952000498772 -0.5710037350654602 0.13870403170585632
-0.10749270766973495 -0.17173708975315094 0.3691370487213135
0.46803224086761475 0.2679278552532196 0.5360907912254333
0.037828147411346436 -0.2058594971895218 -0.11870038509368896
0.15009605884552002 0.10556095093488693 0.5392799377441406
0.010308895260095596 0.02433842420578003 0.19599688053131104
-0.09606240689754486 0.10329125821590424 0.47292596101760864
0.06310278922319412 0.043033093214035034 -0.07953944802284241
-0.004233021754771471 -0.3003690540790558 -0.06576398015022278
-0.0006666062399744987 0.10311150550842285 0.2503473460674286
0.004729257896542549 -0.3424986004829407 -0.2548235356807709
-0.07158676534891129 -0.2087097018957138 0.4590785503387451
0.0734880194067955 -0.40294399857521057 -0.050537850707769394
0.04090849682688713 -0.48892852663993835 -0.5755718350410461
0.08707237243652344 -0.7648374438285828 0.17143793404102325
0.03589547052979469 -0.04763907194137573 0.11616896837949753
-0.09816639125347137 0.08753376454114914 0.010066209360957146
-0.10200997442007065 0.23793107271194458 0.42838799953460693
0.1764041781425476 0.2085738629102707 0.5201801061630249
-0.0880814641714096 -0.04007268324494362 0.5506464838981628
0.03029804676771164 -0.12515494227409363 -0.08648681640625
0.0069342139177024364 -0.14130692183971405 0.3906616270542145
-0.1684781312942505 0.02099192515015602 0.504718005657196
0.23255042731761932 0.12366999685764313 0.2565816640853882
-0.06360802054405212 0.0005757403559982777 0.11956676095724106
0.11190367490053177 0.02281564101576805 0.2265445590019226
0.02952021360397339 -0.6751280426979065 0.44918280839920044
0.01743500679731369 -0.479484498500824 0.2950117588043213
0.047596123069524765 0.12346059828996658 -0.007882891222834587
0.0667610764503479 -0.40549659729003906 0.07666858285665512
-0.09051229804754257 0.1313404142856598 0.38665059208869934
0.032723285257816315 -0.44500529766082764 -0.6854600310325623
-0.06057450547814369 -0.1032702699303627 0.39479056000709534
-0.02358921803534031 0.08443966507911682 0.09351979196071625
-0.14794717729091644 0.09402251988649368 0.4034212827682495
0.07141822576522827 -0.05328584462404251 0.40902817249298096
0.04111207276582718 -0.46071454882621765 -0.08926229178905487
-0.06640404462814331 -0.00953594408929348 -0.08049415051937103
0.059583257883787155 -0.5743526220321655 0.0908902958035469
0.002035154029726982 -0.23841574788093567 0.034265607595443726
-0.01760753057897091 -0.11352834105491638 0.06466470658779144
-0.05887502431869507 0.21306884288787842 0.43977680802345276
-0.16089525818824768 0.23342543840408325 0.25742456316947937
0.08679451048374176 0.09707316756248474 0.45304322242736816
-0.09951439499855042 0.13517522811889648 0.45704033970832825
-0.014210529625415802 -0.03226778283715248 -0.12742489576339722
-0.005020359996706247 -0.17841239273548126 0.4071357250213623
0.03182176500558853 0.07838375121355057 0.17966611683368683
-0.08282025903463364 -0.5546708106994629 0.29826751351356506
0.0033091255463659763 -0.3518785536289215 0.0418810099363327
-0.1004469022154808 0.20540478825569153 0.08244891464710236
-0.09720022976398468 0.15678031742572784 0.37367525696754456
0.16454653441905975 0.25619688630104065 0.3599296808242798
-0.11199113726615906 -0.029804091900587082 0.3371236026287079
-0.014341417700052261 0.007157116197049618 0.22096404433250427
0.11233767122030258 0.10462947189807892 -0.341258704662323
0.0506700798869133 -0.30635568499565125 -0.11567697674036026
-0.028827758505940437 0.04119076579809189 0.07732921093702316
-0.18025542795658112 0.08097002655267715 0.37030965089797974
-0.13448676466941833 -0.03388354927301407 0.5502418875694275
0.2653670310974121 -0.06745345145463943 0.014611270278692245
-0.015615338459610939 -0.16199515759944916 0.17271007597446442
-0.07049419730901718 -0.08081093430519104 0.38362225890159607
0.12615874409675598 0.5934751033782959 0.7677462697029114
0.11123940348625183 0.1492348164319992 0.5774546265602112
-0.11810526251792908 0.1357560157775879 0.11327853798866272
-0.03544040396809578 -0.05945364385843277 0.45843705534935
-0.021569814532995224 0.002516595646739006 0.1101837083697319
0.10287781804800034 -0.38255390524864197 -0.4233056306838989
0.31679973006248474 0.02322405017912388 0.4305153489112854
0.023844625800848007 0.02024907059967518 0.22766804695129395
0.07910512387752533 -0.45162662863731384 0.06540511548519135
-0.006393005605787039 -0.1466074436903 0.3685835003852844
-0.016126124188303947 -0.018012147396802902 0.25883662700653076
0.01809018664062023 -0.06219371780753136 0.4022586941719055
0.10174033045768738 0.3171243965625763 0.4994823932647705
-0.13057927787303925 0.044648293405771255 0.41962340474128723
0.057667966932058334 0.08303319662809372 -0.20019493997097015
0.034213099628686905 -0.18100810050964355 0.027124864980578423
0.014546878635883331 -0.44191431999206543 -0.018001677468419075
0.22568684816360474 -0.09171014279127121 0.24491626024246216
0.0031487606465816498 -0.28987058997154236 0.11476787179708481
-0.005312461871653795 -0.15368857979774475 0.23043492436408997
-0.0235443115234375 -0.3816762864589691 0.23796097934246063
0.01483350619673729 -0.18644140660762787 0.31538116931915283
0.1601511389017105 -0.05126643553376198 0.14020738005638123
-0.081740602850914 -0.05640431493520737 0.39146292209625244
0.11471911519765854 0.02052718587219715 0.28322774171829224
-0.08048856258392334 0.1095847338438034 0.19336383044719696
0.05393706634640694 -0.04400811716914177 0.26519423723220825
-0.03309517726302147 0.04606938362121582 0.18285773694515228
-0.0768907219171524 0.06142842024564743 -0.2182268500328064
-0.004043102730065584 -0.21869544684886932 0.055485036224126816
-0.13119401037693024 0.21962827444076538 0.4908090829849243
-0.07073038816452026 0.03290318697690964 0.06260554492473602
-0.03544226288795471 -0.03529602289199829 0.10050719976425171
0.07395073026418686 -0.32913270592689514 -0.2297845035791397
-0.016281835734844208 -0.07068358361721039 0.4707004129886627
0.0959145575761795 0.041159871965646744 0.2524280250072479
-0.042902104556560516 -0.19707608222961426 0.19666631519794464
-0.11091244220733643 -0.00418137526139617 0.34184449911117554
-0.06985016912221909 0.02301151491701603 0.010237377136945724
0.0383661687374115 -0.03469587489962578 -0.3046461343765259
0.019184114411473274 -0.42070502042770386 -0.12305708229541779
-0.07392673194408417 -0.12344640493392944 0.19448408484458923
0.03843792900443077 -0.13055014610290527 0.31374382972717285
-0.07175395637750626 -0.16624478995800018 0.4000049829483032
0.04018125310540199 0.03184148296713829 0.2679900527000427
0.044672027230262756 -0.6204904317855835 0.27133095264434814
-0.11991973966360092 0.1132650077342987 0.07892026752233505
-0.013364342972636223 -0.1490573287010193 0.012899370864033699
0.002011250937357545 -0.4738810658454895 0.14532111585140228
0.009621970355510712 -0.3677263557910919 -0.10872924327850342
-0.1129273921251297 0.14725126326084137 -0.0831880271434784
0.13844247162342072 -0.04626299440860748 0.10739868134260178
-0.1127934455871582 0.15972676873207092 0.5326725244522095
-0.07673821598291397 -0.028379471972584724 0.457998663187027
-0.060810886323451996 -0.09893044084310532 0.3606131076812744
0.02829207107424736 -0.08957964926958084 -0.026323465630412102
-0.014813670888543129 -0.19467003643512726 0.12103816121816635
-0.21543073654174805 0.2731228768825531 0.18915483355522156
0.19758617877960205 -0.007543459068983793 -0.02426595613360405
-0.09517334401607513 0.04187391698360443 0.08715096861124039
-0.08098357915878296 0.07756886631250381 -0.44762012362480164
0.34274911880493164 0.18399037420749664 0.3963681161403656
0.025184832513332367 -0.0025908341631293297 0.14088071882724762
-0.09355362504720688 -0.09686984121799469 0.25375595688819885
-0.033006466925144196 -0.014289569109678268 0.3576187491416931
0.03143749386072159 0.004688368644565344 0.021666942164301872
0.014398392289876938 -0.5241466164588928 0.3012712597846985
-0.012219138443470001 -0.06864061206579208 0.182896226644516
0.2300088107585907 -0.20916281640529633 0.29031533002853394
0.07999739795923233 0.016719790175557137 0.17048843204975128
-0.1182427853345871 0.14601841568946838 0.34269842505455017
0.12311479449272156 -0.5532019138336182 0.12497968971729279
0.05708147585391998 -0.1009972095489502 0.09520656615495682
0.1340499073266983 -0.03729325160384178 0.012799747288227081
0.020608684048056602 -0.3711976110935211 -0.3676777482032776
0.06459697335958481 -0.16301485896110535 -0.02365359291434288
-0.11917882412672043 0.022244740277528763 0.18203629553318024
-0.016351278871297836 -0.586060643196106 -0.18114368617534637
0.07589822262525558 -0.30527761578559875 -0.10629218816757202
-0.046900950372219086 -0.1882440447807312 0.34916624426841736
0.027752544730901718 -0.8114911913871765 0.462653249502182
-0.0005434134509414434 0.03691750392317772 0.3456881046295166
-0.06739117205142975 -0.19851046800613403 0.47882235050201416
0.10295924544334412 -0.29532936215400696 -0.0752130076289177
-0.06062886863946915 0.02438872680068016 0.22703678905963898
0.06436251103878021 0.00994286872446537 0.15863539278507233
0.12612412869930267 -0.03365807235240936 0.3190889060497284
-0.03449053689837456 -0.1810208410024643 0.17528890073299408
0.013202585279941559 -0.383088082075119 0.18474532663822174
0.015515005216002464 -0.3857420086860657 -0.42421984672546387
0.04406105726957321 -0.4456399381160736 0.16841724514961243
0.0934407114982605 -0.1229487806558609 0.30850082635879517
-0.10929534584283829 -0.0013875560835003853 -0.23352931439876556
0.20474304258823395 0.03708184137940407 0.4655601978302002
-0.13474516570568085 0.0869002640247345 0.3305976688861847
0.001462864107452333 0.05227842181921005 0.02119630016386509
-0.0402119942009449 -0.06403503566980362 0.06761617958545685
-0.10392501950263977 0.16649489104747772 0.18491186201572418
-0.0521710142493248 -0.15039227902889252 0.2614195942878723
0.2995449900627136 0.09021768718957901 0.27269086241722107
0.035726260393857956 0.16967011988162994 0.04481698200106621
0.03580041974782944 -0.08068785071372986 0.25215619802474976
-0.10195392370223999 -0.09336665272712708 0.4839331805706024
0.10470089316368103 -0.164378359913826 0.10941225290298462
-0.042967788875103 0.01601478084921837 0.26760074496269226
-0.20936161279678345 0.26668182015419006 0.4982001483440399
0.05359496548771858 0.329633891582489 0.645394504070282
-0.1024886965751648 -0.017421970143914223 0.35391396284103394
0.0661349669098854 -0.1689879298210144 0.38816210627555847
0.009259011596441269 -0.2847805321216583 0.21363992989063263
0.05581037700176239 -0.2174946665763855 0.17103107273578644
0.060617271810770035 0.018405918031930923 0.3469747304916382
-0.023976309224963188 -0.10031256824731827 -0.09358856827020645
0.13670134544372559 -0.030712557956576347 0.4366351366043091
0.04285244271159172 -0.5006325840950012 0.0769030898809433
-0.11087725311517715 0.04236029461026192 -0.09359582513570786
-0.13979409635066986 0.12155771255493164 0.05627408251166344
0.026473361998796463 -0.05774453654885292 0.3746916949748993
-0.003181284759193659 -0.10940902680158615 0.3980841338634491
-0.19169458746910095 -0.024984437972307205 0.5055031180381775
0.014660196378827095 0.07867930084466934 0.15991835296154022
-0.13499583303928375 0.1622990518808365 0.4787202775478363
0.10227832198143005 0.009804900735616684 0.3972020447254181
-0.027826067060232162 0.016049504280090332 0.34837043285369873
-0.07984791696071625 -0.0013440190814435482 0.43313902616500854
-0.09653647989034653 0.2248532623052597 0.6526491045951843
-0.00429517962038517 -0.28824421763420105 0.09881338477134705
0.002461424097418785 -0.16054578125476837 0.38382813334465027
0.005567250307649374 -0.14050288498401642 0.14885461330413818
0.05755665898323059 0.1477181762456894 0.16051506996154785
0.12311111390590668 -0.19735582172870636 0.26726609468460083
-0.0312516987323761 -0.1395694613456726 0.09096904844045639
-0.14945480227470398 0.27181971073150635 0.7992017269134521
0.03948600962758064 0.08508391678333282 0.26783886551856995
-0.03011351451277733 0.01875421591103077 0.2708267271518707
-0.054916124790906906 -0.24794510006904602 0.2665696144104004
-0.06957400590181351 -0.0732872262597084 -0.11743132770061493
-0.07566148042678833 -0.061250317841768265 0.20849783718585968
-0.047526728361845016 -0.033254120498895645 -0.05129300802946091
-0.06988867372274399 -0.08493512868881226 0.23050296306610107
-0.01885436289012432 -0.2401689887046814 -0.13246595859527588
0.06293806433677673 -0.6004169583320618 0.30620208382606506
0.01313173770904541 -0.1927179992198944 -0.37745603919029236
-0.025091735646128654 0.3477351665496826 0.5923160910606384
0.06701873242855072 -0.23236285150051117 -0.08012648671865463
0.6106707453727722 0.08545123785734177 0.5898013710975647
0.07708054780960083 -0.03816598281264305 -0.13744418323040009
-0.09800071269273758 -0.9061947464942932 0.35436660051345825
-0.107355497777462 0.2579447627067566 0.4501883387565613
-0.11075486987829208 0.11483485996723175 0.14951089024543762
-0.1207573339343071 -0.0682755559682846 0.6024860739707947
-0.16656307876110077 0.20475558936595917 0.525401771068573
-0.07577729970216751 0.11023715138435364 0.13048934936523438
0.26175668835639954 0.15238603949546814 0.5008677840232849
-0.031777478754520416 -0.12947754561901093 0.40933528542518616
-0.02301611937582493 -0.368019700050354 0.30235448479652405
0.07419707626104355 -0.4164029657840729 -0.0012128145899623632
0.16806268692016602 0.20847085118293762 0.6100095510482788
0.036564771085977554 -0.32418203353881836 -0.09063029289245605
-0.06792556494474411 0.14116531610488892 0.48974886536598206
0.04294731840491295 -0.7068962454795837 -0.2047322690486908
0.12258278578519821 -0.02270476520061493 0.43456822633743286
0.0011371612781658769 -0.4112550914287567 0.07967629283666611
-0.035562485456466675 -0.5682271122932434 0.11324993520975113
0.022809207439422607 -0.5481896996498108 -0.2677324116230011
-0.20056869089603424 0.18006514012813568 0.17232778668403625
-0.14251145720481873 0.2673380374908447 0.2252243012189865
-0.16762329638004303 0.21315225958824158 0.471567839384079
-0.010887330397963524 -0.01328013464808464 0.4323965013027191
-0.005165638402104378 -0.16506636142730713 0.062395352870225906
-0.14596405625343323 0.14556704461574554 0.48802950978279114
0.19680307805538177 0.027556777000427246 -0.09261617809534073
-0.03073272854089737 0.23747412860393524 -0.2288522720336914
0.0685349702835083 0.10239075869321823 -0.4584520161151886
0.7223982214927673 -0.21155846118927002 0.017458122223615646
0.07388006895780563 -0.05216581001877785 0.21128244698047638
0.03250855579972267 -0.045526374131441116 0.2927621304988861
0.018565593287348747 -0.64178067445755 0.4116722047328949
-0.045924775302410126 0.14232482016086578 0.11491771042346954
-0.01461753062903881 -0.8832563757896423 0.32739222049713135
-0.03573370352387428 -0.22706466913223267 0.030013862997293472
0.02195773646235466 -0.42120641469955444 -0.2559390366077423
0.13253271579742432 -0.16294950246810913 0.13407307863235474
-0.11722486466169357 -0.051953837275505066 0.5091723799705505
0.05472871661186218 -0.40335729718208313 0.11727509647607803
-0.0294664166867733 -0.2792316973209381 -0.06286288797855377
0.039929382503032684 -0.2697570025920868 -0.16330164670944214
-0.003707277122884989 -0.10375426709651947 0.2869875133037567
-0.0011517875827848911 0.192970871925354 0.5931149125099182
0.11531268805265427 -0.04350055009126663 0.372201144695282
0.0006489942315965891 -0.30935704708099365 -0.1491238921880722
-0.05761222913861275 -0.11887401342391968 0.02423708140850067
0.10477264970541 -0.17386394739151 0.07628002762794495
-0.012893252074718475 0.17479419708251953 0.19467246532440186
-0.12298795580863953 0.16868656873703003 0.2395147681236267
0.2580941915512085 -0.004759047646075487 0.5877924561500549
0.14659638702869415 -0.2553579807281494 0.28305116295814514
0.12857773900032043 -0.2469424158334732 -0.0548798106610775
-0.01636234112083912 0.12757183611392975 0.4016858637332916
-0.10055802762508392 -0.038171008229255676 0.08458426594734192
0.020538106560707092 -0.12331719696521759 0.09934787452220917
0.017566777765750885 0.0071356757543981075 0.4374901056289673
0.20547552406787872 0.22831521928310394 0.6905701756477356
-0.16459794342517853 0.2198897898197174 0.42050620913505554
-0.11159586161375046 0.11871422082185745 0.3964362144470215
-0.006633149925619364 0.028700700029730797 0.1356348991394043
0.10588322579860687 -0.6889113187789917 -0.1916053146123886
0.07012773305177689 -0.03360545635223389 0.14833039045333862
0.04456263780593872 -0.26219794154167175 0.1705126166343689
-0.23281912505626678 0.06242804974317551 0.4451340436935425
-0.03326192870736122 0.010248096659779549 0.3876945972442627
-0.03095768392086029 -0.20218874514102936 0.18592143058776855
-0.10604488849639893 0.046901315450668335 -0.5084689259529114
0.07700792700052261 -0.5663102865219116 -0.2299782782793045
0.11991088092327118 0.22760072350502014 0.6636291742324829
-0.07545246183872223 0.23775836825370789 0.6705403923988342
0.05961998552083969 0.05282440409064293 0.4540390968322754
-0.15120604634284973 0.12483318895101547 0.5262537598609924
-0.06276259571313858 -0.06552484631538391 0.43075045943260193
0.18295501172542572 0.015135146677494049 0.42165449261665344
-0.07706917077302933 0.07247918844223022 0.06933224946260452
-0.030892599374055862 -0.21918068826198578 0.10961677879095078
0.23460753262043 -0.26989856362342834 -0.2872285544872284
0.004782464355230331 -0.27415451407432556 0.22057560086250305
-0.0691269263625145 -0.015288298949599266 0.039520263671875
0.004703028127551079 4.246179014444351e-05 0.0975823923945427
0.07594570517539978 -0.3764476776123047 0.21647697687149048
0.024747364223003387 -0.08519628643989563 0.4705030024051666
-0.03970837965607643 -0.9379855394363403 0.07015395164489746
0.042140137404203415 -0.3390633463859558 0.19494982063770294
0.06623350828886032 0.021426886320114136 0.1217237189412117
-0.08343573659658432 0.11161983758211136 0.09333211928606033
0.11358963698148727 -0.07203242182731628 -0.1472528725862503
0.00420881574973464 0.0013333611423149705 0.11248161643743515
0.12918314337730408 -0.1448560655117035 0.3559194505214691
-0.037157271057367325 -0.14389002323150635 0.49356091022491455
-0.08038365840911865 -0.010289626196026802 0.4587458670139313
0.12064142525196075 0.12557247281074524 0.2485571652650833
0.02982526458799839 -0.4816614091396332 -0.07103674858808517
-0.08119615167379379 -0.00828029215335846 0.1649250090122223
0.21355077624320984 0.2666928470134735 0.4239228069782257
-0.16309769451618195 0.2125367373228073 0.29250743985176086
-0.11255902796983719 0.10581178963184357 0.3853481709957123
0.030888551846146584 0.05485409498214722 0.10792068392038345
0.13468259572982788 -0.1395251750946045 -0.12315232306718826
-0.0799831673502922 0.04383660480380058 -0.5763563513755798
0.10070888698101044 0.055714890360832214 0.3175605237483978
0.08704608678817749 -0.9655398726463318 0.16688136756420135
0.029919613152742386 -0.09277055412530899 0.35847389698028564
-0.11145186424255371 0.04874398931860924 0.07417292892932892
0.05986012518405914 -0.360164076089859 -0.2148371934890747
-0.21396850049495697 0.2236923724412918 0.476470023393631
-0.21389473974704742 0.04808991774916649 0.5125438570976257
0.02632063627243042 -0.3596779406070709 0.0018359774257987738
-0.08128602802753448 0.24109435081481934 0.840680718421936
-0.02615455724298954 -0.06596039235591888 0.20096537470817566
0.047389015555381775 -0.521959662437439 -0.34111109375953674
-0.0459282249212265 0.06213026121258736 0.11975226551294327
-0.012092098593711853 0.13706861436367035 0.343548059463501
0.04050322249531746 -0.9231668710708618 -0.024844512343406677
-0.14806413650512695 0.29203706979751587 0.4794297218322754
0.013960784301161766 -0.36072513461112976 0.0604548417031765
0.06076095998287201 0.1436692178249359 0.4154242277145386
-0.170271635055542 0.02063288539648056 0.4771472215652466
-0.05111557990312576 -0.11981478333473206 0.04692419245839119
-0.18593715131282806 0.5764161944389343 0.1837778091430664
0.07149799913167953 -0.15369686484336853 0.10659194737672806
0.16961272060871124 0.27417418360710144 0.6020514965057373
-0.029194314032793045 -0.18633106350898743 0.4204113483428955
-0.11800602078437805 0.21030203998088837 0.47914981842041016
0.04689120873808861 -0.06706652790307999 0.338998943567276
-0.0035076336935162544 0.2546871304512024 0.34014028310775757
-0.0030925553292036057 -0.013502132147550583 0.3842249810695648
-0.31981971859931946 0.3271140158176422 0.7504771947860718
-0.08455318957567215 -0.015831049531698227 0.16080357134342194
-0.003462586086243391 -0.5955632925033569 -0.0941571444272995
-0.023362843319773674 -0.17250286042690277 0.02097836509346962
-0.019067099317908287 -0.18074096739292145 0.2623022496700287
-0.02465522661805153 -0.2905353903770447 0.24777069687843323
-0.050575047731399536 -0.34216955304145813 -0.48939982056617737
0.013519369065761566 0.07097278535366058 0.3398014008998871
0.04188510775566101 -0.11219107359647751 0.4195718765258789
-0.006829854566603899 -0.19005493819713593 0.3698660135269165
-0.002506166696548462 -0.10772009938955307 -0.2672206461429596
0.03392069786787033 0.43734097480773926 0.6480645537376404
-0.05477510020136833 -0.1983703076839447 0.16844309866428375
0.16826443374156952 -0.04066360741853714 -0.23229041695594788
-0.031087953597307205 -0.18447278439998627 -0.2694947123527527
0.22984017431735992 -0.0745273232460022 0.4672187566757202
0.26129093766212463 0.056144487112760544 -0.09735873341560364
-0.09011942148208618 -0.001294055487960577 0.11182992160320282
0.2399570494890213 -0.2898505628108978 -0.24527767300605774
-0.06772923469543457 0.24050724506378174 0.40481823682785034
0.04688828065991402 -0.2033696174621582 0.20768693089485168
-0.04604770615696907 -0.5083551406860352 0.3648495674133301
-0.1735454648733139 0.23905619978904724 0.3082227110862732
0.06578710675239563 0.2299204170703888 0.34529900550842285
0.0678323432803154 -0.032023705542087555 0.4457547068595886
-0.12003794312477112 0.09365434944629669 0.2376634180545807
-0.035904042422771454 0.058383192867040634 0.4553197920322418
0.007171207573264837 -0.3133154511451721 0.13538584113121033
-0.026331866160035133 -0.013867765665054321 0.27270811796188354
0.024926450103521347 -0.4466662108898163 0.09591534733772278
-0.028604155406355858 -0.04369062930345535 -0.06386174261569977
0.16956736147403717 -0.3113690912723541 -0.37373602390289307
0.005537138320505619 -0.08122298121452332 0.270222008228302
-0.15165171027183533 -0.018772924318909645 0.4342370927333832
0.06067108362913132 -0.010921772569417953 0.39385348558425903
0.013144200667738914 0.09187696129083633 0.2707471549510956
-0.0014874257612973452 -0.45202523469924927 0.14781959354877472
-0.03422415629029274 0.08204742521047592 -0.36561712622642517
-0.241250142455101 0.5280339121818542 0.9716314673423767
0.010065896436572075 -0.928125262260437 -0.24965021014213562
0.08110076189041138 -0.14887337386608124 0.1834753304719925
0.32926100492477417 0.08028338104486465 0.22771349549293518
0.014242442324757576 -0.1565537005662918 0.1755491942167282
0.4751887917518616 0.019728876650333405 0.27356886863708496
-0.13960503041744232 0.15089061856269836 0.11523842811584473
0.044670578092336655 -0.029683919623494148 0.21721990406513214
0.1260894536972046 0.1471601277589798 0.6006393432617188
-0.051217034459114075 0.0007650262559764087 0.5220006704330444
0.05743565037846565 -0.13886217772960663 0.11171094328165054
0.08837809413671494 0.01295718178153038 0.4439074993133545
0.13671615719795227 0.09876685589551926 0.3489806056022644
-0.13781215250492096 0.10004138946533203 0.13796770572662354
-0.14839161932468414 0.14934766292572021 0.6401716470718384
-0.0560939684510231 -0.09808459132909775 0.3689671456813812
-0.04067070409655571 0.4386208653450012 0.4837287366390228
-0.05121602490544319 -0.024054361507296562 -0.15410365164279938
-0.13995292782783508 0.17091815173625946 0.27959808707237244
-0.041090767830610275 0.07897567749023438 0.5210291743278503
0.2904670834541321 0.13196441531181335 -0.04062242805957794
-0.13279850780963898 0.5134732723236084 0.2006104737520218
0.06398850679397583 -0.13743513822555542 0.2841506600379944
-0.00291639007627964 -0.36760932207107544 -0.15631036460399628
0.023808812722563744 -0.3670726716518402 0.032151613384485245
0.010807249695062637 -0.12627607583999634 0.3713145852088928
-0.04751316085457802 0.08200307935476303 -0.12706789374351501
-0.08414070308208466 -0.08202429860830307 -0.27761295437812805
-0.010330356657505035 -0.26461461186408997 0.0843464806675911
-0.0587846115231514 0.08242422342300415 -0.03874176740646362
-0.2119058519601822 0.14021450281143188 0.5797119736671448
-0.018681421875953674 -0.31281599402427673 0.3371163308620453
-0.011315606534481049 0.0635051280260086 0.4544282555580139
0.005935410037636757 -0.34302330017089844 0.2466202825307846
-0.02710641548037529 -0.16740423440933228 -0.2585783004760742
-0.039788201451301575 0.03780874237418175 0.10404027998447418
0.015492983162403107 0.13752883672714233 0.5228509306907654
-0.13648590445518494 -0.13240620493888855 -0.35183876752853394
-0.0594063401222229 -0.5833497047424316 -0.07850375026464462
-0.1698596477508545 0.24098637700080872 0.2797696590423584
-0.031941283494234085 0.03552084416151047 -0.0582977794110775
-0.06281629204750061 -0.16648274660110474 0.374275803565979
-0.08264292776584625 -0.009774545207619667 0.22318725287914276
-0.09586094319820404 0.027166079729795456 0.6019805073738098
0.09600364416837692 -0.1593693196773529 0.2967660427093506
-0.21123777329921722 -0.24611790478229523 0.5680528283119202
0.00885758176445961 -0.8240524530410767 0.06465282291173935
0.015476755797863007 -0.3528202474117279 -0.009888457134366035
0.06005943566560745 -0.1307797133922577 0.4085415303707123
-0.022359786555171013 0.09482243657112122 0.5125395059585571
-0.10333073139190674 -1.1137710809707642 0.1918489784002304
0.03559344634413719 -0.10580679029226303 -0.19184409081935883
0.16274426877498627 0.12617303431034088 0.3948746919631958
0.04538935795426369 -0.7290966510772705 -0.22914886474609375
-0.0750020444393158 -0.03497745096683502 0.5786369442939758
-0.11684687435626984 0.11467313021421432 0.34451669454574585
0.016718363389372826 0.26027533411979675 0.6110479235649109
-0.1174652948975563 -0.1359742134809494 0.4195844531059265
-0.1399206817150116 0.5189956426620483 0.49449628591537476
0.06363997608423233 0.0014401107328012586 -0.11209813505411148
0.011970613151788712 -0.7229999899864197 0.18555253744125366
-0.003916577901691198 -0.2910985052585602 -0.14903417229652405
0.007648496888577938 -0.3280053734779358 0.37167662382125854
-0.04844612255692482 0.10902431607246399 0.36660611629486084
0.00045703782234340906 -0.3790058195590973 0.10179051011800766
0.0024284361861646175 -0.31586435437202454 0.23951974511146545
0.06029912084341049 -0.17421862483024597 -0.3698085844516754
-0.01972232572734356 -0.1955769807100296 0.2171800434589386
-0.016112349927425385 -0.3596991300582886 0.09699161350727081
-0.046195611357688904 -0.09331028163433075 -0.023688437417149544
-0.034509897232055664 -0.13304150104522705 0.085319884121418
-0.052269961684942245 -0.12842217087745667 0.43517884612083435
0.01038816012442112 -0.09544745832681656 0.2949662506580353
0.06881215423345566 -0.004740576259791851 0.19172891974449158
-0.09722314774990082 0.14675818383693695 -0.007772649172693491
0.1108630895614624 -0.6157986521720886 -0.14751344919204712
-0.036607857793569565 0.139753520488739 0.0597701258957386
0.25134533643722534 -0.02640487067401409 -0.37672457098960876
-0.04344571381807327 -0.002908786293119192 -0.003329621162265539
-0.08989730477333069 0.12467741221189499 0.14870013296604156
0.005861205980181694 -0.38702455163002014 -0.22396863996982574
0.028147820383310318 0.09928502887487411 0.18176978826522827
0.09095551818609238 -0.00020477932412177324 0.09276619553565979
0.011057257652282715 -0.009604578837752342 -0.20596849918365479
0.05092305690050125 -0.5042489767074585 -0.00478750467300415
0.15351136028766632 -0.005155084654688835 0.26082032918930054
-0.0682314783334732 0.11007057875394821 0.31327760219573975
-0.09379726648330688 -0.008366409689188004 0.2867949604988098
0.12444313615560532 -0.12420962005853653 0.33509692549705505
-0.049778521060943604 0.025933973491191864 0.43802106380462646
0.05436105653643608 -0.2709740400314331 -0.18469318747520447
-0.04799588397145271 0.011650221422314644 -0.1742563545703888
-0.08629658073186874 -0.07862186431884766 0.4095408022403717
0.07879865169525146 -0.004843512084335089 0.45683062076568604
0.2597583830356598 -0.022541241720318794 -0.2866872251033783
0.006378048565238714 -0.02847919426858425 0.3772524893283844
-0.02235567569732666 -0.23065964877605438 0.13110312819480896
-0.19216984510421753 0.23762834072113037 0.5867149829864502
-0.2765584886074066 -0.17407803237438202 0.47197225689888
0.06530741602182388 0.08094923198223114 0.18698124587535858
0.026881759986281395 -0.20932884514331818 0.10028743743896484
0.015833266079425812 -0.5158829689025879 0.1556728333234787
-0.01472465880215168 -0.08692827820777893 -0.04863899201154709
-0.13531067967414856 0.28339722752571106 0.5226890444755554
-0.13775362074375153 0.07392999529838562 0.3757376968860626
-0.05552661046385765 -0.16525883972644806 0.1747245192527771
0.008100170642137527 -0.9293254613876343 0.3960886001586914
0.017810409888625145 -0.23683041334152222 0.12940116226673126
-0.15816712379455566 0.23083806037902832 0.24251851439476013
0.0014892821200191975 -0.13447251915931702 0.39301085472106934
-0.017246518284082413 -0.4209907352924347 0.2482040524482727
-0.16117598116397858 0.16220103204250336 0.5108128190040588
0.016146939247846603 -0.2228250354528427 0.17147114872932434
0.061255257576704025 -0.4032039940357208 -0.29773473739624023
-0.10857193171977997 0.3225151598453522 0.3740360140800476
0.04545373469591141 -0.6155945062637329 -0.2770635187625885
-0.007442164700478315 -0.48805132508277893 -0.4016359746456146
0.09456491470336914 -0.7597971558570862 -0.1253664493560791
-0.08975474536418915 -0.05527516454458237 0.155290886759758
-0.06177707016468048 0.13173551857471466 -0.041826773434877396
0.11398275196552277 -0.2709353566169739 0.11308840662240982
0.05684439837932587 -0.014268588274717331 0.34058889746665955
0.14771291613578796 0.09500162303447723 0.14207172393798828
0.12898215651512146 0.09162250906229019 0.43962499499320984
0.011584792286157608 -0.323286235332489 0.12251439690589905
0.025187091901898384 -0.5679696798324585 0.12737664580345154
-0.06893731653690338 -0.10972132533788681 0.24581307172775269
-0.18406207859516144 0.2394375503063202 0.43231627345085144
-0.026486990973353386 -0.2597290873527527 0.3598998188972473
-0.0020179518032819033 -0.34712496399879456 -0.0034507382661104202
0.08977623283863068 -0.017659174278378487 0.10923385620117188
-0.06164688616991043 -0.09148455411195755 0.15518887341022491
0.008717786520719528 -0.06453646719455719 0.31765756011009216
0.2828460931777954 0.07702843099832535 0.2704690098762512
-0.021458087489008904 -0.0887477919459343 0.44471627473831177
0.012027828022837639 -0.10515733808279037 -0.11094307154417038
0.13412395119667053 -0.0632147267460823 0.15173257887363434
-0.05134376510977745 -0.5769816040992737 0.3559410572052002
0.0886661633849144 -0.2677585184574127 -0.1894732564687729
-0.05796599015593529 -0.15946294367313385 0.2618791162967682
-0.05690580978989601 -0.029198259115219116 -0.24847638607025146
-0.09486496448516846 -0.008734961971640587 0.2945726811885834
-0.1322164386510849 0.19083157181739807 -0.09785760194063187
-0.07036244124174118 -0.033125605434179306 0.48994600772857666
-0.1665036529302597 0.028140289708971977 0.2838580310344696
0.04299074411392212 -0.2758733928203583 0.10429010540246964
-0.1062503308057785 0.1375575214624405 0.020443130284547806
-0.023778164759278297 0.1502991020679474 0.3681941330432892
-0.1473008692264557 0.31824353337287903 0.8144734501838684
-0.06648562848567963 0.16674545407295227 0.604623019695282
0.1768084019422531 0.11375679820775986 0.4451744258403778
-0.03457055240869522 0.1430658996105194 0.4553007185459137
-0.018417950719594955 -0.3608993887901306 0.31108716130256653
0.22076012194156647 0.08956966549158096 0.2183893769979477
-0.014535464346408844 -0.06410277634859085 0.15603585541248322
0.011023521423339844 -0.236989825963974 0.013462604954838753
-0.031912803649902344 0.27425873279571533 0.4771426320075989
-0.0482170432806015 0.19696566462516785 0.4968244433403015
0.012797832489013672 0.3408616781234741 0.37164002656936646
0.039551664143800735 -0.25006964802742004 0.24575120210647583
-0.008502185344696045 -0.34127193689346313 -0.006513307336717844
-0.010797716677188873 -0.24347935616970062 0.2787790298461914
0.05902315676212311 -0.02213098667562008 0.3104066848754883
-0.02692166529595852 -0.221269428730011 0.37085166573524475
0.018894175067543983 -0.4352147579193115 -0.002363101579248905
-0.05657746270298958 0.0688369870185852 0.301824152469635
-0.04759693890810013 0.09051540493965149 0.34275582432746887
-0.12246417254209518 0.02477361261844635 0.11148490011692047
0.04535464569926262 -0.2050284594297409 0.31750723719596863
0.024709565564990044 -0.24376995861530304 0.18325275182724
-0.0039268010295927525 -0.0788145363330841 0.5073443651199341
0.0362846665084362 -0.5245873928070068 -0.05873042717576027
0.08543554693460464 0.02989579364657402 0.4339691400527954
-0.14694614708423615 0.2956763803958893 0.029292400926351547
0.07340481877326965 -0.010689156129956245 0.13841521739959717
-0.10512308031320572 0.03158888220787048 0.058183398097753525
-0.03623458370566368 -0.05639151856303215 0.0014135140227153897
0.037028830498456955 -0.0038076266646385193 0.13788940012454987
0.03583834692835808 -0.409149706363678 -0.0915038213133812
0.03851664438843727 0.13192284107208252 0.22176143527030945
0.015455950051546097 -0.4203232526779175 0.1264645755290985
-0.14611992239952087 0.038050007075071335 0.38554099202156067
0.023591212928295135 0.09155038744211197 -0.21567517518997192
0.09741949290037155 -0.5075879693031311 -0.04639524593949318
-0.04841989278793335 -0.13150885701179504 0.4056530296802521
-0.03630611300468445 -0.36033761501312256 0.33171066641807556
0.01527162455022335 0.08294396847486496 0.5380236506462097
0.048579055815935135 -0.3863316476345062 -0.3423285186290741
0.00014292611740529537 0.03136104345321655 0.412770539522171
-0.09314673393964767 0.20956940948963165 0.22116297483444214
-0.16447485983371735 0.17703303694725037 0.16222086548805237
0.009497035294771194 -0.47815605998039246 0.07045917958021164
-0.028744950890541077 -0.1395101100206375 0.27604785561561584
-0.19435948133468628 0.19338782131671906 0.19727201759815216
0.0668523758649826 -0.0076346914283931255 0.05401483178138733
0.1040228083729744 -0.048455383628606796 0.011900627985596657
-0.0049174269661307335 0.004216753877699375 0.3745790421962738
-0.07326816022396088 -0.04553431645035744 0.23407010734081268
0.05984571576118469 -0.5667546391487122 -0.38351476192474365
-0.0074261571280658245 0.06479892879724503 0.3216507136821747
-0.23847661912441254 0.33818554878234863 0.5106112957000732
-0.05803981423377991 -0.6222870945930481 0.3302149176597595
0.11098308861255646 -0.3404155373573303 0.01378784328699112
-0.0025908714160323143 -0.057463597506284714 0.25863900780677795
0.156097412109375 0.02243499644100666 0.4060917794704437
0.08385548740625381 -0.01802983321249485 0.3817893862724304
0.39593982696533203 0.025688186287879944 0.4227059483528137
0.018906673416495323 -0.056710537523031235 0.45423802733421326
-0.11310115456581116 0.15120357275009155 0.001989911310374737
-0.09827045351266861 0.09723138809204102 0.3778548538684845
-0.10289274901151657 -0.003160002175718546 -0.05243930220603943
-0.007333498913794756 -0.33607324957847595 -0.17389950156211853
-0.14116735756397247 0.0036329678259789944 0.32021766901016235
0.02512497268617153 -0.460633248090744 -0.1583297848701477
0.5859041810035706 0.10761746019124985 0.36779141426086426
-0.05525965243577957 0.02409520372748375 0.05470024421811104
0.03916187956929207 -0.20992714166641235 -0.48668795824050903
0.10827640444040298 0.17323318123817444 0.5995401740074158
0.08147149533033371 0.19459141790866852 -0.13460876047611237
-0.056541796773672104 0.02203134261071682 0.49141961336135864
0.08666126430034637 -0.42390725016593933 -0.07762665301561356
0.010661376640200615 -1.1298158168792725 0.3040211498737335
0.028588062152266502 -0.49215587973594666 0.033881351351737976
0.09872367978096008 -0.5245031118392944 0.3315790593624115
-0.041579101234674454 -0.10548701137304306 -0.08299808204174042
-0.09632568061351776 0.09584133327007294 0.4540764391422272
-0.1295422464609146 0.11441586911678314 -0.08682943880558014
0.13041462004184723 -0.01843113638460636 0.22090885043144226
0.010002488270401955 -0.038296669721603394 0.22156360745429993
0.008213271386921406 -0.2965344190597534 0.030869878828525543
-0.1386406272649765 0.030226776376366615 0.03766028210520744
0.16909503936767578 0.2612376809120178 0.5705337524414062
0.04022118076682091 -0.4931872487068176 0.09872445464134216
-0.001334196887910366 -0.06767058372497559 -0.22940810024738312
0.37648776173591614 0.11972731351852417 0.49305209517478943
0.17744925618171692 -0.1358892023563385 -0.1318059265613556
0.04341593757271767 -0.0017157259862869978 0.45299217104911804
0.01225992664694786 -0.1813264787197113 -0.06738189607858658
0.012396510690450668 -0.15436960756778717 0.368706613779068
-0.008812624961137772 -0.012146299704909325 0.5012312531471252
0.05361022427678108 -0.4421144723892212 0.025320950895547867
0.00119198567699641 -0.30141955614089966 0.20165979862213135
-0.1799105703830719 0.07429078221321106 0.6497273445129395
-0.22168660163879395 0.2153024971485138 0.40426740050315857
-0.019529329612851143 -0.14607825875282288 -0.11787569522857666
-0.015374599024653435 -0.15150569379329681 -0.31408774852752686
-0.11703185737133026 0.1444968581199646 0.05497017502784729
-0.09653375297784805 0.026222512125968933 0.26181524991989136
-0.08564530313014984 -0.06681407243013382 0.1732461154460907
-0.0944528579711914 0.07997938245534897 0.19534814357757568
0.004743782803416252 -0.3899276852607727 -0.11137790977954865
0.13406029343605042 0.061271343380212784 0.4173392653465271
0.07198044657707214 -0.43639394640922546 -0.03540489822626114
-0.0686013326048851 -0.10539761930704117 0.21803535521030426
-0.12028685957193375 0.1890002340078354 0.2751789093017578
0.06425194442272186 0.014222776517271996 0.42332103848457336
0.029788020998239517 0.008343132212758064 -0.14832429587841034
0.037530284374952316 -0.3590069115161896 0.16584940254688263
0.18105146288871765 -0.03709398955106735 0.3135256767272949
0.06280145794153214 0.03560861200094223 0.012404223904013634
0.016074372455477715 -0.396917462348938 -0.02058226428925991
-0.11900435388088226 -0.033093348145484924 0.39548489451408386
-0.09634681046009064 0.28648367524147034 0.7021556496620178
0.018637124449014664 -0.13719114661216736 -0.3650277853012085
-0.1351151466369629 0.030057189986109734 0.4413618743419647
0.23442049324512482 0.07457561045885086 0.43882325291633606
-0.003730213735252619 -0.1480850875377655 0.043587785214185715
-0.05867592245340347 0.20057053864002228 0.1741342693567276
0.06761735677719116 -0.008228447288274765 0.3668800890445709
0.043645504862070084 0.025667956098914146 -0.04838014021515846
0.08585924655199051 -0.17016731202602386 0.402089923620224
0.028209002688527107 -0.01708032563328743 0.12911498546600342
0.02293311432003975 -0.5143596529960632 -0.032163236290216446
-0.16667215526103973 0.19002148509025574 0.10921469330787659
-0.09711836278438568 0.19709841907024384 0.35459280014038086
-0.24549511075019836 0.11334985494613647 0.5054964423179626
-0.028102757409214973 -0.1938142627477646 0.3557712137699127
0.07876276224851608 -0.46532943844795227 -0.18765859305858612
-0.019239621236920357 -0.2576945126056671 0.23025713860988617
-0.15958446264266968 0.06186138093471527 0.5181682109832764
0.037716567516326904 0.06466370820999146 0.4018401801586151
-0.14781774580478668 0.08057965338230133 0.37002137303352356
0.07970509678125381 0.11140796542167664 0.4027267098426819
0.09084712713956833 -0.29357653856277466 0.26327428221702576
0.04432300850749016 -0.22092877328395844 -0.2263636738061905
0.006056944373995066 -0.0024050960782915354 -0.4008899927139282
0.15730969607830048 0.009103795513510704 0.34152862429618835
-0.1748354434967041 0.16275393962860107 0.3195574879646301
-0.0032234592363238335 0.6688511371612549 0.6859440207481384
0.22636908292770386 -0.19829408824443817 0.2027890980243683
0.06914585083723068 -0.007963268086314201 0.32102394104003906
-0.07416193932294846 -0.04807092249393463 0.27478837966918945
0.08231735229492188 0.04761494696140289 0.0899912416934967
-0.1381371170282364 0.040048856288194656 0.49066421389579773
0.018542492762207985 -0.02622131258249283 0.25866296887397766
-0.08445529639720917 -0.15942278504371643 0.2889236807823181
-0.1312086135149002 0.09861147403717041 0.43111008405685425
-0.09617789089679718 0.16341042518615723 0.033905863761901855
-0.2254917472600937 0.37082532048225403 0.5377538204193115
-0.16638405621051788 0.26968708634376526 0.8397567272186279
0.09305303543806076 -0.41334909200668335 -0.034453388303518295
-0.06893905997276306 -0.2641230523586273 0.11615874618291855
0.023494338616728783 -0.285302072763443 -0.00152951804921031
-0.03158237412571907 -0.22803351283073425 0.2803443968296051
-0.014711195603013039 -0.07039745151996613 0.17932665348052979
-0.006727003958076239 -0.458921879529953 0.22925901412963867
-0.10087968409061432 -0.05204009637236595 0.3301004469394684
-0.054289691150188446 0.04453512281179428 0.010065149515867233
-0.07231573760509491 -0.07940249890089035 0.3688616156578064
-0.17078463733196259 0.3188733458518982 0.24796748161315918
-0.0815858319401741 -0.024769365787506104 0.18874086439609528
-0.017732957378029823 -0.20926295220851898 -0.09852176159620285
-0.18855567276477814 0.43849292397499084 0.8628774881362915
0.028706522658467293 0.062300171703100204 0.15268780291080475
0.08702204376459122 0.1213136538863182 0.4211098849773407
0.04491934925317764 -0.10749590396881104 -0.03891449794173241
0.07540539652109146 -0.6172724962234497 -0.03704698011279106
-0.06233862787485123 0.02511407807469368 0.16619040071964264
-0.11129441857337952 0.2636363208293915 0.5092441439628601
0.05779774487018585 -0.10349040478467941 0.3981955051422119
0.1651594042778015 0.3714434802532196 0.7808346748352051
-0.05525040626525879 -0.17525599896907806 0.38851118087768555
-0.11053556203842163 -0.2106926143169403 -0.06590860337018967
0.027591828256845474 -0.24723409116268158 0.04256800189614296
0.026673339307308197 -0.15044111013412476 0.199320450425148
-0.18260091543197632 0.15023131668567657 0.33576610684394836
-0.064338319003582 0.11158985644578934 0.3931504189968109
0.02588137425482273 -0.02342403121292591 -0.056931037455797195
0.17688633501529694 0.118453249335289 0.4967368543148041
0.019275251775979996 -0.2743329107761383 0.31560659408569336
-0.024372078478336334 -0.29967233538627625 -0.13120661675930023
-0.03206624835729599 0.32568737864494324 0.5211487412452698
-0.01636391133069992 -0.23353469371795654 0.24626940488815308
0.03384875878691673 0.011766733601689339 0.4985859990119934
0.16996218264102936 0.13089728355407715 0.3968604803085327
0.071158267557621 0.2217632532119751 0.478895366191864
-0.02698676288127899 -0.4340134561061859 0.12497886270284653
0.031223854050040245 0.46790358424186707 0.46352821588516235
-0.04971043020486832 0.007035623304545879 0.27709659934043884
0.007867226377129555 0.12986765801906586 0.3771458566188812
0.096595399081707 0.32282236218452454 0.5827909708023071
0.04384186863899231 -0.4574602544307709 -0.04313129186630249
0.0817105770111084 -0.031493041664361954 0.35064515471458435
-0.05005791038274765 0.23407983779907227 0.4135596454143524
0.0017860631924122572 -0.6529819965362549 0.46140146255493164
0.08387186378240585 -0.4802374541759491 0.09626678377389908
-0.006425378378480673 -0.23315367102622986 0.256169855594635
-0.022968271747231483 -0.465437114238739 0.23479312658309937
-0.019415566697716713 -0.057312969118356705 -0.36050042510032654
0.24849267303943634 0.03901800513267517 -0.2836272716522217
0.036639321595430374 -0.2940164804458618 0.060622699558734894
-0.004384309519082308 -0.1289065182209015 -0.06616207957267761
-0.06207612156867981 -0.18595659732818604 0.35790184140205383
0.037882331758737564 -0.07402850687503815 0.18109130859375
-0.10146183520555496 0.03768468648195267 0.26028841733932495
0.006301345769315958 -0.022847194224596024 0.3377534747123718
0.03187950700521469 -0.5069933533668518 -0.20929473638534546
-0.019276399165391922 0.1813666820526123 0.3400095999240875
-0.16599111258983612 0.0989907756447792 0.5241693258285522
-0.14668025076389313 0.026815328747034073 0.4364264905452728
-0.038617126643657684 0.06832419335842133 0.08830992132425308
-0.011962668970227242 -0.15474306046962738 -0.15421108901500702
0.2533295452594757 -0.14468316733837128 0.15842166543006897
0.30802205204963684 -0.08411221206188202 0.10561317950487137
0.11543560028076172 0.03915756195783615 0.22837361693382263
-0.20267604291439056 0.05425078421831131 0.3298335373401642
0.10292225331068039 0.26298296451568604 0.24655994772911072
-0.06185100972652435 0.15022416412830353 -0.3053947389125824
0.05476104095578194 0.11135531216859818 0.3690165877342224
-0.1789695769548416 0.0971316248178482 0.34979140758514404
-0.2603588104248047 0.34563905000686646 0.8208948969841003
-0.028737543150782585 -0.16243407130241394 0.2057478129863739
0.019401241093873978 -0.521274745464325 0.04753765091300011
-0.02647131122648716 -0.37070193886756897 0.05298823490738869
-0.08742287755012512 0.01480279490351677 0.32365596294403076
-0.2357999086380005 0.3307819664478302 0.6879665851593018
-0.004447928164154291 -0.06390064209699631 0.1802753061056137
-0.1655241996049881 0.03975547105073929 0.4154563248157501
0.09920614957809448 -0.15740390121936798 0.06210636720061302
-0.03065720573067665 -0.011830547824501991 0.4508543610572815
-0.06525600701570511 -0.042570583522319794 -0.4240267276763916
0.05160242319107056 -0.04812495410442352 0.32249221205711365
0.06268806010484695 0.13333958387374878 0.046279069036245346
-0.03331640362739563 -0.21419022977352142 0.3053819239139557
0.04083190858364105 -0.2547816038131714 0.05181344226002693
-0.14305217564105988 0.1812620460987091 0.3373466730117798
-0.09000414609909058 -0.007423644419759512 -0.016452977433800697
0.18242087960243225 0.19265338778495789 0.424824059009552
0.09034992754459381 0.6958082318305969 0.7937767505645752
0.3115611970424652 0.13779130578041077 0.4340609014034271
0.10761695355176926 0.14128172397613525 0.5111998915672302
-0.18436358869075775 0.35508525371551514 0.5861383080482483
0.1450836956501007 -0.1170622929930687 0.24904915690422058
0.17132623493671417 0.12231451272964478 0.27512475848197937
-0.04039183631539345 0.04495592415332794 0.37067747116088867
-0.10173188149929047 0.18174207210540771 0.2716422379016876
-0.11680900305509567 0.3439885973930359 0.697319746017456
-0.01297704130411148 -0.14034421741962433 0.16758742928504944
-0.028862284496426582 0.0969526395201683 0.2603277564048767
0.16872701048851013 0.07292238622903824 0.025614531710743904
-0.033818334341049194 -0.12622790038585663 0.2076316475868225
-0.06660056114196777 -0.08776548504829407 0.31080251932144165
0.04475579783320427 -0.3224886357784271 0.18253770470619202
-0.10697074234485626 0.4271734356880188 0.8583512306213379
0.01381012424826622 -0.27537447214126587 -0.05544446408748627
0.0035014741588383913 -0.21835435926914215 0.16369540989398956
-0.10974744707345963 0.1581314355134964 0.2746884524822235
0.03413466736674309 -0.7180163860321045 0.2704787850379944
-0.20037491619586945 0.25340428948402405 0.6898936033248901
0.012325750663876534 -1.254941463470459 -0.00606883317232132
0.1758503019809723 0.0885763093829155 0.219418466091156
0.05094302073121071 -0.8031753301620483 -0.09401396661996841
-0.2831231653690338 0.27967432141304016 0.6646444797515869
0.05503459274768829 -0.31962305307388306 -0.15725241601467133
0.08791997283697128 -0.28611060976982117 -0.11006027460098267
0.024241436272859573 0.13541097939014435 0.3953961133956909
0.08746746927499771 -0.2028685212135315 0.19956807792186737
-0.011913478374481201 -0.31810829043388367 -0.025006186217069626
0.06201289966702461 0.05745268240571022 0.07325568795204163
-0.06267506629228592 -0.029691291972994804 -0.08033309876918793
-0.0306764617562294 -0.8522257208824158 0.42325469851493835
0.033971864730119705 -0.3239305019378662 0.1717836558818817
0.009257483296096325 0.16262568533420563 0.5321958065032959
-0.12811344861984253 0.43986696004867554 0.7831804752349854
-0.007821565493941307 0.08432087302207947 0.23925139009952545
-0.07215675711631775 0.008507750928401947 0.009158201515674591
-0.007713254075497389 -0.16888123750686646 0.17816708981990814
-0.08093193173408508 -0.052606094628572464 0.42188090085983276
-0.1603967696428299 0.06117771938443184 0.46767711639404297
-0.0503537543118 -0.2623709440231323 0.3339163661003113
-0.13892744481563568 0.07654187083244324 0.23840153217315674
-0.06230108439922333 0.1384311318397522 0.3832169771194458
0.050504084676504135 0.18723459541797638 0.6484163403511047
0.11786837875843048 0.5234959721565247 0.7372990846633911
-0.012041006237268448 -0.8056064248085022 0.4445672929286957
0.02816280536353588 0.050211384892463684 0.3384496867656708
-0.01585020124912262 -0.34108924865722656 0.0011229829397052526
0.10880269855260849 0.0057085370644927025 0.12667393684387207
0.2579282224178314 0.16098761558532715 0.40598613023757935
0.011973205953836441 -0.4784558117389679 -0.030912837013602257
0.0691969096660614 -0.0911179929971695 0.2764240801334381
0.04494544863700867 -0.3700684607028961 -0.2660398483276367
0.07474891096353531 -0.019131841138005257 0.4203638732433319
-0.08053721487522125 -0.022995248436927795 -0.055428724735975266
0.03997449576854706 0.07909254729747772 0.26842257380485535
0.1252926141023636 -0.07708577066659927 -0.29842934012413025
0.00017860194202512503 -0.7223134636878967 0.35796284675598145
-0.14059434831142426 0.19380196928977966 0.7847701907157898
0.08022760599851608 -0.2843742072582245 -0.18002666532993317
-0.15585926175117493 -0.010953277349472046 0.542481541633606
0.1223701685667038 0.10268136113882065 0.31242501735687256
0.058658622205257416 -0.01894361339509487 0.3942674994468689
-0.11828853189945221 -0.20122651755809784 0.44732463359832764
-0.1835595667362213 0.23499584197998047 0.28724294900894165
-0.10185039043426514 0.19261425733566284 0.1460869014263153
-0.12604044377803802 0.09137274324893951 0.21942982077598572
0.14686219394207 0.08111793547868729 0.34565436840057373
0.026134653016924858 -0.6085289716720581 0.330989271402359
0.08840473741292953 -0.3917882442474365 -0.17658019065856934
0.20594018697738647 -0.26641950011253357 0.2470407783985138
0.024200299754738808 -0.5812090039253235 0.14123070240020752
0.058535002171993256 -0.18988566100597382 0.3468809723854065
0.04527311399579048 -0.3997184634208679 -0.5408358573913574
0.1203104630112648 -0.03999730944633484 0.27112120389938354
0.01920057274401188 -0.7735181450843811 0.35741227865219116
0.005825284402817488 -0.0019539117347449064 0.0905175507068634
0.10673969238996506 0.1976400464773178 0.5947079658508301
0.2438124716281891 0.04955814778804779 0.3615495562553406
-0.05494949594140053 -0.1401277482509613 0.27368393540382385
0.004146320279687643 -0.18423576653003693 0.11976446211338043
0.10723212361335754 -0.00621068524196744 0.5733699202537537
-0.06765565276145935 0.05377564579248428 0.17142681777477264
-0.04990198090672493 0.2849327623844147 0.6619111895561218
0.21873663365840912 0.12018793821334839 0.42301228642463684
0.05750231444835663 0.12049596756696701 -0.0021172943525016308
-0.18768003582954407 0.12387122958898544 0.43754714727401733
-0.16300418972969055 -0.042212601751089096 0.5165154933929443
-0.021281661465764046 -0.5310508608818054 0.18582560122013092
-0.03426668047904968 0.1623813807964325 0.5542083382606506
0.09326152503490448 -0.445862352848053 -0.04681757837533951
0.07749432325363159 -0.030428724363446236 0.050996214151382446
-0.026993142440915108 -0.2514533996582031 0.09270832687616348
-0.05311742052435875 -0.1428653746843338 0.11717307567596436
0.03178177773952484 -0.4361439645290375 -0.3005090057849884
0.044312335550785065 -0.29165396094322205 0.11518777906894684
0.08496692031621933 0.034021444618701935 0.1117330864071846
-0.05893794447183609 -0.7240859866142273 0.38236743211746216
0.03617434203624725 0.09688786417245865 0.4816336929798126
0.04778950661420822 -0.08953315019607544 0.03932585567235947
0.19822318851947784 -0.15714366734027863 0.16887637972831726
-0.23226769268512726 0.19275817275047302 0.48439136147499084
-0.1121278628706932 0.10007531940937042 -0.08090245723724365
-0.08055377006530762 -0.021477481350302696 0.2404162883758545
-0.11558493971824646 0.038245588541030884 0.458114355802536
-0.21105587482452393 0.13335886597633362 0.29979366064071655
-0.05200507119297981 -0.020786317065358162 -0.3149913549423218
0.15294454991817474 -0.16704639792442322 0.31971806287765503
0.07423913478851318 0.20128107070922852 0.37062180042266846
-0.04691497981548309 -0.00250655272975564 0.3116621673107147
-0.06475730240345001 0.04551316797733307 -0.4574374854564667
-0.006838715169578791 -0.09698411077260971 -0.14564242959022522
-0.0314762108027935 -0.2251090109348297 0.21975451707839966
0.02297315001487732 0.3182632327079773 0.7308016419410706
-0.09955263137817383 0.28878170251846313 0.5021244883537292
0.019232770428061485 0.30038994550704956 0.5348973870277405
-0.1674274504184723 0.007500424515455961 0.5087974071502686
-0.1496659815311432 0.27506494522094727 0.39558547735214233
-0.019358279183506966 -0.3507811427116394 0.22015924751758575
-0.04610095173120499 0.033981528133153915 0.21308915317058563
-0.033696647733449936 -0.11702557653188705 0.007434621453285217
-0.01580786146223545 -0.5509811043739319 -0.340093195438385
-0.043321602046489716 -0.5493806600570679 0.23649796843528748
-0.034681644290685654 -0.2661381959915161 0.42824333906173706
0.08792068809270859 0.018841514363884926 -0.0765150636434555
-0.012016437947750092 -0.1008765920996666 0.25753670930862427
0.04110846668481827 -0.3659352660179138 0.23502658307552338
0.0659007579088211 -0.17238159477710724 0.2778697609901428
-0.03435774892568588 0.0682610422372818 0.3974275290966034
0.017879260703921318 -0.11126686632633209 0.223619282245636
-0.15313923358917236 0.2444416731595993 0.35447612404823303
0.1235109493136406 -0.10755547881126404 0.11383388936519623
0.12810786068439484 -0.15906940400600433 0.13273368775844574
0.02104232646524906 -0.09972914308309555 0.4293869733810425
-0.11372159421443939 0.18707695603370667 -0.020025024190545082
0.07687558233737946 0.017161555588245392 0.2473391741514206
0.03645940124988556 -0.05608852952718735 0.16624733805656433
0.029311859980225563 -0.37437573075294495 0.18941520154476166
0.16838808357715607 0.07329633831977844 0.43982604146003723
0.03588990122079849 -0.664746880531311 0.39522334933280945
0.0501038059592247 -0.8117470145225525 -0.8108325600624084
0.12268465012311935 0.06953082978725433 0.2865222096443176
-0.03997104614973068 -0.3763013482093811 0.3812117576599121
0.057010360062122345 -0.3966929614543915 -0.024149544537067413
-0.0708465650677681 -0.503417432308197 0.14143723249435425
-0.21007885038852692 -0.4181286096572876 0.23376889526844025
-0.09599199891090393 0.0910084918141365 0.0884951800107956
-0.08983279764652252 0.0673488900065422 -0.08297659456729889
0.025849757716059685 -0.3825456202030182 0.046035852283239365
0.2308182567358017 -0.01970471628010273 0.06217115372419357
-0.08802792429924011 0.065254807472229 0.2193145751953125
0.04801738262176514 -0.3425617218017578 -0.07599935680627823
0.10306622087955475 -0.6105104684829712 -0.4486324191093445
-0.06772837042808533 -0.3069930374622345 0.14272694289684296
0.08977343142032623 0.13322433829307556 0.43959739804267883
0.04752892255783081 -0.39271241426467896 -0.3284115791320801
0.1504431962966919 0.03050553798675537 0.09188881516456604
0.02345995232462883 -0.27390119433403015 -0.39574936032295227
-0.16749221086502075 0.19027584791183472 0.323072612285614
-0.011643975973129272 -0.6161843538284302 -0.3888915479183197
-0.17001955211162567 0.10231687873601913 0.4116653501987457
-0.08135118335485458 0.08478452265262604 0.2213456779718399
-0.009722327813506126 0.0544852539896965 -0.07085265219211578
0.12079406529664993 -0.03382008522748947 0.43518537282943726
0.059067655354738235 -0.24745677411556244 0.16967609524726868
-0.09489274770021439 0.23966172337532043 0.2946837842464447
-0.10444225370883942 -0.06588973104953766 0.294105589389801
0.2495810091495514 -0.031074916943907738 0.13807246088981628
-0.14569000899791718 0.1949649453163147 0.34662094712257385
0.006899356376379728 0.26053938269615173 0.6750273108482361
0.22780846059322357 0.413740336894989 0.8166163563728333
-0.10981164127588272 0.17558357119560242 0.28284788131713867
-0.13568200170993805 0.16712377965450287 0.33726003766059875
-0.01757953315973282 -0.234300896525383 0.25763198733329773
-0.030946951359510422 0.13545124232769012 0.28963717818260193
-0.03526320680975914 0.1446506381034851 -0.01773431897163391
0.0025970879942178726 -0.07030387967824936 0.46460914611816406
0.09559177607297897 -0.2849991023540497 0.1808559000492096
-0.050590768456459045 0.09437382966279984 0.13968870043754578
0.08787590265274048 -1.1869703531265259 -0.141989603638649
-0.10564130544662476 -0.3110545575618744 0.3060072362422943
0.08269304037094116 -0.23833470046520233 -0.16179750859737396
-0.003242362756282091 -0.22522756457328796 0.11821538209915161
0.11810575425624847 0.10694504529237747 0.5438262820243835
-0.06252555549144745 -0.3784671127796173 0.46960166096687317
-0.03607646003365517 0.04454983025789261 0.21325163543224335
-0.007846493273973465 0.10159192979335785 0.24336493015289307
0.020182745531201363 -0.011727677658200264 0.2754884660243988
-0.004520156420767307 0.4823145568370819 0.4766906499862671
0.0634823814034462 -0.13561682403087616 0.28671443462371826
0.023672331124544144 -0.09051250666379929 0.2638174295425415
-0.06443259119987488 0.3349328339099884 0.7356069684028625
0.045835014432668686 0.4948003888130188 0.4156230092048645
-0.08757829666137695 -0.06604322046041489 0.3214079439640045
-0.014603996649384499 -0.3006610870361328 0.2675073742866516
0.06669750809669495 -0.6920512318611145 -0.10956615954637527
0.16361989080905914 0.05699726194143295 0.1726718246936798
-0.18681557476520538 0.44016599655151367 0.6621760129928589
0.1818552017211914 0.12153364717960358 0.4703224003314972
0.0031910408288240433 -0.30644869804382324 0.03934372216463089
-0.12037015706300735 0.07357297092676163 0.05306209623813629
0.010164676234126091 -0.25153669714927673 0.28441697359085083
0.005498731043189764 -0.5180308222770691 0.09471499174833298
0.07513376325368881 0.08722369372844696 0.5221778750419617
-0.14190122485160828 0.21851615607738495 0.32512110471725464
0.038728710263967514 -0.08363644033670425 0.23937156796455383
0.012473920360207558 -0.2728136479854584 0.3427298069000244
-0.03866531699895859 0.030750853940844536 0.07203402370214462
-0.0542370080947876 -0.039787981659173965 0.2486085295677185
-0.1686263382434845 0.14801974594593048 0.4358353018760681
0.017569318413734436 -0.293762743473053 -0.3841560184955597
-0.03612253814935684 0.13664256036281586 0.3233250379562378
0.09508619457483292 0.13632234930992126 0.5759300589561462
-0.006287282332777977 -0.2934282124042511 -0.39581045508384705
0.04973365738987923 0.13623368740081787 -0.05872976407408714
-0.04376891255378723 0.1182633489370346 0.05002514272928238
-0.030274223536252975 -0.10609204322099686 0.14711374044418335
-0.06408970803022385 0.3561590909957886 0.48748260736465454
-0.018900319933891296 0.25420594215393066 -0.17012672126293182
0.029611434787511826 -0.39066529273986816 -0.32420971989631653
0.0006736935465596616 0.19767342507839203 -0.07747144997119904
-0.03933130204677582 -0.23501093685626984 0.3004363477230072
0.07373017072677612 -0.3803892433643341 0.09798745065927505
-0.07872924953699112 0.06571589410305023 0.14680278301239014
-0.06448732316493988 -0.009572705253958702 0.18144090473651886
0.10827085375785828 -0.1982547491788864 0.3357120156288147
-0.19612109661102295 0.21529512107372284 0.3080202043056488
-0.0578995905816555 0.08505835384130478 0.1869867593050003
-0.34770137071609497 0.24965345859527588 0.2680586576461792
-0.1417381763458252 -0.2350292056798935 0.3144652545452118
-0.23842962086200714 0.044863566756248474 0.6442385315895081
0.016801822930574417 -0.4065191447734833 0.24669761955738068
0.016846103593707085 0.2633785307407379 0.4968307614326477
-0.14592304825782776 0.3446979224681854 0.2501554787158966
0.10448096692562103 0.2658579349517822 0.29744282364845276
0.041914429515600204 -0.040759459137916565 0.4981958866119385
-0.054871536791324615 -0.1307382881641388 0.37926438450813293
-0.07027693092823029 -0.011794956400990486 -0.07184337079524994
-0.0855414867401123 -0.02505144663155079 -0.009495696052908897
0.15981996059417725 -0.9692339301109314 -0.1544870138168335
0.02912631258368492 -0.42733705043792725 0.005411331541836262
0.059166375547647476 -0.09600479900836945 0.32368117570877075
-0.16953253746032715 0.13035711646080017 0.49714726209640503
0.0413186177611351 -0.4577910006046295 -0.0863928571343422
-0.05490658059716225 -0.007104999851435423 0.48217159509658813
-0.012191643938422203 -0.4563964605331421 0.40066400170326233
-0.09933533519506454 0.07087282091379166 0.15337935090065002
-0.1890592724084854 0.18533088266849518 0.48034530878067017
-0.11060832440853119 0.16417019069194794 0.21876823902130127
0.007847925648093224 -0.1400400549173355 -0.21338537335395813
0.03774303197860718 -0.4304733872413635 -0.3454972803592682
0.02125588431954384 -0.4628799855709076 -0.07797179371118546
0.00745448237285018 -0.3666343092918396 -0.09471051394939423
-0.0163002647459507 -0.3158372938632965 0.2630387246608734
-0.03568883612751961 0.20772279798984528 0.16552063822746277
0.0562833771109581 -0.48281043767929077 0.225975900888443
-0.08138448745012283 -1.0572346448898315 -0.3957062065601349
0.11283161491155624 0.04629373177886009 0.25584325194358826
0.13848623633384705 0.0838906392455101 0.6408818960189819
-8.700881153345108e-07 -0.1747647374868393 -0.003719945438206196
-0.15149234235286713 0.032497432082891464 0.3365224599838257
0.08800988644361496 -0.33714932203292847 -0.4069937467575073
-0.21516813337802887 0.2568865418434143 0.7195349931716919
0.062210824340581894 -0.010248886421322823 0.12896470725536346
-0.05836516246199608 -0.33926811814308167 0.48917847871780396
0.01173487864434719 -0.45880934596061707 -0.033406250178813934
-0.09577853232622147 -0.11000608652830124 0.4543285071849823
-0.005005824379622936 -0.035659439861774445 0.2518470883369446
0.017264176160097122 -0.04017509147524834 -0.025497935712337494
0.0699445828795433 0.07407338917255402 0.23279857635498047
0.03171214461326599 -0.001988291274756193 -0.12114326655864716
0.032170336693525314 -0.519213855266571 0.42889341711997986
0.05803981050848961 -0.5228602886199951 -0.1317373663187027
0.07877054810523987 -0.012282386422157288 0.30985283851623535
0.10487944632768631 -1.0230382680892944 0.20508824288845062
0.08788374811410904 0.14597393572330475 0.24697619676589966
-0.015729563310742378 0.1014031395316124 0.2860429286956787
0.07825394719839096 0.15390580892562866 0.31113260984420776
0.02857999876141548 -0.38055601716041565 -0.13809895515441895
0.05503370612859726 -0.5937467813491821 -0.03840486332774162
0.06886889785528183 -0.49463221430778503 -0.004908917471766472
-0.16072000563144684 0.12553246319293976 0.4970536231994629
0.05946534872055054 -0.139924556016922 0.1126713752746582
0.09134334325790405 -0.033926691859960556 0.39013969898223877
0.097934789955616 -0.3857426643371582 0.035228412598371506
-0.16587328910827637 0.22049130499362946 0.5046402215957642
0.17778170108795166 -0.36247462034225464 -0.028446538373827934
-0.001368129625916481 -0.14826861023902893 0.346140056848526
-0.04984273388981819 0.17272207140922546 -0.1673419326543808
-0.07570523768663406 -0.04224241152405739 0.1353750079870224
-0.030045311897993088 0.06778942048549652 0.2957645654678345
-0.03191542997956276 -0.2937309145927429 -0.16760806739330292
-0.020673880353569984 -0.2219606190919876 -0.2200380265712738
-0.11498342454433441 -0.0006095438729971647 0.12213090807199478
0.059339556843042374 -0.5036596655845642 0.06761452555656433
-0.21121516823768616 0.19964152574539185 0.4495653212070465
0.0647706687450409 -0.1087934747338295 0.044498100876808167
0.08143205940723419 -0.006319116801023483 0.42071178555488586
-0.016293630003929138 0.1236061081290245 0.4483919143676758
0.12002990394830704 0.15949483215808868 0.43313032388687134
-0.36421072483062744 -0.22862789034843445 0.18437106907367706
0.12962335348129272 -0.007976192981004715 0.3582969903945923
-0.12401338666677475 -0.04013662412762642 0.47187063097953796
0.014186244457960129 -0.038433630019426346 0.29470059275627136
0.2753412127494812 -0.021892935037612915 0.3265109360218048
-0.020390160381793976 -0.008942434564232826 0.31152135133743286
0.11068826168775558 -0.22837091982364655 0.06671860069036484
0.20399664342403412 -0.16888348758220673 0.40218910574913025
-0.1679915338754654 -0.03474583104252815 -0.12411022931337357
0.2867529094219208 0.18455339968204498 0.0011608777567744255
0.03604528680443764 -0.2928205728530884 -0.14994031190872192
-0.20012404024600983 0.23892536759376526 0.5780673623085022
0.048619549721479416 -0.3885863423347473 -0.2578328251838684
0.2088010460138321 0.46130943298339844 0.48239001631736755
0.019085749983787537 -0.35165083408355713 -0.44172802567481995
-0.16838476061820984 0.16805657744407654 0.04085152596235275
0.031208060681819916 -0.6415901780128479 -0.026039158925414085
0.017670033499598503 -0.24192097783088684 0.10792181640863419
0.02318778820335865 -0.38251712918281555 -0.04754436016082764
-0.007631389889866114 0.26099342107772827 0.39703643321990967
0.15187188982963562 0.10610849410295486 0.16305099427700043
-0.12993036210536957 0.28856879472732544 0.3220689594745636
-0.010468851774930954 -0.06676452606916428 0.2163836807012558
-0.06462296843528748 0.02067556418478489 0.22700777649879456
-0.13809631764888763 0.26412639021873474 0.11541632562875748
-0.029439479112625122 -0.12494777888059616 0.43434932827949524
-0.11327821016311646 0.13756787776947021 0.031699344515800476
-0.06620331853628159 -0.08730827271938324 0.14305631816387177
0.005775632336735725 -0.37342149019241333 -0.34663182497024536
-0.12965010106563568 0.015750659629702568 0.2674502730369568
-0.03021400421857834 -0.28047600388526917 0.26890331506729126
0.21334193646907806 -0.0060109943151474 -0.0002499024849385023
0.057325612753629684 -0.024724559858441353 0.41496342420578003
0.23281826078891754 -0.05156387388706207 0.42334243655204773
0.0559845045208931 -0.7215865254402161 0.2502480447292328
0.008161189034581184 -0.05491872876882553 0.33886924386024475
0.11394833773374557 -0.27845460176467896 -0.3421860933303833
-0.03341435268521309 -0.17852291464805603 0.09221388399600983
0.014027133584022522 -0.4176845848560333 0.1261618584394455
-0.02789328247308731 -0.3238603472709656 0.14954522252082825
0.05019337311387062 -0.1917305439710617 0.025086967274546623
0.04698038473725319 -0.007495940197259188 0.4035470485687256
0.1428980678319931 0.2550281286239624 0.5047341585159302
0.1406729370355606 0.11573802679777145 0.48947402834892273
0.128618985414505 -0.633010983467102 -0.048498496413230896
-0.07067940384149551 -0.007703016046434641 0.32387930154800415
-0.14047865569591522 -0.05581485852599144 0.4782480299472809
0.17846748232841492 -0.23437635600566864 -0.5616549849510193
-0.06717802584171295 0.001517937402240932 -0.010288659483194351
-0.030656836926937103 -0.2041800618171692 0.3371199369430542
-0.03259758651256561 -0.3306886553764343 -0.03513545170426369
-0.11804946511983871 0.30750158429145813 0.6749721765518188
-0.018130140379071236 -0.32109248638153076 0.15323196351528168
0.10742253810167313 -0.34213942289352417 -0.20942269265651703
-0.0336591936647892 0.09735341370105743 0.15537217259407043
-0.059017207473516464 -0.2992762327194214 0.17422430217266083
-0.04335417598485947 -0.0004177192458882928 -0.09627120196819305
-0.1952199637889862 0.3579164743423462 0.6761353015899658
-0.042211826890707016 0.3395709693431854 0.7630012035369873
-0.06397003680467606 0.031626295298337936 -0.09666159749031067
0.03342640399932861 -0.3696010112762451 0.15026798844337463
0.0059183696284890175 0.24899883568286896 0.590194821357727
0.07190079241991043 -0.29286932945251465 -0.04026828706264496
-0.13745611906051636 0.08205900341272354 0.27086395025253296
-0.19766809046268463 0.6014531850814819 0.3987901508808136
0.07574445754289627 -0.49184921383857727 0.044391434639692307
0.024557529017329216 -0.2634411156177521 0.08375909924507141
0.010436605662107468 0.0772555023431778 0.21373499929904938
-0.21510100364685059 0.19940298795700073 0.3767240047454834
0.04576732963323593 0.0569002740085125 0.18405161798000336
-0.08786269277334213 0.1735026091337204 0.5034058094024658
0.021772077307105064 -0.4179031550884247 -0.05653182789683342
0.05586450174450874 -0.8823282718658447 -0.2876572608947754
-0.05118619650602341 -0.1760711967945099 0.1508961170911789
-0.04349084571003914 -0.23772679269313812 -0.1392451971769333
0.2002599537372589 0.07650045305490494 0.19619120657444
-0.08157766610383987 -0.004539891611784697 0.11658808588981628
-0.008110981434583664 0.032657139003276825 0.22103442251682281
-0.013237835839390755 -0.0973433181643486 0.32458174228668213
-0.024166079238057137 0.01677429862320423 0.34739989042282104
0.045433174818754196 -0.14114712178707123 -0.2878960967063904
-0.04550335183739662 -0.22822800278663635 -0.01592167839407921
0.03814849629998207 -0.14348842203617096 0.46716269850730896
0.027457717806100845 -0.033212266862392426 0.5416495203971863
-0.0819084495306015 0.009889772161841393 0.48906004428863525
0.05255652964115143 0.09009309858083725 0.3080061972141266
0.049079086631536484 -0.39105701446533203 0.10397472977638245
-0.011339470744132996 -0.3962501287460327 -0.41129013895988464
0.001830460038036108 -0.23387281596660614 0.1331091821193695
-0.001297120237722993 0.1513485610485077 0.18077215552330017
0.054522495716810226 -0.10294385254383087 0.3150601089000702
-0.0397004708647728 -0.16998054087162018 0.43943700194358826
-0.0016933120787143707 -0.2548118531703949 0.17899228632450104
-0.2436269223690033 0.36675915122032166 0.5169522166252136
0.175230473279953 -0.015301208943128586 0.2807842493057251
-0.018171116709709167 -0.22330178320407867 0.10183544456958771
-0.02628927305340767 -0.05349235236644745 0.1031981110572815
-0.0013574585318565369 -0.10253465175628662 0.4433050751686096
-0.1318306177854538 -0.8244318962097168 0.34007784724235535
-0.04750722274184227 0.06997574865818024 -0.005272358190268278
0.003620387986302376 -0.31704553961753845 -0.03865966200828552
0.002339964034035802 -0.13563349843025208 0.20212487876415253
-0.07767655700445175 0.12965066730976105 0.0709717869758606
0.00792336743324995 -0.12665162980556488 0.4190020263195038
0.023562075570225716 0.09853028506040573 0.30782026052474976
0.06680749356746674 -0.0036562057211995125 0.32214388251304626
0.015310041606426239 -0.44394075870513916 -0.007159921806305647
-0.006615534890443087 -0.09753511101007462 -0.3076595366001129
-0.06602238118648529 -0.2707064747810364 0.4022601842880249
-0.0477369986474514 -0.2145538330078125 0.23286089301109314
-0.17364537715911865 0.31495925784111023 0.859626293182373
0.05731011554598808 -0.08626378327608109 -0.1676499992609024
-0.019122255966067314 -0.1297328621149063 -0.32463717460632324
-0.056734129786491394 0.13994786143302917 0.3522174656391144
0.012586439028382301 -0.4403449594974518 0.08198348432779312
0.007726362440735102 -0.3964960277080536 0.11772709339857101
0.23350496590137482 0.011708512902259827 -0.058836374431848526
-0.0005731575656682253 -0.06963520497083664 0.13044579327106476
0.06190231814980507 -0.1186058446764946 0.20752233266830444
0.04481936991214752 -0.1956077516078949 -0.2272302806377411
0.09378816187381744 -0.02607092075049877 0.4082774221897125
-0.0345044806599617 0.1261795312166214 0.600666344165802
-0.06466714292764664 -0.04083133488893509 -0.1679704636335373
-0.14569427073001862 0.04793465882539749 0.31488481163978577
0.12367808818817139 -0.6922483444213867 0.23517121374607086
-0.09859771281480789 0.0369943231344223 0.17475800216197968
0.10085689276456833 0.051582854241132736 -0.3574894666671753
-0.2844369113445282 0.4623836576938629 0.6005040407180786
0.08319371193647385 0.022842921316623688 0.31452804803848267
-0.09271994978189468 0.09329482913017273 0.1100546345114708
-0.046035028994083405 0.10279262810945511 0.16582854092121124
-0.09539765864610672 -0.03497529774904251 0.3857695162296295
-0.11667878180742264 -0.0373506098985672 0.6271445155143738
-0.2128022462129593 0.14330121874809265 -0.006670789327472448
-0.0014209116343408823 -0.04185602068901062 -0.1670462191104889
0.17326782643795013 -0.06514444947242737 -0.09233086556196213
0.09551563113927841 0.24181315302848816 0.583621084690094
-0.10466265678405762 0.3702698051929474 0.7198001742362976
0.046087730675935745 0.03141411766409874 0.12448221445083618
-0.045534100383520126 -0.42701461911201477 0.4898426830768585
-0.0637921392917633 -0.07284611463546753 0.04315457493066788
-0.04468885064125061 -0.5288026928901672 0.4774126410484314
0.068491131067276 -0.04833337292075157 -0.13234837353229523
0.05006350576877594 0.07772473990917206 0.4212709963321686
-0.19611097872257233 0.4316140413284302 0.6739442348480225
0.00016040971968322992 -0.1434975415468216 -0.23919816315174103
0.05668886378407478 -0.328701913356781 -0.3809308111667633
0.08134794235229492 -0.6665062308311462 -0.06648083031177521
0.034289002418518066 -0.2198728322982788 0.27569136023521423
0.013245129957795143 0.16189035773277283 0.2987000048160553
0.04070311784744263 0.15644533932209015 0.31247928738594055
-0.09882255643606186 0.16556262969970703 0.08290866762399673
-0.0035529942251741886 -0.5943775773048401 0.21860669553279877
-0.04112061485648155 0.07928091287612915 0.11517354100942612
-0.001730678603053093 -0.22129963338375092 0.3204820156097412
-0.01877196878194809 -0.03214479982852936 0.03564538061618805
0.007926985621452332 -0.44124090671539307 0.03774924948811531
-0.21319399774074554 0.05430056154727936 0.4232191741466522
-0.035201504826545715 -0.023761210963129997 0.42761340737342834
0.08248957991600037 0.04501858726143837 0.42501360177993774
0.0036835845094174147 -0.021024370566010475 0.2777106463909149
-0.12106900662183762 -0.0204129908233881 0.46912911534309387
0.008388811722397804 -0.3100863993167877 -0.457391619682312
-0.02642880193889141 -0.6600180268287659 0.3521322011947632
-0.13090839982032776 0.4965001046657562 0.3841017484664917
-0.08766663819551468 -0.04011250659823418 0.38945460319519043
0.032419316470623016 0.02794201485812664 -0.5404114723205566
0.10860276222229004 0.16945534944534302 0.4428444504737854
0.033878143876791 -0.07080772519111633 -0.057446662336587906
0.13578550517559052 0.3015359938144684 0.569301187992096
-0.05777827650308609 0.00891188159584999 0.008195172995328903
0.019346872344613075 -0.5969812870025635 0.351576566696167
-0.18243694305419922 0.2600005269050598 0.6772204041481018
-0.009089997038245201 -0.1955815702676773 0.08907464146614075
0.17795678973197937 0.2555866241455078 0.7879502177238464
-0.08802574127912521 -0.49671414494514465 0.40323904156684875
0.01333601400256157 -0.18875528872013092 0.34993475675582886
0.01737767830491066 -0.4883124828338623 -0.11028944700956345
0.007119846064597368 -0.03665097802877426 -0.1514912098646164
0.04778825864195824 -0.8253442645072937 -0.40371713042259216
-0.0027636480517685413 0.22091826796531677 0.49368277192115784
-0.10866569727659225 0.055013541132211685 0.2569059133529663
0.004932068288326263 0.16260926425457 0.30121850967407227
-0.12884527444839478 0.10589730739593506 0.1822647899389267
-0.12388937920331955 0.2662574350833893 -0.026120774447917938
-0.05168701335787773 0.32515448331832886 0.45096173882484436
-0.11616101861000061 0.1341596245765686 0.32100725173950195
-0.059605345129966736 -0.03585175424814224 -0.08008552342653275
0.07525062561035156 0.35630786418914795 0.814418375492096
0.01731967367231846 -0.39541909098625183 0.11873026192188263
-0.05251315236091614 0.5333523154258728 0.578737735748291
0.05947227030992508 0.02604830265045166 0.41451191902160645
0.029353007674217224 0.09336117655038834 -0.03294896334409714
-0.12763209640979767 0.41221123933792114 0.30249345302581787
0.002089317422360182 -0.4126071333885193 0.11428803950548172
-0.10304311662912369 0.019410809502005577 0.2224341481924057
-0.0005602489691227674 0.006580073852092028 0.14063356816768646
0.14821887016296387 0.24697114527225494 0.6408479809761047
0.011680623516440392 -0.3216343820095062 0.1323632150888443
-0.11529800295829773 0.1263512670993805 0.4295988380908966
-0.08523473143577576 0.05139351636171341 0.15350385010242462
0.09960462152957916 -0.07381077855825424 0.20575208961963654
0.019292380660772324 0.11060107499361038 0.14516201615333557
0.010699044913053513 0.03183680400252342 0.24680620431900024
-0.009129751473665237 -0.38226214051246643 -0.06675649434328079
0.05099143460392952 -0.32864248752593994 0.23650547862052917
-0.16776373982429504 0.16140389442443848 0.4223051369190216
0.09873829782009125 0.02211843989789486 0.10757126659154892
0.1014133170247078 -0.3649117052555084 0.039461083710193634
-0.07211166620254517 -0.2925516963005066 0.5049054622650146
-0.030327219516038895 -0.12636755406856537 0.1601400375366211
-0.03241433575749397 -0.03471001610159874 0.431036114692688
0.028140924870967865 -0.0017166961915791035 -0.04007117077708244
0.033676356077194214 -0.16316935420036316 0.11784616112709045
0.030538281425833702 -0.5373817682266235 0.02099722810089588
0.22543320059776306 -0.2567877769470215 0.3384958803653717
-0.1353585571050644 0.18820488452911377 0.24959298968315125
0.03451788052916527 -0.40208956599235535 0.07467833906412125
-0.014536634087562561 -0.3317837119102478 0.27303409576416016
-0.04005332663655281 -0.4113413393497467 0.1476508527994156
0.0009300819947384298 0.010472528636455536 -0.4271954894065857
0.015469752252101898 -0.8339210152626038 0.2929803133010864
-0.01787749119102955 0.03787008300423622 0.019273649901151657
-0.008416479453444481 0.08550793677568436 -0.04845922812819481
0.06305054575204849 0.18034760653972626 0.5169228911399841
-0.3815794587135315 -0.8192124962806702 0.18737810850143433
-0.1413038671016693 0.20853465795516968 0.31063374876976013
-0.023867011070251465 -0.17552168667316437 0.07805567979812622
0.031156588345766068 -0.4517245590686798 -0.06735727190971375
-0.051877185702323914 -0.32923033833503723 0.3528119921684265
-0.02491041086614132 -0.0188912246376276 0.1617792546749115
0.018956026062369347 0.14832958579063416 0.14390429854393005
0.02732858993113041 -0.3778477907180786 0.050890002399683
-0.020337840542197227 0.15463034808635712 0.08653302490711212
-0.05694570764899254 0.006961144972592592 0.2685011327266693
0.0305654164403677 -0.5258519053459167 -0.18094301223754883
-0.1103888750076294 0.07198487967252731 0.19568584859371185
-0.04991457238793373 -0.2004886120557785 0.18559300899505615
-0.18437065184116364 0.5175656676292419 0.418511301279068
-0.08395329117774963 -0.3005119264125824 0.4860488474369049
0.1221110001206398 -0.5545665621757507 -0.3723464608192444
-0.01742006652057171 -0.22886504232883453 0.23500889539718628
-0.24748751521110535 0.29950010776519775 0.7195081114768982
-0.05921879783272743 0.21437494456768036 -0.10965681821107864
0.09888753294944763 -0.10913210362195969 -0.07669352740049362
0.1310608685016632 0.022852754220366478 -0.032635606825351715
-0.2375355213880539 0.24249136447906494 0.4935819208621979
-0.11865708231925964 0.2616523504257202 -0.11838887631893158
0.027728063985705376 -0.3881654441356659 -0.35125476121902466
0.034782059490680695 -0.582958996295929 0.13036827743053436
0.1980147510766983 0.28073182702064514 0.684016764163971
0.1014387458562851 -0.03566558659076691 0.17831338942050934
-0.04777444899082184 -0.12618544697761536 0.18830302357673645
0.11853919923305511 0.012668140232563019 0.35448911786079407
0.0744967833161354 -0.40105515718460083 0.0656176507472992
-0.04097328707575798 -0.2375788390636444 0.1971760392189026
-0.13558493554592133 0.0732879638671875 0.40283939242362976
-0.08773856610059738 0.06152728572487831 0.3145890235900879
0.028116500005126 -0.031149087473750114 -0.019892282783985138
-0.14594128727912903 0.11952747404575348 -0.0876489207148552
-0.021218134090304375 -0.3813391923904419 0.29855793714523315
0.060966912657022476 0.4193169176578522 0.47935783863067627
-0.006107274442911148 0.08156882226467133 0.052719999104738235
-0.018542099744081497 -0.21743005514144897 0.13894127309322357
0.0029904183465987444 -0.029966315254569054 0.42127904295921326
0.17615742981433868 -0.009055273607373238 0.32429760694503784
-0.12621425092220306 -0.0006394719239324331 0.4459668695926666
0.019937366247177124 -0.4942995309829712 -0.19528397917747498
0.0850764736533165 -0.39396822452545166 -0.06945079565048218
-0.16218629479408264 0.3567146062850952 0.7200161218643188
0.023468777537345886 0.05211445316672325 -0.22794389724731445
-0.18746864795684814 0.1713005006313324 0.3121412992477417
-0.02043534629046917 0.059328049421310425 0.2720629572868347
-0.028850065544247627 -0.1095527783036232 0.2492607831954956
-0.0266013965010643 0.006287640891969204 0.47458988428115845
0.09638168662786484 -0.8987366557121277 0.10031963884830475
0.16411177814006805 -0.14599649608135223 0.351663738489151
0.15060317516326904 -0.07901082187891006 -0.1577247679233551
0.014723828062415123 -0.09417062252759933 0.48938801884651184
-0.31052327156066895 0.39669039845466614 0.7135736346244812
0.10046882927417755 -0.7347104549407959 -0.349399596452713
-0.1432982236146927 0.2091074138879776 0.2016749233007431
0.023181641474366188 -0.5464075207710266 0.01673579216003418
0.10472799837589264 0.1617135852575302 0.36215347051620483
0.0352218933403492 -0.1781822293996811 0.12374629080295563
0.054686203598976135 -0.18847227096557617 -0.22400017082691193
-0.10319990664720535 0.07150118798017502 -0.05010269582271576
0.0732235386967659 0.08370503783226013 -0.09996677935123444
0.03803826868534088 -0.41732075810432434 0.08185587078332901
0.058918967843055725 -0.22413504123687744 0.36624571681022644
0.021369678899645805 -0.2657214403152466 0.14129899442195892
0.002528125885874033 0.13958793878555298 0.01860842853784561
0.24204370379447937 0.11396673321723938 0.1985931098461151
-0.08113118261098862 -0.0035911547020077705 0.1003088653087616
0.0319281667470932 -0.25811663269996643 0.249371737241745
-0.28952911496162415 0.1635502427816391 0.41504886746406555
-0.04379395395517349 -0.49355369806289673 0.12982772290706635
0.02592618018388748 0.08078789710998535 0.5480928421020508
-0.018012922257184982 -0.04785098880529404 0.3464146852493286
0.16601788997650146 0.24863873422145844 0.2674908936023712
-0.06680874526500702 -0.05573592334985733 0.17961783707141876
-0.04844730719923973 -0.6766676306724548 0.42870187759399414
-0.007219103630632162 -0.17617879807949066 0.2965584397315979
-0.0682700052857399 0.060809288173913956 0.15951290726661682
-0.21739192306995392 0.4258594214916229 0.8424387574195862
0.02873370237648487 0.06415962427854538 0.3933142125606537
0.05720273032784462 -0.9564223289489746 0.3221951723098755
-0.07620692253112793 -0.06844893097877502 -0.0604659840464592
0.0026745381765067577 -0.005455723963677883 0.1530286818742752
-0.21153658628463745 0.2427123486995697 0.6079486608505249
-0.052303001284599304 0.043183282017707825 -0.22230423986911774
-0.05826789513230324 -0.0649188905954361 0.11214619129896164
0.025346247479319572 0.17064687609672546 0.49502483010292053
-0.169631227850914 0.20997761189937592 0.6201445460319519
-0.002011379925534129 -0.145701602101326 0.10461723059415817
0.20764485001564026 0.01779637299478054 0.09060674905776978
-0.124620221555233 0.09800758212804794 -0.042170409113168716
0.0869893953204155 -0.4813731610774994 0.3131844401359558
-0.06078480929136276 0.04026280716061592 0.08666423708200455
-0.038895752280950546 -0.003047455567866564 -0.11583571135997772
0.1109435185790062 -0.2775973081588745 -0.36153966188430786
0.0018996105063706636 -0.4035952389240265 -0.14532746374607086
-0.24289707839488983 0.38564789295196533 0.4066298007965088
0.012085098773241043 -0.17974801361560822 0.358745276927948
0.015080129727721214 -0.014018867164850235 0.10133054852485657
0.07755755633115768 -0.3915359377861023 0.08534551411867142
-0.04738561064004898 -0.08185373246669769 -0.21592167019844055
0.14760427176952362 0.17418190836906433 0.5939317941665649
-0.03927410766482353 0.14299914240837097 0.5199489593505859
-0.027935877442359924 -0.19589075446128845 -0.8445377349853516
-0.07564940303564072 -0.5919274091720581 0.26720598340034485
-0.08512561023235321 -0.11692581325769424 0.2086380571126938
0.026070525869727135 -0.258394718170166 0.06541825085878372
-0.04261204972863197 -0.14424386620521545 0.3025955259799957
-0.2157064527273178 0.26789551973342896 0.48196926712989807
0.17441682517528534 -0.32680729031562805 0.1084504947066307
-0.1795123815536499 0.1977621465921402 0.3634231984615326
0.004856017418205738 0.05323125794529915 0.2567176818847656
0.09105157852172852 0.06323206424713135 0.11532346904277802
0.18565170466899872 0.07541527599096298 0.38311463594436646
-0.16217930614948273 0.08804451674222946 0.26381850242614746
0.0852406919002533 -0.21493956446647644 0.26072779297828674
-0.021638471633195877 0.053914837539196014 0.4012250006198883
0.0490921288728714 0.058881450444459915 0.047871965914964676
-0.10803926736116409 0.2298993170261383 0.6809852719306946
-0.06670192629098892 -0.02002801187336445 0.4045986831188202
0.014972621574997902 -0.46618539094924927 -0.27654126286506653
0.03788359835743904 0.042521025985479355 0.205365389585495
0.012428222224116325 0.03884012624621391 0.07389401644468307
-0.005560416728258133 0.12880085408687592 0.04052640125155449
-0.05679110810160637 -0.3422076404094696 0.4410644769668579
-0.07342158257961273 0.16548918187618256 0.304983526468277
-0.06802088767290115 0.05884130299091339 0.061883486807346344
-0.023029949516057968 -0.28095588088035583 0.43345028162002563
0.04154546558856964 -0.6710023283958435 0.3174596428871155
0.029279347509145737 0.06897764652967453 0.13496704399585724
0.02927386574447155 0.013451432809233665 0.2909412086009979
0.21425198018550873 -0.8956272602081299 -0.34944185614585876
0.04194037988781929 -0.24388925731182098 0.058568134903907776
0.01804080419242382 -0.27468255162239075 0.015051288530230522
-0.1670621782541275 -0.0077059888280928135 0.4865547716617584
0.0029514015186578035 -0.0404142364859581 0.5072581171989441
0.20962250232696533 0.03261922299861908 0.4036780595779419
0.055044256150722504 -0.23056042194366455 0.045048847794532776
-0.010084426030516624 -0.24853500723838806 0.02099066972732544
-0.0033870888873934746 0.09559478610754013 0.4050337076187134
0.0429857075214386 0.07954870909452438 -0.18762612342834473
0.05337533727288246 0.06461846083402634 0.1715535819530487
0.13949422538280487 0.07392816245555878 0.12586726248264313
-0.10347568988800049 -0.009623883292078972 0.09463777393102646
