ply
format ascii 1.0
element vertex 2048
property float x
property float y
property float z
end_header
0.17825376987457275 0.09206459671258926 0.003199501894414425
0.021310225129127502 0.1770598590373993 0.16216975450515747
0.0027513159438967705 0.04433898255228996 0.15203039348125458
-0.04332152381539345 -0.23639586567878723 0.07576857507228851
-0.12735101580619812 -0.1371861696243286 0.14828366041183472
0.15943460166454315 0.125978484749794 0.11058581620454788
0.17941133677959442 -0.4170946478843689 -0.1353021115064621
0.1512994021177292 0.35364285111427307 0.1866796910762787
-0.030348889529705048 0.06501445174217224 0.14165690541267395
-0.06128782778978348 -0.05470322445034981 0.1559644192457199
-0.07510677725076675 0.02314690500497818 0.1941748559474945
0.038669053465127945 0.1637755036354065 0.14563274383544922
0.03085077367722988 0.019033443182706833 0.1596284955739975
5.043426062911749e-05 0.14119082689285278 0.1673908233642578
-0.0009148227982223034 0.25114455819129944 0.17635779082775116
-0.010455582290887833 0.13484519720077515 0.16404710710048676
0.058020155876874924 0.144900381565094 0.17410336434841156
-0.04442755877971649 0.43998560309410095 0.18403230607509613
-0.08809076994657516 -0.19845986366271973 -0.10640370845794678
0.11515970528125763 0.11880101263523102 0.1357070356607437
0.05173607915639877 0.12133359909057617 0.07209550589323044
-0.16919367015361786 -0.2490399181842804 0.11509476602077484
-0.049550410360097885 0.505901575088501 0.3464464545249939
-0.10227849334478378 0.2011147141456604 0.16815538704395294
0.22722318768501282 0.1577846109867096 0.02041376568377018
-0.11786375194787979 0.0026738683227449656 -0.16770555078983307
-0.18628530204296112 0.12608551979064941 0.17534583806991577
0.11005368828773499 0.19315578043460846 0.17263691127300262
-0.020586075261235237 0.009106115438044071 0.08874116837978363
-0.004882496315985918 -0.1850728839635849 0.14323636889457703
0.09636613726615906 0.18036819994449615 0.1692560315132141
0.045585259795188904 0.15403296053409576 0.16366171836853027
0.0271755363792181 0.12443888187408447 0.13732868432998657
-0.03531705215573311 0.36270758509635925 0.19105789065361023
0.033839527517557144 -0.11218307912349701 0.1539602130651474
-0.08101759105920792 0.3588884770870209 0.22770613431930542
0.010735239833593369 0.15609721839427948 0.14644965529441833
0.011089347302913666 0.1489577293395996 0.17860020697116852
0.026525773108005524 0.2553100287914276 0.17821192741394043
-0.052226822823286057 -0.2913978695869446 0.07761792838573456
-0.03535498306155205 0.064250648021698 0.17889899015426636
0.09486209601163864 0.22626318037509918 0.17943936586380005
-0.08375466614961624 -0.15170325338840485 0.16216586530208588
0.07942651957273483 -0.06281211972236633 0.15540412068367004
-0.15461000800132751 0.16337288916110992 0.1917143315076828
0.20502245426177979 0.049374260008335114 0.08999926596879959
-0.0868540033698082 0.10955747961997986 0.1818700134754181
-0.22242045402526855 0.07329026609659195 0.1723303645849228
-0.05166377127170563 -0.11283800005912781 0.121029332280159
-0.12107881903648376 0.07522957772016525 0.1802607923746109
0.0243428573012352 0.22944678366184235 0.1294374167919159
-0.059001557528972626 -0.005377487279474735 0.10538829118013382
-0.08209754526615143 0.18558412790298462 0.13698485493659973
-0.18597735464572906 -0.12467455118894577 0.15077218413352966
0.11882329732179642 0.03250280022621155 0.15312178432941437
0.11794261634349823 -0.20596997439861298 0.0012148162350058556
-0.07465234398841858 0.0610169991850853 0.17566999793052673
0.014673922210931778 -0.08150286972522736 0.16248299181461334
0.2510349750518799 0.08754684776067734 0.122951939702034
0.06499505788087845 0.15642662346363068 0.1738012284040451
-0.08525405824184418 0.18933811783790588 0.16623811423778534
0.04574526101350784 0.04803470894694328 0.14716041088104248
-0.027178458869457245 0.14182120561599731 0.16224554181098938
-0.0027995333075523376 0.19070248305797577 0.16711653769016266
0.06732690334320068 0.1880449652671814 0.16506873071193695
-0.05246049910783768 0.06618890166282654 0.14554554224014282
0.005988116841763258 0.19359958171844482 0.17389266192913055
-0.03690972179174423 -0.038021109998226166 0.16417789459228516
-0.022393222898244858 0.19321756064891815 0.17109695076942444
-0.06634214520454407 -0.017134027555584908 0.13022363185882568
-0.264058381319046 0.01723909191787243 0.17183664441108704
0.008355620317161083 0.10665341466665268 -0.04571067541837692
-0.009417800232768059 0.09128859639167786 0.14025664329528809
-0.05590556934475899 0.1204843819141388 0.17497459053993225
-0.1098809614777565 0.154170423746109 0.16777773201465607
-0.21162284910678864 0.016683587804436684 0.17530332505702972
-0.07980804145336151 -0.2796386778354645 -0.09771537035703659
0.027614295482635498 0.30099478363990784 0.19476783275604248
0.11646457761526108 -0.18997125327587128 0.045920055359601974
-0.13809306919574738 0.2678368091583252 0.1975989192724228
0.020149441435933113 0.2802763283252716 0.17540708184242249
0.028844540938735008 0.12015357613563538 0.15480245649814606
-0.07742664963006973 0.15382961928844452 0.15286289155483246
-0.01446324773132801 0.13619709014892578 0.18895532190799713
0.07776622474193573 0.1421227902173996 0.16947679221630096
0.10884958505630493 0.20247894525527954 0.16995367407798767
-0.1270267814397812 -0.19584813714027405 0.13068942725658417
-0.14508070051670074 -0.2183292806148529 -0.30284833908081055
-0.11562694609165192 0.03190634027123451 0.1681893765926361
0.15872228145599365 0.06752214580774307 0.14646662771701813
0.2869163155555725 -0.03191988170146942 0.09307548403739929
0.2824978530406952 -0.03307899832725525 0.0910368412733078
0.00794568657875061 0.24830403923988342 0.18580685555934906
-0.12470889836549759 -0.008383553475141525 0.1471492201089859
-0.16802115738391876 0.13405771553516388 0.1858624368906021
0.2081681340932846 0.08324181288480759 0.15406940877437592
-0.16345961391925812 0.044011592864990234 -0.1516258269548416
-0.07569170743227005 0.18320031464099884 0.16898436844348907
0.1914728581905365 -0.06038907170295715 0.12018008530139923
0.038505420088768005 -0.24123328924179077 0.17939601838588715
-0.2114153802394867 0.2885447144508362 0.08241868019104004
-0.08067696541547775 0.19877004623413086 0.16209106147289276
-0.05839287489652634 0.08319141715765 0.19763024151325226
-0.028740128502249718 -0.014783265069127083 -0.4883044362068176
0.13165229558944702 0.14509455859661102 0.147465318441391
0.059600830078125 0.17835305631160736 0.16774529218673706
-0.010558346286416054 0.2884728014469147 0.18975761532783508
0.028606725856661797 -0.05008302628993988 0.15870480239391327
0.00044450070708990097 0.14184726774692535 0.16004198789596558
-0.01844898983836174 0.037570755928754807 -0.25502845644950867
0.07835277169942856 0.20441663265228271 0.17262186110019684
0.08268889784812927 0.2033807635307312 0.17121444642543793
0.015641774982213974 0.037004631012678146 -0.13278980553150177
-0.046153340488672256 0.1348925679922104 0.14538788795471191
-0.048942383378744125 -0.02132246643304825 0.1703379601240158
0.0196545273065567 0.2302340418100357 0.16120649874210358
0.06208466365933418 0.20784080028533936 0.16938790678977966
0.013856729492545128 -0.046659693121910095 -0.1359524130821228
0.15068204700946808 0.0890735313296318 0.049996089190244675
0.026969818398356438 0.22356976568698883 0.16984184086322784
-0.14295512437820435 0.06763401627540588 0.18053075671195984
0.0018180727493017912 0.04622650519013405 -0.1292874962091446
-0.1290295422077179 -0.13290110230445862 0.14179636538028717
0.1535944640636444 -0.03199496120214462 0.15352530777454376
0.0003108381060883403 0.2770998775959015 0.20561560988426208
-0.030472196638584137 0.18543513119220734 0.14064830541610718
-0.06743859499692917 0.16975128650665283 0.15499739348888397
-0.006666665431112051 0.10575571656227112 0.16065502166748047
0.0511431023478508 0.164552703499794 0.17560280859470367
0.03851468861103058 0.2158675342798233 0.17940963804721832
-0.02020437829196453 -0.2138470560312271 0.08314838260412216
0.13322821259498596 0.16109544038772583 0.15820194780826569
0.2691858112812042 -0.12778326869010925 0.06863803416490555
-0.018966518342494965 0.09037640690803528 0.12388883531093597
0.08117545396089554 0.25213438272476196 0.17482993006706238
-0.09658800810575485 -0.16310060024261475 0.17363835871219635
0.04636234790086746 0.20965994894504547 0.1770390421152115
-0.12185419350862503 0.15191908180713654 0.18241532146930695
-0.07589820772409439 0.02451370470225811 -0.19995251297950745
-0.11927752196788788 0.4436717629432678 0.3054628074169159
0.03666948527097702 0.2737070918083191 0.16469334065914154
0.012003464624285698 -0.1158427819609642 0.06346572190523148
-0.018056513741612434 -0.10873101651668549 0.160532608628273
0.03994423523545265 0.17142818868160248 0.16752609610557556
-0.24225124716758728 -0.12057848274707794 0.055918220430612564
-0.0045797014608979225 0.07335793972015381 0.1660476177930832
-0.11751902848482132 0.03275302052497864 0.08952642977237701
-0.13216383755207062 -0.15504427254199982 0.12380316853523254
0.08535528182983398 -0.1835416853427887 0.13820792734622955
0.12905253469944 0.20787128806114197 0.17967063188552856
0.14348869025707245 -0.0002687666565179825 -0.0210086852312088
0.022055895999073982 0.09003839641809464 0.1616271287202835
-0.19816847145557404 -0.0963267832994461 0.05478791892528534
-0.08584022521972656 0.07951350510120392 0.16336548328399658
-0.028209414333105087 0.012344229966402054 0.17513693869113922
-0.20430724322795868 -0.11399543285369873 0.07419884204864502
-0.14509665966033936 -0.03127041459083557 0.1776941567659378
-0.08513127267360687 -0.051576562225818634 0.1402156502008438
-0.17357219755649567 -0.02936474233865738 0.1624816656112671
0.036699842661619186 0.23594701290130615 0.17298920452594757
-0.06866209954023361 0.1534314602613449 0.16866374015808105
0.043649375438690186 0.21817760169506073 0.1665150672197342
0.04495778679847717 0.1791744977235794 0.17461153864860535
-0.08828387409448624 0.1619943380355835 0.1870807558298111
-0.21531280875205994 -0.12345641106367111 0.1649332344532013
0.016635451465845108 0.04345943406224251 0.1602795273065567
-0.6649584174156189 -0.02183549292385578 0.20406793057918549
0.10547509044408798 0.1942741870880127 0.1690129041671753
0.04526151716709137 0.17438970506191254 0.161171555519104
-0.16251027584075928 -0.12197166681289673 0.12812542915344238
-0.0911213606595993 0.23326987028121948 0.10517033189535141
0.10374650359153748 -0.17994295060634613 0.030348794534802437
-0.013443000614643097 0.09154528379440308 0.18593421578407288
-0.047717031091451645 -0.3345957398414612 0.1048484742641449
0.08134392648935318 0.16202081739902496 0.1902073472738266
0.08140174299478531 0.2184007465839386 0.1769319474697113
-0.1012076586484909 0.0921531692147255 0.17254425585269928
-0.0245983824133873 -0.003447549417614937 0.16726166009902954
0.13841572403907776 -0.005805205088108778 0.14445678889751434
-0.12718608975410461 0.04074268415570259 -0.011810990050435066
0.030175313353538513 0.34604156017303467 0.1752149611711502
0.08547581732273102 0.34715330600738525 0.1535312980413437
-0.10559315979480743 -0.0670517310500145 0.17253834009170532
0.09446201473474503 0.22297252714633942 0.16729585826396942
-0.11706580966711044 0.13795648515224457 -0.09598558396100998
0.15649640560150146 -0.08249019086360931 0.14258864521980286
0.07114795595407486 0.18109425902366638 0.173166885972023
0.08024732768535614 0.34532952308654785 0.20315147936344147
-0.010916920378804207 0.20874227583408356 0.10687322914600372
-0.11508307605981827 -0.4600316286087036 -0.02369321510195732
-0.1305268257856369 -0.055771470069885254 0.16800545156002045
0.0001361262984573841 0.09329288452863693 0.13052886724472046
-0.0867721438407898 0.034550245851278305 -0.059109389781951904
0.11072932928800583 -0.05759032815694809 0.15718306601047516
0.02469436638057232 0.1623322069644928 0.15935811400413513
-0.07844565063714981 0.16768091917037964 0.15998144447803497
-0.171108677983284 0.022480934858322144 0.17704465985298157
-0.14418625831604004 -0.09276224672794342 0.1601167619228363
0.001579776988364756 0.019207125529646873 0.1534585803747177
0.36988577246665955 -0.3613226115703583 -0.15195326507091522
0.049040988087654114 0.30744388699531555 0.1798975169658661
0.08741287142038345 0.17131535708904266 0.17215318977832794
0.03125715255737305 0.06172943115234375 0.16206219792366028
-0.0802115648984909 0.16283665597438812 0.15538769960403442
-0.20985551178455353 0.13324227929115295 0.1626567393541336
-0.09741127490997314 0.1873733252286911 0.1326795220375061
-0.10598910599946976 -0.15373583137989044 -0.1777344048023224
0.08380042761564255 -0.20162922143936157 0.12870457768440247
0.012795357033610344 0.15220658481121063 0.15656545758247375
0.09702366590499878 0.1501653492450714 0.1649324893951416
0.10252448916435242 0.03881743550300598 0.032611142843961716
0.09115833789110184 0.23783601820468903 0.17779172956943512
-0.05734371021389961 0.2659418284893036 0.21568885445594788
0.02231546863913536 0.07090930640697479 0.17404942214488983
-0.05583670735359192 0.16310283541679382 0.12809644639492035
0.010964084416627884 -0.06510838866233826 0.15313105285167694
0.09904751926660538 0.09857157617807388 0.15511193871498108
-0.07307295501232147 -0.06225234642624855 0.08884615451097488
0.06098746135830879 0.28458327054977417 0.18074931204319
0.17881113290786743 0.12348388135433197 0.1344982087612152
0.20160390436649323 0.21010936796665192 0.182645782828331
0.046585485339164734 -0.07964582741260529 0.019731834530830383
-0.009724164381623268 0.2454221248626709 0.1723128855228424
0.019592540338635445 0.1288265585899353 0.159498393535614
-0.02452474646270275 0.16038863360881805 0.16978922486305237
-0.06499866396188736 0.1501556783914566 0.1837269514799118
0.021978754550218582 0.23714102804660797 0.1857067495584488
0.02742387168109417 0.031180011108517647 -0.1328074038028717
0.0939151793718338 0.19043731689453125 0.17425140738487244
-0.06579859554767609 0.140828937292099 0.20044533908367157
-0.07075497508049011 0.37982428073883057 0.1561991274356842
0.07825630158185959 0.33242830634117126 0.19068081676959991
-0.1524297297000885 -0.19186629354953766 0.12109550088644028
0.07473788410425186 0.12475118786096573 0.04622705280780792
0.11393123865127563 0.14053110778331757 0.16714796423912048
-0.15515220165252686 -0.13273435831069946 0.1610858142375946
0.03358903154730797 0.22357702255249023 0.1662537008523941
0.029885144904255867 0.12271001189947128 0.168163001537323
-0.0016124669928103685 0.1545773148536682 0.16235199570655823
-0.07969743758440018 0.17537882924079895 0.16785967350006104
-0.06597961485385895 -0.2084803581237793 -0.1002906933426857
-0.03980018198490143 0.3118833005428314 0.18274733424186707
-0.20368671417236328 -0.21171638369560242 0.12921255826950073
0.19399113953113556 0.12106126546859741 0.12140102684497833
0.02385616861283779 0.20233909785747528 0.1597592532634735
0.037297651171684265 0.14265595376491547 0.14675715565681458
-0.21127982437610626 0.5335754156112671 0.19664925336837769
0.03803137689828873 0.24046149849891663 0.17538167536258698
0.029323900118470192 0.18491576611995697 0.16650544106960297
0.0922216922044754 0.10020957887172699 0.15236978232860565
0.05429656803607941 0.04593554884195328 0.15902411937713623
-0.011374099180102348 0.29670101404190063 0.1925428956747055
-0.18313439190387726 -0.18726037442684174 0.1963951587677002
-0.15705810487270355 0.1638006567955017 0.16641734540462494
-0.1293722540140152 -0.0067512900568544865 0.1410338282585144
0.06978702545166016 0.18906770646572113 0.1666005402803421
-0.09595205634832382 -0.12158696353435516 0.13473950326442719
0.022969717159867287 -0.12105658650398254 0.14876703917980194
0.012510815635323524 0.18026751279830933 0.16392728686332703
0.006761947181075811 0.17107097804546356 0.1648838073015213
-0.05793388932943344 0.08639919012784958 0.1704452633857727
0.05100339278578758 0.23491467535495758 0.17296895384788513
0.02604333870112896 0.1236473098397255 0.16326196491718292
-0.013330526649951935 -0.1385149359703064 0.16603520512580872
-0.04554823786020279 0.06513731926679611 0.12825080752372742
-0.017048392444849014 -0.041686564683914185 0.12688592076301575
0.06397350877523422 0.22524189949035645 0.16952098906040192
-0.009593367576599121 -0.030210798606276512 0.1790412962436676
0.011072006076574326 0.11870013922452927 0.14604930579662323
-0.0022134471219033003 -0.06579486280679703 0.12669575214385986
-0.10746682435274124 -0.03242453187704086 0.16244050860404968
0.10950985550880432 0.16724517941474915 0.16023404896259308
0.014062874019145966 0.06894513219594955 0.1648687720298767
0.07778008282184601 0.23494286835193634 0.1740802526473999
0.0156312957406044 0.16321611404418945 0.18228887021541595
-0.03456391394138336 0.13403373956680298 0.1268252283334732
-0.006232609506696463 0.16608910262584686 0.1773509383201599
0.023522119969129562 0.2009102702140808 0.17594292759895325
0.0527457557618618 0.24268414080142975 0.1851133555173874
0.09511617571115494 0.22901135683059692 0.1854960322380066
0.04678324609994888 0.32312026619911194 0.18981526792049408
-0.05395366623997688 -0.03413814678788185 0.1611497700214386
-0.04407037794589996 0.10831481963396072 0.1477639228105545
-0.15220297873020172 -0.025986740365624428 0.17419221997261047
-0.08336000144481659 0.07061856240034103 0.1266184151172638
-0.03969684615731239 0.03443418815732002 0.18190518021583557
0.1609562635421753 0.12578462064266205 0.09759018570184708
-0.04151526838541031 0.15730878710746765 0.110141821205616
-0.1169973760843277 0.12287985533475876 0.1690194457769394
0.11124654859304428 0.1401350051164627 0.1507006585597992
0.06467326730489731 0.15577790141105652 0.15929622948169708
-0.0024670837447047234 0.15634725987911224 0.1422395408153534
0.1424839347600937 0.11269750446081161 0.14870306849479675
0.08055931329727173 0.027042079716920853 0.10377837717533112
-0.09774594753980637 0.11949162930250168 0.17560948431491852
-0.08732824772596359 0.11888669431209564 0.16256675124168396
0.011227430775761604 0.20848946273326874 0.17994657158851624
0.009411422535777092 -0.07510091364383698 0.06226582080125809
-0.27196601033210754 -0.1343800276517868 0.17424848675727844
-0.24187329411506653 -0.36195701360702515 0.12693758308887482
0.04997841268777847 -0.10773492604494095 0.10948780924081802
0.05293028801679611 0.06133823096752167 0.15682747960090637
0.016538985073566437 0.3143487572669983 0.18751364946365356
-0.0018438776023685932 0.23582346737384796 0.173033207654953
-0.06004027649760246 -0.1799786537885666 0.03468054160475731
-0.030069466680288315 0.10510727018117905 0.16281384229660034
0.06900390982627869 0.2001144289970398 0.17495104670524597
0.05816065892577171 0.2088131308555603 0.17595626413822174
-0.2861778140068054 -0.1550864726305008 0.16960647702217102
0.010765863582491875 0.0433456227183342 0.1366802453994751
-0.2870841324329376 0.6125749349594116 0.15078900754451752
0.043595556169748306 0.3514436185359955 0.19564127922058105
-0.040865372866392136 -0.15945304930210114 0.06394149363040924
-0.0021562515757977962 -0.19321662187576294 0.13342997431755066
-0.04102720692753792 0.17917728424072266 0.14354075491428375
-0.009342050179839134 0.1381625533103943 0.16531698405742645
-0.08515820652246475 0.2778196632862091 0.16682285070419312
-0.08640655130147934 0.08533038198947906 0.16725890338420868
0.06717001646757126 0.15527226030826569 0.16594868898391724
0.06980161368846893 0.1900492012500763 0.16470733284950256
0.03533672168850899 0.18726278841495514 0.15319910645484924
-0.0634588748216629 0.06854952126741409 0.1350117176771164
-0.1654033362865448 0.2725850045681 0.19606362283229828
-0.16934798657894135 0.061114564538002014 -0.17151032388210297
0.028982050716876984 0.36579635739326477 0.23156815767288208
0.012202588841319084 0.18755918741226196 0.14181563258171082
0.1738213747739792 0.08646242320537567 0.07841594517230988
0.07825618237257004 0.14836572110652924 0.15901607275009155
-0.19504179060459137 0.16602987051010132 0.1312623918056488
0.031256355345249176 0.1864754557609558 0.16549088060855865
-0.033072542399168015 -0.04576205089688301 0.17111575603485107
0.040626589208841324 0.1905542016029358 0.18054191768169403
-0.005727091338485479 -0.18783682584762573 -0.12853264808654785
-0.060184545814991 0.011572202667593956 0.1757603883743286
0.1343669295310974 0.04794813320040703 0.08422646671533585
-0.1521233469247818 -0.26583367586135864 0.14778605103492737
-0.002210146514698863 0.12506544589996338 0.15495431423187256
-0.004896124359220266 0.007959505543112755 0.18263642489910126
0.16447636485099792 0.17674048244953156 0.1679445505142212
0.02953379787504673 0.2584942877292633 0.17775720357894897
0.011293759569525719 0.17693455517292023 0.13852399587631226
0.09212140738964081 0.17199791967868805 0.056014496833086014
-0.10056589543819427 -0.027996620163321495 -0.19012245535850525
-0.1093955710530281 -0.22025983035564423 0.08007518202066422
-0.06955217570066452 -0.08372000604867935 0.10259369015693665
0.05799536034464836 0.1513364613056183 0.1443110704421997
0.011754615232348442 0.09811872988939285 0.15352022647857666
-0.07920905202627182 0.13876256346702576 0.16438449919223785
-0.03884212300181389 0.1017739474773407 0.1696246713399887
0.19475291669368744 0.1517820954322815 0.16637945175170898
-0.0760621502995491 -0.04750009998679161 0.16112783551216125
0.1437339335680008 0.12015257030725479 0.1613801121711731
-0.015643181279301643 0.16164806485176086 0.1741841733455658
-0.16902245581150055 0.10841774940490723 0.23353463411331177
-0.09202925860881805 -0.15485680103302002 0.149221271276474
-0.023939060047268867 0.15520745515823364 0.07577205449342728
0.02111888863146305 0.20727533102035522 0.15507832169532776
-0.17255334556102753 0.18943272531032562 0.16086797416210175
0.1461869180202484 0.459538996219635 0.3138000965118408
0.22166965901851654 0.17498111724853516 0.16935411095619202
0.10788100212812424 0.04030602425336838 -0.03408201411366463
-0.0316501185297966 -0.13150671124458313 -0.48035573959350586
0.07923778891563416 0.20206515491008759 0.1314605474472046
-0.1517106294631958 0.0419980026781559 0.14391754567623138
0.05113055929541588 0.17064379155635834 0.1689082533121109
-0.029031328856945038 0.16094274818897247 0.14460299909114838
-0.05727960914373398 -0.2080727368593216 0.11748239398002625
-0.03611603006720543 0.4286322295665741 0.1820581704378128
0.032453250139951706 0.2378329634666443 0.1656981259584427
-0.12959156930446625 -0.353516161441803 0.24200724065303802
-0.00017162843141704798 0.02107541635632515 0.119016133248806
0.09697653353214264 0.21501587331295013 0.16685035824775696
-0.1079338937997818 0.10324735194444656 0.1895923912525177
-0.10621106624603271 0.005554659757763147 -0.192783921957016
0.0010975324548780918 0.13077574968338013 0.17163598537445068
0.11598449945449829 0.1530100256204605 0.16496609151363373
0.1043974906206131 -0.36653274297714233 -0.27300456166267395
-0.33497679233551025 -0.19694633781909943 -0.08246899396181107
-0.0350075364112854 -0.20821495354175568 0.1412011682987213
0.0015877954429015517 0.2722387909889221 0.15845759212970734
-0.06905060261487961 0.3066575825214386 0.18371263146400452
-0.033446043729782104 0.1786072999238968 0.15627022087574005
0.00974171981215477 0.0670318454504013 0.01412321999669075
-0.03833215683698654 -0.10685193538665771 -0.13440877199172974
0.08874820172786713 0.14674659073352814 0.14743629097938538
-0.016703346744179726 0.13163916766643524 0.16830284893512726
-0.08704328536987305 0.1390596181154251 0.15518631041049957
-0.002592096570879221 0.18132473528385162 0.16615229845046997
0.035389244556427 0.12076207995414734 0.18266543745994568
-0.13679800927639008 0.1812646985054016 0.17174983024597168
0.20491883158683777 -0.06939897686243057 0.12012116611003876
-0.1467096358537674 -0.13059943914413452 0.1658187210559845
0.011443575844168663 -0.12032768130302429 -0.02989727072417736
0.036720216274261475 0.01309705525636673 -0.02433311752974987
-0.0759790912270546 0.16264282166957855 0.17407366633415222
-0.028667787089943886 -0.26569998264312744 0.10727456212043762
-0.18437284231185913 -0.2826872169971466 0.05462495982646942
0.09561098366975784 0.14326295256614685 0.1536087542772293
0.077640600502491 0.17231513559818268 0.1752811223268509
0.029809681698679924 0.2016625702381134 0.16643168032169342
0.21280229091644287 0.16376513242721558 0.1614643931388855
0.06293725967407227 0.17142070829868317 0.1579834371805191
-0.17810764908790588 0.09352652728557587 0.16929157078266144
0.046999119222164154 0.06838138401508331 0.17749887704849243
-0.10961761325597763 -0.0030871545895934105 0.06234859302639961
-0.16106455028057098 0.0026197033002972603 0.10214343667030334
0.010646995157003403 -0.4472285807132721 -0.024933457374572754
0.03135332465171814 0.13184423744678497 0.18326564133167267
-0.20268671214580536 0.07049766182899475 0.17612245678901672
-0.14746296405792236 -0.05245206505060196 0.1426265388727188
0.02388889342546463 0.18593575060367584 0.17710936069488525
0.025759639218449593 0.17879176139831543 0.16961009800434113
-0.055593058466911316 0.19370779395103455 0.17983224987983704
0.11548799276351929 0.3020479679107666 0.19863946735858917
-0.1665361225605011 -0.015715526416897774 0.0211276076734066
-0.07576584070920944 -0.09265641123056412 0.15897616744041443
-0.14809216558933258 0.10468986630439758 0.130962535738945
0.04594557359814644 0.15721285343170166 0.1766282171010971
-0.021395733579993248 0.08133158832788467 0.16585387289524078
-0.1727258563041687 0.10844448953866959 0.1424807608127594
-0.13817858695983887 -0.2601867616176605 0.08767182379961014
-0.10123670846223831 0.1992596983909607 0.1794973462820053
-0.07190144062042236 0.28386130928993225 0.3052902817726135
-0.0517948754131794 0.1113731786608696 0.15042491257190704
-0.08367691189050674 -0.1233099102973938 0.17471036314964294
0.18079902231693268 -0.29146426916122437 0.05739232525229454
0.011532161384820938 0.1852644681930542 0.16549484431743622
0.11039089411497116 0.19185827672481537 0.17917965352535248
-0.23049138486385345 -0.4917311370372772 0.041881464421749115
0.04117386043071747 0.00841958075761795 0.048086654394865036
-0.16628552973270416 0.18064701557159424 0.17653663456439972
-0.06615644693374634 -0.1591798961162567 0.14575369656085968
-0.014300411567091942 0.07243385910987854 -0.13328905403614044
0.009184819646179676 0.03598159924149513 -0.10866526514291763
0.016480322927236557 0.06541448831558228 -0.09485931694507599
0.1604834794998169 -0.06792502105236053 0.11765085160732269
-0.010174382477998734 0.2051691859960556 0.16516123712062836
-0.0765148177742958 0.20158736407756805 0.17253674566745758
-0.1077323853969574 0.02645707316696644 0.17705397307872772
-0.016368545591831207 0.10877351462841034 0.15484003722667694
0.07884476333856583 0.16017234325408936 0.10242804884910583
0.09001095592975616 0.24078741669654846 0.19717739522457123
0.0890222117304802 0.28003475069999695 0.1880752295255661
0.10524898767471313 0.10201387852430344 0.12353097647428513
-0.0812072902917862 0.0634378045797348 0.17669427394866943
0.09100834280252457 -0.01947806589305401 0.016293693333864212
0.21186409890651703 0.09655342996120453 0.14323189854621887
-0.006464208010584116 0.0788525938987732 -0.10896327346563339
-0.008716056123375893 0.20651325583457947 0.17330439388751984
-0.028660668060183525 0.05423262342810631 -0.08684281259775162
0.011259324848651886 0.3724648952484131 0.2327904850244522
-0.13787175714969635 -0.23118828237056732 -0.21594347059726715
-0.0294190663844347 0.4027880132198334 0.19747012853622437
0.02208954468369484 0.32075220346450806 0.18818947672843933
-0.16624097526073456 -0.01558597944676876 0.05633525922894478
0.07923099398612976 0.27308425307273865 0.20391051471233368
0.024938946589827538 0.16319994628429413 0.15612919628620148
-0.11328309774398804 -0.11418496817350388 0.12479189038276672
0.01009230874478817 0.13762693107128143 0.16301698982715607
0.18446208536624908 0.12406698614358902 0.1594664305448532
0.16713963449001312 0.208608016371727 0.16690044105052948
0.06976651400327682 -0.018947679549455643 0.1138218566775322
0.07514461129903793 -0.009563447907567024 0.15460382401943207
-0.003965409006923437 -0.07300496101379395 0.149570494890213
0.056068625301122665 0.28745174407958984 0.17665676772594452
0.02224273607134819 0.21444569528102875 0.1741066873073578
-0.2149716168642044 -0.01915496028959751 0.04378587380051613
-0.11018954962491989 -0.010000068694353104 0.11887647211551666
0.03650980815291405 0.1486983299255371 0.14367666840553284
-0.3017933964729309 -0.21525175869464874 -0.15588831901550293
0.08015597611665726 -0.3325467109680176 0.042012982070446014
-0.12655629217624664 0.06361305713653564 -0.14669372141361237
-0.21810518205165863 -0.26060470938682556 0.04213215410709381
-0.22147318720817566 -0.028399022296071053 0.16491304337978363
-0.07788585126399994 0.0776621401309967 0.14775457978248596
-0.023306990042328835 0.007242194842547178 0.16296637058258057
-0.0529608353972435 -0.03752485290169716 0.1251222789287567
0.12232961505651474 0.21496069431304932 0.19355471432209015
0.10605618357658386 0.16582456231117249 0.15401113033294678
-0.009182585403323174 0.020329155027866364 0.15265195071697235
0.030758008360862732 -0.043479520827531815 -0.09952666610479355
-0.01629430428147316 0.401218444108963 0.21729367971420288
-0.09494108706712723 0.12067673355340958 0.1748320609331131
-0.0677441656589508 0.12263276427984238 0.1590806245803833
-0.2120235562324524 -0.20091158151626587 0.16529551148414612
0.07209315150976181 0.23548613488674164 0.1814647614955902
0.12215252220630646 0.1002710834145546 0.10025130957365036
-0.12034126371145248 0.16061930358409882 0.15260079503059387
-0.00619326438754797 0.0868888720870018 0.16058579087257385
0.15939173102378845 0.12544414401054382 0.13602395355701447
0.11099450290203094 0.05463235452771187 0.12963463366031647
0.013717450201511383 0.1779693067073822 0.1693340390920639
-0.02786945551633835 0.29239383339881897 0.19370649755001068
0.07420317083597183 0.32450997829437256 0.19696123898029327
0.03040202334523201 0.11727079749107361 0.17098738253116608
-0.16988076269626617 -0.14830508828163147 0.10323724150657654
-0.011517217382788658 0.027628032490611076 0.16212669014930725
0.0121238362044096 0.25672605633735657 0.18488170206546783
0.010177183896303177 0.38339096307754517 0.20681068301200867
-0.06549908965826035 0.29610997438430786 0.12756739556789398
-0.059603385627269745 0.12580010294914246 0.1702539026737213
0.11848851293325424 0.25604119896888733 0.15382295846939087
-0.1153840497136116 -0.021229853853583336 0.14564251899719238
-0.160072922706604 -0.14671899378299713 0.14513659477233887
-0.05448049306869507 0.058193355798721313 0.16594509780406952
0.026560712605714798 0.21345703303813934 0.1829269826412201
-0.024225899949669838 0.022664032876491547 0.16579051315784454
0.12663677334785461 0.21419835090637207 0.19084779918193817
-0.023871345445513725 -0.2209298461675644 0.12847800552845
0.0198062714189291 -0.0498969741165638 0.14685651659965515
-0.0737098753452301 0.11154422909021378 0.17323347926139832
-0.04399194195866585 0.3341825306415558 0.1963375359773636
-0.015029996633529663 0.20479336380958557 0.1727103292942047
-0.04084521532058716 0.13849911093711853 0.16771121323108673
-0.16899657249450684 -0.33500513434410095 -0.17267778515815735
0.04285576939582825 0.08025692403316498 0.14785350859165192
0.0071511948481202126 -0.2265503704547882 0.01663501001894474
-0.1523464024066925 0.08059614151716232 0.17628970742225647
-0.07746364921331406 0.0014573221560567617 0.1537761092185974
0.01815815269947052 0.15106205642223358 0.09464720636606216
0.09818794578313828 0.15404284000396729 0.12839286029338837
-0.021792998537421227 0.22884012758731842 0.1643550843000412
0.046665798872709274 0.15251821279525757 0.14967548847198486
-0.14417636394500732 -0.3512062728404999 0.08551564812660217
0.08515657484531403 0.026494774967432022 0.16878880560398102
0.19043631851673126 0.10708221793174744 0.11172690987586975
-0.13313743472099304 -0.015689270570874214 0.13889876008033752
-0.13367071747779846 -0.004096495918929577 0.05808310955762863
0.021946443244814873 0.09952335804700851 0.0607064850628376
0.07648198306560516 0.1380612999200821 0.16001251339912415
0.026595942676067352 0.1479906439781189 0.1699710190296173
-0.022130360826849937 0.20736321806907654 0.14959222078323364
0.11886532604694366 0.14982064068317413 0.13414393365383148
-0.009265437722206116 0.24997833371162415 0.1595240980386734
0.016331829130649567 0.07556895166635513 0.13001568615436554
0.039698679000139236 0.19709089398384094 0.16713368892669678
0.050526902079582214 0.1935642957687378 0.17303787171840668
0.113945372402668 -0.009162086993455887 -0.01982511207461357
0.2117350548505783 0.11485708504915237 0.15015386044979095
-0.0017182480078190565 -0.1435556560754776 0.11023258417844772
0.039510276168584824 0.22028404474258423 0.16978400945663452
-0.14162586629390717 -0.30395498871803284 -0.2840558588504791
0.29288625717163086 0.17772935330867767 0.1594858020544052
-0.0751863420009613 -0.06942327320575714 0.209490105509758
0.06417190283536911 0.10388892889022827 0.11180303245782852
-0.0033342395909130573 0.1931031346321106 0.1736585944890976
0.005392051301896572 0.097968190908432 0.16314548254013062
-0.07240012288093567 0.2253807932138443 0.21413178741931915
0.13198541104793549 0.1628452092409134 0.16915631294250488
-0.17117290198802948 -0.36746615171432495 -0.15589074790477753
0.05984275043010712 0.15491646528244019 0.14956244826316833
0.21316319704055786 0.1446477174758911 0.14937029778957367
-0.04242109879851341 -0.20594535768032074 0.14348185062408447
0.21451818943023682 0.07538149505853653 -0.004447611980140209
0.000972889771219343 -0.3625178337097168 -0.1058945432305336
-0.018047086894512177 0.18398579955101013 0.16130894422531128
0.15199102461338043 -0.3307307958602905 0.00355102913454175
-0.04746221378445625 0.16591379046440125 0.16146740317344666
0.027109971269965172 0.12295771390199661 0.16370727121829987
0.0671316459774971 0.20122593641281128 0.1758851557970047
0.031505804508924484 0.045943647623062134 0.11047554016113281
-0.17481760680675507 0.011798828840255737 0.17236658930778503
0.03635586425662041 0.23829054832458496 0.16923482716083527
0.20217348635196686 0.07922215014696121 0.032331861555576324
0.013749467208981514 0.03310773894190788 0.1554468870162964
-0.19854426383972168 -0.07742063701152802 0.16090607643127441
-0.07410743087530136 0.18125097453594208 0.17704033851623535
-0.05137873440980911 0.35372984409332275 0.13243114948272705
-0.23413975536823273 0.29449325799942017 0.1750597506761551
0.06043890491127968 0.15631544589996338 0.16405323147773743
-0.006924069952219725 0.21833981573581696 0.18403229117393494
0.02420233190059662 0.05528881400823593 0.1635681539773941
0.014443255960941315 0.30919286608695984 0.19706138968467712
0.03859343007206917 0.3638146221637726 0.2124384194612503
0.04403628408908844 0.0813070610165596 0.09001453220844269
-0.0211454089730978 0.22051653265953064 -0.004709075205028057
-0.061999671161174774 -0.15518777072429657 0.051673196256160736
-0.10824266076087952 -0.11315415799617767 0.14170512557029724
-0.05813753604888916 0.07855841517448425 0.17343848943710327
-0.17201979458332062 -0.40282881259918213 -0.25078028440475464
0.08204296976327896 0.15984342992305756 -0.06836985051631927
0.013613181188702583 0.30300480127334595 0.18857525289058685
0.0057325647212564945 0.1506619155406952 0.1598663330078125
-0.1819874346256256 -0.0878935232758522 0.16626974940299988
-0.14347964525222778 0.15191558003425598 0.17873699963092804
0.016312306746840477 0.041434697806835175 -0.09769630432128906
-0.10863856226205826 0.14692695438861847 0.15705828368663788
-0.04083327203989029 0.18958520889282227 0.16718940436840057
-0.0859733447432518 0.29054346680641174 0.1820051521062851
-0.06817897409200668 0.0260628554970026 0.02514282800257206
0.041921041905879974 -0.1624627411365509 0.1574021726846695
0.0033108468633145094 -0.13305345177650452 0.11911465972661972
-0.04535854980349541 0.08377449214458466 0.164021834731102
0.033529046922922134 0.1701907217502594 0.16678421199321747
0.0225310567766428 0.23520511388778687 0.18281510472297668
0.06590096652507782 0.10166826099157333 0.16315658390522003
0.062392707914114 0.10568112879991531 0.16885529458522797
-0.11359596997499466 0.041265688836574554 0.1787879914045334
0.2378368079662323 0.15121014416217804 0.07204753905534744
0.02641257643699646 0.09829183667898178 0.10095386207103729
-0.19869667291641235 -0.2778489291667938 -0.014122596010565758
0.007279170677065849 0.034830234944820404 0.16381655633449554
-0.10047248005867004 0.25885599851608276 0.09873081743717194
-0.06775631755590439 0.2717812955379486 0.16438043117523193
0.011610319837927818 0.19453060626983643 0.1647542119026184
0.09298110753297806 0.14392398297786713 0.1500672549009323
0.07472594827413559 -0.004201946780085564 0.11985711008310318
-0.0725957602262497 0.3327355682849884 0.2676706612110138
-0.05726207420229912 0.17567524313926697 0.1472080945968628
-0.09390054643154144 -0.03396773710846901 0.15952013432979584
-0.029097551479935646 0.17972306907176971 0.18602724373340607
-0.05631294846534729 -0.17935186624526978 0.13546669483184814
-0.047296956181526184 0.05807425081729889 0.1626124233007431
-0.006458612624555826 0.37998005747795105 0.17914944887161255
0.024598360061645508 0.11442422866821289 0.1563466191291809
-0.045273683965206146 -0.18135087192058563 0.14648307859897614
-0.19085797667503357 0.08502710610628128 0.17432163655757904
0.44794920086860657 0.15614329278469086 0.10667600482702255
0.06140805035829544 0.008396831341087818 0.1032288521528244
0.09722665697336197 0.23345889151096344 0.18884924054145813
0.043444160372018814 0.15603919327259064 0.15858599543571472
-0.013380724936723709 0.2257900834083557 0.17881499230861664
0.10253451019525528 0.10536585003137589 0.030255798250436783
-0.09917350858449936 -0.04733200743794441 0.13946476578712463
0.04519866779446602 0.19885419309139252 0.16730843484401703
-0.1155729591846466 -0.14385074377059937 0.037003710865974426
-0.13122878968715668 0.09641825407743454 0.1862335056066513
0.1045147106051445 -0.12285909801721573 0.12660500407218933
-0.11621902883052826 -0.29002252221107483 -0.43890851736068726
0.06879103928804398 -0.26519376039505005 0.11219093948602676
0.05962594226002693 0.11850617825984955 0.14433503150939941
-0.030154936015605927 0.13126662373542786 0.08479069918394089
0.008729628287255764 0.27287760376930237 0.17456525564193726
0.12740983068943024 0.2338763028383255 0.17885763943195343
-0.06850238144397736 0.22223569452762604 0.19743391871452332
0.05683942139148712 0.052588000893592834 0.08588925749063492
-0.013967372477054596 0.12356169521808624 0.1751749962568283
-0.1290026307106018 0.2057538628578186 0.17603595554828644
0.1830664426088333 0.16270533204078674 0.15247082710266113
-0.02204832248389721 0.1202971488237381 0.14027473330497742
0.10796717554330826 0.15576143562793732 0.1594962179660797
-0.044614847749471664 -0.1825069934129715 0.19328345358371735
-0.057089339941740036 -0.07845673710107803 0.17505550384521484
0.08931245654821396 0.15903159976005554 0.10342931002378464
0.06711031496524811 -0.08200746029615402 0.1564042717218399
-1.742481254041195e-05 0.2132023423910141 0.1727135181427002
-0.15246999263763428 -0.29066795110702515 -0.575056254863739
-0.07135022431612015 0.1366700381040573 0.1719580739736557
0.0412173829972744 0.16838626563549042 0.14687001705169678
-0.058662258088588715 0.1953524500131607 0.16858284175395966
0.04698949307203293 0.1618645191192627 0.17584910988807678
-0.019856225699186325 -0.18579813838005066 0.10547852516174316
-0.05020531266927719 0.06391425430774689 0.015305139124393463
0.016498569399118423 -0.20260398089885712 0.13441015779972076
-0.03140692785382271 0.020062362775206566 0.15140500664710999
-0.01877264678478241 0.0725209042429924 0.14233613014221191
0.021485622972249985 0.2630227208137512 0.17703689634799957
-0.04147636145353317 0.24700692296028137 0.15698346495628357
0.06064286455512047 0.22070950269699097 0.18071813881397247
-0.00803794339299202 0.2296074777841568 0.17744474112987518
0.021350951865315437 0.06815210729837418 -0.0014274707064032555
-0.03638423606753349 0.1028754785656929 0.17944158613681793
0.06526567041873932 0.18030913174152374 0.1608992964029312
-0.22929362952709198 -0.10318867117166519 0.16923151910305023
-0.09953460842370987 -0.04886709526181221 0.15792572498321533
-0.0020081454422324896 0.20049726963043213 0.1249203309416771
0.0025675760116428137 0.2223825305700302 0.1723145991563797
0.1339349001646042 0.2511386275291443 0.16104860603809357
-0.11646680533885956 0.13475383818149567 0.16284537315368652
0.02094395086169243 0.15005245804786682 0.15986286103725433
0.13143393397331238 0.07708457112312317 -0.27070555090904236
0.07850176841020584 -0.049560222774744034 0.11993170529603958
0.0292033851146698 0.13980425894260406 0.13344426453113556
-0.14337658882141113 0.1723395735025406 0.15990956127643585
-0.10974852740764618 0.22594474256038666 0.19212161004543304
0.2379799485206604 0.026369614526629448 0.03303690627217293
-0.03191213309764862 0.07812686264514923 0.1592085361480713
-0.07373861223459244 0.14146746695041656 0.1699463278055191
0.0058269621804356575 0.5707253217697144 0.28874289989471436
0.07485366612672806 0.2672823667526245 0.1959506720304489
-0.023055683821439743 0.17817553877830505 0.14297138154506683
-0.03056558221578598 0.16960647702217102 0.1809701770544052
0.021612215787172318 0.12979738414287567 0.14140230417251587
0.16290590167045593 -0.20258241891860962 -0.16664206981658936
0.21442389488220215 0.1479317843914032 0.16156195104122162
0.047690924257040024 0.15838469564914703 0.1617310792207718
0.08895672112703323 -0.1315309703350067 0.14575409889221191
-0.025495847687125206 0.11911491304636002 0.17271023988723755
0.010209145024418831 0.14477822184562683 0.16233006119728088
0.009266993030905724 0.15826298296451569 0.17482608556747437
0.07865630090236664 0.3253627121448517 0.1806400567293167
-0.06140931695699692 0.18547596037387848 0.16974703967571259
0.09496128559112549 0.09672452509403229 -0.08915185928344727
0.04986124113202095 0.05556141212582588 0.1409972608089447
-0.1255253255367279 -0.14642108976840973 0.13518480956554413
0.20427612960338593 0.09499111026525497 0.14301390945911407
-0.05298122018575668 0.011828018352389336 0.16354526579380035
-0.012742063030600548 0.09950345754623413 0.16287119686603546
-0.1482166349887848 -0.025002161040902138 0.1706395298242569
-0.005398943088948727 0.09763301908969879 0.16992858052253723
0.16373170912265778 0.10601971298456192 0.13184872269630432
-0.07313770055770874 0.1503349095582962 0.16964928805828094
0.09938489645719528 0.16234923899173737 0.16505609452724457
0.009489422664046288 0.18741051852703094 0.15998268127441406
0.05590410903096199 0.14181695878505707 0.1634591519832611
0.022162264212965965 0.1606670618057251 0.1571081280708313
-0.05243263766169548 0.06526269763708115 -0.1793144792318344
-0.037018150091171265 0.030736444517970085 0.1521361619234085
-0.011903531849384308 0.2701801061630249 0.17902947962284088
-0.014693133533000946 0.1221911609172821 0.11843468993902206
-0.008390156552195549 0.1069842055439949 0.1402149796485901
0.1245354562997818 -0.10911216586828232 0.06171446293592453
-0.021490225568413734 0.16823448240756989 0.18451814353466034
0.09179411828517914 0.1680755615234375 0.1642622947692871
-0.1139984056353569 0.051093004643917084 0.16175301373004913
-0.08031962811946869 0.1489497870206833 0.1632603108882904
-0.023119742050766945 0.10378428548574448 0.08305429667234421
0.07126186043024063 0.036674316972494125 -0.14448191225528717
-0.09385410696268082 -0.16316577792167664 0.10271931439638138
-0.1440112292766571 0.06335286796092987 0.15724225342273712
0.030039239674806595 0.12507960200309753 0.1676628738641739
-0.1281193494796753 0.11181745678186417 0.1753755807876587
0.053959500044584274 0.1675892323255539 0.16560642421245575
-0.017713015899062157 -0.18391674757003784 0.1563526690006256
-0.04235779494047165 0.15665008127689362 0.12800340354442596
-0.027277659624814987 0.04599914327263832 0.13684114813804626
-0.137419193983078 -0.11247663199901581 0.15863686800003052
-0.09535250812768936 -0.10723677277565002 0.12615247070789337
-0.05397842824459076 0.13239982724189758 -0.031010249629616737
0.1517302542924881 0.10562107712030411 0.12516529858112335
-0.01401149295270443 0.2587338984012604 0.18423068523406982
-0.04468580707907677 0.18548978865146637 0.17766989767551422
-0.07065228372812271 0.13143132627010345 0.1688101887702942
0.056899458169937134 0.07780188322067261 0.10175309330224991
-0.04762788861989975 0.050670646131038666 0.15678204596042633
-0.1806943416595459 0.21148347854614258 0.1088351160287857
0.1932407170534134 0.06455884873867035 0.021136479452252388
-0.04409022256731987 0.12478559464216232 0.12461842596530914
-0.1395295262336731 0.024978093802928925 -0.3948056995868683
0.2868516743183136 0.15525400638580322 0.13804243505001068
0.05590173229575157 0.13758786022663116 0.14864619076251984
-0.16157542169094086 0.08079799264669418 0.16083158552646637
-0.004611832555383444 0.16253726184368134 0.16915935277938843
0.0747162327170372 0.11608262360095978 0.10377397388219833
-0.07258694618940353 -0.10291711986064911 0.17279209196567535
0.002330544637516141 0.11608446389436722 0.156488835811615
0.23674993216991425 0.03758428990840912 0.1382424235343933
0.09514550864696503 0.14790429174900055 0.15261656045913696
-0.0104798823595047 0.2118360996246338 0.1694408506155014
0.16409283876419067 -0.21882092952728271 0.12055084109306335
0.07801152020692825 0.10066375881433487 0.14259682595729828
0.15628917515277863 0.08661094307899475 0.0789099633693695
-0.08818212151527405 -0.17971745133399963 -0.10499966144561768
0.09959549456834793 0.05361008271574974 0.1159709170460701
-0.10128718614578247 0.12437418103218079 0.14532111585140228
-0.20900550484657288 -0.2878025472164154 -0.03112487681210041
0.12541477382183075 -0.05182486027479172 0.1124771386384964
-0.09539531916379929 0.09345405548810959 0.17192353308200836
-0.05631576478481293 -0.26294419169425964 0.21347802877426147
0.024486800655722618 0.17916065454483032 0.17030251026153564
-0.11413854360580444 0.10675910115242004 0.18914473056793213
0.16101093590259552 -0.04463094845414162 0.10997389256954193
-0.005919234827160835 0.15181851387023926 0.15890036523342133
0.08543959259986877 0.14448171854019165 0.15087760984897614
0.10315610468387604 0.14946776628494263 0.1657385230064392
-0.08282678574323654 0.05748414620757103 0.15971174836158752
-0.06393589079380035 -0.03420879691839218 0.17132756114006042
-0.13269685208797455 -0.19813363254070282 -0.20810800790786743
0.0012757894583046436 -0.09100951999425888 0.16525964438915253
0.08572269976139069 0.12598922848701477 0.16538214683532715
-0.21073348820209503 -0.0059751165099442005 -0.1594831794500351
0.13407039642333984 0.18600286543369293 0.17698368430137634
-0.04889330267906189 0.18071086704730988 0.16415469348430634
0.05589761212468147 0.13720792531967163 0.11563146859407425
-0.030407503247261047 0.08396404981613159 0.13473501801490784
0.0056281425058841705 0.2096068561077118 0.15627381205558777
-0.09574668109416962 0.08805135637521744 0.1637854278087616
0.22404363751411438 0.13906040787696838 0.1439259946346283
0.08007332682609558 0.18885192275047302 0.10732988268136978
0.03981415927410126 0.13080275058746338 0.16301965713500977
-0.1291416734457016 0.16050761938095093 0.1830824911594391
0.13320623338222504 0.08019701391458511 0.14250138401985168
0.0022487808018922806 0.1560506671667099 0.16288533806800842
-0.07772048562765121 0.3115086853504181 0.17581917345523834
0.0374872051179409 0.3939509689807892 0.20920594036579132
-0.0759703740477562 0.1492426097393036 0.1647728979587555
0.04590930789709091 0.10212846100330353 0.17486561834812164
-0.03733612596988678 0.03153986856341362 0.16970567405223846
0.07158390432596207 0.07301852852106094 0.15843509137630463
0.05272287130355835 0.17299383878707886 0.17049510776996613
-0.02331889607012272 0.039154283702373505 0.07679804414510727
0.09259282797574997 0.1702043116092682 0.17770075798034668
-0.016989784315228462 -0.15411803126335144 0.1476355642080307
-0.12863478064537048 0.05874883756041527 -0.07876347750425339
-0.09329843521118164 0.14232824742794037 0.0940760150551796
0.018911266699433327 0.15528199076652527 0.17207863926887512
-0.015949008986353874 0.13851861655712128 0.17458844184875488
-0.19763396680355072 0.1786101758480072 0.1783439666032791
0.05791899934411049 0.17812207341194153 0.1585662066936493
-0.02404928207397461 0.24235649406909943 0.17786863446235657
0.0692623034119606 0.17897307872772217 0.17431923747062683
0.006947817746549845 0.1708507090806961 0.16919605433940887
-0.03241346776485443 0.18573714792728424 0.1743198186159134
-0.006855481769889593 0.3140811324119568 0.2017543762922287
-0.07634121924638748 0.004654094576835632 0.16189177334308624
-0.02231360785663128 0.11288642138242722 0.17534378170967102
0.007547710090875626 0.09049282222986221 0.1564755141735077
0.08712951093912125 0.19938205182552338 0.151656836271286
0.13490301370620728 0.0838213860988617 0.1581355333328247
-0.056012820452451706 0.057864271104335785 0.14874078333377838
-0.048446182161569595 0.38399702310562134 0.2533624768257141
0.05973336100578308 0.19180887937545776 0.16823936998844147
0.010854048654437065 0.15912263095378876 0.16378210484981537
-0.15871359407901764 0.04294779524207115 0.1695948839187622
-0.130995512008667 0.00479284580796957 0.03608353063464165
-0.08734919130802155 0.09875180572271347 0.15532608330249786
-0.027354255318641663 0.0688789114356041 0.06292793154716492
-0.09330810606479645 0.09582247585058212 0.15862621366977692
-0.11256659775972366 -0.05305938422679901 0.11045821011066437
0.02950838766992092 -0.1764020323753357 0.16069577634334564
-0.004767102655023336 -0.05827992781996727 -0.08104278892278671
0.013387244194746017 0.3980220556259155 0.19849133491516113
0.11061005294322968 0.005057184956967831 0.11191768944263458
0.49598249793052673 0.07822032272815704 0.11426021158695221
0.11466293781995773 0.06653135269880295 -0.011830484494566917
-0.21814896166324615 -0.27976351976394653 0.1473061889410019
0.006260495632886887 0.28892838954925537 0.17562340199947357
-0.017348991706967354 0.17687402665615082 0.1513112336397171
-0.12562015652656555 0.23449252545833588 0.2196091264486313
-0.039743822067976 0.2709670662879944 0.18098898231983185
0.012832684442400932 0.17964360117912292 0.15165065228939056
0.18623732030391693 0.19066786766052246 0.17146888375282288
-0.04885940998792648 0.12917611002922058 0.17578822374343872
-0.12052857875823975 0.00013059971388429403 0.17714542150497437
0.0958162322640419 -0.11940756440162659 0.13836714625358582
0.11589464545249939 0.2644999921321869 0.19152134656906128
0.03625619411468506 -0.05375582352280617 0.13369175791740417
0.00395176513120532 0.24582354724407196 0.18194445967674255
-0.11599694937467575 -0.3124908208847046 -0.03304632380604744
0.08065344393253326 0.17510178685188293 0.17814400792121887
-0.13578055799007416 -0.0901649221777916 0.1560785472393036
-0.21243853867053986 -0.17842504382133484 0.14181353151798248
-0.1450156569480896 -0.2912663221359253 -0.10410565137863159
-0.17353032529354095 0.17009501159191132 0.12182654440402985
-0.022745808586478233 0.2597830891609192 0.15096130967140198
-0.038004178553819656 0.26354679465293884 0.17595335841178894
0.00205233134329319 0.18782253563404083 0.17775368690490723
-0.01699693873524666 0.056117650121450424 0.14808110892772675
-0.03622874990105629 0.23843668401241302 0.17790073156356812
0.18837277591228485 0.0627356693148613 -0.041912686079740524
-0.0028245379216969013 0.19040973484516144 -0.17028053104877472
0.09545589238405228 0.0593813881278038 -0.38926175236701965
0.6386896967887878 -0.21103595197200775 -0.14073516428470612
0.08057845383882523 0.13218028843402863 0.15790237486362457
0.03565014526247978 0.1451207399368286 0.16561885178089142
-0.06960076838731766 -0.14536167681217194 0.17998167872428894
0.036276720464229584 0.19437673687934875 0.14767403900623322
-0.15740743279457092 -0.257473349571228 0.14269092679023743
-0.14219582080841064 -0.009751895442605019 0.1457149088382721
-0.09169857949018478 -0.2026175558567047 -0.009219303727149963
0.15732727944850922 0.08009789884090424 0.1416332721710205
-0.11238617449998856 0.19357961416244507 0.18508699536323547
0.03562343865633011 -0.06812535226345062 0.16313575208187103
-0.17713351547718048 -0.06868690252304077 0.1287778913974762
0.059065185487270355 -0.039753880351781845 0.10226836800575256
-0.0026106624864041805 0.12620273232460022 0.1653825044631958
0.024879373610019684 0.3002643287181854 0.19772562384605408
0.0848613902926445 0.1560695618391037 0.17085298895835876
-0.09326229989528656 -0.07951260358095169 0.1156521588563919
-0.11543669551610947 0.028056759387254715 0.12918050587177277
0.13865385949611664 0.0687304139137268 0.13572931289672852
0.05301200598478317 0.22126898169517517 0.15590399503707886
-0.007298039738088846 0.21583522856235504 0.16218914091587067
0.17342782020568848 0.18532878160476685 0.1965617835521698
0.16211368143558502 0.02709064818918705 0.1540338546037674
0.18339504301548004 -0.014384850859642029 0.098968006670475
0.026689505204558372 0.22153879702091217 0.17589549720287323
-0.15178591012954712 0.06282046437263489 0.12841004133224487
0.031655073165893555 0.09038447588682175 0.14904363453388214
0.018792007118463516 0.19808144867420197 0.17934586107730865
0.14157743752002716 0.27106553316116333 0.19925853610038757
-0.03306364640593529 0.2584991157054901 0.17215092480182648
-0.015164008364081383 0.20740903913974762 0.1719224750995636
0.038893923163414 0.14794613420963287 0.14925280213356018
0.1022048145532608 -0.3310298025608063 -0.059767648577690125
0.08895406126976013 0.12784186005592346 0.14756111800670624
0.047770556062459946 0.04439311847090721 0.16161276400089264
-0.211326465010643 0.1685541868209839 0.16562040150165558
0.0005926351295784116 0.1786259263753891 0.17216390371322632
-0.08624880760908127 0.052646439522504807 0.16160495579242706
-0.2381509393453598 -0.029211118817329407 -0.43925607204437256
0.05245960131287575 -0.30466771125793457 -0.07113382965326309
0.08081328123807907 0.31155160069465637 0.20772434771060944
-0.0006992993876338005 0.327920526266098 0.2069322168827057
0.042573507875204086 0.21451251208782196 0.18173103034496307
-0.046194422990083694 0.24401773512363434 0.18136711418628693
-0.05422332137823105 0.15796232223510742 0.1751592755317688
0.1232931911945343 0.17562182247638702 0.17361772060394287
-0.003014699090272188 0.14497137069702148 0.1289697289466858
-0.10835067182779312 0.02259259670972824 0.1564413458108902
0.28878253698349 -0.14490491151809692 -0.058442264795303345
-0.04244018346071243 0.03768965229392052 0.16928844153881073
-0.048549115657806396 0.08924680203199387 0.1111961081624031
0.044193658977746964 0.1295657902956009 0.13839097321033478
0.06159825623035431 -0.0490136444568634 0.16840919852256775
0.005923588294535875 0.15994484722614288 0.1859806329011917
-0.18671710789203644 -0.3041708469390869 0.0848623514175415
0.012760588899254799 -0.007929110899567604 0.1707761138677597
0.09230310469865799 0.141998752951622 0.14350295066833496
0.005613903049379587 0.17113448679447174 0.14264056086540222
0.1461072713136673 0.04842822253704071 -0.00965682789683342
0.04272820055484772 0.13292914628982544 0.14256523549556732
0.11908172816038132 0.11425325274467468 0.16572757065296173
-0.058866001665592194 0.13919422030448914 0.19133441150188446
-0.03742615506052971 0.19399267435073853 0.177542045712471
0.10812448710203171 0.19564077258110046 0.16510631144046783
-0.08914054930210114 -0.1936870813369751 0.1084892526268959
-0.05209939554333687 0.1182670071721077 0.14778101444244385
0.1708962470293045 0.23719722032546997 0.1645134687423706
-0.04115564376115799 0.2402796745300293 0.16226926445960999
-0.018758060410618782 0.20028436183929443 0.17066319286823273
0.07026267796754837 0.1570841372013092 0.14721471071243286
0.17279858887195587 0.020801199600100517 0.03536657989025116
-0.20798000693321228 -0.049887094646692276 -0.4534967541694641
0.08390562236309052 0.18148142099380493 0.16972322762012482
0.08374912291765213 -0.3181614577770233 0.07775738090276718
0.01908067800104618 0.14199629426002502 0.170795276761055
-0.07611262798309326 0.11684905737638474 0.10994651168584824
0.09484356641769409 -0.12829072773456573 0.06996550410985947
-0.10400989651679993 0.279628723859787 0.1730133295059204
-0.18359051644802094 0.20070692896842957 0.17443905770778656
-0.016199499368667603 -0.0548165999352932 0.1551503986120224
-0.040221016854047775 0.4045071005821228 0.316704660654068
-0.01201564073562622 0.11621958762407303 0.1576584279537201
-0.05208377540111542 -0.29280444979667664 -0.1792413890361786
0.02085934393107891 0.1568595916032791 0.14730580151081085
0.03611905872821808 0.22011376917362213 0.1727900207042694
-0.09316810965538025 -0.3223525285720825 0.047404296696186066
-0.015049638226628304 0.32003429532051086 0.17691130936145782
-0.06176556646823883 -0.04373082146048546 0.1617882251739502
0.05782962217926979 0.22997461259365082 0.17756287753582
-0.14268238842487335 0.19018878042697906 0.17205795645713806
-0.09401951730251312 0.04031546041369438 0.13609817624092102
-0.18043692409992218 0.45796939730644226 0.08834943175315857
0.0948389321565628 0.08649051934480667 0.14723816514015198
0.1218000277876854 0.2794238030910492 0.18640881776809692
-0.06480878591537476 0.10064416378736496 0.18077164888381958
-0.0057046073488891125 0.263792484998703 0.1786043345928192
0.03750096634030342 0.14719471335411072 0.16917377710342407
0.04828786104917526 0.2825481593608856 0.1673416793346405
0.010006813332438469 0.17180675268173218 0.17243292927742004
-0.2394016534090042 0.379120796918869 0.2300335168838501
-0.0663481131196022 0.11099512130022049 0.14675273001194
-0.19531813263893127 -0.2507164776325226 0.06045544892549515
-0.06192120164632797 0.028709188103675842 0.14125432074069977
-0.04459870234131813 0.0887937918305397 0.16572271287441254
-0.11472487449645996 0.023776941001415253 0.17097431421279907
-0.24841630458831787 -0.21721525490283966 -0.3056708574295044
0.036802273243665695 0.19195052981376648 0.17135053873062134
0.019677089527249336 0.1390179544687271 0.17811661958694458
-0.03954582288861275 0.0951620489358902 0.17547908425331116
0.010404659435153008 0.01606462337076664 -0.05871424823999405
0.0013168796431273222 0.49011820554733276 0.22955980896949768
-0.15352731943130493 0.03366569057106972 0.15952618420124054
0.17912663519382477 0.0241375844925642 -0.1062103882431984
-0.12346964329481125 -0.06783062219619751 -0.000862219138070941
0.17901207506656647 0.13151781260967255 0.17108000814914703
0.22670114040374756 0.05408788472414017 -0.08558062463998795
-0.07001939415931702 0.10650984942913055 0.13424339890480042
0.29823997616767883 -0.14858990907669067 -0.0392458438873291
0.023579441010951996 0.2751525342464447 0.17341457307338715
0.05370194464921951 0.08475590497255325 0.16149848699569702
-0.17349956929683685 -0.029982736334204674 0.1799136847257614
-0.05217469856142998 0.2580776810646057 0.16127440333366394
0.07769279927015305 0.26091960072517395 0.16768406331539154
0.04232599213719368 0.17953084409236908 0.18110619485378265
-0.03186741843819618 0.1753372997045517 0.15938127040863037
0.004557314328849316 0.21624906361103058 0.17980314791202545
-0.05414924398064613 0.003545447951182723 0.16678288578987122
0.003589535830542445 0.14700637757778168 0.16306105256080627
-0.05863445997238159 -0.10379346460103989 0.15881076455116272
-0.002573118545114994 0.0710505023598671 0.061438411474227905
0.24328525364398956 -0.16151034832000732 -0.09003494679927826
0.01158914901316166 0.1307128369808197 0.1641240417957306
-0.15879610180854797 0.16105882823467255 0.1693849265575409
0.04315868392586708 0.17482836544513702 0.1742195188999176
0.04757366329431534 0.19503401219844818 0.16839249432086945
-0.13962310552597046 -0.09672660380601883 0.16052751243114471
-0.01204267330467701 0.056292690336704254 -0.3024938404560089
-0.13605257868766785 0.6302826404571533 0.5237286686897278
-0.1393679827451706 -0.41651517152786255 -0.1527840793132782
0.09601278603076935 0.10307881981134415 0.1561758667230606
0.2472245842218399 0.11460088938474655 0.11996825784444809
0.016267020255327225 0.09315873682498932 0.15920177102088928
0.33849674463272095 0.04281667247414589 0.07547793537378311
-0.05509862303733826 0.17887412011623383 0.13758039474487305
0.056797780096530914 0.1395517885684967 0.1592748761177063
0.08340444415807724 0.2663986384868622 0.1986936777830124
-0.020199669525027275 0.23276683688163757 0.19097547233104706
0.07633160799741745 0.09231400489807129 0.14904601871967316
0.05561847984790802 0.19663117825984955 0.18044881522655487
0.10353907197713852 0.19619877636432648 0.17198994755744934
-0.07848483324050903 0.15475726127624512 0.13825808465480804
-0.04124428704380989 0.28469687700271606 0.19746488332748413
-0.06257263571023941 0.13395407795906067 0.16964749991893768
-0.006851514335721731 0.4448713958263397 0.19021378457546234
-0.03489822521805763 0.05023370310664177 -0.03946295380592346
-0.02198716253042221 0.21812759339809418 0.1645425260066986
0.0017259742598980665 0.24935126304626465 0.1888570636510849
0.24711468815803528 0.10896922647953033 -0.043188586831092834
-0.07508584856987 0.41485095024108887 0.12736156582832336
0.06093309074640274 0.12029597908258438 0.16500084102153778
-0.15417151153087616 -0.14014382660388947 0.09061700850725174
-0.029280636459589005 -0.05322721600532532 0.15898825228214264
-0.004461526405066252 0.12974700331687927 0.1724347621202469
0.014378361403942108 0.11263787001371384 -0.02325660176575184
-0.22448550164699554 -0.07047760486602783 -0.07528170198202133
-0.08080481737852097 0.009823070839047432 0.15862523019313812
0.012124931439757347 0.13073521852493286 0.06734934449195862
-0.1169174313545227 0.2706012725830078 0.18599285185337067
-0.09131862223148346 0.029073795303702354 0.1794794350862503
0.014615822583436966 0.2188127338886261 0.18055909872055054
-0.06526322662830353 0.000529864220879972 0.17538201808929443
-0.08588454872369766 -0.04500133544206619 0.0031464952044188976
0.01867157779633999 0.1418166309595108 0.14046351611614227
0.02951398305594921 0.2641213536262512 0.18928281962871552
-0.2956621050834656 -0.15435752272605896 -0.10951236635446548
-0.23404914140701294 -0.24571271240711212 0.06453941017389297
-0.051938023418188095 0.254696786403656 0.1581788957118988
0.02468104101717472 0.10523813217878342 0.03614013269543648
-0.11365237832069397 0.10810242593288422 0.17272447049617767
-0.050414036959409714 0.1284933239221573 0.15541552007198334
-0.042510680854320526 0.26234009861946106 0.2018718421459198
0.09523967653512955 0.1100858673453331 0.1638955920934677
-0.27100223302841187 0.10680998861789703 0.22502194344997406
-0.16529862582683563 -0.26202771067619324 0.10613438487052917
-0.05499114468693733 -0.05513713136315346 0.15360528230667114
0.03734775260090828 0.1271659880876541 0.17664827406406403
0.011412367224693298 0.250338077545166 0.18795157968997955
-0.18821628391742706 -0.41180676221847534 0.0441615916788578
0.06880872696638107 0.040105678141117096 -0.00321758259087801
0.11687486618757248 0.2032003402709961 0.17360593378543854
-0.11106327921152115 -0.32860931754112244 -0.06663372367620468
-0.05875151976943016 0.2377476692199707 0.20674942433834076
-0.018223540857434273 0.1973954737186432 0.16829177737236023
0.033463627099990845 0.33226707577705383 0.19865559041500092
-0.18436239659786224 0.11584296077489853 0.17660720646381378
-0.0638478621840477 0.5129592418670654 0.19851931929588318
0.10350176692008972 0.08328665047883987 -0.0039770714938640594
-0.15134261548519135 -0.2197640836238861 0.13731908798217773
-0.09822540730237961 -0.07177583873271942 0.11392846703529358
-0.044408395886421204 0.01834661327302456 0.18436716496944427
0.015403036028146744 0.20610368251800537 0.17247918248176575
-0.11658912897109985 -0.056689534336328506 0.1618000715970993
-0.06521297991275787 0.015253029763698578 0.17374908924102783
0.08405068516731262 -0.041797999292612076 -0.08386630564928055
-0.05337294191122055 0.07143168896436691 0.16353127360343933
-0.15885767340660095 -0.053323883563280106 0.15855534374713898
-0.06547457724809647 0.04079461470246315 0.1078905388712883
-0.05948561429977417 0.057269420474767685 0.14703595638275146
-0.07246118783950806 0.13254456222057343 0.1784254014492035
0.01102304644882679 0.13176196813583374 0.16602428257465363
0.08267699927091599 0.14408162236213684 0.15550968050956726
-0.012453466653823853 0.1571594923734665 0.08453233540058136
0.14915217459201813 -0.3098522126674652 -0.013444535434246063
0.04019259661436081 0.18150314688682556 0.13303889334201813
0.25656965374946594 -0.016437822952866554 -0.2552443742752075
-0.0014815486501902342 0.09704536199569702 0.08569777011871338
0.0062932041473686695 0.1872110664844513 0.15387195348739624
-0.1381032019853592 -0.17231643199920654 0.03606971725821495
0.06508146226406097 0.1914229542016983 0.16207776963710785
0.11510073393583298 0.12501372396945953 0.12893393635749817
0.05078740045428276 0.0625476986169815 -0.08290248364210129
-8.482241537421942e-05 -0.1883050948381424 0.12592218816280365
0.13410700857639313 0.14603449404239655 0.15908141434192657
0.011130012571811676 0.19901998341083527 0.16899999976158142
-0.06131889671087265 0.13832151889801025 0.1602362096309662
0.11265829205513 0.12436513602733612 0.16521158814430237
-0.006546758580952883 0.19967904686927795 0.17697900533676147
0.08973465114831924 -0.048261020332574844 0.08788666874170303
-0.01319843903183937 0.06358981132507324 -0.08719701319932938
-0.09832435846328735 0.14714747667312622 0.17165403068065643
0.04897202551364899 0.19600777328014374 0.18269896507263184
0.2526548504829407 -0.007980702444911003 -0.1933932900428772
0.012179259210824966 0.16525426506996155 0.17191731929779053
-0.08857844024896622 0.02929478883743286 0.1595996916294098
-0.0560811385512352 0.301653116941452 0.18758617341518402
-0.29907500743865967 0.07341379672288895 0.19352063536643982
0.08287055045366287 0.18036989867687225 0.1614910513162613
0.03302581235766411 0.05854971334338188 0.15443149209022522
-0.10379637777805328 -0.13743749260902405 0.1568075269460678
-0.0014467171858996153 0.061127495020627975 0.09580347687005997
-0.009821858257055283 0.3172253966331482 0.18152223527431488
-0.057498250156641006 0.1827641725540161 0.16636991500854492
-0.12998756766319275 0.05039902403950691 0.15816612541675568
-0.09346903860569 -0.2832537591457367 0.16832475364208221
0.008783207274973392 0.049155429005622864 0.15932603180408478
-0.040372200310230255 0.24287943542003632 0.15538601577281952
-0.017631808295845985 0.12697240710258484 0.17503564059734344
-0.13938339054584503 -0.043117113411426544 0.17121563851833344
-0.045112330466508865 0.2506139278411865 0.17949055135250092
0.0066495188511908054 0.06431423127651215 0.1615646928548813
0.08423863351345062 -0.19286327064037323 -0.03298772871494293
0.001084615709260106 0.33167436718940735 0.16923584043979645
-0.08868179470300674 -0.31967899203300476 -0.11637715995311737
-0.19177575409412384 -0.27551722526550293 -0.2419312596321106
0.04371749237179756 -0.31747570633888245 0.001922117779031396
-0.126311793923378 0.07949403673410416 0.1472473293542862
0.01605144888162613 0.1518692672252655 0.07461665570735931
0.1538601964712143 0.021063562482595444 0.14508317410945892
0.04850376397371292 0.1619575470685959 0.16936463117599487
0.13593950867652893 0.16200220584869385 0.148604154586792
0.08657026290893555 0.2082173377275467 0.17820285260677338
-0.046301644295454025 -0.003489517606794834 0.16655001044273376
-0.1000659391283989 -0.1774253398180008 0.14630815386772156
-0.11099440604448318 0.09000475704669952 0.16082018613815308
-0.05090782046318054 0.2750708758831024 0.17142680287361145
-0.08758977055549622 0.0557093508541584 0.17836402356624603
-0.12135130167007446 -0.06285502761602402 0.15003211796283722
0.11258383840322495 0.123165063560009 0.13424167037010193
-0.0863906592130661 0.07792273908853531 0.15172888338565826
0.012468047440052032 0.1431058645248413 0.16730397939682007
0.21081037819385529 0.14152298867702484 0.1476939618587494
-0.02885964699089527 0.15332575142383575 0.18000246584415436
0.03510299697518349 0.051998745650053024 0.06384918093681335
0.1432744562625885 0.11249347031116486 0.14109747111797333
-0.19739070534706116 -0.08698711544275284 0.174627885222435
0.14269541203975677 -0.0573008768260479 0.07085113972425461
-0.11751523613929749 0.0816592127084732 0.16411665081977844
-0.06266164779663086 0.026632629334926605 -0.12164760380983353
-0.06256548315286636 0.13953688740730286 0.16076453030109406
-0.09980802983045578 0.1440838873386383 -0.09660250693559647
-0.044548992067575455 0.1977367252111435 0.18387751281261444
-0.18265782296657562 0.12692169845104218 0.1528172492980957
0.052264098078012466 0.026180626824498177 0.1574258953332901
-0.02082223631441593 0.1580531895160675 0.10291615128517151
0.031226417049765587 0.22708210349082947 0.17398302257061005
-0.05021325498819351 0.4135130047798157 0.267977774143219
0.00010278483387082815 0.2895546853542328 0.1970425248146057
0.12052182853221893 0.20308129489421844 0.1760522723197937
0.01793287694454193 0.23871009051799774 0.17975430190563202
-0.10688093304634094 0.004893066361546516 0.17841525375843048
0.17544475197792053 0.15288937091827393 0.15013201534748077
0.002174180466681719 0.112412229180336 0.15311667323112488
-0.0073614525608718395 0.020202115178108215 0.14800968766212463
0.029830096289515495 0.3080633282661438 0.17889273166656494
0.017702283337712288 0.26855406165122986 0.18264897167682648
0.04434024542570114 0.34047219157218933 0.16790954768657684
0.027055682614445686 0.05597035214304924 0.16705693304538727
-0.1410360187292099 -0.06572435796260834 0.14731113612651825
-0.06030939519405365 0.05790070444345474 0.1708291918039322
0.054202716797590256 0.1544337272644043 0.16692447662353516
-0.0753127932548523 0.076810322701931 0.1769828200340271
-0.09976933151483536 -0.13218580186367035 0.14259295165538788
0.008049232885241508 0.1812574863433838 0.1670123040676117
0.014283252879977226 0.19583411514759064 0.17056956887245178
-0.12743350863456726 0.10410003364086151 0.12194013595581055
0.030345255509018898 0.08536272495985031 0.1700126677751541
0.01494641974568367 0.05611734837293625 0.16310879588127136
-0.016878552734851837 0.17434506118297577 0.19317062199115753
-0.08385958522558212 -0.21333354711532593 0.10474815964698792
0.05563529208302498 0.19785575568675995 0.17897896468639374
-0.1007932797074318 0.21430647373199463 0.035201944410800934
0.09496374428272247 0.13295885920524597 0.14472490549087524
-0.08135555684566498 0.1045062243938446 0.10140828043222427
-0.020733453333377838 0.07483011484146118 0.10878816992044449
0.06575863808393478 0.1367584466934204 0.1475149393081665
-0.0060575371608138084 -0.13499370217323303 0.12470415979623795
0.07000406086444855 0.20974485576152802 0.16476622223854065
-0.07694297283887863 -0.07464464008808136 0.1641891747713089
-0.10135713964700699 0.16892291605472565 0.16444416344165802
0.06916546821594238 0.10059675574302673 -0.10481681674718857
0.1413859874010086 -0.23282413184642792 0.0825536698102951
-0.06857975572347641 0.12720662355422974 0.1747230440378189
-0.13582651317119598 0.01241905614733696 0.17864052951335907
0.022846665233373642 0.25952690839767456 0.19421420991420746
0.0380660817027092 -0.18585024774074554 -0.06556440889835358
0.01758161559700966 0.1947077065706253 0.17591334879398346
0.016584249213337898 0.2361077070236206 0.1571730226278305
-0.09380055963993073 0.1935083419084549 0.14082138240337372
-0.13974475860595703 -0.14111582934856415 0.1477506458759308
-0.04274727404117584 0.10572517663240433 0.16492697596549988
-0.15303698182106018 0.18891796469688416 0.13521036505699158
0.1008656844496727 0.1169348657131195 0.11595391482114792
0.13523325324058533 0.09124427288770676 0.08940937370061874
0.013728655874729156 0.17475107312202454 0.17174166440963745
-0.06498070806264877 0.11447934806346893 0.1573929488658905
-0.03320549800992012 -0.3296407461166382 -0.24255192279815674
0.028529280796647072 0.18627998232841492 0.1696501523256302
-0.12542539834976196 0.3754536211490631 0.17482052743434906
-0.21211490035057068 -0.13153281807899475 0.16796372830867767
0.1607564389705658 -0.058105625212192535 0.1347898542881012
0.010274780914187431 0.1337055265903473 0.16281841695308685
0.10551847517490387 0.1784271001815796 0.17360122501850128
0.05896802619099617 0.16822218894958496 0.17276684939861298
0.26813772320747375 0.1210835799574852 0.1480836421251297
0.006754664238542318 0.1712333858013153 0.18239529430866241
-0.03165503963828087 0.1565384864807129 0.08164827525615692
-0.011336799710988998 0.19746236503124237 0.1706758737564087
-0.14884914457798004 0.04172491282224655 0.016719581559300423
-0.15203924477100372 -0.1241939440369606 0.08861110359430313
-0.1489415317773819 0.13411670923233032 0.1591910421848297
-0.09769319742918015 -0.20843222737312317 0.05883777514100075
0.4582865834236145 0.06692664325237274 0.05065890774130821
-0.000808060634881258 0.12029583752155304 0.1170659139752388
0.03048805147409439 -0.08145053684711456 -0.18441733717918396
0.07393505424261093 0.2803798317909241 0.19874010980129242
0.0972512736916542 0.18323643505573273 -0.06606574356555939
-0.014351997524499893 0.22369860112667084 0.18441657721996307
0.13254830241203308 -0.16002927720546722 0.10339503735303879
-0.08608084172010422 -0.39528167247772217 0.10512340068817139
-0.08303672075271606 -0.160832941532135 0.14146538078784943
0.10704604536294937 -0.15037371218204498 0.16349992156028748
-0.06638046354055405 0.022474776953458786 0.08398738503456116
-0.014180794358253479 0.21689318120479584 0.17682288587093353
-0.11645383387804031 0.0998108834028244 -0.09531636536121368
0.1256415694952011 0.13841429352760315 0.1549803465604782
0.027296610176563263 0.13552536070346832 0.1598692536354065
-0.04413537681102753 -0.007544828113168478 0.1565684676170349
-0.18340083956718445 0.06875382363796234 0.04905134439468384
0.12314017862081528 0.2640930116176605 0.18257510662078857
-0.020353268831968307 -0.1415490210056305 0.15237541496753693
0.024860646575689316 0.04075925424695015 -0.06398168951272964
0.2621382772922516 0.15723340213298798 0.1582775115966797
0.20290511846542358 0.0016429036622866988 0.015181031078100204
0.02901643142104149 0.20050886273384094 0.1822233498096466
0.01259084977209568 0.02586992271244526 0.12147405743598938
-0.008718039840459824 0.11614636331796646 0.1733417510986328
-0.0015432590153068304 0.218953475356102 0.1898926943540573
0.03682374581694603 -0.12726068496704102 0.14577926695346832
-0.06327969580888748 0.01874137483537197 0.17023713886737823
-0.09289216250181198 0.2750351130962372 0.2006554901599884
-0.1422882080078125 0.24620287120342255 0.16325879096984863
-0.04006863757967949 0.010411424562335014 0.09000840038061142
-0.04188002273440361 -0.030595773831009865 -0.057493649423122406
-0.028697241097688675 0.16696426272392273 0.11996400356292725
-0.04013928398489952 0.15002934634685516 0.15920791029930115
-0.12457556277513504 0.07986698299646378 0.15086527168750763
-0.0120575912296772 0.16847959160804749 0.1567559838294983
-0.13518565893173218 -0.1367756873369217 0.11255896836519241
0.08981721103191376 0.19445231556892395 0.17594948410987854
0.09318317472934723 -0.15218234062194824 0.12369801849126816
-0.10985211282968521 0.08332106471061707 0.15849274396896362
-0.0006372018251568079 0.23062627017498016 0.16475903987884521
0.04379783198237419 0.19186478853225708 0.17779728770256042
0.07408859580755234 0.08003347367048264 -0.03643586114048958
0.002213316271081567 -0.02281300351023674 0.1699320673942566
0.14882181584835052 0.14014491438865662 0.1612282246351242
0.09992995113134384 0.12383675575256348 0.10095559060573578
-0.08567039668560028 -0.10206872224807739 0.14620135724544525
-0.12151197344064713 0.15194439888000488 0.16732072830200195
-0.008022353053092957 0.3578170835971832 0.21434058248996735
0.027369806542992592 -0.015603350475430489 -0.11127107590436935
-0.07528363913297653 0.1879584640264511 0.1710924506187439
0.157444030046463 0.1803339421749115 0.17151853442192078
-0.008805334568023682 0.05976801738142967 0.14305917918682098
0.031953081488609314 0.22586452960968018 0.1499479115009308
0.0514749251306057 0.16875648498535156 0.17160628736019135
0.08831652998924255 0.10758331418037415 0.05495477840304375
0.06611955910921097 0.0960792750120163 0.17538659274578094
0.05705041065812111 0.1303238421678543 0.14600098133087158
-0.13138821721076965 -0.19826287031173706 0.11591831594705582
-0.11828435212373734 0.180114284157753 0.11293832212686539
0.011086752638220787 0.24314375221729279 0.17105302214622498
-0.19577975571155548 0.21900270879268646 0.17191821336746216
-0.0668480396270752 0.09129226952791214 0.17351417243480682
0.11576373130083084 -0.2347656786441803 0.0077444626949727535
-0.08650817722082138 0.04010356217622757 0.16816891729831696
-0.0805748924612999 0.22465957701206207 0.17910535633563995
0.039032720029354095 0.2008579820394516 0.1757882982492447
-0.0701204165816307 0.18253804743289948 0.16504105925559998
0.06441787630319595 0.2143838107585907 0.1764555424451828
0.08979019522666931 0.009031778201460838 0.16551466286182404
0.07033620774745941 -0.031367670744657516 0.05512357875704765
0.0325128547847271 0.022419724613428116 -0.23553548753261566
0.11873665452003479 0.16307520866394043 0.1675361841917038
-0.078425832092762 0.21169604361057281 0.16238296031951904
-0.04560961201786995 0.6338711380958557 0.26298463344573975
0.23475490510463715 0.03895556554198265 0.13097161054611206
0.06025993451476097 0.1600484699010849 0.16786837577819824
-0.0651480183005333 0.12251054495573044 0.16071783006191254
0.10538096725940704 0.14505383372306824 0.13791802525520325
-0.06721155345439911 0.21127170324325562 0.17711564898490906
0.03249562531709671 0.1450028419494629 0.16299377381801605
-0.17152830958366394 0.07385340332984924 0.16678473353385925
-0.03689391165971756 0.2061970978975296 0.17260760068893433
-0.003815948963165283 0.17395801842212677 0.11137741804122925
-0.09589575231075287 0.40969738364219666 0.18334653973579407
-0.07020433247089386 0.40052101016044617 0.2878710627555847
0.13833583891391754 -0.13623136281967163 0.12151791155338287
-0.21092252433300018 -0.01995178870856762 0.1573505401611328
0.009383665397763252 -0.004675893113017082 0.14975441992282867
-0.09222057461738586 0.06240660697221756 0.16923095285892487
-0.0006865258328616619 0.11420587450265884 0.15611229836940765
-0.12931859493255615 -0.07362449914216995 0.16860823333263397
-0.12064249068498611 0.12621060013771057 0.16362322866916656
0.007519310340285301 0.12045028805732727 0.09138976782560349
-0.07715984433889389 0.138128861784935 0.16858284175395966
-0.06728609651327133 0.2930622398853302 0.14520446956157684
-0.0659644678235054 0.1128191277384758 0.15142309665679932
-0.07849099487066269 -0.020240364596247673 0.11868047714233398
-0.08282183110713959 0.5017114281654358 0.3370363712310791
0.06499515473842621 0.16851656138896942 0.15621457993984222
0.0671268105506897 0.22003600001335144 0.17773720622062683
0.07670453935861588 0.07073887437582016 0.09755273908376694
0.03821790963411331 -0.255677729845047 0.08624590933322906
-0.00646530045196414 0.14258398115634918 0.15105852484703064
0.001242880360223353 0.30052870512008667 0.18067972362041473
0.036893121898174286 0.1412491500377655 0.17473788559436798
0.08887868374586105 0.41161221265792847 0.254684716463089
-0.10085101425647736 0.1050180122256279 0.17484843730926514
-0.26072296500205994 -0.08658680319786072 0.11869709938764572
0.030316170305013657 0.027217894792556763 0.15077823400497437
0.031389039009809494 0.10264578461647034 0.16051635146141052
-0.10245055705308914 0.20392177999019623 0.16103368997573853
0.007418698165565729 0.20952728390693665 0.1736362725496292
0.06891674548387527 0.09070290625095367 0.05423308163881302
0.11817903071641922 0.2142990082502365 0.18051381409168243
-0.023341717198491096 0.04035693034529686 0.17654694616794586
-0.1844312697649002 -0.1048368364572525 0.10487186908721924
0.02042221650481224 0.3596160411834717 0.18481945991516113
-0.06572529673576355 0.05804688110947609 0.16763709485530853
0.024136172607541084 0.22647838294506073 0.1900913417339325
0.12189126759767532 0.2026412934064865 0.1732899397611618
0.06585114449262619 0.2711828947067261 0.18017230927944183
-0.19343772530555725 -0.09642099589109421 0.15647077560424805
0.018832005560398102 0.4546853303909302 0.1878490447998047
-0.005774122197180986 0.1526283621788025 0.16291014850139618
0.03858093172311783 0.2203458845615387 0.17481668293476105
0.06520819664001465 0.35392284393310547 0.19181792438030243
-0.005094126798212528 -0.16630150377750397 0.12548516690731049
0.06255301088094711 0.15804170072078705 0.16983798146247864
0.028749629855155945 0.2728528678417206 0.1744605302810669
-0.10021165013313293 -0.15265534818172455 0.19489829242229462
0.09154144674539566 -0.14892330765724182 0.14486077427864075
-0.046714335680007935 0.06303966045379639 0.1684253066778183
-0.16881650686264038 -0.0751035064458847 0.16679082810878754
-0.015545936301350594 0.012275885790586472 -0.1741393804550171
0.23515787720680237 0.02508479543030262 -0.2301086187362671
0.03849242627620697 0.005790138617157936 0.1559312641620636
-0.001333416672423482 0.04271724820137024 0.10609283298254013
-0.12537308037281036 0.09615058451890945 0.1724211573600769
0.05009670928120613 0.12176790833473206 0.15652744472026825
-0.03906731680035591 0.15419569611549377 0.15922051668167114
0.017282085493206978 0.15835197269916534 0.16863109171390533
-0.09824053943157196 -0.2537565231323242 -0.010468238964676857
0.04099505394697189 0.2426953762769699 0.171753391623497
-0.07054071128368378 0.2355489730834961 0.17980821430683136
-0.10048210620880127 0.18216830492019653 0.16920089721679688
0.02841080166399479 0.15572160482406616 0.14139415323734283
-0.027424614876508713 0.0035658511333167553 0.07519499957561493
0.23988300561904907 0.04250258579850197 0.11590862274169922
0.25873100757598877 0.025836532935500145 0.0706193819642067
0.10878387838602066 0.1621771901845932 0.16086125373840332
-0.20467178523540497 0.13975510001182556 0.15440267324447632
0.1035698875784874 0.2610500156879425 0.1378602385520935
-0.03569594770669937 0.10430052876472473 -0.25958704948425293
0.05688768997788429 0.21163874864578247 0.17445535957813263
-0.1324208527803421 0.17628951370716095 0.1586795300245285
-0.13350680470466614 0.41579511761665344 0.2767159938812256
-0.05583696439862251 0.07866456359624863 0.16121196746826172
-0.12904641032218933 -0.17458726465702057 0.1381886899471283
-0.19072730839252472 -0.0793488472700119 0.15072345733642578
-0.03367568179965019 0.15770669281482697 0.1643470972776413
-0.09482226520776749 0.3823198974132538 0.21127602458000183
0.011501481756567955 0.1190258264541626 0.15622347593307495
-0.1356254667043686 0.17286929488182068 0.16541795432567596
0.13194741308689117 0.07278701663017273 0.13203461468219757
-0.008517175912857056 0.1953556090593338 0.1795969307422638
-0.16896234452724457 -0.047942377626895905 -0.2340320348739624
0.04491743817925453 0.14949558675289154 0.16784460842609406
0.0963302031159401 0.17136235535144806 0.12200526148080826
-0.08611419051885605 0.0739043653011322 0.17019332945346832
0.05675070732831955 0.02725868485867977 0.15040287375450134
-0.021377334371209145 0.2277122586965561 0.1683395802974701
-0.10134591907262802 0.06349369883537292 0.06316831707954407
0.13738074898719788 0.21340931951999664 0.17167794704437256
-0.016295861452817917 0.642754316329956 0.3220924735069275
0.22781696915626526 0.16720528900623322 0.1607728749513626
0.07345681637525558 0.24642524123191833 0.18624944984912872
-0.04519488662481308 0.3936750888824463 0.19318662583827972
0.14441533386707306 0.11392185091972351 0.15622608363628387
0.13593411445617676 0.18463371694087982 0.1641416847705841
0.006280167493969202 0.18456733226776123 0.1712074726819992
0.010364733636379242 0.22917167842388153 0.16537216305732727
-0.015759041532874107 0.3963891267776489 0.21797676384449005
-0.019741132855415344 0.08721721917390823 0.1579647809267044
0.03037310391664505 0.19396941363811493 0.16701653599739075
0.16192913055419922 0.12112949043512344 0.09146799147129059
-0.04745949059724808 0.09169214218854904 0.15989644825458527
-0.07872910052537918 0.12040791660547256 0.16467614471912384
0.025060273706912994 0.002463169861584902 0.16831126809120178
-0.053900640457868576 0.507847249507904 0.34077686071395874
-0.016963234171271324 -0.016229957342147827 0.14103852212429047
-0.01628067158162594 0.06031970679759979 0.16127650439739227
0.000760390015784651 0.21570640802383423 0.16615170240402222
-0.06589165329933167 -0.2136530578136444 0.1473998725414276
-0.06347495317459106 0.33234381675720215 0.20636367797851562
-0.06800621747970581 -0.5323159694671631 -0.1519111692905426
0.1449173092842102 0.16623654961585999 0.15772327780723572
-0.09828310459852219 -0.30027154088020325 0.042315930128097534
-0.18702295422554016 0.3545650541782379 0.2008226364850998
0.08777730166912079 -0.07276269048452377 0.10515405237674713
0.14308038353919983 -0.04300299286842346 0.10389048606157303
0.04348594322800636 0.2252056896686554 0.17615728080272675
0.10698142647743225 0.0831085741519928 0.15725663304328918
-0.13843293488025665 -0.0568094402551651 0.14416590332984924
0.09323953837156296 0.14922498166561127 0.1375177949666977
-0.05845411494374275 0.05406257510185242 0.032825347036123276
-0.16706271469593048 -0.24064186215400696 0.17487002909183502
0.00516036432236433 0.0031102937646210194 0.16880671679973602
0.02929442748427391 0.27317824959754944 0.18957479298114777
-0.04151648283004761 0.48683589696884155 0.27434876561164856
0.039740435779094696 0.18792173266410828 0.16569001972675323
-0.037385400384664536 0.0945257619023323 0.08426754921674728
-0.020247722044587135 0.08080530166625977 0.15997742116451263
-0.06680306792259216 0.16009339690208435 0.17273853719234467
-0.09104229509830475 0.20249077677726746 0.17226819694042206
-0.13926877081394196 0.05269559472799301 0.17516300082206726
-0.07780900597572327 0.1602821797132492 0.154121994972229
0.013694144785404205 0.21900242567062378 0.17370805144309998
0.04264667630195618 0.31137070059776306 0.21033436059951782
0.012642866000533104 0.5328830480575562 0.26593852043151855
-0.13729940354824066 -0.22254666686058044 0.18421423435211182
0.04071700572967529 0.1836632639169693 0.17074932157993317
-0.16360922157764435 -0.06981901079416275 0.14592300355434418
0.12321837246417999 0.13174450397491455 0.13826578855514526
0.1970745027065277 0.17991843819618225 0.16342230141162872
-0.15494398772716522 -0.17984384298324585 0.11988641321659088
0.06578098237514496 0.13250350952148438 0.16425465047359467
0.0461031049489975 -0.15387137234210968 0.032303232699632645
0.0481741726398468 0.1782989501953125 0.17733177542686462
-0.09839653223752975 0.048772912472486496 0.044748082756996155
0.059209294617176056 0.1890493482351303 0.1680348962545395
0.1502058058977127 0.012476785108447075 -0.1201062873005867
-0.13711991906166077 -0.18265441060066223 0.16389572620391846
-0.04982542619109154 0.35028088092803955 0.24572888016700745
0.13291782140731812 -0.06176340952515602 0.08138635009527206
-0.12095256894826889 0.22421599924564362 0.18568751215934753
0.09997210651636124 0.19593937695026398 0.17038510739803314
0.041234489530324936 0.17232681810855865 0.17422771453857422
-0.19767244160175323 0.0916769802570343 0.18505609035491943
-0.08161508291959763 0.24910672008991241 0.15677417814731598
0.00599907711148262 0.211484894156456 0.14579075574874878
-0.04353737831115723 0.1701696664094925 0.1563592255115509
0.10934968292713165 0.1887119561433792 0.1710820347070694
-0.056934647262096405 -0.15325157344341278 0.16869686543941498
0.14877820014953613 -0.1553073227405548 0.06319358199834824
0.23018206655979156 -0.004941049963235855 0.13686372339725494
-0.10391825437545776 -0.18083852529525757 0.14644360542297363
0.04348576068878174 0.09270548075437546 0.17129266262054443
-0.07531844079494476 -0.2236342430114746 -0.36301764845848083
0.10904787480831146 0.14094111323356628 0.16157452762126923
-0.08998285979032516 -0.21101461350917816 0.1595778465270996
0.045281849801540375 0.12746241688728333 0.1361994743347168
0.07413170486688614 0.28741514682769775 0.1966261863708496
0.17168395221233368 0.1628859043121338 0.1645585298538208
-0.09388501942157745 0.09483879059553146 0.16414397954940796
-0.004237879998981953 0.06611469388008118 0.15603701770305634
0.06819348782300949 0.21331602334976196 0.20387735962867737
0.0007765663904137909 0.15692317485809326 0.15372905135154724
0.009948184713721275 0.3528924584388733 0.2068985104560852
0.15177994966506958 0.18982835114002228 0.17149320244789124
0.09489728510379791 0.15834684669971466 0.10704374313354492
-0.1087941825389862 0.21316638588905334 0.16855953633785248
-0.17467845976352692 0.19366750121116638 0.18310613930225372
-0.18910615146160126 -0.13736329972743988 0.1562243551015854
0.013513661921024323 0.27754053473472595 0.1912364810705185
0.13919104635715485 -0.17569009959697723 0.1061854362487793
0.10958509892225266 0.10850095003843307 0.11374688148498535
-0.12306593358516693 0.004657536745071411 0.1567811667919159
-0.1110207661986351 0.046453509479761124 0.1507967710494995
-0.06241834908723831 -0.22120510041713715 -0.07109764218330383
0.04865432530641556 0.017630567774176598 0.1596718430519104
0.10593583434820175 0.14316068589687347 0.1410447508096695
-0.2099974900484085 -0.17241640388965607 0.16768516600131989
0.03525509312748909 0.2377566248178482 0.18472173810005188
0.07504477351903915 0.09255129098892212 0.12578831613063812
0.20638205111026764 0.06599415838718414 0.1333463340997696
-0.15178652107715607 0.26119929552078247 0.17183656990528107
-0.07302656769752502 0.10431768000125885 -0.05222022533416748
-0.05571700632572174 0.12605229020118713 0.15716199576854706
-0.04540221020579338 0.2008640468120575 0.17508645355701447
-0.1811799556016922 0.1668020337820053 0.14865103363990784
-0.05871882662177086 0.02069449983537197 -0.1792353093624115
0.152723029255867 0.09672735631465912 0.1591140478849411
0.07840965688228607 0.2467324584722519 0.1721186339855194
-0.008150244131684303 0.1549513190984726 0.1652626246213913
-0.11036576330661774 0.00547895347699523 -0.34846752882003784
0.009324667975306511 0.041837144643068314 0.03524186089634895
-0.09782504290342331 0.050371378660202026 0.16502225399017334
0.022963635623455048 0.40143465995788574 0.233048215508461
0.0062053934670984745 0.3201722800731659 0.18022283911705017
0.03868643566966057 0.33928579092025757 0.1855466514825821
-0.13728067278862 0.20456062257289886 0.177058607339859
-0.01479584164917469 0.29664912819862366 0.1699119657278061
-0.13372741639614105 -0.01292574405670166 0.1702650636434555
0.008509091101586819 0.15698722004890442 0.15898555517196655
-0.05169987678527832 0.0456794910132885 0.1276599019765854
-0.19985775649547577 -0.3143993318080902 -0.2014705389738083
-0.20732048153877258 -0.1289084255695343 0.16110780835151672
-0.08525893092155457 0.06752172857522964 0.18613682687282562
0.12096066772937775 0.0925840213894844 0.019968755543231964
-0.008501611649990082 0.11990594863891602 0.16323091089725494
0.001022574957460165 -0.02541116625070572 0.17411530017852783
0.06554444879293442 0.10512582957744598 0.16463617980480194
0.011403407901525497 0.19884692132472992 0.1740388572216034
0.022912122309207916 0.11706084758043289 0.16151262819766998
-0.019332263618707657 0.26864689588546753 0.16732405126094818
0.1432696282863617 0.09576036781072617 0.13611605763435364
0.1526334136724472 0.08241982758045197 0.14221423864364624
0.0025920551270246506 0.14676180481910706 0.17918649315834045
-0.03550982102751732 0.1649445742368698 0.051874831318855286
0.07981330901384354 0.1587367206811905 0.16280455887317657
0.05261238291859627 0.12431681901216507 0.1539420783519745
-0.021588636562228203 -0.030075570568442345 0.17199400067329407
0.1120208129286766 0.19569623470306396 0.17639797925949097
-0.033197883516550064 -0.1698300838470459 0.17422766983509064
-0.04564804583787918 -0.5880536437034607 -0.6864673495292664
0.10272812098264694 0.1811767816543579 0.16776619851589203
-0.1245613768696785 0.025108883157372475 0.1838103085756302
0.06454141438007355 -0.10154815018177032 0.14123021066188812
-0.23271508514881134 -0.13892869651317596 0.1531360000371933
-0.2966807782649994 -0.07526270300149918 0.17221517860889435
-0.015494011342525482 0.15480023622512817 0.13584953546524048
-0.04393604397773743 0.0947393998503685 -0.03330017626285553
-0.02975386753678322 -0.06265964359045029 0.15972863137722015
0.21041962504386902 0.06779169291257858 0.06567297130823135
-0.011748846620321274 0.16536037623882294 0.15872354805469513
0.06205406039953232 -0.06524167954921722 0.13453395664691925
0.06665469706058502 -0.3825659155845642 -0.32731595635414124
-0.21382766962051392 -0.029138047248125076 0.16098842024803162
0.0679331049323082 0.22716613113880157 0.17912714183330536
0.03428231179714203 -0.18873156607151031 -0.055026452988386154
0.151718407869339 0.12304753810167313 0.11982963234186172
-0.019634637981653214 -0.11354201287031174 -0.07893478125333786
-0.05027163401246071 0.22968463599681854 0.16499413549900055
-0.18528519570827484 -0.3580843508243561 -0.2713172733783722
-0.09123190492391586 0.1979345679283142 0.16702032089233398
0.0008112553623504937 0.1769064962863922 0.16099171340465546
0.04782923683524132 0.11668557673692703 0.0442257896065712
0.08107272535562515 0.1706070601940155 0.17820727825164795
0.07433750480413437 0.05446558818221092 0.1590258926153183
0.01628408208489418 0.2641182541847229 0.16391904652118683
-0.1528223305940628 0.10308362543582916 0.16196975111961365
0.2174736112356186 0.07624641060829163 0.10142429918050766
-0.020531009882688522 0.2361842840909958 0.16870801150798798
0.02541842870414257 0.349712997674942 0.2126806527376175
0.12285317480564117 0.4254390597343445 0.28777846693992615
0.004107007756829262 0.22572024166584015 0.16640247404575348
-0.018427064642310143 0.22051118314266205 0.16865487396717072
-0.06834033876657486 0.05890781804919243 0.16843920946121216
0.034169379621744156 0.21560396254062653 0.16956041753292084
0.03763677924871445 0.16474898159503937 0.09189646691083908
-0.007675312925130129 0.16702763736248016 0.18406406044960022
0.11692117154598236 0.01889064908027649 0.15646182000637054
0.025671206414699554 0.17752698063850403 0.1542588621377945
0.06704290211200714 -0.509440541267395 -0.20257063210010529
-0.22372843325138092 0.00758574903011322 0.17626775801181793
0.13344939053058624 -0.02738652192056179 0.07714464515447617
-0.035061098635196686 0.04295181855559349 0.15862230956554413
0.07666853815317154 0.24642841517925262 0.19210456311702728
-0.12708783149719238 0.05882202461361885 0.19477349519729614
0.018039017915725708 0.16341343522071838 0.16020838916301727
0.042366303503513336 0.1971571445465088 0.1666678637266159
0.034316886216402054 0.1519767940044403 0.1644446700811386
-0.0030161701142787933 0.4726683497428894 0.19237995147705078
0.05990470573306084 0.1211618185043335 0.1651907116174698
0.02683308906853199 0.12949931621551514 0.16397757828235626
-0.005236683413386345 0.40466102957725525 0.23170047998428345
0.02814370207488537 0.4628797769546509 0.1768965870141983
-0.10554922372102737 0.12351799011230469 0.16397610306739807
-0.09290821850299835 0.024360399693250656 0.1737464815378189
-0.03365456685423851 -0.2821727693080902 0.04726909473538399
0.14598701894283295 0.14988157153129578 0.14897875487804413
-0.060395415872335434 0.4777675271034241 0.22587288916110992
0.12318695336580276 0.2073434442281723 0.17754492163658142
-0.06783716380596161 -0.014460153877735138 0.15800590813159943
-0.08086826652288437 0.12084375321865082 0.09226600080728531
-0.02870514988899231 0.0559772290289402 0.17212419211864471
-0.1565326303243637 -0.15892775356769562 0.1457536518573761
0.051252808421850204 0.24739153683185577 0.1914094090461731
-0.012914180755615234 0.24939876794815063 0.16663892567157745
0.043748579919338226 0.12834864854812622 0.1620870679616928
-0.03421567752957344 0.041824083775281906 0.1789059191942215
0.018152108415961266 0.131558358669281 0.12854936718940735
-0.03174895420670509 0.1269318163394928 0.15973776578903198
-0.0603092722594738 0.22397613525390625 0.17178571224212646
-0.05119343847036362 -0.1270575225353241 -0.07744855433702469
0.02902045287191868 0.2167281061410904 0.17127087712287903
0.06473368406295776 0.2689989507198334 0.1974121630191803
-0.1587940752506256 -0.1483219861984253 -0.13090655207633972
0.09028623253107071 0.1527286171913147 0.05664974823594093
0.033833134919404984 0.1725323498249054 0.13451331853866577
-0.03422127291560173 0.08789462596178055 0.15372633934020996
0.0064722043462097645 0.3797718584537506 0.18263863027095795
0.010406920686364174 0.20874610543251038 -0.11704359948635101
-0.04523567482829094 -0.18805958330631256 -0.05469499155879021
0.049384187906980515 0.18472343683242798 0.006660840008407831
-0.11040403693914413 0.061254460364580154 0.17094190418720245
0.07960965484380722 -0.05922692269086838 0.15874838829040527
-0.004444205667823553 0.15671715140342712 0.14970819652080536
-0.027390550822019577 0.126693457365036 0.1519833207130432
0.10717147588729858 0.08191361278295517 0.16526664793491364
-0.1126393973827362 0.2349066138267517 0.1570110321044922
0.017269998788833618 0.1774480789899826 0.159227192401886
-0.2949585020542145 0.18374037742614746 0.10940132290124893
-0.23993617296218872 0.02795400097966194 0.17621156573295593
-0.20081157982349396 0.26445433497428894 0.20020243525505066
-0.0534478984773159 -0.04179588332772255 0.17486003041267395
0.04371087625622749 0.3034723997116089 0.18107399344444275
-0.033823978155851364 0.3093613088130951 0.14868691563606262
0.10078074038028717 0.26959922909736633 0.15212015807628632
0.02364184521138668 0.18928655982017517 0.19039516150951385
-0.0777408555150032 0.12386778742074966 0.17160414159297943
-0.060231298208236694 0.06181955710053444 0.024150270968675613
-0.1082816794514656 0.05566585808992386 0.08088545501232147
0.21719907224178314 -0.41649338603019714 -0.14360861480236053
-0.04607571288943291 -0.11860200762748718 0.1475066989660263
0.04896767437458038 0.1372789591550827 0.16788260638713837
-0.06442389637231827 0.23554576933383942 0.1770041435956955
-0.016711998730897903 -0.18228261172771454 0.10791546106338501
-0.0215712022036314 0.2105666846036911 0.18327021598815918
-0.08456999808549881 0.0029246103949844837 0.18853364884853363
-0.024211857467889786 0.1554073840379715 0.14869697391986847
-0.07182926684617996 0.2550904154777527 0.17534257471561432
0.0014134264783933759 0.21307195723056793 0.16075268387794495
0.019728973507881165 0.012766249477863312 0.018342122435569763
-0.040941156446933746 -0.2222403585910797 -0.12155728787183762
-0.11624030023813248 -0.1835976243019104 0.10843818634748459
-0.10362813621759415 -0.10262690484523773 0.13008134067058563
-0.10282762348651886 0.015679171308875084 0.17387564480304718
0.04193931072950363 0.22784925997257233 0.14578762650489807
0.021900393068790436 -0.11512309312820435 0.16491501033306122
-0.13658149540424347 -0.6174125075340271 -0.365546315908432
0.10201781988143921 0.16919976472854614 0.16435107588768005
0.08904751390218735 0.25301048159599304 0.20902451872825623
-0.011186875402927399 0.03839227929711342 0.13757143914699554
-0.13529735803604126 0.15011107921600342 0.1592591255903244
0.13719011843204498 -0.16367724537849426 -0.09759455174207687
-0.07968521863222122 0.3436802327632904 0.21469008922576904
0.08723306655883789 0.13209979236125946 0.14346306025981903
-0.10656356811523438 0.07764104753732681 0.1990649700164795
-0.14788901805877686 -0.1673007756471634 0.12396958470344543
-0.13440696895122528 0.14547187089920044 0.17887605726718903
0.014009468257427216 0.13897429406642914 0.1620381474494934
0.05504479631781578 0.09188637882471085 0.08495797216892242
0.07956559956073761 0.18210157752037048 0.16519001126289368
0.07624159008264542 0.08296667784452438 -0.008151162415742874
-0.015931198373436928 -0.0734599232673645 0.19895930588245392
0.009865967556834221 -0.2488763928413391 0.04937582090497017
0.0686725378036499 0.15676654875278473 0.16681110858917236
0.14887455105781555 -0.3410521149635315 0.07102195173501968
0.09319457411766052 0.2085486501455307 0.1643214076757431
0.034642189741134644 0.19902865588665009 0.1689957082271576
0.08187985420227051 0.22252227365970612 0.17040321230888367
-0.01817636936903 -0.1222475990653038 0.11560001969337463
-0.03233429044485092 -0.2376319319009781 0.09964372962713242
0.06746900826692581 -0.19024261832237244 0.12059935182332993
-0.05588836967945099 0.23400315642356873 0.17749251425266266
0.0787355825304985 0.09224049001932144 0.14903026819229126
0.06307542324066162 0.16416068375110626 0.1734301745891571
0.13380923867225647 -0.08786526322364807 0.1428307145833969
-0.035510458052158356 0.273926317691803 0.17895881831645966
0.24882829189300537 -0.1228586807847023 0.09413102269172668
-0.017972970381379128 0.11732327938079834 0.17073772847652435
0.006937631871551275 0.14416304230690002 -0.08167853206396103
-0.07755409181118011 0.09215458482503891 0.14430637657642365
0.021066339686512947 0.18310366570949554 0.1676701456308365
-0.20502306520938873 -0.12479519098997116 0.08266504853963852
-0.11203181743621826 -0.07090014964342117 0.059173356741666794
-0.13596531748771667 0.09396856278181076 0.13152040541172028
0.035491734743118286 -0.16486124694347382 0.14214400947093964
-0.1149572879076004 0.25734978914260864 0.17021091282367706
0.09280891716480255 0.08807025104761124 0.1277286857366562
0.052634213119745255 0.18274785578250885 0.1773168444633484
0.021813295781612396 0.23153802752494812 0.17958958446979523
0.09020493179559708 0.22856877744197845 0.17740827798843384
-0.39292100071907043 -0.03645133972167969 0.17774806916713715
0.09560197591781616 0.16330263018608093 0.16960875689983368
-0.11846892535686493 0.1797829419374466 0.1762063354253769
0.02357388474047184 0.14647150039672852 0.1655496507883072
0.20962700247764587 0.12214908003807068 0.1513250321149826
0.006800651550292969 0.15570615231990814 0.1661437451839447
0.15434572100639343 0.03901337832212448 0.1354609727859497
0.1937001347541809 0.07167229056358337 0.15812267363071442
-0.2810412049293518 -0.03332071378827095 -0.026331327855587006
0.25346192717552185 0.16556139290332794 -0.04131967946887016
0.044618796557188034 -0.050255727022886276 0.11267359554767609
-0.06442144513130188 0.3028978407382965 0.18625105917453766
0.052781302481889725 -0.16919076442718506 0.025475425645709038
0.14750979840755463 0.39854133129119873 0.17487813532352448
-0.10777010768651962 -0.17729005217552185 -0.20279894769191742
-0.15325142443180084 0.14592698216438293 0.03283762186765671
-0.13424696028232574 -0.23754733800888062 0.10238359123468399
0.007842151448130608 0.04190104082226753 0.158006951212883
-0.04365251585841179 -0.09260038286447525 0.14445285499095917
0.043100059032440186 0.29179611802101135 0.17278751730918884
0.13611848652362823 0.16801005601882935 0.1516621857881546
-0.00524390721693635 0.2969934642314911 0.16371262073516846
0.0033290586434304714 0.12268669903278351 0.15956495702266693
-0.010767331346869469 0.14928552508354187 0.15842290222644806
-0.04288206994533539 0.22507347166538239 0.12215027958154678
-0.04628833010792732 0.1346994787454605 0.1792917549610138
-0.029302168637514114 0.15872527658939362 0.10708862543106079
-0.09550651907920837 0.07388465106487274 0.14943428337574005
-0.14749689400196075 -0.18493688106536865 -0.10098879039287567
-0.1182926595211029 0.1337715983390808 0.15513375401496887
-0.11867998540401459 0.03211443871259689 0.17166666686534882
0.20153911411762238 0.06435822695493698 0.03015119396150112
0.037567611783742905 0.17570839822292328 0.17668941617012024
0.17622874677181244 0.141450896859169 0.16672568023204803
-0.004533132538199425 -0.22847676277160645 0.14048036932945251
0.01158273033797741 0.14927572011947632 0.16880743205547333
0.17078915238380432 -0.12211771309375763 -0.028610754758119583
-0.08687715977430344 0.036551520228385925 0.15177667140960693
-0.08104042708873749 -0.072891004383564 0.16420559585094452
-0.16095663607120514 -0.019257694482803345 0.16346465051174164
0.07578527927398682 0.05271398648619652 0.13877350091934204
0.034611355513334274 0.17942623794078827 0.17528344690799713
0.10703980177640915 0.2631158232688904 0.17853368818759918
0.0931955948472023 0.2239292562007904 0.18247094750404358
0.18597370386123657 -0.29464972019195557 0.042693812400102615
-0.02939419634640217 0.15183177590370178 0.1648106426000595
-0.16493679583072662 0.17034217715263367 0.17813843488693237
0.23976019024848938 -0.1389348804950714 -0.28442707657814026
-0.03555344417691231 0.0877935066819191 0.07275044918060303
-0.07517513632774353 0.0835699737071991 0.17230567336082458
-0.20080289244651794 -0.0912848636507988 0.1337922066450119
-0.011773861944675446 0.361388623714447 0.20783589780330658
-0.133121520280838 -0.01284317672252655 0.1650865375995636
0.17618995904922485 -0.12374576181173325 0.05247892439365387
0.035464003682136536 0.18407738208770752 0.15763314068317413
-0.19858600199222565 -0.011922352015972137 0.16425906121730804
-0.004149679560214281 0.0769612193107605 0.0007669123006053269
-0.05416475608944893 0.4009370803833008 0.2123781442642212
-0.004765461198985577 0.42028889060020447 0.24668382108211517
-0.019970770925283432 0.08317313343286514 -0.025506626814603806
-0.007938720285892487 -0.031303681433200836 0.16921673715114594
0.031136641278862953 0.3203352987766266 0.19498711824417114
0.11546050757169724 -0.022995568811893463 0.13028085231781006
-0.06349196285009384 0.1691126823425293 0.15856489539146423
-0.13116997480392456 0.5460909605026245 0.1763489693403244
0.08244820684194565 -0.1714727282524109 0.13424311578273773
0.018112387508153915 0.027126524597406387 0.1569840908050537
0.05026146396994591 0.18312664330005646 0.16378390789031982
-0.14233078062534332 0.23018205165863037 0.1609143763780594
0.07115127891302109 0.16972117125988007 0.15962760150432587
0.0005365945398807526 0.25739821791648865 0.18221552670001984
-0.07776311039924622 -0.13441568613052368 0.13334739208221436
-0.08199436962604523 -0.4150311350822449 -0.18413159251213074
-0.1295667588710785 0.04088979214429855 0.1567532867193222
-0.20080401003360748 -0.09251423180103302 0.09537949413061142
0.16469109058380127 0.1511349380016327 0.14925998449325562
-0.05474049970507622 0.10961514711380005 0.13720020651817322
0.031111501157283783 0.1615624576807022 0.16127479076385498
-0.013176534324884415 0.13252337276935577 0.16762559115886688
0.009023148566484451 0.1711621880531311 0.16925767064094543
0.07293284684419632 0.0009893529349938035 -0.04650120809674263
-0.18107719719409943 -0.037474606186151505 0.13505081832408905
0.011270439252257347 0.12369465082883835 0.18846826255321503
0.012899145483970642 0.20925413072109222 0.2003503143787384
-0.03141479566693306 0.21557477116584778 0.18220089375972748
0.06160295382142067 0.19719402492046356 0.17073634266853333
0.02836824767291546 -0.058224476873874664 0.16339564323425293
-0.201471745967865 -0.2184424102306366 -0.21713174879550934
-0.02626720815896988 0.04490363597869873 0.16023316979408264
0.05752026289701462 0.21110841631889343 0.15733778476715088
0.04614108055830002 0.13436642289161682 0.1673441231250763
-0.07152514904737473 0.11236419528722763 0.18208558857440948
-0.04532581567764282 0.04100317135453224 0.1649474799633026
-0.13432426750659943 0.4008394777774811 0.17562861740589142
0.1475333422422409 0.14255991578102112 0.15908242762088776
-0.07475296407938004 0.029020024463534355 0.1568661779165268
-0.005848725792020559 0.10275088250637054 0.14306706190109253
-0.0166480615735054 0.14749009907245636 0.18103638291358948
-0.24755331873893738 -0.23088109493255615 0.1543130725622177
0.02130914106965065 0.13426780700683594 0.09527164697647095
-0.07886374741792679 -0.04203574359416962 0.1474565863609314
0.0028217437211424112 0.10244148224592209 0.16055119037628174
0.01290089264512062 0.1754733771085739 0.13653682172298431
-0.01265365444123745 0.1327446550130844 0.17838452756404877
0.04897360876202583 0.20109231770038605 0.17075420916080475
0.05881056189537048 0.16156914830207825 0.16806241869926453
-0.12197434157133102 -0.1435864418745041 0.1380562037229538
0.00289352354593575 0.011535583063960075 -0.10193641483783722
-0.150753453373909 0.06146634370088577 0.18209269642829895
-0.1324169933795929 0.05248439684510231 0.16507132351398468
-0.07824157923460007 0.43038079142570496 0.31224513053894043
0.0958462506532669 0.051197510212659836 -0.0039057983085513115
-0.03941434994339943 -0.019082481041550636 -0.08729839324951172
0.018857352435588837 0.21737870573997498 0.1722380518913269
-0.10822580754756927 -0.10623826086521149 0.1559630185365677
-0.09621822834014893 -0.06082525476813316 0.1639809012413025
0.2128363996744156 0.04993455484509468 -0.02978314645588398
0.016425680369138718 0.10949821025133133 0.15003818273544312
0.06985297054052353 0.11592050641775131 0.15936872363090515
0.07285790145397186 -0.016355015337467194 0.040796224027872086
0.06220367178320885 0.1707458347082138 0.17550447583198547
0.0058854976668953896 0.2855302095413208 0.20077048242092133
-0.08411068469285965 0.026094796136021614 -0.03812893107533455
-0.10821053385734558 0.15570850670337677 0.15841124951839447
0.1607476770877838 -0.26126450300216675 0.11671385914087296
-0.042655400931835175 0.14050494134426117 0.149008646607399
0.12422478944063187 0.04261638596653938 -0.2599600851535797
-0.1849646121263504 0.483320951461792 0.19509853422641754
0.07221545279026031 0.16875526309013367 0.16820800304412842
-0.008885122835636139 0.16191740334033966 0.14344976842403412
0.02939736098051071 0.18660132586956024 0.1585635244846344
-0.07614583522081375 0.15432755649089813 0.16799701750278473
-0.09736840426921844 0.2593008279800415 0.2217247635126114
-0.23162418603897095 0.11275407671928406 -0.09534618258476257
0.03353913873434067 0.060549359768629074 -0.029679683968424797
0.18743576109409332 0.04188993200659752 0.005971566308289766
0.06996869295835495 0.3029581904411316 0.19223780930042267
-0.017380690202116966 0.42447414994239807 0.2299557775259018
0.07771079987287521 0.14812864363193512 0.14675010740756989
-0.1086495891213417 0.03940412402153015 0.20942166447639465
-0.08782560378313065 0.0568578876554966 0.1256658136844635
-0.146195188164711 -0.023846663534641266 0.1981833279132843
0.10774553567171097 0.0667458027601242 -0.001087062293663621
0.04377847537398338 0.20947425067424774 0.17773687839508057
-0.06437468528747559 0.4687054455280304 0.22670724987983704
0.0035387997049838305 0.001482720603235066 0.002077409764751792
0.0714278370141983 -0.1490073949098587 -0.06166297569870949
0.03549056872725487 -0.27525532245635986 0.06475739926099777
0.02027270942926407 0.07714645564556122 0.16786034405231476
0.05531403049826622 0.2319038361310959 0.16969826817512512
0.06464732438325882 0.22923937439918518 0.17095927894115448
0.0004856974119320512 0.18663595616817474 0.13274264335632324
-0.1629202663898468 -0.1645713597536087 0.15426145493984222
0.028673026710748672 0.16664157807826996 0.14920617640018463
-0.039368875324726105 0.0751747116446495 0.1728380173444748
0.013868214562535286 0.10016758739948273 0.11899757385253906
-0.13837195932865143 -0.12717066705226898 0.14666272699832916
-0.19842331111431122 0.1634644716978073 0.16397209465503693
-0.013055846095085144 0.17963841557502747 0.17599979043006897
0.05605201795697212 0.19885560870170593 0.1778629720211029
0.02151528000831604 0.14833945035934448 0.16420170664787292
-0.0891689881682396 0.18798615038394928 0.1753697246313095
-0.13050049543380737 -0.15918751060962677 -0.2114444077014923
-0.18058142066001892 -0.1483445167541504 0.16768597066402435
-0.052397944033145905 0.45926782488822937 0.17681674659252167
-0.06805000454187393 0.15492583811283112 0.16890175640583038
0.05992438644170761 0.0019734245724976063 -0.35074079036712646
0.08365835249423981 0.23626720905303955 0.17826712131500244
0.06964102387428284 0.07818503677845001 0.07313269376754761
0.09598501026630402 0.31021198630332947 0.18569335341453552
-0.013851022347807884 0.10055626183748245 0.0877009704709053
-0.06874562054872513 -0.13589359819889069 0.17330831289291382
-0.04717906937003136 0.3306161165237427 0.20380787551403046
-0.0365753173828125 0.04638059437274933 0.15390005707740784
0.10879791527986526 0.3521142601966858 0.26491212844848633
-0.2082875370979309 -0.0091294776648283 0.18601158261299133
-0.013288211077451706 0.09610706567764282 0.1734023243188858
-0.14724496006965637 -0.21299859881401062 0.07692751288414001
0.04537490755319595 0.06647989898920059 -0.018810829147696495
-0.09418578445911407 -0.4437500238418579 -0.29431644082069397
0.034859221428632736 0.28101715445518494 0.1824357509613037
-0.03772814944386482 0.16054558753967285 0.15929152071475983
0.05176377296447754 0.232534259557724 0.16988705098628998
-0.04415009543299675 0.1720091998577118 0.15250492095947266
-0.06677579134702682 0.192525714635849 0.014023421332240105
0.018459167331457138 0.34623920917510986 0.17740175127983093
-0.011362165212631226 0.20449554920196533 0.16797217726707458
-0.05615580454468727 0.05263691768050194 0.038400840014219284
0.029301228001713753 0.45213583111763 0.2982313632965088
-0.06174943596124649 -0.0564192570745945 0.16569168865680695
-0.04135287180542946 0.542396068572998 0.22114436328411102
0.04340038076043129 0.1923704743385315 0.17675261199474335
0.07859186828136444 0.14613908529281616 0.10125244408845901
-0.029305268079042435 0.3687938153743744 0.15764522552490234
-0.12372975796461105 -0.07788676023483276 0.160792276263237
-0.05920334532856941 0.13794808089733124 0.15411333739757538
0.037597645074129105 0.13974259793758392 0.14907777309417725
0.10170527547597885 0.29774555563926697 0.19754216074943542
-0.04522872343659401 -0.0006909966468811035 0.16715273261070251
-0.01719857193529606 0.21723459661006927 0.17430366575717926
-0.01748107373714447 0.14836356043815613 0.14842337369918823
0.1047680526971817 0.12476630508899689 0.1559838205575943
0.06485632061958313 0.19198621809482574 0.15765078365802765
0.03936264291405678 0.16491003334522247 0.16378137469291687
-0.175718754529953 -0.12566253542900085 0.12339833378791809
0.025118311867117882 -0.002705121412873268 0.1721690595149994
-0.05451546236872673 0.22686664760112762 0.17128877341747284
0.11700038611888885 0.13523313403129578 0.13584671914577484
0.14010345935821533 -0.06894959509372711 0.14347301423549652
-0.12103195488452911 0.09264163672924042 0.1995246261358261
-0.043467044830322266 0.08194605261087418 0.15613695979118347
-0.016138846054673195 0.17528778314590454 0.1765834093093872
0.0737825259566307 0.10063895583152771 0.06140291318297386
0.04552774876356125 0.08264001458883286 0.15335939824581146
-0.09997265040874481 -0.1914331465959549 0.130722776055336
0.24461722373962402 -0.013287201523780823 0.1397571861743927
-0.014600103721022606 0.2249765545129776 0.1615293323993683
-0.009148787707090378 -0.07150720059871674 0.16121406853199005
-0.1019335389137268 0.010043438524007797 0.17528937757015228
-0.20211172103881836 -0.0757148414850235 0.15980812907218933
0.02512364648282528 0.01911073736846447 -0.26414692401885986
-0.1142599955201149 -0.24026885628700256 0.1413005292415619
0.038929447531700134 0.1268470734357834 0.1059974953532219
0.052793994545936584 0.13948728144168854 0.08563991636037827
0.05321893468499184 0.2687491178512573 0.18689393997192383
-0.3564164638519287 -0.26534491777420044 0.13606156408786774
-0.014135703444480896 0.2421145737171173 0.16593486070632935
-0.06135941296815872 0.042221155017614365 0.15048661828041077
-0.059934988617897034 -0.16933028399944305 0.11986556649208069
-0.15254731476306915 0.029874397441744804 0.17945203185081482
0.008128693327307701 0.12894591689109802 0.15181204676628113
0.06904769688844681 0.20119236409664154 0.15044353902339935
-0.02197837270796299 -0.05689654499292374 0.16058380901813507
0.05039746314287186 0.19195130467414856 0.13641218841075897
-0.011005114763975143 0.15020132064819336 0.16187387704849243
-0.1129591092467308 -0.2547753155231476 0.013852959498763084
-0.03464459255337715 0.16012533009052277 0.1539173573255539
-0.1387646496295929 0.041622698307037354 0.16103175282478333
-0.09466781467199326 0.49498501420021057 0.17963820695877075
-0.1535368710756302 0.07772920280694962 0.1950986534357071
0.1652079075574875 -0.3447367250919342 -0.25178372859954834
-0.0656595528125763 0.058372847735881805 0.16656248271465302
-0.11592378467321396 0.3669189214706421 0.21766336262226105
-0.00043858797289431095 0.17477096617221832 -0.03031536377966404
0.13874872028827667 0.05642968416213989 0.058307770639657974
0.1483953446149826 0.09432519972324371 0.041752200573682785
-0.1415790468454361 0.292550653219223 0.17218808829784393
-0.08936230838298798 0.17886579036712646 -0.10039176046848297
-0.060997217893600464 -0.18973444402217865 -0.09008736163377762
-0.06842419505119324 -0.18729692697525024 0.14427419006824493
0.13816942274570465 0.2925567030906677 0.19757278263568878
0.11073452979326248 0.12982068955898285 0.15046729147434235
-0.0769834890961647 0.07843249291181564 0.15780355036258698
0.08787918090820312 0.169655904173851 0.1701679229736328
0.08488161116838455 -0.08377960324287415 0.15349186956882477
-0.1362210512161255 0.03337880223989487 0.16403263807296753
-0.05297398939728737 0.1892516165971756 0.16881468892097473
-0.013250751420855522 0.1753067672252655 0.16572876274585724
0.06846161186695099 0.09621010720729828 0.08371914178133011
-0.16033193469047546 0.09393854439258575 -0.1297260969877243
-0.12090987712144852 -0.006737482268363237 0.17693136632442474
0.04225713387131691 0.4156549870967865 0.18605659902095795
0.052747730165719986 0.16057124733924866 0.13739889860153198
-0.06853143125772476 0.04108523204922676 0.15953561663627625
0.005557757802307606 0.1763448417186737 0.17669090628623962
0.1382850557565689 0.15214155614376068 0.1640198677778244
-0.08430983871221542 0.18286368250846863 0.171885684132576
-0.1406722068786621 -0.2423708736896515 0.0011417182395234704
0.1310037225484848 -0.12399271875619888 0.116898313164711
-0.03825681656599045 0.40535902976989746 0.22505882382392883
0.06650040298700333 0.07738001644611359 -0.12799085676670074
-0.10825392603874207 0.21162103116512299 0.15889263153076172
0.025804979726672173 0.1779162436723709 0.16618168354034424
-0.031348731368780136 0.1101774200797081 0.1624152809381485
-0.0035844603553414345 0.21444779634475708 0.18363463878631592
0.08776137977838516 -0.3087191879749298 0.07121998816728592
0.15471789240837097 0.1069050282239914 0.16127552092075348
0.17374520003795624 0.03215046599507332 -0.02251150645315647
-0.004160968121141195 0.15993452072143555 0.1900906264781952
-0.21587447822093964 0.4301987886428833 0.22467219829559326
0.04005199298262596 -0.39638158679008484 -0.24146200716495514
-0.027283910661935806 0.22522754967212677 0.15257522463798523
-0.13154976069927216 -0.19655121862888336 0.1270703822374344
0.09031923860311508 0.22514908015727997 0.1731397807598114
0.04718269780278206 0.078573077917099 0.15457873046398163
0.08871162682771683 -0.01184936799108982 0.03497034311294556
-0.06391652673482895 0.09803196787834167 -0.008671410381793976
0.10791946947574615 0.11946951597929001 0.031155873090028763
-0.003988289274275303 -0.08326764404773712 0.16035695374011993
0.035486795008182526 0.06085584685206413 0.17555785179138184
0.00580124044790864 0.036148007959127426 0.16211585700511932
0.06271105259656906 0.17224130034446716 0.1137302964925766
0.19548746943473816 0.1474364995956421 0.13831450045108795
-0.05493539944291115 0.10648059099912643 0.132382333278656
0.011097943410277367 0.05069957673549652 0.16866864264011383
-0.24123939871788025 0.18476925790309906 0.15601631999015808
-0.2149837464094162 -0.1350153237581253 0.15214760601520538
0.026746461167931557 0.2618962824344635 0.19638147950172424
-0.00501113710924983 0.15054774284362793 0.16868191957473755
0.14354941248893738 0.24210146069526672 0.1383695900440216
-0.06605135649442673 0.09977637231349945 0.15255534648895264
-0.19532068073749542 -0.14257653057575226 0.17965251207351685
-0.027470998466014862 0.09921018034219742 0.16797460615634918
0.002928383182734251 0.15859194099903107 0.15251921117305756
-0.09419884532690048 0.47901254892349243 0.3106330633163452
0.03611806407570839 0.19882148504257202 0.17498886585235596
0.02142886258661747 -0.2983667850494385 0.13615943491458893
-0.13939271867275238 0.01632589101791382 0.07226007431745529
0.035821203142404556 0.1371692419052124 0.15113233029842377
-0.0763099417090416 0.31298938393592834 0.1904907524585724
-0.017392536625266075 0.06490577012300491 -0.1539764106273651
-0.06157130002975464 0.0836714580655098 0.14334352314472198
0.03831363841891289 0.2621247470378876 0.18460509181022644
-0.042530644685029984 0.2944631576538086 0.19262871146202087
-0.004799726884812117 0.07586127519607544 0.15210039913654327
0.18963240087032318 0.09822335094213486 0.09380891174077988
-0.09983958303928375 0.10310700535774231 -0.02679578959941864
0.07943865656852722 -0.1224425733089447 0.16729824244976044
0.0010859682224690914 0.13467475771903992 0.1322198063135147
-0.00021514599211513996 0.0732879787683487 -0.015534618869423866
0.16610494256019592 -0.12472755461931229 -0.04248374328017235
-0.1585933119058609 -0.16525733470916748 0.0823194831609726
-0.16319963335990906 0.36666345596313477 0.15388119220733643
-0.013707637786865234 0.10156133025884628 0.17375166714191437
0.04930168762803078 0.12567362189292908 0.13950110971927643
0.08735795319080353 -0.07251710444688797 0.1560143679380417
-0.07180096954107285 0.007441060617566109 -0.0384736992418766
0.09958328306674957 0.2626204192638397 0.19372856616973877
0.011763684451580048 0.2607293725013733 0.18679070472717285
-0.18567442893981934 -0.24538525938987732 -0.7742859125137329
-0.22965656220912933 -0.14020821452140808 0.16277502477169037
-0.1641131192445755 0.06270341575145721 0.15824101865291595
0.023753304034471512 0.026199715211987495 0.1545606106519699
-0.06717005372047424 0.10549033433198929 0.16648198664188385
-0.09244425594806671 0.3107967674732208 0.17326168715953827
0.21748574078083038 -0.05599072575569153 0.132823646068573
-0.06391768902540207 0.2380068451166153 0.16662505269050598
0.03888167813420296 0.17531433701515198 0.16554614901542664
0.10659864544868469 0.15683124959468842 0.1472882181406021
0.1297091841697693 0.18437370657920837 0.17129939794540405
-0.12310322374105453 0.16027818620204926 0.15186214447021484
0.09404321759939194 0.07775533199310303 0.16209498047828674
0.01362738385796547 0.1964540183544159 0.17450369894504547
0.087019182741642 0.14580242335796356 0.13026735186576843
-0.013284649699926376 0.32336369156837463 0.20710882544517517
-0.0307258702814579 0.17019760608673096 0.1717585176229477
-0.1481705904006958 -0.23961041867733002 -0.07791221886873245
0.06243801862001419 0.1657375991344452 0.16090281307697296
0.059501636773347855 0.1417894959449768 0.13431553542613983
0.0575934462249279 0.17515011131763458 0.12919645011425018
-0.12429959326982498 0.05595109239220619 0.18946778774261475
0.020457390695810318 0.22684013843536377 0.16928094625473022
0.0006491825915873051 0.13752882182598114 0.12412205338478088
-0.067744679749012 0.06425958126783371 0.18862305581569672
-0.028070317581295967 -0.1926688402891159 0.15909701585769653
0.06753828376531601 0.16935378313064575 0.15435791015625
0.04204808920621872 0.16284793615341187 0.16631634533405304
0.27354317903518677 -0.5069758892059326 -0.3530227541923523
0.059658415615558624 0.03485041856765747 0.15017686784267426
-0.002256162464618683 0.004071986768394709 0.15160556137561798
-0.1577785462141037 0.1862919181585312 0.17435887455940247
-0.002901616506278515 0.19777019321918488 0.19209393858909607
0.14430031180381775 0.17180229723453522 0.17027971148490906
0.08378422260284424 0.03939662128686905 0.14483056962490082
-0.07456942647695541 0.002715781796723604 0.15032225847244263
0.026475580409169197 0.21134093403816223 0.17592814564704895
0.08550717681646347 0.09966681897640228 -0.07201327383518219
0.07748838514089584 0.17142783105373383 0.1587219089269638
0.13418930768966675 0.1531720906496048 0.14480246603488922
-0.12060286104679108 0.08649428188800812 0.1263856291770935
