ply
format ascii 1.0
element vertex 2048
property float x
property float y
property float z
end_header
0.14885418117046356 0.1740330457687378 -0.07207278907299042
-0.060928553342819214 0.1124539002776146 0.23015111684799194
-0.051755111664533615 -0.01655515655875206 0.09719493240118027
-0.07204107195138931 -0.25208115577697754 -0.1051933690905571
-0.08571603149175644 -0.19369421899318695 0.05931650474667549
0.11366282403469086 0.16265852749347687 0.05532589182257652
0.055243223905563354 -0.5562244653701782 -0.2026345580816269
0.13678531348705292 0.5447219610214233 0.40541890263557434
-0.06940136104822159 0.017570575699210167 0.09077922254800797
-0.07121767103672028 -0.10490646213293076 0.045557405799627304
-0.08861923217773438 -0.1430807113647461 0.3170627951622009
-0.05298839509487152 0.15148182213306427 0.1230306327342987
-0.034473322331905365 -0.06397516280412674 0.14067691564559937
-0.06771374493837357 0.02221025340259075 0.28440025448799133
-0.11541251838207245 0.20817777514457703 0.3593841791152954
-0.06979275494813919 0.01623813807964325 0.2636389136314392
-0.027115413919091225 0.026073886081576347 0.3007202446460724
-0.17230774462223053 0.5140939950942993 0.32295072078704834
-0.08516669273376465 -0.15949755907058716 -0.4294828176498413
0.04163077473640442 0.06557444483041763 0.10009690374135971
-0.02984018623828888 0.13136766850948334 -0.03802604600787163
-0.1006108969449997 -0.35801446437835693 0.007587720174342394
-0.10771024972200394 0.6631696820259094 0.715631365776062
-0.13407638669013977 0.08492431789636612 0.32092976570129395
0.2296324521303177 0.33990615606307983 0.0019099351484328508
-0.08715733885765076 0.07251942902803421 -0.32782822847366333
-0.15718214213848114 -0.0004123563412576914 0.3253387212753296
0.0681178942322731 0.1362452507019043 0.3071281313896179
-0.05686842277646065 0.027777450159192085 -0.10260947048664093
-0.057206932455301285 -0.25072619318962097 0.0729120671749115
0.0455496720969677 0.09607540816068649 0.2695382237434387
-0.02792247012257576 0.04368259757757187 0.23815187811851501
-0.046474065631628036 0.0738762766122818 0.09918618947267532
-0.1648837774991989 0.4002949893474579 0.4067494571208954
-0.031098097562789917 -0.1719658374786377 0.0894085094332695
-0.19857844710350037 0.4376057982444763 0.5694380402565002
-0.07542037218809128 0.12350460141897202 0.1332460194826126
-0.06650242209434509 0.024187246337532997 0.3212782144546509
-0.07680115103721619 0.22283077239990234 0.3639899790287018
-0.0676996037364006 -0.3781128227710724 -0.05030252784490585
-0.07024158537387848 -0.05714486166834831 0.2868543863296509
0.03605460375547409 0.19636239111423492 0.36259472370147705
-0.07500029355287552 -0.23677819967269897 0.15688779950141907
0.0069071948528289795 -0.12531229853630066 0.09005586057901382
-0.1513771265745163 0.013886427506804466 0.3936619162559509
0.15269270539283752 0.03760258108377457 0.021974457427859306
-0.10660386830568314 -0.013036580756306648 0.3343263566493988
-0.1692323386669159 -0.046067461371421814 0.2699347138404846
-0.067304328083992 -0.0918235182762146 -0.12040749192237854
-0.10847257822751999 -0.04127966985106468 0.3142411410808563
-0.10742799192667007 0.30466729402542114 0.10348980873823166
-0.07369930297136307 0.014981230720877647 -0.082023024559021
-0.141229510307312 0.20025749504566193 0.12518897652626038
-0.10400761663913727 -0.19215275347232819 0.08117422461509705
0.03159478306770325 -0.060036178678274155 0.1564500629901886
0.02294790931046009 -0.14757339656352997 -0.2647968828678131
-0.08307443559169769 -0.052234239876270294 0.2781546115875244
-0.03759096935391426 -0.15726631879806519 0.13175132870674133
0.27749213576316833 0.043620072305202484 0.16082419455051422
-0.01871671713888645 0.03840053081512451 0.3012426495552063
-0.12143759429454803 0.07054702937602997 0.305821031332016
-0.028258323669433594 -0.006396940443664789 0.07807900756597519
-0.07890429347753525 0.023109909147024155 0.2571539282798767
-0.08760486543178558 0.1085444912314415 0.28369686007499695
-0.0033742496743798256 0.1476908177137375 0.2406669706106186
-0.07722263038158417 0.009855231270194054 0.11526016145944595
-0.07639338821172714 0.06501070410013199 0.31163012981414795
-0.061934180557727814 -0.1194690689444542 0.1208643987774849
-0.09822776913642883 0.07170029729604721 0.3105808198451996
-0.07465658336877823 -0.012066051363945007 -0.050243016332387924
-0.1964387148618698 -0.09982731938362122 0.20786717534065247
-0.06524694710969925 0.15741948783397675 -0.13353069126605988
-0.06356453895568848 0.03757867217063904 0.10352849960327148
-0.09375283122062683 0.003200696548447013 0.3121410012245178
-0.11872033029794693 0.02181234396994114 0.30737385153770447
-0.14404264092445374 -0.1062055304646492 0.24715286493301392
-0.07891083508729935 -0.2516941428184509 -0.30614784359931946
-0.06346762925386429 0.2805408835411072 0.427145779132843
0.023904794827103615 -0.1414327323436737 -0.20523768663406372
-0.18668606877326965 0.17839574813842773 0.45810166001319885
-0.09723449498414993 0.27737364172935486 0.35577431321144104
-0.04076032340526581 0.02710507996380329 0.18001189827919006
-0.10842566937208176 0.07525483518838882 0.20191608369350433
-0.08004151284694672 -0.004349533934146166 0.34087279438972473
-0.0057374257594347 0.02805572748184204 0.286007285118103
0.05618206039071083 0.20697611570358276 0.29115092754364014
-0.08613982051610947 -0.2529585063457489 0.014721447601914406
-0.09960552304983139 -0.19339793920516968 -0.5748723149299622
-0.08892444521188736 -0.07830572873353958 0.2248011976480484
0.0739559531211853 -0.022990040481090546 0.1556103527545929
0.2692979574203491 -0.03694058209657669 0.03813859820365906
0.2615644037723541 -0.033026278018951416 0.025608588010072708
-0.09076917171478271 0.1528405100107193 0.37272441387176514
-0.09218943864107132 -0.03720356523990631 0.040608715265989304
-0.1500341147184372 0.0001136542996391654 0.36943307518959045
0.1608933061361313 -0.014360364526510239 0.24948665499687195
-0.12123744189739227 0.12233486771583557 -0.2193988561630249
-0.11644750088453293 0.04881499335169792 0.3152707517147064
0.11928300559520721 -0.06570752710103989 -0.0150025375187397
-0.05779319629073143 -0.5880184769630432 0.20811650156974792
-0.23954704403877258 0.38212916254997253 0.07815270870923996
-0.12879051268100739 0.12119577080011368 0.2840583622455597
-0.09261651337146759 -0.07628938555717468 0.341509073972702
-0.005026089958846569 0.10053948312997818 -0.7177109718322754
0.07856331765651703 0.10328243672847748 0.13952846825122833
-0.007996097207069397 0.08496716618537903 0.2576594054698944
-0.13112720847129822 0.27001771330833435 0.4171026647090912
-0.03168550506234169 -0.11295629292726517 0.0864800289273262
-0.06299716234207153 0.03347150608897209 0.22897344827651978
-0.030790843069553375 0.11044701933860779 -0.36617451906204224
0.01821969263255596 0.15307103097438812 0.3054901957511902
0.022920817136764526 0.16616202890872955 0.295300155878067
-0.023492785170674324 0.07375659793615341 -0.28083741664886475
-0.09557811170816422 0.07541394233703613 0.14601579308509827
-0.06407687813043594 -0.12312057614326477 0.17986968159675598
-0.10132280737161636 0.23673757910728455 0.24170753359794617
-0.012925062328577042 0.17493057250976562 0.28314685821533203
-0.011533036828041077 0.007771710399538279 -0.449424684047699
0.09654921293258667 0.09898468852043152 -0.061003509908914566
-0.07370363175868988 0.19036836922168732 0.30412793159484863
-0.11609454452991486 -0.049111027270555496 0.31280773878097534
-0.0380527563393116 0.08627938479185104 -0.2534867525100708
-0.08815930038690567 -0.16906148195266724 0.013204075396060944
0.07845541089773178 -0.1182437390089035 0.15978164970874786
-0.09678339958190918 0.13678108155727386 0.4199489951133728
-0.12461008876562119 0.2042885571718216 0.12358026206493378
-0.11406341195106506 0.10083990544080734 0.21312439441680908
-0.060871660709381104 -0.0042609586380422115 0.22206537425518036
-0.033101070672273636 0.0431077741086483 0.3086378276348114
-0.041237182915210724 0.10645326226949692 0.3288218379020691
-0.06579052656888962 -0.2145223468542099 -0.11398293077945709
0.0917806625366211 0.12075098603963852 0.20280404388904572
0.21956634521484375 -0.08118688315153122 -0.10714789479970932
-0.07268866151571274 0.059846073389053345 0.05565042793750763
0.0036855130456387997 0.2770543396472931 0.33886516094207764
-0.08926812559366226 -0.3043154776096344 0.2098647803068161
-0.028988303616642952 0.10771819204092026 0.32004982233047485
-0.13254518806934357 0.014691144227981567 0.3613952696323395
-0.07245363295078278 0.08819903433322906 -0.3266890347003937
-0.22160989046096802 0.6155439019203186 0.6999726891517639
-0.0883721262216568 0.3020716607570648 0.27560529112815857
-0.02993306890130043 -0.05940348654985428 -0.2592088580131531
-0.05532725527882576 -0.18124692142009735 0.12901447713375092
-0.03334624692797661 0.05880731716752052 0.2631865441799164
-0.14629551768302917 -0.02305382303893566 -0.18389776349067688
-0.05635301023721695 -0.039090853184461594 0.24054957926273346
-0.10209294408559799 0.058196887373924255 -0.03199155256152153
-0.09067365527153015 -0.1637960523366928 -0.054804448038339615
-0.006057186517864466 -0.23980946838855743 0.068651482462883
0.09099040925502777 0.15584762394428253 0.3547867238521576
0.09209787100553513 0.03776851296424866 -0.22170789539813995
-0.04507866129279137 -0.020262304693460464 0.21865616738796234
-0.11725713312625885 -0.015296202152967453 -0.18680891394615173
-0.08649380505084991 -0.03402424231171608 0.23379558324813843
-0.05775599554181099 -0.10286884009838104 0.22951483726501465
-0.12028010189533234 -0.042216747999191284 -0.167197585105896
-0.09294302761554718 -0.15017835795879364 0.25422996282577515
-0.0781954824924469 -0.05548708140850067 -0.050307199358940125
-0.10373171418905258 -0.12409602850675583 0.14736345410346985
-0.05920347571372986 0.20498496294021606 0.32748523354530334
-0.10503222793340683 0.024353383108973503 0.30605053901672363
-0.053894784301519394 0.2039884328842163 0.2692123353481293
-0.035255301743745804 0.0550493486225605 0.30493202805519104
-0.1248716488480568 0.01845799759030342 0.37274548411369324
-0.12113134562969208 -0.22712908685207367 0.18329796195030212
-0.044197697192430496 -0.04946213215589523 0.16732366383075714
-0.6275678277015686 -0.08381195366382599 0.18687033653259277
0.05533197149634361 0.1767352819442749 0.2795638144016266
-0.03200520947575569 0.1159811019897461 0.21214082837104797
-0.09895119071006775 -0.12053580582141876 -0.05564451962709427
-0.16552108526229858 0.2969822883605957 0.040539953857660294
0.01849346235394478 -0.12059294432401657 -0.2500116229057312
-0.06868504732847214 -0.04579593241214752 0.3170783817768097
-0.06127038598060608 -0.8539814352989197 -0.01972747966647148
0.0032401210628449917 0.01907711662352085 0.3287336230278015
0.019275257363915443 0.1708705872297287 0.33981096744537354
-0.10061430931091309 -0.02286495268344879 0.2917681932449341
-0.05711865425109863 -0.10078577697277069 0.1658799946308136
0.055377792567014694 -0.06312127411365509 0.08228092640638351
-0.10954338312149048 0.09373204410076141 -0.12396921962499619
-0.08766880631446838 0.40623897314071655 0.32622772455215454
-0.01370924711227417 0.4465511739253998 0.23754143714904785
-0.07822239398956299 -0.16759206354618073 0.20581457018852234
0.020961765199899673 0.2591099143028259 0.2735295295715332
-0.1385756880044937 0.22366060316562653 -0.13331222534179688
0.07844424247741699 -0.1316148191690445 0.06604281067848206
0.0030152471736073494 0.06548693776130676 0.293976753950119
0.036359090358018875 0.4320249557495117 0.4795522093772888
-0.1300225555896759 0.28664782643318176 0.033008597791194916
-0.035003095865249634 -1.0770453214645386 -0.12503062188625336
-0.0842289999127388 -0.154139906167984 0.18253126740455627
-0.06019660085439682 0.053179461508989334 0.07095535099506378
-0.08958378434181213 0.08613290637731552 -0.18488433957099915
0.03899773582816124 -0.13457560539245605 0.1312178373336792
-0.050907980650663376 0.08411628007888794 0.20648135244846344
-0.10856602340936661 0.06264641880989075 0.26251357793807983
-0.11503143608570099 -0.09726940095424652 0.2697926163673401
-0.08773447573184967 -0.17305219173431396 0.13131916522979736
-0.05040381848812103 -0.034992147237062454 0.07692352682352066
0.257420152425766 -0.33392754197120667 -0.3117414712905884
-0.04312511160969734 0.346653014421463 0.37322378158569336
0.021439719945192337 0.057620227336883545 0.2910217046737671
-0.037711478769779205 -0.04448811709880829 0.20544062554836273
-0.11152224242687225 0.07895133644342422 0.22373509407043457
-0.16879597306251526 0.019100364297628403 0.2836904525756836
-0.14747712016105652 0.20843903720378876 0.1162288710474968
-0.08959975093603134 -0.0959271788597107 -0.5139077305793762
-0.01302819699048996 -0.2530454397201538 0.03640410676598549
-0.05965965986251831 0.07091658562421799 0.19485267996788025
0.02632836624979973 0.039458245038986206 0.2537481486797333
0.03234775364398956 0.04935506358742714 -0.12972044944763184
0.02671014703810215 0.24108263850212097 0.3607957661151886
-0.13549433648586273 0.07573692500591278 0.43753042817115784
-0.043108031153678894 -0.049712419509887695 0.2705894112586975
-0.12524792551994324 0.17776226997375488 0.0837281122803688
-0.04286343976855278 -0.10688097774982452 0.035866860300302505
0.012243524193763733 -0.0018816045485436916 0.1844004988670349
-0.07168330252170563 -0.019564872607588768 -0.18189433217048645
-0.02048392966389656 0.30671849846839905 0.3811681866645813
0.14551764726638794 0.08951287716627121 0.12732134759426117
0.21644218266010284 0.20787771046161652 0.4278763234615326
-0.0012649656273424625 -0.024310998618602753 -0.3042213022708893
-0.12118424475193024 0.20321142673492432 0.3395838737487793
-0.04826526716351509 0.022058770060539246 0.2173023521900177
-0.08980043232440948 0.03351542726159096 0.30517616868019104
-0.1117393895983696 0.015380041673779488 0.35535573959350586
-0.06712505221366882 0.12031445652246475 0.35506871342658997
-0.011797459796071053 0.06635069847106934 -0.29746687412261963
0.040393732488155365 0.09450405836105347 0.3025686740875244
-0.10868140310049057 -0.012015929445624352 0.37142887711524963
-0.18618707358837128 0.4242207109928131 0.22817207872867584
0.018521299585700035 0.43148404359817505 0.43057817220687866
-0.0933108702301979 -0.2297460287809372 -0.02092488668859005
-0.005728563759475946 0.16798089444637299 -0.06488879024982452
0.03882255405187607 0.03004176914691925 0.27768316864967346
-0.08963292837142944 -0.21676720678806305 0.15412884950637817
-0.07220157235860825 0.21122139692306519 0.27315524220466614
-0.04559709131717682 0.007288849446922541 0.27815642952919006
-0.06782035529613495 0.04322266951203346 0.24671365320682526
-0.11448447406291962 0.04157969728112221 0.31021448969841003
-0.07807041704654694 -0.17073309421539307 -0.4143387973308563
-0.16013063490390778 0.302232563495636 0.3917962610721588
-0.11655368655920029 -0.30524155497550964 0.03149107098579407
0.1732691377401352 0.13798072934150696 0.11618323624134064
-0.0839129164814949 0.1954279989004135 0.21887518465518951
-0.039218369871377945 0.08547508716583252 0.13116060197353363
-0.2798212468624115 0.6719601154327393 0.3613283634185791
-0.05501028150320053 0.2050645351409912 0.343143492937088
-0.04959794878959656 0.10754379630088806 0.26088783144950867
0.007012135349214077 0.008640422485768795 0.16206981241703033
-0.022614557296037674 -0.04994577169418335 0.1724371761083603
-0.13255847990512848 0.28803402185440063 0.428373783826828
-0.14583532512187958 -0.5113142132759094 0.25240203738212585
-0.1433977335691452 0.03138676658272743 0.3129810094833374
-0.09483622759580612 -0.02248849719762802 0.027072709053754807
0.002759393071755767 0.14141875505447388 0.2528098523616791
-0.08240512758493423 -0.13163113594055176 -0.047220297157764435
-0.040467023849487305 -0.16980582475662231 0.054664839059114456
-0.06988867372274399 0.10756012797355652 0.24887308478355408
-0.06712767481803894 0.06776972115039825 0.2581099271774292
-0.0815064087510109 -0.0261384230107069 0.275726318359375
-0.03588971123099327 0.21082735061645508 0.3228887915611267
-0.04576897248625755 0.008608968928456306 0.2478448897600174
-0.054297853261232376 -0.22549615800380707 0.17724528908729553
-0.07879049330949783 0.039198052138090134 0.05450400710105896
-0.05040748417377472 -0.0272676981985569 -0.09440283477306366
-0.020053964108228683 0.21747681498527527 0.2898464500904083
-0.04707520455121994 -0.1497747004032135 0.24024651944637299
-0.05485764518380165 0.04982694610953331 0.13729612529277802
-0.042553193867206573 -0.0477113202214241 -0.1058245450258255
-0.0811067670583725 -0.11512526869773865 0.12139289826154709
0.05694977939128876 0.1212618499994278 0.20423246920108795
-0.047145433723926544 -0.04245181009173393 0.23054374754428864
0.004711679182946682 0.2327038049697876 0.3282072842121124
-0.06695887446403503 0.03163643181324005 0.3333204388618469
-0.09993261843919754 0.1126088798046112 0.07046812772750854
-0.0840449407696724 0.03731105104088783 0.3288581073284149
-0.057978175580501556 0.07681594043970108 0.3137328028678894
-0.026045944541692734 0.16089794039726257 0.36460980772972107
0.03456777334213257 0.15465006232261658 0.3639583885669708
-0.03184216469526291 0.3613378405570984 0.41917598247528076
-0.06824301928281784 -0.10413945466279984 0.09056094288825989
-0.08110832422971725 0.03430592268705368 0.157419815659523
-0.0944691002368927 -0.13967669010162354 0.23634152114391327
-0.09394795447587967 0.047588050365448 0.06428554654121399
-0.06811726093292236 -0.09582196921110153 0.2829532325267792
0.11489635705947876 0.18960994482040405 0.036725904792547226
-0.12088266015052795 0.190492182970047 0.04343264922499657
-0.11263676732778549 -0.0014884616248309612 0.29543325304985046
0.044959280639886856 0.07070132344961166 0.1558179259300232
-0.00620155967772007 0.07159606367349625 0.19788852334022522
-0.09019188582897186 0.1374790072441101 0.11781375855207443
0.06847821921110153 0.02568591758608818 0.16613739728927612
0.004452325403690338 0.022826194763183594 -0.05408831685781479
-0.10994481295347214 -3.624102100729942e-05 0.31890958547592163
-0.09513961523771286 -0.002808839548379183 0.2581188678741455
-0.07442158460617065 0.07159174233675003 0.33002588152885437
-0.02863585576415062 -0.026620231568813324 -0.2462957203388214
-0.18519024550914764 -0.3044613003730774 0.20354793965816498
-0.18504945933818817 -0.9082850813865662 0.033545657992362976
-0.012697473168373108 -0.07517712563276291 -0.1417808085680008
-0.025071008130908012 -0.02981422282755375 0.16007287800312042
-0.09643997997045517 0.33686891198158264 0.40873202681541443
-0.11085904389619827 0.18670406937599182 0.33897221088409424
-0.07282085716724396 -0.12747560441493988 -0.2683696448802948
-0.07169502973556519 -0.01004089042544365 0.24326889216899872
0.004711535759270191 0.10662712156772614 0.3085731565952301
-0.011931443586945534 0.1215013936161995 0.31893375515937805
-0.20241191983222961 -0.3308497369289398 0.16552898287773132
-0.04690491035580635 0.01173998974263668 0.033809587359428406
-0.323301762342453 0.7933310866355896 0.22544151544570923
-0.02795809507369995 0.4128180146217346 0.435367614030838
-0.0633929893374443 -0.1076292172074318 -0.23556114733219147
-0.05798156559467316 -0.24822136759757996 0.030136719346046448
-0.12387561053037643 0.18248221278190613 0.13601350784301758
-0.07094431668519974 0.01860685460269451 0.27301862835884094
-0.16314677894115448 0.23786091804504395 0.3311784267425537
-0.08985483646392822 -0.030826082453131676 0.26261550188064575
-0.007646813523024321 0.041429486125707626 0.2566159665584564
-0.0020068332087248564 0.15882089734077454 0.23809006810188293
-0.06831903010606766 0.18962104618549347 0.16779311001300812
-0.08454683423042297 0.032128192484378815 0.08384809643030167
-0.20205654203891754 0.20487037301063538 0.46015170216560364
-0.1296568661928177 0.1407902091741562 -0.21234168112277985
-0.038759343326091766 0.3602266013622284 0.5300954580307007
-0.10121608525514603 0.2150682806968689 0.12262678891420364
0.1240508183836937 0.08561500906944275 -0.006221354473382235
0.006883199792355299 0.055393654853105545 0.19932660460472107
-0.186174213886261 0.15797634422779083 0.17570561170578003
-0.05010777711868286 0.1221206784248352 0.25356876850128174
-0.057553552091121674 -0.1425931751728058 0.18354788422584534
-0.04378252476453781 0.057947635650634766 0.3230121433734894
-0.05240166559815407 -0.15118537843227386 -0.4708055257797241
-0.06907171756029129 -0.1042490229010582 0.23319478332996368
0.056624945253133774 0.040810856968164444 -0.04195403680205345
-0.11108627170324326 -0.6431165933609009 0.09513019025325775
-0.061809711158275604 0.03092973679304123 0.19157075881958008
-0.04852380231022835 -0.12670910358428955 0.2715671956539154
0.1549365222454071 0.15336740016937256 0.30825233459472656
-0.07317042350769043 0.23279373347759247 0.3627173602581024
-0.0972030907869339 0.20028869807720184 0.10753443092107773
0.003354119136929512 0.28487253189086914 -0.012611500918865204
-0.07873595505952835 0.03518989682197571 -0.4326460659503937
-0.08642728626728058 -0.22804252803325653 -0.11328606307506561
-0.06960219889879227 -0.04346851631999016 -0.17586225271224976
-0.021549353376030922 0.11679580062627792 0.11126171797513962
-0.05028711259365082 0.011138178408145905 0.1627381443977356
-0.09951763600111008 0.012325728312134743 0.2797754108905792
-0.07759165018796921 -0.012356270104646683 0.280089795589447
0.20565173029899597 0.06122211739420891 0.29154452681541443
-0.0739906057715416 -0.12060278654098511 0.09632670879364014
0.06956498324871063 0.011994956061244011 0.25756627321243286
-0.08818177878856659 0.0352860726416111 0.32090967893600464
-0.1468743085861206 -0.0702458918094635 0.3946503698825836
-0.07804073393344879 -0.2195436954498291 0.0759202092885971
-0.11516450345516205 0.21145325899124146 -0.006239843089133501
-0.09539805352687836 0.2198403775691986 0.1911351978778839
-0.16652801632881165 0.10455494374036789 0.3090366721153259
0.2343125343322754 0.7647448778152466 0.7179818749427795
0.26150617003440857 0.14655713737010956 0.35179242491722107
0.05076044425368309 0.06161889061331749 -0.1955636739730835
-0.04117688164114952 -0.03652312979102135 -0.7701364159584045
-0.02366107702255249 0.28021132946014404 0.11059686541557312
-0.1054954007267952 -0.00029423937667161226 0.11625900864601135
-0.022565707564353943 0.053965698927640915 0.2728072702884674
-0.10693982243537903 0.13808701932430267 0.13275101780891418
-0.07439405471086502 -0.2503620684146881 -0.02468564175069332
-0.16651517152786255 0.5011689066886902 0.31972312927246094
-0.0817568451166153 0.23786301910877228 0.27463647723197937
-0.12244123965501785 -0.7969722747802734 0.22816579043865204
-0.0490892119705677 0.01768353581428528 -0.03822384029626846
0.02722173184156418 0.2459477335214615 0.266963392496109
-0.11625916510820389 -0.030298518016934395 0.35539495944976807
-0.08183508366346359 0.07233060896396637 -0.35242143273353577
-0.0664566159248352 0.014507068321108818 0.29746031761169434
0.055671583861112595 0.04523761197924614 0.2541070580482483
0.008628124371170998 -0.3342066705226898 -0.4513925611972809
-0.22954165935516357 -0.053787387907505035 -0.3337882161140442
-0.06719933450222015 -0.28823140263557434 0.07594933360815048
-0.1335829794406891 0.2958071827888489 0.2378567010164261
-0.17218661308288574 0.2837781310081482 0.3971988260746002
-0.10999516397714615 0.13243798911571503 0.2077137529850006
-0.048966944217681885 0.08030734956264496 -0.1085173636674881
-0.052457544952631 -0.04228096827864647 -0.4936310052871704
0.018323400989174843 0.0968705415725708 0.1277303546667099
-0.07547935098409653 0.013967469334602356 0.28877440094947815
-0.10006070137023926 0.03904225304722786 0.22646726667881012
-0.08094331622123718 0.08660063147544861 0.2735595107078552
-0.0419355146586895 -0.014534687623381615 0.31111955642700195
-0.14210394024848938 0.03953394293785095 0.33765140175819397
0.1341186761856079 -0.07883360981941223 -0.004173587542027235
-0.08780524134635925 -0.22196127474308014 0.18092896044254303
-0.028601009398698807 -0.059312138706445694 -0.3943586051464081
-0.014464292675256729 0.04003097116947174 -0.23445072770118713
-0.115448959171772 0.029249241575598717 0.33205679059028625
-0.06569730490446091 -0.35299015045166016 -0.002242855727672577
-0.10390719771385193 -0.3662578761577606 -0.08086934685707092
0.02620832249522209 0.06686815619468689 0.16817839443683624
0.0023461743257939816 0.05402132868766785 0.30296850204467773
-0.06216698884963989 0.16095413267612457 0.26803794503211975
0.23153813183307648 0.17805175483226776 0.31203871965408325
-0.012466449290513992 0.1299705058336258 0.18516670167446136
-0.13667438924312592 -0.028006015345454216 0.27685546875
-0.026672981679439545 -0.062070202082395554 0.28246602416038513
-0.09296213835477829 0.04286058992147446 -0.11596612632274628
-0.11113563179969788 0.03763982653617859 -0.026703663170337677
0.0018450062489137053 -1.0515658855438232 -0.12456300109624863
-0.0470150001347065 -0.0029909471049904823 0.3171578347682953
-0.15489529073238373 -0.047367192804813385 0.29119643568992615
-0.09644901752471924 -0.06540757417678833 -0.010602505877614021
-0.06016727164387703 0.054434653371572495 0.3181399405002594
-0.050665806978940964 0.0600212924182415 0.2826365828514099
-0.11953660845756531 0.045624397695064545 0.3545701801776886
0.08118705451488495 0.3857609033584595 0.48639076948165894
-0.11070537567138672 0.05856592580676079 -0.15372715890407562
-0.07371281832456589 -0.164436474442482 0.10227841138839722
-0.12703509628772736 0.07170861959457397 0.09935083985328674
-0.03913052752614021 0.034985560923814774 0.3114490807056427
-0.06464856117963791 -0.0319371335208416 0.246037557721138
-0.13559511303901672 0.05207125097513199 0.14841948449611664
-0.08732300996780396 -0.3276521861553192 -0.0538422092795372
-0.1372472643852234 0.045654524117708206 0.3633853495121002
-0.13000446557998657 0.05954296514391899 0.48537105321884155
-0.08306533843278885 0.028766877949237823 0.17534379661083221
-0.07763871550559998 -0.2313750684261322 0.2226128727197647
0.0516149178147316 -0.3347621262073517 -0.06963150203227997
-0.07234039902687073 0.11101458966732025 0.2628740966320038
0.05751859024167061 0.08600416034460068 0.3183285892009735
-0.15992672741413116 -1.06956148147583 -0.01136786863207817
-0.016287021338939667 0.029075132682919502 -0.16364529728889465
-0.15970738232135773 0.034286968410015106 0.35836127400398254
-0.07382060587406158 -0.21803608536720276 0.05787113681435585
-0.06048078462481499 0.12579728662967682 -0.216200053691864
-0.03214025869965553 0.06989984214305878 -0.26058289408683777
-0.035407133400440216 0.10045383870601654 -0.20255830883979797
0.0860799252986908 -0.05868850275874138 -0.05525248497724533
-0.10626739263534546 0.1580009013414383 0.2767307758331299
-0.12522642314434052 0.06506761163473129 0.3315534293651581
-0.08708742260932922 -0.0904131606221199 0.2620280385017395
-0.06622236967086792 0.015256213024258614 0.18707382678985596
-0.014791648834943771 0.22626805305480957 0.023441839963197708
0.019399523735046387 0.12448795884847641 0.38340699672698975
0.028633391484618187 0.31146350502967834 0.42375338077545166
0.026731343939900398 0.060184046626091 0.06051815673708916
-0.08675120025873184 -0.050309378653764725 0.28517764806747437
0.031578220427036285 0.016724472865462303 -0.225984126329422
0.17366836965084076 0.01404564455151558 0.19843269884586334
-0.05965063348412514 0.1276470124721527 -0.19417905807495117
-0.0970301553606987 0.10344856977462769 0.321763277053833
-0.06666290760040283 0.09533055871725082 -0.19559642672538757
-0.06592720746994019 0.3804951608181 0.5380270481109619
-0.09701916575431824 -0.21055331826210022 -0.4887872636318207
-0.15735715627670288 0.47154301404953003 0.40781259536743164
-0.08435090631246567 0.350030779838562 0.41051599383354187
-0.11123943328857422 0.049670618027448654 -0.11331252753734589
0.008407359942793846 0.18274419009685516 0.4225171208381653
-0.05545343458652496 0.10429384559392929 0.18323266506195068
-0.08609217405319214 -0.10114053636789322 -0.09554897993803024
-0.057037945836782455 0.022014256566762924 0.2500164806842804
0.1415742039680481 0.025736847892403603 0.2626439332962036
0.13777008652687073 0.3090292811393738 0.3110586404800415
0.001142382388934493 -0.006269070785492659 -0.09064479172229767
-0.0011046670842915773 -0.07436057180166245 0.09767109900712967
-0.050275012850761414 -0.10327441245317459 0.0075325071811676025
-0.03679056465625763 0.31696268916130066 0.3547651469707489
-0.06761057674884796 0.13519296050071716 0.3233312964439392
-0.13787899911403656 0.0599394254386425 -0.12324053794145584
-0.09125766903162003 0.005473074037581682 -0.035131633281707764
-0.04517362639307976 0.10964649170637131 0.11350999772548676
-0.192841574549675 -0.0857921838760376 -0.40304136276245117
-0.02211087942123413 -0.4649914801120758 -0.05207684263586998
-0.11288511753082275 0.13713864982128143 -0.19786293804645538
-0.12439616769552231 -0.2982884645462036 -0.10278082638978958
-0.14002281427383423 -0.1354634016752243 0.16016219556331635
-0.08582314103841782 0.010841310024261475 0.1446959525346756
-0.05849339812994003 -0.07867264002561569 0.138676717877388
-0.06668539345264435 -0.021765390411019325 -0.09243164211511612
0.0743023231625557 0.09968173503875732 0.3682592511177063
0.04432523995637894 0.15547657012939453 0.16295123100280762
-0.05531182512640953 -0.03094271756708622 0.0715155228972435
-0.002300192601978779 0.008383812382817268 -0.40594014525413513
-0.1304571032524109 0.5124583840370178 0.4914632737636566
-0.10877246409654617 0.001177226658910513 0.31650105118751526
-0.08823094516992569 0.009127512574195862 0.23708827793598175
-0.14171217381954193 -0.41753247380256653 0.1815900057554245
0.0026651739608496428 0.18302293121814728 0.3633175790309906
0.04930324852466583 0.07865270227193832 0.011866962537169456
-0.12523536384105682 0.07894054055213928 0.22335603833198547
-0.05832652747631073 -0.019346056506037712 0.20714464783668518
0.1113291084766388 0.08443134278059006 0.11547330021858215
0.02515784464776516 0.013916784897446632 0.042031582444906235
-0.0632842481136322 0.056911665946245193 0.28649312257766724
-0.14740705490112305 0.27267542481422424 0.43421217799186707
0.01827113702893257 0.38181301951408386 0.4546004831790924
-0.04525787755846977 0.0010554485488682985 0.2847500145435333
-0.10223338752985 -0.12093648314476013 -0.11835776269435883
-0.05524947866797447 -0.06377273052930832 0.159829780459404
-0.09060310572385788 0.18884862959384918 0.381106436252594
-0.08475492149591446 0.46723487973213196 0.45950445532798767
-0.17531649768352509 0.3594006597995758 0.09442973136901855
-0.09420963376760483 0.007117107044905424 0.2994028925895691
0.044581081718206406 0.35522836446762085 0.22913959622383118
-0.08869786560535431 -0.042037077248096466 0.011876940727233887
-0.09382600337266922 -0.20240518450737 0.0545801967382431
-0.07300621271133423 -0.05158110707998276 0.22974570095539093
-0.057935986667871475 0.07597015053033829 0.33318930864334106
-0.058817774057388306 -0.07861447334289551 0.1840299367904663
0.08407597988843918 0.10790077596902847 0.3650614321231842
-0.06499571353197098 -0.28963232040405273 0.029611844569444656
-0.036184437572956085 -0.07069606333971024 -0.008013114333152771
-0.09679651260375977 -0.004300090949982405 0.30348920822143555
-0.17115475237369537 0.370400607585907 0.4402969181537628
-0.10087525099515915 0.09977694600820541 0.3204647898674011
-0.08878327161073685 0.01670548878610134 0.2924617826938629
-0.09094157069921494 -0.3196265399456024 -0.32436469197273254
-0.03083713725209236 0.010498389601707458 0.1150771901011467
-0.05309370532631874 -0.18977221846580505 -0.2249688357114792
-0.12260245531797409 -0.03627806901931763 0.30238932371139526
-0.07783098518848419 -0.04698222130537033 0.06319049000740051
-0.08293138444423676 0.19391362369060516 0.008898460306227207
0.019742846488952637 0.1890827864408493 0.0630628764629364
-0.12553851306438446 0.20168569684028625 0.2816344201564789
-0.03144613280892372 0.10118700563907623 0.1395033895969391
-0.07726695388555527 -0.9037209749221802 -0.06772813200950623
0.0069657606072723866 -0.0938582494854927 0.23867812752723694
0.1594119369983673 0.09822879731655121 0.07708295434713364
-0.09563139081001282 -0.02432757057249546 0.009970506653189659
-0.10087194293737411 0.0490950308740139 -0.11041214317083359
-0.05115504190325737 0.0984792709350586 -0.04371536523103714
-0.00044145528227090836 0.033297616988420486 0.2141122668981552
-0.051911041140556335 0.030405884608626366 0.2934597432613373
-0.12774328887462616 0.2214236855506897 0.16831138730049133
0.05343418940901756 0.17636816203594208 0.0849490687251091
-0.13210423290729523 0.25649887323379517 0.2430235594511032
-0.04629739373922348 0.03917428106069565 0.05171694606542587
-0.04313766583800316 0.14691288769245148 0.26725369691848755
-0.020745325833559036 0.08689131587743759 0.2959877848625183
0.05935582146048546 0.028803059831261635 -0.24533255398273468
0.1949671506881714 0.02835516631603241 0.23132652044296265
-0.050128672271966934 -0.12139133363962173 -0.12562446296215057
-0.053080491721630096 0.18897506594657898 0.29739120602607727
-0.08483780920505524 -0.2938433885574341 -0.511661946773529
0.36852651834487915 0.2914634346961975 0.4124022424221039
-0.10259077697992325 -0.317539244890213 0.30034342408180237
-0.01211298257112503 0.07410337775945663 0.02871881052851677
-0.08507809787988663 0.06292075663805008 0.3144177496433258
-0.05464007705450058 -0.015875061973929405 0.23664937913417816
-0.13217279314994812 0.041022058576345444 0.42270225286483765
0.08812568336725235 0.05856490507721901 0.2824423313140869
-0.08547671139240265 -0.3935953974723816 -0.2726323902606964
-0.017250945791602135 0.1102067083120346 0.13571929931640625
0.22356776893138885 0.15666070580482483 0.2359747737646103
-0.06892867386341095 -0.28879523277282715 0.08489464223384857
0.20880796015262604 0.15719115734100342 -0.055197060108184814
-0.04047636315226555 -0.3907932639122009 -0.23720450699329376
-0.1004716083407402 0.12422489374876022 0.24323077499866486
0.02738969586789608 -0.3782343566417694 -0.1257091611623764
-0.0969931036233902 0.060368746519088745 0.2599620521068573
-0.04531443491578102 0.007495346944779158 0.251371294260025
0.001080161309801042 0.10257545113563538 0.311711847782135
-0.0325533002614975 0.034772712737321854 -0.025390684604644775
-0.11262346804141998 -0.1059967502951622 0.23625759780406952
-0.06880498677492142 0.22598251700401306 0.30076754093170166
0.18123027682304382 0.12370824068784714 -0.03695850074291229
-0.04557168111205101 -0.03536079823970795 0.10998579859733582
-0.11267440021038055 -0.17166383564472198 0.14250776171684265
-0.1219753623008728 0.03849764168262482 0.34711864590644836
-0.18456745147705078 0.4578479826450348 0.10095443576574326
-0.26028940081596375 0.31054651737213135 0.40081787109375
-0.012229807674884796 0.04792698100209236 0.23666618764400482
-0.09484583139419556 0.06965883076190948 0.3503532111644745
-0.04061416909098625 -0.05203356593847275 0.21179713308811188
-0.08691459149122238 0.3020652234554291 0.43877238035202026
-0.02353012189269066 0.41542842984199524 0.49077993631362915
-0.026572760194540024 0.06694382429122925 -0.020662372931838036
-0.12253710627555847 0.34089165925979614 -0.11212778836488724
-0.07022764533758163 -0.09912168979644775 -0.26478782296180725
-0.08449941873550415 -0.1376805156469345 -0.011847177520394325
-0.08051297813653946 -0.033660225570201874 0.28051403164863586
-0.08556237816810608 -0.4123864471912384 -0.3604643642902374
0.007431625388562679 0.29767897725105286 -0.13475145399570465
-0.09938962012529373 0.3101213574409485 0.41312551498413086
-0.061903759837150574 0.049609072506427765 0.22376056015491486
-0.10131504386663437 -0.18494108319282532 0.18965376913547516
-0.13997991383075714 0.016248518601059914 0.35112234950065613
-0.028722679242491722 0.07304523885250092 -0.24209043383598328
-0.10943513363599777 0.03806482255458832 0.2500142455101013
-0.10665754973888397 0.08385568857192993 0.29791152477264404
-0.17207865417003632 0.24703474342823029 0.3917655944824219
-0.08240274339914322 0.0629473552107811 -0.13283301889896393
-0.0288012083619833 -0.24330797791481018 0.14577306807041168
-0.04764336720108986 -0.11853685975074768 -0.10314023494720459
-0.07384718209505081 -0.0291997492313385 0.2381787896156311
-0.03997070714831352 0.058676235377788544 0.2599653899669647
-0.06759756803512573 0.13412223756313324 0.3527362644672394
-0.017793890088796616 -0.013695769011974335 0.24349942803382874
-0.02172158844769001 -0.011697754263877869 0.27132782340049744
-0.09398487210273743 -0.07633496075868607 0.28313907980918884
0.24643178284168243 0.30995070934295654 0.07106060534715652
-0.044821761548519135 0.07811689376831055 0.0085214301943779
-0.1089361384510994 -0.2825835645198822 -0.1720210760831833
-0.04703580588102341 -0.0660223439335823 0.18936701118946075
-0.17592480778694153 0.33259117603302 0.02958352491259575
-0.15655776858329773 0.2426420897245407 0.30907759070396423
-0.0817451998591423 0.14537765085697174 0.2608097493648529
0.02339986339211464 0.08115506172180176 0.1462119072675705
0.0017827032133936882 -0.0023704266641288996 -0.06021661311388016
-0.1526300609111786 0.1885710060596466 0.5166422128677368
-0.12435013800859451 0.15720650553703308 0.15732325613498688
-0.07896706461906433 -0.10149086266756058 0.08545401692390442
-0.10379603505134583 0.03547883778810501 0.3628060221672058
-0.0731813982129097 -0.2295570969581604 0.02043267898261547
-0.07053876668214798 -0.04592898488044739 0.20260216295719147
-0.1368008404970169 0.43907928466796875 0.3400307297706604
-0.043677378445863724 0.016722094267606735 0.18855862319469452
-0.06847134977579117 -0.25148603320121765 0.08269833028316498
-0.14814411103725433 -0.03389856219291687 0.2941652536392212
0.5483018755912781 0.36503762006759644 0.3471302092075348
-0.007505218032747507 0.014331705868244171 -0.08268791437149048
0.036425571888685226 0.15020102262496948 0.37116485834121704
-0.029620429500937462 0.07332418859004974 0.19657517969608307
-0.10895954817533493 0.12221970409154892 0.34978505969047546
0.03744759410619736 0.13096341490745544 -0.09118082374334335
-0.08270897716283798 -0.050277695059776306 -0.04627102613449097
-0.036258239299058914 0.1535518318414688 0.2674286961555481
-0.08761628717184067 -0.08309649676084518 -0.2845696210861206
-0.122362419962883 -0.02838047221302986 0.3487383723258972
0.02005654387176037 -0.12866361439228058 -0.041275013238191605
-0.07281650602817535 -0.2717648446559906 -0.6925437450408936
-0.032371971756219864 -0.355180025100708 0.029422076418995857
-0.016145719215273857 0.05104215443134308 0.12449610233306885
-0.1042337641119957 0.15291693806648254 0.0004277518019080162
-0.11186348646879196 0.2581480145454407 0.3533824384212494
0.07909753918647766 0.28864505887031555 0.39271068572998047
-0.1330600529909134 0.04657113924622536 0.4051326513290405
-0.013397952541708946 0.047382455319166183 -0.05595909059047699
-0.07397522777318954 0.0057378471828997135 0.305980920791626
-0.14835885167121887 0.0568140372633934 0.35658714175224304
0.16508351266384125 0.22645995020866394 0.22274833917617798
-0.08008825778961182 0.06615839153528214 0.12007355690002441
0.04911575838923454 0.07587098330259323 0.20065021514892578
-0.09689837694168091 -0.4879767894744873 0.2426726520061493
-0.0666901096701622 -0.17963646352291107 0.21864619851112366
0.00012180500198155642 0.22869041562080383 0.02653041109442711
-0.003008505329489708 -0.1468297690153122 0.09940899163484573
-0.09608669579029083 0.13400548696517944 0.3246304392814636
-0.08911838382482529 -0.249330073595047 -0.80642169713974
-0.10368078202009201 0.014382611960172653 0.31273654103279114
-0.05261177569627762 0.16186858713626862 0.12874366343021393
-0.11592387408018112 0.08062504976987839 0.3109305799007416
-0.03775063529610634 0.040216777473688126 0.3100113868713379
-0.06459828466176987 -0.18818780779838562 -0.08888071030378342
-0.08542081713676453 0.0896453857421875 -0.09887398034334183
-0.05092092230916023 -0.26483315229415894 0.04635702446103096
-0.06439551711082458 -0.02673373930156231 0.0646028220653534
-0.06491955369710922 0.02074328437447548 0.09719808399677277
-0.08946310728788376 0.24122758209705353 0.36205291748046875
-0.1451912522315979 0.24599628150463104 0.2347314953804016
-0.012255847454071045 0.12915851175785065 0.3387857675552368
-0.10974207520484924 0.14774064719676971 0.35124146938323975
-0.0394284687936306 0.0825284942984581 -0.12275290489196777
-0.08086148649454117 -0.01773199625313282 0.3110972046852112
-0.009925419464707375 0.14649692177772522 0.20699702203273773
-0.13508401811122894 -0.21865229308605194 0.20488573610782623
-0.08033224195241928 -0.11114456504583359 0.07335779070854187
-0.12127276510000229 0.2583978772163391 0.0726744756102562
-0.1001206561923027 0.16221922636032104 0.32848045229911804
0.0755045935511589 0.35312625765800476 0.2627549171447754
-0.11037197709083557 0.008742313832044601 0.2741371691226959
-0.04935527965426445 0.05038604512810707 0.21674299240112305
0.1116562932729721 0.20245850086212158 -0.35210514068603516
0.009860241785645485 -0.03209753707051277 -0.09441109746694565
-0.05333574861288071 0.11068885773420334 0.07883583009243011
-0.1374606490135193 0.06388844549655914 0.28636881709098816
-0.15010952949523926 0.05143711343407631 0.4048978388309479
0.22196674346923828 0.0595424622297287 -0.042287103831768036
-0.06782820075750351 -0.021545030176639557 0.19208726286888123
-0.10433074831962585 0.01658891700208187 0.3072540760040283
0.07628568261861801 0.8857938051223755 0.6413388848304749
0.004564260132610798 0.1973653882741928 0.4074847102165222
-0.1168970838189125 0.18674980103969574 0.1293559968471527
-0.10150201618671417 0.03360624983906746 0.34763720631599426
-0.05183626338839531 0.07475382834672928 0.115082748234272
0.07579018175601959 -0.1664116382598877 -0.48743268847465515
0.2522274851799011 0.07127140462398529 0.28632673621177673
-0.024242019280791283 0.06300107389688492 0.21821041405200958
0.007293662987649441 -0.1820889115333557 0.06821583211421967
-0.07786739617586136 0.0035328406374901533 0.29878556728363037
-0.057326190173625946 0.031003447249531746 0.24317310750484467
-0.06961918622255325 0.03547796979546547 0.31546351313591003
0.00019958242774009705 0.4185542166233063 0.3669320344924927
-0.1124480739235878 0.051904693245887756 0.3152846693992615
0.03785717487335205 0.17511342465877533 -0.18307620286941528
-0.025000855326652527 0.008252717554569244 0.06190641224384308
-0.08819231390953064 -0.17350469529628754 -0.01250031590461731
0.1560738980770111 0.012011386454105377 0.18947306275367737
-0.068423792719841 -0.07878526300191879 0.14859043061733246
-0.06325658410787582 -0.014352133497595787 0.23701618611812592
-0.09205412119626999 -0.13422445952892303 0.21232280135154724
-0.061231374740600586 -0.017099622637033463 0.27386099100112915
0.10214907675981522 0.052090294659137726 0.10787235200405121
-0.10670579969882965 0.022266943007707596 0.3098068833351135
0.039912257343530655 0.06177850812673569 0.23884619772434235
-0.08679860830307007 0.1548513025045395 0.22205698490142822
-0.021675849333405495 0.02909315750002861 0.24447433650493622
-0.055251918733119965 0.09123983979225159 0.1913556605577469
-0.0778479278087616 0.133901908993721 -0.24728122353553772
-0.06722789257764816 -0.02325594052672386 0.0849718227982521
-0.13133569061756134 0.2364562600851059 0.3756901025772095
-0.08466722071170807 0.1005849540233612 0.04867294058203697
-0.06691143661737442 0.05074356496334076 0.11304614692926407
0.05719882994890213 -0.04637863487005234 -0.22612839937210083
-0.09567414224147797 0.030361486598849297 0.352937251329422
0.03305074945092201 0.08591752499341965 0.22954808175563812
-0.09100130200386047 -0.051322441548109055 0.1973920464515686
-0.1020095944404602 0.021966135129332542 0.2793065905570984
-0.08550897240638733 0.10137525200843811 -0.010659312829375267
0.033684249967336655 0.07535728812217712 -0.30307361483573914
-0.08341126143932343 -0.1444183588027954 -0.12883137166500092
-0.10376733541488647 -0.027600698173046112 0.18779237568378448
-0.045591387897729874 0.009552808478474617 0.27700555324554443
-0.11930739134550095 -0.007888918742537498 0.3158262073993683
-0.01661902479827404 0.06474751979112625 0.24370205402374268
-0.06149197369813919 -0.27463966608047485 0.1378244161605835
-0.11716926842927933 0.165085569024086 0.0782526284456253
-0.06631263345479965 0.014788800850510597 0.049256157130002975
-0.08568776398897171 -0.1891835778951645 0.12434354424476624
-0.08121220022439957 -0.09354621171951294 -0.09962309896945953
-0.11697978526353836 0.20489652454853058 -0.09516893327236176
0.08619792759418488 0.06289300322532654 0.08122043311595917
-0.12616246938705444 0.19915881752967834 0.38892608880996704
-0.11200231313705444 0.04364209622144699 0.34376445412635803
-0.09879526495933533 0.009136544540524483 0.2970801889896393
-0.016351433470845222 0.05802536755800247 -0.005987822078168392
-0.07120713591575623 -0.029363321140408516 0.14542201161384583
-0.19794577360153198 0.26028504967689514 0.10108272731304169
0.1613682061433792 0.094364695250988 -0.07532696425914764
-0.09963425248861313 0.09903868287801743 0.06666296720504761
-0.07516831904649734 0.14918777346611023 -0.5108117461204529
0.3422316312789917 0.2865060865879059 0.2645914852619171
-0.018622035160660744 0.0700538381934166 0.14225739240646362
-0.11664072424173355 -0.026792874559760094 0.22455008327960968
-0.07725294679403305 0.03705821558833122 0.296438992023468
-0.00227527623064816 0.0960015207529068 0.010565478354692459
-0.07161649316549301 -0.19905398786067963 0.2086636871099472
-0.057290107011795044 0.017506346106529236 0.19584010541439056
0.18697431683540344 -0.04921110346913338 0.1961970031261444
0.027665238827466965 0.08276943862438202 0.15824003517627716
-0.10627225786447525 0.14588946104049683 0.3110004663467407
0.0540296696126461 -0.27159276604652405 0.04255801439285278
-0.002587962429970503 0.0330197736620903 0.11215195804834366
0.09557138383388519 0.08013509958982468 -0.015987347811460495
-0.08470325917005539 -0.13392964005470276 -0.44435983896255493
0.016973499208688736 0.028109192848205566 0.005005253478884697
-0.10781248658895493 0.05988851189613342 0.1590518057346344
-0.11479558795690536 -0.2910562753677368 -0.17963634431362152
0.052671995013952255 -0.03131736069917679 -0.09103979170322418
-0.09838923811912537 -0.021552011370658875 0.28969964385032654
-0.10170035809278488 -0.6655271649360657 0.23809318244457245
-0.0529550276696682 0.057512711733579636 0.2879678010940552
-0.119428351521492 -0.025547722354531288 0.35741353034973145
0.08915435522794724 -0.02903059497475624 -0.06826426833868027
-0.07155207544565201 0.05566515028476715 0.22180312871932983
0.014462960883975029 0.07920233905315399 0.14996550977230072
0.0331798754632473 0.03866417706012726 0.26352325081825256
-0.08200445771217346 -0.03882334753870964 0.1849905103445053
-0.06803004443645477 -0.1360636055469513 0.1868029683828354
-0.09910617768764496 -0.1637393832206726 -0.5091724991798401
-0.04348887875676155 -0.17107130587100983 0.1562817096710205
0.0008886933792382479 0.012203546240925789 0.26657313108444214
-0.12759622931480408 0.09284000098705292 -0.29393303394317627
0.09961588680744171 0.09059244394302368 0.3165420591831207
-0.10529386252164841 0.07800225168466568 0.2805720865726471
-0.02819966897368431 0.13365010917186737 0.02773132361471653
-0.07457900792360306 0.04229709506034851 0.08501699566841125
-0.10919476300477982 0.21537914872169495 0.20329976081848145
-0.09157240390777588 -0.028891684487462044 0.2436286360025406
0.23964472115039825 0.1678064912557602 0.2250644862651825
-0.020827006548643112 0.2803449332714081 0.05657227337360382
-0.03618902713060379 0.016910819336771965 0.24523743987083435
-0.13797925412654877 0.018753159791231155 0.36785176396369934
0.04739028587937355 0.006517647299915552 0.11917969584465027
-0.06547501683235168 0.04401082545518875 0.24869203567504883
-0.17174391448497772 0.2789083421230316 0.37051448225975037
-0.016869263723492622 0.4826127886772156 0.4679199755191803
-0.10198096185922623 0.020866304636001587 0.28648969531059265
-0.03270961344242096 -0.02096809446811676 0.2867739498615265
-0.06353338062763214 -0.07877655327320099 0.22101005911827087
-0.012513762339949608 -0.031302064657211304 0.19164547324180603
-0.02213033102452755 0.05410723015666008 0.2838190197944641
-0.06432098150253296 0.052311334758996964 -0.07394175976514816
0.01806790381669998 0.05049419030547142 0.30836957693099976
-0.06002702936530113 -0.21306262910366058 0.07087946683168411
-0.11530610918998718 0.11900459229946136 -0.14884686470031738
-0.13115176558494568 0.1678013801574707 0.03187401220202446
-0.06025514006614685 0.035234399139881134 0.3039194941520691
-0.08023000508546829 0.01920740306377411 0.31330761313438416
-0.18106091022491455 0.03297166898846626 0.36629682779312134
-0.02262018620967865 0.14875829219818115 0.1915215700864792
-0.12876327335834503 0.17333215475082397 0.3630770742893219
-0.00309106707572937 0.0606047660112381 0.29978954792022705
-0.06927166134119034 0.045851096510887146 0.29099905490875244
-0.10420121252536774 0.048320472240448 0.3280056416988373
-0.12088648974895477 0.31334173679351807 0.46064817905426025
-0.07521727681159973 -0.07809596508741379 0.1290246695280075
-0.07508262246847153 -0.004019252024590969 0.30175697803497314
-0.05209559574723244 -0.0032539800740778446 0.1752444952726364
-0.001708085648715496 0.2484942525625229 0.1678370237350464
0.0470508448779583 -0.030061030760407448 0.2286718785762787
-0.07667957991361618 -0.002178547438234091 0.11794565618038177
-0.15747563540935516 0.42104417085647583 0.5933182835578918
-0.009658217430114746 0.13135741651058197 0.2675468623638153
-0.059547048062086105 0.04690466821193695 0.2505963444709778
-0.11094333231449127 -0.07379849255084991 0.24145419895648956
-0.10138338804244995 0.060499221086502075 -0.12507924437522888
-0.08953948318958282 0.0022225785069167614 0.20102626085281372
-0.07502321898937225 0.0767943263053894 -0.05375088378787041
-0.09074481576681137 -0.010988682508468628 0.21731336414813995
-0.08786462992429733 -0.01965191401541233 -0.1143534928560257
-0.04032687842845917 -0.2753083109855652 0.16425737738609314
-0.03129686787724495 -0.0019483494106680155 -0.40459948778152466
-0.07776664942502975 0.4836384057998657 0.41646644473075867
0.03185165300965309 0.004882794339209795 -0.053402144461870193
0.6325278282165527 0.0848279744386673 0.32722100615501404
0.05544522404670715 0.08235281705856323 -0.14535292983055115
-0.1571793407201767 -0.7395548224449158 0.07230030000209808
-0.11769236624240875 0.2840053141117096 0.3600146472454071
-0.10780378431081772 0.15870629251003265 0.16854991018772125
-0.15642482042312622 0.04057113081216812 0.43921026587486267
-0.14899949729442596 0.22396191954612732 0.38388708233833313
-0.08890759944915771 0.1724821925163269 0.16396772861480713
0.1789105236530304 0.22805635631084442 0.3752603828907013
-0.09430798143148422 0.009666023775935173 0.31857526302337646
-0.08689554780721664 -0.11786481738090515 0.2488148957490921
0.012098962441086769 -0.1487681269645691 0.01292739063501358
0.07083107531070709 0.2863474488258362 0.4428234398365021
-0.022931702435016632 -0.04891438037157059 -0.06649281084537506
-0.10116759687662125 0.17246998846530914 0.3701137900352478
-0.07822349667549133 -0.3329566419124603 -0.19708947837352753
0.00353612401522696 0.05376395583152771 0.3104841709136963
-0.08726479113101959 -0.157316654920578 0.09177219122648239
-0.12028057873249054 -0.2636822760105133 0.059241991490125656
-0.09084071218967438 -0.26898932456970215 -0.2921525835990906
-0.1762915551662445 0.1848108023405075 0.1300090104341507
-0.14655262231826782 0.2851855456829071 0.19079242646694183
-0.1438138782978058 0.2125699520111084 0.363881379365921
-0.08197981119155884 0.051392894238233566 0.3280910551548004
-0.061717428267002106 -0.0003316114889457822 0.09734474122524261
-0.13276082277297974 0.15753035247325897 0.3617890775203705
0.16886620223522186 0.12251371145248413 -0.14338383078575134
-0.07397463172674179 0.32618430256843567 -0.24803413450717926
0.0871489942073822 0.1926015168428421 -0.5182144045829773
0.7672076225280762 -0.046607594937086105 -0.10860063135623932
0.002560076769441366 0.03129176050424576 0.20009709894657135
-0.04070265591144562 0.02845570258796215 0.26517826318740845
-0.0888311043381691 -0.3122293949127197 0.24031440913677216
-0.07618007063865662 0.21982036530971527 0.14408628642559052
-0.10966244339942932 -0.5590115189552307 0.09548892825841904
-0.09787530452013016 -0.03609999641776085 0.04337843880057335
-0.08508839458227158 -0.1543826013803482 -0.3052194118499756
0.07602857053279877 0.0030418590176850557 0.1327737420797348
-0.14145150780677795 0.03635881841182709 0.38166168332099915
-0.023061180487275124 -0.14671289920806885 0.1360034942626953
-0.10856939107179642 -0.05246075615286827 -0.04953986778855324
-0.0022621925454586744 -0.012514570727944374 -0.1379706859588623
-0.06445585191249847 0.008674262091517448 0.2683028280735016
-0.06597456336021423 0.2636609971523285 0.43182122707366943
0.007794335018843412 0.04193979129195213 0.29002949595451355
-0.0792725682258606 -0.04849713668227196 -0.13840928673744202
-0.09547962248325348 0.017757225781679153 0.045021168887615204
0.05320385843515396 0.008948016911745071 0.08790887892246246
-0.05899163335561752 0.2527712285518646 0.19859567284584045
-0.11455830186605453 0.19787420332431793 0.2534647285938263
0.17805266380310059 0.07594963163137436 0.36894506216049194
0.07830198854207993 -0.08038775622844696 0.2064688801765442
0.11470647901296616 -0.004802071955054998 -0.05119796097278595
-0.06302081793546677 0.14539508521556854 0.3333806097507477
-0.11611850559711456 0.04860861971974373 0.07240171730518341
-0.037988901138305664 0.0158094335347414 0.13021229207515717
-0.06609195470809937 0.06133551895618439 0.32539230585098267
0.11762373149394989 0.30312636494636536 0.489070326089859
-0.13882386684417725 0.21285836398601532 0.34600111842155457
-0.10424505174160004 0.115078866481781 0.3208102583885193
-0.038175713270902634 0.0901840552687645 0.14108528196811676
-0.003878513816744089 -0.33636167645454407 -0.21311545372009277
0.013266226276755333 0.05507161468267441 0.14138059318065643
-0.0259736068546772 -0.05839221924543381 0.19360417127609253
-0.18530139327049255 0.0541875846683979 0.31934723258018494
-0.07886562496423721 0.048759717494249344 0.30812975764274597
-0.0822715237736702 -0.04825558140873909 0.1948065161705017
-0.12361254543066025 0.10627428442239761 -0.5960018634796143
-0.03272771090269089 -0.2843489646911621 -0.24872952699661255
0.026148401200771332 0.30947136878967285 0.4776707887649536
-0.10747511684894562 0.33597907423973083 0.4762699604034424
-0.03707510977983475 0.09233655035495758 0.3298092782497406
-0.13951663672924042 0.15590980648994446 0.3763050138950348
-0.10677282512187958 0.028401825577020645 0.3311850428581238
0.07871697098016739 0.0718366950750351 0.2993834614753723
-0.0888475775718689 0.1368207037448883 0.07304279506206512
-0.08722873777151108 -0.047099433839321136 0.12306532263755798
0.28731340169906616 -0.027277914807200432 -0.3068329989910126
-0.06604164093732834 -0.07280172407627106 0.2259245216846466
-0.08945015072822571 0.07320979237556458 0.03157655894756317
-0.031716153025627136 0.0791756734251976 0.09989579021930695
-7.607322186231613e-05 -0.14583152532577515 0.18116459250450134
-0.0733601525425911 0.02306324988603592 0.34187328815460205
-0.11239755898714066 -0.6358025670051575 -0.042532555758953094
-0.036674242466688156 -0.11236763000488281 0.19611747562885284
0.02135256677865982 0.09582079201936722 0.11191125214099884
-0.09587200731039047 0.1773175448179245 0.12114524841308594
0.09239307790994644 0.06950949877500534 -0.15284612774848938
-0.032658450305461884 0.07667484134435654 0.11591842770576477
0.03392992168664932 -0.0005465422291308641 0.26800498366355896
-0.10593687742948532 -0.0026986789889633656 0.36128300428390503
-0.11048252880573273 0.05061626434326172 0.341634064912796
0.04929608106613159 0.21465373039245605 0.2491685450077057
-0.08258536458015442 -0.2090635746717453 -0.07204479724168777
-0.08727653324604034 0.044429827481508255 0.16331763565540314
0.13890860974788666 0.3601418435573578 0.2981155812740326
-0.13903754949569702 0.21793273091316223 0.2760499119758606
-0.1019640788435936 0.10069481283426285 0.3122524321079254
-0.007071723695844412 0.12928242981433868 0.12205130606889725
0.11487676948308945 0.04276466742157936 -0.11254313588142395
-0.10486819595098495 0.08611947298049927 -0.6548193097114563
0.026765070855617523 0.08971646428108215 0.27123406529426575
-0.027998536825180054 -0.5138938426971436 0.006398981902748346
-0.05713599920272827 0.02511090226471424 0.2965499460697174
-0.11093782633543015 0.10349775850772858 0.041388753801584244
0.023892592638731003 -0.07132597267627716 -0.21698665618896484
-0.17013554275035858 0.22448299825191498 0.36219996213912964
-0.17698992788791656 0.06678909808397293 0.35863277316093445
-0.05544966086745262 -0.10028544813394547 0.040590353310108185
-0.11127229779958725 0.32086381316185 0.5946070551872253
-0.06494666635990143 0.013217942789196968 0.2084168791770935
-0.06912972033023834 -0.26458850502967834 -0.39357930421829224
-0.0652729794383049 0.12284951657056808 0.1344449520111084
-0.051895804703235626 0.1677984744310379 0.3191331923007965
-0.07088741660118103 -0.46951529383659363 -0.07100121676921844
-0.1430516093969345 0.32257136702537537 0.36608731746673584
-0.07020514458417892 -0.11768295615911484 0.09892767667770386
-0.017579497769474983 0.17943118512630463 0.3458482623100281
-0.147995263338089 0.04792885109782219 0.3415542244911194
-0.08934571593999863 0.01303059607744217 0.06974299997091293
-0.23265835642814636 0.7066081166267395 0.003356944303959608
0.008801322430372238 0.008913563564419746 0.12651625275611877
0.07680418342351913 0.3893681764602661 0.4414820373058319
-0.09407395124435425 -0.020022226497530937 0.3210699260234833
-0.12392852455377579 0.22718627750873566 0.37230995297431946
-0.04244520515203476 0.030425630509853363 0.2882116734981537
-0.06748686730861664 0.31830161809921265 0.29210928082466125
-0.07020886242389679 0.04462284594774246 0.30717599391937256
-0.27699780464172363 0.5303376913070679 0.5930078029632568
-0.0901389867067337 0.039702173322439194 0.15870307385921478
-0.10904787480831146 -0.2900044322013855 -0.09192255884408951
-0.07755874842405319 -0.0011867815628647804 0.05087981000542641
-0.07511469721794128 -0.025686439126729965 0.2532343864440918
-0.08742140233516693 -0.08794376254081726 0.23339219391345978
-0.15259574353694916 -0.13183434307575226 -0.5613730549812317
-0.03860970586538315 0.0888780876994133 0.2901570498943329
-0.05763627216219902 0.015391169115900993 0.3136894702911377
-0.07807503640651703 -0.019917214289307594 0.29452088475227356
-0.03220098838210106 0.047720640897750854 -0.25892019271850586
-0.03345320373773575 0.6333861947059631 0.4549984633922577
-0.10419728606939316 -0.05557024106383324 0.16728881001472473
0.16330401599407196 0.08077987283468246 -0.2647317945957184
-0.08918211609125137 0.0017612044466659427 -0.28130248188972473
0.14797721803188324 0.018891476094722748 0.2931014895439148
0.23746827244758606 0.15633751451969147 -0.14505943655967712
-0.0975671112537384 0.06491366028785706 0.10135292261838913
0.2936460077762604 -0.036003030836582184 -0.2747111916542053
-0.09320483356714249 0.27365824580192566 0.3425021469593048
-0.025828037410974503 -0.026888085529208183 0.22020210325717926
-0.10767528414726257 -0.1566169559955597 0.27773773670196533
-0.1492297351360321 0.24136656522750854 0.27639758586883545
-0.015623370185494423 0.3086397051811218 0.2893867492675781
-0.04416714981198311 0.04881103336811066 0.3253977596759796
-0.10225247591733932 0.1057262122631073 0.23219552636146545
-0.08348097652196884 0.08787498623132706 0.33538514375686646
-0.06748665124177933 -0.09575797617435455 0.16737908124923706
-0.06274055689573288 0.030777618288993835 0.25176745653152466
-0.06940242648124695 -0.17526645958423615 0.10851612687110901
-0.05989916995167732 0.07462909072637558 -0.0579322949051857
0.20503894984722137 -0.06676395237445831 -0.39762142300605774
-0.05605063587427139 0.014040304347872734 0.2581941783428192
-0.14546820521354675 0.025370778515934944 0.3223532438278198
-0.03822920471429825 0.05125422775745392 0.304808646440506
-0.02804691158235073 0.13412225246429443 0.2728368043899536
-0.08629609644412994 -0.17735664546489716 0.1342315524816513
-0.023218471556901932 0.15807722508907318 -0.3932664692401886
-0.1970161497592926 0.8581179976463318 0.8869173526763916
-0.06566883623600006 -0.6918953657150269 -0.25815629959106445
0.009791743010282516 0.00018721725791692734 0.19299648702144623
0.2799403965473175 0.15146242082118988 0.1756223440170288
-0.04798365384340286 -0.010411161929368973 0.1979473978281021
0.45907869935035706 0.05252029001712799 0.154850035905838
-0.1304362267255783 0.1927349716424942 0.11642169207334518
-0.018184611573815346 0.03750870004296303 0.20710670948028564
0.016127953305840492 0.19042761623859406 0.41342923045158386
-0.10872838646173477 0.07026015967130661 0.37792837619781494
-0.006656266283243895 0.012273019179701805 0.13435615599155426
-0.02325226366519928 0.06865464895963669 0.31951963901519775
0.05735746771097183 0.15244901180267334 0.303180456161499
-0.12244121730327606 0.12942874431610107 0.11915549635887146
-0.1510031521320343 0.2331589013338089 0.4460042715072632
-0.09757741540670395 0.012431280687451363 0.3014284372329712
-0.11719533801078796 0.5466817617416382 0.32903990149497986
-0.07109207659959793 0.08442440629005432 -0.1632349044084549
-0.12053712457418442 0.18169710040092468 0.28018203377723694
-0.09572939574718475 0.13426713645458221 0.37710216641426086
0.2709229290485382 0.27444496750831604 -0.061151061207056046
-0.20057883858680725 0.5790747404098511 0.06482181698083878
-0.021828770637512207 0.005179041065275669 0.2610652446746826
-0.09813336282968521 -0.09588024020195007 -0.16621153056621552
-0.06050201132893562 -0.11409565806388855 0.07318779826164246
-0.06971657276153564 0.013225685805082321 0.30022329092025757
-0.06404786556959152 0.16177378594875336 -0.11534251272678375
-0.1274825781583786 0.049364443868398666 -0.2997071444988251
-0.07782596349716187 -0.06091620773077011 0.10977347195148468
-0.07757110148668289 0.16131874918937683 -0.027897214516997337
-0.17616122961044312 0.20075300335884094 0.4062303304672241
-0.08315318077802658 -0.09184764325618744 0.2715017795562744
-0.07235555350780487 0.09452171623706818 0.3351389169692993
-0.06968404352664948 -0.11352500319480896 0.22443418204784393
-0.07730141282081604 0.014636009931564331 -0.26687777042388916
-0.06135626882314682 0.10086467117071152 0.10611385107040405
-0.061053186655044556 0.1867668777704239 0.3874833583831787
-0.18620695173740387 0.0039054236840456724 -0.37865114212036133
-0.1400521993637085 -0.2897813022136688 -0.08102506399154663
-0.15000629425048828 0.24790135025978088 0.2507413625717163
-0.05158805102109909 0.11729109287261963 -0.06991919875144958
-0.11021673679351807 -0.010585548356175423 0.3024671673774719
-0.08462672680616379 0.02841891162097454 0.21311713755130768
-0.13299885392189026 0.1076534166932106 0.42410093545913696
0.007860811427235603 -0.005077293608337641 0.2561568021774292
-0.22399987280368805 -0.04447340592741966 0.41794925928115845
-0.09923045337200165 -0.3793160319328308 -0.007487885188311338
-0.06943447142839432 -0.09559448063373566 0.024802379310131073
-0.04230708256363869 0.004295879043638706 0.3020801842212677
-0.08453230559825897 0.14512573182582855 0.3741496503353119
-0.10089246183633804 -1.0110913515090942 -0.08602544665336609
0.006219327449798584 0.055290449410676956 -0.16932737827301025
0.07329035550355911 0.1883743554353714 0.3280629813671112
-0.07436951994895935 -0.3484981060028076 -0.2239547073841095
-0.1300167292356491 0.050983596593141556 0.4173864424228668
-0.10192359238862991 0.1111091747879982 0.3000631630420685
-0.04829147458076477 0.3606970012187958 0.4464322328567505
-0.15375694632530212 -0.007526721339672804 0.32461369037628174
-0.17925161123275757 0.6343069076538086 0.3154849410057068
0.042612988501787186 0.09951695799827576 -0.1296704262495041
-0.09292064607143402 -0.31924915313720703 0.06285680830478668
-0.08125481754541397 -0.0395985022187233 -0.136103555560112
-0.06914374977350235 -0.11864911019802094 0.28577616810798645
-0.07327879220247269 0.11903679370880127 0.3127502202987671
-0.08231016248464584 -0.13857188820838928 0.12258439511060715
-0.0707794576883316 -0.09848575294017792 0.22689200937747955
0.04570506140589714 0.0124739371240139 -0.37672632932662964
-0.07445526123046875 -0.038367148488759995 0.22488205134868622
-0.09556566178798676 -0.13022571802139282 0.11016350239515305
-0.08447260409593582 0.044517114758491516 -0.009420040994882584
-0.07818038016557693 0.0013442160561680794 0.11223839223384857
-0.10672907531261444 0.00867089070379734 0.3328763544559479
-0.057888031005859375 0.014517810195684433 0.2721220552921295
0.010996563360095024 0.060867153108119965 0.17835238575935364
-0.10989401489496231 0.2119724452495575 0.0028397070709615946
0.026424041017889977 -0.314564973115921 -0.17860651016235352
-0.07026992738246918 0.22349853813648224 0.08845490962266922
0.28411760926246643 0.09102174639701843 -0.4445263743400574
-0.06795284897089005 0.08877039700746536 -0.011094745248556137
-0.09779109805822372 0.18092457950115204 0.1804797500371933
-0.09581969678401947 -0.11690902709960938 -0.2583443820476532
-0.01565369963645935 0.1756545603275299 0.21855755150318146
0.045559920370578766 0.08891487121582031 0.07158122956752777
-0.002229104982689023 0.0909615010023117 -0.2062503695487976
-0.0578460618853569 -0.22696368396282196 -0.0067371646873652935
0.07963669300079346 0.051211707293987274 0.21195374429225922
-0.0782240629196167 0.12494418770074844 0.2936367392539978
-0.09049945324659348 0.02044849470257759 0.25219255685806274
0.029618902131915092 0.011921918019652367 0.26854103803634644
-0.09066667407751083 0.06230996176600456 0.3280782997608185
0.02444104477763176 -0.012106921523809433 -0.1618577241897583
-0.06013716384768486 0.10260406881570816 -0.18834197521209717
-0.11622127145528793 0.018567241728305817 0.318998783826828
-0.035002440214157104 0.061899714171886444 0.3269748389720917
0.278024822473526 0.09624705463647842 -0.34464991092681885
-0.06713967025279999 0.040824852883815765 0.3050019145011902
-0.0810142308473587 -0.054474372416734695 0.14874950051307678
-0.16842788457870483 0.28708696365356445 0.41151970624923706
-0.26367175579071045 -0.05205944553017616 0.34867435693740845
0.015543513000011444 0.1542779505252838 0.21016764640808105
-0.03703440725803375 -0.01896866410970688 0.1309347301721573
-0.07870249450206757 -0.2113593965768814 0.11707665771245956
-0.0560268834233284 0.056171633303165436 -0.026995865628123283
-0.13850460946559906 0.32583385705947876 0.3848775327205658
-0.10826348513364792 0.06310543417930603 0.2973933815956116
-0.09657914191484451 -0.03942777216434479 0.1754525750875473
-0.10374319553375244 -0.7394429445266724 0.1326412856578827
-0.04859516769647598 -0.04117380082607269 0.16139844059944153
-0.14445652067661285 0.24613086879253387 0.22115780413150787
-0.07715097814798355 0.009005448780953884 0.3084050416946411
-0.0876324251294136 -0.1490148901939392 0.20947855710983276
-0.14265723526477814 0.1790456622838974 0.3729919493198395
-0.050473131239414215 -0.03917552903294563 0.19773858785629272
0.0002337895566597581 -0.13529418408870697 -0.3437765836715698
-0.1357712745666504 0.3659410774707794 0.3072207570075989
-0.0739239901304245 -0.30878472328186035 -0.2884562313556671
-0.11130885034799576 -0.24684323370456696 -0.4667096734046936
-0.03554201498627663 -0.3503175973892212 -0.14808876812458038
-0.10083936154842377 0.015307901427149773 0.15630581974983215
-0.08536384999752045 0.20920272171497345 -0.013966549187898636
0.068360336124897 -0.05592776834964752 0.12097063660621643
-0.02997526153922081 0.043043192476034164 0.283647745847702
0.08378894627094269 0.19749419391155243 0.15655572712421417
0.026790037751197815 0.12676461040973663 0.3295951187610626
-0.06492960453033447 -0.09964074939489365 0.15787135064601898
-0.07940585911273956 -0.24783600866794586 0.07555405795574188
-0.09600333869457245 -0.02201227843761444 0.22760304808616638
-0.15094976127147675 0.23244374990463257 0.3480176031589508
-0.08790968358516693 -0.06049476936459541 0.2871406376361847
-0.0869017243385315 -0.09810108691453934 0.019012827426195145
0.040739789605140686 0.07595953345298767 0.09233321249485016
-0.08698998391628265 -0.00014395290054380894 0.16416911780834198
-0.05972430109977722 0.02464684471487999 0.281700998544693
0.21916168928146362 0.14417609572410583 0.22449776530265808
-0.09477128088474274 0.02422010526061058 0.33842065930366516
-0.027775205671787262 0.05523042380809784 -0.08441215753555298
0.07256849110126495 0.043290115892887115 0.13020232319831848
-0.114090695977211 -0.20226074755191803 0.24907156825065613
0.07907254248857498 -0.009513096883893013 -0.17137989401817322
-0.09810475260019302 -0.03522607311606407 0.24147754907608032
-0.07321561872959137 0.0775778591632843 -0.26227983832359314
-0.09146299213171005 0.02000771276652813 0.2564055025577545
-0.13429437577724457 0.23162169754505157 -0.1437055766582489
-0.11667072772979736 0.04539324343204498 0.3651815950870514
-0.14239832758903503 0.03614302724599838 0.222163587808609
-0.022257264703512192 -0.05567019432783127 0.1382838785648346
-0.11375003308057785 0.20074284076690674 0.02947150357067585
-0.06189567595720291 0.1764318346977234 0.33089566230773926
-0.155910462141037 0.5021970272064209 0.6294747591018677
-0.1061471551656723 0.23753522336483002 0.43116822838783264
0.07939209043979645 0.16323284804821014 0.34130480885505676
-0.08060213923454285 0.1674129217863083 0.35763102769851685
-0.08356498181819916 -0.11494265496730804 0.2535812556743622
0.15214818716049194 0.17940127849578857 0.20262271165847778
-0.05727998539805412 0.02431844361126423 0.17321330308914185
-0.05450049787759781 -0.018413284793496132 0.0455092191696167
-0.07936570793390274 0.3327954113483429 0.37003767490386963
-0.09055653214454651 0.23623472452163696 0.3851741552352905
-0.0751771554350853 0.40914368629455566 0.28554198145866394
-0.03841270133852959 -0.05662647634744644 0.23468272387981415
-0.09253031760454178 -0.09438611567020416 0.010219510644674301
-0.07569733262062073 -0.05352247506380081 0.2556663155555725
-0.0233048964291811 0.038030821830034256 0.2684452533721924
-0.088540218770504 -0.03704747557640076 0.294756144285202
-0.0824287161231041 -0.16913379728794098 0.010997546836733818
-0.07029895484447479 0.08236400783061981 0.27362295985221863
-0.06965705752372742 0.101027712225914 0.29754260182380676
-0.12109699100255966 0.08218870311975479 0.07201778143644333
-0.04058004915714264 -0.031679458916187286 0.26457270979881287
-0.045567627996206284 -0.049725450575351715 0.20657292008399963
-0.09241896867752075 0.026344964280724525 0.36708834767341614
-0.0805184468626976 -0.24266096949577332 -0.060244251042604446
-0.020398741587996483 0.07437065988779068 0.3161754608154297
-0.16132870316505432 0.299425333738327 -0.05614536628127098
0.022174667567014694 0.07192254811525345 0.1271403580904007
-0.10917182266712189 0.09704797714948654 0.024773819372057915
-0.07117150723934174 0.060877516865730286 0.012488020583987236
-0.008842412382364273 0.07168234884738922 0.13654322922229767
-0.0538342110812664 -0.13084372878074646 -0.07937783002853394
-0.014178313314914703 0.21250486373901367 0.24524028599262238
-0.0724443644285202 -0.15910625457763672 0.13900350034236908
-0.11747346073389053 0.03996060788631439 0.29799288511276245
0.006421662401407957 0.1797875463962555 -0.19212953746318817
0.026825055480003357 -0.2449924200773239 -0.07773256301879883
-0.10121189802885056 0.0077596078626811504 0.3170868158340454
-0.09555353224277496 -0.10803961008787155 0.2682364881038666
-0.06919925659894943 0.14087341725826263 0.3849020004272461
-0.02955116517841816 -0.13950714468955994 -0.404803991317749
-0.06536668539047241 0.0635380744934082 0.31500691175460815
-0.11119011789560318 0.2565430998802185 0.21625715494155884
-0.14671316742897034 0.20253793895244598 0.14867447316646576
-0.08822514861822128 -0.19871073961257935 0.06183147430419922
-0.07786085456609726 -0.011370863765478134 0.2598741948604584
-0.16969652473926544 0.19839923083782196 0.16251783072948456
0.026595167815685272 0.08854251354932785 0.03793713450431824
0.0648723691701889 0.07567466795444489 -0.005387849640101194
-0.06630964577198029 0.04762783274054527 0.30209437012672424
-0.0854194164276123 0.007967411540448666 0.22047159075737
-0.0566948801279068 -0.3065204322338104 -0.44382572174072266
-0.048040322959423065 0.0817071720957756 0.2814428508281708
-0.20263637602329254 0.38163691759109497 0.36269891262054443
-0.12023943662643433 -0.2415485978126526 0.2075568437576294
0.08279474079608917 -0.08558817207813263 0.02159612998366356
-0.056338392198085785 0.018489545211195946 0.24813561141490936
0.052201516926288605 0.07120004296302795 0.29716071486473083
-0.020176662132143974 0.04899493232369423 0.2976476550102234
0.35718023777008057 0.06328250467777252 0.2700965106487274
-0.0760250836610794 0.037368644028902054 0.3389326333999634
-0.11902590841054916 0.21004563570022583 0.0017566949827596545
-0.09488235414028168 0.09485853463411331 0.30826348066329956
-0.11918444186449051 0.09210772812366486 -0.09391811490058899
-0.0979408472776413 -0.07358631491661072 -0.17902345955371857
-0.12330792844295502 0.017873752862215042 0.26230913400650024
-0.08577091246843338 -0.18596959114074707 -0.1748824119567871
0.6223527789115906 0.13449732959270477 0.22531642019748688
-0.07430032640695572 0.09727151691913605 0.044513341039419174
0.009480498731136322 -0.01770966127514839 -0.5358268022537231
0.005858685355633497 0.2269478291273117 0.42604440450668335
0.031026789918541908 0.34656673669815063 -0.12414874881505966
-0.10281740128993988 0.07691623270511627 0.3562547564506531
0.03923433646559715 -0.14946655929088593 -0.08732230961322784
-0.06227956712245941 -0.9748213887214661 0.017324792221188545
-0.07822909206151962 -0.21178525686264038 0.032844189554452896
0.024552909657359123 -0.2568508982658386 0.20236919820308685
-0.08191099762916565 0.04566068947315216 -0.07062885910272598
-0.1048840805888176 0.10655525326728821 0.33834347128868103
-0.12510909140110016 0.1734735518693924 -0.13056506216526031
0.0616762638092041 0.050219230353832245 0.18524722754955292
-0.04315854236483574 0.028986696153879166 0.21827098727226257
-0.0664641261100769 -0.0617327056825161 0.06500698626041412
-0.14567285776138306 0.09583358466625214 -0.03172750398516655
0.07314324378967285 0.3641308546066284 0.41996142268180847
-0.059646785259246826 -0.2049533873796463 0.09204459190368652
-0.025091642513871193 0.06664668768644333 -0.21735018491744995
0.32760024070739746 0.16797181963920593 0.3398655354976654
0.16271251440048218 0.041017480194568634 -0.132041335105896
-0.056529365479946136 0.06168246269226074 0.330238938331604
-0.04277624934911728 0.017522457987070084 -0.028232935816049576
-0.06826573610305786 3.620702773332596e-05 0.2956448793411255
-0.09038788825273514 0.05925823003053665 0.3644314408302307
-0.033315692096948624 -0.17149069905281067 0.04385252296924591
-0.07053011655807495 -0.0912700816988945 0.21137718856334686
-0.17103780806064606 0.18510587513446808 0.4580726623535156
-0.17467348277568817 0.19710780680179596 0.3262591063976288
-0.06745009869337082 0.031188078224658966 -0.0913933664560318
-0.05785036087036133 0.021488964557647705 -0.3312413990497589
-0.11972960829734802 0.20168811082839966 0.06148597598075867
-0.08724337816238403 0.04357627034187317 0.24068434536457062
-0.09912212938070297 0.004607553593814373 0.17233547568321228
-0.09121735394001007 0.11063379794359207 0.2025984823703766
-0.0919710174202919 -0.11528801172971725 -0.11461832374334335
0.03248954191803932 0.09595827758312225 0.3101509213447571
0.0032804161310195923 -0.16533046960830688 -0.0327107273042202
-0.094034343957901 -0.01934458129107952 0.20804204046726227
-0.11405541002750397 0.21456025540828705 0.27668043971061707
-0.036387231200933456 0.06401624530553818 0.31407999992370605
0.013430403545498848 0.10183756798505783 -0.1582965850830078
-0.04211612790822983 -0.12151045352220535 0.18025818467140198
0.09569704532623291 0.03676033392548561 0.248163104057312
0.028154974803328514 0.12069614231586456 -0.0027498388662934303
-0.0791291818022728 -0.13392402231693268 0.0033140371087938547
-0.12211071699857712 0.019670717418193817 0.30543115735054016
-0.11891330778598785 0.4171370565891266 0.5047851204872131
-0.007183567155152559 0.027068905532360077 -0.37499547004699707
-0.11955112963914871 0.04975689947605133 0.32480260729789734
0.14583782851696014 0.12120741605758667 0.31693127751350403
-0.058560632169246674 0.011512961238622665 0.08092710375785828
-0.09469565749168396 0.26560166478157043 0.1718524545431137
-0.027287418022751808 0.04865080490708351 0.2934058606624603
0.016747971996665 0.11314766108989716 -0.0646241083741188
-0.01567547768354416 -0.03200175240635872 0.284939706325531
-0.01784886233508587 0.0641033947467804 0.1317596733570099
-0.08893813192844391 -0.2316363900899887 -0.037575967609882355
-0.15418772399425507 0.2185012847185135 0.07239329069852829
-0.10191258043050766 0.2155301421880722 0.325365275144577
-0.19408510625362396 0.12773501873016357 0.3603191077709198
-0.08775597810745239 -0.021371833980083466 0.2909754514694214
0.011823995038866997 -0.19136783480644226 -0.22021938860416412
-0.08064595609903336 -0.06945302337408066 0.22931180894374847
-0.13893847167491913 0.09092603623867035 0.36193040013313293
-0.03787314519286156 0.08471839129924774 0.31035953760147095
-0.11260684579610825 0.0666031762957573 0.2942560315132141
-0.004082933068275452 0.14266057312488556 0.3281919062137604
0.013376574963331223 -0.10177180916070938 0.2108829766511917
0.010426141321659088 0.00377801270224154 -0.1997118443250656
0.012526461854577065 0.07636185735464096 -0.4059879779815674
0.06840868294239044 0.05721860006451607 0.26698505878448486
-0.13583269715309143 0.14857059717178345 0.28824108839035034
-0.048873867839574814 0.9012250304222107 0.4898483455181122
0.18288512527942657 -0.03517577424645424 0.15163034200668335
-0.015633735805749893 0.04360190033912659 0.27126625180244446
-0.08777062594890594 0.004992286209017038 0.2465754598379135
0.038149408996105194 0.1284152865409851 0.08636725693941116
-0.1272585690021515 0.06744929403066635 0.34793955087661743
-0.04060008004307747 0.03198941424489021 0.24146033823490143
-0.12492967396974564 -0.044645052403211594 0.24947507679462433
-0.11339502036571503 0.09361925721168518 0.3254685699939728
-0.11159547418355942 0.2267436683177948 0.04203062877058983
-0.1974271684885025 0.4380306601524353 0.37025171518325806
-0.17108075320720673 0.41573989391326904 0.6260280609130859
0.04915664717555046 -0.14435644447803497 -0.036084968596696854
-0.13291624188423157 -0.0944647341966629 0.11130209267139435
-0.04441121593117714 -0.039628323167562485 0.030200203880667686
-0.08758056908845901 -0.04979840666055679 0.2568557560443878
-0.05875182896852493 0.01681903563439846 0.19326037168502808
-0.08339259028434753 -0.1694556027650833 0.1869499683380127
-0.11005499958992004 0.0009308733860962093 0.2721492648124695
-0.07224106788635254 0.11897431313991547 -0.0011391015723347664
-0.10299581289291382 0.013166839256882668 0.29994678497314453
-0.17001260817050934 0.32148680090904236 0.17939704656600952
-0.08736433833837509 0.02628781460225582 0.18548539280891418
-0.07923583686351776 -0.002965725027024746 -0.07190652936697006
-0.17890766263008118 0.7074401378631592 0.7154378294944763
-0.010589579120278358 0.12955302000045776 0.17288605868816376
-0.001577757764607668 0.15472720563411713 0.33825603127479553
0.0002484096912667155 0.05336524918675423 -0.017140839248895645
-0.04383493959903717 -0.2973974049091339 -0.05886261165142059
-0.0746542364358902 0.07213691622018814 0.16841496527194977
-0.12425192445516586 0.3017306327819824 0.383032888174057
-0.04499915614724159 0.021913466975092888 0.3041575849056244
0.09375154227018356 0.5464479327201843 0.6245942115783691
-0.10596268624067307 -0.011356217786669731 0.30811837315559387
-0.17057360708713531 -0.05414169654250145 -0.05983422324061394
-0.036340776830911636 -0.025143176317214966 0.07370451092720032
-0.04036547988653183 -0.006719367112964392 0.21568086743354797
-0.13919195532798767 0.13141211867332458 0.28859010338783264
-0.08380749821662903 0.11752516776323318 0.32120224833488464
-0.0040696365758776665 0.08637910336256027 -0.05949396267533302
0.07249677926301956 0.16499675810337067 0.3594313859939575
-0.0597510002553463 -0.07990875840187073 0.25889891386032104
-0.11061271280050278 -0.05914762616157532 -0.12144840508699417
-0.08617723733186722 0.4221073389053345 0.380085825920105
-0.07702259719371796 -0.052650026977062225 0.24162757396697998
-0.06468029320240021 0.07421740144491196 0.35431191325187683
0.07975222915410995 0.19676755368709564 0.32898080348968506
-0.012494450435042381 0.28209295868873596 0.37729954719543457
-0.10877887159585953 -0.17740119993686676 0.11115562170743942
-0.0747528001666069 0.5693086385726929 0.3114645779132843
-0.07017911225557327 0.0370040163397789 0.2538803815841675
-0.045398496091365814 0.15558978915214539 0.3279835283756256
0.0026598405092954636 0.4557565748691559 0.42217937111854553
-0.05842547491192818 -0.18635660409927368 -0.03527524322271347
-0.016611099243164062 0.0414876863360405 0.2866283357143402
-0.08302220702171326 0.27002742886543274 0.3474586308002472
-0.11478913575410843 -0.4374857246875763 0.25468674302101135
0.00766088766977191 -0.2031383514404297 0.07991018891334534
-0.07146289944648743 -0.04842568561434746 0.24769064784049988
-0.09596206247806549 -0.17263296246528625 0.1894483119249344
-0.037426743656396866 0.05584391951560974 -0.3687644600868225
0.25718551874160767 0.14224250614643097 -0.3445153534412384
-0.02934436872601509 -0.058359138667583466 0.09682287275791168
-0.05236363038420677 0.03932841867208481 -0.03297025337815285
-0.11120472103357315 -0.02197725884616375 0.2945846915245056
-0.025710511952638626 0.02327331341803074 0.1896018236875534
-0.08910361677408218 0.05183125659823418 0.23959994316101074
-0.05899423733353615 0.036591194570064545 0.287341445684433
-0.08469069004058838 -0.23286977410316467 -0.22610197961330414
-0.05788051709532738 0.22609323263168335 0.3194088935852051
-0.14303961396217346 0.12689220905303955 0.3690810799598694
-0.12541446089744568 0.04488367587327957 0.32154083251953125
-0.06162407249212265 0.13867543637752533 0.10723837465047836
-0.05910014733672142 0.029314197599887848 -0.12796010076999664
0.2020326554775238 -0.0013561181258410215 0.108235202729702
0.2536669075489044 0.033439964056015015 0.03441976383328438
0.054472897201776505 0.091768778860569 0.20823389291763306
-0.1653858721256256 0.04417145252227783 0.24758389592170715
0.012164939194917679 0.36949822306632996 0.17571939527988434
-0.06869462132453918 0.2177080661058426 -0.3114885687828064
-0.014554101973772049 0.1432858109474182 0.3183790147304535
-0.1347910612821579 0.07864023745059967 0.27788108587265015
-0.23027515411376953 0.5759648084640503 0.6702080965042114
-0.07617318630218506 -0.02843383513391018 0.21367855370044708
-0.08646957576274872 -0.22911587357521057 0.031055178493261337
-0.11087606102228165 -0.13495536148548126 0.05815339833498001
-0.08773521333932877 0.03472498804330826 0.2761836349964142
-0.20517557859420776 0.4668433666229248 0.4868451952934265
-0.052186280488967896 0.021453266963362694 0.19281983375549316
-0.13454827666282654 0.04214224964380264 0.3101866543292999
0.04707203432917595 0.018601085990667343 0.07586617767810822
-0.09255466610193253 0.053307004272937775 0.33796438574790955
-0.09912960976362228 0.04641849920153618 -0.4617932140827179
-0.034586697816848755 0.032649971544742584 0.27944764494895935
0.00892745889723301 0.24359796941280365 0.06816951185464859
-0.08864368498325348 -0.038707833737134933 0.26936766505241394
-0.01990959607064724 -0.028963027521967888 0.0811251625418663
-0.121764175593853 0.17961440980434418 0.3122854232788086
-0.1058039739727974 0.08600957691669464 -0.0431700274348259
0.09256740659475327 0.27611488103866577 0.3305329382419586
0.05967354029417038 0.9939346313476562 0.6874223947525024
0.24858343601226807 0.22095538675785065 0.32977697253227234
0.0034366194158792496 0.18489789962768555 0.3779888451099396
-0.1723254919052124 0.44233304262161255 0.4001010060310364
0.06878650188446045 0.00930015742778778 0.22284294664859772
0.09397470951080322 0.2132464498281479 0.25658634305000305
-0.07307400554418564 0.05941438674926758 0.2997071444988251
-0.10379388928413391 0.21514230966567993 0.2770364284515381
-0.12947683036327362 0.5063626766204834 0.4994729161262512
-0.06425203382968903 -0.010736456140875816 0.18870389461517334
-0.0538066104054451 0.13401341438293457 0.26867929100990295
0.11653904616832733 0.17935027182102203 0.025945603847503662
-0.07529067248106003 -0.015158522874116898 0.21398712694644928
-0.09423240274190903 -0.0024547858629375696 0.2704881429672241
-0.03150242939591408 -0.10058939456939697 0.19296129047870636
-0.11935147643089294 0.6861857771873474 0.7121922373771667
-0.05462326854467392 -0.027023643255233765 -0.026137860491871834
-0.05982371047139168 -0.04021091386675835 0.1898602843284607
-0.10396116971969604 0.181763157248497 0.28304624557495117
-0.07631813734769821 -0.31850898265838623 0.10512492805719376
-0.1840551346540451 0.3761025071144104 0.4917021095752716
0.004317991901189089 -1.13926100730896 -0.24060176312923431
0.10687052458524704 0.17477349936962128 0.2151777297258377
-0.07481865584850311 -0.3628724217414856 -0.1056203544139862
-0.24083058536052704 0.4062711298465729 0.4692695140838623
0.020708676427602768 -0.03845334053039551 -0.14075276255607605
0.07174764573574066 -0.019203633069992065 -0.09592849016189575
-0.03862631320953369 0.16360439360141754 0.33620670437812805
0.01785425841808319 -0.026300163939595222 0.20439457893371582
-0.0929407849907875 -0.07363323867321014 -0.010061150416731834
0.020441856235265732 0.14189547300338745 0.08281200379133224
-0.08604136854410172 0.07927951216697693 -0.0919458344578743
-0.1311165988445282 -0.6163376569747925 0.17472544312477112
-0.04300453141331673 -0.0998176857829094 0.19080717861652374
-0.062357090413570404 0.21471647918224335 0.39755794405937195
-0.12738430500030518 0.6924729347229004 0.6213259100914001
-0.03969206288456917 0.12867745757102966 0.25222572684288025
-0.08903718739748001 0.09259018301963806 -0.01054832898080349
-0.06356199830770493 -0.021988676860928535 0.19854721426963806
-0.11047577857971191 0.029020104557275772 0.3250693380832672
-0.13067632913589478 0.06541184335947037 0.3338317275047302
-0.10663199424743652 -0.06263417750597 0.2792521119117737
-0.11100755631923676 0.0811377689242363 0.21172009408473969
-0.08352478593587875 0.14943556487560272 0.3289860188961029
-0.03533953055739403 0.24943962693214417 0.45753034949302673
0.05470428615808487 0.7797461152076721 0.5867998003959656
-0.12363558262586594 -0.5783873200416565 0.20571523904800415
-0.033363644033670425 0.06941815465688705 0.2836105525493622
-0.10000879317522049 -0.09833420813083649 0.01346978172659874
0.058612871915102005 0.08739449828863144 0.10321744531393051
0.18978802859783173 0.2539706230163574 0.31204187870025635
-0.09496403485536575 -0.20363301038742065 -0.036645736545324326
-0.01589723490178585 0.018576109781861305 0.25674915313720703
-0.015787355601787567 -0.09277812391519547 -0.2919594347476959
-0.03490066155791283 0.052592869848012924 0.31320562958717346
-0.10069319605827332 0.08080200850963593 -0.07559410482645035
-0.009628674015402794 0.12273859977722168 0.2646682858467102
0.12649832665920258 0.06304161250591278 -0.31268736720085144
-0.09366334974765778 -0.3088298439979553 0.1697511076927185
-0.14988866448402405 0.2997990548610687 0.5438592433929443
0.06700233370065689 -0.016850197687745094 -0.16310952603816986
-0.15327763557434082 0.06040303781628609 0.39059555530548096
0.049875810742378235 0.1639111191034317 0.2894672751426697
-0.04097343981266022 0.04899108409881592 0.30575501918792725
-0.16103224456310272 -0.028246000409126282 0.3469741642475128
-0.15714305639266968 0.23594604432582855 0.25417831540107727
-0.11639086902141571 0.24488678574562073 0.145928755402565
-0.10649212449789047 0.10480260848999023 0.2119893580675125
0.06756985932588577 0.12951558828353882 0.29319703578948975
-0.0717862918972969 -0.25575244426727295 0.19086235761642456
0.0649198666214943 -0.10286445170640945 -0.19037823379039764
0.16752131283283234 -0.08681751787662506 0.16663846373558044
-0.08002491295337677 -0.2537195384502411 0.07900221645832062
-0.033685844391584396 -0.026255253702402115 0.2724947929382324
-0.06723789125680923 -0.2001526951789856 -0.6402280330657959
0.03748493269085884 0.033863168209791183 0.23326487839221954
-0.09081750363111496 -0.37258315086364746 0.14727884531021118
-0.030748210847377777 0.07949485629796982 0.09241483360528946
0.009302318096160889 0.26410815119743347 0.43316587805747986
0.1701604574918747 0.0926935151219368 0.2746316194534302
-0.09256745129823685 -0.02388211525976658 0.2508104741573334
-0.0560128353536129 -0.01731923222541809 0.14959783852100372
-0.017043665051460266 0.060984790325164795 0.3757731020450592
-0.07654125988483429 0.09548765420913696 0.1773713380098343
-0.08926679193973541 0.4058466851711273 0.47366249561309814
0.12795381247997284 0.1864672303199768 0.33442816138267517
0.00858561135828495 0.22739604115486145 0.03224264830350876
-0.14353898167610168 0.11203965544700623 0.3282566964626312
-0.1693633794784546 0.036787066608667374 0.38526082038879395
-0.10353389382362366 -0.22069692611694336 0.12724296748638153
-0.08772429823875427 0.22048813104629517 0.4066895544528961
0.039712727069854736 -0.17842374742031097 -0.06217213347554207
0.03470293805003166 0.0781499594449997 0.0375986248254776
-0.09010130167007446 -0.06105726584792137 0.10655242204666138
-0.09111960232257843 -0.016022903844714165 0.13080064952373505
-0.07725272327661514 -0.17998002469539642 -0.3621452748775482
-0.02288540080189705 -0.06920832395553589 0.14995494484901428
0.03933817893266678 0.10987471789121628 0.09994643926620483
-0.12824033200740814 -0.3222538232803345 0.20233727991580963
-0.049953483045101166 0.13595564663410187 0.35527247190475464
-0.0034145894460380077 0.05056305229663849 0.05545791983604431
0.14364752173423767 -0.003598172217607498 0.13907265663146973
-0.18304574489593506 0.19816426932811737 0.3627896010875702
-0.11169712245464325 0.16370822489261627 -0.10995499789714813
-0.08512753993272781 0.01915695145726204 0.22465188801288605
-0.11424577981233597 0.06128602847456932 0.33411145210266113
-0.16655084490776062 0.10868817567825317 0.24248383939266205
-0.06519311666488647 0.07469939440488815 -0.32893288135528564
0.0715310201048851 -0.014257930219173431 0.24589084088802338
-0.003434557933360338 0.27018117904663086 0.3160572052001953
-0.07386836409568787 0.033206406980752945 0.27312520146369934
-0.06386593729257584 0.10160842537879944 -0.4962151348590851
-0.043032754212617874 0.057470936328172684 -0.1244661882519722
-0.08575570583343506 -0.0584007203578949 0.22036325931549072
-0.03134472668170929 0.4767760634422302 0.551255464553833
-0.11917784065008163 0.340019166469574 0.37743091583251953
-0.05108116194605827 0.39598992466926575 0.39425453543663025
-0.1520412713289261 0.05321832373738289 0.36182844638824463
-0.13973233103752136 0.2901647388935089 0.33105364441871643
-0.08818194270133972 -0.12206370383501053 0.20797739923000336
-0.0635267123579979 0.06966279447078705 0.21331138908863068
-0.07788772881031036 0.02793264202773571 0.034621916711330414
-0.10976415127515793 -0.28604674339294434 -0.3788105249404907
-0.1146719753742218 -0.2245551496744156 0.15778067708015442
-0.09638875722885132 -0.06479736417531967 0.3252595067024231
0.06246815249323845 0.11099212616682053 -0.10346511751413345
-0.06503833085298538 0.0035614350344985723 0.251395046710968
-0.04118090122938156 -0.13253465294837952 0.20634064078330994
-0.018388260155916214 -0.010765155777335167 0.25411224365234375
-0.07159631699323654 0.07819823175668716 0.31102097034454346
-0.04641769081354141 0.004847139585763216 0.23092757165431976
-0.1361585557460785 0.2511736750602722 0.3129619061946869
0.06541744619607925 0.03154008090496063 0.10900341719388962
0.07068051397800446 0.004985190462321043 0.13295577466487885
-0.0719575583934784 0.02136712521314621 0.32390353083610535
-0.12431614845991135 0.2363361269235611 -0.0368182510137558
0.012391485273838043 0.06222425028681755 0.221574068069458
-0.02259284257888794 0.03388199210166931 0.17293207347393036
-0.0528382807970047 -0.13111531734466553 0.19015899300575256
0.06610309332609177 0.11384592950344086 0.32041773200035095
-0.07851936668157578 -0.33404889702796936 0.21570666134357452
-0.023147499188780785 -0.5646416544914246 -0.8608608245849609
0.05519140511751175 0.12058454751968384 0.26209768652915955
-0.09769987314939499 -0.10482203215360641 0.2997090518474579
-0.010894520208239555 -0.1254366636276245 -0.00046833441592752934
-0.13784493505954742 -0.23219573497772217 0.0916857123374939
-0.2202230989933014 -0.2030884325504303 0.17171284556388855
-0.10120140016078949 0.1487019807100296 0.09620200842618942
-0.09550132602453232 0.1377122551202774 -0.11086563020944595
-0.06064380332827568 -0.1284351646900177 0.08558712154626846
0.18165405094623566 0.07929665595293045 0.002550181932747364
-0.08536780625581741 0.09025970101356506 0.21831615269184113
-0.006448113825172186 -0.0646679624915123 -0.05322336032986641
-0.005365682300180197 -0.3583630919456482 -0.5308597087860107
-0.1334242969751358 -0.12096143513917923 0.13180053234100342
-0.0019425314385443926 0.16895581781864166 0.34925544261932373
-0.03218024969100952 -0.1406860500574112 -0.38868165016174316
0.10087988525629044 0.11316099017858505 0.058889638632535934
-0.04480356723070145 -0.05072252079844475 -0.44551512598991394
-0.1356571465730667 0.18336927890777588 0.29949745535850525
-0.09632303565740585 -0.3424568176269531 -0.4335017502307892
-0.1286875158548355 0.0866113156080246 0.31323617696762085
-0.08291865140199661 0.11420539021492004 0.23113147914409637
-0.03260849788784981 0.13788071274757385 -0.06781163811683655
0.001738390768878162 0.04872306063771248 0.31065595149993896
-0.008964885026216507 -0.04891834780573845 0.1894981861114502
-0.11341686546802521 0.27737686038017273 0.2729867398738861
-0.11768078804016113 -0.013431154191493988 0.24881482124328613
0.18997816741466522 0.05727654695510864 0.07224492728710175
-0.12488647550344467 0.19406652450561523 0.3170628547668457
-0.05232146754860878 0.3716270625591278 0.4888574481010437
0.1520611047744751 0.587399959564209 0.6726999282836914
-0.10616140067577362 0.20133499801158905 0.28675663471221924
-0.11649060994386673 0.16526836156845093 0.31138235330581665
-0.07825378328561783 -0.05202344059944153 0.2471369504928589
-0.058637674897909164 0.17706304788589478 0.29590871930122375
-0.068589948117733 0.2298181802034378 0.009331099689006805
-0.08583924174308777 0.03113359585404396 0.3464941382408142
0.03315657004714012 -0.0803903266787529 0.17785872519016266
-0.07049567997455597 0.1590036153793335 0.17471669614315033
0.04596865549683571 -1.033650517463684 -0.3212050497531891
-0.15262216329574585 -0.11745632439851761 0.24631331861019135
0.06475284695625305 0.004047553986310959 -0.1366386115550995
-0.06588643044233322 -0.04029611125588417 0.14642739295959473
0.004348267801105976 0.15278352797031403 0.3787127435207367
-0.11451949179172516 -0.09286023676395416 0.34690895676612854
-0.05723622441291809 0.08131279796361923 0.21593384444713593
-0.040589723736047745 0.15183407068252563 0.2627771198749542
-0.03960762172937393 0.037020280957221985 0.25057804584503174
-0.1008632481098175 0.5922916531562805 0.31491562724113464
-0.0226917564868927 0.006052580662071705 0.2623799443244934
-0.046002525836229324 0.013819092884659767 0.25467178225517273
-0.09167779237031937 0.5094138383865356 0.5519621968269348
-0.07178716361522675 0.58662348985672 0.27351683378219604
-0.1037338450551033 -0.0012453002855181694 0.2707264721393585
-0.08060416579246521 -0.08925686776638031 0.24181567132472992
-0.06549831479787827 -0.3165005147457123 -0.1141153872013092
0.10410954803228378 0.13243885338306427 0.16029363870620728
-0.17884185910224915 0.6038581132888794 0.4503374695777893
0.0816231518983841 0.17157121002674103 0.3529698848724365
-0.07325747609138489 -0.07408758997917175 0.07264910638332367
-0.11673391610383987 0.12388958036899567 0.018311547115445137
-0.06374233216047287 -0.05792255699634552 0.2543187737464905
-0.09195584058761597 -0.22222517430782318 0.06627567857503891
-0.031233325600624084 0.1371210366487503 0.37043219804763794
-0.12701155245304108 0.2289004921913147 0.30189064145088196
-0.0327824167907238 0.015982098877429962 0.2366391122341156
-0.06533987075090408 -0.08166643977165222 0.2719396650791168
-0.06123612821102142 0.10106758028268814 0.06839640438556671
-0.0763491615653038 0.014704804867506027 0.23521870374679565
-0.13396698236465454 0.1356414556503296 0.33637264370918274
-0.06364171952009201 -0.06415089219808578 -0.44169020652770996
-0.06350155174732208 0.16596463322639465 0.31048375368118286
-0.011339971795678139 0.18431980907917023 0.4047526717185974
-0.10475657135248184 -0.07226172089576721 -0.4511075019836426
0.0033629625104367733 0.24467924237251282 -0.026156192645430565
-0.07269653677940369 0.20054364204406738 0.08815986663103104
-0.07097931951284409 0.002565855160355568 0.16821233928203583
-0.11303061991930008 0.44853949546813965 0.35482460260391235
-0.07183699309825897 0.3510061800479889 -0.19918495416641235
-0.06916912645101547 -0.1406453549861908 -0.3905557692050934
-0.04934791475534439 0.30540087819099426 -0.0698215514421463
-0.0947163924574852 -0.05210047960281372 0.2652953863143921
0.00983455404639244 -0.13267381489276886 0.1185091957449913
-0.08506187796592712 0.11192931234836578 0.15390072762966156
-0.07744186371564865 0.04130253940820694 0.18303215503692627
0.017744312062859535 -0.03765963762998581 0.2529740035533905
-0.16137534379959106 0.20766887068748474 0.2725815176963806
-0.07132348418235779 0.13201408088207245 0.21076588332653046
-0.2886098325252533 0.19977547228336334 0.17938432097434998
-0.17701545357704163 -0.09506788104772568 0.24855802953243256
-0.21904276311397552 0.18331573903560638 0.4791019856929779
-0.06457891315221786 -0.14664682745933533 0.21035566926002502
-0.049633853137493134 0.33023637533187866 0.38125839829444885
-0.16415442526340485 0.34973639249801636 0.18583384156227112
0.011340543627738953 0.3620915412902832 0.2233511209487915
-0.06496872007846832 0.04425738751888275 0.3547047972679138
-0.10126788914203644 0.0045465431176126 0.305026113986969
-0.08939466625452042 0.08784329146146774 -0.09113894402980804
-0.10511726140975952 0.07526156306266785 -0.027399273589253426
0.08293742686510086 -0.5160219669342041 -0.21291878819465637
-0.06923948228359222 -0.16142745316028595 0.029191678389906883
-0.03229069337248802 0.02215169556438923 0.28021013736724854
-0.1412860006093979 0.1407986283302307 0.35939085483551025
-0.06328079849481583 -0.18511632084846497 -0.08515731990337372
-0.1056685596704483 0.05881081521511078 0.3549022674560547
-0.08598100394010544 -0.14801201224327087 0.3015584349632263
-0.09690648317337036 0.10925853252410889 0.15272048115730286
-0.15155339241027832 0.18274161219596863 0.36060193181037903
-0.10927809029817581 0.20339332520961761 0.2378014475107193
-0.029729804024100304 0.03781446814537048 -0.19066819548606873
-0.06945566087961197 -0.18838192522525787 -0.420002818107605
-0.08803025633096695 -0.18994146585464478 -0.08176857978105545
-0.08341921865940094 -0.09477992355823517 -0.08378571271896362
-0.08238199353218079 -0.09818264096975327 0.2372136265039444
-0.08351846784353256 0.2814438045024872 0.15893864631652832
-0.03286970406770706 -0.19665056467056274 0.16692222654819489
-0.08029156923294067 -1.0126713514328003 -0.4455276429653168
0.04873114824295044 0.09338925778865814 0.2318718135356903
0.0161844864487648 0.11808688193559647 0.406948059797287
-0.057806383818387985 0.009210368618369102 0.03428725153207779
-0.12230462580919266 0.032511141151189804 0.27225586771965027
0.06494060158729553 -0.10465977340936661 -0.4487737715244293
-0.19604387879371643 0.40713876485824585 0.5285512804985046
0.013195298612117767 0.0731462836265564 0.12087945640087128
-0.11225757002830505 -0.08195285499095917 0.353962242603302
-0.09352714568376541 -0.1868593692779541 -0.036234915256500244
-0.1341530829668045 0.013048570603132248 0.3476760983467102
-0.05388449877500534 0.02578892931342125 0.2402370274066925
-0.0187156330794096 0.07696697860956192 -0.020158784464001656
0.01704394444823265 0.13185298442840576 0.23898543417453766
0.011339964345097542 0.09677329659461975 -0.12986741960048676
-0.06461960077285767 -0.26089993119239807 0.29003921151161194
-0.05508707836270332 -0.24861955642700195 -0.14045503735542297
-0.006249689497053623 0.042120467871427536 0.2636670768260956
0.005312776193022728 -0.6455077528953552 0.009043547324836254
0.019966991618275642 0.23630358278751373 0.24413934350013733
-0.047517936676740646 0.13531102240085602 0.28339388966560364
0.00881283637136221 0.22675690054893494 0.29452234506607056
-0.05428352952003479 -0.09712193161249161 -0.13037168979644775
-0.06804344058036804 -0.28146302700042725 -0.04785272479057312
-0.023777784779667854 -0.22141672670841217 -0.013445163145661354
-0.1376550793647766 0.13818809390068054 0.35948583483695984
-0.004724231548607349 0.011912088841199875 0.13474653661251068
-0.017929399386048317 0.04570287466049194 0.30018457770347595
0.053843218833208084 -0.1303163319826126 0.04670906439423561
-0.14727921783924103 0.2318245768547058 0.37709590792655945
0.18502551317214966 -0.10364178568124771 -0.05598258227109909
-0.07276475429534912 0.0021937848068773746 0.29039543867111206
-0.07532811909914017 0.24638983607292175 -0.15546756982803345
-0.0899188444018364 0.030141862109303474 0.1401757448911667
-0.056835003197193146 0.08722061663866043 0.2717205882072449
-0.12045304477214813 -0.06079532206058502 -0.15699239075183868
-0.08619333058595657 -0.013463521376252174 -0.21497216820716858
-0.1177261620759964 0.06438577175140381 0.09391720592975616
-0.03792424499988556 -0.21784168481826782 0.05783235281705856
-0.16525153815746307 0.19073379039764404 0.349381685256958
0.011332174763083458 0.04241907224059105 0.06086372956633568
-0.028080912306904793 0.057398419827222824 0.3116718828678131
-0.07072333246469498 0.14663057029247284 0.3485298454761505
0.028273576870560646 0.21370387077331543 0.35374751687049866
-0.34297212958335876 -0.14072677493095398 0.15113027393817902
0.030559515580534935 0.05129580944776535 0.28055500984191895
-0.13667401671409607 0.03519401326775551 0.35113996267318726
-0.050160977989435196 0.028638849034905434 0.2664767801761627
0.2014571875333786 0.03718854486942291 0.23169898986816406
-0.0643019825220108 0.034570641815662384 0.2737642228603363
0.06928355991840363 -0.01434934139251709 0.07412231713533401
0.13707375526428223 -0.035462550818920135 0.2531675398349762
-0.18901754915714264 0.062134359031915665 -0.1932675540447235
0.2759215235710144 0.3687889575958252 -0.050873082131147385
-0.012798363342881203 -0.024602465331554413 -0.12738020718097687
-0.1712794303894043 0.2839195728302002 0.40658366680145264
-0.01528209075331688 -0.10919121652841568 -0.2867175042629242
0.12283727526664734 0.5863800048828125 0.3234049677848816
-0.09130622446537018 -0.1333758383989334 -0.525580108165741
-0.15854166448116302 0.20269864797592163 -0.00886424072086811
-0.08751621842384338 -0.2947605848312378 -0.0390569269657135
-0.04873211681842804 -0.0399571917951107 0.14084452390670776
-0.06688560545444489 -0.11305735260248184 -0.02043101377785206
-0.06675615906715393 0.31925010681152344 0.3299170732498169
0.08516372740268707 0.21059146523475647 0.17363204061985016
-0.13945575058460236 0.31388306617736816 0.27958935499191284
-0.0578034445643425 0.014643793925642967 0.22066883742809296
-0.07370005548000336 0.05208292230963707 0.22110344469547272
-0.14918604493141174 0.28328239917755127 0.06669022887945175
-0.09668257087469101 0.01036110520362854 0.3314668536186218
-0.11740291118621826 0.19772905111312866 0.037019260227680206
-0.08973562717437744 0.003928494639694691 0.15312956273555756
-0.10331223160028458 -0.1317751705646515 -0.41344165802001953
-0.10857652872800827 0.030997753143310547 0.2330518364906311
-0.09084594249725342 -0.08049579709768295 0.24537846446037292
0.1732276827096939 0.09339281171560287 -0.05582934990525246
-0.04648911580443382 0.04945765808224678 0.3141636848449707
0.14546582102775574 0.04016292095184326 0.2843637466430664
-0.061959199607372284 -0.3312457501888275 0.08784787356853485
-0.06261573731899261 0.02976703830063343 0.29071542620658875
0.1203044205904007 -0.03654410317540169 -0.34605345129966736
-0.08340516686439514 -0.022289244458079338 0.11114445328712463
-0.07339835911989212 -0.1578776240348816 0.13901327550411224
-0.0987921878695488 -0.11563724279403687 0.1558798849582672
-0.006279457360506058 0.00669837836176157 0.05551080033183098
-0.04790259152650833 0.052768953144550323 0.30987438559532166
0.04213361814618111 0.3420470654964447 0.37872326374053955
0.03313762694597244 0.15742936730384827 0.3572227358818054
0.05681911110877991 -0.32606738805770874 -0.09970641881227493
-0.08452855795621872 0.02806343324482441 0.2772881090641022
-0.1562282294034958 0.026180563494563103 0.35954514145851135
0.2286321073770523 -0.013533597812056541 -0.6315507292747498
-0.08608974516391754 0.09081491082906723 -0.027943313121795654
-0.08819886296987534 -0.02855883352458477 0.2830389738082886
-0.11887019872665405 -0.09344860166311264 -0.02648318000137806
-0.13306684792041779 0.4381711483001709 0.4770701825618744
-0.08855440467596054 -0.11108221113681793 0.16581794619560242
0.10941073298454285 -0.0550881065428257 -0.21341419219970703
-0.059021636843681335 0.16442954540252686 0.1941843330860138
-0.12377256900072098 -0.11415137350559235 0.16190491616725922
-0.06303280591964722 0.09595668315887451 -0.10768507421016693
-0.18121682107448578 0.4952303469181061 0.46988457441329956
-0.07553336024284363 0.5210844874382019 0.5873236656188965
-0.07651922851800919 0.11369651556015015 -0.12067582458257675
-0.04754285514354706 -0.12678493559360504 0.17085085809230804
-0.05702848732471466 0.3379470407962799 0.43428340554237366
0.03692245855927467 -0.03145689517259598 -0.022619755938649178
-0.10747940093278885 0.08049968630075455 0.24203643202781677
-0.2226247638463974 0.6790717244148254 0.22571972012519836
-0.008513282984495163 -0.21459978818893433 0.03401719778776169
-0.0427628792822361 -0.04567791894078255 0.11837363988161087
-0.02638048678636551 0.13072878122329712 0.23261120915412903
-0.16890478134155273 0.17918802797794342 0.3124612867832184
0.0013284542364999652 0.11674670875072479 0.1951826959848404
-0.11200934648513794 0.20572221279144287 0.3808279037475586
-0.0787627249956131 -0.1479959487915039 -0.043166957795619965
-0.04478656128048897 -0.5085333585739136 -0.2961753308773041
-0.09550628811120987 -0.03971115127205849 0.15588180720806122
-0.11969435960054398 -0.034078579396009445 -0.11956701427698135
0.13430964946746826 0.16143463551998138 0.18531031906604767
-0.09185272455215454 0.06152982637286186 0.1113707646727562
-0.04209063574671745 0.0715494304895401 0.21887604892253876
-0.07338619977235794 0.014492658898234367 0.285349577665329
-0.06752478331327438 0.04640483483672142 0.2904614508152008
0.021587099879980087 0.033784668892621994 -0.27312716841697693
-0.11262501776218414 -0.03612010180950165 0.00020738039165735245
-0.05962066724896431 -0.019467849284410477 0.32665082812309265
-0.07544795423746109 0.048244453966617584 0.3786156177520752
-0.11322157829999924 0.0658126100897789 0.35561928153038025
-0.0055373664945364 0.12947295606136322 0.28759804368019104
-0.02862890250980854 -0.1374141424894333 0.13206367194652557
-0.12342146039009094 -0.16417643427848816 -0.4769879877567291
-0.0625038892030716 -0.0457647405564785 0.16255876421928406
-0.046151790767908096 0.23354190587997437 0.1987360715866089
-0.03431066498160362 0.019132057204842567 0.27720123529434204
-0.10139923542737961 -0.011464592069387436 0.333175390958786
-0.06774214655160904 -0.06369037181138992 0.2011549025774002
-0.210904061794281 0.42455700039863586 0.35799354314804077
0.09757505357265472 0.04449028894305229 0.22292234003543854
-0.07792042940855026 -0.042400844395160675 0.12330135703086853
-0.06318535655736923 0.041242942214012146 0.12135516852140427
-0.08526009321212769 0.019096363335847855 0.3341847062110901
-0.18316780030727386 -0.5394870638847351 0.12577590346336365
-0.06870236247777939 0.14895157516002655 0.0035505308769643307
-0.07658693194389343 -0.06327628344297409 -0.012817934155464172
-0.05580994114279747 -0.006640069652348757 0.21728357672691345
-0.0956808403134346 0.2010948359966278 0.10037615150213242
-0.0771263986825943 0.010180851444602013 0.3190319538116455
-0.02526089735329151 0.13441291451454163 0.29186704754829407
-0.016801007091999054 0.04486435279250145 0.2718123197555542
-0.08709807693958282 -0.17585556209087372 -0.000558230560272932
-0.03304726630449295 0.04777729883790016 -0.3080911636352539
-0.11887121945619583 -0.05698111653327942 0.31646186113357544
-0.0986647829413414 -0.059331923723220825 0.22295954823493958
-0.17792300879955292 0.4972843825817108 0.673065721988678
0.03146318718791008 0.06409116834402084 -0.153805673122406
-0.056778669357299805 0.030146250501275063 -0.34308671951293945
-0.0773545354604721 0.15679007768630981 0.32013821601867676
-0.0808848962187767 -0.17366404831409454 0.09101489186286926
-0.07703349739313126 -0.14733654260635376 0.13603425025939941
0.20197516679763794 0.10704273730516434 -0.12007272988557816
-0.048517465591430664 0.030187072232365608 0.1510801613330841
-0.012431511655449867 0.007999202236533165 0.21405605971813202
0.011917326599359512 0.014450686052441597 -0.19886870682239532
-0.01880316622555256 0.049851108342409134 0.30594170093536377
-0.09302688390016556 0.19495715200901031 0.4259618818759918
-0.08669418096542358 0.07521111518144608 -0.18305367231369019
-0.11281096190214157 0.04381931945681572 0.26224005222320557
0.035249412059783936 -0.3531334400177002 0.05903355032205582
-0.09425829350948334 0.0735335573554039 0.1654077023267746
0.11531329900026321 0.14076381921768188 -0.3936918377876282
-0.2551690638065338 0.5899245142936707 0.3839133381843567
0.00412269402295351 0.057165879756212234 0.2635648548603058
-0.09823548793792725 0.1488296389579773 0.12473300099372864
-0.06719981878995895 0.1655386984348297 0.20360057055950165
-0.10714797675609589 0.02418094128370285 0.30431702733039856
-0.15167178213596344 0.05927570164203644 0.4463210105895996
-0.20062850415706635 0.1673850566148758 -0.09397056698799133
-0.025034980848431587 0.0788576602935791 -0.1584697961807251
0.14738015830516815 0.0704314112663269 -0.11711522936820984
0.00548600684851408 0.32995131611824036 0.43336430191993713
-0.11695100367069244 0.5608838200569153 0.529914379119873
0.004417083226144314 0.10144498199224472 0.12274593859910965
-0.11133845150470734 -0.16633197665214539 0.34111288189888
-0.09266377240419388 0.03975580632686615 0.05323293060064316
-0.11990117281675339 -0.24512352049350739 0.3179604113101959
0.04470207914710045 0.07858192920684814 -0.13465598225593567
-0.032793913036584854 0.101004458963871 0.32074135541915894
-0.18382123112678528 0.5954886674880981 0.4648520052433014
-0.03777942433953285 0.03381366282701492 -0.2247225046157837
0.00721444608643651 -0.09030736982822418 -0.42437827587127686
-0.0439850352704525 -0.31419456005096436 -0.08672351390123367
-0.04485229402780533 -0.03761015087366104 0.2520795166492462
-0.035705581307411194 0.22300586104393005 0.29568037390708923
-0.017615946009755135 0.2195393294095993 0.30253878235816956
-0.11230536550283432 0.22650091350078583 0.09312723577022552
-0.09272076934576035 -0.2480240911245346 0.12382911890745163
-0.06360212713479996 0.14709867537021637 0.14338691532611847
-0.07188452780246735 -0.03810906037688255 0.272731751203537
-0.053918834775686264 0.06909167021512985 0.04427749291062355
-0.08912049233913422 -0.1751943975687027 0.04312383383512497
-0.17186887562274933 0.0466376468539238 0.3093333840370178
-0.09208390861749649 0.045136719942092896 0.32819312810897827
-0.01775655522942543 0.08020402491092682 0.31396958231925964
-0.05036849528551102 0.031948022544384 0.25446078181266785
-0.12803727388381958 0.04303591698408127 0.345136433839798
-0.09868573397397995 -0.09870030730962753 -0.5325614213943481
-0.10288626700639725 -0.256049782037735 0.20205657184123993
-0.18352116644382477 0.5555553436279297 0.2595713436603546
-0.10554098337888718 0.025450700893998146 0.3075729310512543
0.058490149676799774 0.08321916311979294 -0.5727217793464661
0.017528681084513664 0.2226167619228363 0.36001336574554443
-0.003889252431690693 0.06858350336551666 -0.04533405601978302
0.03535677492618561 0.42220112681388855 0.4157348573207855
-0.07791075855493546 0.09371604025363922 -0.00618132995441556
-0.07498092949390411 -0.2445882260799408 0.21508507430553436
-0.17268672585487366 0.3710997700691223 0.4773649573326111
-0.06785674393177032 -0.020950566977262497 0.1176096498966217
0.07746928185224533 0.3255961537361145 0.5704243183135986
-0.13731813430786133 -0.14873482286930084 0.31127268075942993
-0.06536683440208435 -0.019518161192536354 0.28436699509620667
-0.09437937289476395 -0.2121027559041977 -0.12027896195650101
-0.016527440398931503 0.0813254714012146 -0.1446056067943573
-0.04767538607120514 -0.47211477160453796 -0.4230293333530426
-0.062045007944107056 0.2719740867614746 0.38715100288391113
-0.09278729557991028 0.0659979060292244 0.23739361763000488
-0.04088760167360306 0.22074942290782928 0.2984141707420349
-0.11313263326883316 0.12989988923072815 0.18322883546352386
-0.14345373213291168 0.2832885980606079 -0.08599939197301865
-0.10240762680768967 0.39833155274391174 0.3459332585334778
-0.10321381688117981 0.13645698130130768 0.2987232208251953
-0.08460309356451035 0.07649388164281845 -0.08888260275125504
0.0006364926812238991 0.5079966187477112 0.6439244747161865
-0.06855082511901855 -0.14425241947174072 0.1426192820072174
-0.11588411778211594 0.7057930827140808 0.36699119210243225
-0.03530944883823395 0.06646060943603516 0.3109549582004547
-0.00889120064675808 0.1897394359111786 0.007736677303910255
-0.1704554557800293 0.43479403853416443 0.21902340650558472
-0.08332665264606476 -0.15781933069229126 0.12360262870788574
-0.09235963970422745 0.04610073193907738 0.20878390967845917
-0.03674692288041115 0.07284293323755264 0.14554929733276367
0.05600110441446304 0.34797051548957825 0.4677638113498688
-0.06450109928846359 -0.09938287734985352 0.16583777964115143
-0.11068922281265259 0.12671945989131927 0.3353422284126282
-0.08824130147695541 0.09360197186470032 0.15139877796173096
0.02571028098464012 0.02566155605018139 0.1939191371202469
-0.024740876629948616 0.19700103998184204 0.18799443542957306
-0.03294292837381363 0.06627073138952255 0.23438973724842072
-0.10408184677362442 -0.11746488511562347 -0.06657140702009201
-0.029393142089247704 -0.11297493427991867 0.21049927175045013
-0.13365790247917175 0.14621391892433167 0.3349500596523285
0.05199563130736351 0.10136834532022476 0.08696112781763077
0.06145022064447403 -0.11342395842075348 0.05242820456624031
-0.1209479346871376 -0.06016231328248978 0.36494216322898865
-0.07303053140640259 -0.009256264194846153 0.17821650207042694
-0.0933258980512619 0.04182128980755806 0.3309345543384552
-0.00040177430491894484 0.09597323834896088 -0.05063923820853233
-0.030063875019550323 -0.0017722183838486671 0.14639389514923096
-0.08159686625003815 -0.2430826872587204 0.00879641529172659
0.1962914913892746 -0.09737686067819595 0.20313425362110138
-0.1233048364520073 0.21195481717586517 0.25388792157173157
-0.051565974950790405 -0.1436852067708969 0.10900599509477615
-0.0815354660153389 -0.10531854629516602 0.23901744186878204
-0.11579380929470062 -0.16785377264022827 0.13143283128738403
0.01124616339802742 0.07938370108604431 -0.4362136721611023
-0.09255772829055786 -0.40336495637893677 0.08970501273870468
-0.04350820556282997 0.11625856161117554 0.01444181427359581
-0.03833400085568428 0.174308642745018 -0.01626514457166195
-0.02546902745962143 0.23080648481845856 0.3947535753250122
-0.34691935777664185 -0.6284120082855225 0.020586008206009865
-0.12563207745552063 0.21994884312152863 0.29494550824165344
-0.07668028026819229 -0.01429072953760624 0.10381976515054703
-0.07592438906431198 -0.18074195086956024 -0.06221326068043709
-0.10811331123113632 -0.09023040533065796 0.2852345108985901
-0.05731460079550743 0.04655950516462326 0.16994540393352509
-0.031333014369010925 0.24092601239681244 0.15970925986766815
-0.05739907920360565 -0.12486257404088974 0.0916670560836792
-0.06111988425254822 0.24146097898483276 0.10492327064275742
-0.07254313677549362 0.03655087202787399 0.2483777552843094
-0.08651682734489441 -0.24639396369457245 -0.18913988769054413
-0.09916006773710251 0.09581363946199417 0.18991586565971375
-0.09886723756790161 -0.055759016424417496 0.18420399725437164
-0.2052471935749054 0.5860934853553772 0.2693863809108734
-0.12990674376487732 -0.06089993193745613 0.3619523048400879
0.0486617349088192 -0.30209991335868835 -0.43811115622520447
-0.07686515152454376 -0.05194106325507164 0.23551969230175018
-0.21581879258155823 0.46514785289764404 0.5357541441917419
-0.09488245844841003 0.2831752598285675 -0.11929365247488022
0.06736075133085251 0.05693252384662628 -0.06939001381397247
0.09779921919107437 0.11535989493131638 -0.07069201022386551
-0.18993625044822693 0.2508089542388916 0.3667677342891693
-0.13874804973602295 0.2825394868850708 -0.1773703545331955
-0.07562626153230667 -0.14704769849777222 -0.4262460470199585
-0.07378289848566055 -0.25833794474601746 0.0727028101682663
0.12070055305957794 0.4029201865196228 0.5019487142562866
0.03788163885474205 0.04909589886665344 0.15904732048511505
-0.08301693201065063 -0.01924440637230873 0.19321776926517487
0.024010637775063515 0.0572570338845253 0.2796546518802643
0.010903613641858101 -0.14366133511066437 0.08674123138189316
-0.0966293141245842 -0.07110089063644409 0.19660627841949463
-0.11011144518852234 0.06469998508691788 0.30878621339797974
-0.08431316167116165 0.0664978176355362 0.27526625990867615
-0.006810266058892012 0.0812094658613205 -0.020216723904013634
-0.14074762165546417 0.17381516098976135 -0.14925915002822876
-0.0860898345708847 -0.12415868788957596 0.24477986991405487
-0.04438683018088341 0.5195144414901733 0.33230578899383545
-0.03933189809322357 0.16679613292217255 0.08735020458698273
-0.07613100856542587 -0.04638832435011864 0.15919698774814606
-0.07694126665592194 0.045303624123334885 0.3239046037197113
0.09094215929508209 0.04866381734609604 0.2536909878253937
-0.12223945558071136 0.042919423431158066 0.3298458456993103
-0.09395991265773773 -0.2191791981458664 -0.21662847697734833
0.04619966074824333 -0.11744695156812668 -0.06716425716876984
-0.1598983258008957 0.5315052270889282 0.5263285636901855
0.017368489876389503 0.13489416241645813 -0.23600290715694427
-0.14754962921142578 0.15874965488910675 0.28002631664276123
-0.050184816122055054 0.08473682403564453 0.2576749324798584
-0.07313147187232971 -0.005287980195134878 0.24405883252620697
-0.09111011773347855 0.06581161916255951 0.34728363156318665
-0.021664507687091827 -0.4151042699813843 -0.02372671104967594
0.07837321609258652 -0.002623387146741152 0.25802353024482727
0.1327783614397049 0.06544966250658035 -0.1691376119852066
-0.07987914234399796 0.017132792621850967 0.3509908616542816
-0.26764118671417236 0.5822009444236755 0.5329158902168274
-0.019240880385041237 -0.38883349299430847 -0.3801255226135254
-0.13547411561012268 0.23654744029045105 0.19194942712783813
-0.08752169460058212 -0.24800825119018555 0.001368067692965269
0.024564122781157494 0.22997711598873138 0.3190695643424988
-0.029194314032793045 -0.008443066850304604 0.15160852670669556
0.025447338819503784 0.01845020242035389 -0.19488294422626495
-0.10573561489582062 0.13685326278209686 -0.08476506173610687
0.03820651397109032 0.1823507845401764 -0.0723341703414917
-0.04938171058893204 -0.15410350263118744 0.1104288399219513
-0.033806730061769485 -0.06427495926618576 0.27291253209114075
-0.04836728423833847 -0.05974898114800453 0.17459701001644135
-0.04010485112667084 0.2352985143661499 0.04639362171292305
0.18142277002334595 0.22285421192646027 0.1736113578081131
-0.0929218977689743 0.06671389192342758 0.09283052384853363
-0.045736558735370636 -0.06184666231274605 0.236540749669075
-0.22261792421340942 0.13480448722839355 0.31866031885147095
-0.12213067710399628 -0.2185116410255432 0.09094274044036865
-0.06459005922079086 0.1386786699295044 0.3886738717556
-0.07437389343976974 0.029046280309557915 0.2939251661300659
0.08441620320081711 0.3687230050563812 0.18215574324131012
-0.0840710923075676 0.012382002547383308 0.18272097408771515
-0.12502743303775787 -0.3052091896533966 0.2533886730670929
-0.07138308882713318 -0.015451164916157722 0.270160436630249
-0.07769357413053513 0.10602360963821411 0.1684717983007431
-0.20016399025917053 0.6859422326087952 0.694056510925293
-0.041265614330768585 0.08215194940567017 0.3073779046535492
-0.06349914520978928 -0.695168673992157 0.07627549767494202
-0.10704953968524933 0.059700753539800644 -0.06625904142856598
-0.03697562590241432 0.061769526451826096 0.1584092080593109
-0.18065720796585083 0.3081713020801544 0.4229046106338501
-0.05713106691837311 0.1207321435213089 -0.2394678145647049
-0.08371326327323914 0.025920696556568146 0.12628932297229767
-0.049894239753484726 0.2132844775915146 0.38323429226875305
-0.159963920712471 0.27776530385017395 0.4314987063407898
-0.057285454124212265 0.000400810269638896 0.13703356683254242
0.15573984384536743 0.1012306660413742 0.03842836618423462
-0.12103299051523209 0.15553291141986847 -0.08330821990966797
0.008153282105922699 -0.22435320913791656 0.2062397003173828
-0.07650941610336304 0.1034470945596695 0.08162245899438858
-0.058182235807180405 0.09509371966123581 -0.12492603808641434
0.11565813422203064 -0.04035972058773041 -0.36911192536354065
-0.09928209334611893 -0.12717558443546295 -0.16204893589019775
-0.21853749454021454 0.4054718017578125 0.27788978815078735
-0.06700024753808975 -0.01426888257265091 0.28878411650657654
-0.025891872122883797 0.07075686007738113 0.1052669808268547
0.015278410166501999 -0.13959373533725739 0.10420706868171692
-0.07734741270542145 0.05671210214495659 -0.22400599718093872
0.0438772514462471 0.22895745933055878 0.42123767733573914
-0.09008543193340302 0.1897057294845581 0.3865510821342468
-0.1181325614452362 -0.11899889260530472 -0.9890390634536743
-0.13313953578472137 -0.25133681297302246 0.16462790966033936
-0.11359432339668274 -0.0309810321778059 0.19449248909950256
-0.03993180766701698 -0.037474166601896286 0.0983593612909317
-0.0877162292599678 -0.012955818325281143 0.27061155438423157
-0.17569048702716827 0.27596211433410645 0.36304575204849243
0.1491670459508896 -0.10484682023525238 0.08444575220346451
-0.1423529088497162 0.1826983392238617 0.31747445464134216
-0.03453223407268524 0.08558402955532074 0.24684320390224457
0.04213695973157883 0.14728115499019623 0.12637446820735931
0.09979908168315887 0.12158088386058807 0.30162155628204346
-0.12694044411182404 0.08134930580854416 0.2194976508617401
0.005513572134077549 -0.03820614144206047 0.23378580808639526
-0.06876000761985779 0.0701221376657486 0.31118354201316833
0.010502813383936882 0.14521202445030212 0.05968673527240753
-0.127659872174263 0.3284994065761566 0.4808390438556671
-0.09757601469755173 0.038924962282180786 0.3165147304534912
-0.09953535348176956 -0.20214882493019104 -0.32793477177619934
-0.007870316505432129 0.09222796559333801 0.2057015299797058
-0.02051272988319397 0.11386384069919586 0.07516941428184509
-0.04559707269072533 0.2212817370891571 0.07490742951631546
-0.1099320724606514 -0.08160737156867981 0.33628296852111816
-0.08542902022600174 0.19726967811584473 0.3036336898803711
-0.08221326768398285 0.1247706338763237 0.05937298387289047
-0.09017059952020645 -0.07802063226699829 0.324850469827652
-0.06796335428953171 -0.3022308349609375 0.14975100755691528
-0.010196717455983162 0.14322885870933533 0.16118142008781433
-0.031922709196805954 0.04808749258518219 0.25767502188682556
0.14894933998584747 -0.5206701159477234 -0.43346256017684937
-0.018583640456199646 -0.024234436452388763 0.0873079001903534
-0.05088558793067932 -0.03807341307401657 0.04733508825302124
-0.1558215171098709 0.041100502014160156 0.35149696469306946
-0.08845673501491547 0.04464993253350258 0.36903470754623413
0.11880464106798172 0.07935444265604019 0.29187333583831787
-0.00029606674797832966 -0.012831412255764008 0.07029372453689575
-0.07783818244934082 -0.03505605459213257 0.045443110167980194
-0.05708971619606018 0.11016608774662018 0.3212202489376068
0.023562679067254066 0.16972528398036957 -0.17045022547245026
0.00811923947185278 0.13199745118618011 0.18865041434764862
0.08132053166627884 0.167587012052536 0.13437846302986145
-0.1112002432346344 0.06492794305086136 0.07467833906412125
