ply
format ascii 1.0
element vertex 2048
property float x
property float y
property float z
end_header
0.11930689960718155 0.026777375489473343 -0.24096304178237915
-0.19845697283744812 0.008371835574507713 0.0472053661942482
-0.13524115085601807 -0.15520167350769043 -0.055429160594940186
-0.07295314967632294 -0.3757708668708801 -0.15300264954566956
-0.1809970736503601 -0.3454892039299011 -0.053045615553855896
0.08443750441074371 0.04354044422507286 -0.1225067600607872
0.14485467970371246 -0.5833082795143127 -0.17867311835289001
0.1524520218372345 0.30837181210517883 0.34562376141548157
-0.19126074016094208 -0.1237565204501152 -0.117190882563591
-0.13406755030155182 -0.23484720289707184 -0.07777855545282364
-0.2001875638961792 -0.2673795521259308 0.41566210985183716
-0.14470645785331726 0.029384968802332878 -0.10874229669570923
-0.08889593183994293 -0.18032139539718628 0.038965992629528046
-0.20414109528064728 -0.08934839069843292 0.22521167993545532
-0.2568896412849426 0.08655423671007156 0.257575124502182
-0.2190902680158615 -0.10167951136827469 0.1476370245218277
-0.08779444545507431 -0.07409676909446716 0.387685090303421
-0.28189322352409363 0.325363427400589 0.15635479986667633
-0.06118616461753845 -0.327839732170105 -0.3943192958831787
-0.019741835072636604 -0.0888691246509552 -0.020785411819815636
-0.09503453224897385 -0.019894393160939217 -0.2412109225988388
-0.2448505163192749 -0.5021761655807495 -0.08156163990497589
-0.25327056646347046 0.20021215081214905 0.8930201530456543
-0.40699344873428345 0.027768759056925774 0.21380667388439178
0.18373161554336548 0.21031635999679565 -0.20772825181484222
-0.221278578042984 -0.1902354508638382 -0.49007612466812134
-0.44841066002845764 -0.09391096234321594 0.2401929497718811
0.005362352356314659 0.012792015448212624 0.2706971764564514
-0.12091613560914993 -0.15538914501667023 -0.25887441635131836
-0.06390246003866196 -0.3833920955657959 0.031072843819856644
-0.04000289365649223 -0.029524952173233032 0.20364108681678772
-0.14682495594024658 -0.08538607507944107 0.13011302053928375
-0.15394535660743713 -0.07175863534212112 -0.08297371119260788
-0.29443734884262085 0.22209715843200684 0.3272147476673126
-0.023038361221551895 -0.29542818665504456 0.034398313611745834
-0.3244453966617584 0.22260499000549316 0.5995187163352966
-0.20393429696559906 0.007709764875471592 -0.07987063378095627
-0.1589415967464447 -0.06111941859126091 0.4211066961288452
-0.18417000770568848 0.07754535973072052 0.28885844349861145
-0.0982171818614006 -0.489645779132843 -0.09679096937179565
-0.1716126650571823 -0.1511162668466568 0.32738006114959717
-0.007912036031484604 0.06334374845027924 0.3690621256828308
-0.15943458676338196 -0.36637988686561584 0.12030010670423508
0.018371473997831345 -0.2497919797897339 0.038002073764801025
-0.3776833713054657 -0.011229369789361954 0.47287556529045105
0.14468348026275635 -0.1218300387263298 -0.05472218990325928
-0.2615210711956024 -0.11805830895900726 0.3731640577316284
-0.4938783049583435 -0.1648893654346466 0.09440658986568451
-0.09098821133375168 -0.24031782150268555 -0.20396362245082855
-0.28929412364959717 -0.15715879201889038 0.298242449760437
-0.16351868212223053 0.1782601922750473 -0.22701266407966614
-0.16131243109703064 -0.15939819812774658 -0.25098317861557007
-0.39134928584098816 0.1017233356833458 -0.1480444073677063
-0.2730794847011566 -0.3656988739967346 -0.06014769896864891
0.011761434376239777 -0.18440254032611847 0.10230537503957748
0.09444792568683624 -0.2987208664417267 -0.22957412898540497
-0.22373533248901367 -0.15663117170333862 0.24817970395088196
-0.05210662633180618 -0.2698374390602112 0.07953626662492752
0.24376216530799866 -0.05135568231344223 0.11304178833961487
-0.0812687873840332 -0.06278437376022339 0.3807317912578583
-0.37587636709213257 0.0053429873660206795 0.18891647458076477
-0.08522053062915802 -0.15252402424812317 -0.057906679809093475
-0.24994131922721863 -0.09271981567144394 0.11368291825056076
-0.2585357427597046 0.01664288528263569 0.1370888352394104
-0.09398601204156876 0.032611168920993805 0.053745098412036896
-0.2212144285440445 -0.12421344965696335 -0.10197114199399948
-0.2204485535621643 -0.01802457869052887 0.3079097270965576
-0.1221265196800232 -0.23601558804512024 0.0130626130849123
-0.28068995475769043 -0.005978539120405912 0.25355929136276245
-0.1601739525794983 -0.17489442229270935 -0.20455949008464813
-0.5385709404945374 -0.21259617805480957 0.0049633244052529335
-0.15084275603294373 -0.013502100482583046 -0.3481174409389496
-0.18394704163074493 -0.10733673721551895 -0.10029147565364838
-0.24460813403129578 -0.08365125954151154 0.3276730477809906
-0.35385510325431824 -0.07934680581092834 0.2123829424381256
-0.42056089639663696 -0.24955826997756958 0.10405578464269638
-0.07367562502622604 -0.3983560800552368 -0.29671913385391235
-0.1453520655632019 0.10908126831054688 0.4833073019981384
0.08951412886381149 -0.29170528054237366 -0.19175302982330322
-0.4225812554359436 0.19030070304870605 0.5106207728385925
-0.20707714557647705 0.13447828590869904 0.19769549369812012
-0.1533123403787613 -0.1073617935180664 0.01926046423614025
-0.34941989183425903 -0.015323137864470482 -0.0035727666690945625
-0.17803281545639038 -0.14954301714897156 0.4776236414909363
-0.06648241728544235 -0.09485921263694763 0.3174406886100769
0.009907560423016548 0.09465628117322922 0.13252951204776764
-0.1772555112838745 -0.4048430621623993 -0.07627709209918976
-0.09660430997610092 -0.3569575250148773 -0.5350639224052429
-0.2534043490886688 -0.2129620760679245 0.08320621401071548
0.05323081463575363 -0.16387344896793365 0.09876564145088196
0.27126747369766235 -0.19002170860767365 0.0228675976395607
0.2655150294303894 -0.18931862711906433 0.009984288364648819
-0.1990145891904831 0.06110864132642746 0.4515286982059479
-0.23960742354393005 -0.18984173238277435 -0.14570869505405426
-0.39520540833473206 -0.04653674364089966 0.40414589643478394
0.17566555738449097 -0.13937249779701233 0.328141450881958
-0.3799291253089905 -0.10934354364871979 -0.4225962162017822
-0.34098750352859497 -0.022611746564507484 0.24659280478954315
0.14649659395217896 -0.23066185414791107 -0.03462030366063118
-0.023114986717700958 -0.41785967350006104 0.30833813548088074
-0.6667668223381042 0.3395444452762604 -0.25075262784957886
-0.39768147468566895 0.06605752557516098 0.08454805612564087
-0.21203801035881042 -0.24642299115657806 0.48689618706703186
0.006100767757743597 -0.12835745513439178 -0.7453389167785645
0.022198578342795372 -0.014144815504550934 0.01329941488802433
-0.12099606543779373 -0.038569048047065735 0.15783460438251495
-0.2389632761478424 0.12249169498682022 0.433648943901062
-0.04594603553414345 -0.2325233668088913 0.0024360911920666695
-0.2122872918844223 -0.08715389668941498 0.07336664944887161
-0.07873982191085815 -0.12251110374927521 -0.49275341629981995
-0.06681297719478607 0.024194857105612755 0.20902663469314575
-0.05649774894118309 0.0421416237950325 0.16286759078502655
-0.0448911227285862 -0.16738758981227875 -0.42271068692207336
-0.2816026508808136 -0.04417863115668297 -0.06402115523815155
-0.144754096865654 -0.23126927018165588 0.09477201104164124
-0.20901067554950714 0.1299997717142105 -0.044353459030389786
-0.1035812720656395 0.05629737675189972 0.100934237241745
0.03215775266289711 -0.23697185516357422 -0.4934364855289459
0.06949970126152039 -0.06660725921392441 -0.18871988356113434
-0.19727592170238495 0.07807399332523346 0.10755494982004166
-0.31748124957084656 -0.1704251915216446 0.27538904547691345
-0.08326185494661331 -0.1514870673418045 -0.4123789966106415
-0.17431198060512543 -0.3202918469905853 -0.10296092182397842
0.11157697439193726 -0.24732618033885956 0.17606745660305023
-0.2105405181646347 0.03983830288052559 0.5829775333404541
-0.2969149053096771 0.09105173498392105 -0.15027017891407013
-0.35411450266838074 0.02571314200758934 0.0013832382392138243
-0.19395811855793 -0.12379718571901321 0.07689650356769562
-0.10582370311021805 -0.04590018838644028 0.4001178741455078
-0.14025571942329407 0.010165035724639893 0.38677239418029785
-0.049825556576251984 -0.3381335139274597 -0.15953169763088226
0.03253255784511566 0.01250772550702095 0.07210420817136765
0.2560745179653168 -0.25842103362083435 -0.07955814152956009
-0.1960846483707428 -0.09919615089893341 -0.15471923351287842
-0.03771328181028366 0.13961514830589294 0.17549534142017365
-0.18445706367492676 -0.37288394570350647 0.21683689951896667
-0.12945787608623505 -0.0018193423748016357 0.3396933376789093
-0.3384234309196472 -0.028239384293556213 0.41376593708992004
-0.17388983070850372 -0.1707514077425003 -0.48565685749053955
-0.3779098689556122 0.22429893910884857 0.7641018629074097
-0.1522296965122223 0.18305703997612 -0.019670555368065834
-0.00589509354904294 -0.23215702176094055 -0.28739240765571594
-0.085893914103508 -0.2992413341999054 0.07335460186004639
-0.1604594588279724 -0.059352535754442215 0.17684149742126465
-0.38035088777542114 -0.21873554587364197 -0.37362441420555115
-0.16680414974689484 -0.14073793590068817 0.1638956516981125
-0.27863815426826477 -0.12901240587234497 -0.2655492424964905
-0.16393183171749115 -0.31997165083885193 -0.15620547533035278
0.04315461590886116 -0.376620352268219 0.05732594057917595
0.06356777995824814 0.04714395850896835 0.4461508095264435
0.11518249660730362 -0.16339661180973053 -0.3012261390686035
-0.14840006828308105 -0.13560399413108826 0.10942443460226059
-0.28453588485717773 -0.2097846269607544 -0.3621218502521515
-0.26359617710113525 -0.15475672483444214 0.07352954149246216
-0.13966681063175201 -0.18799355626106262 0.2072068750858307
-0.2845708131790161 -0.23009803891181946 -0.3336266279220581
-0.2479982227087021 -0.2955585718154907 0.19073829054832458
-0.1531592756509781 -0.21208517253398895 -0.17969894409179688
-0.29228904843330383 -0.28152361512184143 -0.022197598591446877
-0.16784018278121948 0.07736492902040482 0.16964034736156464
-0.299699068069458 -0.07287489622831345 0.2399180829524994
-0.14671236276626587 0.09192951768636703 0.02774304337799549
-0.1288030594587326 -0.03852327913045883 0.3577042818069458
-0.29071494936943054 -0.04357730224728584 0.4588642120361328
-0.3598617911338806 -0.40549519658088684 0.06530988216400146
-0.12347851693630219 -0.1645912379026413 0.05311070382595062
-0.8116337656974792 -0.14130736887454987 -0.03322722762823105
-0.005053822882473469 0.06170931085944176 0.1311693787574768
-0.14389577507972717 0.003617336740717292 0.032284513115882874
-0.20534974336624146 -0.2942526638507843 -0.18455161154270172
-0.42319896817207336 0.20178931951522827 -0.24878811836242676
0.08211652934551239 -0.2763317823410034 -0.2321597933769226
-0.1536140888929367 -0.17921413481235504 0.4368399679660797
-0.1206776574254036 -0.5887051224708557 0.06124526634812355
-0.04182383790612221 -0.14868484437465668 0.5532717108726501
-0.04757280275225639 0.038182538002729416 0.3130587339401245
-0.2855783700942993 -0.13410717248916626 0.22458843886852264
-0.13033796846866608 -0.20829305052757263 0.06603679805994034
0.05632036551833153 -0.2044525146484375 0.03120570257306099
-0.30441370606422424 -0.12610295414924622 -0.3386151194572449
-0.1315666139125824 0.23456354439258575 0.0985025018453598
-0.013752087950706482 0.3101673126220703 -0.07949350774288177
-0.18883973360061646 -0.2968442738056183 0.14889031648635864
-0.01117509976029396 0.15141081809997559 0.03392131254076958
-0.39854735136032104 0.07095534354448318 -0.388100266456604
0.11555685847997665 -0.27403226494789124 0.05021621659398079
-0.08190732449293137 -0.048096779733896255 0.3178282678127289
0.008582906797528267 0.18555259704589844 0.5076093077659607
-0.23470820486545563 0.16052263975143433 -0.27566930651664734
-0.1999424695968628 -0.7213815450668335 -0.04092699661850929
-0.21378473937511444 -0.3057385981082916 0.0723966434597969
-0.17067523300647736 -0.10211978107690811 -0.12873685359954834
-0.22856268286705017 -0.14635300636291504 -0.3813878297805786
0.06017393246293068 -0.2591564953327179 0.11698206514120102
-0.1847909390926361 -0.027346301823854446 0.04126714542508125
-0.3579603433609009 -0.01683904230594635 0.09037400782108307
-0.3301984965801239 -0.2461986094713211 0.16195906698703766
-0.21645039319992065 -0.33314695954322815 0.005573003552854061
-0.11797063052654266 -0.17310012876987457 -0.057184863835573196
0.34943729639053345 -0.48189404606819153 -0.15220694243907928
-0.09802720695734024 0.15950775146484375 0.247900128364563
-0.04782423749566078 -0.059710461646318436 0.32947269082069397
-0.11914876848459244 -0.15288741886615753 0.11585881561040878
-0.3636680245399475 -0.0005905095022171736 0.02301603928208351
-0.5210744142532349 -0.09073400497436523 0.08624045550823212
-0.420467346906662 0.11361004412174225 -0.1608899086713791
-0.07030357420444489 -0.2937562167644501 -0.5163047313690186
0.03976648300886154 -0.39156484603881836 0.015261245891451836
-0.20105622708797455 -0.04425247386097908 0.023069245740771294
-0.052983202040195465 -0.10349850356578827 0.20973293483257294
0.027206331491470337 -0.14610044658184052 -0.24890035390853882
-0.014775877818465233 0.09929529577493668 0.294739693403244
-0.29244545102119446 -0.005601168610155582 0.634719967842102
-0.106168232858181 -0.14116866886615753 0.3244536519050598
-0.32983604073524475 0.060179103165864944 -0.1699572205543518
-0.057104211300611496 -0.23230281472206116 -0.05730028823018074
-0.048489075154066086 -0.13996835052967072 0.09410790354013443
-0.12586341798305511 -0.19786584377288818 -0.291733056306839
-0.07431872934103012 0.13038386404514313 0.2969799339771271
0.10436297208070755 -0.024198666214942932 0.03434852138161659
0.17062005400657654 0.06883595138788223 0.5568831562995911
0.036726973950862885 -0.21544431149959564 -0.3353777229785919
-0.2850185036659241 0.10349489748477936 0.17199602723121643
-0.17370310425758362 -0.10613597929477692 0.07105198502540588
-0.2510053515434265 -0.05956442281603813 0.2693538963794708
-0.25866273045539856 -0.06257925927639008 0.4332592785358429
-0.16669778525829315 0.04366590082645416 0.46554288268089294
-0.018507886677980423 -0.17541615664958954 -0.4271523058414459
-0.02871611900627613 -0.020933838561177254 0.3280048072338104
-0.24503304064273834 -0.19271999597549438 0.5277424454689026
-0.40852484107017517 0.3194577693939209 -0.08978104591369629
0.006187810562551022 0.20065444707870483 0.39923596382141113
-0.1948205679655075 -0.39111340045928955 -0.12219077348709106
-0.048613179475069046 0.019377974793314934 -0.2853396534919739
-0.0037109283730387688 -0.10464515537023544 0.30455607175827026
-0.23422227799892426 -0.38848501443862915 0.05831308290362358
-0.17532260715961456 0.10136628895998001 0.024488655850291252
-0.144167959690094 -0.10365708917379379 0.26458343863487244
-0.22716455161571503 -0.06764677166938782 0.10472489148378372
-0.3395453691482544 -0.038771066814661026 0.23006229102611542
-0.044564470648765564 -0.33291691541671753 -0.3724055588245392
-0.3238287568092346 0.1676671802997589 0.28284937143325806
-0.30841654539108276 -0.4704568684101105 -0.08261935412883759
0.1388540416955948 0.041364241391420364 -0.013750189915299416
-0.19457797706127167 0.08531530201435089 -0.04418099299073219
-0.1481361985206604 -0.0440678708255291 -0.04297660291194916
-0.6171203255653381 0.6055564880371094 0.23138193786144257
-0.1596272736787796 0.06750071793794632 0.23220272362232208
-0.18509016931056976 -0.002129988046362996 0.11219403147697449
-0.05792144685983658 -0.13293416798114777 0.05238187685608864
-0.08101940155029297 -0.16440540552139282 0.08309855312108994
-0.23535503447055817 0.13266001641750336 0.4540072977542877
-0.2977886497974396 -0.43061402440071106 0.28278306126594543
-0.4441194534301758 -0.05441159009933472 0.1872667372226715
-0.25165143609046936 -0.1762499064207077 -0.17330211400985718
-0.09051061421632767 0.023720091208815575 0.08491906523704529
-0.13834910094738007 -0.2737751305103302 -0.15168464183807373
-0.03269577398896217 -0.29351821541786194 -0.013709424063563347
-0.22062376141548157 0.007912777364253998 0.07694045454263687
-0.2264719158411026 -0.03352327272295952 0.1264147311449051
-0.23131829500198364 -0.12881554663181305 0.2170831561088562
-0.12709002196788788 0.08171866834163666 0.1600993126630783
-0.16173282265663147 -0.11448603868484497 0.14718419313430786
-0.08360816538333893 -0.3096977770328522 0.18901115655899048
-0.21119070053100586 -0.1151253804564476 -0.16511525213718414
-0.08455397933721542 -0.19005537033081055 -0.20164023339748383
-0.09141802787780762 0.10186925530433655 0.07123896479606628
-0.08427415043115616 -0.22807163000106812 0.2864091396331787
-0.17611446976661682 -0.09074019640684128 -0.05096166953444481
-0.0566069558262825 -0.2052219659090042 -0.1929185688495636
-0.1913752257823944 -0.25460755825042725 -0.02220573090016842
-0.013159668073058128 0.007831735536456108 0.05882389843463898
-0.14265090227127075 -0.14528687298297882 0.15611650049686432
-0.054117944091558456 0.10270983725786209 0.1803334504365921
-0.15496982634067535 -0.05604522302746773 0.4598987400531769
-0.26742449402809143 -0.014543630182743073 -0.14298014342784882
-0.20390300452709198 -0.022984130308032036 0.41286879777908325
-0.18048126995563507 -0.01213345117866993 0.337862104177475
-0.1007816269993782 0.048758793622255325 0.44734638929367065
-0.011423813179135323 0.04734908416867256 0.483517050743103
-0.0888509452342987 0.1460644006729126 0.39984458684921265
-0.1385452300310135 -0.22898992896080017 -0.03467828035354614
-0.24673119187355042 -0.09733708947896957 -0.0593210831284523
-0.2591814696788788 -0.29580962657928467 0.13991644978523254
-0.265758752822876 -0.10891298949718475 -0.17291805148124695
-0.15471017360687256 -0.1897372156381607 0.33397984504699707
0.08998062461614609 0.0657849833369255 -0.1646173596382141
-0.2998165488243103 0.05977535620331764 -0.21477198600769043
-0.3358025848865509 -0.1167839914560318 0.18725426495075226
-0.02894948236644268 -0.07035145908594131 0.04497883841395378
-0.11109891533851624 -0.0579499714076519 0.06792013347148895
-0.22961951792240143 0.020441940054297447 -0.10690761357545853
0.017535855993628502 -0.12312272936105728 0.08676041662693024
-0.013474341481924057 -0.15308380126953125 -0.17694690823554993
-0.2971838712692261 -0.08982484042644501 0.3076026737689972
-0.2997514009475708 -0.12301266938447952 0.09582772105932236
-0.1924223005771637 0.014370305463671684 0.41736292839050293
-0.018314147368073463 -0.20878148078918457 -0.3001165986061096
-0.5099644064903259 -0.42093953490257263 0.1028071790933609
-0.43152910470962524 -0.6642715334892273 0.09559028595685959
0.012918507680296898 -0.23043017089366913 -0.18981648981571198
-0.0921122133731842 -0.15411575138568878 0.052063677459955215
-0.18466876447200775 0.1374914050102234 0.37477588653564453
-0.265542209148407 0.08013229817152023 0.198536217212677
-0.06616824120283127 -0.2874172627925873 -0.2883893549442291
-0.22113828361034393 -0.12532548606395721 0.10717331618070602
-0.08398884534835815 -0.012751448899507523 0.305448979139328
-0.10624232888221741 0.0005528022884391248 0.3093093931674957
-0.5402833819389343 -0.4443775415420532 0.053385257720947266
-0.11865454912185669 -0.1429145336151123 -0.13457931578159332
-0.757655143737793 0.7251077890396118 -0.022586923092603683
-0.07808974385261536 0.17183929681777954 0.4257321357727051
-0.05610709637403488 -0.2663329243659973 -0.2696993052959442
-0.05505406856536865 -0.37872037291526794 -0.023674985393881798
-0.31487974524497986 0.07523442804813385 -0.1248592808842659
-0.21874727308750153 -0.09719450026750565 0.17502407729625702
-0.4363487660884857 0.18594539165496826 0.07370218634605408
-0.2655809223651886 -0.14914675056934357 0.14110654592514038
-0.10839193314313889 -0.0944509506225586 0.19195659458637238
-0.0860862284898758 0.04494868963956833 0.0382903590798378
-0.15736901760101318 0.07149378955364227 -0.09744109958410263
-0.23776257038116455 -0.11388067156076431 -0.14594191312789917
-0.47958219051361084 0.2264590859413147 0.4709959030151367
-0.42742788791656494 -0.06829345226287842 -0.4252055883407593
-0.145725280046463 0.09345424175262451 0.6476650238037109
-0.20655956864356995 0.09183313697576523 -0.16379083693027496
0.09716232120990753 -0.07133422046899796 -0.10702856630086899
-0.09001866728067398 -0.0832180455327034 0.08763865381479263
-0.6052318811416626 0.10593584179878235 -0.12231865525245667
-0.18000289797782898 0.013167047873139381 0.08171836286783218
-0.11887186765670776 -0.2415778487920761 0.13458596169948578
-0.1262374371290207 -0.0064768861047923565 0.45109495520591736
0.02138589136302471 -0.31282925605773926 -0.4111744165420532
-0.17360009253025055 -0.20107251405715942 0.18807092308998108
0.044958535581827164 -0.13729563355445862 -0.15493051707744598
-0.25000691413879395 -0.5437518358230591 0.10501068085432053
-0.20221781730651855 -0.09733710438013077 0.010979706421494484
-0.09028465300798416 -0.21901299059391022 0.35385262966156006
0.12212775647640228 0.04550676792860031 0.2756302058696747
-0.1774672567844391 0.0848446637392044 0.2728769779205322
-0.20618878304958344 0.07443748414516449 -0.16639533638954163
-0.008296128362417221 0.1470310539007187 -0.2865341901779175
-0.14686432480812073 -0.22717152535915375 -0.5364861488342285
-0.13181646168231964 -0.37044769525527954 -0.17652754485607147
-0.11028560250997543 -0.2149861603975296 -0.26688724756240845
-0.1065649688243866 -0.006669704336673021 -0.08014947921037674
-0.16259773075580597 -0.12078389525413513 -0.00990884006023407
-0.3052159547805786 -0.10302477329969406 0.14746589958667755
-0.22123099863529205 -0.11230775713920593 0.23269301652908325
0.18131296336650848 -0.043181225657463074 0.39024239778518677
-0.15366563200950623 -0.24885499477386475 -0.030349282547831535
0.042442452162504196 -0.1294080913066864 0.26011455059051514
-0.22528871893882751 -0.03299611061811447 0.3649803698062897
-0.35065731406211853 -0.23561689257621765 0.5983754992485046
-0.15117615461349487 -0.3625829517841339 -0.010290225967764854
-0.25878283381462097 0.06980319321155548 -0.2766520380973816
-0.19671691954135895 0.10596690326929092 -0.09649757295846939
-0.5452330708503723 0.07164222747087479 0.11558237671852112
0.05911877378821373 0.2734309136867523 0.8917347192764282
0.2361074686050415 0.05031074956059456 0.450339674949646
0.05478047579526901 -0.15043707191944122 -0.3160591125488281
0.03924141824245453 -0.25198620557785034 -0.8287397027015686
-0.04207901284098625 0.1577633172273636 -0.19886744022369385
-0.34292763471603394 -0.13781672716140747 -0.14919862151145935
-0.13652141392230988 -0.06901557743549347 0.21880638599395752
-0.28223660588264465 0.03135937824845314 -0.0965394601225853
-0.10120595246553421 -0.3783802092075348 -0.09168791025876999
-0.2683314085006714 0.313717246055603 0.13932868838310242
-0.17644403874874115 0.1277453601360321 0.006990078371018171
-0.24498042464256287 -0.5145384073257446 0.3675265312194824
-0.11021450161933899 -0.15067915618419647 -0.19732865691184998
-0.007757341023534536 0.14034736156463623 0.03287608548998833
-0.27627721428871155 -0.1637662798166275 0.4222327768802643
-0.20017634332180023 -0.19284898042678833 -0.5053598284721375
-0.18177728354930878 -0.07834029942750931 0.31819966435432434
-0.014035100117325783 -0.09523531049489975 0.22491508722305298
0.08946775645017624 -0.46300214529037476 -0.33291083574295044
-0.5326496958732605 -0.27446895837783813 -0.49046531319618225
-0.09930184483528137 -0.42237886786460876 0.04017956554889679
-0.25289982557296753 0.19209067523479462 -0.06996424496173859
-0.3739466965198517 0.16966745257377625 0.2876591682434082
-0.30559489130973816 0.04784799739718437 -0.01891999877989292
-0.12097138911485672 -0.1259140819311142 -0.29441356658935547
-0.0023612158838659525 -0.26644110679626465 -0.5062412619590759
-0.057542458176612854 -0.029986688867211342 -0.020288011059165
-0.21757985651493073 -0.09056713432073593 0.241596519947052
-0.33483898639678955 -0.07122732698917389 0.021123135462403297
-0.2521268129348755 -0.006620252970606089 0.13813623785972595
-0.09753568470478058 -0.1440546065568924 0.4558350145816803
-0.41247230768203735 -0.013921549543738365 0.2884923815727234
0.16470786929130554 -0.24275483191013336 -0.0169423446059227
-0.22669246792793274 -0.38381147384643555 0.10916097462177277
0.02399240992963314 -0.25028130412101746 -0.390662282705307
-0.01817898266017437 -0.17803902924060822 -0.3473387062549591
-0.3056974411010742 -0.030502943322062492 0.3448343575000763
-0.08202074468135834 -0.47450464963912964 -0.04127170145511627
-0.24433672428131104 -0.506974458694458 -0.17235256731510162
-0.057372935116291046 -0.07390335202217102 0.0518321730196476
-0.05802690237760544 -0.04259376972913742 0.394850492477417
-0.1859654039144516 0.052477043122053146 0.06263823062181473
0.20708301663398743 0.08025385439395905 0.2687153220176697
-0.1020754873752594 0.015733519569039345 -0.008611919358372688
-0.42131781578063965 -0.1530449539422989 0.11410821974277496
-0.056951284408569336 -0.1712600141763687 0.4011395275592804
-0.22873042523860931 -0.15553978085517883 -0.3164967894554138
-0.32033926248550415 -0.14515431225299835 -0.26996296644210815
-0.02086823061108589 -0.6909608840942383 -0.024483326822519302
-0.10915863513946533 -0.13060979545116425 0.4615379273891449
-0.44645383954048157 -0.17114488780498505 0.16353739798069
-0.22754259407520294 -0.23088480532169342 -0.17284159362316132
-0.16436295211315155 -0.014425497502088547 0.3996085226535797
-0.18751589953899384 -0.047421518713235855 0.2179855853319168
-0.28939905762672424 0.027592968195676804 0.4335726797580719
0.05642265826463699 0.15804225206375122 0.5322022438049316
-0.3030257821083069 -0.1636488437652588 -0.36672767996788025
-0.14270353317260742 -0.29361745715141296 -0.0005968974437564611
-0.4129458963871002 -0.07682370394468307 -0.1372247040271759
-0.1091528981924057 -0.05394592881202698 0.41561228036880493
-0.19176319241523743 -0.13719788193702698 0.1531250923871994
-0.46078771352767944 -0.08723827451467514 -0.09438524395227432
-0.18543100357055664 -0.47026708722114563 -0.13057361543178558
-0.3532952070236206 0.043686941266059875 0.4182012677192688
-0.28796055912971497 -0.017584703862667084 0.8793742656707764
-0.25897279381752014 -0.09888909757137299 -0.04058422893285751
-0.16910386085510254 -0.3212669789791107 0.22469273209571838
0.1509023755788803 -0.4745557904243469 -0.05202653259038925
-0.2256532460451126 0.011872423812747002 0.09836325794458389
0.014531433582305908 -0.001907550496980548 0.4533415734767914
-0.40831929445266724 -0.785408616065979 0.06240097060799599
-0.0302310511469841 -0.16632793843746185 -0.27903398871421814
-0.4501788020133972 0.015449309721589088 0.3443441092967987
-0.12318066507577896 -0.35210850834846497 -0.022445566952228546
-0.14819565415382385 -0.08069873601198196 -0.39674702286720276
-0.06108253449201584 -0.16927850246429443 -0.4068189263343811
-0.09037309139966965 -0.11950255930423737 -0.37302693724632263
0.115420863032341 -0.223939448595047 -0.08251919597387314
-0.2803008556365967 0.07289990037679672 0.0613669827580452
-0.3493441641330719 0.012028252705931664 0.2958112955093384
-0.23357772827148438 -0.21468813717365265 0.198999285697937
-0.20895832777023315 -0.11138436198234558 -0.0004621588159352541
-0.04475164785981178 0.09577281773090363 -0.2513439953327179
-0.04734949767589569 0.015193458646535873 0.578792929649353
0.0009046905324794352 0.13422727584838867 0.4420855939388275
-0.027509115636348724 -0.10436789691448212 -0.07498863339424133
-0.23180778324604034 -0.15742270648479462 0.26155152916908264
0.05609377101063728 -0.1809840053319931 -0.3010854721069336
0.15666097402572632 -0.11297217756509781 0.16407665610313416
-0.14581872522830963 -0.07163624465465546 -0.3795657753944397
-0.26229727268218994 0.013999298214912415 0.2707461416721344
-0.15908795595169067 -0.13462860882282257 -0.37889137864112854
-0.1752678006887436 0.10263211280107498 0.6437619924545288
-0.09532011300325394 -0.3795081675052643 -0.4439372718334198
-0.25930964946746826 0.2575380206108093 0.35019320249557495
-0.1661703884601593 0.14150714874267578 0.3773236572742462
-0.3060046434402466 -0.1583928018808365 -0.3345196545124054
-0.06541542708873749 0.044089965522289276 0.5908437967300415
-0.1819762885570526 -0.005979031790047884 -0.005074540618807077
-0.15029487013816833 -0.2599855363368988 -0.20084072649478912
-0.1932079941034317 -0.10112397372722626 0.12723666429519653
0.12913623452186584 -0.10623238980770111 0.2953721284866333
0.1343284547328949 0.20834073424339294 0.14650239050388336
-0.00130729959346354 -0.17755931615829468 -0.17948654294013977
-0.016981644555926323 -0.2010347694158554 0.021230680868029594
-0.06810543686151505 -0.23158933222293854 -0.08883234113454819
-0.09043344855308533 0.15416079759597778 0.19136656820774078
-0.19954733550548553 0.01957067660987377 0.25425341725349426
-0.4098644256591797 -0.159608855843544 -0.34405478835105896
-0.22538956999778748 -0.16010470688343048 -0.23505103588104248
-0.14832548797130585 -0.014622066169977188 -0.08041713386774063
-0.4342637062072754 -0.31969013810157776 -0.5228798985481262
0.04131899029016495 -0.5327126383781433 -0.0696195438504219
-0.34885188937187195 -0.06835343688726425 -0.4066099524497986
-0.29060107469558716 -0.46891331672668457 -0.20987018942832947
-0.40903550386428833 -0.28333544731140137 -0.02121778205037117
-0.26277419924736023 -0.11876494437456131 -0.08655401319265366
-0.1365731954574585 -0.19609232246875763 0.015866996720433235
-0.1263304203748703 -0.18728366494178772 -0.21891312301158905
0.009055668488144875 -0.009554095566272736 0.5950003862380981
-0.00985526479780674 0.044950854033231735 -0.034473828971385956
-0.1301261931657791 -0.17106562852859497 -0.07030594348907471
0.04027301073074341 -0.22791968286037445 -0.4549555480480194
-0.20807696878910065 0.23485863208770752 0.5002981424331665
-0.29578280448913574 -0.08939685672521591 0.2997388541698456
-0.28349044919013977 -0.11128503829240799 0.05384235084056854
-0.3485621511936188 -0.47958096861839294 0.1308419555425644
-0.05900152772665024 0.05245709791779518 0.39136502146720886
0.006464645732194185 -0.08893322199583054 -0.11805526167154312
-0.42994406819343567 0.004216507077217102 0.011169098317623138
-0.18010568618774414 -0.13690808415412903 0.06662701815366745
0.06478668004274368 -0.04430525749921799 0.0178279560059309
-0.0022165104746818542 -0.14693878591060638 -0.07395651191473007
-0.21074463427066803 -0.04467388242483139 0.21840789914131165
-0.2619135081768036 0.14058130979537964 0.4688361585140228
-0.016716569662094116 0.16175611317157745 0.4812912046909332
-0.1301186978816986 -0.09969139099121094 0.31735602021217346
-0.19824093580245972 -0.3027046024799347 -0.22994080185890198
-0.14136488735675812 -0.1787566989660263 0.03726183623075485
-0.19537413120269775 0.07034488767385483 0.42275404930114746
-0.15563960373401642 0.19580987095832825 0.4669470489025116
-0.39204514026641846 0.261396586894989 -0.22031643986701965
-0.26315176486968994 -0.09147622436285019 0.25387150049209595
0.04131711646914482 0.243808314204216 -0.06085028126835823
-0.21336470544338226 -0.19900080561637878 -0.15653865039348602
-0.22049587965011597 -0.3689790666103363 -0.06883978098630905
-0.20971599221229553 -0.16374751925468445 0.10895402729511261
-0.15612351894378662 0.020497774705290794 0.4583693742752075
-0.15015873312950134 -0.18601083755493164 0.07476866990327835
0.02545391023159027 0.001131178461946547 0.5743156671524048
-0.07951945811510086 -0.42272883653640747 -0.017359735444188118
-0.05076504498720169 -0.21020632982254028 -0.10145208984613419
-0.2645524740219116 -0.09975364059209824 0.28029686212539673
-0.2960546612739563 0.19951537251472473 0.4101680517196655
-0.2740049660205841 0.013862378895282745 0.26345300674438477
-0.2552442252635956 -0.08914656937122345 0.2207544445991516
-0.15642306208610535 -0.49059829115867615 -0.3387486934661865
-0.10839380323886871 -0.13211609423160553 -0.04237711429595947
-0.009799152612686157 -0.32570892572402954 -0.22993157804012299
-0.35215041041374207 -0.15703140199184418 0.22364364564418793
-0.18760943412780762 -0.1909940093755722 -0.09819582849740982
-0.17171792685985565 0.052294716238975525 -0.2546401917934418
-0.016300292685627937 0.06437542289495468 -0.18133211135864258
-0.30983060598373413 0.12150564044713974 0.027281615883111954
-0.13306009769439697 -0.020389502868056297 -0.039611831307411194
-0.23954658210277557 -0.6360526084899902 -0.0035862219519913197
0.010194871574640274 -0.19545504450798035 0.30997636914253235
0.12608420848846436 -0.020203417167067528 -0.018444031476974487
-0.24803610146045685 -0.18195922672748566 -0.18448840081691742
-0.262808233499527 -0.15418590605258942 -0.3240695893764496
-0.1374455690383911 -0.08039776980876923 -0.23650111258029938
-0.09360919892787933 -0.10788062959909439 0.11339537054300308
-0.15959395468235016 -0.07779126614332199 0.29310697317123413
-0.2926800549030304 0.11820720881223679 -0.11709164083003998
0.018519122153520584 0.05690528824925423 -0.13452112674713135
-0.28317758440971375 0.163890540599823 -0.04995717853307724
-0.13326327502727509 -0.11889061331748962 -0.1346980333328247
-0.16080868244171143 0.0338221900165081 0.08371708542108536
-0.1316363513469696 -0.02842920459806919 0.26729848980903625
0.08738616853952408 -0.17710672318935394 -0.32362204790115356
0.17423631250858307 -0.09036076068878174 0.21979041397571564
-0.03650412708520889 -0.2592581808567047 -0.1837809532880783
-0.16170187294483185 0.07242519408464432 0.10082361102104187
-0.0960192158818245 -0.4672265350818634 -0.4460247755050659
0.31284040212631226 0.1517530083656311 0.42032086849212646
-0.1913008987903595 -0.337709903717041 0.46525099873542786
-0.08147306740283966 -0.09335580468177795 -0.13438686728477478
-0.23810037970542908 -0.015138024464249611 0.30745643377304077
-0.17330332100391388 -0.12897028028964996 0.12899383902549744
-0.29163047671318054 -0.07714837789535522 0.6244380474090576
0.03965567797422409 -0.06399234384298325 0.320749431848526
-0.1827816665172577 -0.5382071733474731 -0.3072265684604645
-0.10684823989868164 -0.010312315076589584 -0.04549231752753258
0.1856614351272583 0.07779581099748611 0.1263822466135025
-0.10889971256256104 -0.42264533042907715 0.05057322233915329
0.17393827438354492 0.01703178882598877 -0.19335852563381195
-0.013174889609217644 -0.49860045313835144 -0.23933321237564087
-0.2836422622203827 0.041030146181583405 0.03656410425901413
0.11715568602085114 -0.4986599385738373 -0.11529390513896942
-0.3117219805717468 -0.025852074846625328 0.09959843009710312
-0.15944147109985352 -0.11476680636405945 0.15848267078399658
-0.08494096994400024 -0.012052323669195175 0.33063945174217224
-0.08669676631689072 -0.13837575912475586 -0.18703573942184448
-0.33154696226119995 -0.2584553062915802 0.09499816596508026
-0.16830867528915405 0.11105610430240631 0.07029184699058533
0.15366105735301971 -0.014570804312825203 -0.1516023576259613
-0.11643099039793015 -0.16750077903270721 -0.020811187103390694
-0.3221141993999481 -0.34321123361587524 -0.010482022538781166
-0.31082066893577576 0.007471415214240551 0.39567098021507263
-0.34053143858909607 0.3226957619190216 -0.22757400572299957
-0.6636255383491516 0.30807942152023315 0.13374024629592896
-0.12216899544000626 -0.08492717891931534 0.14050926268100739
-0.22008590400218964 0.0381455197930336 0.4683990478515625
-0.12235096096992493 -0.15591630339622498 0.13132841885089874
-0.1733235865831375 0.12185420095920563 0.4921778440475464
-0.09547591209411621 0.15351437032222748 0.5428839325904846
-0.0913446694612503 -0.11309143155813217 -0.19252580404281616
-0.20110872387886047 0.1932951807975769 -0.3852326273918152
-0.07148492336273193 -0.26629337668418884 -0.296013742685318
-0.15471941232681274 -0.28176456689834595 -0.12697753310203552
-0.22105666995048523 -0.13178889453411102 0.25342023372650146
-0.17792558670043945 -0.5698144435882568 -0.3703513741493225
-0.003950405400246382 0.13765154778957367 -0.36413413286209106
-0.1902218759059906 0.12448107451200485 0.4040641486644745
-0.21222518384456635 -0.06581565737724304 0.0665043368935585
-0.28883597254753113 -0.3612666428089142 0.07036611437797546
-0.38238489627838135 -0.02954425849020481 0.3634600341320038
-0.05862540006637573 -0.16250474750995636 -0.3932434022426605
-0.3727502226829529 -0.06514553725719452 0.053216446191072464
-0.31777894496917725 0.007688168901950121 0.1797441691160202
-0.4036095440387726 0.15355822443962097 0.2809824049472809
-0.1974923014640808 -0.1476641148328781 -0.33019042015075684
-0.008047888055443764 -0.34109896421432495 0.1680099070072174
-0.03575752303004265 -0.2546401619911194 -0.16725730895996094
-0.22126130759716034 -0.14246857166290283 0.10652820765972137
-0.1728004515171051 -0.05701644346117973 0.16208964586257935
-0.1712036430835724 0.039431191980838776 0.42231485247612
-0.09167642146348953 -0.13581761717796326 0.19355705380439758
-0.07900824397802353 -0.12160241603851318 0.3044167459011078
-0.25269004702568054 -0.20023854076862335 0.23841388523578644
0.2003055214881897 0.21121495962142944 -0.13708800077438354
-0.1320609748363495 -0.093635194003582 -0.17854571342468262
-0.22500188648700714 -0.4576859176158905 -0.2506484389305115
-0.12717792391777039 -0.1708233505487442 0.09247725456953049
-0.44618403911590576 0.24138954281806946 -0.26619064807891846
-0.40595370531082153 0.18565350770950317 0.03557054325938225
-0.22883839905261993 0.047213468700647354 0.05638006702065468
-0.05679115280508995 -0.05419787019491196 0.016147185117006302
-0.007052503060549498 -0.1714547723531723 -0.15772488713264465
-0.32232093811035156 0.05464095622301102 0.7989788055419922
-0.34276139736175537 0.06271544843912125 -0.09014995396137238
-0.1758582592010498 -0.2392042875289917 -0.05763345584273338
-0.23078890144824982 -0.02649424970149994 0.4783962368965149
-0.10754512995481491 -0.3597065210342407 -0.05474807694554329
-0.2035890817642212 -0.16283713281154633 0.05735703185200691
-0.22301985323429108 0.2529076933860779 0.162593811750412
-0.15687601268291473 -0.11448393017053604 0.03199224919080734
-0.1082068383693695 -0.38833269476890564 0.030524728819727898
-0.4341385066509247 -0.15614792704582214 0.165178120136261
0.39865756034851074 0.23276521265506744 0.30480653047561646
-0.023331468924880028 -0.16219519078731537 -0.1983666718006134
-0.012576945126056671 0.04345284029841423 0.5183402895927429
-0.14767491817474365 -0.04950781911611557 0.04842827096581459
-0.2569005787372589 0.040148280560970306 0.3653274178504944
0.00045821734238415956 -0.029557419940829277 -0.26895877718925476
-0.171166330575943 -0.2104373425245285 -0.1848507672548294
-0.14683237671852112 0.038923200219869614 0.07986090332269669
-0.1207856833934784 -0.26373931765556335 -0.3337061405181885
-0.3072468042373657 -0.14220505952835083 0.3799484670162201
0.06407678872346878 -0.2714065611362457 -0.07906194031238556
-0.04100824147462845 -0.4342668652534485 -0.5723554491996765
0.019391903653740883 -0.4737945795059204 0.02640235424041748
-0.10422681272029877 -0.0983852967619896 -0.03141334652900696
-0.26153215765953064 0.011485802009701729 -0.22767138481140137
-0.24064649641513824 0.13005708158016205 0.19003793597221375
0.07671479880809784 0.1464230865240097 0.3612096309661865
-0.2929129898548126 0.00941593199968338 0.5448755621910095
-0.05313028395175934 -0.1362195760011673 -0.20641493797302246
-0.18875718116760254 -0.08051373064517975 0.3562987148761749
-0.4126831591129303 0.042662955820560455 0.35127437114715576
0.137795090675354 0.14251098036766052 0.044754814356565475
-0.2292720079421997 -0.07234895974397659 -0.08864195644855499
-0.031666625291109085 -0.05686872825026512 0.09985795617103577
-0.1406702995300293 -0.3788767457008362 0.350882351398468
-0.14104218780994415 -0.26508039236068726 0.2211124747991562
-0.025365600362420082 0.09978675097227097 -0.2444750964641571
0.010987615212798119 -0.269343763589859 0.053875312209129333
-0.25381338596343994 0.03216975927352905 0.23346905410289764
-0.0641942024230957 -0.4130820035934448 -0.7254582643508911
-0.28320908546447754 -0.07407321035861969 0.28854748606681824
-0.13939021527767181 0.039992284029722214 -0.11228989064693451
-0.341017484664917 0.011203516274690628 0.21366000175476074
-0.11148300766944885 -0.047690004110336304 0.4041719138622284
-0.05453352630138397 -0.311501145362854 -0.14680257439613342
-0.2126183956861496 -0.11687493324279785 -0.30623355507850647
-0.038033626973629 -0.39783093333244324 0.007876484654843807
-0.15405617654323578 -0.16921451687812805 -0.09074088931083679
-0.18194735050201416 -0.1208186000585556 -0.10663241147994995
-0.20223499834537506 0.09757829457521439 0.25244125723838806
-0.3499731421470642 0.1687660664319992 -0.05839841812849045
-0.0883231833577156 0.021454723551869392 0.40540358424186707
-0.2573096454143524 0.04600142687559128 0.3237708508968353
-0.10091568529605865 -0.126899853348732 -0.30299288034439087
-0.19556815922260284 -0.11806489527225494 0.36888638138771057
-0.0960170105099678 0.03302352502942085 0.002626898465678096
-0.4009092450141907 -0.39017772674560547 0.08528625220060349
-0.17343302071094513 -0.25031566619873047 -0.06593847274780273
-0.22761932015419006 0.13445629179477692 -0.2326223999261856
-0.25425881147384644 0.056906815618276596 0.19997818768024445
0.07227174192667007 0.24445487558841705 0.00876755639910698
-0.35422924160957336 -0.11106864362955093 0.11072907596826553
-0.18542270362377167 -0.07107597589492798 0.06708665192127228
0.07659921050071716 0.018376711755990982 -0.44347503781318665
0.0213895533233881 -0.19680583477020264 -0.16004391014575958
-0.15685541927814484 -0.021187251433730125 -0.11899822950363159
-0.4647427797317505 -0.00043532170820981264 0.11212113499641418
-0.3548257052898407 0.07746808230876923 0.5120302438735962
0.21536296606063843 -0.09925628453493118 -0.10671943426132202
-0.20373502373695374 -0.14192357659339905 0.02809084951877594
-0.2932005226612091 -0.08004435896873474 0.25381776690483093
-0.009963477030396461 0.3348659574985504 0.6784982085227966
-0.05809826776385307 0.06347925961017609 0.5372603535652161
-0.2808648347854614 0.07285334914922714 -0.13299311697483063
-0.23546954989433289 -0.01802230253815651 0.44212013483047485
-0.16728155314922333 -0.06472974270582199 -0.0692148208618164
0.1664799004793167 -0.2992979884147644 -0.38537344336509705
0.22290253639221191 -0.02297797054052353 0.3436315059661865
-0.14308615028858185 -0.06230202689766884 0.08959853649139404
0.04623144119977951 -0.31614357233047485 0.037616174668073654
-0.2090531438589096 -0.08563373982906342 0.3118780553340912
-0.1987076699733734 -0.09101156145334244 0.10926175862550735
-0.17874431610107422 -0.04118667542934418 0.38112980127334595
-0.007933035492897034 0.22134633362293243 0.2178882360458374
-0.3243725001811981 -0.018850786611437798 0.2557062804698944
0.006796280387789011 0.00810325238853693 -0.3575078845024109
-0.08120820671319962 -0.14375565946102142 -0.08638007193803787
-0.16548418998718262 -0.3234967887401581 -0.12019921094179153
0.13719764351844788 -0.1204802542924881 0.14807112514972687
-0.16913600265979767 -0.2010927051305771 0.011081123724579811
-0.19640028476715088 -0.12833285331726074 0.11238741874694824
-0.2520729899406433 -0.29007601737976074 0.09184293448925018
-0.17549249529838562 -0.11301576346158981 0.2583559453487396
0.0605124831199646 -0.09720294922590256 0.02129537984728813
-0.3005274832248688 -0.07171120494604111 0.25595733523368835
-0.047375861555337906 -0.07316450029611588 0.17244869470596313
-0.2271673083305359 0.053387537598609924 -0.00918988324701786
-0.12623529136180878 -0.10621391236782074 0.1536790430545807
-0.1877240687608719 -0.019509870558977127 0.014170952141284943
-0.20224758982658386 -0.07905001193284988 -0.43138638138771057
-0.16991235315799713 -0.1627289056777954 -0.08096817880868912
-0.2739085555076599 0.10819441825151443 0.2873266935348511
-0.22255410254001617 -0.04364864528179169 -0.15807773172855377
-0.19572564959526062 -0.09380342811346054 -0.09054682403802872
0.10466989129781723 -0.22034311294555664 -0.23331549763679504
-0.21389175951480865 -0.045156147330999374 0.46401870250701904
-0.05779161676764488 -0.04225612059235573 0.12550970911979675
-0.27627331018447876 -0.17945975065231323 0.013583378866314888
-0.31996065378189087 -0.08805621415376663 0.13960333168506622
-0.21792259812355042 -0.06556601077318192 -0.21871037781238556
0.0360151007771492 -0.15860876441001892 -0.42214614152908325
-0.11880210041999817 -0.2914687991142273 -0.20314209163188934
-0.3438021242618561 -0.15162260830402374 -0.04317309707403183
-0.14708879590034485 -0.10395845770835876 0.25348562002182007
-0.3364565372467041 -0.10789579153060913 0.2698889970779419
-0.13389751315116882 -0.059894636273384094 0.1414007991552353
-0.08988460898399353 -0.3770386874675751 0.1367630809545517
-0.3020763099193573 0.04459031671285629 -0.16518384218215942
-0.17018333077430725 -0.13479506969451904 -0.14682695269584656
-0.20525050163269043 -0.34901636838912964 0.01078229770064354
-0.1356348842382431 -0.24840010702610016 -0.20143531262874603
-0.2917422652244568 0.04733069986104965 -0.3508777320384979
0.04308677092194557 -0.09216909855604172 -0.01932193525135517
-0.2530701458454132 0.0868162214756012 0.40529167652130127
-0.2758452892303467 0.010411549359560013 0.4089389443397522
-0.2826785743236542 -0.09576325118541718 0.22369003295898438
-0.07371275871992111 -0.11827146261930466 -0.16931688785552979
-0.19946295022964478 -0.1575794816017151 -0.02787543460726738
-0.5972615480422974 0.2065177708864212 -0.20760466158390045
0.142027348279953 -0.06923729181289673 -0.17335659265518188
-0.27138128876686096 -0.03690232336521149 -0.1462104618549347
-0.21543452143669128 -0.09013514965772629 -0.6189390420913696
0.27427002787590027 0.20979401469230652 0.13089239597320557
-0.11775848269462585 -0.06855445355176926 -0.01169603317975998
-0.38997212052345276 -0.14994148910045624 0.0028537572361528873
-0.22653096914291382 -0.06417840719223022 0.2496175467967987
-0.06596970558166504 -0.062233347445726395 -0.1561674326658249
-0.15551039576530457 -0.29596656560897827 0.1993303894996643
-0.1888420730829239 -0.11023882031440735 0.024678150191903114
0.20990076661109924 -0.17206992208957672 0.21922244131565094
-0.05303638055920601 -0.04981376230716705 0.030918356031179428
-0.28188279271125793 0.05665341764688492 0.15426315367221832
0.14075224101543427 -0.4214920997619629 0.06808598339557648
-0.07119015604257584 -0.11847537010908127 -0.03184400126338005
0.06738539785146713 -0.08674683421850204 -0.12733113765716553
-0.06064543128013611 -0.3093501925468445 -0.41705846786499023
-0.01044456660747528 -0.14110496640205383 -0.12483450025320053
-0.3467268943786621 -0.06667422503232956 -0.06846903264522552
-0.2418605089187622 -0.4683850407600403 -0.26166054606437683
0.07444934546947479 -0.20015321671962738 -0.1375080794095993
-0.2796778082847595 -0.13193254172801971 0.22087666392326355
-0.1542123705148697 -0.44213640689849854 0.36341220140457153
-0.18810351192951202 -0.04833773896098137 0.2372892051935196
-0.28609123826026917 -0.15160486102104187 0.4187792241573334
0.11077797412872314 -0.19997180998325348 -0.1049308329820633
-0.2339523881673813 -0.05403012037277222 0.053881507366895676
-0.07041008770465851 -0.05625222250819206 0.016540074720978737
-0.03681551665067673 -0.1035272628068924 0.23922668397426605
-0.24443651735782623 -0.16320276260375977 0.004169860389083624
-0.15469250082969666 -0.2474413365125656 0.11150078475475311
-0.09322217106819153 -0.3343141973018646 -0.48133161664009094
-0.06644076853990555 -0.27447912096977234 0.12752152979373932
-0.0614231675863266 -0.12187416106462479 0.25245657563209534
-0.3871976435184479 -0.17588284611701965 -0.4798234701156616
0.0647556409239769 -0.002175836591050029 0.44320622086524963
-0.3271756172180176 0.0024112386163324118 0.13389721512794495
-0.09853330254554749 -0.003008232917636633 -0.18115122616291046
-0.20716287195682526 -0.10638117790222168 -0.13058340549468994
-0.23770436644554138 0.10821840167045593 -0.0784711241722107
-0.28271815180778503 -0.1504393219947815 0.08194974064826965
0.19973184168338776 0.09112181514501572 0.10508134216070175
-0.037358395755290985 0.15174807608127594 -0.24285060167312622
-0.14613069593906403 -0.1120474711060524 0.14628411829471588
-0.3539040982723236 -0.008928511291742325 0.4261065125465393
0.010510845109820366 -0.14348529279232025 0.025952717289328575
-0.22176185250282288 -0.06723280251026154 0.11184262484312057
-0.4124199151992798 0.1938934624195099 0.17696425318717957
-0.0633055716753006 0.2057407796382904 0.47751039266586304
-0.311490535736084 -0.08874431997537613 0.16446536779403687
-0.08394839614629745 -0.12284334003925323 0.37927746772766113
-0.16891050338745117 -0.17833855748176575 0.1389414668083191
-0.07519642263650894 -0.15181568264961243 0.10762127488851547
-0.12888272106647491 -0.06565337628126144 0.25925883650779724
-0.15144218504428864 -0.13653023540973663 -0.26122063398361206
-0.024932539090514183 -0.04170992970466614 0.4454650580883026
-0.07552295178174973 -0.34202030301094055 0.007139574270695448
-0.34123310446739197 -0.08992253988981247 -0.3601531386375427
-0.3803383708000183 0.04231148585677147 -0.21410433948040009
-0.16978566348552704 -0.05864868685603142 0.3331877887248993
-0.20438547432422638 -0.0604986846446991 0.36152714490890503
-0.5050736665725708 0.032544560730457306 0.3407323360443115
-0.11010181158781052 0.034640904515981674 -0.024420619010925293
-0.29034700989723206 0.06992557644844055 0.3110681474208832
-0.0801202654838562 -0.04312515631318092 0.35605672001838684
-0.21639132499694824 -0.05671756714582443 0.2335107922554016
-0.2713293433189392 -0.010295271873474121 0.3474191725254059
-0.21493826806545258 0.13711871206760406 0.5218274593353271
-0.1863611936569214 -0.20976391434669495 -0.02203316241502762
-0.19309216737747192 -0.09253276884555817 0.3431013524532318
-0.1644139140844345 -0.13040687143802643 0.015534361824393272
-0.028654107823967934 0.13619427382946014 -0.12281060963869095
0.02672697603702545 -0.16067709028720856 0.2167321890592575
-0.2180100530385971 -0.13440540432929993 -0.08993352949619293
-0.2848290503025055 0.12357114255428314 0.7151613235473633
-0.11508899927139282 0.010809680446982384 0.11997896432876587
-0.20912566781044006 -0.06545215845108032 0.12276457995176315
-0.33590203523635864 -0.21358659863471985 0.08517368882894516
-0.2669437825679779 -0.15200521051883698 -0.3393495976924896
-0.2898698151111603 -0.12098804861307144 -0.014629004523158073
-0.1851535439491272 -0.115072101354599 -0.2612003982067108
-0.29223230481147766 -0.1324896216392517 0.017790645360946655
-0.18497809767723083 -0.1930602639913559 -0.2622762620449066
-0.027060803025960922 -0.3506147861480713 0.19843041896820068
3.728829324245453e-05 -0.2327217310667038 -0.44839927554130554
-0.13543559610843658 0.21823909878730774 0.3812445104122162
0.030353248119354248 -0.16725784540176392 -0.1430169939994812
0.4716801345348358 -0.016018377617001534 0.5763514041900635
0.040528565645217896 -0.12010958790779114 -0.2837228775024414
-0.371581107378006 -0.5798439979553223 0.0893978551030159
-0.2428470253944397 0.1468110829591751 0.20085830986499786
-0.27262645959854126 0.05564486235380173 -0.07517967373132706
-0.3546748459339142 -0.025504298508167267 0.6193347573280334
-0.3178400993347168 0.11163559556007385 0.31565603613853455
-0.21084631979465485 0.058104779571294785 -0.08747200667858124
0.175175741314888 0.10576965659856796 0.37974005937576294
-0.2398856282234192 -0.07177932560443878 0.351687490940094
-0.22996661067008972 -0.25174838304519653 0.17910541594028473
0.052180446684360504 -0.28489869832992554 -0.03053116612136364
0.04455628618597984 0.11300785094499588 0.5118981599807739
-0.02605113573372364 -0.20236928761005402 -0.1484399139881134
-0.22052401304244995 0.06109199300408363 0.3887755572795868
-0.1301126480102539 -0.4653457701206207 -0.23350240290164948
-0.04832940176129341 -0.032828573137521744 0.44183582067489624
-0.19978922605514526 -0.3107009530067444 -0.041872087866067886
-0.330824077129364 -0.43704986572265625 -0.06798184663057327
-0.13127140700817108 -0.43542662262916565 -0.30651044845581055
-0.5673410892486572 0.11567184329032898 -0.1623505800962448
-0.30841782689094543 0.19020141661167145 -0.11647317558526993
-0.3307921290397644 0.11438792198896408 0.2357383519411087
-0.20462672412395477 -0.001928740181028843 0.40953102707862854
-0.16700713336467743 -0.1391473263502121 -0.08653299510478973
-0.3070439398288727 0.06546030938625336 0.32187795639038086
0.14315134286880493 -0.04992198944091797 -0.25812461972236633
-0.11326280981302261 0.15228219330310822 -0.4543807804584503
0.06009329855442047 -0.005125207826495171 -0.5426120758056641
0.5546916127204895 -0.22638021409511566 -0.07636717706918716
-0.0858026072382927 -0.11099284887313843 0.09349532425403595
-0.15699733793735504 -0.09875334054231644 0.18748648464679718
-0.16152092814445496 -0.3399568796157837 0.28093165159225464
-0.1492781937122345 0.09838509559631348 -0.14908932149410248
-0.25206074118614197 -0.5397512316703796 0.07002487033605576
-0.26582425832748413 -0.1886940896511078 -0.15588237345218658
-0.08494261652231216 -0.3188594877719879 -0.3111855089664459
0.04664444550871849 -0.14618325233459473 0.05697457492351532
-0.3492656350135803 0.043269120156764984 0.46841374039649963
-0.029726143926382065 -0.25792938470840454 0.09159574657678604
-0.26871806383132935 -0.22584615647792816 -0.22663134336471558
0.0034545199014246464 -0.1868184506893158 -0.21408192813396454
-0.20008981227874756 -0.10620090365409851 0.1798437535762787
-0.15207761526107788 0.10184595733880997 0.5112001299858093
-0.053010936826467514 -0.07890333980321884 0.3322223126888275
-0.1407642513513565 -0.2176101803779602 -0.24699504673480988
-0.27065902948379517 -0.13541172444820404 -0.19596335291862488
0.024554254487156868 -0.1458646059036255 -0.007668557111173868
-0.10855791717767715 0.13753512501716614 -0.10891827195882797
-0.27474111318588257 0.10594645887613297 -0.0068542989902198315
0.08090811967849731 -0.04584834352135658 0.7002692818641663
0.10235680639743805 -0.203365758061409 0.24481819570064545
0.12863150238990784 -0.1779956966638565 -0.09817679971456528
-0.18434208631515503 0.024927014485001564 0.2861684560775757
-0.3679174482822418 -0.11522974073886871 -0.18463583290576935
-0.12923994660377502 -0.12413042038679123 -0.037462882697582245
-0.17374257743358612 0.0035764833446592093 0.4227035641670227
0.07013258337974548 0.10044538229703903 0.584713876247406
-0.33164048194885254 0.1265360563993454 0.16548560559749603
-0.28001487255096436 0.024992872029542923 0.2370390146970749
-0.1475411355495453 -0.034468136727809906 -0.033538468182086945
0.0723753497004509 -0.4594508409500122 -0.1912670135498047
-0.06652345508337021 -0.0934310331940651 0.01283319666981697
-0.08672769367694855 -0.16553686559200287 0.11846296489238739
-0.5622774362564087 0.011443102732300758 0.16806618869304657
-0.22353151440620422 -0.037994496524333954 0.29863521456718445
-0.24234220385551453 -0.1732669323682785 0.02392578311264515
-0.3704472780227661 -0.1515236347913742 -0.7055373191833496
0.03247780352830887 -0.4125201106071472 -0.22715863585472107
-0.03897945582866669 0.09480595588684082 0.5745871067047119
-0.19918307662010193 0.13549259305000305 0.5442636609077454
-0.1255997270345688 0.016157332807779312 0.4377918541431427
-0.3095368444919586 0.07708185166120529 0.38103723526000977
-0.27248629927635193 -0.030763419345021248 0.36750826239585876
0.03482675552368164 -0.03337626904249191 0.3837856650352478
-0.22215549647808075 0.009438281878829002 -0.14829206466674805
-0.2448958158493042 -0.1840774565935135 -0.06555188447237015
0.30767351388931274 -0.20351019501686096 -0.2552618980407715
-0.17913658916950226 -0.17451858520507812 0.13878759741783142
-0.2368638813495636 -0.09380833804607391 -0.18974488973617554
-0.12943826615810394 -0.06446143984794617 -0.07092742621898651
0.009945832192897797 -0.25021982192993164 0.19657893478870392
-0.16382375359535217 -0.08851036429405212 0.4785821735858917
-0.2823143005371094 -0.5751981139183044 -0.1022573858499527
-0.08112404495477676 -0.20513319969177246 0.1624174565076828
-0.05061402544379234 -0.03446146845817566 -0.03422784432768822
-0.22004656493663788 0.05597860738635063 -0.13338051736354828
0.08939094096422195 -0.1277271807193756 -0.26524773240089417
-0.1344769150018692 -0.06352926790714264 -0.05344128981232643
0.011000597849488258 -0.126652330160141 0.3158169686794281
-0.23622523248195648 -0.14237627387046814 0.47515276074409485
-0.27314895391464233 0.0151863694190979 0.4009789824485779
0.008689041249454021 0.11112022399902344 0.036569852381944656
-0.12126355618238449 -0.3429647982120514 -0.14528095722198486
-0.2676534652709961 -0.08491898328065872 -0.05429445952177048
0.13890661299228668 0.25216469168663025 0.09991799294948578
-0.3495222330093384 0.14715734124183655 0.0028938050381839275
-0.28474557399749756 0.014920013025403023 0.22389166057109833
-0.08196298032999039 0.009374257177114487 -0.07659253478050232
0.12246344983577728 -0.13828229904174805 -0.19788387417793274
-0.26802191138267517 -0.16367916762828827 -0.7356459498405457
-0.06688903272151947 -0.03661749139428139 0.20761537551879883
0.04001842811703682 -0.5371791124343872 0.0022045383229851723
-0.164228618144989 -0.07549553364515305 0.3124653398990631
-0.31406107544898987 -0.037833232432603836 -0.17700549960136414
0.07136891037225723 -0.23729495704174042 -0.22781425714492798
-0.45876002311706543 0.1655309796333313 0.16145505011081696
-0.5167583227157593 0.06165290251374245 0.2960905432701111
-0.08955825120210648 -0.22599370777606964 -0.06633936613798141
-0.26166683435440063 0.12853996455669403 0.9087499976158142
-0.20891813933849335 -0.11115338653326035 0.03572305664420128
-0.03808729350566864 -0.40994665026664734 -0.34202826023101807
-0.18349359929561615 0.005519970785826445 -0.07568137347698212
-0.16950224339962006 0.04316529631614685 0.19185984134674072
-0.14169934391975403 -0.5285388231277466 -0.12791576981544495
-0.28580617904663086 0.18516989052295685 0.20193853974342346
-0.14217352867126465 -0.24183544516563416 -0.023110782727599144
-0.10226212441921234 0.04256059601902962 0.30504849553108215
-0.43261194229125977 0.006749190855771303 0.28877851366996765
-0.2521965503692627 -0.1314552128314972 -0.16444797813892365
-0.5856218934059143 0.5288444757461548 -0.3081597685813904
-0.046024031937122345 -0.1369009166955948 0.008445272222161293
0.08098053932189941 0.19546857476234436 0.43476101756095886
-0.22852823138237 -0.12762726843357086 0.3638744354248047
-0.26155558228492737 0.09824594855308533 0.28876882791519165
-0.143931582570076 -0.08561550825834274 0.2786862254142761
-0.1148962676525116 0.1912933588027954 0.009885618463158607
-0.1989503651857376 -0.04435783252120018 0.3179067075252533
-0.5734462738037109 0.41632547974586487 0.4941923916339874
-0.27890685200691223 -0.09188888967037201 -0.06709642708301544
-0.24768830835819244 -0.4570428729057312 -0.18995487689971924
-0.19916655123233795 -0.14711172878742218 -0.14679427444934845
-0.22299690544605255 -0.13607993721961975 0.14241543412208557
-0.24279247224330902 -0.22215688228607178 0.11269508302211761
-0.2848585546016693 -0.35573610663414 -0.6260417699813843
-0.16635461151599884 -0.02428562380373478 0.22427551448345184
-0.13929682970046997 -0.07827968150377274 0.4147012233734131
-0.20446564257144928 -0.11210805177688599 0.3144926428794861
-0.05004851147532463 -0.18241779506206512 -0.3825342655181885
-0.06767504662275314 0.3010440766811371 0.4598710834980011
-0.32748132944107056 -0.1859062761068344 -0.04469766095280647
0.15855559706687927 -0.13136057555675507 -0.34356987476348877
-0.1766248345375061 -0.2087857723236084 -0.4025476276874542
0.1366424411535263 -0.1120886355638504 0.4720189869403839
0.1948859691619873 -0.009057039394974709 -0.261904776096344
-0.2826285660266876 -0.08143975585699081 -0.1261848509311676
0.31384411454200745 -0.21069124341011047 -0.21874159574508667
-0.2001083791255951 0.13983793556690216 0.1531773954629898
-0.10410337895154953 -0.1428460031747818 0.14261740446090698
-0.2948707044124603 -0.3072245419025421 0.20935870707035065
-0.37483301758766174 0.1758505403995514 -0.008992806077003479
-0.04284799098968506 0.187016561627388 0.02251511625945568
-0.11917967349290848 -0.024841012433171272 0.4631120562553406
-0.3014442026615143 0.025509938597679138 0.03220084682106972
-0.21130186319351196 0.022065147757530212 0.4013674557209015
-0.16379310190677643 -0.21204353868961334 0.0463760644197464
-0.2104731798171997 -0.08836505562067032 0.12214499711990356
-0.12593644857406616 -0.3018110394477844 0.020396273583173752
-0.14924655854701996 -0.11713350564241409 -0.2540178596973419
0.2571527659893036 -0.2320639044046402 -0.3267350494861603
-0.18546852469444275 -0.1068444773554802 0.1556272804737091
-0.4346386194229126 -0.059694286435842514 0.22428357601165771
-0.13132089376449585 -0.042410604655742645 0.3575848340988159
-0.1429477035999298 0.01617426797747612 0.11821649968624115
-0.21069443225860596 -0.33650556206703186 0.014548853039741516
-0.08240463584661484 -0.049150168895721436 -0.5047937631607056
-0.3712517023086548 0.3240983188152313 1.0522552728652954
-0.17334240674972534 -0.6045495271682739 -0.28170064091682434
-0.054542746394872665 -0.1377699226140976 0.10357697308063507
0.22991463541984558 0.07666214555501938 0.0555025152862072
-0.15675793588161469 -0.13269184529781342 0.060785647481679916
0.3679962158203125 -0.03693696856498718 0.10213519632816315
-0.33858180046081543 0.08358541876077652 -0.1501103639602661
-0.12371759861707687 -0.09908638149499893 0.08400218933820724
-0.047518540173769 0.0539994016289711 0.5614424347877502
-0.2382524013519287 0.04387548938393593 0.5182787775993347
-0.07354848831892014 -0.13123255968093872 0.0024472682271152735
-0.09822439402341843 -0.0019096785690635443 0.4457283318042755
-0.010071193799376488 0.02684282697737217 0.22471541166305542
-0.36130690574645996 0.029354725033044815 -0.11112400144338608
-0.27687060832977295 0.1334608793258667 0.5181208252906799
-0.27414828538894653 -0.08709602057933807 0.24745245277881622
-0.14723366498947144 0.3127582371234894 0.1894124448299408
-0.16911007463932037 -0.13920345902442932 -0.35357221961021423
-0.3074100613594055 0.10216338187456131 0.04076815024018288
-0.20594944059848785 0.06327732652425766 0.48889172077178955
0.2078789919614792 0.14774437248706818 -0.234421044588089
-0.37182947993278503 0.4026232361793518 -0.2503501772880554
-0.10395241528749466 -0.12150488048791885 0.22141936421394348
-0.17580260336399078 -0.27644285559654236 -0.2643440067768097
-0.10554695874452591 -0.2350037544965744 -0.036703623831272125
-0.1869831383228302 -0.07623667269945145 0.32827475666999817
-0.14592322707176208 -0.004001712426543236 -0.3357970416545868
-0.35002005100250244 -0.2103535681962967 -0.4804344177246094
-0.1972387135028839 -0.19782616198062897 -0.05269584059715271
-0.17670945823192596 0.012636315077543259 -0.25920045375823975
-0.42641162872314453 0.14977526664733887 0.37112221121788025
-0.21457834541797638 -0.20315536856651306 0.24600698053836823
-0.1890217363834381 0.021855490282177925 0.4097961187362671
-0.1723489761352539 -0.21451988816261292 0.17108401656150818
-0.1470467448234558 -0.1976098120212555 -0.3864618241786957
-0.17960724234580994 -0.02641262859106064 -0.0891624316573143
-0.1489594578742981 0.06982207298278809 0.47400036454200745
-0.4670242369174957 -0.2553173899650574 -0.5337558388710022
-0.3383781611919403 -0.46427127718925476 -0.20265787839889526
-0.3730640113353729 0.1783379167318344 -0.0426606759428978
-0.13426946103572845 -0.05253584682941437 -0.2656545639038086
-0.3151920735836029 -0.11897996813058853 0.2347998321056366
-0.27233341336250305 -0.09117423743009567 0.014921490103006363
-0.2747272551059723 0.05567861348390579 0.5663576126098633
-0.04193846136331558 -0.13574384152889252 0.24522022902965546
-0.5203539729118347 -0.07672768086194992 0.5214533805847168
-0.2379308044910431 -0.5121111273765564 -0.09285660088062286
-0.12655989825725555 -0.22813445329666138 -0.09613537043333054
-0.10690970718860626 -0.09599680453538895 0.4039439857006073
-0.1880308985710144 0.06041635200381279 0.47712069749832153
-0.31884339451789856 -0.7134588956832886 -0.019086098298430443
-0.003995231352746487 -0.15403269231319427 -0.30101242661476135
0.030241863802075386 0.06272958219051361 0.26613953709602356
-0.12208100408315659 -0.4773881435394287 -0.25138819217681885
-0.28382208943367004 -0.02542595937848091 0.5945056676864624
-0.28911828994750977 0.02621210739016533 0.1670486032962799
-0.11916619539260864 0.14103804528713226 0.4793345332145691
-0.4373444616794586 -0.10279542207717896 0.24666543304920197
-0.2516437768936157 0.3996548056602478 0.2166154533624649
0.014734253287315369 -0.09245111048221588 -0.2838653028011322
-0.22569377720355988 -0.47658976912498474 -0.01555798202753067
-0.15102027356624603 -0.21086536347866058 -0.25327733159065247
-0.15105262398719788 -0.21601602435112 0.34609296917915344
-0.21738117933273315 0.011306947097182274 0.23230890929698944
-0.19073718786239624 -0.2818892002105713 -0.011286009103059769
-0.181878924369812 -0.20275071263313293 0.15689615905284882
0.0913463830947876 -0.21546392142772675 -0.4245029389858246
-0.22055453062057495 -0.15387089550495148 0.08335548639297485
-0.24672311544418335 -0.2892691493034363 -0.049588508903980255
-0.21495117247104645 -0.12702898681163788 -0.22680257260799408
-0.22209526598453522 -0.13200700283050537 -0.10093631595373154
-0.26667970418930054 -0.06976865977048874 0.37290143966674805
-0.18412666022777557 -0.10216010361909866 0.20018188655376434
-0.08060186356306076 -0.0793287381529808 0.058079466223716736
-0.23685802519321442 0.0708288848400116 -0.2706269919872284
0.11471427977085114 -0.4468529224395752 -0.14943280816078186
-0.131593719124794 0.09583011269569397 -0.20639492571353912
0.2497384399175644 -0.14177900552749634 -0.44354310631752014
-0.17512193322181702 -0.0868673026561737 -0.21361024677753448
-0.22930924594402313 0.07055041939020157 -0.07742106169462204
-0.13691464066505432 -0.2961277663707733 -0.3085848391056061
-0.09184739738702774 0.06280118227005005 -0.013054337352514267
-0.011348297819495201 -0.05560685694217682 -0.0580127127468586
-0.030578594654798508 -0.1293794810771942 -0.3634853661060333
-0.047094374895095825 -0.35167327523231506 -0.06653282046318054
0.011910241097211838 -0.08715713024139404 0.15130555629730225
-0.2317185252904892 0.02322790026664734 0.15202032029628754
-0.29085931181907654 -0.09495606273412704 0.08339689671993256
-0.00849686935544014 -0.12301062792539597 0.28475844860076904
-0.23287054896354675 0.004174433648586273 0.3759625554084778
0.04477131366729736 -0.189950630068779 -0.21995943784713745
-0.14471738040447235 -0.11951202899217606 -0.37012380361557007
-0.32605502009391785 -0.068247951567173 0.2781120836734772
-0.11007332801818848 -0.0028573558665812016 0.4751903712749481
0.24891500174999237 -0.12614518404006958 -0.3767399489879608
-0.1910591572523117 -0.051681045442819595 0.3163541555404663
-0.22465533018112183 -0.18666242063045502 -0.024963663890957832
-0.3350593149662018 0.159362331032753 0.35469815135002136
-0.5874406695365906 -0.08585759252309799 0.3001016080379486
-0.05745967850089073 0.042165227234363556 0.010673878714442253
-0.11189085990190506 -0.15189076960086823 -0.0024533746764063835
-0.16934239864349365 -0.36024484038352966 0.032929349690675735
-0.1417958289384842 -0.12270072847604752 -0.21704329550266266
-0.26472413539886475 0.1663006842136383 0.275119811296463
-0.33211201429367065 -0.011132720857858658 0.1861361414194107
-0.3047679364681244 -0.16611604392528534 -0.036598753184080124
-0.19345080852508545 -0.5093995332717896 0.20734699070453644
-0.13590961694717407 -0.16092082858085632 0.034538812935352325
-0.3457801640033722 0.16567620635032654 -0.07284469902515411
-0.19690752029418945 -0.0755309984087944 0.3560682535171509
-0.2317928820848465 -0.3028745651245117 0.10826960951089859
-0.3216576874256134 0.08406556397676468 0.3281913995742798
-0.1499403566122055 -0.15142303705215454 0.08061838895082474
0.07387804985046387 -0.2893611192703247 -0.2967412769794464
-0.23848102986812592 0.23192541301250458 0.04327689856290817
-0.08707669377326965 -0.4463028907775879 -0.28816983103752136
-0.1562727838754654 -0.4361744821071625 -0.45118457078933716
0.014244144782423973 -0.465450257062912 -0.16129612922668457
-0.3338032364845276 -0.11808573454618454 -0.10029012709856033
-0.1689232438802719 0.06484182178974152 -0.2872820198535919
0.06367061287164688 -0.19302727282047272 0.07406958192586899
-0.1346539407968521 -0.0791281908750534 0.25851139426231384
0.05329965427517891 0.09242668002843857 -0.05728648975491524
-0.03436744585633278 0.01293066143989563 0.3809360861778259
-0.15134084224700928 -0.21456119418144226 0.041085757315158844
-0.16155557334423065 -0.39760667085647583 -0.0015292733442038298
-0.309401273727417 -0.14435365796089172 0.03415187448263168
-0.3682287931442261 0.15604977309703827 0.14241017401218414
-0.23124855756759644 -0.1713017076253891 0.2686282694339752
-0.18644481897354126 -0.25126293301582336 -0.12365525215864182
-0.021375609561800957 -0.07484394311904907 -0.032332103699445724
-0.27259325981140137 -0.12565667927265167 -0.06158338114619255
-0.18749947845935822 -0.09061436355113983 0.22516527771949768
0.1799752563238144 0.06578158587217331 0.11613614112138748
-0.2215600460767746 -0.04672569781541824 0.4222281575202942
-0.07620666921138763 -0.13655579090118408 -0.24400655925273895
0.02140233665704727 -0.10786257684230804 0.03815558925271034
-0.32422053813934326 -0.36483263969421387 0.16020062565803528
0.11064349114894867 -0.18921299278736115 -0.20793792605400085
-0.30737367272377014 -0.1602136641740799 0.06956030428409576
-0.17173489928245544 -0.16918130218982697 -0.4317491948604584
-0.29281166195869446 -0.09499560296535492 0.09228570759296417
-0.36270999908447266 0.07960918545722961 -0.39901936054229736
-0.26767584681510925 0.026489196345210075 0.47325247526168823
-0.4885554313659668 -0.08105698972940445 -0.008229998871684074
-0.06953301280736923 -0.17560124397277832 0.043182555586099625
-0.2599255442619324 0.06419545412063599 -0.23645581305027008
-0.18082109093666077 0.04926426708698273 0.21793809533119202
-0.2808154821395874 0.14784494042396545 0.7403723001480103
-0.20601847767829895 0.10254501551389694 0.5174753069877625
0.04278482496738434 0.04262201115489006 0.3598683774471283
-0.1952868103981018 0.04691299796104431 0.3526178300380707
-0.21659024059772491 -0.2372286319732666 0.20323704183101654
0.11839769035577774 0.0889204889535904 0.044108062982559204
-0.1856294721364975 -0.10724129527807236 -0.009995907545089722
-0.12648636102676392 -0.16513124108314514 -0.10104332119226456
-0.16134785115718842 0.15490569174289703 0.23955589532852173
-0.19349442422389984 0.08619128167629242 0.36365434527397156
-0.1009809821844101 0.2614012658596039 -0.011896634474396706
-0.1127173900604248 -0.15350359678268433 0.20101326704025269
-0.20774218440055847 -0.2556988298892975 -0.13990603387355804
-0.21189282834529877 -0.15771032869815826 0.18343399465084076
-0.12858593463897705 -0.0931401476264 0.21214216947555542
-0.23376227915287018 -0.14104244112968445 0.28777870535850525
-0.14716114103794098 -0.30625924468040466 -0.09514341503381729
-0.22985534369945526 -0.016711940988898277 0.15159569680690765
-0.21969343721866608 -0.0026237270794808865 0.20490007102489471
-0.37606918811798096 -0.06940790265798569 -0.15888935327529907
-0.11637308448553085 -0.12872274219989777 0.28123682737350464
-0.13446801900863647 -0.15556712448596954 0.11195151507854462
-0.20098115503787994 -0.10826829820871353 0.5192290544509888
-0.11958160996437073 -0.374275803565979 -0.12875010073184967
-0.10036108642816544 -0.005474574398249388 0.4172585904598236
-0.4029551148414612 0.18875645101070404 -0.3350951373577118
-0.05430281534790993 -0.07348863035440445 -0.00222375662997365
-0.3058338463306427 -0.05987431854009628 -0.19581326842308044
-0.18380112946033478 -0.10942743718624115 -0.19566503167152405
-0.1015525534749031 -0.06884617358446121 -0.01158885657787323
-0.04777120053768158 -0.2611680030822754 -0.15024438500404358
-0.07461654394865036 0.10241150856018066 -0.0056827557273209095
-0.1514417678117752 -0.2870025932788849 0.04284696280956268
-0.3708721101284027 -0.04658449813723564 0.17285314202308655
-0.029205534607172012 0.011528845876455307 -0.37631258368492126
0.10761141031980515 -0.3877718150615692 -0.07712596654891968
-0.266675740480423 -0.07632264494895935 0.32422301173210144
-0.25928211212158203 -0.24751675128936768 0.19924437999725342
-0.16340652108192444 0.0552552230656147 0.5267432928085327
0.04389040172100067 -0.2957923412322998 -0.3514494001865387
-0.18818794190883636 -0.015244780108332634 0.35450607538223267
-0.2122580111026764 0.14783580601215363 -0.0867694541811943
-0.41901537775993347 0.11519205570220947 -0.1300572007894516
-0.19522398710250854 -0.3567420542240143 -0.05402904376387596
-0.23441962897777557 -0.12423153966665268 0.14216303825378418
-0.5357733964920044 0.13580554723739624 -0.13363409042358398
-0.030562859028577805 -0.06651508808135986 -0.10479915887117386
0.03041994571685791 -0.09532475471496582 -0.12837669253349304
-0.19831357896327972 -0.04816623032093048 0.2921978533267975
-0.2742127478122711 -0.11360494792461395 0.025673260912299156
-0.01719622313976288 -0.44615110754966736 -0.3653789758682251
-0.18577498197555542 -0.02763465605676174 0.19536475837230682
-0.5020201206207275 0.3046165704727173 0.1157953292131424
-0.3514585793018341 -0.41160720586776733 0.10729758441448212
0.10883490741252899 -0.23831550776958466 -0.008459819480776787
-0.19027981162071228 -0.10469581931829453 0.12524628639221191
-0.004251436796039343 -0.038061708211898804 0.35963886976242065
-0.10254596173763275 -0.058302637189626694 0.3397683799266815
0.3114786148071289 -0.019687121734023094 0.30524593591690063
-0.1749929040670395 -0.03639555722475052 0.46132904291152954
-0.27608224749565125 0.07067716121673584 -0.2670567035675049
-0.27024438977241516 0.006622797343879938 0.22517292201519012
-0.34564292430877686 -0.12080565840005875 -0.31530076265335083
-0.18021564185619354 -0.25541213154792786 -0.28372105956077576
-0.4151211082935333 -0.09990386664867401 0.05974791944026947
-0.1103508397936821 -0.3334924876689911 -0.22302913665771484
0.44323962926864624 0.051087427884340286 0.18109893798828125
-0.1972803771495819 -0.0516347736120224 -0.15792182087898254
0.07474444806575775 -0.2605910003185272 -0.554312527179718
-0.05807562917470932 0.07328062504529953 0.5442352890968323
0.024636132642626762 0.17415334284305573 -0.3532029390335083
-0.23487845063209534 0.04717666655778885 0.46775150299072266
0.10001814365386963 -0.29685673117637634 -0.10015197843313217
-0.17233677208423615 -0.6411983966827393 0.11609634757041931
-0.13473255932331085 -0.3464542031288147 -0.05584332346916199
0.08883680403232574 -0.3455275595188141 0.30121585726737976
-0.19700726866722107 -0.14080746471881866 -0.2719724476337433
-0.26180845499038696 0.026904279366135597 0.33846473693847656
-0.3821648061275482 0.003045696299523115 -0.3666568994522095
-0.00840754434466362 -0.0938807800412178 0.1035851538181305
-0.16639256477355957 -0.10060199350118637 0.07744302600622177
-0.144563689827919 -0.19767653942108154 -0.07315178215503693
-0.4655967652797699 -0.0866294726729393 -0.2577558159828186
0.078809954226017 0.1883821189403534 0.3899163603782654
-0.08207115530967712 -0.33261507749557495 0.03011392429471016
-0.052021052688360214 -0.16209256649017334 -0.3664093613624573
0.29545605182647705 0.06775501370429993 0.3633928596973419
0.1749686896800995 -0.13645996153354645 -0.19881589710712433
-0.14896844327449799 0.007155793718993664 0.4628550708293915
-0.09862116724252701 -0.14966340363025665 -0.18422603607177734
-0.18158932030200958 -0.08928666263818741 0.3281133472919464
-0.20391666889190674 0.015415078029036522 0.5159838199615479
-0.015773724764585495 -0.2971440255641937 -0.019230054691433907
-0.18378737568855286 -0.20195087790489197 0.1106647327542305
-0.34895381331443787 0.1440599411725998 0.5383966565132141
-0.5301559567451477 0.16870631277561188 0.060318008065223694
-0.14936523139476776 -0.1515972763299942 -0.2628801167011261
-0.08526391535997391 -0.20926311612129211 -0.4221102297306061
-0.2813986837863922 0.07327543199062347 -0.2063714861869812
-0.28280383348464966 -0.0603451281785965 0.06809267401695251
-0.32989034056663513 -0.12384007126092911 -0.07704798132181168
-0.2602728009223938 0.017136085778474808 -0.0027785454876720905
-0.16207383573055267 -0.2826278507709503 -0.21474523842334747
-0.032830674201250076 -0.013418477028608322 0.36240628361701965
0.05384248495101929 -0.3015614151954651 -0.0700124129652977
-0.3045158088207245 -0.14167973399162292 6.451155059039593e-06
-0.26524874567985535 0.12155993282794952 0.017603326588869095
-0.12584561109542847 -0.013372642919421196 0.4035351276397705
-0.02016785740852356 -0.09848009794950485 -0.32046589255332947
-0.08734279870986938 -0.21848145127296448 0.129807710647583
0.04733609780669212 -0.10335703194141388 0.22790512442588806
-0.018564525991678238 -0.020414916798472404 -0.1807418018579483
-0.13890953361988068 -0.26833903789520264 -0.10996115207672119
-0.36937853693962097 -0.08490734547376633 0.19771483540534973
-0.2040354311466217 0.1725141853094101 0.5532752871513367
0.02054581232368946 -0.21434706449508667 -0.4484884738922119
-0.3373928368091583 -0.013091016560792923 0.2845648229122162
0.11489444226026535 0.016544105485081673 0.3637039065361023
-0.15828928351402283 -0.13241928815841675 -0.10835881531238556
-0.160690039396286 0.1479073017835617 -0.14704550802707672
-0.12319190800189972 -0.06427998840808868 0.3050593435764313
-0.027643244713544846 -0.050691869109869 -0.24013686180114746
-0.04582284763455391 -0.1418696492910385 0.4053623378276825
-0.11299091577529907 -0.08022190630435944 -0.023578746244311333
-0.167991504073143 -0.3828355073928833 -0.12669245898723602
-0.4536445140838623 0.11969024688005447 -0.2045988291501999
-0.24014434218406677 0.1071644052863121 0.1292063593864441
-0.5745041966438293 0.1130189299583435 0.2270822674036026
-0.24058987200260162 -0.12042707949876785 0.26534155011177063
0.08700722455978394 -0.33418163657188416 -0.1917758733034134
-0.22640810906887054 -0.19163878262043 0.10457351803779602
-0.3501199185848236 0.06080212444067001 0.3831247389316559
-0.14784955978393555 -0.016285298392176628 0.32998019456863403
-0.352457195520401 -0.004973371978849173 0.1664522886276245
-0.09014942497015 0.015364183112978935 0.3084014356136322
0.015485111624002457 -0.20898881554603577 0.2381563037633896
0.027061788365244865 -0.18414631485939026 -0.272749125957489
0.012693660333752632 -0.16732560098171234 -0.5046943426132202
0.001562020042911172 -0.07297610491514206 0.2587166130542755
-0.4040350317955017 0.09534341096878052 0.0637180283665657
-0.07958335429430008 0.46845564246177673 0.486014723777771
0.190741166472435 -0.16683414578437805 0.1283629685640335
-0.11764386296272278 -0.08704587072134018 0.22617566585540771
-0.27833035588264465 -0.11461111903190613 0.07716482877731323
-0.014930998906493187 0.00782736949622631 -0.09216402471065521
-0.3273026943206787 0.03500758484005928 0.37166476249694824
-0.16403570771217346 -0.09635287523269653 0.12552890181541443
-0.396436870098114 -0.1714201122522354 0.06501442939043045
-0.3069343566894531 0.0188611913472414 0.27122756838798523
-0.22637450695037842 0.09378985315561295 -0.2451736330986023
-0.4249371290206909 0.31879496574401855 0.18649090826511383
-0.3139254152774811 0.1334563046693802 0.8141812682151794
0.10367239266633987 -0.29188960790634155 -0.05690457299351692
-0.3948277235031128 -0.23360008001327515 -0.10279478877782822
-0.09020411968231201 -0.18308879435062408 -0.08887752890586853
-0.25198566913604736 -0.1701902151107788 0.1461647003889084
-0.19161604344844818 -0.11080540716648102 0.018905706703662872
-0.2097582072019577 -0.3218355178833008 0.09485999494791031
-0.35153433680534363 -0.12123028188943863 0.10810766369104385
-0.1828724890947342 -0.03121163137257099 -0.20598706603050232
-0.29628273844718933 -0.0915103629231453 0.22225457429885864
-0.410103976726532 0.24184218049049377 -0.13284651935100555
-0.2780957520008087 -0.09959094971418381 -0.03389725461602211
-0.17260608077049255 -0.17102931439876556 -0.23497192561626434
-0.31789618730545044 0.2313077747821808 0.8355969786643982
-0.0968175008893013 0.01465962827205658 -0.02206334099173546
-0.0798245370388031 0.026165558025240898 0.33110174536705017
-0.04281843826174736 -0.12494949251413345 -0.16763800382614136
-0.002621152438223362 -0.42157885432243347 -0.09072224050760269
-0.22689025104045868 -0.0461113266646862 -0.023361658677458763
-0.242477685213089 0.14249268174171448 0.28293558955192566
-0.12062573432922363 -0.07241977006196976 0.38601022958755493
-0.011417694389820099 0.18153166770935059 0.7391104698181152
-0.2921510338783264 -0.11174283921718597 0.27616915106773376
-0.46411457657814026 -0.21608684957027435 -0.2792758047580719
-0.09130007028579712 -0.16676479578018188 -0.05219966173171997
-0.14384621381759644 -0.128810852766037 0.09840194880962372
-0.4399171471595764 0.08406679332256317 0.07338020950555801
-0.23236645758152008 0.01503685861825943 0.2621915638446808
-0.05429220199584961 -0.10074179619550705 -0.2269119918346405
0.04177498817443848 0.051258184015750885 0.43955913186073303
-0.14729903638362885 -0.16328835487365723 0.2747529149055481
-0.2498716115951538 -0.24247054755687714 -0.27475738525390625
-0.14994381368160248 0.20169274508953094 0.276967316865921
-0.22024579346179962 -0.1655215173959732 0.13065628707408905
-0.15998101234436035 0.020568767562508583 0.5187962055206299
0.04233771935105324 0.07291455566883087 0.2616121470928192
-0.06702984124422073 0.11641494184732437 0.3028824031352997
-0.2997405230998993 -0.34973639249801636 -0.0403829887509346
-0.08001348376274109 0.3429837226867676 0.1283850371837616
-0.23100045323371887 -0.07518377900123596 0.11784171313047409
-0.15822476148605347 0.027909306809306145 0.25231611728668213
-0.01245960034430027 0.21183158457279205 0.3756103217601776
-0.04862542077898979 -0.30780795216560364 -0.10233128070831299
-0.10311612486839294 -0.08212674409151077 0.28861722350120544
-0.18413867056369781 0.1296892911195755 0.17609353363513947
-0.20640172064304352 -0.3728649318218231 0.34160661697387695
0.051718033850193024 -0.33842092752456665 0.06357462704181671
-0.20382827520370483 -0.15251493453979492 0.16121046245098114
-0.26642587780952454 -0.343693345785141 0.07055176049470901
-0.052018262445926666 -0.19819310307502747 -0.4806157350540161
0.20578747987747192 -0.06885900348424911 -0.38900062441825867
-0.06945393234491348 -0.1862359344959259 -0.006165975239127874
-0.12719687819480896 -0.13531428575515747 -0.21115687489509583
-0.32340502738952637 -0.13972331583499908 0.20563088357448578
-0.12577831745147705 -0.11278870701789856 0.052190151065588
-0.28758224844932556 -0.04709186032414436 0.06640326231718063
-0.18888115882873535 -0.07585376501083374 0.24017241597175598
-0.1014217883348465 -0.3795534670352936 -0.2504844069480896
-0.15461741387844086 0.10207492858171463 0.12341729551553726
-0.3444344699382782 0.07113467156887054 0.37104925513267517
-0.3691341280937195 -0.023511728271842003 0.25359681248664856
-0.1646827608346939 0.015040254220366478 -0.11420878767967224
-0.12300492823123932 -0.1595047116279602 -0.2801448404788971
0.19819305837154388 -0.14029936492443085 0.0623139962553978
0.24369946122169495 -0.10959098488092422 -0.02195710875093937
-0.023965684697031975 -0.03275571018457413 0.09623643755912781
-0.5462941527366638 -0.048686422407627106 0.029443465173244476
0.011594757437705994 0.24637983739376068 -0.14088912308216095
-0.15640705823898315 0.034238945692777634 -0.49325352907180786
-0.11398208141326904 0.014331348240375519 0.2547355592250824
-0.45921429991722107 0.01988222636282444 0.09146887809038162
-0.3966751992702484 0.25571495294570923 0.6919968724250793
-0.23060820996761322 -0.14676734805107117 0.05115663632750511
-0.17960748076438904 -0.38251858949661255 -0.068147674202919
-0.28932538628578186 -0.302598774433136 -0.11133920401334763
-0.2738221287727356 -0.0684749186038971 0.1538143754005432
-0.36002132296562195 0.2955087721347809 0.4359104037284851
-0.17785298824310303 -0.10827185958623886 0.025598673149943352
-0.4242023825645447 -0.03458932414650917 0.18647974729537964
0.015568587929010391 -0.1389898806810379 -0.03145608678460121
-0.222506582736969 0.013772586360573769 0.4315621256828308
-0.23714593052864075 -0.232460618019104 -0.5877187848091125
-0.13834327459335327 -0.09248165786266327 0.2435312420129776
-0.01160755380988121 0.12077828496694565 -0.21201053261756897
-0.2539565861225128 -0.15340785682201385 0.17858877778053284
-0.06174521893262863 -0.16950243711471558 -0.02828793413937092
-0.308896005153656 0.09916301816701889 0.10810432583093643
-0.28802162408828735 -0.10785795003175735 -0.2683292329311371
0.0829954519867897 0.1629319041967392 0.19494999945163727
-0.042440611869096756 0.37947359681129456 0.7338486909866333
0.22797340154647827 0.11969330906867981 0.2774529755115509
-0.05335221439599991 0.06162571907043457 0.4605066478252411
-0.3050419092178345 0.2617603838443756 0.31297221779823303
0.027569158002734184 -0.13665518164634705 0.17477500438690186
0.06172224134206772 0.11432494223117828 0.07749027758836746
-0.2239132672548294 -0.032869670540094376 0.2574816644191742
-0.23897404968738556 0.11579437553882599 0.021162595599889755
-0.20752596855163574 0.228974848985672 0.5131995677947998
-0.19643406569957733 -0.1331402063369751 0.021047042682766914
-0.1840362399816513 0.02443593554198742 0.09583223611116409
0.09047354012727737 0.05327657237648964 -0.16669857501983643
-0.23253503441810608 -0.1340114176273346 0.04402691125869751
-0.2877533733844757 -0.12010495364665985 0.13374094665050507
-0.07597595453262329 -0.19688040018081665 0.14865829050540924
-0.26253095269203186 0.20651425421237946 0.8707879781723022
-0.10647329688072205 -0.18138054013252258 -0.1522584706544876
-0.17223241925239563 -0.15595051646232605 0.054018717259168625
-0.2606039345264435 0.08916798233985901 0.05550026148557663
-0.14034582674503326 -0.4426754117012024 0.0812683179974556
-0.3055388033390045 0.225216343998909 0.504387617111206
-0.12048444896936417 -0.7519062757492065 -0.13267627358436584
0.06651430577039719 0.07546713203191757 0.04680771380662918
-0.1350765973329544 -0.48266759514808655 -0.15869392454624176
-0.5486852526664734 0.326690673828125 0.33552950620651245
0.04560554400086403 -0.20664697885513306 -0.18804234266281128
0.09310195595026016 -0.19236041605472565 -0.14073185622692108
-0.1421905905008316 0.03215356543660164 0.27894553542137146
-0.027957942336797714 -0.155301034450531 0.14480112493038177
-0.21040278673171997 -0.23713558912277222 -0.16320286691188812
-0.033504635095596313 0.019537923857569695 -0.11969074606895447
-0.21383172273635864 -0.12543894350528717 -0.30237114429473877
-0.2726556658744812 -0.49679604172706604 0.198099285364151
-0.10131186991930008 -0.19621682167053223 0.12908433377742767
-0.14852669835090637 0.0811237320303917 0.4647079408168793
-0.23251934349536896 0.2657219469547272 0.6742910742759705
-0.16000741720199585 0.01649952307343483 0.07739333063364029
-0.22827833890914917 -0.08221037685871124 -0.22368977963924408
-0.19210655987262726 -0.14083614945411682 0.04580032080411911
-0.2955620288848877 -0.04083821550011635 0.32382991909980774
-0.370082288980484 0.015804989263415337 0.2912454605102539
-0.3046340048313141 -0.19615855813026428 0.18557336926460266
-0.358172208070755 -0.0012682618107646704 0.0072561814449727535
-0.22360792756080627 0.03572458401322365 0.23839816451072693
-0.12616239488124847 0.07192036509513855 0.5846040844917297
-0.007636471185833216 0.3133479058742523 0.608654260635376
-0.23885393142700195 -0.4537505507469177 0.24610954523086548
-0.156978577375412 -0.04353499785065651 0.23132698237895966
-0.23859962821006775 -0.2650251090526581 -0.1474377065896988
7.392291445285082e-05 -0.050131719559431076 -0.017023704946041107
0.1747586876153946 0.1626242697238922 0.20128704607486725
-0.19199427962303162 -0.36794373393058777 -0.14070802927017212
-0.1046764925122261 -0.1165335550904274 0.1965215802192688
0.03425749018788338 -0.25774940848350525 -0.28629881143569946
-0.1132797971367836 -0.02593214064836502 0.41586244106292725
-0.26675209403038025 -0.12248452007770538 -0.2970793545246124
-0.1173793226480484 0.0018089854856953025 0.12477536499500275
0.13666346669197083 -0.1609974354505539 -0.3884812295436859
-0.22013305127620697 -0.43261128664016724 0.13731153309345245
-0.2937071621417999 0.08518865704536438 0.7201830744743347
0.09794706851243973 -0.19453538954257965 -0.19931533932685852
-0.3869536519050598 0.10004664957523346 0.4633983075618744
-0.018774934113025665 0.042812615633010864 0.1655632108449936
-0.13338766992092133 -0.04295928776264191 0.36240914463996887
-0.43313026428222656 -0.10958759486675262 0.3242408037185669
-0.4271526634693146 0.17909090220928192 -0.041610345244407654
-0.22634221613407135 0.12926171720027924 -0.1567065268754959
-0.31608861684799194 0.023963404819369316 0.003568053711205721
-0.0018208359833806753 0.006221467163413763 0.23302385210990906
-0.13935591280460358 -0.34049859642982483 0.1963140368461609
0.12382076680660248 -0.26409971714019775 -0.1791900396347046
0.20343932509422302 -0.21589623391628265 0.19576747715473175
-0.16673262417316437 -0.4055774211883545 0.0037683455739170313
-0.09467676281929016 -0.12544026970863342 0.3203340768814087
0.007152654696255922 -0.3632051944732666 -0.5771177411079407
-0.036321062594652176 -0.11280915141105652 0.17368097603321075
-0.17544320225715637 -0.4421996772289276 0.1459098607301712
-0.12623080611228943 -0.06632880866527557 -0.07853779196739197
-0.04740073159337044 0.09492353349924088 0.5197866559028625
0.12511180341243744 -0.0071091423742473125 0.26335033774375916
-0.2856817841529846 -0.14475156366825104 0.09417349100112915
-0.1613777130842209 -0.14584000408649445 -0.008785996586084366
-0.0951836109161377 -0.08001463860273361 0.6421154141426086
-0.22663244605064392 -0.010543571785092354 -0.017060626298189163
-0.16791485249996185 0.16399680078029633 0.5116734504699707
0.10553646832704544 0.07035979628562927 0.3062506318092346
-0.015747394412755966 0.09971945732831955 -0.23596444725990295
-0.4325311481952667 0.0587422177195549 0.20127490162849426
-0.4605909287929535 0.07300948351621628 0.4225314259529114
-0.28998440504074097 -0.39999622106552124 0.0023828395642340183
-0.18253234028816223 0.09008503705263138 0.4778628647327423
0.10697250813245773 -0.3242250084877014 -0.0727601870894432
-0.017937835305929184 -0.08477360755205154 -0.09729001671075821
-0.24478591978549957 -0.20454078912734985 -0.07633396238088608
-0.27752742171287537 -0.14616937935352325 -0.09519148617982864
-0.05048280581831932 -0.3376084268093109 -0.3336060047149658
-0.06734640896320343 -0.18239738047122955 0.0634031817317009
-0.02049637772142887 -0.013013886287808418 -0.05395369604229927
-0.3430612087249756 -0.4475291967391968 0.13257166743278503
-0.13987703621387482 0.04137568548321724 0.44949835538864136
-0.06470276415348053 -0.1137956753373146 -0.09919512271881104
0.13317126035690308 -0.14614853262901306 0.08797971159219742
-0.5351399779319763 0.15978959202766418 0.15864011645317078
-0.31029853224754333 -0.003388017416000366 -0.339274525642395
-0.27448344230651855 -0.10095959901809692 0.03297162801027298
-0.29897022247314453 0.010602541267871857 0.3436509668827057
-0.5684248805046082 0.06524676829576492 -0.012438664212822914
-0.1418430209159851 -0.18214713037014008 -0.477386474609375
0.06266418844461441 -0.14767807722091675 0.264240562915802
-0.04673066735267639 0.1449836939573288 0.10871757566928864
-0.23343060910701752 -0.077903613448143 0.16527125239372253
-0.14972355961799622 -0.1548420935869217 -0.6074735522270203
-0.09905946254730225 -0.14521493017673492 -0.28897470235824585
-0.2508887052536011 -0.18530131876468658 0.06631973385810852
-0.12488808482885361 0.15128043293952942 0.6154730319976807
-0.22651033103466034 0.16823361814022064 0.2571518123149872
-0.10507773607969284 0.17519895732402802 0.3134003281593323
-0.4214293658733368 0.04924311861395836 0.3654811680316925
-0.29844194650650024 0.18762627243995667 0.09386343508958817
-0.23780910670757294 -0.26980695128440857 0.08314664661884308
-0.21305353939533234 -0.04017477482557297 0.04701961949467659
-0.20207422971725464 -0.12730664014816284 -0.17954175174236298
-0.18017497658729553 -0.47902682423591614 -0.3957809507846832
-0.3369024991989136 -0.40518009662628174 0.03375037759542465
-0.2293008714914322 -0.19556404650211334 0.3756244480609894
0.032354529947042465 -0.062338609248399734 -0.2573637068271637
-0.20554162561893463 -0.11385004967451096 0.12986330687999725
-0.08109357208013535 -0.2176741361618042 0.2039814293384552
-0.08948758244514465 -0.13194997608661652 0.22431017458438873
-0.21385857462882996 -0.01167665421962738 0.2962990403175354
-0.16290995478630066 -0.11861082166433334 0.11003408581018448
-0.31126055121421814 0.1662897914648056 0.05919085443019867
0.023792477324604988 -0.12316109240055084 0.01063155010342598
0.03873355686664581 -0.1444108784198761 0.053819481283426285
-0.16984823346138 -0.06457088887691498 0.4213762581348419
-0.27374276518821716 0.09765267372131348 -0.3140197694301605
-0.08669426292181015 -0.07255399972200394 0.12308278679847717
-0.1215086430311203 -0.10580536723136902 0.027782566845417023
-0.1113559901714325 -0.22557716071605682 0.14534388482570648
0.01906835474073887 0.005860482342541218 0.3864365518093109
-0.11702633649110794 -0.34845784306526184 0.26075756549835205
-0.03311705216765404 -0.7202222943305969 -0.6475633978843689
-0.02430109493434429 -0.001385076204314828 0.15561901032924652
-0.2522127628326416 -0.23240527510643005 0.2839387357234955
0.013840118423104286 -0.25835752487182617 -0.062089573591947556
-0.3906633257865906 -0.403935968875885 -0.05478297919034958
-0.5571906566619873 -0.34229135513305664 0.009889326989650726
-0.25280123949050903 0.028564471751451492 -0.13580024242401123
-0.2474212646484375 -0.037214495241642 -0.3221728205680847
-0.10364902019500732 -0.24716317653656006 -0.018319301307201385
0.16172198951244354 -0.07007722556591034 -0.07752987742424011
-0.25809627771377563 -0.0035918117500841618 0.03220232203602791
0.0045101274736225605 -0.21476265788078308 -0.12159160524606705
0.06887369602918625 -0.48460811376571655 -0.38736793398857117
-0.38980159163475037 -0.26645419001579285 -0.06353460252285004
-0.07396504282951355 0.03836008533835411 0.3520306348800659
0.03709978237748146 -0.2963866889476776 -0.3393190801143646
0.06233761087059975 -0.009198598563671112 -0.0699995830655098
0.005190206691622734 -0.2589517831802368 -0.4477183520793915
-0.36314836144447327 0.11956798285245895 0.061608947813510895
-0.16334384679794312 -0.5268757343292236 -0.4213407039642334
-0.3931999206542969 0.025579160079360008 0.19357319176197052
-0.24246631562709808 0.020103802904486656 0.03601272404193878
-0.09542879462242126 -0.018781643360853195 -0.27319881319999695
-0.046914342790842056 -0.0406872034072876 0.4462568461894989
-0.060015540570020676 -0.16362214088439941 0.11917854100465775
-0.21899309754371643 0.1699906587600708 -0.014839164912700653
-0.38986578583717346 -0.13811129331588745 0.04468381404876709
0.1676657348871231 -0.07944837212562561 0.002645752625539899
-0.30914372205734253 0.11213402450084686 0.10543589293956757
-0.13718944787979126 0.1308635026216507 0.5584363341331482
0.014019982889294624 0.21492141485214233 0.8489014506340027
-0.2548391819000244 0.10612014681100845 0.04675129055976868
-0.30094996094703674 0.08269449323415756 0.12417912483215332
-0.22317104041576385 -0.16436481475830078 0.14321377873420715
-0.17679348587989807 0.06247981637716293 0.10710527002811432
-0.12391688674688339 0.09278824180364609 -0.27844667434692383
-0.1927780956029892 -0.05050694942474365 0.464964896440506
0.023922277614474297 -0.19876399636268616 0.14952227473258972
-0.1817934215068817 0.04500667378306389 -0.06392133980989456
0.04765373095870018 -0.6874626874923706 -0.2145732343196869
-0.43900108337402344 -0.26117822527885437 0.10683091729879379
0.08524690568447113 -0.17612330615520477 -0.19798916578292847
-0.17826318740844727 -0.16679386794567108 -0.009356101974844933
-0.05690472945570946 0.0457102470099926 0.5284525156021118
-0.2789785861968994 -0.23926004767417908 0.4198514223098755
-0.199044868350029 -0.027292924001812935 0.05188995972275734
-0.1535397320985794 0.0386255607008934 0.07089897990226746
-0.1642797738313675 -0.08958327770233154 0.14654485881328583
-0.11257214844226837 0.35089901089668274 0.16561368107795715
-0.10548276454210281 -0.12037373334169388 0.2241673767566681
-0.16331906616687775 -0.11017856746912003 0.16069044172763824
-0.18171676993370056 0.18749529123306274 0.5988104343414307
-0.07978034764528275 0.3782370984554291 0.022154346108436584
-0.32629773020744324 -0.12234734743833542 0.11531202495098114
-0.21634769439697266 -0.208969846367836 0.1567225307226181
-0.06391341239213943 -0.4364190101623535 -0.15263710916042328
0.057354483753442764 0.028535282239317894 0.015177803114056587
-0.27265092730522156 0.35585734248161316 0.4316553771495819
0.052263692021369934 0.05221293121576309 0.3922339975833893
-0.1628936529159546 -0.21051254868507385 -0.07101082801818848
-0.33349063992500305 -0.011816274374723434 -0.20304051041603088
-0.17412222921848297 -0.1483946442604065 0.2235584855079651
-0.21949484944343567 -0.38923200964927673 -0.048538193106651306
-0.10730735212564468 0.04533136636018753 0.5171112418174744
-0.29619523882865906 0.14328357577323914 0.04927920922636986
-0.13971538841724396 -0.11427490413188934 0.13140036165714264
-0.15669842064380646 -0.16877564787864685 0.3033061623573303
-0.1729992777109146 -0.03752616047859192 -0.12779684364795685
-0.2433737814426422 -0.10560379922389984 0.06816764920949936
-0.3596249520778656 0.06315413862466812 0.22583165764808655
-0.030482478439807892 -0.26557430624961853 -0.44090232253074646
-0.19025807082653046 0.04881143942475319 0.15793928503990173
-0.08171562105417252 0.05758930742740631 0.5450860261917114
-0.15285184979438782 -0.2816653251647949 -0.499123752117157
-0.016665469855070114 0.10897510498762131 -0.2889624238014221
-0.1491554081439972 0.0716744065284729 -0.18776601552963257
-0.2154870480298996 -0.12332351505756378 -0.028104936704039574
-0.17793990671634674 0.23890164494514465 0.21165283024311066
-0.10003139823675156 0.17753836512565613 -0.42400822043418884
-0.031888071447610855 -0.3058305084705353 -0.3595575988292694
-0.07181575149297714 0.1550142616033554 -0.3421708643436432
-0.2726002037525177 -0.17780935764312744 0.15799632668495178
0.019373875111341476 -0.2523591220378876 0.07970618456602097
-0.23524226248264313 0.004267327953130007 -0.05475114658474922
-0.24147173762321472 -0.08389626443386078 -0.01711866445839405
0.0014436752535402775 -0.15263688564300537 0.3035215437412262
-0.4787385165691376 0.16398850083351135 -0.018083298578858376
-0.2052665501832962 0.027877144515514374 -0.0005993307568132877
-0.7200233340263367 0.19559964537620544 -0.1751740425825119
-0.49516937136650085 -0.22102369368076324 0.08930394798517227
-0.5323248505592346 0.24332444369792938 0.5013521313667297
-0.1433500498533249 -0.23891541361808777 0.18494711816310883
-0.116374671459198 0.14215828478336334 0.28337404131889343
-0.3304365873336792 0.24898231029510498 -0.13615036010742188
0.007708020508289337 0.2446807622909546 -0.08614717423915863
-0.1499873697757721 -0.06846915185451508 0.5223962068557739
-0.2815457284450531 -0.09229271858930588 0.2638062536716461
-0.22517023980617523 -0.11719438433647156 -0.30205628275871277
-0.288772851228714 -0.11456466466188431 -0.25852006673812866
0.1808912456035614 -0.5805028080940247 -0.17382434010505676
-0.10224796086549759 -0.2834360599517822 -0.0662393718957901
-0.12304099649190903 -0.10009336471557617 0.26498445868492126
-0.3500923812389374 0.0663805827498436 0.3135863244533539
-0.05226147174835205 -0.3083215355873108 -0.1439991593360901
-0.24300427734851837 0.03696784749627113 0.46647876501083374
-0.1959495097398758 -0.25833630561828613 0.3536442816257477
-0.26971200108528137 0.006333301775157452 -0.05900614708662033
-0.3852800726890564 0.1068992018699646 0.23831745982170105
-0.25311875343322754 0.10435310751199722 -0.029507480561733246
-0.05363503471016884 -0.16879169642925262 -0.3147509694099426
-0.022683387622237206 -0.3429792523384094 -0.3647664189338684
-0.1431667059659958 -0.33719903230667114 -0.16320709884166718
-0.1462312787771225 -0.2503628432750702 -0.19250208139419556
-0.22024154663085938 -0.22454224526882172 0.14583313465118408
-0.1308700442314148 0.16079069674015045 -0.16825494170188904
-0.033992279320955276 -0.2905305325984955 0.17862723767757416
-0.21613915264606476 -0.7664168477058411 -0.40953633189201355
-0.03521392121911049 -0.031979721039533615 0.12817701697349548
-0.06760675460100174 0.004298620857298374 0.6575395464897156
-0.1427629441022873 -0.1433994472026825 -0.1433272659778595
-0.41226905584335327 -0.06972619891166687 0.08606567978858948
0.14927728474140167 -0.2681502103805542 -0.39006316661834717
-0.32341766357421875 0.24696676433086395 0.5455379486083984
-0.06572068482637405 -0.07244637608528137 -0.015401491895318031
-0.26637178659439087 -0.24638129770755768 0.47324925661087036
-0.1832273155450821 -0.3487413227558136 -0.14173609018325806
-0.3626573979854584 -0.041371818631887436 0.36214059591293335
-0.18868087232112885 -0.09894660115242004 0.10783291608095169
-0.0820450633764267 -0.10246171057224274 -0.1900796741247177
-0.07106492668390274 0.014489000663161278 0.07917142659425735
-0.02412715181708336 -0.10171101242303848 -0.29513514041900635
-0.10306383669376373 -0.3243674635887146 0.4547916352748871
-0.017284894362092018 -0.372212678194046 -0.16626743972301483
-0.10392449051141739 -0.09308888763189316 0.21184317767620087
0.11708463728427887 -0.5726969838142395 0.051305681467056274
-0.01746014878153801 0.13140419125556946 -0.005446883849799633
-0.17460942268371582 0.020925825461745262 0.13088303804397583
-0.0460318922996521 0.1120956540107727 0.09256439656019211
-0.05510977655649185 -0.24261347949504852 -0.1989528238773346
-0.07371971756219864 -0.40619075298309326 -0.10075350850820541
0.02437901310622692 -0.3531920611858368 -0.05281909555196762
-0.3340288996696472 0.062027886509895325 0.32651668787002563
-0.07043080776929855 -0.13172592222690582 0.004936952609568834
-0.08968334645032883 -0.05726771429181099 0.36402642726898193
0.08941888809204102 -0.2707258462905884 0.017607446759939194
-0.3192702829837799 0.1195094957947731 0.2761170566082001
0.2274545282125473 -0.2767214775085449 -0.039803337305784225
-0.2027893364429474 -0.09261836111545563 0.28173768520355225
-0.13922590017318726 0.08849768340587616 -0.40130218863487244
-0.27578407526016235 -0.10511907935142517 -0.09537845104932785
-0.20283633470535278 -0.019202101975679398 0.15382766723632812
-0.2770680785179138 -0.2486039400100708 -0.3136638402938843
-0.16569745540618896 -0.2015794962644577 -0.337269127368927
-0.3727204501628876 -0.09163233637809753 -0.1485844850540161
-0.016618726775050163 -0.3492220342159271 0.011874338611960411
-0.4754186272621155 0.14389413595199585 0.1465582251548767
-0.0402509868144989 -0.12069769948720932 -0.0815097913146019
-0.10622552037239075 -0.02282104268670082 0.4107882082462311
-0.18365928530693054 0.03444434329867363 0.36116573214530945
-0.02143844962120056 0.07534424215555191 0.30358779430389404
-0.652449905872345 -0.2316591739654541 -0.06600459665060043
-0.0394585058093071 -0.07816941291093826 0.2914147973060608
-0.3705296814441681 0.005526695400476456 0.3691549003124237
-0.17678618431091309 -0.09489446878433228 0.17919941246509552
0.17440147697925568 -0.07575323432683945 0.2185688018798828
-0.20952817797660828 -0.08024152368307114 0.1808188110589981
0.05645065754652023 -0.16910868883132935 0.005675768945366144
0.15702633559703827 -0.16234461963176727 0.37885600328445435
-0.5422765016555786 -0.17299558222293854 -0.38922736048698425
0.20816682279109955 0.22541113197803497 -0.23789404332637787
-0.010069789364933968 -0.1932615041732788 -0.202916219830513
-0.3553678095340729 0.16312693059444427 0.3300390839576721
0.039323605597019196 -0.26897817850112915 -0.27555468678474426
0.12594445049762726 0.356694757938385 0.1543121188879013
-0.06415851414203644 -0.3138473927974701 -0.5055063962936401
-0.49787113070487976 0.08299897611141205 -0.2763490080833435
-0.17941436171531677 -0.4425303637981415 -0.11989166587591171
-0.13084286451339722 -0.1646641045808792 0.00996958464384079
-0.0999545082449913 -0.24335071444511414 -0.12268073111772537
-0.12814565002918243 0.17467568814754486 0.10549302399158478
0.057075630873441696 0.10877189040184021 -0.04658832028508186
-0.2716729938983917 0.2094164341688156 -0.011003188788890839
-0.19272583723068237 -0.11009199172258377 0.0671452134847641
-0.23936571180820465 -0.05846855416893959 0.05000244826078415
-0.32485705614089966 0.17422562837600708 -0.23149020969867706
-0.2317046970129013 -0.07330628484487534 0.3930888772010803
-0.27743518352508545 0.06380662322044373 -0.22635412216186523
-0.28200411796569824 -0.123990498483181 -0.08271444588899612
-0.1248631700873375 -0.31331679224967957 -0.4204850196838379
-0.37254461646080017 -0.08419941365718842 0.016971027478575706
-0.25564849376678467 -0.2146551012992859 0.1292928159236908
0.15339528024196625 -0.06414242088794708 -0.14760886132717133
-0.13387435674667358 -0.027699004858732224 0.406015008687973
0.13221515715122223 -0.07716019451618195 0.38591933250427246
-0.07127770036458969 -0.44288170337677 0.08119171112775803
-0.18948042392730713 -0.07955866307020187 0.25759896636009216
0.1785798966884613 -0.21852648258209229 -0.3250177204608917
-0.235218346118927 -0.15668904781341553 -0.08905615657567978
-0.15549613535404205 -0.28719717264175415 0.039819128811359406
-0.27627983689308167 -0.26963114738464355 -0.011712474748492241
-0.047683678567409515 -0.14812763035297394 -0.07493000477552414
-0.14646022021770477 -0.03121435083448887 0.3725259602069855
0.03592582046985626 0.18048755824565887 0.27545738220214844
-0.013383664190769196 0.044223859906196594 0.4426441490650177
0.15564802289009094 -0.46624523401260376 -0.07685822993516922
-0.2597246766090393 -0.0814005509018898 0.1628851443529129
-0.43462496995925903 0.004252283833920956 0.36172041296958923
0.2492077797651291 -0.25934934616088867 -0.5762972831726074
-0.21812044084072113 -0.09134779870510101 -0.24015146493911743
-0.24681581556797028 -0.13335949182510376 0.23170529305934906
-0.29921990633010864 -0.26804375648498535 -0.20356638729572296
-0.21429236233234406 0.19742409884929657 0.49364137649536133
-0.2363409698009491 -0.25807708501815796 0.011664329096674919
0.16087456047534943 -0.22796793282032013 -0.20114968717098236
-0.16127106547355652 0.05091097950935364 -0.04503917694091797
-0.3678695559501648 -0.2603088319301605 -0.024263083934783936
-0.15485817193984985 -0.1079481765627861 -0.3019897937774658
-0.2891046106815338 0.2785428762435913 0.4404008090496063
-0.18265880644321442 0.158979132771492 0.657141923904419
-0.18930743634700775 -0.0807526707649231 -0.31755879521369934
-0.0957658439874649 -0.2275485396385193 0.1093180850148201
-0.1310579478740692 0.13166551291942596 0.45994701981544495
0.04324699565768242 -0.1928650289773941 -0.08636602759361267
-0.343660831451416 0.0037811733782291412 0.053559787571430206
-0.4584222435951233 0.5401346683502197 -0.02431315742433071
0.039364930242300034 -0.3516296446323395 0.0007991164457052946
-0.10803874582052231 -0.17294302582740784 -0.003167882561683655
-0.13382935523986816 0.01728009805083275 0.048930760473012924
-0.526538074016571 0.14932335913181305 0.047889433801174164
-0.08925715833902359 0.0012247887207195163 0.02534647099673748
-0.23199419677257538 0.07880469411611557 0.37279027700424194
-0.12061040848493576 -0.28079870343208313 -0.13866080343723297
-0.09339606016874313 -0.5684136152267456 -0.3020937740802765
-0.2954564392566681 -0.1690049022436142 -0.05691280588507652
-0.29968273639678955 -0.21608610451221466 -0.30518651008605957
0.09662707895040512 0.06597749888896942 0.029667507857084274
-0.2644942104816437 -0.08136378973722458 -0.11169364303350449
-0.17342832684516907 -0.04471747577190399 0.07248767465353012
-0.21501636505126953 -0.09317487478256226 0.22782188653945923
-0.21292059123516083 -0.05686115846037865 0.23370420932769775
0.04443136975169182 -0.18648682534694672 -0.3646375238895416
-0.31206390261650085 -0.19826066493988037 -0.2115069478750229
-0.13367363810539246 -0.17522835731506348 0.48345690965652466
-0.17342251539230347 -0.09443429857492447 0.5825011134147644
-0.26404109597206116 0.045612867921590805 0.44866079092025757
-0.11033978313207626 0.004231406841427088 0.17486901581287384
-0.04257071018218994 -0.24869415163993835 0.07416456937789917
-0.18341803550720215 -0.35242098569869995 -0.49076974391937256
-0.17051592469215393 -0.1671372503042221 0.01789059489965439
-0.09897367656230927 0.11947007477283478 -0.09511113166809082
-0.1281309425830841 -0.1032477393746376 0.25275951623916626
-0.24273526668548584 -0.1188722476363182 0.383622944355011
-0.18656359612941742 -0.17665991187095642 0.07411547750234604
-0.5147184133529663 0.34418338537216187 0.11162058264017105
0.0389174222946167 -0.09231656789779663 0.17940261960029602
-0.21035191416740417 -0.17646245658397675 -0.05135197192430496
-0.18843480944633484 -0.10099977254867554 -0.07982185482978821
-0.1965126395225525 -0.06729359924793243 0.428203821182251
-0.44332319498062134 -0.5308831930160522 0.06154242157936096
-0.16345611214637756 0.006294408347457647 -0.22015808522701263
-0.15392793715000153 -0.2129611223936081 -0.14667214453220367
-0.17976601421833038 -0.1264714002609253 0.07819128781557083
-0.20116549730300903 0.07388652861118317 -0.17426054179668427
-0.18484750390052795 -0.07840494811534882 0.3975468575954437
-0.1393616646528244 0.011824904009699821 0.1682121306657791
-0.12046671658754349 -0.08472416549921036 0.2262880802154541
-0.1643574833869934 -0.32361865043640137 -0.1090409904718399
-0.04405701160430908 -0.19352824985980988 -0.4228118658065796
-0.32305166125297546 -0.18135696649551392 0.2815529406070709
-0.30221086740493774 -0.1912951022386551 0.049686189740896225
-0.31812599301338196 0.16026347875595093 0.8493560552597046
0.023058347404003143 -0.14189553260803223 -0.2860305607318878
-0.08504593372344971 -0.20944249629974365 -0.4400893747806549
-0.2150699496269226 0.042491041123867035 0.19476318359375
-0.16912709176540375 -0.3160403072834015 -0.022029440850019455
-0.17135320603847504 -0.2818864583969116 0.020438795909285545
0.18010814487934113 -0.06115021929144859 -0.21511825919151306
-0.162283793091774 -0.10739444941282272 -0.02932881750166416
-0.09751905500888824 -0.12659518420696259 0.11457847058773041
0.025763383135199547 -0.178518608212471 -0.28221333026885986
-0.08769191056489944 -0.041878048330545425 0.3957790732383728
-0.19582882523536682 0.07663312554359436 0.5490520000457764
-0.2152845412492752 -0.1539805829524994 -0.3773001432418823
-0.3823423981666565 -0.04974840581417084 0.07808392494916916
0.1362861543893814 -0.4759478271007538 0.10358253121376038
-0.28241416811943054 -0.03902791067957878 -0.040266282856464386
0.0848350003361702 -0.07396060973405838 -0.4536581039428711
-0.5740300416946411 0.5130302309989929 0.222585529088974
-0.09654242545366287 -0.07297192513942719 0.21159589290618896
-0.24569182097911835 0.033987730741500854 -0.10898319631814957
-0.1775396466255188 0.0540747232735157 -0.036175329238176346
-0.3105246424674988 -0.075315460562706 0.22597253322601318
-0.3342400789260864 -0.009722217917442322 0.6441475749015808
-0.6268235445022583 0.032243501394987106 -0.3552762567996979
-0.06749953329563141 -0.13827857375144958 -0.32589632272720337
0.14196647703647614 -0.10943908989429474 -0.20758137106895447
-0.03831471875309944 0.1349448263645172 0.45976167917251587
-0.1972256600856781 0.24559912085533142 0.549551248550415
-0.0751190334558487 -0.023747481405735016 -0.03831673040986061
-0.2568412721157074 -0.30020976066589355 0.49710172414779663
-0.2594369053840637 -0.11694019287824631 -0.18434303998947144
-0.27411699295043945 -0.32148537039756775 0.3891332149505615
0.028236083686351776 -0.12327214330434799 -0.2749674320220947
-0.13251814246177673 -0.001368827186524868 0.35956722497940063
-0.283591091632843 0.35241609811782837 0.441934734582901
-0.06239268183708191 -0.17848031222820282 -0.3412536382675171
0.08704780042171478 -0.26526737213134766 -0.38853615522384644
-0.0016259578987956047 -0.43532004952430725 -0.11406203359365463
-0.13340844213962555 -0.13580606877803802 0.2270585000514984
-0.11350472271442413 0.10597842186689377 0.0724952295422554
-0.08984801918268204 0.10002679377794266 0.10184312611818314
-0.22809314727783203 0.10132832825183868 -0.19765186309814453
-0.2429264634847641 -0.42266321182250977 0.028051303699612617
-0.16967372596263885 0.028953511267900467 -0.08578019589185715
-0.19784335792064667 -0.1312011033296585 0.25299546122550964
-0.15465933084487915 -0.09376469999551773 -0.1486836075782776
-0.18998296558856964 -0.33075031638145447 -0.07959406822919846
-0.5351380109786987 -0.015598220750689507 0.1490330994129181
-0.23105183243751526 -0.00962858460843563 0.3873730003833771
-0.10230311006307602 -0.010369742289185524 0.39035916328430176
-0.18268737196922302 -0.09185346961021423 0.14423467218875885
-0.3397535979747772 0.008207885548472404 0.3656892776489258
-0.09725791960954666 -0.2994007468223572 -0.5500272512435913
-0.2807852625846863 -0.41532447934150696 0.1299598664045334
-0.29369696974754333 0.3781629800796509 -0.004257750231772661
-0.2999650239944458 -0.0698946863412857 0.2456689327955246
0.06850399821996689 -0.15770937502384186 -0.6169350743293762
-0.034461647272109985 0.08013249188661575 0.3113275170326233
-0.05058806389570236 -0.11698725819587708 -0.20267613232135773
0.035475365817546844 0.20891575515270233 0.3600645661354065
-0.19887207448482513 -0.07766086608171463 -0.2128055840730667
-0.15379884839057922 -0.3247756063938141 0.2248314768075943
-0.28289005160331726 0.2064584344625473 0.49160411953926086
-0.1832295060157776 -0.1544073522090912 -0.05604719743132591
-0.03374548628926277 0.14182452857494354 0.8383824229240417
-0.3744916319847107 -0.2861216366291046 0.2474135011434555
-0.17576202750205994 -0.10944320261478424 0.3058154582977295
-0.16449345648288727 -0.3752458989620209 -0.19529667496681213
-0.056477099657058716 -0.13136811554431915 -0.31174764037132263
-0.09118353575468063 -0.5848400592803955 -0.386745810508728
-0.14800477027893066 0.10067214071750641 0.34231284260749817
-0.2947169840335846 -0.025409536436200142 0.06129538267850876
-0.12379512935876846 0.10307148098945618 0.07860313355922699
-0.3182532787322998 0.04231151565909386 -0.04505103826522827
-0.31778088212013245 0.15516112744808197 -0.36341211199760437
-0.17028428614139557 0.21632011234760284 0.16164997220039368
-0.2820013463497162 0.05028810724616051 0.13235151767730713
-0.20918767154216766 -0.12670975923538208 -0.2989264726638794
-0.131243035197258 0.16288983821868896 0.8503545522689819
-0.14165285229682922 -0.26474127173423767 0.04512505978345871
-0.1383640617132187 0.3905225396156311 0.35218894481658936
-0.13032208383083344 -0.01914835348725319 0.3787030577659607
-0.04902083799242973 0.05516112968325615 -0.24122858047485352
-0.2954334616661072 0.303287148475647 -0.10822838544845581
-0.19312718510627747 -0.30616623163223267 -0.0020042406395077705
-0.2979118227958679 -0.06621026247739792 0.006231354549527168
-0.14798139035701752 -0.060315947979688644 -0.02190198376774788
0.025007832795381546 0.1384592205286026 0.5228471755981445
-0.15239502489566803 -0.21245965361595154 0.052455637603998184
-0.2801126539707184 0.03470047563314438 0.27701976895332336
-0.25169795751571655 -0.015967298299074173 -0.051356688141822815
-0.04648014158010483 -0.12060504406690598 0.10291321575641632
-0.08611530810594559 0.08276288211345673 -0.07422897219657898
-0.16024945676326752 -0.05300537124276161 0.10899011790752411
-0.22260165214538574 -0.29653242230415344 -0.20056459307670593
-0.06288042664527893 -0.20307371020317078 0.20917944610118866
-0.35574212670326233 0.07307464629411697 0.2053818553686142
-0.0037497677840292454 -0.027697207406163216 -0.05037158727645874
0.09018018841743469 -0.25461044907569885 0.020991599187254906
-0.2879180908203125 -0.22342640161514282 0.4797143340110779
-0.2215169072151184 -0.13250230252742767 -0.010148407891392708
-0.23025310039520264 -0.00985831767320633 0.40008822083473206
-0.05245593562722206 -0.08187636733055115 -0.22129590809345245
-0.11052283644676208 -0.1370198279619217 0.006216356996446848
-0.14823174476623535 -0.3840814530849457 -0.07459906488656998
0.23403622210025787 -0.22826720774173737 0.30795958638191223
-0.29199108481407166 0.12374663352966309 -0.017404306679964066
-0.08112452924251556 -0.25972265005111694 0.02528783492743969
-0.21463975310325623 -0.22972413897514343 0.16061726212501526
-0.3295307159423828 -0.3375531733036041 -0.02737659588456154
0.009441472589969635 -0.16421879827976227 -0.527915358543396
-0.19411437213420868 -0.49830833077430725 0.05830167233943939
-0.12834946811199188 -0.029483480378985405 -0.18307414650917053
-0.0954243391752243 0.03251837566494942 -0.25716814398765564
-0.0938168615102768 0.0827801451086998 0.43441861867904663
-0.6392082571983337 -0.5712427496910095 -0.09289243817329407
-0.29759734869003296 0.1357278823852539 0.04082604497671127
-0.2098994255065918 -0.14954480528831482 -0.09010591357946396
-0.09758329391479492 -0.3071102797985077 -0.13869531452655792
-0.30030539631843567 -0.23141127824783325 0.2108353227376938
-0.1894795149564743 -0.08578790724277496 -0.012294331565499306
-0.0689985603094101 0.12478382885456085 -0.13944578170776367
-0.09803629666566849 -0.24260661005973816 -0.010186105966567993
-0.10805896669626236 0.11720285564661026 -0.20094352960586548
-0.23755405843257904 -0.07554507255554199 0.10207686573266983
-0.12102297693490982 -0.39306166768074036 -0.22836841642856598
-0.2919910252094269 0.004103112034499645 -0.01429520919919014
-0.3069301247596741 -0.18593427538871765 -0.01495232991874218
-0.386511892080307 0.4336664080619812 0.0375325083732605
-0.32013553380966187 -0.19871750473976135 0.42153164744377136
0.13560882210731506 -0.43481722474098206 -0.3032965064048767
-0.22111356258392334 -0.16664955019950867 0.113836370408535
-0.3772091269493103 0.3097112476825714 0.5068214535713196
-0.16160643100738525 0.13347667455673218 -0.38558000326156616
0.05472589656710625 -0.1264352798461914 -0.18447794020175934
0.0694243311882019 -0.042338550090789795 -0.21292681992053986
-0.5288097858428955 0.20638327300548553 0.12856198847293854
-0.31966108083724976 0.14175868034362793 -0.4340869188308716
-0.038512568920850754 -0.31472986936569214 -0.38817787170410156
-0.1306905895471573 -0.400215744972229 0.011444637551903725
0.09368652105331421 0.16587671637535095 0.5448067784309387
-0.03463840112090111 -0.09891882538795471 0.054715175181627274
-0.25750482082366943 -0.14077883958816528 -0.0011132638901472092
-0.055923230946063995 -0.06994986534118652 0.2783903181552887
0.032345302402973175 -0.270535409450531 0.045001719146966934
-0.2896275818347931 -0.20691782236099243 0.017782989889383316
-0.32474687695503235 -0.006386694964021444 0.22643353044986725
-0.26554742455482483 -0.023661907762289047 0.15142598748207092
-0.06487029790878296 -0.09670451283454895 -0.1844838261604309
-0.4600291848182678 0.00030377344228327274 -0.387630820274353
-0.22636546194553375 -0.2586708664894104 0.1756255030632019
-0.045404233038425446 0.30287501215934753 0.1556778997182846
-0.10904885083436966 0.04004225134849548 -0.15605078637599945
-0.21320830285549164 -0.1738806962966919 -0.0100190918892622
-0.19339802861213684 -0.015871625393629074 0.40289121866226196
0.03258105739951134 -0.08569272607564926 0.23667223751544952
-0.33939480781555176 -0.017609568312764168 0.30518126487731934
-0.13834434747695923 -0.3854248821735382 -0.2571628987789154
0.09466210007667542 -0.268614798784256 -0.09082070738077164
-0.24480317533016205 0.2625405490398407 0.5342764258384705
-0.01925201155245304 -0.055941611528396606 -0.3824388384819031
-0.45864689350128174 0.1119472086429596 0.028434138745069504
-0.1911405473947525 -0.024356139823794365 0.12824098765850067
-0.22687910497188568 -0.1217922791838646 0.10274740308523178
-0.2131277173757553 0.03274587541818619 0.4672006070613861
0.0456383153796196 -0.5131984949111938 -0.03281763568520546
0.07151458412408829 -0.13476280868053436 0.2991568148136139
0.1349324733018875 -0.12783122062683105 -0.26141157746315
-0.17573972046375275 -0.12120324373245239 0.5001475214958191
-0.567883312702179 0.4581468999385834 0.403044730424881
0.03445172309875488 -0.5085054039955139 -0.32021358609199524
-0.31147301197052 0.14294138550758362 -0.09939564764499664
-0.1784495711326599 -0.4005463421344757 -0.0913705825805664
-0.025070007890462875 0.10684693604707718 0.16709530353546143
-0.10729172825813293 -0.14122039079666138 0.019994914531707764
0.042446888983249664 -0.1750449240207672 -0.27815455198287964
-0.28661683201789856 -0.029877325519919395 -0.3012208044528961
0.008391465991735458 0.03558272123336792 -0.28537189960479736
-0.07267644256353378 -0.27102553844451904 0.035405151546001434
-0.07435571402311325 -0.16060686111450195 0.3576684892177582
-0.13007567822933197 -0.17037799954414368 0.06395763903856277
-0.07664944231510162 0.10590054094791412 -0.2444850504398346
0.15078327059745789 0.13759341835975647 -0.012854956090450287
-0.26213863492012024 -0.08135749399662018 -0.13035814464092255
-0.1274193972349167 -0.15458950400352478 0.20289982855319977
-0.655778169631958 0.13087834417819977 0.04853491857647896
-0.34325072169303894 -0.39393526315689087 -0.052580155432224274
-0.15720218420028687 0.04999634250998497 0.5402541160583496
-0.21656306087970734 -0.07590802758932114 0.25040334463119507
0.07983419299125671 0.2551589012145996 -0.10371706634759903
-0.2654394507408142 -0.11275088787078857 -0.03471587225794792
-0.31195950508117676 -0.40009263157844543 0.20874863862991333
-0.20848451554775238 -0.11836117506027222 0.20646120607852936
-0.22311033308506012 -0.0007296439725905657 -0.03311237320303917
-0.33843380212783813 0.24394632875919342 0.7660489082336426
-0.1568957269191742 -0.019790252670645714 0.3134680688381195
-0.04636131227016449 -0.5231747031211853 0.13642871379852295
-0.2957042455673218 -0.13906170427799225 -0.29713675379753113
-0.15062783658504486 -0.07335273921489716 -0.006332279648631811
-0.3654705584049225 0.18700304627418518 0.3616228997707367
-0.13973020017147064 -0.09449700266122818 -0.41235700249671936
-0.24793507158756256 -0.11003411561250687 -0.10276579111814499
-0.1336526721715927 0.07193202525377274 0.4076353907585144
-0.2905947268009186 0.15285073220729828 0.44364655017852783
-0.16793088614940643 -0.13228395581245422 -0.04193492606282234
0.12558379769325256 -0.026857130229473114 -0.05941289663314819
-0.3577696979045868 -0.0039053168147802353 -0.3129739463329315
0.0565456822514534 -0.3167896568775177 0.289768248796463
-0.2066713124513626 -0.02843639813363552 -0.12134833633899689
-0.14247293770313263 -0.11393042653799057 -0.3153776228427887
0.17645221948623657 -0.2242499142885208 -0.3458998203277588
-0.17258764803409576 -0.3074851930141449 -0.2503613829612732
-0.5951939225196838 0.3585751950740814 -0.05601354315876961
-0.17856299877166748 -0.104023277759552 0.3161320090293884
-0.12041531503200531 -0.0766235813498497 -0.06039540842175484
0.03281662240624428 -0.2636834383010864 0.06769069284200668
-0.17512640357017517 -0.1731642186641693 -0.3927460014820099
-0.000824369490146637 0.07829364389181137 0.5294091105461121
-0.19188646972179413 0.07446415722370148 0.4461207985877991
-0.18848687410354614 -0.24481749534606934 -1.0418297052383423
-0.3949405550956726 -0.42423608899116516 0.0448969230055809
-0.381436824798584 -0.15405414998531342 -0.0429978221654892
-0.09996020048856735 -0.17113500833511353 -0.02462262101471424
-0.2602093517780304 -0.12670829892158508 0.15772607922554016
-0.44413939118385315 0.20581847429275513 0.14103634655475616
0.18179646134376526 -0.2533684968948364 0.08219017088413239
-0.38845497369766235 0.12473917007446289 0.0938798263669014
-0.1629985123872757 -0.029663657769560814 0.11669030040502548
-0.009811148047447205 0.03303961455821991 -0.06845966726541519
0.04699580743908882 0.005956596229225397 0.2904074788093567
-0.43624669313430786 0.007426740135997534 0.004386500921100378
-0.03448522090911865 -0.15732038021087646 0.21686118841171265
-0.20492660999298096 -0.016554230824112892 0.3138309717178345
-0.04277802258729935 0.018445167690515518 -0.15046252310276031
-0.22437430918216705 0.14097949862480164 0.548861563205719
-0.26324641704559326 -0.03866623714566231 0.3078610301017761
-0.12521103024482727 -0.381332665681839 -0.3349916636943817
-0.1124325841665268 -0.028399404138326645 0.0612325482070446
-0.09997864812612534 -0.017026463523507118 -0.11369882524013519
-0.09151983261108398 0.09414064884185791 -0.21381431818008423
-0.2717624008655548 -0.21876372396945953 0.37385934591293335
-0.21527713537216187 0.08948564529418945 0.09477217495441437
-0.2097005844116211 -0.007198187056928873 -0.15319420397281647
-0.20848065614700317 -0.21382328867912292 0.4068426191806793
-0.10572125762701035 -0.38728442788124084 0.15808647871017456
-0.08796834200620651 0.027467826381325722 -0.049983732402324677
-0.1548198163509369 -0.07596328109502792 0.16933298110961914
0.2281586229801178 -0.597345232963562 -0.29382434487342834
-0.06321368366479874 -0.1652073860168457 -0.0245143361389637
-0.1096268743276596 -0.1797449141740799 -0.08152391761541367
-0.44654661417007446 0.01256219670176506 0.31848129630088806
-0.1952398717403412 -0.049985725432634354 0.5243546366691589
0.07480006664991379 -0.029427072033286095 0.33818021416664124
-0.034652672708034515 -0.1617092788219452 -0.03618871048092842
-0.18676124513149261 -0.18225392699241638 -0.11905155330896378
-0.18034985661506653 0.0035318315494805574 0.3100758492946625
-0.010354677215218544 0.0033196662552654743 -0.3520350456237793
-0.07244420796632767 0.018279265612363815 0.002942268270999193
0.04364241287112236 0.05867071449756622 -0.05815020576119423
-0.3375791609287262 -0.09598560631275177 -0.1671159863471985
