ply
format ascii 1.0
element vertex 2048
property float x
property float y
property float z
end_header
0.16195349395275116 0.19135010242462158 -0.1305418163537979
-0.04002741351723671 0.16531890630722046 0.2151852697134018
-0.028471224009990692 0.0574345700442791 0.12131858617067337
-0.06777951121330261 -0.19789859652519226 -0.08015210181474686
-0.07809101045131683 -0.10597851127386093 0.08752363920211792
0.13059407472610474 0.19826103746891022 0.021781178191304207
0.06584279984235764 -0.4854845404624939 -0.20953555405139923
0.12655457854270935 0.5988974571228027 0.3259947896003723
-0.052093010395765305 0.08088838309049606 0.09242329746484756
-0.0537065826356411 -0.02644750475883484 0.06971114128828049
-0.06258128583431244 -0.036232784390449524 0.2857010066509247
-0.01957019418478012 0.19243043661117554 0.11159700155258179
-0.0053228698670864105 0.033732518553733826 0.17068073153495789
-0.0495510958135128 0.08884111046791077 0.2713732123374939
-0.0868987888097763 0.2738572061061859 0.3188380300998688
-0.05466486141085625 0.09086651355028152 0.2552717924118042
-9.12095420062542e-05 0.0866791307926178 0.28534024953842163
-0.15236133337020874 0.5880929231643677 0.25238463282585144
-0.08877462893724442 -0.14840896427631378 -0.38341620564460754
0.07258113473653793 0.13164715468883514 0.09595488756895065
0.003767075017094612 0.15326933562755585 -0.05742907151579857
-0.10791163891553879 -0.2576253414154053 0.033982399851083755
-0.10611224174499512 0.6122363805770874 0.5764438509941101
-0.11920753121376038 0.145651713013649 0.293874591588974
0.2375999093055725 0.38778936862945557 -0.08727264404296875
-0.08392921835184097 0.06735030561685562 -0.3342854380607605
-0.1466788649559021 0.049784958362579346 0.2942653000354767
0.0788915827870369 0.20954325795173645 0.2928348183631897
-0.03872043266892433 0.05641589313745499 -0.09782388061285019
-0.04268170893192291 -0.16827596724033356 0.0868135467171669
0.06215525418519974 0.17477644979953766 0.2622058689594269
-0.006935202982276678 0.12325289845466614 0.23706752061843872
-0.02247674949467182 0.12471853941679001 0.09002339094877243
-0.12361062318086624 0.4496587812900543 0.33111488819122314
-0.004170500207692385 -0.08036336302757263 0.11885952949523926
-0.14935614168643951 0.4067886769771576 0.4675171375274658
-0.04629544913768768 0.1657666563987732 0.12234092503786087
-0.04342179745435715 0.0734194815158844 0.3031328022480011
-0.05190366879105568 0.28827300667762756 0.32625383138656616
-0.0721193253993988 -0.3100694417953491 -0.03568162024021149
-0.04818626865744591 0.03618793934583664 0.27114057540893555
0.0519404411315918 0.26170653104782104 0.3397980034351349
-0.05957774817943573 -0.1319827139377594 0.1593122035264969
0.041053809225559235 -0.026608886197209358 0.12560316920280457
-0.13590921461582184 0.05222073942422867 0.36278635263442993
0.18021616339683533 0.10441543906927109 0.016383273527026176
-0.08876887708902359 0.042899955064058304 0.31033238768577576
-0.16392390429973602 0.034815192222595215 0.2525135576725006
-0.05527658760547638 -0.04712202399969101 -0.10282735526561737
-0.09425154328346252 0.0320187509059906 0.289764404296875
-0.0781196728348732 0.3873569965362549 0.052351921796798706
-0.05969974398612976 0.04642460122704506 -0.0776873305439949
-0.10450781136751175 0.2550891935825348 0.10426412522792816
-0.10406724363565445 -0.09233032166957855 0.11153475940227509
0.06808014214038849 0.04864455386996269 0.19113247096538544
0.05370679125189781 -0.11867710202932358 -0.2401289939880371
-0.06536025553941727 0.03921176493167877 0.26384636759757996
-0.010017506778240204 -0.05516504496335983 0.15763022005558014
0.27815937995910645 0.13321810960769653 0.15606731176376343
0.008542977273464203 0.1016676276922226 0.28768184781074524
-0.10866987705230713 0.13463851809501648 0.2828713655471802
0.0014250726671889424 0.064286969602108 0.10463502258062363
-0.06700415909290314 0.09891504794359207 0.24841807782649994
-0.07028573006391525 0.1668672412633896 0.26391080021858215
0.019411060959100723 0.20335647463798523 0.21900077164173126
-0.06263431161642075 0.07952983677387238 0.11799760907888412
-0.062222644686698914 0.13694630563259125 0.3000839650630951
-0.03856565058231354 -0.021876633167266846 0.14931996166706085
-0.08568983525037766 0.1418977677822113 0.2938998341560364
-0.06172778457403183 0.03058021143078804 -0.042926888912916183
-0.19348524510860443 0.0035557670053094625 0.21054872870445251
-0.02849007211625576 0.16747528314590454 -0.16029474139213562
-0.04462360590696335 0.09833726286888123 0.09952177107334137
-0.07544346898794174 0.05984918400645256 0.29247143864631653
-0.10700058937072754 0.07912382483482361 0.28446489572525024
-0.1419483870267868 -0.005017753690481186 0.2342953234910965
-0.08386485278606415 -0.21715031564235687 -0.2793598473072052
-0.0333179235458374 0.3321419060230255 0.3848007321357727
0.0550537034869194 -0.10733780264854431 -0.18133732676506042
-0.15736380219459534 0.20727704465389252 0.4098860025405884
-0.06976225972175598 0.35458219051361084 0.3076404929161072
-0.01916169375181198 0.10559598356485367 0.18259665369987488
-0.09162068367004395 0.13308246433734894 0.18866832554340363
-0.05759405717253685 0.04713482782244682 0.3174494504928589
0.023271000012755394 0.09949015825986862 0.27458706498146057
0.07072154432535172 0.27896130084991455 0.2568958103656769
-0.0854143276810646 -0.17320023477077484 0.04100913554430008
-0.12030132114887238 -0.20850823819637299 -0.5437979698181152
-0.07715378701686859 0.025931641459465027 0.2242325395345688
0.11435681581497192 0.0784091129899025 0.1882808655500412
0.2935979962348938 0.04755986109375954 0.05753637105226517
0.2860408425331116 0.04736166074872017 0.04322109371423721
-0.06600940227508545 0.2214336097240448 0.3557637929916382
-0.08435166627168655 0.030439743772149086 0.054559916257858276
-0.13741976022720337 0.04093003645539284 0.3385694921016693
0.18871602416038513 0.08322896808385849 0.24243701994419098
-0.10672952979803085 0.1178598627448082 -0.2525843381881714
-0.10343951731920242 0.11086569726467133 0.2940455377101898
0.15767814218997955 0.010337091982364655 0.009837029501795769
-0.02524891123175621 -0.2900405526161194 0.17981059849262238
-0.22861437499523163 0.4583359956741333 -0.007947521284222603
-0.10727909952402115 0.1786811202764511 0.25625506043434143
-0.06985725462436676 0.0016008258098736405 0.31309783458709717
0.008689656853675842 0.08659541606903076 -0.686272382736206
0.10125479847192764 0.16561314463615417 0.1280824840068817
0.01034405454993248 0.15644660592079163 0.2501179575920105
-0.09511484205722809 0.3162982761859894 0.36614179611206055
-0.002212350256741047 -0.021274613216519356 0.12025034427642822
-0.04863817244768143 0.11057113111019135 0.22478146851062775
-0.01490454375743866 0.10380025953054428 -0.38359156250953674
0.03447310999035835 0.21853896975517273 0.2830694019794464
0.040340352803468704 0.23030422627925873 0.26872050762176514
-0.005299131385982037 0.08056746423244476 -0.29325994849205017
-0.07551172375679016 0.12705865502357483 0.13634318113327026
-0.04131816700100899 -0.015105357393622398 0.19587400555610657
-0.06559369713068008 0.3078361749649048 0.20678289234638214
0.00846441462635994 0.2356724590063095 0.2544107139110565
-0.00622712355107069 0.006819761358201504 -0.4099627733230591
0.11871747672557831 0.1312682181596756 -0.0874396413564682
-0.048505812883377075 0.2527155578136444 0.27101394534111023
-0.10494276136159897 0.026193197816610336 0.28635671734809875
-0.018696261569857597 0.09060869365930557 -0.27113214135169983
-0.08250074833631516 -0.09249015897512436 0.03674694895744324
0.11742808669805527 0.006494529545307159 0.18037532269954681
-0.06684204936027527 0.2100028246641159 0.4077576696872711
-0.08377765119075775 0.25527331233024597 0.10671750456094742
-0.09209304302930832 0.15550047159194946 0.19611699879169464
-0.04369740933179855 0.08011821657419205 0.226725772023201
-0.007208098191767931 0.10286446660757065 0.29508349299430847
-0.02326272241771221 0.1819455921649933 0.3236490786075592
-0.05626291409134865 -0.16515646874904633 -0.08921918272972107
0.10832705348730087 0.18621566891670227 0.1857183873653412
0.2500179409980774 -0.03273209184408188 -0.10168091952800751
-0.05244801193475723 0.10356201231479645 0.046122413128614426
0.016875682398676872 0.3577744960784912 0.29812073707580566
-0.0633612871170044 -0.1584528386592865 0.19242119789123535
-0.012483950704336166 0.18402668833732605 0.31333091855049133
-0.11626104265451431 0.055496156215667725 0.3341276943683624
-0.06458312273025513 0.08180008083581924 -0.33678004145622253
-0.18735717236995697 0.5455643534660339 0.5535876154899597
-0.06569107621908188 0.3916012644767761 0.22537940740585327
-0.011535843834280968 -0.023104267194867134 -0.23032251000404358
-0.032576363533735275 -0.08227293938398361 0.1509469896554947
-0.015825677663087845 0.13515052199363708 0.2583276331424713
-0.1598065346479416 -0.015199920162558556 -0.19765546917915344
-0.035298172384500504 0.05533594265580177 0.24364081025123596
-0.08774984627962112 0.08153576403856277 -0.04664866626262665
-0.08918114751577377 -0.10245367884635925 -0.03668631985783577
0.018847506493330002 -0.1615050584077835 0.08099818974733353
0.10067026317119598 0.22589357197284698 0.34629902243614197
0.11626352369785309 0.06825651973485947 -0.2251240611076355
-0.021971486508846283 0.07003075629472733 0.23027732968330383
-0.12434526532888412 -0.0019516858737915754 -0.1937541365623474
-0.07501602172851562 0.05632447451353073 0.23460404574871063
-0.03335075452923775 0.010211214423179626 0.22994117438793182
-0.13048213720321655 -0.02128295786678791 -0.17829246819019318
-0.07787512987852097 -0.0397699810564518 0.23701755702495575
-0.06767662614583969 -0.00347935501486063 -0.040755223482847214
-0.09882420301437378 -0.015716949477791786 0.16725893318653107
-0.03676552698016167 0.2714301347732544 0.29230067133903503
-0.08985188603401184 0.081819549202919 0.28433483839035034
-0.02581389620900154 0.2688538134098053 0.23701611161231995
-0.013287773355841637 0.12529301643371582 0.29716598987579346
-0.10596422851085663 0.058860573917627335 0.34607189893722534
-0.12153524905443192 -0.11216708272695541 0.18879888951778412
-0.018394039943814278 0.04709504544734955 0.19202832877635956
-0.614359438419342 -0.05045727640390396 0.18069924414157867
0.07088041305541992 0.24290019273757935 0.25028523802757263
-0.00949048064649105 0.16990624368190765 0.19783088564872742
-0.10136866569519043 -0.06055884435772896 -0.047080110758543015
-0.14342384040355682 0.36962422728538513 -0.0007420608308166265
0.048102859407663345 -0.08710399270057678 -0.22490254044532776
-0.0451066680252552 0.030450940132141113 0.2931131422519684
-0.08832936733961105 -0.6029398441314697 0.021947626024484634
0.028589904308319092 0.07657666504383087 0.3108730912208557
0.03561839088797569 0.23839472234249115 0.3192436993122101
-0.08652153611183167 0.04992050305008888 0.27225980162620544
-0.032680362462997437 0.004553372971713543 0.1874442845582962
0.09383270144462585 0.03296372666954994 0.12189294397830963
-0.09121440351009369 0.09897595643997192 -0.15133719146251678
-0.07642044126987457 0.4909645617008209 0.26777833700180054
-0.014078686013817787 0.5360198020935059 0.15744727849960327
-0.05981018766760826 -0.05685677379369736 0.20568490028381348
0.03680302947759628 0.3449406325817108 0.22911939024925232
-0.11479200422763824 0.2520548105239868 -0.1562507003545761
0.11852870881557465 -0.03050285391509533 0.10178618133068085
0.022731797769665718 0.1479942500591278 0.29217711091041565
0.04113069549202919 0.48048922419548035 0.4093720316886902
-0.09862814098596573 0.3531428873538971 -0.004268116783350706
-0.07471057027578354 -0.8410341143608093 -0.11531808227300644
-0.07013389468193054 -0.045525822788476944 0.19264614582061768
-0.03906118869781494 0.10347101837396622 0.06361798197031021
-0.07279296964406967 0.08885195106267929 -0.20484434068202972
0.07570923864841461 -0.019523588940501213 0.16003082692623138
-0.031531453132629395 0.14364154636859894 0.19748663902282715
-0.09706258773803711 0.12651081383228302 0.24530276656150818
-0.10824158787727356 0.001597872469574213 0.2491988092660904
-0.07777313888072968 -0.07002217322587967 0.15422296524047852
-0.026374204084277153 0.04039756581187248 0.10249166190624237
0.2869638204574585 -0.3538319170475006 -0.3047359585762024
-0.02905341610312462 0.42483457922935486 0.3233267366886139
0.04329482838511467 0.13959689438343048 0.28839877247810364
-0.01138014905154705 0.054979823529720306 0.22306549549102783
-0.09517935663461685 0.137239471077919 0.2082214504480362
-0.1642378270626068 0.07998587936162949 0.26133283972740173
-0.11247775703668594 0.2654130160808563 0.09388712048530579
-0.101856529712677 -0.11203271150588989 -0.4566090703010559
0.009077712893486023 -0.18547935783863068 0.04886360839009285
-0.04121478274464607 0.13272620737552643 0.1874220222234726
0.05496824532747269 0.12738735973834991 0.2542559504508972
0.06358419358730316 0.08419615775346756 -0.13581514358520508
0.04211943596601486 0.30915534496307373 0.32760849595069885
-0.11238828301429749 0.15067724883556366 0.4161977767944336
-0.017183508723974228 0.04637831822037697 0.2612488567829132
-0.08754373341798782 0.22070591151714325 0.07122287154197693
-0.01731020025908947 -0.02978958748281002 0.06581465899944305
0.047990284860134125 0.0905800387263298 0.20467057824134827
-0.0626043900847435 0.010345295071601868 -0.17133305966854095
-0.004450601991266012 0.37763530015945435 0.33693596720695496
0.1610354781150818 0.1582154929637909 0.11408043652772903
0.21483634412288666 0.26997917890548706 0.40495553612709045
0.019253090023994446 0.006750141736119986 -0.2743355631828308
-0.09109264612197876 0.27166497707366943 0.2983124554157257
-0.02931973710656166 0.10278716683387756 0.21826086938381195
-0.07290908694267273 0.09230922907590866 0.2860293686389923
-0.09208103269338608 0.05786500498652458 0.3306322693824768
-0.04488508403301239 0.1925637423992157 0.35015618801116943
0.006475826259702444 0.07498780637979507 -0.306367963552475
0.05526386573910713 0.1782398521900177 0.3011045455932617
-0.08898890763521194 0.03605431690812111 0.3461316227912903
-0.16922155022621155 0.5110570788383484 0.1584126353263855
0.021098222583532333 0.4920650124549866 0.3637695610523224
-0.09671810269355774 -0.15403473377227783 0.006475117057561874
0.03225458040833473 0.18872050940990448 -0.0956851914525032
0.06865280121564865 0.1109454333782196 0.2691188156604767
-0.08156527578830719 -0.11029154062271118 0.16512572765350342
-0.04234515130519867 0.27795684337615967 0.2395319640636444
-0.022069623693823814 0.07901262491941452 0.2690601050853729
-0.05467834323644638 0.11698172241449356 0.23939800262451172
-0.10188920050859451 0.10276643186807632 0.28904443979263306
-0.07819151133298874 -0.1534510850906372 -0.36971569061279297
-0.12016749382019043 0.3550831973552704 0.33005499839782715
-0.12589551508426666 -0.20115554332733154 0.0645943358540535
0.1787126660346985 0.18688525259494781 0.08278927952051163
-0.04809916391968727 0.25168997049331665 0.1956252157688141
-0.014888742938637733 0.1387803852558136 0.12249622493982315
-0.2656153738498688 0.7186779975891113 0.28055453300476074
-0.03352692723274231 0.2706892490386963 0.3091393709182739
-0.032096002250909805 0.16526547074317932 0.245441734790802
0.04206634685397148 0.09598385542631149 0.1804889589548111
0.007794890087097883 0.05057460069656372 0.20068857073783875
-0.09514227509498596 0.33065909147262573 0.3741230070590973
-0.11274024099111557 -0.2379731684923172 0.2233814150094986
-0.1352834552526474 0.08888603001832962 0.2882099449634552
-0.08740352094173431 0.0374903604388237 0.03817402198910713
0.023714296519756317 0.19914814829826355 0.2314152717590332
-0.07417845726013184 -0.07202613353729248 -0.029382001608610153
-0.016042014583945274 -0.08732511103153229 0.08543113619089127
-0.05089844390749931 0.16208994388580322 0.23298126459121704
-0.05338757112622261 0.13477101922035217 0.24797353148460388
-0.065157450735569 0.05454915761947632 0.2637445628643036
-0.014823449775576591 0.27917149662971497 0.2878560721874237
-0.024209115654230118 0.08928776532411575 0.24705496430397034
-0.03152335062623024 -0.11487700790166855 0.1751016229391098
-0.061918340623378754 0.08788000047206879 0.048071689903736115
-0.03211650624871254 0.015674004331231117 -0.08108879625797272
0.0025512732099741697 0.29071053862571716 0.2532193660736084
-0.018564168363809586 -0.02974000573158264 0.22912836074829102
-0.03476861119270325 0.11360359936952591 0.13221845030784607
-0.022535551339387894 -0.002049325266852975 -0.08901586383581161
-0.06654635816812515 -0.017113057896494865 0.14324946701526642
0.07766035944223404 0.18392764031887054 0.18816009163856506
-0.023528754711151123 0.055123720318078995 0.23841270804405212
0.02203066274523735 0.3069165050983429 0.29228052496910095
-0.04311097413301468 0.07759479433298111 0.31436824798583984
-0.07099149376153946 0.1462581604719162 0.05597492307424545
-0.06253593415021896 0.08498574048280716 0.31020310521125793
-0.04298658296465874 0.15302342176437378 0.3070213794708252
-0.002527700737118721 0.2301671952009201 0.3529788553714752
0.05298880115151405 0.22534412145614624 0.36020562052726746
-0.013644473627209663 0.4193475544452667 0.36267486214637756
-0.04809625819325447 -0.014779597520828247 0.11685526371002197
-0.06724430620670319 0.10349006950855255 0.15117916464805603
-0.08244665712118149 -0.02978620119392872 0.22699448466300964
-0.07893028855323792 0.09393955767154694 0.053026534616947174
-0.043544620275497437 0.010593598708510399 0.26265737414360046
0.13255581259727478 0.2248876839876175 -0.006128661800175905
-0.08190834522247314 0.22868643701076508 0.03058025799691677
-0.10116218030452728 0.061237774789333344 0.2738555669784546
0.07292306423187256 0.14393708109855652 0.15276557207107544
0.01711929216980934 0.14211536943912506 0.19297868013381958
-0.05736316740512848 0.17671099305152893 0.10639657080173492
0.10494399815797806 0.11761746555566788 0.17960143089294434
0.03760591894388199 0.06937414407730103 -0.04544198885560036
-0.0936979204416275 0.05439816415309906 0.29519328474998474
-0.08526469022035599 0.07464567571878433 0.2497340887784958
-0.05744043365120888 0.14223165810108185 0.3237481713294983
-0.010327285155653954 0.007684976793825626 -0.22219814360141754
-0.18566040694713593 -0.16148212552070618 0.20362317562103271
-0.1988707035779953 -0.710838794708252 0.04410913586616516
0.012736175209283829 -0.02968953736126423 -0.12083454430103302
0.00484588835388422 0.06181531772017479 0.19010190665721893
-0.06468801200389862 0.39227697253227234 0.35036295652389526
-0.08410235494375229 0.2527669668197632 0.30200275778770447
-0.06621413677930832 -0.0965152382850647 -0.23825354874134064
-0.056906767189502716 0.07302624732255936 0.24206013977527618
0.02050446905195713 0.1847388595342636 0.30245620012283325
0.004317000508308411 0.1957067996263504 0.30873480439186096
-0.2064582258462906 -0.18549562990665436 0.17573925852775574
-0.02312665618956089 0.06736940145492554 0.044524185359478
-0.3030458986759186 0.7881160974502563 0.15166829526424408
-0.014061996713280678 0.46887508034706116 0.369289368391037
-0.05321306362748146 -0.07393193244934082 -0.20857688784599304
-0.045023754239082336 -0.174337700009346 0.049493785947561264
-0.08472293615341187 0.23160600662231445 0.12091725319623947
-0.055128082633018494 0.09003783017396927 0.26230138540267944
-0.12976232171058655 0.3135480582714081 0.27633172273635864
-0.07698450982570648 0.05364576354622841 0.25284191966056824
0.017686622217297554 0.1241145059466362 0.25523385405540466
0.021913204342126846 0.21474674344062805 0.2148139327764511
-0.030931957066059113 0.24006839096546173 0.1514151245355606
-0.06987080723047256 0.08844475448131561 0.07727481424808502
-0.17176136374473572 0.22410188615322113 0.403370201587677
-0.11395040899515152 0.1380835622549057 -0.24459604918956757
-0.014410262927412987 0.4034005105495453 0.4726001024246216
-0.05908124893903732 0.26626884937286377 0.1056993380188942
0.1451801210641861 0.13135500252246857 -0.028046663850545883
0.03290630131959915 0.13453078269958496 0.20004761219024658
-0.165852889418602 0.21615929901599884 0.14629819989204407
-0.030283764004707336 0.17613229155540466 0.23572345077991486
-0.03308537229895592 -0.032956600189208984 0.1963597983121872
-0.02056153304874897 0.12029420584440231 0.31566503643989563
-0.04778636246919632 -0.14282675087451935 -0.4186234772205353
-0.047546595335006714 0.006814347580075264 0.2310064733028412
0.0911126434803009 0.0910930186510086 -0.04254685714840889
-0.11806179583072662 -0.37322303652763367 0.09856418520212173
-0.04589153081178665 0.10701273381710052 0.18938884139060974
-0.019656991586089134 -0.01213732548058033 0.25070369243621826
0.15266266465187073 0.22249601781368256 0.28810620307922363
-0.0485403910279274 0.2995687425136566 0.3236143887042999
-0.05508963018655777 0.24567915499210358 0.09479895979166031
0.03909660875797272 0.35289958119392395 -0.08075658977031708
-0.08719108253717422 0.02316397614777088 -0.4067137837409973
-0.08762848377227783 -0.17190535366535187 -0.08773967623710632
-0.06007007881999016 -0.008504882454872131 -0.16264818608760834
0.006820513401180506 0.16205981373786926 0.100013367831707
-0.029407192021608353 0.09018212556838989 0.17033211886882782
-0.08827199041843414 0.08128339797258377 0.26469796895980835
-0.06047416850924492 0.062028806656599045 0.26808929443359375
0.20228923857212067 0.14760057628154755 0.2886495888233185
-0.05593746155500412 -0.028482044115662575 0.1224784329533577
0.10298474133014679 0.10373424738645554 0.2532646358013153
-0.06804041564464569 0.08582030236721039 0.30114948749542236
-0.1338721364736557 -0.00678987568244338 0.37468221783638
-0.06718291342258453 -0.13061267137527466 0.10075849294662476
-0.07597202807664871 0.24673321843147278 -0.023685140535235405
-0.05613972246646881 0.2808019518852234 0.16670526564121246
-0.15256567299365997 0.1548696756362915 0.2746618986129761
0.19179408252239227 0.6880516409873962 0.5856727957725525
0.24984513223171234 0.20939801633358002 0.3345687687397003
0.07704582065343857 0.0871719941496849 -0.21083545684814453
-0.025108465924859047 -0.07997191697359085 -0.7178922295570374
0.006954462267458439 0.3628130257129669 0.05401168018579483
-0.09979549050331116 0.07168538868427277 0.11315668374300003
-0.002396034076809883 0.1332327127456665 0.2686064541339874
-0.0739164724946022 0.18067222833633423 0.11999692767858505
-0.06854372471570969 -0.18249934911727905 -8.213368710130453e-05
-0.14654037356376648 0.5750434994697571 0.2512582838535309
-0.05167360231280327 0.3133729100227356 0.2357873022556305
-0.1367291659116745 -0.5892048478126526 0.2119263857603073
-0.027435317635536194 0.058673959225416183 -0.0310735572129488
0.04445034638047218 0.3284875750541687 0.2243829071521759
-0.0993584394454956 0.02644624561071396 0.32740476727485657
-0.08006150275468826 0.06581170856952667 -0.3553628921508789
-0.04555772244930267 0.07482190430164337 0.2825249135494232
0.08176326006650925 0.1367182433605194 0.25603869557380676
0.01943589560687542 -0.31834402680397034 -0.44530829787254333
-0.24782049655914307 -0.08070903271436691 -0.33319857716560364
-0.05746860429644585 -0.20374491810798645 0.08223290741443634
-0.10179649293422699 0.37950167059898376 0.1917933076620102
-0.1329221874475479 0.3291168808937073 0.33533135056495667
-0.080746129155159 0.18329228460788727 0.18972018361091614
-0.02478986233472824 0.09743009507656097 -0.12603241205215454
-0.05729610472917557 -0.054836705327034 -0.43223410844802856
0.04542962834239006 0.15415950119495392 0.11800193041563034
-0.05776219069957733 0.07846776396036148 0.27410537004470825
-0.09098273515701294 0.11032871901988983 0.2143068015575409
-0.06634244322776794 0.14820870757102966 0.2582738995552063
-0.017099654302001 0.05117861554026604 0.2912271320819855
-0.13009081780910492 0.09062620252370834 0.311187207698822
0.17363621294498444 0.001808003755286336 0.021264150738716125
-0.07657898962497711 -0.11167769134044647 0.18157993257045746
-0.018869904801249504 -0.04243209958076477 -0.3453165590763092
0.007497504819184542 0.061524830758571625 -0.22968927025794983
-0.09751074016094208 0.07646442204713821 0.30753764510154724
-0.06418260931968689 -0.2831304669380188 0.006515400018543005
-0.11999202519655228 -0.27007609605789185 -0.04254736006259918
0.053839027881622314 0.14080652594566345 0.16565734148025513
0.02666051872074604 0.12548276782035828 0.2962765097618103
-0.03766367584466934 0.2145429104566574 0.242784321308136
0.2191752940416336 0.23588843643665314 0.28223273158073425
0.013241147622466087 0.18172654509544373 0.17019298672676086
-0.13084208965301514 0.046973928809165955 0.25841352343559265
0.0017459940863773227 0.03464140370488167 0.26507121324539185
-0.08129668235778809 0.05890451371669769 -0.12128259241580963
-0.10284683853387833 0.06540268659591675 -0.03802894055843353
-0.0325533002614975 -0.8176229000091553 -0.11373583972454071
-0.022674692794680595 0.056099675595760345 0.29737207293510437
-0.1484186351299286 0.027088096365332603 0.26362892985343933
-0.09358725696802139 -0.0020900731906294823 -0.003672719467431307
-0.03905019164085388 0.11651977151632309 0.3073190450668335
-0.035376522690057755 0.1345105618238449 0.2744603753089905
-0.10007724165916443 0.0928204134106636 0.3338390588760376
0.08568072319030762 0.43384209275245667 0.42469456791877747
-0.10242251306772232 0.06449814885854721 -0.1669531613588333
-0.0559234544634819 -0.06943325698375702 0.13101159036159515
-0.11405213922262192 0.11757785081863403 0.0804729163646698
-0.013195786625146866 0.090221107006073 0.2954154908657074
-0.046306390315294266 0.05814071372151375 0.24605338275432587
-0.129053995013237 0.11174499243497849 0.13108432292938232
-0.0960516408085823 -0.25123730301856995 -0.024683794006705284
-0.11998815089464188 0.09198357909917831 0.34015294909477234
-0.10222869366407394 0.1304093450307846 0.4671221971511841
-0.07075071334838867 0.10194939374923706 0.16933776438236237
-0.05528336390852928 -0.1095668226480484 0.20665660500526428
0.08051570504903793 -0.3080187141895294 -0.05996961146593094
-0.05394039303064346 0.16629594564437866 0.24534235894680023
0.0724138468503952 0.16400599479675293 0.3209848999977112
-0.17600904405117035 -0.851030707359314 -0.037728335708379745
0.009662915021181107 0.059901412576436996 -0.1563071459531784
-0.1472817212343216 0.0792430192232132 0.32916995882987976
-0.061471208930015564 -0.13354681432247162 0.08414823561906815
-0.03355787694454193 0.12652744352817535 -0.24207468330860138
-0.014181781560182571 0.07834308594465256 -0.2710127830505371
-0.010344067588448524 0.10671888291835785 -0.2265714704990387
0.12236440181732178 0.006124218925833702 -0.03320973739027977
-0.07770710438489914 0.21373189985752106 0.24840524792671204
-0.11099930107593536 0.13048630952835083 0.3103223443031311
-0.07045117765665054 0.014387942850589752 0.24812708795070648
-0.05094558745622635 0.09456592053174973 0.18815511465072632
0.02554052695631981 0.27525225281715393 -0.0188321340829134
0.03992222994565964 0.19586564600467682 0.3847295939922333
0.04310225322842598 0.3662564754486084 0.3787226676940918
0.05910748243331909 0.11945231258869171 0.055599410086870193
-0.06927961111068726 0.0383172333240509 0.2687020003795624
0.0597262904047966 0.05117618292570114 -0.21345306932926178
0.20441097021102905 0.11715631186962128 0.20726749300956726
-0.030768152326345444 0.13052856922149658 -0.22051207721233368
-0.08220028877258301 0.17271336913108826 0.30318528413772583
-0.04564756900072098 0.09862402081489563 -0.21634159982204437
-0.03762826323509216 0.4174911081790924 0.4738907516002655
-0.11266346275806427 -0.20939050614833832 -0.4547782838344574
-0.12264233082532883 0.5276598930358887 0.32468605041503906
-0.055344611406326294 0.4068828523159027 0.35141634941101074
-0.10310231149196625 0.06105351820588112 -0.12452428787946701
0.03065289370715618 0.251489520072937 0.4150737524032593
-0.03236125409603119 0.15617261826992035 0.17225947976112366
-0.08144360035657883 -0.052167512476444244 -0.0845743790268898
-0.039999738335609436 0.09984730929136276 0.24552205204963684
0.16646087169647217 0.11900877952575684 0.2573429048061371
0.13473960757255554 0.38983139395713806 0.2630750238895416
0.03142232820391655 0.04057954251766205 -0.07367386668920517
0.03304572030901909 0.02068394236266613 0.13373686373233795
-0.02773933857679367 -0.03378201648592949 0.03411669284105301
-0.02270839549601078 0.39856699109077454 0.3087307810783386
-0.05067308992147446 0.20232468843460083 0.3026231527328491
-0.133749857544899 0.06856867671012878 -0.14411813020706177
-0.08144254982471466 0.04454173892736435 -0.03348707780241966
-0.017827173694968224 0.15401650965213776 0.10317905247211456
-0.22230561077594757 -0.11867819726467133 -0.39461076259613037
-0.01755428873002529 -0.38911765813827515 -0.05503203719854355
-0.09208923578262329 0.13427956402301788 -0.22829179465770721
-0.14413566887378693 -0.21546904742717743 -0.07080228626728058
-0.1404072791337967 -0.023252062499523163 0.1784297674894333
-0.07438801974058151 0.08501891046762466 0.14347589015960693
-0.035255152732133865 0.018669337034225464 0.16284427046775818
-0.053069550544023514 0.0181446373462677 -0.08359326422214508
0.08542464673519135 0.1704215109348297 0.3671824634075165
0.0689062625169754 0.20693691074848175 0.14329217374324799
-0.03303408622741699 0.04175625368952751 0.09508707374334335
0.007907615974545479 0.01605326309800148 -0.3723119795322418
-0.09777417033910751 0.526344895362854 0.4001604914665222
-0.09248952567577362 0.05607280135154724 0.2930355370044708
-0.07852382212877274 0.08889325708150864 0.2317751795053482
-0.12553371489048004 -0.21750964224338531 0.17361046373844147
0.02243543229997158 0.24992837011814117 0.3437534272670746
0.07929517328739166 0.1260802149772644 -0.0006596376188099384
-0.11144493520259857 0.13776178658008575 0.20452368259429932
-0.03932686522603035 0.06906373798847198 0.21863409876823425
0.13337373733520508 0.15197239816188812 0.10641688108444214
0.06266778707504272 0.08120658993721008 0.06083456799387932
-0.04904903471469879 0.12929847836494446 0.2760794460773468
-0.10987617075443268 0.31285640597343445 0.3810681998729706
0.02960515394806862 0.4314602017402649 0.3952581584453583
-0.021125294268131256 0.07129015028476715 0.27376464009284973
-0.10865982621908188 -0.07372672110795975 -0.11219881474971771
-0.03189944848418236 0.03449471667408943 0.18198944628238678
-0.06358585506677628 0.25207290053367615 0.3533429801464081
-0.059352535754442215 0.506120502948761 0.37903720140457153
-0.15909864008426666 0.4438268542289734 0.03566405549645424
-0.07762414962053299 0.06756941229104996 0.27997565269470215
0.05034458637237549 0.45489272475242615 0.15886180102825165
-0.0805480107665062 0.02010504901409149 0.022425713017582893
-0.09196311980485916 -0.11220961809158325 0.08361533284187317
-0.056736089289188385 0.0458049513399601 0.23189808428287506
-0.03828790411353111 0.14692474901676178 0.3317505121231079
-0.03615012764930725 0.025915376842021942 0.20085546374320984
0.09380637854337692 0.18037502467632294 0.36630451679229736
-0.05752364173531532 -0.2161901295185089 0.042048342525959015
-0.010830504819750786 -0.005906193051487207 0.016720306128263474
-0.07999636232852936 0.05782054364681244 0.28363513946533203
-0.12556394934654236 0.3942582309246063 0.36407968401908875
-0.08610326796770096 0.16841059923171997 0.3012756407260895
-0.07305184006690979 0.07943657040596008 0.27497172355651855
-0.11502908170223236 -0.2698294222354889 -0.29315805435180664
-0.0027509238570928574 0.08478095382452011 0.12905198335647583
-0.03991046920418739 -0.15682148933410645 -0.19946004450321198
-0.11333020031452179 0.035486288368701935 0.2758091986179352
-0.0639772042632103 0.027230003848671913 0.08011593669652939
-0.040360912680625916 0.22530636191368103 -0.007957927882671356
0.05333360657095909 0.23054327070713043 0.038232654333114624
-0.09004933387041092 0.26762300729751587 0.2440393716096878
-0.0058568003587424755 0.15235374867916107 0.12958501279354095
-0.11268360167741776 -0.6701812744140625 -0.020096588879823685
0.04096521809697151 0.026055680587887764 0.234321728348732
0.17257294058799744 0.15466094017028809 0.053860146552324295
-0.08910191059112549 0.03248050808906555 0.019053252413868904
-0.09010741859674454 0.06261326372623444 -0.12010964751243591
-0.023252766579389572 0.11974863708019257 -0.06197882071137428
0.028121188282966614 0.11870819330215454 0.21916109323501587
-0.029231030493974686 0.09365026652812958 0.27979329228401184
-0.08704566210508347 0.28186988830566406 0.1437538117170334
0.08050717413425446 0.2182243913412094 0.060661040246486664
-0.09521359205245972 0.33295488357543945 0.2020898014307022
-0.022682728245854378 0.09175017476081848 0.049038756638765335
-0.02174663357436657 0.2009223848581314 0.24441468715667725
-0.005281358957290649 0.16479074954986572 0.2901935279369354
0.08549870550632477 0.05900261551141739 -0.23986129462718964
0.21469233930110931 0.12965784966945648 0.23418229818344116
-0.03314052149653435 -0.07681791484355927 -0.10313848406076431
-0.029416045174002647 0.2508184015750885 0.26549994945526123
-0.10803437978029251 -0.27677926421165466 -0.4845429062843323
0.34949836134910583 0.3218238949775696 0.3515840768814087
-0.05989377945661545 -0.1282041072845459 0.2741718888282776
0.01674799621105194 0.11835205554962158 0.016919981688261032
-0.07103647291660309 0.13296474516391754 0.300962895154953
-0.03459016978740692 0.07097996771335602 0.2409798800945282
-0.11081727594137192 0.08791570365428925 0.39684662222862244
0.10431184619665146 0.14799055457115173 0.2820444107055664
-0.11246484518051147 -0.31959202885627747 -0.2347385734319687
0.009543109685182571 0.1604270190000534 0.1247527003288269
0.21507267653942108 0.21821258962154388 0.20246586203575134
-0.05897030606865883 -0.20138776302337646 0.0899382159113884
0.2092253565788269 0.17564870417118073 -0.11742526292800903
-0.04869632050395012 -0.34609928727149963 -0.22582541406154633
-0.07575436681509018 0.17640987038612366 0.22319965064525604
0.047149114310741425 -0.3533979058265686 -0.12081443518400192
-0.08507456630468369 0.12589889764785767 0.2452160120010376
-0.02336793579161167 0.08775085210800171 0.24995042383670807
0.017462780699133873 0.1817253977060318 0.3075287938117981
-0.005889127496629953 0.07677890360355377 -0.024415690451860428
-0.10766685009002686 -0.00045745400711894035 0.22817830741405487
-0.042438436299562454 0.29935598373413086 0.2622385621070862
0.18807081878185272 0.15212973952293396 -0.08413393050432205
-0.019871365278959274 0.04713838919997215 0.1382068544626236
-0.11144933104515076 -0.061303090304136276 0.16614943742752075
-0.10339438915252686 0.08430033177137375 0.32361868023872375
-0.17800036072731018 0.5354800820350647 0.031240779906511307
-0.23105208575725555 0.34467169642448425 0.32362738251686096
0.01077095977962017 0.12915630638599396 0.2368983030319214
-0.07699964195489883 0.13521814346313477 0.34301915764808655
-0.014767589047551155 0.050011590123176575 0.2264239639043808
-0.053298220038414 0.348199725151062 0.38953903317451477
-0.004989859648048878 0.4525393843650818 0.4252638518810272
0.0009128673700615764 0.10278274863958359 -0.032488416880369186
-0.10321574658155441 0.41182512044906616 -0.17694665491580963
-0.06324180215597153 -0.06806294620037079 -0.23497052490711212
-0.07629941403865814 -0.06975176185369492 0.007342415861785412
-0.06291869282722473 0.04944123700261116 0.26750263571739197
-0.11504299193620682 -0.3464187681674957 -0.3278951942920685
0.04566878080368042 0.34436285495758057 -0.20543275773525238
-0.0660485327243805 0.3609089255332947 0.35853132605552673
-0.04694417864084244 0.12122980505228043 0.2179974913597107
-0.09592382609844208 -0.07429968565702438 0.19474926590919495
-0.12628118693828583 0.05819632485508919 0.3226233124732971
-0.008774111047387123 0.08281032741069794 -0.25565382838249207
-0.10223656892776489 0.10882161557674408 0.23457248508930206
-0.09247653186321259 0.1476067155599594 0.27735546231269836
-0.13630558550357819 0.292963445186615 0.3352225720882416
-0.06637309491634369 0.07515385001897812 -0.14369677007198334
-0.004106643609702587 -0.13954508304595947 0.14592976868152618
-0.029287099838256836 -0.0706140473484993 -0.08072835952043533
-0.058831389993429184 0.0598285011947155 0.23896948993206024
-0.023339038714766502 0.13346292078495026 0.2544369697570801
-0.04604135453701019 0.20542815327644348 0.3412051200866699
0.01143454946577549 0.07673956453800201 0.24823258817195892
0.006141155958175659 0.0697687640786171 0.2639681100845337
-0.078146792948246 0.020607605576515198 0.2634240686893463
0.2480328530073166 0.36805397272109985 -0.009428808465600014
-0.018996434286236763 0.11269450187683105 -0.005118125583976507
-0.12895269691944122 -0.2169824093580246 -0.14304012060165405
-0.021681414917111397 0.03783959522843361 0.20823602378368378
-0.161423459649086 0.4119111895561218 -0.02687123231589794
-0.12160374224185944 0.32100147008895874 0.2559005320072174
-0.056954123079776764 0.19738170504570007 0.2377863973379135
0.05060284212231636 0.1466192603111267 0.13925163447856903
0.033273518085479736 0.04747655242681503 -0.04195521026849747
-0.12059090286493301 0.2587694227695465 0.48330748081207275
-0.08947019279003143 0.20724551379680634 0.14147844910621643
-0.06423863768577576 -0.013123739510774612 0.10695207864046097
-0.08218691498041153 0.07744362205266953 0.34098315238952637
-0.06313779205083847 -0.15325121581554413 0.046333812177181244
-0.05418127775192261 0.04979708790779114 0.2132950723171234
-0.11520667374134064 0.521350085735321 0.2754253149032593
-0.022230559960007668 0.09791625291109085 0.19389767944812775
-0.05637422949075699 -0.16478991508483887 0.09694058448076248
-0.14103351533412933 0.03586272895336151 0.26719826459884644
0.526679515838623 0.3865032196044922 0.27721738815307617
0.0226662065833807 0.05724732577800751 -0.07107652723789215
0.05469087138772011 0.2214123010635376 0.37208354473114014
-0.008553501218557358 0.1391322910785675 0.1900840848684311
-0.09042619913816452 0.1918770670890808 0.33006978034973145
0.06627223640680313 0.14930173754692078 -0.1209188774228096
-0.07390444725751877 0.0014743574429303408 -0.038839343935251236
-0.014349116012454033 0.20821502804756165 0.24347753822803497
-0.08808226883411407 -0.05866886302828789 -0.2584986090660095
-0.10785222798585892 0.02798895537853241 0.3203631639480591
0.05218680202960968 -0.06527330726385117 -0.014813520014286041
-0.10039833933115005 -0.28343212604522705 -0.6816147565841675
-0.019544539973139763 -0.2907719612121582 0.026757149025797844
0.011128956452012062 0.11823037266731262 0.12182263284921646
-0.06832246482372284 0.17720122635364532 -0.016901204362511635
-0.08149302005767822 0.3331546485424042 0.30551862716674805
0.08712857961654663 0.35164234042167664 0.35216233134269714
-0.11245571821928024 0.09569840133190155 0.38206636905670166
0.016338836401700974 0.08520136028528214 -0.05996416136622429
-0.05339506268501282 0.06436411291360855 0.2899477481842041
-0.1342429667711258 0.11181870102882385 0.3327634930610657
0.16565841436386108 0.29332050681114197 0.17714765667915344
-0.060379281640052795 0.11813236773014069 0.11140955239534378
0.07348109036684036 0.15371181070804596 0.19771438837051392
-0.053085412830114365 -0.2108558863401413 0.21999970078468323
-0.04355257749557495 -0.06461858004331589 0.211734339594841
0.03886251896619797 0.27963149547576904 -0.018667899072170258
0.02942078746855259 -0.04746469855308533 0.13218480348587036
-0.07743877917528152 0.1994452178478241 0.29993969202041626
-0.1140400841832161 -0.2681524157524109 -0.8072692155838013
-0.08645843714475632 0.06788663566112518 0.2900390923023224
-0.01787673868238926 0.20405559241771698 0.11683320999145508
-0.10173973441123962 0.14593391120433807 0.28872212767601013
-0.011928262189030647 0.09764180332422256 0.29524773359298706
-0.05232163146138191 -0.1357811540365219 -0.06429920345544815
-0.06314706057310104 0.10009169578552246 -0.11940698325634003
-0.03730972483754158 -0.19040028750896454 0.05910211801528931
-0.045395925641059875 0.04263292998075485 0.08485113084316254
-0.046545423567295074 0.0849367007613182 0.09829016029834747
-0.06269747018814087 0.3103090226650238 0.3198058307170868
-0.10747978091239929 0.32124975323677063 0.1928633600473404
0.007677214685827494 0.20279721915721893 0.33242523670196533
-0.08829554915428162 0.21363070607185364 0.3243594765663147
-0.014294765889644623 0.09914860129356384 -0.14152248203754425
-0.06066082417964935 0.048853643238544464 0.2931239604949951
0.01577598974108696 0.19889582693576813 0.18841195106506348
-0.13613343238830566 -0.10324962437152863 0.20460735261440277
-0.0664643794298172 -0.024723952636122704 0.09545300900936127
-0.08359400182962418 0.3181059956550598 0.04621193930506706
-0.07726442068815231 0.22641019523143768 0.2973167598247528
0.07756616175174713 0.44930824637413025 0.19886457920074463
-0.1026579737663269 0.07978440821170807 0.2596762478351593
-0.03220004960894585 0.12322743237018585 0.2126781940460205
0.13587261736392975 0.19898295402526855 -0.413451224565506
0.04049934819340706 0.019200166687369347 -0.07564084976911545
-0.02478732168674469 0.14911751449108124 0.06769710034132004
-0.12871897220611572 0.12356606125831604 0.2623240053653717
-0.13068461418151855 0.10080204159021378 0.3804991543292999
0.23224712908267975 0.1043630987405777 -0.0763804242014885
-0.05159153416752815 0.06617631763219833 0.20482537150382996
-0.08830564469099045 0.07246587425470352 0.28491872549057007
0.030869880691170692 0.8498245477676392 0.5275034308433533
0.027579404413700104 0.2651057839393616 0.39800703525543213
-0.07648766785860062 0.23393715918064117 0.11584470421075821
-0.08056487888097763 0.07684275507926941 0.32666823267936707
-0.028745489194989204 0.12700921297073364 0.10651072859764099
0.09722541272640228 -0.14667750895023346 -0.4500313699245453
0.23922640085220337 0.15894457697868347 0.2816750407218933
-0.0037809722125530243 0.13549762964248657 0.21436762809753418
0.038372933864593506 -0.09368301182985306 0.09678472578525543
-0.058745238929986954 0.06564614176750183 0.28319549560546875
-0.041538137942552567 0.10878890752792358 0.2388807237148285
-0.04746117442846298 0.08742177486419678 0.2980492413043976
0.0006208629929460585 0.4946869909763336 0.3098464608192444
-0.09903785586357117 0.11543035507202148 0.2949867844581604
0.07370021194219589 0.1851285696029663 -0.23571842908859253
0.005118460860103369 0.07345454394817352 0.07937363535165787
-0.08378881961107254 -0.1026720255613327 0.009882893413305283
0.19014966487884521 0.11432918906211853 0.20061029493808746
-0.049064505845308304 0.019727930426597595 0.16816680133342743
-0.04596806317567825 0.07119390368461609 0.23944808542728424
-0.08081148564815521 -0.024181827902793884 0.21286383271217346
-0.040702126920223236 0.062321022152900696 0.26601558923721313
0.13259002566337585 0.13015417754650116 0.11034808307886124
-0.09087709337472916 0.07745806127786636 0.28707194328308105
0.06326193362474442 0.14842915534973145 0.24069398641586304
-0.056395746767520905 0.20405377447605133 0.20227490365505219
0.0037579499185085297 0.11107871681451797 0.2441115826368332
-0.034287262707948685 0.14702701568603516 0.1817757487297058
-0.05482640862464905 0.12938891351222992 -0.2714187502861023
-0.04905952140688896 0.04906366020441055 0.1054355800151825
-0.09831105172634125 0.29817435145378113 0.32853183150291443
-0.057842839509248734 0.13211984932422638 0.035480596125125885
-0.04780887812376022 0.10866332799196243 0.10642052441835403
0.08775707334280014 -0.0055451299995183945 -0.20530712604522705
-0.07371674478054047 0.07229477912187576 0.3310554325580597
0.05463520064949989 0.16061332821846008 0.22313998639583588
-0.08143937587738037 0.045843929052352905 0.20798547565937042
-0.09202161431312561 0.09178035706281662 0.2641322612762451
-0.058656591922044754 0.1225307434797287 -0.028455233201384544
0.055031560361385345 0.0856793224811554 -0.321702778339386
-0.07851696014404297 -0.09842632710933685 -0.11026551574468613
-0.09796401113271713 0.06179799139499664 0.19597530364990234
-0.02221103385090828 0.08142390847206116 0.26816898584365845
-0.10640309751033783 0.04922613501548767 0.2898184061050415
0.0030989074148237705 0.14051583409309387 0.2403205931186676
-0.04409187287092209 -0.17238487303256989 0.13504496216773987
-0.07978079468011856 0.20377813279628754 0.06645175069570541
-0.04790331423282623 0.07044344395399094 0.05408298596739769
-0.0755467638373375 -0.08816847205162048 0.14704777300357819
-0.07402628660202026 -0.04584892466664314 -0.08713097125291824
-0.08330168575048447 0.2280019074678421 -0.11622846871614456
0.11614851653575897 0.1308564841747284 0.07772192358970642
-0.09680750966072083 0.2559833228588104 0.35216614603996277
-0.09249400347471237 0.09167258441448212 0.3227098882198334
-0.0835273265838623 0.07019979506731033 0.2771935760974884
0.012832129374146461 0.10015869140625 -0.014289924874901772
-0.05484892427921295 0.05540277808904648 0.16490538418293
-0.17391619086265564 0.3308734893798828 0.06200099736452103
0.1740080863237381 0.12600693106651306 -0.1124982237815857
-0.07357745617628098 0.13305242359638214 0.05239041894674301
-0.07503112405538559 0.12010325491428375 -0.503492534160614
0.32040026783943176 0.3415753245353699 0.2086798995733261
0.006600413471460342 0.1327991783618927 0.135382741689682
-0.11262882500886917 0.06127888709306717 0.22414737939834595
-0.06051332876086235 0.10108567774295807 0.28077298402786255
0.027228672057390213 0.13279442489147186 -0.0045903827995061874
-0.05050142481923103 -0.08531216531991959 0.20212528109550476
-0.040015801787376404 0.09761667251586914 0.19773916900157928
0.22107577323913574 0.06598597764968872 0.20913958549499512
0.05420607328414917 0.149828240275383 0.15145285427570343
-0.083250992000103 0.2068997025489807 0.28186070919036865
0.08565793931484222 -0.2056891769170761 0.049761757254600525
0.029536878690123558 0.10593277215957642 0.11750446259975433
0.12117398530244827 0.12533843517303467 -0.033352989703416824
-0.08936800807714462 -0.12990184128284454 -0.39356696605682373
0.05277301371097565 0.08474000543355942 0.012215523049235344
-0.09388967603445053 0.11773744225502014 0.14719560742378235
-0.13664039969444275 -0.22391289472579956 -0.15111680328845978
0.08627437800168991 0.023678282275795937 -0.07195527106523514
-0.08400524407625198 0.051583871245384216 0.2711067199707031
-0.0960107371211052 -0.41727301478385925 0.2014966458082199
-0.037128135561943054 0.13151422142982483 0.279092401266098
-0.10295218229293823 0.028529437258839607 0.32917922735214233
0.12365149706602097 0.030685771256685257 -0.048407092690467834
-0.057042624801397324 0.12346210330724716 0.2141474038362503
0.04138072952628136 0.14464589953422546 0.14311815798282623
0.06199738755822182 0.12589357793331146 0.26161593198776245
-0.06966018676757812 0.05347638204693794 0.1989259272813797
-0.04640091210603714 -0.027242278680205345 0.19883306324481964
-0.11379671841859818 -0.17392320930957794 -0.4679616689682007
-0.017497139051556587 -0.0649794340133667 0.17261826992034912
0.03190973401069641 0.09378693997859955 0.26102346181869507
-0.12588204443454742 0.08590693771839142 -0.31913864612579346
0.10775275528430939 0.1707063764333725 0.3188607692718506
-0.09143564850091934 0.14005587995052338 0.26136842370033264
0.004679874982684851 0.1644863784313202 0.013281825929880142
-0.05694548040628433 0.09674981236457825 0.07849834859371185
-0.0693591833114624 0.27608901262283325 0.17771314084529877
-0.0811709314584732 0.05826164782047272 0.24085091054439545
0.22918544709682465 0.22524304687976837 0.18733768165111542
0.012849830090999603 0.3577461540699005 -0.0044159917160868645
-0.012663295492529869 0.09797926992177963 0.24475577473640442
-0.12206768244504929 0.05853615328669548 0.3402106463909149
0.08692075312137604 0.09258955717086792 0.1440335363149643
-0.051981355994939804 0.11785916239023209 0.2415306717157364
-0.13585901260375977 0.3458298146724701 0.3090073764324188
-0.010891182348132133 0.5326266884803772 0.3883008062839508
-0.09056145697832108 0.08767256885766983 0.26969045400619507
-0.0064987619407474995 0.057282816618680954 0.273368775844574
-0.042372897267341614 0.027966400608420372 0.22618776559829712
0.01897851563990116 0.06640615314245224 0.21624067425727844
-0.001270901644602418 0.13261115550994873 0.2786061763763428
-0.045055460184812546 0.07700963318347931 -0.08008545637130737
0.04247098043560982 0.11715178936719894 0.2988916337490082
-0.04259519279003143 -0.12797899544239044 0.09514228254556656
-0.0941888839006424 0.12009945511817932 -0.18168769776821136
-0.09831591695547104 0.20508170127868652 0.018182819709181786
-0.03807305917143822 0.0933600515127182 0.2882259488105774
-0.059767063707113266 0.07154284417629242 0.29513734579086304
-0.16824761033058167 0.0777985155582428 0.3347489833831787
0.004990112967789173 0.1987053006887436 0.17454537749290466
-0.10215940326452255 0.2342313975095749 0.3271644115447998
0.018520232290029526 0.13844913244247437 0.2964482307434082
-0.053497496992349625 0.11488821357488632 0.27830392122268677
-0.08650517463684082 0.10393241047859192 0.3080621659755707
-0.08306969702243805 0.35218408703804016 0.4058530330657959
-0.05888410285115242 0.01674337312579155 0.14807598292827606
-0.05504307523369789 0.059756673872470856 0.28653866052627563
-0.031187839806079865 0.07977458834648132 0.1887279748916626
0.027524862438440323 0.32382944226264954 0.12551948428153992
0.0822649747133255 0.07414590567350388 0.23734480142593384
-0.06201677769422531 0.07092916965484619 0.12802070379257202
-0.11770210415124893 0.425165057182312 0.5016996264457703
0.009356321766972542 0.1902690827846527 0.24781663715839386
-0.04514138028025627 0.12080854177474976 0.2439642697572708
-0.1055179312825203 0.026037178933620453 0.23369725048542023
-0.08927350491285324 0.0703749880194664 -0.1386159509420395
-0.08030939847230911 0.08409173041582108 0.2007509469985962
-0.05323212966322899 0.09707765281200409 -0.06938868761062622
-0.08159949630498886 0.0738377571105957 0.21944375336170197
-0.08134705573320389 0.014736572280526161 -0.11217325180768967
-0.01545228436589241 -0.1616603434085846 0.15474258363246918
-0.027622418478131294 0.001642273855395615 -0.36569344997406006
-0.06512331962585449 0.551731526851654 0.338548868894577
0.066444531083107 0.057717859745025635 -0.03468099609017372
0.6173334121704102 0.1243738979101181 0.26412326097488403
0.08116404712200165 0.10676330327987671 -0.1695966124534607
-0.17488199472427368 -0.49330994486808777 0.09826146811246872
-0.08626744896173477 0.3599383533000946 0.3081987798213959
-0.07196574658155441 0.20555464923381805 0.15358778834342957
-0.1359749585390091 0.09017327427864075 0.4092554748058319
-0.11470679193735123 0.2764397859573364 0.3355906009674072
-0.05183076858520508 0.2184697538614273 0.14990553259849548
0.17628151178359985 0.2797766625881195 0.34028884768486023
-0.07530209422111511 0.06209978833794594 0.29835423827171326
-0.07029160857200623 -0.00841168686747551 0.23715060949325562
0.044186271727085114 -0.07269357144832611 0.04400511458516121
0.0830996185541153 0.3405412435531616 0.40510496497154236
0.0031769946217536926 0.004521852359175682 -0.046519599854946136
-0.07623407989740372 0.23666463792324066 0.34246936440467834
-0.09155718237161636 -0.27259010076522827 -0.16501230001449585
0.028178101405501366 0.1202329471707344 0.3023773729801178
-0.07741066068410873 -0.06236850097775459 0.118107870221138
-0.12823234498500824 -0.15891151130199432 0.09325246512889862
-0.10595328360795975 -0.227307990193367 -0.2632719874382019
-0.15146255493164062 0.24341325461864471 0.10474353283643723
-0.11278975754976273 0.36425158381462097 0.1509222388267517
-0.11112258583307266 0.2757677137851715 0.3173316419124603
-0.06186143308877945 0.10716107487678528 0.3133687376976013
-0.042073123157024384 0.06903968751430511 0.11137046664953232
-0.10752933472394943 0.2178569734096527 0.32806697487831116
0.1778496503829956 0.13707731664180756 -0.19395191967487335
-0.04557235538959503 0.3649308979511261 -0.31288856267929077
0.10637591779232025 0.18003258109092712 -0.5431364178657532
0.7486985921859741 -0.02766484208405018 -0.15328937768936157
0.03241603448987007 0.11687468737363815 0.20676922798156738
-0.018590902909636497 0.10447102040052414 0.25908803939819336
-0.053566403687000275 -0.14277657866477966 0.21828198432922363
-0.03607495501637459 0.2766321897506714 0.12226778268814087
-0.10990823060274124 -0.32310882210731506 0.0932755395770073
-0.09200309962034225 0.03221511095762253 0.05681810900568962
-0.0839807391166687 -0.1263107806444168 -0.27275002002716064
0.11642882227897644 0.0948459729552269 0.15821689367294312
-0.12346971780061722 0.07728979736566544 0.3560042083263397
0.007202866952866316 -0.04108520597219467 0.1627572476863861
-0.11144154518842697 -0.0016296105459332466 -0.05106554180383682
0.025890126824378967 0.030592933297157288 -0.121401347219944
-0.046807434409856796 0.08259211480617523 0.2601838707923889
-0.035052020102739334 0.3183143734931946 0.3955731987953186
0.035108502954244614 0.11615771800279617 0.28105390071868896
-0.0717567652463913 -0.0103685911744833 -0.13026128709316254
-0.08496161550283432 0.06882960349321365 0.03985954821109772
0.09274661540985107 0.08933231979608536 0.11220880597829819
-0.026937447488307953 0.32907402515411377 0.16013917326927185
-0.07793621718883514 0.25914525985717773 0.2223992794752121
0.1742987483739853 0.14075708389282227 0.35559529066085815
0.11515165865421295 0.04103954881429672 0.21560779213905334
0.14750702679157257 0.05420215055346489 -0.03138921037316322
-0.044955018907785416 0.21334923803806305 0.31219062209129333
-0.10647579282522202 0.09530019015073776 0.058152709156274796
-0.012753574177622795 0.09063941240310669 0.13892199099063873
-0.04651395604014397 0.12609925866127014 0.3173293471336365
0.12289313971996307 0.3618989586830139 0.4466589093208313
-0.10628312081098557 0.28244873881340027 0.2998356521129608
-0.08713636547327042 0.1806938350200653 0.2979443371295929
-0.013863999396562576 0.14358995854854584 0.13225357234477997
0.010469574481248856 -0.3095499277114868 -0.20438359677791595
0.043038513511419296 0.12798720598220825 0.14068856835365295
0.003460734151303768 0.046896521002054214 0.21526610851287842
-0.17616769671440125 0.10330022126436234 0.2886101007461548
-0.06181305646896362 0.11218813806772232 0.292667418718338
-0.06979437917470932 0.04767228290438652 0.20625579357147217
-0.14608484506607056 0.06609664857387543 -0.5749132633209229
-0.021733658388257027 -0.2539995610713959 -0.23181311786174774
0.04282388463616371 0.3630567491054535 0.4391261339187622
-0.07058250159025192 0.3728226125240326 0.4198317229747772
-0.01729738526046276 0.1671094447374344 0.3296162188053131
-0.11406151205301285 0.21402910351753235 0.34409451484680176
-0.0874875858426094 0.07503650337457657 0.3081333041191101
0.0918002799153328 0.15640880167484283 0.2999607026576996
-0.05521370843052864 0.16999243199825287 0.06056564301252365
-0.07634790241718292 0.0405089445412159 0.14292074739933014
0.29188138246536255 -0.02040218561887741 -0.2995009422302246
-0.04601157084107399 0.032156914472579956 0.22931580245494843
-0.06868036836385727 0.10633785277605057 0.018151387572288513
-0.006022132933139801 0.1307598203420639 0.09030921757221222
0.03342369571328163 -0.02508937194943428 0.19298714399337769
-0.04992590472102165 0.06756994128227234 0.32062435150146484
-0.1305633932352066 -0.3852536678314209 0.006739720702171326
-0.008062003180384636 0.002083146944642067 0.20912636816501617
0.049054380506277084 0.15157701075077057 0.10201360285282135
-0.05620231479406357 0.21957387030124664 0.1100776195526123
0.11571072041988373 0.09885375946760178 -0.1741323620080948
-0.007695345673710108 0.13134345412254333 0.10713671892881393
0.06550336629152298 0.08424712717533112 0.25976210832595825
-0.08585800975561142 0.04379044845700264 0.3351454734802246
-0.09182282537221909 0.1033235490322113 0.3225242793560028
0.06766463816165924 0.28700533509254456 0.21216629445552826
-0.07847689092159271 -0.14903298020362854 -0.047087181359529495
-0.07321883738040924 0.10992467403411865 0.15491698682308197
0.1347944587469101 0.4460259974002838 0.2389005720615387
-0.10217881947755814 0.2891312837600708 0.23349900543689728
-0.08660514652729034 0.16630005836486816 0.29152336716651917
0.02170623652637005 0.1750584840774536 0.10958123952150345
0.14075203239917755 0.08446665108203888 -0.12150908261537552
-0.12777741253376007 0.04731668159365654 -0.6173359751701355
0.04431326314806938 0.16846299171447754 0.2653532922267914
-0.021457407623529434 -0.3920654058456421 -0.0038193194195628166
-0.034807585179805756 0.08558838069438934 0.2818138599395752
-0.08517234027385712 0.13266560435295105 0.02167537435889244
0.05346684530377388 -0.030549360439181328 -0.19410590827465057
-0.13898257911205292 0.2888656556606293 0.3084266781806946
-0.16360898315906525 0.11748318374156952 0.32743024826049805
-0.032748058438301086 -0.023222943767905235 0.06855396926403046
-0.0811726450920105 0.37587448954582214 0.5441074371337891
-0.049872610718011856 0.09415517002344131 0.20920413732528687
-0.07432885468006134 -0.23833014070987701 -0.36376234889030457
-0.03663386404514313 0.1658775359392166 0.12359822541475296
-0.032539695501327515 0.23002129793167114 0.2909937798976898
-0.08365172147750854 -0.3592987656593323 -0.05497756600379944
-0.1077459454536438 0.3971608579158783 0.30597683787345886
-0.0503668412566185 -0.025257842615246773 0.12611310184001923
0.001260097953490913 0.2452898770570755 0.32136064767837524
-0.13590998947620392 0.10134701430797577 0.31522518396377563
-0.0774768590927124 0.07172898948192596 0.06821992993354797
-0.23659811913967133 0.7372597455978394 -0.08658715337514877
0.04492763429880142 0.09122809022665024 0.14739416539669037
0.0789916068315506 0.44176220893859863 0.37929436564445496
-0.07529022544622421 0.0438804104924202 0.2999677062034607
-0.09270786494016647 0.2900651693344116 0.3278138339519501
-0.018451854586601257 0.09728431701660156 0.2762540876865387
-0.05112128704786301 0.41061919927597046 0.23958136141300201
-0.05074732005596161 0.1059904545545578 0.29206496477127075
-0.2458013892173767 0.48183998465538025 0.4717722237110138
-0.07724206149578094 0.10619544237852097 0.1498512625694275
-0.12545925378799438 -0.2095850259065628 -0.059227392077445984
-0.06274520605802536 0.05785297229886055 0.061103273183107376
-0.05971341207623482 0.06001384183764458 0.24910898506641388
-0.07399262487888336 0.017880873754620552 0.22916142642498016
-0.18177342414855957 -0.16830238699913025 -0.5344650745391846
-0.024097446352243423 0.16126497089862823 0.2807927131652832
-0.034074269235134125 0.0691559761762619 0.296345591545105
-0.05896264314651489 0.053227826952934265 0.2800311744213104
-0.01536855660378933 0.06167975440621376 -0.25557881593704224
-0.05202623829245567 0.6912437081336975 0.3687736988067627
-0.09865675121545792 0.04215037822723389 0.1825033724308014
0.17274188995361328 0.09410987049341202 -0.2959660291671753
-0.08986952155828476 0.009300857782363892 -0.2665291428565979
0.16309621930122375 0.098542220890522 0.278385192155838
0.23551782965660095 0.16280534863471985 -0.21549609303474426
-0.0796179547905922 0.1124284416437149 0.08971505612134933
0.30000773072242737 -0.026877863332629204 -0.2713884115219116
-0.066928930580616 0.35391515493392944 0.29511305689811707
0.002402386162430048 0.06842855364084244 0.23425328731536865
-0.09637206792831421 -0.04879217967391014 0.25155460834503174
-0.11263266950845718 0.3187682330608368 0.22816342115402222
-0.004175911657512188 0.40202704071998596 0.23827584087848663
-0.01917906478047371 0.10337302833795547 0.3127132058143616
-0.08007229119539261 0.1592710316181183 0.21504205465316772
-0.06785017251968384 0.16214315593242645 0.32759034633636475
-0.04691710323095322 0.008221940137445927 0.18561716377735138
-0.04799618199467659 0.10744775831699371 0.24563290178775787
-0.05026581883430481 -0.07943442463874817 0.13609637320041656
-0.03679001331329346 0.09736640006303787 -0.07277557253837585
0.21861647069454193 -0.0571955107152462 -0.3735162615776062
-0.037391141057014465 0.0908917561173439 0.25303956866264343
-0.1359185129404068 0.07851915806531906 0.2958940863609314
-0.015371017158031464 0.118698850274086 0.29523712396621704
-0.009134961292147636 0.19115473330020905 0.25222957134246826
-0.07560808211565018 -0.07434676587581635 0.15611028671264648
0.00017413904424756765 0.14441993832588196 -0.4119183123111725
-0.1911490112543106 0.7691691517829895 0.7409897446632385
-0.09394858777523041 -0.4731913208961487 -0.20507453382015228
0.04494589567184448 0.09251498430967331 0.21064113080501556
0.26538488268852234 0.20242469012737274 0.13292403519153595
-0.025974206626415253 0.07633819431066513 0.21172834932804108
0.4336607754230499 0.12337889522314072 0.12252634763717651
-0.09158173203468323 0.2425830066204071 0.09994938224554062
0.0064872633665800095 0.1189047172665596 0.20979689061641693
0.03736058250069618 0.25897935032844543 0.4066120684146881
-0.08913175761699677 0.13519135117530823 0.3687461316585541
0.02650693617761135 0.09314007312059402 0.1507837474346161
-0.0013291891664266586 0.1402609497308731 0.31812527775764465
0.07012848556041718 0.2207549512386322 0.28215572237968445
-0.09277734905481339 0.17413048446178436 0.10407112538814545
-0.11671458184719086 0.2796536087989807 0.4028538167476654
-0.08129747211933136 0.07113761454820633 0.28095266222953796
-0.11389973014593124 0.617289125919342 0.2623175382614136
-0.05094926804304123 0.09176628291606903 -0.1813821643590927
-0.08720812201499939 0.24280902743339539 0.2467176616191864
-0.07140258699655533 0.2054716944694519 0.36681732535362244
0.27433866262435913 0.3007468581199646 -0.1489795297384262
-0.20117369294166565 0.6262849569320679 -0.0039062341675162315
0.006284162402153015 0.08655369281768799 0.2581137418746948
-0.10188014805316925 -0.05861242115497589 -0.15958921611309052
-0.03786534443497658 -0.028058098629117012 0.10294315218925476
-0.049067120999097824 0.07239504158496857 0.284745991230011
-0.025901801884174347 0.1741650253534317 -0.1417863517999649
-0.13355743885040283 0.04076794534921646 -0.3055996894836426
-0.06329553574323654 0.02684176340699196 0.12838511168956757
-0.03890478238463402 0.18288694322109222 -0.04597461223602295
-0.1458456963300705 0.23721493780612946 0.35728320479393005
-0.06391651183366776 0.013071786612272263 0.2550521492958069
-0.05550874024629593 0.16914674639701843 0.3291345238685608
-0.04828683286905289 -0.0021712405141443014 0.22453156113624573
-0.07284186035394669 0.02500569261610508 -0.2520751953125
-0.03522040694952011 0.14410796761512756 0.09644296020269394
-0.03350310027599335 0.25273624062538147 0.3684059679508209
-0.20530825853347778 -0.02367393858730793 -0.36614108085632324
-0.15993912518024445 -0.20433300733566284 -0.050573594868183136
-0.11299467831850052 0.3251610994338989 0.20481450855731964
-0.02033204212784767 0.1336585432291031 -0.09078768640756607
-0.09690746665000916 0.0527225136756897 0.27938783168792725
-0.07386618107557297 0.10447444021701813 0.20605126023292542
-0.108352892100811 0.17899708449840546 0.4051387310028076
0.03979617357254028 0.08337263762950897 0.25453993678092957
-0.21043235063552856 -0.003494598902761936 0.3848873972892761
-0.10752373188734055 -0.27634871006011963 0.019556419923901558
-0.052178822457790375 -0.023009033873677254 0.04724103584885597
-0.017453806474804878 0.06646572053432465 0.2862568795681
-0.05940215289592743 0.215304434299469 0.3624766767024994
-0.1313258558511734 -0.7753778696060181 -0.06896144896745682
0.034055180847644806 0.08151456713676453 -0.1778695285320282
0.08361600339412689 0.25535324215888977 0.3026597201824188
-0.08975560963153839 -0.28881552815437317 -0.19242237508296967
-0.10880665481090546 0.10743220150470734 0.3953341841697693
-0.08415338397026062 0.17176739871501923 0.2772602438926697
-0.0225240308791399 0.4049105644226074 0.3884594142436981
-0.14351339638233185 0.04440825432538986 0.29279932379722595
-0.16965171694755554 0.6909769177436829 0.24842500686645508
0.06899706274271011 0.12002038955688477 -0.15695242583751678
-0.09355877339839935 -0.22143574059009552 0.07817362993955612
-0.07411809265613556 -0.002808839548379183 -0.12989729642868042
-0.04337051138281822 -0.009212186560034752 0.26135364174842834
-0.057671383023262024 0.1857149600982666 0.29402956366539
-0.06830153614282608 -0.038939040154218674 0.14642444252967834
-0.0505075566470623 0.01099311001598835 0.2271997332572937
0.06337181478738785 0.028697514906525612 -0.35033220052719116
-0.05957363545894623 0.054589398205280304 0.22934719920158386
-0.08865199238061905 -0.02929941937327385 0.13353627920150757
-0.06830959767103195 0.07817010581493378 -0.016914773732423782
-0.06388254463672638 0.07252117246389389 0.11986973881721497
-0.0880565494298935 0.056850217282772064 0.3098371624946594
-0.03838945925235748 0.08685959875583649 0.26342493295669556
0.03792061656713486 0.13618460297584534 0.17697210609912872
-0.0693572387099266 0.24768100678920746 -0.01481592282652855
0.05149266496300697 -0.29237881302833557 -0.165157288312912
-0.02840353175997734 0.2751410901546478 0.06406427174806595
0.284869909286499 0.08814076334238052 -0.4663015604019165
-0.04275668412446976 0.1139679029583931 -0.02675641141831875
-0.059692952781915665 0.23031085729599 0.16391998529434204
-0.09933961927890778 -0.08888787776231766 -0.23724569380283356
0.012348458170890808 0.23107320070266724 0.19525587558746338
0.07417729496955872 0.1428714543581009 0.060778409242630005
0.02321247197687626 0.10241080075502396 -0.231208935379982
-0.044113654643297195 -0.15945279598236084 0.017378777265548706
0.10570915788412094 0.14335934817790985 0.21859002113342285
-0.06017754226922989 0.1839306354522705 0.27194416522979736
-0.08090837299823761 0.09685411304235458 0.24271106719970703
0.06165814399719238 0.0955677479505539 0.26120635867118835
-0.07461179047822952 0.1282583475112915 0.3152538537979126
0.05495991185307503 0.0318869985640049 -0.1444750428199768
-0.03640745207667351 0.10640823841094971 -0.2111787050962448
-0.10089069604873657 0.06955305486917496 0.29388824105262756
-0.011504696682095528 0.12569913268089294 0.32227417826652527
0.2767193615436554 0.0957212746143341 -0.3855130672454834
-0.046825919300317764 0.10120077431201935 0.2896255850791931
-0.06780438870191574 0.038871537894010544 0.16654111444950104
-0.127472385764122 0.3235156238079071 0.3496021330356598
-0.2460838109254837 -0.00038477894850075245 0.30832529067993164
0.04018055275082588 0.20925061404705048 0.18921133875846863
-0.009611979126930237 0.06329681724309921 0.15929491817951202
-0.06606268137693405 -0.11414256691932678 0.13670605421066284
-0.03399045020341873 0.08843337744474411 -0.03539655730128288
-0.10154862701892853 0.3897542655467987 0.3244989216327667
-0.09635276347398758 0.1297580599784851 0.2780390679836273
-0.08885027468204498 0.05288570746779442 0.18962636590003967
-0.11350899189710617 -0.4699060916900635 0.1324608474969864
-0.02431405708193779 0.05129457265138626 0.18577495217323303
-0.10653877258300781 0.3201797902584076 0.18156804144382477
-0.05683395266532898 0.06561679393053055 0.29165008664131165
-0.07398207485675812 -0.03853436931967735 0.21007251739501953
-0.11382562667131424 0.2344989776611328 0.3335344195365906
-0.027701670303940773 0.05609806999564171 0.21489323675632477
0.02552521973848343 -0.10474864393472672 -0.3101864755153656
-0.1115206927061081 0.45430704951286316 0.24751964211463928
-0.08552709966897964 -0.26392775774002075 -0.2607504427433014
-0.1351889669895172 -0.23933325707912445 -0.44570332765579224
-0.031414423137903214 -0.31013378500938416 -0.13609664142131805
-0.09366598725318909 0.089137963950634 0.14778265357017517
-0.04232985898852348 0.2412368208169937 -0.03790297359228134
0.10766369104385376 0.04843618720769882 0.16214512288570404
-0.006568629760295153 0.11741188913583755 0.2756757140159607
0.10304267704486847 0.2532142400741577 0.12380094081163406
0.043378181755542755 0.2026423215866089 0.32385528087615967
-0.0431111678481102 0.0034554365556687117 0.17894650995731354
-0.07163874804973602 -0.159563809633255 0.09466573596000671
-0.08787030726671219 0.06476517021656036 0.22881454229354858
-0.11697916686534882 0.3050890862941742 0.29623064398765564
-0.07008122652769089 0.03160448372364044 0.26903802156448364
-0.07877177000045776 -0.025245144963264465 0.03392637521028519
0.07045666873455048 0.1369059979915619 0.08477748185396194
-0.07649213075637817 0.07955697178840637 0.1677253246307373
-0.04020087793469429 0.09293428063392639 0.27010124921798706
0.21209906041622162 0.207254096865654 0.192998006939888
-0.07382579892873764 0.0684361606836319 0.3173120617866516
-0.0013909621629863977 0.08492256700992584 -0.09178294986486435
0.1063186526298523 0.12585687637329102 0.13760410249233246
-0.10707718133926392 -0.0875626653432846 0.22980059683322906
0.10923472791910172 0.03483935818076134 -0.15545447170734406
-0.08967180550098419 0.05377514660358429 0.2386137694120407
-0.061051078140735626 0.07835527509450912 -0.2732415795326233
-0.08179835975170135 0.09581609070301056 0.24633292853832245
-0.10961669683456421 0.26013216376304626 -0.16711796820163727
-0.09646064788103104 0.09142321348190308 0.3457832336425781
-0.13923558592796326 0.10405019670724869 0.20499610900878906
0.009029412642121315 0.0411217175424099 0.17115618288516998
-0.07325123995542526 0.23751813173294067 0.015593592077493668
-0.04156462475657463 0.24036002159118652 0.3009767532348633
-0.12217852473258972 0.4823310375213623 0.5182480216026306
-0.07285136729478836 0.2938811480998993 0.39647337794303894
0.08897910267114639 0.23249173164367676 0.32558777928352356
-0.058110311627388 0.23384936153888702 0.3324032723903656
-0.06511752307415009 -0.005313875153660774 0.24080850183963776
0.1566329300403595 0.23819945752620697 0.16725334525108337
-0.03947717696428299 0.10082292556762695 0.1736953854560852
-0.03260648623108864 0.04564947262406349 0.06644575297832489
-0.05722014605998993 0.41107988357543945 0.31807753443717957
-0.06189420819282532 0.2962028682231903 0.34475621581077576
-0.06951434910297394 0.4999290406703949 0.21882881224155426
-0.012068014591932297 0.04764078930020332 0.24025684595108032
-0.08778776228427887 -0.022573737427592278 0.0225105918943882
-0.05837536230683327 0.04253740608692169 0.24879607558250427
0.0011375457979738712 0.11641588062047958 0.263377845287323
-0.070920430123806 0.04308213293552399 0.2772037088871002
-0.07282490283250809 -0.09412616491317749 0.036433104425668716
-0.05631422623991966 0.1466878056526184 0.2605119049549103
-0.05535334348678589 0.1670200079679489 0.2818748950958252
-0.10363278537988663 0.12016832828521729 0.05250218138098717
-0.015297358855605125 0.05809652805328369 0.25978052616119385
-0.020981155335903168 0.05049443244934082 0.22214804589748383
-0.06948413699865341 0.06688353419303894 0.3430168330669403
-0.07797550410032272 -0.17902742326259613 -0.03414338454604149
-0.00018931925296783447 0.15016748011112213 0.3156411349773407
-0.14471648633480072 0.3653727173805237 -0.09975741058588028
0.05100993439555168 0.13762474060058594 0.12128149718046188
-0.08502794802188873 0.12330813705921173 0.004459599032998085
-0.05063185095787048 0.09638762474060059 0.0020975973457098007
0.0175628624856472 0.13454388082027435 0.12956765294075012
-0.03637807443737984 -0.07885084301233292 -0.056378066539764404
0.012381913140416145 0.2819167971611023 0.21159526705741882
-0.053287699818611145 -0.057201359421014786 0.16239652037620544
-0.10784001648426056 0.10430581867694855 0.27764126658439636
0.04566977545619011 0.18922628462314606 -0.24103717505931854
0.056663721799850464 -0.203403040766716 -0.05743911862373352
-0.08319192379713058 0.06099453195929527 0.29528355598449707
-0.08132047951221466 -0.002830869983881712 0.24979685246944427
-0.04183041676878929 0.21232259273529053 0.38076210021972656
-0.013726683333516121 -0.1135479211807251 -0.3598954379558563
-0.04862140864133835 0.13437163829803467 0.3060879409313202
-0.07504282146692276 0.3303702175617218 0.18053175508975983
-0.11095201224088669 0.26128485798835754 0.12366791069507599
-0.08249727636575699 -0.10943301022052765 0.09013933688402176
-0.06336119025945663 0.0683322548866272 0.25319066643714905
-0.1409856230020523 0.26073744893074036 0.13260367512702942
0.05616632476449013 0.13504774868488312 0.025052910670638084
0.09426676481962204 0.12252400815486908 -0.01842864602804184
-0.04794337972998619 0.11336413025856018 0.28869393467903137
-0.07532276213169098 0.08898347616195679 0.21769258379936218
-0.06529491394758224 -0.2808435559272766 -0.4164159595966339
-0.03373350575566292 0.1520390808582306 0.271616131067276
-0.17049558460712433 0.4455206096172333 0.2871054708957672
-0.11762523651123047 -0.12198489159345627 0.2017522007226944
0.12214529514312744 0.0005927443853579462 0.05434444546699524
-0.03885738179087639 0.09693952649831772 0.24444416165351868
0.06857400387525558 0.15651942789554596 0.2976891100406647
0.004324670881032944 0.1201801598072052 0.2891753911972046
0.33446916937828064 0.14558443427085876 0.25775378942489624
-0.052733879536390305 0.08241058140993118 0.32040297985076904
-0.08034053444862366 0.24666553735733032 -0.014863139018416405
-0.08070658147335052 0.1617107391357422 0.2897886335849762
-0.10220761597156525 0.10085725784301758 -0.12299127876758575
-0.10068483650684357 -0.0400627925992012 -0.17412424087524414
-0.11895540356636047 0.09058797359466553 0.24624003469944
-0.0844847783446312 -0.14318683743476868 -0.1520555168390274
0.5886513590812683 0.16625989973545074 0.1681571751832962
-0.04787350073456764 0.1296318769454956 0.03195441886782646
0.014578206464648247 -0.030152542516589165 -0.4825926125049591
0.028413675725460052 0.29129260778427124 0.40878039598464966
0.06312809139490128 0.396582692861557 -0.2010420560836792
-0.08549978584051132 0.1455189436674118 0.34860509634017944
0.0729706808924675 -0.09742383658885956 -0.06249147281050682
-0.09533654898405075 -0.751896858215332 0.01920703426003456
-0.0683232918381691 -0.13152964413166046 0.06093617156147957
0.05965427681803703 -0.12428808957338333 0.18643216788768768
-0.06629841029644012 0.06926226615905762 -0.07601989060640335
-0.08892238885164261 0.17769594490528107 0.32069075107574463
-0.09879212081432343 0.18669725954532623 -0.15372024476528168
0.09115083515644073 0.13747826218605042 0.19168183207511902
-0.023542186245322227 0.1090431958436966 0.21860608458518982
-0.04760628938674927 0.01604728400707245 0.0861036628484726
-0.13218817114830017 0.11658310890197754 -0.06633729487657547
0.0764157623052597 0.4221971035003662 0.36502769589424133
-0.04066658392548561 -0.11487479507923126 0.11564958840608597
-0.0035169031471014023 0.08084461838006973 -0.22897379100322723
0.3064757287502289 0.21352431178092957 0.30396708846092224
0.1808513104915619 0.07858438789844513 -0.14759008586406708
-0.034758929163217545 0.12468598783016205 0.324361652135849
-0.01910191774368286 0.06120825558900833 -0.020210465416312218
-0.047670360654592514 0.06485718488693237 0.2818370759487152
-0.06911449134349823 0.11652432382106781 0.35464802384376526
-0.00816790945827961 -0.09174864739179611 0.07413749396800995
-0.0512227900326252 0.016279984265565872 0.21734055876731873
-0.14007769525051117 0.22724951803684235 0.4162496328353882
-0.14763768017292023 0.262204647064209 0.2773360013961792
-0.05110584944486618 0.058267414569854736 -0.08903028070926666
-0.05393436178565025 0.02706494741141796 -0.3085004687309265
-0.07929275184869766 0.2436635047197342 0.0479319728910923
-0.0762505829334259 0.11477483808994293 0.230204775929451
-0.09218601137399673 0.08358971774578094 0.1685551404953003
-0.06691975146532059 0.16110451519489288 0.18861202895641327
-0.09172949194908142 -0.06825834512710571 -0.10469851642847061
0.04838603362441063 0.17801102995872498 0.3094850182533264
0.032515235245227814 -0.10332395136356354 -0.006095515098422766
-0.0857420340180397 0.06771355122327805 0.21320341527462006
-0.07866523414850235 0.2821308374404907 0.23962312936782837
-0.0155962985008955 0.13563993573188782 0.30974212288856506
0.041066188365221024 0.1166888177394867 -0.18568971753120422
-0.014297453686594963 -0.010214874520897865 0.19772864878177643
0.12294270843267441 0.13261550664901733 0.2501080632209778
0.05725972354412079 0.1528041511774063 -0.021417737007141113
-0.06697523593902588 -0.06318587064743042 0.025474829599261284
-0.11163998395204544 0.07778773456811905 0.28271788358688354
-0.08143876492977142 0.4366309940814972 0.43069174885749817
0.0050735375843942165 0.03641698509454727 -0.3523019552230835
-0.10520297288894653 0.10929378867149353 0.3030017912387848
0.14486931264400482 0.19898243248462677 0.30977898836135864
-0.0380842499434948 0.07532962411642075 0.08869047462940216
-0.05959947034716606 0.3399929404258728 0.13508644700050354
-0.004002068657428026 0.12158901989459991 0.2852398753166199
0.04627562314271927 0.1370307207107544 -0.08691498637199402
0.012165412306785583 0.052215952426195145 0.269938200712204
0.008084183558821678 0.12764176726341248 0.1257253736257553
-0.09025853127241135 -0.16121052205562592 -0.01097850501537323
-0.1229892149567604 0.2750377357006073 0.05078710615634918
-0.07293740659952164 0.285848468542099 0.2851076126098633
-0.17627622187137604 0.16764302551746368 0.31729069352149963
-0.07086154073476791 0.052596863359212875 0.2748352289199829
0.041241083294153214 -0.16353872418403625 -0.19622866809368134
-0.06585119664669037 0.03279908373951912 0.22868211567401886
-0.12145299464464188 0.15390536189079285 0.3406847417354584
-0.022176118567585945 0.1628633737564087 0.3055897057056427
-0.10051260888576508 0.1316707879304886 0.2737354040145874
0.012752790004014969 0.2134186327457428 0.313119500875473
0.04795027896761894 0.02161402255296707 0.21809722483158112
0.03861844539642334 0.04177801311016083 -0.18327614665031433
0.028311837464571 0.07759308069944382 -0.41383981704711914
0.08843053132295609 0.14929446578025818 0.2686077654361725
-0.10936606675386429 0.2087065428495407 0.2558658719062805
-0.08840888738632202 0.9111795425415039 0.4029780626296997
0.22042471170425415 0.0745040774345398 0.1795637309551239
0.008625457994639874 0.12329203635454178 0.26682743430137634
-0.07741256803274155 0.08415377885103226 0.24065519869327545
0.06541231274604797 0.1728210300207138 0.07148637622594833
-0.11154063791036606 0.1318228840827942 0.32962122559547424
-0.02058129943907261 0.11146083474159241 0.23952768743038177
-0.12066137790679932 0.044427841901779175 0.24131865799427032
-0.09803560376167297 0.16131919622421265 0.30427923798561096
-0.07053089886903763 0.271784245967865 0.02298854850232601
-0.16548030078411102 0.5049288868904114 0.2907492220401764
-0.13139741122722626 0.4182349145412445 0.5309028029441833
0.0846124067902565 -0.07858597487211227 -0.007930824533104897
-0.13356752693653107 0.007166300434619188 0.1277082860469818
-0.019616950303316116 0.027799982577562332 0.05410613864660263
-0.07389693707227707 0.04312194511294365 0.24765141308307648
-0.04175664484500885 0.09679234027862549 0.1951996088027954
-0.06873820722103119 -0.06052650883793831 0.19366952776908875
-0.10226064920425415 0.07289998978376389 0.2584418058395386
-0.041209422051906586 0.1423720270395279 -0.018135840073227882
-0.08818014711141586 0.07258377224206924 0.2790111005306244
-0.14348022639751434 0.40701475739479065 0.12643061578273773
-0.07648805528879166 0.10096383839845657 0.17864999175071716
-0.06767824292182922 0.03372478857636452 -0.06721429526805878
-0.1633649468421936 0.6411271095275879 0.5676511526107788
0.015798158943653107 0.18047717213630676 0.15862824022769928
0.016113538295030594 0.22446775436401367 0.3217465877532959
0.03187992796301842 0.09755542874336243 -0.02326851151883602
-0.03426168113946915 -0.24552850425243378 -0.043969567865133286
-0.05532639101147652 0.1291540116071701 0.1605614721775055
-0.08985499292612076 0.3669898509979248 0.32783272862434387
-0.02002149447798729 0.07924820482730865 0.2882556617259979
0.07682839781045914 0.5713814496994019 0.5146243572235107
-0.09067465364933014 0.05105867609381676 0.2857791781425476
-0.18081414699554443 -0.013047749176621437 -0.07275418937206268
-0.008498135954141617 0.04844095930457115 0.10266102105379105
-0.016525011509656906 0.08049298822879791 0.2262585312128067
-0.11719387024641037 0.18958275020122528 0.2578277587890625
-0.06811869889497757 0.18615996837615967 0.3023858964443207
0.024978898465633392 0.11463765799999237 -0.07800646871328354
0.08480506390333176 0.233843594789505 0.3482823967933655
-0.035799067467451096 0.028120245784521103 0.25061315298080444
-0.11724729835987091 -0.022539600729942322 -0.12708680331707
-0.06989949941635132 0.5024188756942749 0.3164731562137604
-0.061341673135757446 0.044008102267980576 0.23902475833892822
-0.042362987995147705 0.1416442096233368 0.3535424470901489
0.08932442218065262 0.26404982805252075 0.30203163623809814
0.004629168193787336 0.3510262966156006 0.33679062128067017
-0.10789357125759125 -0.07117316871881485 0.13975760340690613
-0.08043770492076874 0.6292662620544434 0.24552439153194427
-0.05733608454465866 0.1118575856089592 0.24595998227596283
-0.027508001774549484 0.2210942953824997 0.3044787347316742
0.003043871372938156 0.5210127830505371 0.3522798717021942
-0.0425385944545269 -0.12423383444547653 -0.00939839519560337
0.009409844875335693 0.11541818082332611 0.2781367301940918
-0.05819886177778244 0.34850189089775085 0.3018002212047577
-0.06919704377651215 -0.1809292584657669 0.23674376308918
0.0374613031744957 -0.11444399505853653 0.10171350836753845
-0.05393048748373985 0.04695252701640129 0.24466264247894287
-0.0881357192993164 -0.06247531250119209 0.19558212161064148
-0.029972311109304428 0.055902596563100815 -0.36151954531669617
0.25809308886528015 0.13486360013484955 -0.3996986746788025
0.0007822674233466387 0.029448650777339935 0.12936946749687195
-0.030635815113782883 0.07538507878780365 -0.03452916070818901
-0.09971355646848679 0.047902800142765045 0.2721531391143799
-9.067205246537924e-05 0.10560175776481628 0.19564318656921387
-0.07719530165195465 0.11989718675613403 0.2283782660961151
-0.039817895740270615 0.10489113628864288 0.2753220498561859
-0.08795981109142303 -0.19114114344120026 -0.2001502811908722
-0.03443393483757973 0.29898661375045776 0.28089872002601624
-0.12099554389715195 0.1858358383178711 0.3407377600669861
-0.11284024268388748 0.10309528559446335 0.2983338236808777
-0.029297588393092155 0.17736537754535675 0.09628643840551376
-0.04228014871478081 0.054418355226516724 -0.12259626388549805
0.23312519490718842 0.0917576253414154 0.12491440773010254
0.26617422699928284 0.1013430505990982 0.013032039627432823
0.07642156630754471 0.16477787494659424 0.2002517431974411
-0.1608208566904068 0.1049911305308342 0.22390925884246826
0.02156023122370243 0.4707849621772766 0.09689699858427048
-0.03763018175959587 0.21479086577892303 -0.34100693464279175
0.001880884519778192 0.21063518524169922 0.29947200417518616
-0.12353042513132095 0.13646294176578522 0.25347793102264404
-0.18929876387119293 0.5061233639717102 0.5303846597671509
-0.0624576061964035 0.06158352270722389 0.22110752761363983
-0.08327818661928177 -0.14661191403865814 0.05855158716440201
-0.11154958605766296 -0.04154412820935249 0.07884272933006287
-0.07635174691677094 0.10570909082889557 0.2628645896911621
-0.15982277691364288 0.46077656745910645 0.38847312331199646
-0.033670514822006226 0.10099738836288452 0.19467538595199585
-0.1256175935268402 0.10195915400981903 0.28627514839172363
0.0859205424785614 0.0945950597524643 0.09273981302976608
-0.07294419407844543 0.10774655640125275 0.32318878173828125
-0.11485429853200912 0.02567930705845356 -0.44241049885749817
-0.010177772492170334 0.10510553419589996 0.2704129219055176
0.04427125304937363 0.30645257234573364 0.01994199864566326
-0.07423906028270721 0.04772229120135307 0.2569104731082916
0.011701270937919617 0.04914861172437668 0.11476368457078934
-0.09159131348133087 0.24366547167301178 0.2756985127925873
-0.08563853055238724 0.10210474580526352 -0.06503728032112122
0.09717117249965668 0.3545178472995758 0.2898612320423126
0.009967165067791939 0.9241623282432556 0.5621554851531982
0.2354244738817215 0.27388057112693787 0.29319334030151367
0.025291621685028076 0.25183984637260437 0.3629586696624756
-0.13464275002479553 0.4986491799354553 0.3194074034690857
0.10615456104278564 0.10741746425628662 0.22998757660388947
0.10508888959884644 0.28502902388572693 0.21861273050308228
-0.05917517840862274 0.13055942952632904 0.28743284940719604
-0.06982249766588211 0.2826038897037506 0.24103227257728577
-0.09625016152858734 0.5172644257545471 0.4088554084300995
-0.04727154225111008 0.0742088034749031 0.20015867054462433
-0.03375866636633873 0.1881498098373413 0.2477879524230957
0.1337607353925705 0.21140843629837036 -0.015578895807266235
-0.061893098056316376 0.07125682383775711 0.2198217809200287
-0.08253166079521179 0.07127420604228973 0.2585376799106598
-0.002152899745851755 0.013245413079857826 0.20904703438282013
-0.11743850260972977 0.631659984588623 0.5711790919303894
-0.034944724291563034 0.025529293343424797 -0.010618381202220917
-0.03988685458898544 0.053774721920490265 0.20617817342281342
-0.0728984922170639 0.24107716977596283 0.2513282001018524
-0.06584788858890533 -0.21759949624538422 0.10356950014829636
-0.13674966990947723 0.37647563219070435 0.41040220856666565
-0.03181692957878113 -0.9277952909469604 -0.20669510960578918
0.1190110296010971 0.23541468381881714 0.18447455763816833
-0.08482853323221207 -0.2963677644729614 -0.07925274223089218
-0.20739687979221344 0.41369274258613586 0.3780466914176941
0.05123608559370041 0.009204290807247162 -0.12230721861124039
0.1051255464553833 0.034577589482069016 -0.0776892751455307
-0.02013271115720272 0.22976066172122955 0.31255969405174255
0.053144875913858414 0.0749896988272667 0.22480508685112
-0.08870561420917511 -0.009348595514893532 -0.0016913826111704111
0.049755245447158813 0.18258348107337952 0.06769856065511703
-0.06593041121959686 0.09234315156936646 -0.10980153828859329
-0.12423194199800491 -0.34004172682762146 0.153766930103302
-0.015614531934261322 0.011418856680393219 0.20726966857910156
-0.033997632563114166 0.27659183740615845 0.37011653184890747
-0.11965741962194443 0.6645547151565552 0.49632182717323303
-0.019177384674549103 0.18261930346488953 0.2334505319595337
-0.06437600404024124 0.11433805525302887 -0.027865439653396606
-0.04601249098777771 0.0664462074637413 0.21104778349399567
-0.09258778393268585 0.07848171889781952 0.3011358082294464
-0.1165836974978447 0.1294204443693161 0.3113129734992981
-0.09654869139194489 0.027760371565818787 0.25890788435935974
-0.09347591549158096 0.13843359053134918 0.19691036641597748
-0.06419956684112549 0.21487107872962952 0.3030184209346771
-0.007596295792609453 0.31040680408477783 0.4321615695953369
0.01968456618487835 0.7928959131240845 0.48647356033325195
-0.10113535821437836 -0.29288938641548157 0.17792868614196777
-0.017358610406517982 0.14649175107479095 0.2776499092578888
-0.09883583337068558 -0.023087039589881897 0.02490498498082161
0.0859881266951561 0.14821051061153412 0.09436087310314178
0.18308775126934052 0.3229561448097229 0.2711040675640106
-0.09817205369472504 -0.13308784365653992 -0.013031106442213058
0.012803871184587479 0.10033752024173737 0.2543836236000061
0.006250844802707434 -0.05776086822152138 -0.25890108942985535
-0.010654676705598831 0.11572696268558502 0.30354389548301697
-0.08192678540945053 0.0936676487326622 -0.09618045389652252
0.009046075865626335 0.1828257292509079 0.24693982303142548
0.14061522483825684 0.07709541916847229 -0.327340692281723
-0.07909365743398666 -0.1797206997871399 0.1616874486207962
-0.11256453394889832 0.34115973114967346 0.48480644822120667
0.0982237458229065 0.028984153643250465 -0.14640672504901886
-0.13575007021427155 0.11212000250816345 0.36750859022140503
0.06501542031764984 0.22965463995933533 0.2634752690792084
-0.017634164541959763 0.11409454792737961 0.294909805059433
-0.15180426836013794 0.02355523779988289 0.31263285875320435
-0.12109193205833435 0.31066879630088806 0.2070169299840927
-0.07659632712602615 0.307961106300354 0.12053453177213669
-0.08313889801502228 0.15785065293312073 0.19610756635665894
0.07933346182107925 0.20268644392490387 0.2781703770160675
-0.05064660310745239 -0.13745781779289246 0.18029741942882538
0.0990995392203331 -0.06367909163236618 -0.1690019816160202
0.20660583674907684 0.037215009331703186 0.18577472865581512
-0.0727960392832756 -0.16463710367679596 0.09640426188707352
-0.007253001909703016 0.059389494359493256 0.26434874534606934
-0.08093913644552231 -0.2180040180683136 -0.6079944968223572
0.0687255859375 0.1248038038611412 0.23774214088916779
-0.07112457603216171 -0.2238713502883911 0.1366996467113495
-0.004730842541903257 0.12993545830249786 0.08247663080692291
0.03043893165886402 0.3214859366416931 0.40286776423454285
0.16776396334171295 0.18127195537090302 0.2693837881088257
-0.08202313631772995 0.060404472053050995 0.24554139375686646
-0.034877363592386246 0.0653863400220871 0.17043083906173706
0.006073270458728075 0.11344988644123077 0.3625872731208801
-0.05411169305443764 0.14701025187969208 0.16734299063682556
-0.05644823610782623 0.43738630414009094 0.4043591022491455
0.1306302696466446 0.2514347732067108 0.3100179433822632
0.04622076079249382 0.2785491943359375 -0.01268591359257698
-0.12502536177635193 0.16938763856887817 0.29598185420036316
-0.15511438250541687 0.07803691178560257 0.3553527891635895
-0.1029629185795784 -0.11359257996082306 0.14933623373508453
-0.057049695402383804 0.28027141094207764 0.3757475018501282
0.0735534206032753 -0.12374541908502579 -0.03620101884007454
0.06508289277553558 0.128593310713768 0.02659439854323864
-0.08064507693052292 0.027998460456728935 0.12537576258182526
-0.0812944546341896 0.06315582990646362 0.14378266036510468
-0.07504192739725113 -0.15521983802318573 -0.32414761185646057
0.008307639509439468 0.03327511250972748 0.18060661852359772
0.06632911413908005 0.1614084094762802 0.0878797248005867
-0.11776363104581833 -0.17050927877426147 0.19255922734737396
-0.02689961902797222 0.20723670721054077 0.3476879298686981
0.027762318029999733 0.10760639607906342 0.05186227336525917
0.18273091316223145 0.09470583498477936 0.16210941970348358
-0.1575857549905777 0.2548034191131592 0.3121064007282257
-0.08065707981586456 0.17634360492229462 -0.13279597461223602
-0.07502368837594986 0.09786948561668396 0.21869701147079468
-0.09894776344299316 0.1258562058210373 0.3161097764968872
-0.1519952416419983 0.16448289155960083 0.2117667943239212
-0.0581168495118618 0.07154779136180878 -0.3333296477794647
0.10577452182769775 0.08352306485176086 0.2450641542673111
0.011143077164888382 0.3548828661441803 0.27342385053634644
-0.060201335698366165 0.10544100403785706 0.2621028423309326
-0.0674271509051323 0.08005829155445099 -0.48608824610710144
-0.020649785175919533 0.0792832225561142 -0.13182899355888367
-0.07371362298727036 0.040848758071660995 0.22353443503379822
-0.01771855168044567 0.501744270324707 0.46991273760795593
-0.08745288103818893 0.41265514492988586 0.3188760280609131
-0.03751436993479729 0.46993839740753174 0.33505651354789734
-0.13791827857494354 0.10527939349412918 0.3373301327228546
-0.10639669001102448 0.3735816478729248 0.27494511008262634
-0.07539587467908859 -0.012466270476579666 0.2110583782196045
-0.04658878967165947 0.13274893164634705 0.20535147190093994
-0.06173612177371979 0.07582511007785797 0.03197823092341423
-0.13516977429389954 -0.25318643450737 -0.35855063796043396
-0.11540846526622772 -0.11210834980010986 0.17206135392189026
-0.07676015794277191 0.016870561987161636 0.298100084066391
0.08739332854747772 0.132740780711174 -0.13247346878051758
-0.04874194785952568 0.08277801424264908 0.247714564204216
-0.013022443279623985 -0.015857363119721413 0.21202929317951202
0.010394947603344917 0.07650922983884811 0.2543471157550812
-0.05846443399786949 0.15294194221496582 0.3006747364997864
-0.025253580883145332 0.08817016333341599 0.2344287633895874
-0.10140062123537064 0.3302633762359619 0.2630099356174469
0.10246749967336655 0.11303424090147018 0.1199510470032692
0.11088565737009048 0.0960167646408081 0.15744560956954956
-0.049413152039051056 0.06995008885860443 0.3052626848220825
-0.08946939557790756 0.277951180934906 -0.05913066864013672
0.03647477552294731 0.14204569160938263 0.22125859558582306
0.0030236649326980114 0.11249489337205887 0.17625905573368073
-0.02720249630510807 -0.019870031625032425 0.20237457752227783
0.07831063866615295 0.1932014375925064 0.31806638836860657
-0.04365850239992142 -0.1653064489364624 0.19603173434734344
-0.04556843265891075 -0.5396609306335449 -0.8311922550201416
0.07142268121242523 0.19010718166828156 0.2459137737751007
-0.08016636222600937 -0.0055048358626663685 0.27233439683914185
0.01828969456255436 -0.05434655398130417 0.028404466807842255
-0.14491872489452362 -0.12262749671936035 0.1251179575920105
-0.22333768010139465 -0.09731395542621613 0.18369822204113007
-0.06557543575763702 0.1857309639453888 0.08439487963914871
-0.06467031687498093 0.1456741839647293 -0.13720664381980896
-0.037621237337589264 -0.03852193057537079 0.11660635471343994
0.19452930986881256 0.12813910841941833 -0.02758908085525036
-0.06592781096696854 0.14550113677978516 0.20591211318969727
0.022699721157550812 -0.006173418369144201 -0.03053206019103527
-0.005546197295188904 -0.34211647510528564 -0.5149808526039124
-0.13373295962810516 -0.012114183977246284 0.15172190964221954
0.016771968454122543 0.23718592524528503 0.33056309819221497
-0.01592201367020607 -0.11308635026216507 -0.3454389274120331
0.12191388756036758 0.1604505032300949 0.03941692039370537
-0.044217001646757126 -0.05086081847548485 -0.38809099793434143
-0.10335537046194077 0.24853843450546265 0.26083555817604065
-0.1248130276799202 -0.30095094442367554 -0.40957072377204895
-0.11369939148426056 0.14774605631828308 0.2870829999446869
-0.06062503159046173 0.16591939330101013 0.21492387354373932
0.0023212446831166744 0.15579378604888916 -0.09027303010225296
0.027360372245311737 0.11248689889907837 0.2998737096786499
0.023028913885354996 0.055266354233026505 0.21477876603603363
-0.0823918804526329 0.3601563572883606 0.2269740104675293
-0.11294212192296982 0.06711314618587494 0.24107623100280762
0.2063734084367752 0.1283397525548935 0.057997364550828934
-0.09319903701543808 0.26100844144821167 0.27743270993232727
-0.024909401312470436 0.40986090898513794 0.43188005685806274
0.12622277438640594 0.5914469957351685 0.5511258840560913
-0.07333330810070038 0.2657843232154846 0.25159355998039246
-0.08889467269182205 0.22720704972743988 0.27770179510116577
-0.0625803992152214 0.04383057355880737 0.24252554774284363
-0.03554745391011238 0.2361706793308258 0.26595380902290344
-0.02520708553493023 0.2739943861961365 -0.025149807333946228
-0.06315025687217712 0.07396658509969711 0.3256451189517975
0.06901556998491287 0.037506308406591415 0.20318178832530975
-0.03753567859530449 0.20468507707118988 0.16016070544719696
0.013771343976259232 -0.8163707256317139 -0.26589763164520264
-0.15096120536327362 -0.015889618545770645 0.23343631625175476
0.09657667577266693 0.049944356083869934 -0.12185315787792206
-0.04730015620589256 0.048237092792987823 0.1669960469007492
0.027179226279258728 0.22357526421546936 0.3790925145149231
-0.09738848358392715 -0.010658305138349533 0.3175506889820099
-0.03904010355472565 0.14149349927902222 0.20677059888839722
-0.01820286549627781 0.20559488236904144 0.2394610345363617
-0.01982807368040085 0.11557622998952866 0.24728094041347504
-0.10564301162958145 0.6513729095458984 0.24998334050178528
0.005234947893768549 0.0867483988404274 0.2589142620563507
-0.024571983143687248 0.09241743385791779 0.2515285909175873
-0.06836581975221634 0.5166662335395813 0.46131330728530884
-0.07807142287492752 0.6361518502235413 0.20663906633853912
-0.0945451632142067 0.07167232036590576 0.2579464912414551
-0.06359044462442398 0.017309341579675674 0.23563846945762634
-0.06630754470825195 -0.26314765214920044 -0.092302106320858
0.12069318443536758 0.18916036188602448 0.13982217013835907
-0.15211181342601776 0.6321889162063599 0.3511349856853485
0.09163695573806763 0.23905402421951294 0.3367071747779846
-0.056769926100969315 0.007504680193960667 0.09265818446874619
-0.08769194036722183 0.14988359808921814 -0.003043200820684433
-0.04265299439430237 0.04208377003669739 0.25006189942359924
-0.08990412950515747 -0.1299254596233368 0.09451013803482056
-0.005651542451232672 0.2082652747631073 0.37087616324424744
-0.09210488200187683 0.3025553822517395 0.2575984299182892
-0.008457617834210396 0.09862285852432251 0.23838567733764648
-0.04174409806728363 0.024215761572122574 0.25808149576187134
-0.03410492464900017 0.13847410678863525 0.0572521798312664
-0.06432757526636124 0.09424108266830444 0.23089581727981567
-0.11086821556091309 0.19716916978359222 0.3034355938434601
-0.06647618860006332 -0.06559555977582932 -0.3832564651966095
-0.042812127619981766 0.22642286121845245 0.2817806303501129
0.013840414583683014 0.25334596633911133 0.398312509059906
-0.12252142280340195 -0.08769922703504562 -0.40820837020874023
0.04313939809799194 0.29546770453453064 -0.08393177390098572
-0.03082866221666336 0.24439528584480286 0.07343789935112
-0.056021738797426224 0.08252682536840439 0.17451433837413788
-0.09690622240304947 0.5319915413856506 0.2901555001735687
-0.04480016231536865 0.4026547074317932 -0.2705305516719818
-0.06487677246332169 -0.11968977004289627 -0.3441128432750702
-0.015120334923267365 0.3709048628807068 -0.13679279386997223
-0.0822957307100296 0.0394115187227726 0.25188905000686646
0.04426450654864311 -0.025569476187229156 0.1508692055940628
-0.058424171060323715 0.15774337947368622 0.1428479701280594
-0.06318055838346481 0.11128052324056625 0.1767079383134842
0.04979611560702324 0.06127268448472023 0.2495308220386505
-0.12866179645061493 0.2763730585575104 0.22680902481079102
-0.045332491397857666 0.18064798414707184 0.19473916292190552
-0.26592811942100525 0.2568802833557129 0.1324089914560318
-0.17353244125843048 0.0024619416799396276 0.23563097417354584
-0.19043870270252228 0.19539882242679596 0.41833600401878357
-0.04139086976647377 -0.033944640308618546 0.21210907399654388
-0.03135859966278076 0.40380242466926575 0.33187198638916016
-0.14117923378944397 0.43868809938430786 0.13171395659446716
0.018048973754048347 0.4639430642127991 0.15080048143863678
-0.04018241539597511 0.08905850350856781 0.3363495171070099
-0.08494599908590317 0.063046395778656 0.283613920211792
-0.06771892309188843 0.0989418774843216 -0.11163201183080673
-0.08729918301105499 0.09578613191843033 -0.04632747173309326
0.09940299391746521 -0.47852176427841187 -0.22016789019107819
-0.05211290344595909 -0.08386071771383286 0.05839559808373451
-0.006340207066386938 0.09322644770145416 0.2703758478164673
-0.11719787120819092 0.19881680607795715 0.3259330093860626
-0.05033347010612488 -0.13230915367603302 -0.060594502836465836
-0.08688123524188995 0.11550728976726532 0.3420882821083069
-0.06067468971014023 -0.036820318549871445 0.27088218927383423
-0.0701928436756134 0.1554526686668396 0.1409280151128769
-0.12219700962305069 0.2422812581062317 0.31711915135383606
-0.07168018817901611 0.26416563987731934 0.20904642343521118
-0.00809919647872448 0.061265118420124054 -0.18534518778324127
-0.06732941418886185 -0.1695401817560196 -0.3771341145038605
-0.08659355342388153 -0.13206584751605988 -0.05979381874203682
-0.07687048614025116 -0.04434613138437271 -0.07226037234067917
-0.0658973753452301 0.009738972410559654 0.2317158728837967
-0.05180798098444939 0.36261019110679626 0.11389508098363876
-0.005844544619321823 -0.0864580050110817 0.17360174655914307
-0.10055912286043167 -0.8489855527877808 -0.38654401898384094
0.06903183460235596 0.16772301495075226 0.22346961498260498
0.03665630519390106 0.18994072079658508 0.4022528827190399
-0.03719186782836914 0.06401928514242172 0.044127609580755234
-0.11668279767036438 0.10141821205615997 0.2534327208995819
0.08638256043195724 -0.08437111228704453 -0.4055923819541931
-0.1466916799545288 0.38830024003982544 0.43672069907188416
0.041758302599191666 0.136301189661026 0.11402823776006699
-0.09369383752346039 -0.005226707551628351 0.32627052068710327
-0.09466015547513962 -0.11858843266963959 -0.014775814488530159
-0.11978521943092346 0.05578821897506714 0.31979894638061523
-0.03675024211406708 0.10464925318956375 0.2372719943523407
0.009693097323179245 0.11151223629713058 -0.03470379486680031
0.03812992572784424 0.1911834478378296 0.2198982834815979
0.039356134831905365 0.11549431830644608 -0.15475767850875854
-0.026690291240811348 -0.10722192376852036 0.26162776350975037
-0.045671235769987106 -0.20421837270259857 -0.11718010157346725
0.019295597448945045 0.12426725029945374 0.2611027657985687
0.016375023871660233 -0.464042067527771 0.009198666550219059
0.04100629314780235 0.3149429261684418 0.2034524381160736
-0.029017657041549683 0.19226786494255066 0.261837363243103
0.02768869884312153 0.3038880228996277 0.25653332471847534
-0.03854306787252426 -0.053177610039711 -0.10979096591472626
-0.06372096389532089 -0.2196052521467209 -0.02672678418457508
-0.002310363110154867 -0.1598280370235443 0.008842173963785172
-0.11428620666265488 0.1978730410337448 0.32798534631729126
0.028828902170062065 0.09318669885396957 0.1516633778810501
0.008012944832444191 0.11319558322429657 0.2896770238876343
0.09160012006759644 -0.037979450076818466 0.0824526697397232
-0.11250421404838562 0.28981462121009827 0.3274672031402588
0.2222881317138672 -0.039430126547813416 -0.04103877767920494
-0.05375077575445175 0.06832689046859741 0.2767389714717865
-0.03601992130279541 0.27631473541259766 -0.20069275796413422
-0.07790214568376541 0.09733057022094727 0.13214826583862305
-0.042069993913173676 0.15169203281402588 0.25955137610435486
-0.1319737285375595 -0.03496301919221878 -0.16707336902618408
-0.08251771330833435 0.00805259682238102 -0.20551709830760956
-0.10450278967618942 0.11041507124900818 0.07895176112651825
-0.017057249322533607 -0.13844576478004456 0.07963944226503372
-0.1379106342792511 0.25440800189971924 0.30222976207733154
0.04523134604096413 0.10512378066778183 0.061887092888355255
-0.004822940565645695 0.12525251507759094 0.3049882650375366
-0.05037093907594681 0.21601994335651398 0.32983696460723877
0.04423524811863899 0.2796052396297455 0.32500651478767395
-0.3383619785308838 -0.062163110822439194 0.16069556772708893
0.054358091205358505 0.13587774336338043 0.27791720628738403
-0.12142612785100937 0.07976605743169785 0.3249680697917938
-0.030550163239240646 0.10344669222831726 0.25929775834083557
0.21564540266990662 0.13730335235595703 0.23491327464580536
-0.04844081029295921 0.10713008046150208 0.26382195949554443
0.10840242356061935 0.06824159622192383 0.1131797730922699
0.16569861769676208 0.06415367126464844 0.2426839917898178
-0.19044728577136993 0.0680331364274025 -0.22472625970840454
0.27801647782325745 0.4015995264053345 -0.14466483891010284
0.013554088771343231 0.019698238000273705 -0.11042078584432602
-0.13094893097877502 0.3223872780799866 0.3446333706378937
0.007497767452150583 -0.07532207667827606 -0.25534331798553467
0.11516096442937851 0.6183586716651917 0.2548981308937073
-0.10337509214878082 -0.1479157954454422 -0.47402262687683105
-0.13393235206604004 0.24805955588817596 -0.02935505285859108
-0.09330903738737106 -0.22010813653469086 -0.011164097115397453
-0.024137066677212715 0.04903970658779144 0.1671745479106903
-0.05055338144302368 -0.04962891712784767 0.002022398170083761
-0.05007932707667351 0.40705984830856323 0.2801503837108612
0.1032615602016449 0.2719808518886566 0.13681158423423767
-0.10955102741718292 0.4017392098903656 0.22582082450389862
-0.0409952811896801 0.09577948600053787 0.22134508192539215
-0.05968747287988663 0.12094424664974213 0.21349889039993286
-0.11940404772758484 0.35190239548683167 0.035407356917858124
-0.07691295444965363 0.05886182561516762 0.31023815274238586
-0.07744727283716202 0.2355087846517563 0.023648176342248917
-0.07979514449834824 0.0810447707772255 0.1538158506155014
-0.11497742682695389 -0.1299915462732315 -0.3761681914329529
-0.10230834037065506 0.10436046123504639 0.21916306018829346
-0.07818616181612015 0.022708509117364883 0.23697982728481293
0.18440590798854828 0.12797950208187103 -0.093873992562294
-0.022690756246447563 0.10957302898168564 0.302305668592453
0.16028115153312683 0.12370647490024567 0.27661046385765076
-0.04978127405047417 -0.23912441730499268 0.08412206172943115
-0.04275612160563469 0.09421936422586441 0.27691859006881714
0.1405976265668869 -0.013595124706625938 -0.31910622119903564
-0.07090328633785248 0.054878126829862595 0.1294894814491272
-0.054640866816043854 -0.055932365357875824 0.16236695647239685
-0.09208624809980392 -0.007754556369036436 0.173691987991333
0.027696829289197922 0.07359709590673447 0.07718561589717865
-0.025963593274354935 0.11809143424034119 0.2997432351112366
0.04716064780950546 0.41468003392219543 0.3315735459327698
0.05092478543519974 0.22780795395374298 0.34844526648521423
0.08704223483800888 -0.3028610944747925 -0.08674466609954834
-0.07196015864610672 0.0986986830830574 0.26415202021598816
-0.14355236291885376 0.06840590387582779 0.3298179507255554
0.2463989555835724 -0.03651151806116104 -0.5953382849693298
-0.06188751012086868 0.110415980219841 -0.04577845335006714
-0.07221565395593643 0.05066903308033943 0.2678820490837097
-0.12603046000003815 -0.02953883819282055 -0.02552081272006035
-0.0938340574502945 0.4583646059036255 0.3966712951660156
-0.07725019752979279 -0.004351337440311909 0.181393101811409
0.13967856764793396 -0.017598263919353485 -0.19699446856975555
-0.027356915175914764 0.2127683013677597 0.1769765317440033
-0.1224609762430191 -0.003184606321156025 0.17848239839076996
-0.0375775545835495 0.10775268822908401 -0.1285274773836136
-0.1381641924381256 0.5042615532875061 0.3739878535270691
-0.059017207473516464 0.5265936851501465 0.48989665508270264
-0.04867462068796158 0.12086068093776703 -0.14516621828079224
-0.020676065236330032 -0.017872996628284454 0.19063517451286316
-0.029345812276005745 0.384823739528656 0.379550039768219
0.0718240961432457 0.03317974507808685 0.0030689097475260496
-0.09124932438135147 0.1390382945537567 0.22561684250831604
-0.2155977040529251 0.7018126249313354 0.1674201488494873
0.017258906736969948 -0.14172598719596863 0.056378841400146484
-0.015974704176187515 0.04176723584532738 0.1475333720445633
-0.004018180072307587 0.184281125664711 0.21466167271137238
-0.14331887662410736 0.2417709082365036 0.2681005299091339
0.025277549400925636 0.17344726622104645 0.18117347359657288
-0.0834503322839737 0.2651713192462921 0.34372591972351074
-0.06854582577943802 -0.08685415238142014 -0.021632174029946327
-0.07166042178869247 -0.41963711380958557 -0.27582982182502747
-0.08736675977706909 0.050845395773649216 0.17293541133403778
-0.12699325382709503 -0.005661584436893463 -0.13135991990566254
0.14346086978912354 0.2177848368883133 0.15518847107887268
-0.07395322620868683 0.11241467297077179 0.10103540122509003
-0.023756394162774086 0.13766466081142426 0.2120227813720703
-0.05584664270281792 0.08060362190008163 0.27165451645851135
-0.0515923947095871 0.11585535109043121 0.27812954783439636
0.04531681910157204 0.05746041610836983 -0.2659805715084076
-0.11321789026260376 0.02100265771150589 0.002891883486881852
-0.035698823630809784 0.04196201637387276 0.30352628231048584
-0.05071920529007912 0.09276559948921204 0.3595673739910126
-0.09599518030881882 0.1286361813545227 0.34312716126441956
0.011469168588519096 0.19293232262134552 0.26892828941345215
0.0012609907425940037 -0.03337126597762108 0.16103610396385193
-0.14672920107841492 -0.17851732671260834 -0.4526621103286743
-0.042710334062576294 0.04697280004620552 0.1823180615901947
-0.013250969350337982 0.30406641960144043 0.16524863243103027
-0.008768942207098007 0.09136512875556946 0.2682618498802185
-0.08276696503162384 0.044613905251026154 0.3101365566253662
-0.04932272061705589 0.03770480677485466 0.21167664229869843
-0.18131797015666962 0.4870087802410126 0.2792423963546753
0.12325477600097656 0.14065945148468018 0.23005160689353943
-0.06362538039684296 0.042924873530864716 0.14293330907821655
-0.04445575177669525 0.1041693463921547 0.11678032577037811
-0.06360267847776413 0.06509862095117569 0.3137529492378235
-0.17448897659778595 -0.30263784527778625 0.12989872694015503
-0.032002441585063934 0.17377537488937378 -0.012149127200245857
-0.06419488787651062 -0.002746397163718939 0.00018654169980436563
-0.03686031699180603 0.07879378646612167 0.2245221734046936
-0.05342710763216019 0.24578163027763367 0.08759090304374695
-0.05578921362757683 0.06272650510072708 0.30083656311035156
-0.008108275011181831 0.1954701840877533 0.2714109420776367
0.006924123037606478 0.12445003539323807 0.2673686444759369
-0.0815662369132042 -0.10236232727766037 0.02320772223174572
-0.02016693539917469 0.05664023756980896 -0.3012487590312958
-0.10841578990221024 0.019695604220032692 0.28858423233032227
-0.09105050563812256 0.03961421176791191 0.2246902734041214
-0.14183412492275238 0.46830257773399353 0.5539478659629822
0.0599144771695137 0.09195809066295624 -0.1685599684715271
-0.05312393233180046 0.03317400813102722 -0.322374165058136
-0.05725794658064842 0.21964381635189056 0.29243525862693787
-0.06782452762126923 -0.08026155084371567 0.11895599961280823
-0.05995258688926697 -0.04577529802918434 0.15959736704826355
0.20671086013317108 0.12809695303440094 -0.17130769789218903
-0.02786008082330227 0.10319934785366058 0.1514929085969925
0.01783747971057892 0.0960831418633461 0.22385625541210175
0.040399473160505295 0.05031471326947212 -0.1856009066104889
0.006555356550961733 0.1159808337688446 0.2962093949317932
-0.061409130692481995 0.26148802042007446 0.4063502252101898
-0.07156608253717422 0.08022153377532959 -0.1984250694513321
-0.10509789735078812 0.11217257380485535 0.24505259096622467
0.06396002322435379 -0.2873513400554657 0.052670057862997055
-0.07508696615695953 0.12820301949977875 0.15587247908115387
0.13340716063976288 0.1342289000749588 -0.4338879883289337
-0.23807452619075775 0.64039146900177 0.2916809022426605
0.025999944657087326 0.14087723195552826 0.2626550495624542
-0.06317931413650513 0.18924933671951294 0.11302070319652557
-0.03544428199529648 0.21434450149536133 0.18538518249988556
-0.09294004738330841 0.08275991678237915 0.28284692764282227
-0.13009575009346008 0.12605969607830048 0.4198152422904968
-0.18858350813388824 0.203446164727211 -0.12647858262062073
2.1601677872240543e-05 0.09509043395519257 -0.17706087231636047
0.1641584187746048 0.10370820760726929 -0.1441912055015564
0.0223217885941267 0.38175275921821594 0.3842810094356537
-0.09341827780008316 0.5625234842300415 0.4319506883621216
0.031624723225831985 0.15503375232219696 0.11241459101438522
-0.08575887233018875 -0.05479533597826958 0.3142299950122833
-0.07862440496683121 0.08628261089324951 0.043412212282419205
-0.08997611701488495 -0.08880302309989929 0.29165923595428467
0.0718456581234932 0.10482999682426453 -0.15623603761196136
-0.015915513038635254 0.1779392808675766 0.3158479630947113
-0.1536095291376114 0.613498330116272 0.3625001609325409
-0.02029130607843399 0.05357753485441208 -0.21499136090278625
0.024895377457141876 -0.06997586786746979 -0.37655162811279297
-0.03668344020843506 -0.2664113938808441 -0.07200171053409576
-0.02057664282619953 0.05662627890706062 0.2521173059940338
-0.012393968179821968 0.29723188281059265 0.2580850124359131
0.0035850044805556536 0.2932097911834717 0.2657592296600342
-0.07064475864171982 0.2776378095149994 0.07481517642736435
-0.08880096673965454 -0.14441461861133575 0.13841558992862701
-0.03132672235369682 0.18961504101753235 0.1314736157655716
-0.05280781537294388 0.049796026200056076 0.263118714094162
-0.030190084129571915 0.11086495965719223 0.03352421894669533
-0.08318416774272919 -0.09069453179836273 0.06934676319360733
-0.16440819203853607 0.09996472299098969 0.2812849283218384
-0.07228877395391464 0.09738471359014511 0.3097209334373474
0.0010385806672275066 0.15843263268470764 0.31321218609809875
-0.03236912563443184 0.10918303579092026 0.2494913786649704
-0.11123111099004745 0.0917433500289917 0.32138994336128235
-0.11515213549137115 -0.11903563141822815 -0.4793144464492798
-0.09436722844839096 -0.1347622573375702 0.19304130971431732
-0.17139239609241486 0.6104509830474854 0.1942145824432373
-0.09017793089151382 0.08237787336111069 0.2856127917766571
0.07829193025827408 0.08315618336200714 -0.5665645599365234
0.03455958142876625 0.28822940587997437 0.3296842873096466
0.025854991748929024 0.10397853702306747 -0.058003950864076614
0.03597135469317436 0.48561275005340576 0.3528272211551666
-0.05233093723654747 0.11744965612888336 -0.022209348157048225
-0.05183468386530876 -0.121021568775177 0.19963136315345764
-0.12687306106090546 0.3816818594932556 0.4002857208251953
-0.050046615302562714 0.05687092989683151 0.13802187144756317
0.08378821611404419 0.37355637550354004 0.5167864561080933
-0.13018062710762024 -0.048752594739198685 0.2774119973182678
-0.04464862868189812 0.05747350677847862 0.27336758375167847
-0.10043510049581528 -0.15624698996543884 -0.09759984165430069
0.009849073365330696 0.09937166422605515 -0.16456912457942963
-0.07566848397254944 -0.415637731552124 -0.3942013084888458
-0.036730121821165085 0.3342148959636688 0.3435632288455963
-0.07864198088645935 0.12872731685638428 0.22492220997810364
-0.017261376604437828 0.2938210666179657 0.2611614763736725
-0.08331617712974548 0.17966051399707794 0.1672401875257492
-0.12100118398666382 0.3398689031600952 -0.12404098361730576
-0.08476408571004868 0.4831654727458954 0.28754472732543945
-0.0809575691819191 0.19508054852485657 0.27195611596107483
-0.06481047719717026 0.09068643301725388 -0.10572028160095215
0.0009674851899035275 0.5280303955078125 0.5436044335365295
-0.04739980772137642 -0.04176265001296997 0.166787251830101
-0.12938137352466583 0.7603662610054016 0.3021245002746582
-0.01584969274699688 0.14111091196537018 0.30702874064445496
0.03013543225824833 0.22340910136699677 -0.019784770905971527
-0.15612459182739258 0.5195655226707458 0.1524147093296051
-0.0703117847442627 -0.057396695017814636 0.148032546043396
-0.08036863058805466 0.11453491449356079 0.1987450271844864
-0.013558568432927132 0.13227993249893188 0.13801534473896027
0.06638062745332718 0.3968718349933624 0.41618579626083374
-0.04257626831531525 0.005005280487239361 0.18550319969654083
-0.09182944148778915 0.19311396777629852 0.3104572892189026
-0.06465555727481842 0.14213331043720245 0.14161501824855804
0.05969098582863808 0.11525189876556396 0.20402012765407562
0.007862823083996773 0.2546316087245941 0.16444732248783112
-0.014674386009573936 0.13731598854064941 0.22913263738155365
-0.10941287130117416 -0.059520043432712555 -0.0605941042304039
0.000555971113499254 0.005370705388486385 0.21750476956367493
-0.10902328044176102 0.2087617814540863 0.30047693848609924
0.07890874147415161 0.15464620292186737 0.07533113658428192
0.10017506778240204 -0.018424615263938904 0.0889027938246727
-0.10469812154769897 0.005112100392580032 0.33772847056388855
-0.05860463157296181 0.0742291510105133 0.18853093683719635
-0.07300721108913422 0.09142458438873291 0.31179115176200867
0.02902943454682827 0.12359627336263657 -0.06994034349918365
-0.0017380586359649897 0.07996904104948044 0.16734391450881958
-0.07749999314546585 -0.1667879819869995 0.034798286855220795
0.23281756043434143 0.027625231072306633 0.1999978870153427
-0.08545256406068802 0.27778542041778564 0.21892474591732025
-0.026059379801154137 -0.04755831137299538 0.1399931013584137
-0.06410982459783554 0.003720358479768038 0.23255419731140137
-0.11523064225912094 -0.05794419348239899 0.1574954092502594
0.025898993015289307 0.07843102514743805 -0.44206419587135315
-0.08473112434148788 -0.26691141724586487 0.08834534883499146
-0.01265195943415165 0.14533081650733948 -0.0004335374105721712
0.0018771858885884285 0.20063884556293488 -0.037778422236442566
-0.0014779299963265657 0.2915709614753723 0.36454686522483826
-0.32182127237319946 -0.4128338396549225 0.06690557301044464
-0.09041976183652878 0.29106900095939636 0.25294029712677
-0.06179831922054291 0.05904117226600647 0.12071888893842697
-0.06626636534929276 -0.1219596192240715 -0.03788643702864647
-0.09775549918413162 0.006361055187880993 0.2617320716381073
-0.03915771096944809 0.1156197115778923 0.16570374369621277
0.002377837896347046 0.31136035919189453 0.12308499217033386
-0.03325725719332695 -0.03355599194765091 0.12296539545059204
-0.021688012406229973 0.3036710321903229 0.07123979181051254
-0.06018822640180588 0.11152661591768265 0.24065037071704865
-0.09177842736244202 -0.19765880703926086 -0.16214853525161743
-0.07651445269584656 0.14801570773124695 0.17729882895946503
-0.09189669042825699 0.04268909990787506 0.19698390364646912
-0.19190002977848053 0.6419367790222168 0.20146547257900238
-0.11702610552310944 0.0029643531888723373 0.3324829638004303
0.07017286866903305 -0.29087549448013306 -0.43202242255210876
-0.06154843419790268 0.04490065947175026 0.2350565791130066
-0.16745945811271667 0.4321042001247406 0.43092048168182373
-0.06144905835390091 0.33382371068000793 -0.17120879888534546
0.09819252043962479 0.09981194883584976 -0.07887385040521622
0.11862126737833023 0.14133460819721222 -0.10217233747243881
-0.15976358950138092 0.31358999013900757 0.306317538022995
-0.1196003183722496 0.32568415999412537 -0.21788649260997772
-0.07551451772451401 -0.1339910328388214 -0.3770623207092285
-0.06450118124485016 -0.17269033193588257 0.08811583369970322
0.11967761069536209 0.4506393074989319 0.4329394996166229
0.06926658004522324 0.13022483885288239 0.16351452469825745
-0.07153850048780441 0.06771773099899292 0.20296530425548553
0.0458725206553936 0.14303536713123322 0.2784833312034607
0.044794075191020966 -0.045613884925842285 0.12103689461946487
-0.08890721946954727 0.03213471919298172 0.20556163787841797
-0.0975179597735405 0.1322568655014038 0.2891630232334137
-0.07206752896308899 0.13350583612918854 0.2614752948284149
0.022443272173404694 0.11628514528274536 -0.03561248630285263
-0.12050745636224747 0.18683922290802002 -0.17546097934246063
-0.06925562024116516 -0.013980187475681305 0.23412449657917023
-0.04903171584010124 0.5898455381393433 0.2654503881931305
-0.0030153277330100536 0.20530538260936737 0.07515589892864227
-0.06136126071214676 0.045647114515304565 0.17665395140647888
-0.055625755339860916 0.09839937090873718 0.30768871307373047
0.11302632093429565 0.14357244968414307 0.2565239369869232
-0.1069413274526596 0.09682576358318329 0.30639299750328064
-0.10202401131391525 -0.17635782063007355 -0.1921858936548233
0.08077310025691986 -0.05786774680018425 -0.04227329418063164
-0.12269148230552673 0.5220677256584167 0.42676055431365967
0.048070650547742844 0.1391545683145523 -0.2741398513317108
-0.12071961909532547 0.21910668909549713 0.244886577129364
-0.03439711779356003 0.14856237173080444 0.24686740338802338
-0.05896581709384918 0.0765250027179718 0.2418772578239441
-0.07273205369710922 0.12904435396194458 0.3393871784210205
-0.012023406103253365 -0.35502684116363525 -0.02590915933251381
0.11077011376619339 0.08919807523488998 0.25184157490730286
0.15054616332054138 0.09398403763771057 -0.19282270967960358
-0.05680450424551964 0.06086335703730583 0.3281286358833313
-0.24288508296012878 0.5643938183784485 0.41498756408691406
-0.02362908609211445 -0.3609669506549835 -0.3745739758014679
-0.09609813988208771 0.30437996983528137 0.16043657064437866
-0.08781880140304565 -0.170090913772583 0.02864019013941288
0.040414951741695404 0.3051868975162506 0.2832377254962921
-0.0004835226573050022 0.07550518214702606 0.17589044570922852
0.055158551782369614 0.05496635288000107 -0.1839316189289093
-0.07538383454084396 0.14748907089233398 -0.11121279746294022
0.07307606190443039 0.2048749029636383 -0.11634047329425812
-0.02390526980161667 -0.05766571685671806 0.14045338332653046
-0.005743101239204407 0.03717725723981857 0.25981801748275757
-0.023386895656585693 0.04038482531905174 0.19657449424266815
0.0009433068917132914 0.28983074426651 0.006788879632949829
0.18153414130210876 0.2811349034309387 0.12451495230197906
-0.0738602802157402 0.11256392300128937 0.08173703402280807
-0.020639361813664436 0.04323899745941162 0.24029821157455444
-0.20636813342571259 0.17627987265586853 0.2726590931415558
-0.1267777681350708 -0.11142798513174057 0.12377375364303589
-0.03667624294757843 0.21039718389511108 0.38582661747932434
-0.056527119129896164 0.09181201457977295 0.27824684977531433
0.09092666208744049 0.4623667001724243 0.10334319621324539
-0.0731002539396286 0.09100993722677231 0.18061715364456177
-0.10513778775930405 -0.14361964166164398 0.23063524067401886
-0.05391491949558258 0.06340599060058594 0.26180002093315125
-0.05305730924010277 0.15454953908920288 0.1576932966709137
-0.17512354254722595 0.6184826493263245 0.545749843120575
-0.026084039360284805 0.1600235253572464 0.30178019404411316
-0.06558486819267273 -0.4305979907512665 0.08173419535160065
-0.0944264680147171 0.0765380859375 -0.08148173987865448
-0.014741536229848862 0.12673303484916687 0.1526896208524704
-0.13847994804382324 0.33703064918518066 0.35495027899742126
-0.03256022930145264 0.1198565661907196 -0.26448315382003784
-0.0703091099858284 0.09261135011911392 0.12085563689470291
-0.02463296614587307 0.27583035826683044 0.3537166714668274
-0.12080257385969162 0.31278282403945923 0.3740711808204651
-0.0370463989675045 0.0771806463599205 0.15024195611476898
0.16954192519187927 0.14972937107086182 0.010816756635904312
-0.09197751432657242 0.17160645127296448 -0.10638542473316193
0.04211956635117531 -0.09612128138542175 0.1938399374485016
-0.049457449465990067 0.14095740020275116 0.07071138173341751
-0.03298310190439224 0.10596336424350739 -0.1460328847169876
0.1353745460510254 -0.019953567534685135 -0.3383153975009918
-0.10496842861175537 -0.08685531467199326 -0.15218804776668549
-0.19436025619506836 0.4752247631549835 0.1991260051727295
-0.04642961546778679 0.05883318930864334 0.27669721841812134
-5.757319740951061e-06 0.12672801315784454 0.0967952087521553
0.049933504313230515 -0.035654615610837936 0.1376274675130844
-0.06594160199165344 0.06313930451869965 -0.2272849977016449
0.061214134097099304 0.2925019860267639 0.40245145559310913
-0.06224709004163742 0.25318482518196106 0.36031317710876465
-0.12554340064525604 -0.1509777456521988 -0.953255832195282
-0.13624782860279083 -0.13271412253379822 0.17647062242031097
-0.10957581549882889 0.059985946863889694 0.20079553127288818
-0.012591470032930374 0.044046271592378616 0.1281408816576004
-0.07403527945280075 0.06364944577217102 0.2592509984970093
-0.141210675239563 0.3462870121002197 0.30083853006362915
0.1920442283153534 0.005112304352223873 0.11695022135972977
-0.1117834821343422 0.24938642978668213 0.27633166313171387
-0.017053568735718727 0.15030840039253235 0.23725511133670807
0.0682341679930687 0.19432440400123596 0.10917120426893234
0.10611864924430847 0.20039428770542145 0.2922796607017517
-0.11272682994604111 0.1398468017578125 0.20010371506214142
0.03763195499777794 0.06424995511770248 0.24146772921085358
-0.05460689961910248 0.14442048966884613 0.3016849756240845
0.041473302990198135 0.18188776075839996 0.044202666729688644
-0.08882854878902435 0.3627319037914276 0.42267000675201416
-0.07994280010461807 0.09435266256332397 0.2957812547683716
-0.10998235642910004 -0.17551714181900024 -0.299314945936203
0.014390505850315094 0.1556120067834854 0.1961095929145813
0.008791808038949966 0.15488170087337494 0.0633447915315628
-0.004603910725563765 0.272598534822464 0.04602651670575142
-0.09308920055627823 0.00023941067047417164 0.3063063323497772
-0.05796211212873459 0.26140910387039185 0.26892518997192383
-0.05073896795511246 0.1564364731311798 0.04619503393769264
-0.06816410273313522 0.008266732096672058 0.2964249551296234
-0.04892339929938316 -0.18829387426376343 0.14096595346927643
0.018125899136066437 0.19162879884243011 0.14639230072498322
-0.01233924925327301 0.12624481320381165 0.25396817922592163
0.16607974469661713 -0.520471453666687 -0.43106648325920105
0.013328509405255318 0.05392070487141609 0.12132437527179718
-0.027528980746865273 0.03190198168158531 0.07084207236766815
-0.14364664256572723 0.08969137072563171 0.32361698150634766
-0.06478441506624222 0.08856769651174545 0.3492448031902313
0.12511469423770905 0.16946430504322052 0.29254958033561707
0.03443402424454689 0.06132165342569351 0.10432425141334534
-0.06418905407190323 0.03209175169467926 0.06109808012843132
-0.041933655738830566 0.18377172946929932 0.30961889028549194
0.0602378249168396 0.1804725080728531 -0.21807861328125
0.03318564221262932 0.18592683970928192 0.1725972443819046
0.10187481343746185 0.21569311618804932 0.10932827740907669
-0.09617667645215988 0.10689115524291992 0.05991480499505997
