ply
format ascii 1.0
element vertex 2048
property float x
property float y
property float z
end_header
0.2350931465625763 -0.12633542716503143 -0.16520895063877106
-0.023686302825808525 -0.20664025843143463 -0.021727759391069412
0.060196392238140106 -0.3151613175868988 -0.034286778420209885
0.10613798350095749 -0.3343922793865204 -0.055800698697566986
-0.0074925352819263935 -0.3452887237071991 -0.0037799677811563015
0.2095998227596283 -0.13526859879493713 -0.10564715415239334
0.28149768710136414 -0.35063329339027405 -0.018232807517051697
0.2846268117427826 0.1951623260974884 0.18763287365436554
-0.0153385940939188 -0.31494370102882385 -0.07798894494771957
0.055559832602739334 -0.32964223623275757 -0.027804812416434288
0.013180933892726898 -0.20448368787765503 0.2850305438041687
0.00032773532439023256 -0.19078542292118073 -0.09923141449689865
0.11874575167894363 -0.305785208940506 0.030603135004639626
0.007902262732386589 -0.24856334924697876 0.09100829064846039
-0.09416160732507706 -0.06171822175383568 0.09756404161453247
-0.013610053807497025 -0.2755761444568634 0.054163429886102676
0.1024046242237091 -0.1636602282524109 0.19068457186222076
-0.13637690246105194 0.12837599217891693 0.0802604928612709
0.030689673498272896 -0.29647818207740784 -0.2472876012325287
0.14329300820827484 -0.24325212836265564 -0.05331512168049812
0.029695924371480942 -0.2093859314918518 -0.1625981628894806
-0.059203021228313446 -0.3692050576210022 0.006211766041815281
-0.041840918362140656 0.10416074842214584 0.475030779838562
-0.23925936222076416 -0.14764738082885742 0.07262948155403137
0.3075297176837921 0.03336167708039284 -0.161679208278656
-0.14021365344524384 -0.24283485114574432 -0.2761082351207733
-0.29275649785995483 -0.22732661664485931 0.12429070472717285
0.1657545268535614 -0.097221739590168 0.08496628701686859
0.02093409188091755 -0.30160173773765564 -0.14053890109062195
0.12466998398303986 -0.33403828740119934 0.07428521662950516
0.13820837438106537 -0.15350821614265442 0.052204430103302
0.06079466640949249 -0.252919465303421 0.025961002334952354
0.01196635328233242 -0.2766810655593872 -0.07881424576044083
-0.1451629102230072 0.05965287610888481 0.163530170917511
0.16143737733364105 -0.3181381821632385 0.06205883249640465
-0.1625967025756836 0.036494966596364975 0.3148692548274994
-0.05162703990936279 -0.21727611124515533 -0.08944355696439743
0.0359145887196064 -0.16317611932754517 0.20967616140842438
-0.014936208724975586 -0.05209407955408096 0.10984304547309875
0.0937059298157692 -0.35932493209838867 0.018450960516929626
0.0361609049141407 -0.22687046229839325 0.17313222587108612
0.1501607894897461 -0.04561156406998634 0.14170238375663757
0.04661079868674278 -0.3211982250213623 0.11157139390707016
0.19232159852981567 -0.3059476315975189 0.052030909806489944
-0.23749537765979767 -0.14830262959003448 0.2399861216545105
0.2543054521083832 -0.22907640039920807 -0.05213460698723793
-0.09278526157140732 -0.20254866778850555 0.18981756269931793
-0.3230740427970886 -0.25890862941741943 0.06584212929010391
0.06965208798646927 -0.3164731562137604 -0.10505383461713791
-0.1251288503408432 -0.24017855525016785 0.1590334177017212
-0.02203023061156273 -0.03389499709010124 -0.15888559818267822
-0.015373330563306808 -0.30612629652023315 -0.1374303251504898
-0.2281448394060135 -0.11379484832286835 -0.15269511938095093
-0.12057993561029434 -0.3434218466281891 -0.01917296275496483
0.19041550159454346 -0.27540305256843567 0.05987740308046341
0.21018609404563904 -0.2995516061782837 -0.12873825430870056
-0.026781566441059113 -0.2638987600803375 0.1285053789615631
0.14574384689331055 -0.30999910831451416 0.07949333637952805
0.31070616841316223 -0.136662095785141 0.030933663249015808
0.10558856278657913 -0.15445899963378906 0.17814326286315918
-0.20820589363574982 -0.1718684732913971 0.060889601707458496
0.10366114228963852 -0.30433982610702515 -0.034251946955919266
-0.06214992702007294 -0.2723199725151062 0.03239697217941284
-0.07929335534572601 -0.17923928797245026 0.028483735397458076
0.07493964582681656 -0.16202384233474731 -0.013690980151295662
-0.046770382672548294 -0.31719475984573364 -0.07190998643636703
-0.03132779896259308 -0.15902982652187347 0.11717946082353592
0.08170223981142044 -0.3227558434009552 0.031255368143320084
-0.1044144257903099 -0.16296987235546112 0.09379255026578903
-0.0006532394327223301 -0.3153146505355835 -0.11230666935443878
-0.35792985558509827 -0.2739906311035156 0.023011602461338043
-0.03740076348185539 -0.18377047777175903 -0.2327278107404709
-0.009644126519560814 -0.3065913915634155 -0.0754384770989418
-0.05543132126331329 -0.2245301902294159 0.14810605347156525
-0.1963728815317154 -0.2305978685617447 0.09166873246431351
-0.25161293148994446 -0.28938472270965576 0.08983682096004486
0.06904682517051697 -0.31673896312713623 -0.19776882231235504
0.02385183982551098 -0.0036161504685878754 0.22824576497077942
0.21292106807231903 -0.3025263547897339 -0.09464302659034729
-0.26126086711883545 -0.062164563685655594 0.24570254981517792
-0.04669440537691116 -0.022542456164956093 0.07811739295721054
0.0449586883187294 -0.29280221462249756 -0.020693231374025345
-0.18223349750041962 -0.2246054857969284 -0.05485419183969498
0.0145531315356493 -0.14947199821472168 0.2840156853199005
0.12431113421916962 -0.17864887416362762 0.14288873970508575
0.16497920453548431 -0.07334201037883759 0.029628468677401543
0.0030073595698922873 -0.3526706397533417 -0.0039419266395270824
-0.03825298696756363 -0.28630319237709045 -0.35676053166389465
-0.08333829045295715 -0.3149148225784302 0.053330980241298676
0.20939254760742188 -0.2544459402561188 0.0451238676905632
0.3532809317111969 -0.24480633437633514 0.012947076931595802
0.3487655520439148 -0.24663783609867096 0.004526213742792606
-0.02909964881837368 -0.06145572289824486 0.20359595119953156
-0.08725382387638092 -0.3229144215583801 -0.08928469568490982
-0.24944356083869934 -0.19101418554782867 0.19826684892177582
0.25334012508392334 -0.1702243834733963 0.1898028701543808
-0.2453371286392212 -0.18619702756404877 -0.28113043308258057
-0.18001043796539307 -0.1813776046037674 0.09611932933330536
0.2651253640651703 -0.28674569725990295 -0.0039561050944030285
0.1843552142381668 -0.31818056106567383 0.29571354389190674
-0.4669061303138733 0.1603807806968689 -0.18030190467834473
-0.2203923761844635 -0.14847826957702637 -0.00422359723597765
-0.008810499683022499 -0.17071954905986786 0.31793341040611267
0.04467453062534332 -0.19242645800113678 -0.4969432055950165
0.17040029168128967 -0.17973902821540833 -0.0461781807243824
0.07449899613857269 -0.19974562525749207 0.032127246260643005
-0.08384250104427338 -0.008640987798571587 0.20800815522670746
0.14746449887752533 -0.31427913904190063 0.030971819534897804
-0.01611223630607128 -0.28124117851257324 0.004745529964566231
-0.0028986106626689434 -0.2092800736427307 -0.3017784059047699
0.11098259687423706 -0.11698132753372192 0.05812986567616463
0.11608538031578064 -0.11456186324357986 0.0394364632666111
0.040188245475292206 -0.25152647495269775 -0.23480676114559174
-0.12238768488168716 -0.2562812566757202 -0.0789698138833046
0.06735952198505402 -0.3118995726108551 0.07446994632482529
-0.061352841556072235 -0.08942117542028427 -0.054578717797994614
0.06810503453016281 -0.12480799108743668 0.014934821054339409
0.10673283785581589 -0.27677035331726074 -0.2723744511604309
0.19066070020198822 -0.20424628257751465 -0.13088852167129517
-0.02926364541053772 -0.11126682162284851 0.021924275904893875
-0.1604909896850586 -0.2473045140504837 0.15451985597610474
0.005027942359447479 -0.24650780856609344 -0.23279617726802826
-0.011712003499269485 -0.34159523248672485 -0.0483437143266201
0.24190914630889893 -0.25424760580062866 0.11866380274295807
-0.02873152308166027 -0.051742952316999435 0.2983130216598511
-0.15167109668254852 -0.13018210232257843 -0.1422320008277893
-0.1845713108778 -0.19419972598552704 -0.05552869662642479
0.014900414273142815 -0.30201610922813416 0.021371234208345413
0.08298161625862122 -0.14834311604499817 0.18519143760204315
0.04260403662919998 -0.10598248243331909 0.15213577449321747
0.12222975492477417 -0.32666662335395813 -0.06450670212507248
0.1818169355392456 -0.14797115325927734 -0.013839641585946083
0.346144437789917 -0.28116950392723083 -0.03447108343243599
-0.03948980197310448 -0.29695969820022583 -0.10293936729431152
0.1241307258605957 -0.011408604681491852 0.06136239320039749
0.02878481335937977 -0.2942914664745331 0.1752900779247284
0.05729296803474426 -0.12005960941314697 0.12273919582366943
-0.1848136931657791 -0.18334341049194336 0.1918748915195465
-0.09572424739599228 -0.23693545162677765 -0.27606841921806335
-0.17571879923343658 0.10292715579271317 0.4150823652744293
-0.0012190316338092089 -0.022747818380594254 -0.021946027874946594
0.11907404661178589 -0.2990977466106415 -0.1580859124660492
0.11640382558107376 -0.3181721270084381 0.08134042471647263
0.045686572790145874 -0.22404928505420685 0.04674885794520378
-0.26753419637680054 -0.256279319524765 -0.2504599094390869
0.05570673197507858 -0.2844844460487366 0.08010473102331161
-0.14177608489990234 -0.2800326347351074 -0.1585501730442047
-0.013376154005527496 -0.3337591886520386 -0.08851342648267746
0.19708454608917236 -0.3216036856174469 0.08933497220277786
0.18972544372081757 -0.03918621689081192 0.20391477644443512
0.2150503545999527 -0.25508683919906616 -0.171928271651268
0.07073201984167099 -0.2918071448802948 0.044284410774707794
-0.18221081793308258 -0.27239900827407837 -0.2208675593137741
-0.08819993585348129 -0.3075835704803467 0.03205689787864685
0.08003852516412735 -0.27438271045684814 0.12145223468542099
-0.18685685098171234 -0.2760355472564697 -0.21200670301914215
-0.07560253143310547 -0.2847863435745239 0.13645322620868683
0.009752016514539719 -0.32169783115386963 -0.09768381714820862
-0.14233596622943878 -0.33169281482696533 -0.007686434779316187
0.0031026131473481655 -0.08552505075931549 0.05222674086689949
-0.13007064163684845 -0.22948893904685974 0.10272379964590073
0.012777227908372879 -0.11005377024412155 -0.014656594023108482
0.06459780037403107 -0.15439386665821075 0.14261382818222046
-0.1370767205953598 -0.14622683823108673 0.23542317748069763
-0.17618298530578613 -0.333247572183609 0.08438083529472351
0.08957008272409439 -0.3056616187095642 0.029417479410767555
-0.8148558139801025 -0.18215422332286835 -0.00948278233408928
0.15458109974861145 -0.10292984545230865 0.025271935388445854
0.02932269312441349 -0.20581179857254028 -0.029439324513077736
-0.083663709461689 -0.32200151681900024 -0.11466552317142487
-0.2596774101257324 -0.005226911045610905 -0.20665228366851807
0.1995750367641449 -0.2983205318450928 -0.12785059213638306
0.050341326743364334 -0.18004882335662842 0.2651512622833252
0.08636239171028137 -0.39159491658210754 0.1103225126862526
0.12488143146038055 -0.12624381482601166 0.35011720657348633
0.12358162552118301 -0.07729430496692657 0.10759995132684708
-0.1102551743388176 -0.2675931751728058 0.11460264772176743
0.08210762590169907 -0.312821626663208 0.05341051146388054
0.21472114324569702 -0.28827375173568726 0.029627040028572083
-0.18078936636447906 -0.23939427733421326 -0.21130287647247314
0.02181617170572281 0.06263511627912521 0.04968731477856636
0.13829739391803741 0.13387688994407654 -0.04422098770737648
0.008909941650927067 -0.30381372570991516 0.11385029554367065
0.140401229262352 -0.0357874259352684 -0.0034131109714508057
-0.2440539449453354 -0.08579519391059875 -0.29068055748939514
0.25046902894973755 -0.2968495190143585 0.05803774669766426
0.10679100453853607 -0.15062107145786285 0.11436985433101654
0.16251108050346375 0.08303426206111908 0.2582370638847351
-0.09696772694587708 -0.05344691500067711 -0.2043582946062088
0.029790537431836128 -0.42494213581085205 0.042023561894893646
-0.03413648158311844 -0.32575082778930664 0.06907548755407333
-0.0054354602470994 -0.29939591884613037 -0.09040337800979614
-0.1227891743183136 -0.25404092669487 -0.21659661829471588
0.21743640303611755 -0.28390756249427795 0.0915745422244072
-0.0032885693944990635 -0.24059465527534485 -0.02526155859231949
-0.18803249299526215 -0.21348963677883148 0.003499892307445407
-0.17215557396411896 -0.28747323155403137 0.11550761014223099
-0.04643993452191353 -0.3392403721809387 0.030088838189840317
0.07782299816608429 -0.3164256513118744 -0.027071135118603706
0.4419885277748108 -0.31594032049179077 -0.06934694200754166
0.06311448663473129 0.03208375722169876 0.10932173579931259
0.13161790370941162 -0.1452787071466446 0.12770439684391022
0.0997001975774765 -0.29012125730514526 0.05749882757663727
-0.1931842565536499 -0.2111024260520935 -0.040624603629112244
-0.34916460514068604 -0.23045752942562103 0.01616656593978405
-0.25220221281051636 -0.09844831377267838 -0.16241784393787384
-0.0050225891172885895 -0.2850264012813568 -0.30968931317329407
0.19198554754257202 -0.3293185234069824 0.07129982113838196
-0.020126184448599815 -0.25931137800216675 -0.03183118999004364
0.1386437565088272 -0.20344269275665283 0.06878778338432312
0.15107853710651398 -0.2716101408004761 -0.14207866787910461
0.14666500687599182 -0.026654936373233795 0.10577577352523804
-0.11781231313943863 -0.04611346498131752 0.3436320722103119
0.10125911980867386 -0.2181227058172226 0.17132943868637085
-0.17817124724388123 -0.15133549273014069 -0.15939542651176453
0.1317550390958786 -0.3188058137893677 -0.0028108125552535057
0.1475425660610199 -0.2675275504589081 0.029526591300964355
0.005477167200297117 -0.30284231901168823 -0.15980295836925507
0.08990857005119324 0.010654464364051819 0.12219183146953583
0.23035450279712677 -0.16119007766246796 -0.032946497201919556
0.22584235668182373 -0.011365270242094994 0.31355753540992737
0.14340361952781677 -0.28927892446517944 -0.18883110582828522
-0.12194950133562088 -0.07748148590326309 0.05429469794034958
0.03286772966384888 -0.28952091932296753 0.007019729819148779
-0.0623125284910202 -0.21426993608474731 0.11072437465190887
-0.09255428612232208 -0.16150157153606415 0.2194637954235077
0.008773291483521461 -0.07506543397903442 0.20861123502254486
0.06558941304683685 -0.25373023748397827 -0.23605658113956451
0.14170362055301666 -0.11348975449800491 0.11681591719388962
-0.06934837251901627 -0.12863031029701233 0.3256566822528839
-0.23581218719482422 0.08487486094236374 -0.06793520599603653
0.15860289335250854 0.08895377069711685 0.1921304166316986
-0.03655657172203064 -0.3487812280654907 -0.05604769289493561
0.0706997886300087 -0.16335369646549225 -0.18921063840389252
0.16378943622112274 -0.1660386323928833 0.13910172879695892
-0.05365736782550812 -0.33830469846725464 0.07264921069145203
-0.017754465341567993 -0.10445109754800797 -0.01622067578136921
0.07159474492073059 -0.22954963147640228 0.11557497084140778
-0.033015891909599304 -0.2613365650177002 0.01777925156056881
-0.1785183697938919 -0.19779396057128906 0.08984913676977158
0.05698426067829132 -0.29990753531455994 -0.2334912270307541
-0.1702304631471634 0.004728107713162899 0.12705732882022858
-0.13462506234645844 -0.3575116991996765 -0.005303008947521448
0.2567470371723175 -0.12068075686693192 -0.05924553424119949
-0.04440596327185631 -0.13439741730690002 -0.06146996095776558
0.020229609683156013 -0.2561708688735962 -0.06560300290584564
-0.3870220482349396 0.3377944231033325 0.1360427737236023
0.01376432180404663 -0.07498065382242203 0.0784432664513588
0.0011127310572192073 -0.19675984978675842 0.012344902381300926
0.13614396750926971 -0.2748090624809265 0.004471309948712587
0.12889428436756134 -0.29290473461151123 0.04526403918862343
-0.08065614104270935 -0.0004713209345936775 0.22228595614433289
-0.1060028225183487 -0.29939064383506775 0.24871279299259186
-0.2849149703979492 -0.21007139980793 0.06989756226539612
-0.1025187149643898 -0.3161522448062897 -0.10485837608575821
0.0830465704202652 -0.16104714572429657 0.00045109575148671865
0.02890652045607567 -0.3297870457172394 -0.07834727317094803
0.15141654014587402 -0.32324284315109253 0.036904461681842804
-0.04241599515080452 -0.20274759829044342 -0.005716194864362478
-0.034546516835689545 -0.22938919067382812 0.023161815479397774
-0.030044380575418472 -0.2727093994617462 0.10542889684438705
0.043785497546195984 -0.07988085597753525 0.04768409579992294
0.057408303022384644 -0.2760661542415619 0.053018756210803986
0.12325666844844818 -0.28924694657325745 0.15133041143417358
-0.05120818316936493 -0.30685755610466003 -0.10357284545898438
0.07587002962827682 -0.31090307235717773 -0.10334140807390213
0.07145670056343079 -0.08281604945659637 0.009979436174035072
0.12414972484111786 -0.24549217522144318 0.1882696896791458
0.0025938742328435183 -0.2940518856048584 -0.05852062627673149
0.10356345027685165 -0.31019532680511475 -0.09509623050689697
-0.014130981639027596 -0.33556756377220154 -0.0029888940043747425
0.14648960530757904 -0.1648678034543991 -0.019607575610280037
0.08023850619792938 -0.2827862501144409 0.07679766416549683
0.11227983981370926 -0.05040861666202545 0.055911190807819366
0.034759245812892914 -0.14092785120010376 0.24065890908241272
-0.12066525220870972 -0.2257630079984665 -0.12665902078151703
-0.01497272402048111 -0.15950606763362885 0.18612456321716309
0.009750865399837494 -0.14129087328910828 0.1276640146970749
0.07232334464788437 -0.05981398746371269 0.19151930510997772
0.141337588429451 -0.04664205014705658 0.2242024540901184
0.07364620268344879 0.03712936118245125 0.18369069695472717
0.05797269940376282 -0.32799527049064636 -0.0024430756457149982
-0.07774750888347626 -0.29991430044174194 -0.061046164482831955
-0.09082377701997757 -0.3036288022994995 0.10774629563093185
-0.11468805372714996 -0.293964684009552 -0.11438256502151489
0.05572975426912308 -0.22631807625293732 0.19644024968147278
0.21290624141693115 -0.11642100661993027 -0.12337123602628708
-0.15642064809799194 -0.14794883131980896 -0.18135343492031097
-0.17236728966236115 -0.26053163409233093 0.09396596997976303
0.14113755524158478 -0.2219897210597992 -0.028040338307619095
0.07734600454568863 -0.2376902848482132 -0.015170661732554436
-0.08214248716831207 -0.20321042835712433 -0.10783886164426804
0.1839125156402588 -0.23627273738384247 0.013836406171321869
0.13541221618652344 -0.2909676730632782 -0.09770824760198593
-0.12563936412334442 -0.23512409627437592 0.14258091151714325
-0.1337149292230606 -0.2837400436401367 0.03539847582578659
-0.013028373941779137 -0.11312135308980942 0.17898936569690704
0.1044188141822815 -0.2967706620693207 -0.16425250470638275
-0.30108147859573364 -0.32222577929496765 0.12437580525875092
-0.19465142488479614 -0.42713066935539246 0.12964685261249542
0.15904070436954498 -0.3046340048313141 -0.09061653167009354
0.11577713489532471 -0.2961524724960327 0.022434957325458527
-0.024849938228726387 0.019666019827127457 0.1739584058523178
-0.09957128763198853 -0.088943712413311 0.06529772281646729
0.06415818631649017 -0.3063261806964874 -0.1680186539888382
-0.018445806577801704 -0.29773369431495667 0.041761983186006546
0.1005483940243721 -0.12593035399913788 0.1025463417172432
0.07925306260585785 -0.11835803836584091 0.10495970398187637
-0.3222399055957794 -0.33214494585990906 0.1003718301653862
0.05699945241212845 -0.3093920052051544 -0.07785197347402573
-0.506511390209198 0.4559824764728546 -0.012653443962335587
0.08257463574409485 0.06305539608001709 0.2054334431886673
0.08094386756420135 -0.30719757080078125 -0.15070514380931854
0.12855231761932373 -0.33685630559921265 0.04690687358379364
-0.16364118456840515 -0.14614953100681305 -0.13030777871608734
-0.011797567829489708 -0.26631560921669006 0.06806043535470963
-0.2607259154319763 -0.03475557640194893 0.0018039146671071649
-0.08622260391712189 -0.29239776730537415 0.07326609641313553
0.09888289868831635 -0.22591623663902283 0.05779622122645378
0.07869549095630646 -0.15232759714126587 -0.01915174536406994
-0.01325671561062336 -0.1471676081418991 -0.09002375602722168
-0.07692679762840271 -0.3071642816066742 -0.09660226106643677
-0.30830931663513184 -0.058348093181848526 0.2223404347896576
-0.2722978889942169 -0.15662480890750885 -0.29540637135505676
0.043991025537252426 0.010217355564236641 0.3307574391365051
-0.0695369765162468 -0.12712512910366058 -0.13414233922958374
0.21930810809135437 -0.20580005645751953 -0.09488896280527115
0.10248778760433197 -0.24031399190425873 -0.0028808778151869774
-0.3972645401954651 -0.08202090859413147 -0.14246703684329987
-0.000771788414567709 -0.1892877221107483 -0.002421421930193901
0.09521342068910599 -0.2999727725982666 0.10060706734657288
0.05629182234406471 -0.11746744066476822 0.2087569385766983
0.10976225882768631 -0.2960558533668518 -0.25407320261001587
0.040128327906131744 -0.2856176495552063 0.11371022462844849
0.18136551976203918 -0.26906049251556396 -0.09464288502931595
-0.03526097163558006 -0.3711058497428894 0.12375456094741821
-0.01185586117208004 -0.2972978353500366 -0.02542930282652378
0.11749358475208282 -0.22294043004512787 0.2306746542453766
0.2353542447090149 -0.05729803442955017 0.09384279698133469
-0.008979858830571175 -0.04707085341215134 0.10336422175168991
-0.06901130080223083 -0.14426995813846588 -0.13744190335273743
0.12284905463457108 -0.0399087518453598 -0.19458407163619995
-0.08335576206445694 -0.2567707598209381 -0.2955833077430725
0.03491251543164253 -0.335099458694458 -0.09654112160205841
0.028495457023382187 -0.307242751121521 -0.14575286209583282
0.04625711217522621 -0.21864940226078033 -0.08399506658315659
0.03520567715167999 -0.30610427260398865 -0.02758454531431198
-0.13930724561214447 -0.26091262698173523 0.05983906611800194
-0.01371648721396923 -0.2634117305278778 0.10699767619371414
0.24168621003627777 -0.09426098316907883 0.2026437222957611
0.03799737989902496 -0.3319947123527527 0.00047337100841104984
0.19213029742240906 -0.18095846474170685 0.12381087988615036
-0.0350787453353405 -0.18170852959156036 0.1558183878660202
-0.21706731617450714 -0.11598090827465057 0.40064647793769836
0.04094187170267105 -0.3413114547729492 0.03936821222305298
-0.12433817237615585 -0.1333589404821396 -0.21124579012393951
-0.05399823561310768 -0.11404234170913696 -0.0892086923122406
-0.3422250747680664 -0.1333823949098587 0.012212550267577171
0.2084966003894806 0.21348604559898376 0.5206940770149231
0.2680000364780426 -0.02957843989133835 0.23953594267368317
0.1610477715730667 -0.2534891664981842 -0.17775344848632812
0.07532880455255508 -0.24935382604599 -0.5329405665397644
0.09653446823358536 -0.039139654487371445 -0.13174080848693848
-0.1871817708015442 -0.29470208287239075 -0.10410371422767639
0.07097440212965012 -0.21086885035037994 0.06762605160474777
-0.13019776344299316 -0.1914442628622055 -0.10883356630802155
0.08695580065250397 -0.34274932742118835 -0.0045950026251375675
-0.12158790230751038 0.11800185590982437 0.07092178612947464
-0.023038651794195175 -0.07955674827098846 -0.02033717930316925
0.0018029854400083423 -0.38469889760017395 0.4152468144893646
0.04953861981630325 -0.30677905678749084 -0.10811594873666763
0.14328767359256744 -0.04876489192247391 -0.006371789146214724
-0.1214800626039505 -0.1763092577457428 0.2408447563648224
-0.12458427995443344 -0.24165019392967224 -0.28422799706459045
0.026954783126711845 -0.21415743231773376 0.13961774110794067
0.16106045246124268 -0.1798119992017746 0.07502435147762299
0.21415023505687714 -0.32113245129585266 -0.24359427392482758
-0.4215780198574066 -0.23394563794136047 -0.3580924868583679
0.09670545160770416 -0.3425975739955902 0.08050654083490372
-0.1061399057507515 -0.03601520508527756 -0.0654517412185669
-0.21543018519878387 -0.003863008227199316 0.1278540939092636
-0.14386232197284698 -0.17943254113197327 -0.06490153074264526
-0.0008092753123492002 -0.2730232775211334 -0.16511502861976624
0.07044936716556549 -0.28726086020469666 -0.28762489557266235
0.10401437431573868 -0.21774610877037048 -0.06049060449004173
-0.00956030935049057 -0.24853894114494324 0.10285388678312302
-0.17313914000988007 -0.25830280780792236 -0.030322382226586342
-0.06787239760160446 -0.20202238857746124 0.029132533818483353
0.09530744701623917 -0.16461960971355438 0.269818514585495
-0.2593969702720642 -0.18130849301815033 0.11648950725793839
0.27913638949394226 -0.28756898641586304 0.007887753657996655
-0.04097573831677437 -0.3254375755786896 0.10203321278095245
0.11970040947198868 -0.29156917333602905 -0.22505787014961243
0.08861719071865082 -0.2811013460159302 -0.18860557675361633
-0.13943816721439362 -0.19688159227371216 0.14661389589309692
0.10461436957120895 -0.3545891046524048 0.04985255002975464
-0.07961508631706238 -0.3636714220046997 -0.07723750919103622
0.12137586623430252 -0.23170489072799683 -0.023890936747193336
0.11847188323736191 -0.13114237785339355 0.1768496185541153
-0.016862953081727028 -0.15233060717582703 -0.006453590001910925
0.2820240557193756 -0.02803119830787182 0.09755813330411911
0.06013670563697815 -0.19328387081623077 -0.04826324060559273
-0.2579401731491089 -0.26658985018730164 0.06911364942789078
0.13414204120635986 -0.19506672024726868 0.24042350053787231
-0.10294343531131744 -0.2870965898036957 -0.1742844432592392
-0.1808384656906128 -0.27759844064712524 -0.16687676310539246
0.15044991672039032 -0.4068126678466797 0.07344486564397812
0.08348356187343597 -0.15781912207603455 0.26945409178733826
-0.28277185559272766 -0.258409321308136 0.10988733172416687
-0.09223122894763947 -0.3208206593990326 -0.1050681620836258
0.024036481976509094 -0.13991771638393402 0.16971337795257568
0.01718895696103573 -0.20783573389053345 0.06933989375829697
-0.12972643971443176 -0.1357138603925705 0.1927061676979065
0.19443142414093018 0.0698658749461174 0.2777753174304962
-0.18489418923854828 -0.2597208619117737 -0.21561835706233978
0.05233348533511162 -0.3327006697654724 0.0320863239467144
-0.24705050885677338 -0.2360411435365677 -0.12736700475215912
0.0807933509349823 -0.15178121626377106 0.20335832238197327
0.025289762765169144 -0.2900579869747162 0.07353523373603821
-0.2861959934234619 -0.2378406971693039 -0.10425132513046265
-0.0013747576158493757 -0.36182257533073425 -0.03287080302834511
-0.20207086205482483 -0.1421099156141281 0.1811596304178238
-0.07653544843196869 -0.016559043899178505 0.5581300258636475
-0.09021798521280289 -0.2981044352054596 -0.05203577131032944
0.043277446180582047 -0.28217071294784546 0.16897617280483246
0.2645832300186157 -0.3369885981082916 0.05082492157816887
-0.045969158411026 -0.19306504726409912 0.006397621240466833
0.1586773544549942 -0.08118868619203568 0.21511277556419373
-0.16389290988445282 -0.48376527428627014 0.10481176525354385
0.09676250070333481 -0.2904953062534332 -0.1526145488023758
-0.2979673743247986 -0.17514249682426453 0.14236584305763245
0.0702594593167305 -0.33907121419906616 0.03457498177886009
-0.04877898842096329 -0.21046651899814606 -0.24910834431648254
0.028449444100260735 -0.2600422501564026 -0.22273202240467072
0.0073102666065096855 -0.23638127744197845 -0.21952013671398163
0.24090740084648132 -0.290433406829834 -0.02955075167119503
-0.11492045223712921 -0.14438092708587646 -0.011220887303352356
-0.19231870770454407 -0.14297808706760406 0.11965412646532059
-0.049808818846940994 -0.28187814354896545 0.12097436189651489
-0.017784029245376587 -0.30783894658088684 -0.02587706968188286
0.08443304896354675 -0.10157457739114761 -0.1681494265794754
0.11390173435211182 -0.0546308234333992 0.3122744858264923
0.15376277267932892 0.02393258735537529 0.19909226894378662
0.132731631398201 -0.2615504860877991 -0.07055593281984329
-0.0403178408741951 -0.2582104504108429 0.13550922274589539
0.1665806770324707 -0.27900147438049316 -0.1685778796672821
0.25223544239997864 -0.18068832159042358 0.06933959573507309
-0.043269023299217224 -0.21004357933998108 -0.24032670259475708
-0.08626777678728104 -0.13604165613651276 0.09911346435546875
-0.05936383828520775 -0.25042957067489624 -0.21620112657546997
0.013766895979642868 0.014401255175471306 0.32811039686203003
-0.023463871330022812 -0.2930111885070801 -0.2961016595363617
-0.1126871109008789 0.10077362507581711 0.18346798419952393
-0.0053459410555660725 0.02686815708875656 0.17575694620609283
-0.18069924414157867 -0.2676485776901245 -0.19848112761974335
0.10305745899677277 -0.033122625201940536 0.3099064230918884
-0.013382894918322563 -0.22727486491203308 -0.049184057861566544
-0.003445223905146122 -0.32096144556999207 -0.1145256906747818
0.017631089314818382 -0.27848151326179504 0.03832888603210449
0.22777263820171356 -0.14704744517803192 0.147964745759964
0.2622566223144531 0.041187528520822525 0.04299004375934601
0.1474098414182663 -0.29725930094718933 -0.09169846028089523
0.17051765322685242 -0.30154046416282654 0.02944350801408291
0.11823712289333344 -0.3204818367958069 -0.023442888632416725
0.07090068608522415 0.011981211602687836 0.07917963713407516
-0.015925223007798195 -0.12698671221733093 0.08399050682783127
-0.2723180949687958 -0.23723222315311432 -0.2317124456167221
-0.08050227165222168 -0.306726336479187 -0.1338183581829071
0.006786261685192585 -0.23313945531845093 -0.0847979336977005
-0.3473322093486786 -0.24555015563964844 -0.3707030713558197
0.18560513854026794 -0.35709863901138306 0.05106428265571594
-0.2119266390800476 -0.17759425938129425 -0.2741345465183258
-0.15973182022571564 -0.3398399353027344 -0.13442492485046387
-0.24351511895656586 -0.3132871091365814 0.0061730253510177135
-0.09671356528997421 -0.3107423782348633 -0.06864450126886368
0.0703020989894867 -0.3185170888900757 0.019824210554361343
0.030199138447642326 -0.3127726912498474 -0.11698585003614426
0.14411722123622894 -0.06810470670461655 0.3409520387649536
0.1365767866373062 -0.15251241624355316 -0.05892275273799896
0.06361640244722366 -0.3185286521911621 -0.036235302686691284
0.12257595360279083 -0.278546541929245 -0.25077250599861145
-0.0558784157037735 0.09144718199968338 0.2739984095096588
-0.1229342371225357 -0.23764395713806152 0.13819223642349243
-0.11414559185504913 -0.28834059834480286 0.003310512751340866
-0.15295690298080444 -0.34430259466171265 0.1312989443540573
0.10942036658525467 -0.055903110653162 0.15396472811698914
0.14976583421230316 -0.24174067378044128 -0.0955168679356575
-0.24945324659347534 -0.19816647469997406 -0.050504419952631
0.03115352988243103 -0.30638524889945984 0.02166193723678589
0.2030455321073532 -0.18626463413238525 -0.04178887978196144
0.1617043912410736 -0.2838515639305115 -0.04671386629343033
-0.009048355743288994 -0.2091888040304184 0.07238037884235382
-0.11043310165405273 -0.006571772042661905 0.23345869779586792
0.14050725102424622 0.05425887927412987 0.23259301483631134
0.07876670360565186 -0.20867671072483063 0.14807215332984924
-0.09199341386556625 -0.31100043654441833 -0.14679840207099915
0.06930089741945267 -0.3136981725692749 0.02563312090933323
-0.02644035406410694 -0.05009082704782486 0.18587064743041992
0.002640968654304743 0.07725973427295685 0.24269431829452515
-0.22433823347091675 0.040458306670188904 -0.1737145036458969
-0.07547155767679214 -0.24941816926002502 0.11341920495033264
0.18334531784057617 0.06197047233581543 -0.04464086517691612
-0.058765411376953125 -0.3241722285747528 -0.09246857464313507
-0.06156143546104431 -0.3482265770435333 -0.01980457827448845
-0.007034043315798044 -0.30632635951042175 0.0583183616399765
0.02318427339196205 -0.0993671715259552 0.20521150529384613
0.06398828327655792 -0.31057992577552795 0.049614012241363525
0.1526784896850586 -0.06282979995012283 0.322330117225647
0.10833233594894409 -0.3446248769760132 0.05515076220035553
0.12962087988853455 -0.31410908699035645 -0.035076629370450974
-0.07937552034854889 -0.24679912626743317 0.12896057963371277
-0.1484944075345993 0.03474435955286026 0.2089734822511673
-0.0997457429766655 -0.13907042145729065 0.0964447408914566
-0.06488791108131409 -0.2501438856124878 0.09498123079538345
-0.02985498309135437 -0.3352663815021515 -0.25018006563186646
0.08252441138029099 -0.3003402352333069 -0.03800385817885399
0.13735905289649963 -0.31286105513572693 -0.12814824283123016
-0.19266417622566223 -0.260489284992218 0.12814520299434662
-0.009359363466501236 -0.32921740412712097 -0.05696479603648186
-0.04303516447544098 -0.1543404459953308 -0.18481160700321198
0.11476974934339523 -0.13612854480743408 -0.127158522605896
-0.1496080607175827 -0.10366558283567429 -0.027406182140111923
0.030814239755272865 -0.23466384410858154 -0.06568077951669693
-0.014672607183456421 -0.41107264161109924 0.0570070743560791
0.1818566471338272 -0.2193225920200348 0.18731525540351868
0.24411030113697052 -0.16067948937416077 -0.06010788306593895
-0.10211092233657837 -0.31498223543167114 -0.11061257123947144
-0.13804253935813904 -0.27856898307800293 -0.1834840178489685
-0.008291404694318771 -0.2573816478252411 -0.1486203968524933
0.10861030966043472 -0.25256404280662537 0.019770286977291107
0.05048033595085144 -0.21041296422481537 0.12041895091533661
-0.1470814198255539 -0.10891256481409073 -0.1180255264043808
0.15072818100452423 -0.139359250664711 -0.1048184335231781
-0.13411200046539307 -0.06694069504737854 -0.06409534066915512
0.036067113280296326 -0.3018871545791626 -0.08758401870727539
0.014562906697392464 -0.16253601014614105 0.0021721813827753067
0.06466714292764664 -0.16021853685379028 0.08588919043540955
0.18917879462242126 -0.26682278513908386 -0.18167516589164734
0.25536686182022095 -0.14756107330322266 0.09643915295600891
0.12502308189868927 -0.3147638440132141 -0.08569955825805664
0.007732293102890253 -0.11395774036645889 0.01854786090552807
-0.004427751526236534 -0.3125985860824585 -0.31619149446487427
0.342317670583725 0.04527611285448074 0.23090963065624237
0.049733005464076996 -0.23736007511615753 0.36351439356803894
0.07330411672592163 -0.269184947013855 -0.09945186972618103
-0.053602758795022964 -0.15772691369056702 0.11949659138917923
0.046013243496418 -0.29053711891174316 0.053614936769008636
-0.12244561314582825 -0.06031299754977226 0.35960331559181213
0.18438486754894257 -0.12402615696191788 0.13213588297367096
-0.028000805526971817 -0.3616633117198944 -0.22820325195789337
0.05286118760704994 -0.2207338511943817 -0.06846707314252853
0.2837572693824768 -0.06567462533712387 0.019075585529208183
0.08982052654027939 -0.34222516417503357 0.08481789380311966
0.2830461859703064 -0.12253723293542862 -0.1444835364818573
0.1586732566356659 -0.3381279408931732 -0.10482537746429443
-0.11693630367517471 -0.18212799727916718 -0.029593711718916893
0.24358361959457397 -0.33971890807151794 0.01762690581381321
-0.1387738138437271 -0.22423246502876282 0.010205486789345741
0.060564860701560974 -0.2726564407348633 0.05952258035540581
0.09829847514629364 -0.12099938094615936 0.11640376597642899
0.06988263875246048 -0.2988300621509552 -0.10642829537391663
-0.171966552734375 -0.30631914734840393 0.0763687938451767
-0.007476859260350466 -0.08122111111879349 0.011067995801568031
0.2631361484527588 -0.15114474296569824 -0.1223517507314682
0.08509413152933121 -0.31269896030426025 -0.0095234215259552
-0.16259680688381195 -0.33328795433044434 0.017278635874390602
-0.15150801837444305 -0.16248653829097748 0.17028293013572693
-0.16497470438480377 0.09896360337734222 -0.16381852328777313
-0.4463273286819458 0.10455168038606644 0.05784878134727478
0.08277242630720139 -0.23973563313484192 0.028037263080477715
-0.049587979912757874 -0.09718775749206543 0.21445497870445251
0.0979820042848587 -0.2881205379962921 0.06805358082056046
-0.007084043230861425 0.0041828276589512825 0.23902058601379395
0.076031394302845 0.04973917454481125 0.2777848541736603
0.05545990541577339 -0.2822593152523041 -0.1185392290353775
-0.05359860137104988 -0.0019190546590834856 -0.2789643704891205
0.055592212826013565 -0.3043254315853119 -0.16903431713581085
0.01227191835641861 -0.33452290296554565 -0.0643085390329361
-0.01802760176360607 -0.2608635425567627 0.12333592027425766
-0.025043277069926262 -0.38323813676834106 -0.2974480986595154
0.12138619273900986 -0.036454807966947556 -0.2550831139087677
-0.02959597297012806 0.00609026150777936 0.18678192794322968
-0.020741702988743782 -0.268461674451828 -0.004735415801405907
-0.11924783140420914 -0.32813960313796997 0.07755613327026367
-0.226673886179924 -0.2022276222705841 0.16160549223423004
0.03398589789867401 -0.25905850529670715 -0.21619141101837158
-0.21034665405750275 -0.24371977150440216 -0.013146521523594856
-0.1443474143743515 -0.17455348372459412 0.05444778874516487
-0.23942209780216217 -0.023496566340327263 0.11985214054584503
-0.07822325080633163 -0.28157806396484375 -0.17881175875663757
0.17078723013401031 -0.29235631227493286 0.14741210639476776
0.1294654756784439 -0.3156376779079437 -0.07298877090215683
-0.02045203000307083 -0.30306655168533325 0.048738107085227966
0.032189659774303436 -0.23034924268722534 0.040103357285261154
0.005135539453476667 -0.079610675573349 0.17881684005260468
0.12045527994632721 -0.2491489052772522 0.08626766502857208
0.12141304463148117 -0.20537406206130981 0.1501314640045166
-0.07669635117053986 -0.26541852951049805 0.13789868354797363
0.3223896324634552 0.023669419810175896 -0.11574382334947586
0.015083106234669685 -0.2787128686904907 -0.11662237346172333
-0.10559256374835968 -0.33306074142456055 -0.1739145666360855
0.0905660092830658 -0.3014450669288635 0.05460710451006889
-0.2722456753253937 0.03746907413005829 -0.2128339558839798
-0.2363695502281189 -0.04323999956250191 -0.01965910568833351
-0.06051822379231453 -0.16684983670711517 -0.013524280861020088
0.11370810866355896 -0.22696895897388458 -0.043437715619802475
0.14716246724128723 -0.2970960736274719 -0.08015710860490799
-0.12727823853492737 0.0072775837033987045 0.4328456223011017
-0.1827543079853058 -0.15886306762695312 -0.11268245428800583
0.004508936312049627 -0.3345669209957123 -0.02516290545463562
-0.05663648620247841 -0.12557776272296906 0.2460765838623047
0.08316882699728012 -0.34071654081344604 0.017573852092027664
-0.003048383630812168 -0.3159177005290985 0.02613561972975731
-0.07290469855070114 0.07634624093770981 0.07896476238965988
0.0462818369269371 -0.2965223789215088 -0.010465312749147415
0.08928787708282471 -0.3380900025367737 0.0709226131439209
-0.2712591588497162 -0.25705233216285706 0.10510360449552536
0.4636799395084381 0.11901029199361801 0.17249727249145508
0.12415716797113419 -0.2956162691116333 -0.10660932213068008
0.1382206827402115 -0.04344043880701065 0.2566869556903839
0.03963722288608551 -0.24894267320632935 -0.02251509390771389
-0.09077946096658707 -0.09209264814853668 0.1552874594926834
0.11849906295537949 -0.18588867783546448 -0.17346392571926117
-0.014361687004566193 -0.32136058807373047 -0.10346748679876328
0.027033185586333275 -0.1558031290769577 0.0013025751104578376
-0.015531109645962715 -0.297065794467926 -0.19752180576324463
-0.15750652551651 -0.20089319348335266 0.20632708072662354
0.20941278338432312 -0.3095407783985138 -0.008557096123695374
0.026285892352461815 -0.3042139708995819 -0.41469210386276245
0.17273983359336853 -0.34655120968818665 0.08974648267030716
0.07656672596931458 -0.27701741456985474 -0.05166403949260712
-0.12416747957468033 -0.18923430144786835 -0.17888925969600677
-0.08070018142461777 -0.035911474376916885 0.07163412868976593
0.21091504395008087 0.022818904370069504 0.14995773136615753
-0.13599511981010437 -0.08247482031583786 0.28854304552078247
0.09227938205003738 -0.2886495292186737 -0.11846527457237244
0.01430371031165123 -0.20400816202163696 0.16545386612415314
-0.2594459354877472 -0.1404217928647995 0.14527130126953125
0.2609702944755554 -0.04514963924884796 -0.016708949580788612
-0.06804811209440231 -0.2828044295310974 -0.08076205104589462
0.14249323308467865 -0.19974301755428314 -0.0015284023247659206
0.10418088734149933 -0.28862836956977844 0.3099301755428314
0.07337705045938492 -0.27611175179481506 0.15405850112438202
0.10375257581472397 -0.09607760608196259 -0.16307944059371948
0.18703150749206543 -0.30804240703582764 0.06517969816923141
-0.07852107286453247 -0.12695243954658508 0.07827945053577423
0.003770682727918029 -0.30451372265815735 -0.5483806133270264
-0.10490984469652176 -0.23382677137851715 0.1266668140888214
0.004351214040070772 -0.17934709787368774 -0.09997943043708801
-0.1731063276529312 -0.15976668894290924 0.07361813634634018
0.07853848487138748 -0.1508529931306839 0.19003939628601074
0.1196044385433197 -0.32574325799942017 -0.05584607273340225
-0.09300099313259125 -0.2642735242843628 -0.17791618406772614
0.1405152529478073 -0.3363363444805145 0.06676740199327469
0.03485783562064171 -0.32225924730300903 -0.050801489502191544
-0.0038240128196775913 -0.3131311237812042 -0.07366763800382614
-0.03718943148851395 -0.04247826337814331 0.09713324159383774
-0.19365109503269196 -0.06682253628969193 -0.07948857545852661
0.08717437833547592 -0.08546271175146103 0.16177891194820404
-0.09040237218141556 -0.08904634416103363 0.12975677847862244
0.015623979270458221 -0.26728931069374084 -0.17064577341079712
0.0010330257937312126 -0.20315127074718475 0.188459113240242
0.06556223332881927 -0.17340503633022308 -0.03964278846979141
-0.21409054100513458 -0.3227289915084839 0.0994584858417511
0.0043563880026340485 -0.3356795907020569 -0.028753796592354774
-0.09277265518903732 -0.0827220231294632 -0.17696444690227509
-0.08326113969087601 -0.11156933754682541 0.06318790465593338
0.21257805824279785 0.06928803026676178 -0.011191636323928833
-0.197445347905159 -0.26170119643211365 0.039573606103658676
0.010373203083872795 -0.2691301107406616 -0.00568114360794425
0.1784086674451828 -0.10909293591976166 -0.30781641602516174
0.16936656832695007 -0.29878270626068115 -0.07569244503974915
-0.008521158248186111 -0.23751893639564514 -0.10308602452278137
-0.28436291217803955 -0.18878576159477234 0.01515323854982853
-0.20712074637413025 -0.09811723232269287 0.24895751476287842
0.2989736795425415 -0.1966603398323059 -0.0871434435248375
-0.004079293925315142 -0.31599560379981995 0.0011904218699783087
-0.1189548671245575 -0.23900669813156128 0.11194594204425812
0.16486430168151855 0.28586453199386597 0.4192354381084442
0.10766708105802536 -0.02743437886238098 0.2659264802932739
-0.13507452607154846 -0.1490870863199234 -0.1302488148212433
-0.05801054462790489 -0.14843858778476715 0.20996302366256714
0.00013005395885556936 -0.2749299108982086 -0.07336432486772537
0.244452103972435 -0.2847621440887451 -0.25402921438217163
0.2684209942817688 -0.08042112737894058 0.16684772074222565
0.05337492749094963 -0.24660533666610718 -0.0006997550372034311
0.20386138558387756 -0.31445208191871643 0.06677629798650742
-0.0038881064392626286 -0.22680333256721497 0.13886994123458862
0.006324940361082554 -0.2755618095397949 0.02448849007487297
0.017970547080039978 -0.1731913983821869 0.1680758148431778
0.14719876646995544 0.0955977812409401 0.1055365577340126
-0.16072562336921692 -0.17565476894378662 0.10012049973011017
0.11643608659505844 -0.14321449398994446 -0.23685328662395477
0.09960490465164185 -0.3014616072177887 -0.05278246849775314
-0.0032014348544180393 -0.3400159180164337 -0.05956190079450607
0.2442035675048828 -0.19316819310188293 0.06021296605467796
0.030960017815232277 -0.32417017221450806 0.013136383146047592
0.0164013858884573 -0.29729947447776794 0.04504845291376114
-0.08413700759410858 -0.3182770311832428 0.07689554244279861
0.04307982325553894 -0.24817274510860443 0.11851020902395248
0.20416907966136932 -0.2212173342704773 -0.027832122519612312
-0.13021458685398102 -0.22988355159759521 0.1108444333076477
0.13770462572574615 -0.1926688700914383 0.03878743201494217
-0.0685683935880661 -0.17072811722755432 -0.05043448880314827
0.08644118905067444 -0.2540687918663025 0.044815532863140106
-0.012954175472259521 -0.2383349984884262 -0.03919437527656555
-0.10021673142910004 -0.19874411821365356 -0.2732398808002472
0.019167808815836906 -0.3233051300048828 -0.04903945326805115
-0.11647982150316238 -0.036604367196559906 0.11880145221948624
-0.07910702377557755 -0.25136250257492065 -0.12219300121068954
-0.025597941130399704 -0.29900312423706055 -0.0752594918012619
0.2135331928730011 -0.28703171014785767 -0.12903545796871185
-0.033730946481227875 -0.1372608244419098 0.2404831200838089
0.12345229089260101 -0.1914621889591217 0.012362107634544373
-0.11287999898195267 -0.3196409046649933 -0.0006594355218112469
-0.1573224663734436 -0.24954020977020264 0.04862411692738533
-0.08441448956727982 -0.25402548909187317 -0.1474153846502304
0.12157940864562988 -0.23434388637542725 -0.2403256595134735
0.03603842109441757 -0.3218301236629486 -0.11416345089673996
-0.18519549071788788 -0.30457839369773865 -0.0406559556722641
0.0697711631655693 -0.23394331336021423 0.10884307324886322
-0.17284724116325378 -0.24544364213943481 0.13401322066783905
0.06702788174152374 -0.22644498944282532 0.025342635810375214
0.11279597878456116 -0.3153558373451233 0.13138233125209808
-0.15416981279850006 -0.16843898594379425 -0.15230652689933777
0.0025445660576224327 -0.31441351771354675 -0.0884229987859726
-0.028780853375792503 -0.3400258719921112 0.03961415961384773
0.018425937741994858 -0.3201126158237457 -0.11104050278663635
-0.1554156243801117 -0.13248641788959503 -0.25656139850616455
0.18918374180793762 -0.22839270532131195 -0.05010898411273956
-0.09494275599718094 -0.043452661484479904 0.18545052409172058
-0.10972847789525986 -0.14802759885787964 0.17849966883659363
-0.10420414060354233 -0.2536720335483551 0.10124288499355316
0.07915544509887695 -0.2845054268836975 -0.1060531958937645
-0.007676476147025824 -0.324311226606369 -0.02519642934203148
-0.4048370122909546 0.020578322932124138 -0.1814924031496048
0.24924685060977936 -0.18960972130298615 -0.12535986304283142
-0.12417765706777573 -0.2419508844614029 -0.12313706427812576
-0.13145002722740173 -0.17148417234420776 -0.3991410732269287
0.36494171619415283 0.04852985590696335 0.030050337314605713
0.06046341732144356 -0.26060208678245544 -0.050750281661748886
-0.22831383347511292 -0.28973957896232605 -0.012078380212187767
-0.026688668876886368 -0.22025267779827118 0.09758714586496353
0.0769922211766243 -0.24101364612579346 -0.1153937578201294
0.05605165660381317 -0.2872326374053955 0.14697779715061188
0.009906642138957977 -0.30218029022216797 -0.014091303572058678
0.28378826379776 -0.2033912092447281 0.1305149495601654
0.11801353842020035 -0.22022835910320282 -0.03680852800607681
-0.11098822206258774 -0.13308733701705933 0.0394754484295845
0.2613418400287628 -0.3203180730342865 0.10425132513046265
0.11019543558359146 -0.2810288369655609 -0.042830392718315125
0.19609199464321136 -0.22445616126060486 -0.10037588328123093
0.02457437291741371 -0.2932150065898895 -0.2576547861099243
0.14599011838436127 -0.2846967577934265 -0.07502337545156479
-0.18749016523361206 -0.25515472888946533 -0.08338071405887604
-0.1267915666103363 -0.3334779143333435 -0.1851477324962616
0.20819737017154694 -0.2907554507255554 -0.06462882459163666
-0.10179697722196579 -0.2689400017261505 0.11160529404878616
0.09738416224718094 -0.33719754219055176 0.36422598361968994
0.01667194813489914 -0.20310623943805695 0.0795411542057991
-0.13486243784427643 -0.17807023227214813 0.23516131937503815
0.23490139842033386 -0.2838171720504761 -0.04894446209073067
-0.050282616168260574 -0.26238107681274414 -0.01280534639954567
0.10316188633441925 -0.2327476292848587 -0.042600832879543304
0.1478419005870819 -0.18878819048404694 0.08713040500879288
-0.06754986941814423 -0.3225090503692627 -0.0091354139149189
0.05573244392871857 -0.31050243973731995 0.08648978173732758
-0.02868431620299816 -0.2867123782634735 -0.3105310797691345
0.13601209223270416 -0.29958274960517883 0.10666322708129883
0.13529439270496368 -0.20820559561252594 0.11091413348913193
-0.273240327835083 -0.2045971304178238 -0.3064674437046051
0.18655455112457275 -0.07293222844600677 0.21389684081077576
-0.15374703705310822 -0.19306853413581848 0.028521152213215828
0.03597641736268997 -0.20782634615898132 -0.13232211768627167
-0.041958343237638474 -0.30583229660987854 -0.08994986116886139
-0.09228195995092392 -0.11630693823099136 -0.08493388444185257
-0.11326867341995239 -0.3012924790382385 0.03676997125148773
0.2957495450973511 -0.05896719917654991 0.008224054239690304
0.09831368923187256 -0.042537134140729904 -0.1624220609664917
0.07113723456859589 -0.26906806230545044 0.048027440905570984
-0.20239780843257904 -0.1756601631641388 0.19547009468078613
0.18094466626644135 -0.2677440047264099 -0.002661227248609066
-0.02539706975221634 -0.2594488859176636 0.021158622577786446
-0.24504780769348145 -0.001090949634090066 0.06533703207969666
0.09689892828464508 0.09458372741937637 0.2453163117170334
-0.1467725932598114 -0.24699051678180695 0.06461234390735626
0.11189437657594681 -0.18923357129096985 0.20418429374694824
0.04881780594587326 -0.2983800172805786 0.08209120482206345
0.1332278549671173 -0.2803683578968048 0.04869239032268524
0.07606647163629532 -0.1943509876728058 0.08757267147302628
-0.01346883550286293 -0.29607969522476196 -0.1437896192073822
0.13707631826400757 -0.11877043545246124 0.22625648975372314
0.11667973548173904 -0.33132949471473694 0.05524463206529617
-0.20761220157146454 -0.20115509629249573 -0.24213051795959473
-0.21930941939353943 -0.14922337234020233 -0.18947482109069824
0.0336206890642643 -0.19134998321533203 0.13968946039676666
-0.005469082854688168 -0.19760875403881073 0.16160361468791962
-0.3522785007953644 -0.16877564787864685 0.14061449468135834
0.04770929738879204 -0.1778414398431778 -0.05308474227786064
-0.13103127479553223 -0.07110036164522171 0.12742109596729279
0.10498196631669998 -0.14188817143440247 0.14046216011047363
-0.013891756534576416 -0.2163267880678177 0.08435384184122086
-0.10060302913188934 -0.15755511820316315 0.14651121199131012
-0.05354727432131767 0.0065086036920547485 0.26281458139419556
0.0015337798977270722 -0.3304368257522583 -0.009182771667838097
0.010927243158221245 -0.2136216014623642 0.16065539419651031
0.04001263529062271 -0.3079923391342163 -0.010042496025562286
0.11116904020309448 -0.06422554701566696 -0.08567044883966446
0.19082458317279816 -0.21835742890834808 0.1118859201669693
-0.03988553583621979 -0.3209669589996338 -0.06357642263174057
-0.09782759845256805 0.026220832020044327 0.363119900226593
0.06651023775339127 -0.1663738191127777 0.016698718070983887
-0.009037839248776436 -0.25500327348709106 0.02538652904331684
-0.17725089192390442 -0.30181628465652466 0.059755537658929825
-0.14581885933876038 -0.2709627151489258 -0.19297689199447632
-0.12515252828598022 -0.30260688066482544 -0.032620761543512344
-0.054097533226013184 -0.2822669744491577 -0.14949969947338104
-0.12681910395622253 -0.30375388264656067 -0.009954817593097687
-0.05051196739077568 -0.30609259009361267 -0.14791254699230194
0.16179147362709045 -0.2910161018371582 0.17111416161060333
0.08467987179756165 -0.284702330827713 -0.24737481772899628
0.02007392607629299 0.10474192351102829 0.1968405842781067
0.17620450258255005 -0.2882934808731079 -0.07497787475585938
0.4791540801525116 -0.08972950279712677 0.35565778613090515
0.15295611321926117 -0.23607636988162994 -0.16634872555732727
-0.15320637822151184 -0.39018040895462036 0.11405570805072784
-0.08485279232263565 -0.016471685841679573 0.08073627948760986
-0.12073938548564911 -0.17077302932739258 -0.0950290709733963
-0.20793141424655914 -0.04904170334339142 0.34931501746177673
-0.1635688841342926 -0.03778630867600441 0.13666793704032898
-0.06409256905317307 -0.16613030433654785 -0.09338264912366867
0.2571714222431183 0.0037395802792161703 0.16854432225227356
-0.05162321776151657 -0.21064725518226624 0.1590237021446228
-0.048802413046360016 -0.2892271876335144 0.11971598863601685
0.20550087094306946 -0.3135680854320526 0.02437526173889637
0.18071801960468292 0.01970752142369747 0.25371697545051575
0.13848504424095154 -0.3078637421131134 -0.06576650589704514
-0.05288335308432579 -0.06346482038497925 0.16655507683753967
0.0453675203025341 -0.3402741253376007 -0.13801385462284088
0.12131776660680771 -0.11812745034694672 0.21656210720539093
-0.03404854238033295 -0.3420444428920746 -0.00867462158203125
-0.1609419584274292 -0.3481087386608124 -0.002979537472128868
-0.0029863761737942696 -0.320851594209671 -0.21390914916992188
-0.3683740198612213 -0.07129895687103271 -0.16743792593479156
-0.16152361035346985 -0.04248756915330887 -0.10735512524843216
-0.1718115210533142 -0.053052131086587906 0.08918213844299316
-0.02151286043226719 -0.1385718584060669 0.17709980905056
0.020160134881734848 -0.3174355924129486 -0.05759087949991226
-0.14928370714187622 -0.07670324295759201 0.1349325180053711
0.2491290122270584 -0.16387775540351868 -0.16852125525474548
0.018810776993632317 -0.018672341480851173 -0.3272910714149475
0.14475922286510468 -0.12416967004537582 -0.37658989429473877
0.6767245531082153 -0.24754977226257324 -0.0422416590154171
0.11351413279771805 -0.2574937641620636 0.01073712483048439
0.06010013818740845 -0.2523103356361389 0.06531001627445221
0.06663023680448532 -0.2740793824195862 0.22390329837799072
-0.01113566942512989 -0.11616726219654083 -0.1146492063999176
-0.04148777946829796 -0.3759409487247467 0.09618152678012848
-0.11963054537773132 -0.31757399439811707 -0.09730780124664307
0.03434975817799568 -0.30483394861221313 -0.1913808286190033
0.20380479097366333 -0.25433027744293213 0.01370822824537754
-0.20034930109977722 -0.1368108093738556 0.21570821106433868
0.16302277147769928 -0.30306828022003174 0.08278850466012955
-0.14918220043182373 -0.30235058069229126 -0.1421196460723877
0.14378662407398224 -0.2970995604991913 -0.11174768954515457
0.014990067109465599 -0.2714073061943054 0.07312493771314621
0.019911156967282295 -0.009481463581323624 0.24675725400447845
0.12993133068084717 -0.16018344461917877 0.14315208792686462
0.0008219354203902185 -0.3109737038612366 -0.13732758164405823
-0.11965800076723099 -0.30301398038864136 -0.11986697465181351
0.1873437613248825 -0.27057838439941406 -0.0171213261783123
0.035049211233854294 -0.06958422809839249 -0.07899140566587448
-0.11919406056404114 -0.11970610171556473 -0.04670928791165352
0.18325579166412354 -0.07828743755817413 0.4462754726409912
0.23030324280261993 -0.22154980897903442 0.1476542353630066
0.24561645090579987 -0.27122262120246887 -0.05356874689459801
-0.002128188731148839 -0.11050792783498764 0.0989331528544426
-0.21359235048294067 -0.26667094230651855 -0.13593977689743042
0.06284981220960617 -0.3015304207801819 -0.03977141156792641
0.009431654587388039 -0.12254633754491806 0.18282054364681244
0.1868487447500229 0.023448854684829712 0.3162291646003723
-0.1694498360157013 -0.06334170699119568 0.05143573135137558
-0.10684288293123245 -0.13612957298755646 0.08207631856203079
0.020775871351361275 -0.24856242537498474 -0.062125977128744125
0.2172309309244156 -0.3279845118522644 -0.061798322945833206
0.11340969800949097 -0.2554529309272766 -0.03619092330336571
0.1268317997455597 -0.2866363525390625 0.06480243802070618
-0.3799471855163574 -0.1702757328748703 0.04574158042669296
-0.030333060771226883 -0.18336544930934906 0.11679990589618683
-0.06508524715900421 -0.32192569971084595 0.005207098089158535
-0.27259066700935364 -0.17268109321594238 -0.4625737965106964
0.17961084842681885 -0.31991028785705566 -0.12084402143955231
0.12595325708389282 0.012694083154201508 0.2959437370300293
-0.0324709489941597 0.011967085301876068 0.2757071256637573
0.05371140316128731 -0.09686747193336487 0.18773098289966583
-0.15555046498775482 -0.06719502061605453 0.17261303961277008
-0.0969410389661789 -0.19123247265815735 0.15841571986675262
0.1766519695520401 -0.1000392884016037 0.1695510298013687
-0.08019864559173584 -0.2087075412273407 -0.1289750337600708
-0.08020292967557907 -0.32876402139663696 -0.04656563699245453
0.372754842042923 -0.24078834056854248 -0.1680351346731186
0.03643878176808357 -0.29901301860809326 0.08035929501056671
-0.09272466599941254 -0.28240764141082764 -0.1241215243935585
0.03659246489405632 -0.2653832733631134 -0.07643819600343704
0.18674150109291077 -0.262469083070755 0.13723544776439667
0.02519742026925087 -0.13682232797145844 0.267913818359375
-0.08687451481819153 -0.38176220655441284 -0.0013106460683047771
0.13065150380134583 -0.28157365322113037 0.10512970387935638
0.10829664021730423 -0.21972881257534027 -0.06700941175222397
-0.07836788892745972 -0.16596844792366028 -0.12171327322721481
0.19904562830924988 -0.23726272583007812 -0.15659721195697784
0.03539690375328064 -0.2659124433994293 -0.06867422163486481
0.17456170916557312 -0.17978252470493317 0.16360792517662048
-0.06515726447105408 -0.14361955225467682 0.27583372592926025
-0.10802947729825974 -0.13704203069210052 0.17476028203964233
0.15771348774433136 -0.07994051277637482 -0.011776236817240715
0.05447918549180031 -0.3363271653652191 -0.06672579795122147
-0.10413907468318939 -0.28692999482154846 -0.0636797696352005
0.2702544927597046 0.08965747803449631 0.028020624071359634
-0.18771451711654663 -0.08452840894460678 -0.04306568205356598
-0.10960987210273743 -0.15158279240131378 0.07601554691791534
0.0682864710688591 -0.1999216228723526 -0.08124354481697083
0.23152312636375427 -0.24939638376235962 -0.12102664262056351
-0.19854086637496948 -0.19357027113437653 -0.48231714963912964
0.11954095959663391 -0.16496439278125763 0.05474695563316345
0.18409883975982666 -0.36195147037506104 0.08704038709402084
0.044311460107564926 -0.20673973858356476 0.13349351286888123
-0.165446937084198 -0.22722384333610535 -0.14563094079494476
0.19163906574249268 -0.29513832926750183 -0.12180601060390472
-0.2789207994937897 -0.03448118641972542 0.04951794445514679
-0.34863564372062683 -0.13444884121418 0.11472631990909576
0.10321120172739029 -0.3224092125892639 -0.01329014077782631
-0.056975409388542175 0.03116753324866295 0.49523472785949707
-0.012248419225215912 -0.303205281496048 -0.006917764898389578
0.09173033386468887 -0.3150191903114319 -0.23406484723091125
-0.03019273653626442 -0.21854369342327118 -0.0854189395904541
0.009626243263483047 -0.11589101701974869 0.0562361441552639
0.06130184978246689 -0.36959248781204224 -0.004402248654514551
-0.13125401735305786 0.011952495202422142 0.08597379922866821
0.054119773209095 -0.3292769491672516 0.00665647815912962
0.07526540011167526 -0.07909347862005234 0.10546839237213135
-0.27737510204315186 -0.16523075103759766 0.11408822983503342
-0.09405715763568878 -0.3104619085788727 -0.10273391008377075
-0.33941811323165894 0.30243250727653503 -0.20469555258750916
0.14040525257587433 -0.28120195865631104 -0.013364598155021667
0.21434448659420013 0.08110075443983078 0.20915564894676208
-0.04567227512598038 -0.20661349594593048 0.18652886152267456
-0.10219798237085342 -0.0434173084795475 0.11739074438810349
0.06722089648246765 -0.2130383402109146 0.11282220482826233
0.0384666733443737 -0.001661596354097128 -0.0017904960550367832
-0.00048397225327789783 -0.18539300560951233 0.12642143666744232
-0.3669494688510895 0.08750475943088531 0.2669949233531952
-0.11808600276708603 -0.288998007774353 -0.06932376325130463
-0.10837606340646744 -0.3453129529953003 -0.11402329802513123
-0.028284404426813126 -0.319696307182312 -0.08791352063417435
-0.01962096616625786 -0.2935253083705902 0.06796585768461227
-0.06724019348621368 -0.3096644878387451 0.07491103559732437
-0.2266310751438141 -0.25724196434020996 -0.41459694504737854
0.03191886097192764 -0.1774277240037918 0.06740754097700119
0.05720693618059158 -0.16882169246673584 0.2119627147912979
-0.0005979894194751978 -0.23158009350299835 0.14912639558315277
0.048235464841127396 -0.2778044044971466 -0.2055366337299347
0.08306735008955002 0.18894527852535248 0.26176977157592773
-0.1725374460220337 -0.31562182307243347 -0.0353274866938591
0.24897387623786926 -0.20555813610553741 -0.20166334509849548
-0.08072737604379654 -0.2817705273628235 -0.22267097234725952
0.2206244319677353 -0.13968609273433685 0.2885098159313202
0.29776546359062195 -0.12406706064939499 -0.17924970388412476
-0.130342036485672 -0.275763601064682 -0.10245339572429657
0.382292777299881 -0.24692402780056 -0.14298495650291443
-0.040262382477521896 -0.030426694080233574 0.05701252818107605
0.11232881247997284 -0.2746185064315796 0.06379339098930359
-0.13489218056201935 -0.27748802304267883 0.15228134393692017
-0.21156010031700134 -0.05874178186058998 -0.04769626259803772
0.11054905503988266 0.004649607930332422 0.0019818455912172794
0.0646267682313919 -0.12379328161478043 0.229514017701149
-0.133475199341774 -0.19717149436473846 -0.033672306686639786
-0.035374678671360016 -0.10598590224981308 0.1704694628715515
0.04108643904328346 -0.3201460540294647 0.03895113617181778
-0.0070037334226071835 -0.2714236080646515 0.0322248712182045
0.07343292981386185 -0.32951024174690247 0.04963495954871178
-0.01660720445215702 -0.28354230523109436 -0.14499126374721527
0.32501283288002014 -0.255760133266449 -0.211252361536026
0.03112274408340454 -0.2751917243003845 0.05685573071241379
-0.27999767661094666 -0.21122775971889496 0.09373284876346588
0.06330016255378723 -0.15899553894996643 0.1449880301952362
0.03919363021850586 -0.16674189269542694 0.017053570598363876
-0.03687020763754845 -0.33833009004592896 0.03828173130750656
0.0027584729250520468 -0.16711170971393585 -0.33272552490234375
-0.14192913472652435 0.22256650030612946 0.6580650806427002
0.020891159772872925 -0.37417343258857727 -0.1656724065542221
0.1435430645942688 -0.265234112739563 0.03293105587363243
0.3201935589313507 -0.06747274100780487 -0.01893852837383747
0.0556274875998497 -0.3012755811214447 0.015271641314029694
0.4241279363632202 -0.10868809372186661 0.03203430026769638
-0.18559017777442932 -0.133879154920578 -0.14865565299987793
0.07905665785074234 -0.26526007056236267 0.003840226912871003
0.11507513374090195 -0.02851150371134281 0.2880796492099762
-0.07059069722890854 -0.08216926455497742 0.25369933247566223
0.11789534986019135 -0.2860702872276306 -0.018964339047670364
0.07993006706237793 -0.1077345609664917 0.20065510272979736
0.1549798846244812 -0.10261950641870499 0.06380623579025269
-0.19748160243034363 -0.18110232055187225 -0.12581263482570648
-0.12454322725534439 -0.02459341287612915 0.2585256099700928
-0.0917593315243721 -0.24633976817131042 0.10968572646379471
-0.0007313843816518784 0.15734481811523438 0.10505251586437225
-0.06167589873075485 -0.26492127776145935 -0.19613660871982574
-0.14483879506587982 -0.12071233987808228 -0.022178513929247856
-0.036991849541664124 -0.06263555586338043 0.2287040501832962
0.3263440430164337 -0.025396471843123436 -0.1770002692937851
-0.1764836609363556 0.17681416869163513 -0.17506326735019684
0.10853874683380127 -0.2355780303478241 0.0941612496972084
-0.06827980279922485 -0.3049410581588745 -0.16371570527553558
0.09203679859638214 -0.32482147216796875 0.00423384876921773
0.02006709761917591 -0.21188873052597046 0.14526784420013428
-0.030632570385932922 -0.18046161532402039 -0.22609663009643555
-0.24974322319030762 -0.2372291386127472 -0.2919873893260956
-0.015763068571686745 -0.33130592107772827 -0.031847529113292694
-0.05055653676390648 -0.18762367963790894 -0.18605433404445648
-0.2607032060623169 -0.05102946609258652 0.16719987988471985
-0.021967846900224686 -0.2631758153438568 0.14178144931793213
-0.010610727593302727 -0.10210321098566055 0.1727619469165802
0.03993750363588333 -0.29189184308052063 0.10884509980678558
-0.04414724186062813 -0.2863587439060211 -0.20924700796604156
-0.024406883865594864 -0.24634158611297607 -0.08875395357608795
0.024241788312792778 -0.04349357634782791 0.21500223875045776
-0.36002597212791443 -0.22881487011909485 -0.35421207547187805
-0.20421482622623444 -0.3325496017932892 -0.12823587656021118
-0.21212159097194672 -0.05802927911281586 -0.06957893073558807
-0.013064021244645119 -0.23090805113315582 -0.173124760389328
-0.1468581110239029 -0.25845617055892944 0.11800793558359146
-0.10205386579036713 -0.2850203514099121 -0.02576533704996109
-0.109686478972435 -0.057488348335027695 0.28940898180007935
0.14967891573905945 -0.21287529170513153 0.11532676219940186
-0.42824065685272217 -0.13860675692558289 0.3356807231903076
-0.05045207962393761 -0.37093597650527954 0.0010178895900025964
0.061145931482315063 -0.32764071226119995 -0.03887761011719704
0.08872944116592407 -0.17443588376045227 0.21167010068893433
-0.016459675505757332 -0.06067557632923126 0.2193099409341812
-0.08698507398366928 -0.43163949251174927 0.04348945617675781
0.11149563640356064 -0.2733694612979889 -0.16681650280952454
0.18162329494953156 -0.061872612684965134 0.08541205525398254
0.053834810853004456 -0.3397378623485565 -0.15429773926734924
-0.11578795313835144 -0.06406387686729431 0.3270563781261444
-0.11381048709154129 -0.16104024648666382 0.04554256051778793
0.04683039337396622 0.029304130002856255 0.23121768236160278
-0.2810424566268921 -0.23184312880039215 0.1315087229013443
-0.11456652730703354 0.21119807660579681 0.12311988323926926
0.1284617781639099 -0.2183074951171875 -0.17258156836032867
-0.03239315375685692 -0.3646128475666046 0.04192180559039116
-0.012175479903817177 -0.30955857038497925 -0.14148838818073273
0.061876725405454636 -0.22392499446868896 0.21862530708312988
-0.03219200298190117 -0.1458578258752823 0.07461845874786377
-0.014340527355670929 -0.3368564248085022 0.01023988425731659
0.028819315135478973 -0.2966448664665222 0.09777209162712097
0.17746086418628693 -0.2706718444824219 -0.2362421303987503
-0.023429786786437035 -0.31007155776023865 0.03848572447896004
-0.09677993506193161 -0.33827289938926697 -0.026201365515589714
-0.06784763187170029 -0.3008466064929962 -0.13039621710777283
-0.04693981260061264 -0.31981298327445984 -0.06967495381832123
-0.09267811477184296 -0.20218685269355774 0.1732339709997177
0.034030504524707794 -0.2606559097766876 0.08023667335510254
0.10538091510534286 -0.24175874888896942 -0.0189149659126997
-0.10430299490690231 -0.1348467469215393 -0.20440828800201416
0.24399465322494507 -0.32645589113235474 -0.026426153257489204
0.0022969671990722418 -0.1145649328827858 -0.14724667370319366
0.32106122374534607 -0.17299990355968475 -0.270953506231308
-0.038548022508621216 -0.2727028727531433 -0.13458779454231262
-0.08162561058998108 -0.15436455607414246 -0.08874223381280899
-0.03383918106555939 -0.3002389371395111 -0.19110168516635895
0.06435686349868774 -0.14395612478256226 -0.04143102094531059
0.1395820528268814 -0.22287045419216156 -0.07693811506032944
0.06769492477178574 -0.23686902225017548 -0.21020115911960602
0.13389578461647034 -0.3340303897857666 0.016351601108908653
0.17684166133403778 -0.19077545404434204 0.03263002634048462
-0.05110175535082817 -0.16321136057376862 0.03621556982398033
-0.1219756081700325 -0.2709710896015167 0.015102781355381012
0.16461361944675446 -0.18438218533992767 0.13572846353054047
-0.05596556514501572 -0.1315021961927414 0.15823280811309814
0.17338983714580536 -0.29069557785987854 -0.11760199069976807
-0.04409206286072731 -0.24224278330802917 -0.21728788316249847
-0.1610456258058548 -0.2284500002861023 0.1225736066699028
0.0687096118927002 -0.10574046522378922 0.2287076860666275
0.3205718696117401 -0.17360275983810425 -0.2298336625099182
0.010563867166638374 -0.19253772497177124 0.12704738974571228
-0.047903627157211304 -0.32949790358543396 -0.02095657028257847
-0.18308448791503906 -0.003814299590885639 0.1671837866306305
-0.48463863134384155 -0.19748365879058838 0.17835356295108795
0.10099054127931595 -0.15693572163581848 -0.034724023193120956
0.09066560119390488 -0.3057023286819458 -0.007365740370005369
0.02471955679357052 -0.337645947933197 0.06084422767162323
0.005513748619705439 -0.29631757736206055 -0.12543030083179474
-0.11070173233747482 0.015252351760864258 0.12471164762973785
-0.16185486316680908 -0.18746070563793182 0.06057688593864441
-0.14653202891349792 -0.31625011563301086 -0.033799804747104645
0.04140569642186165 -0.35490840673446655 0.2106207013130188
0.07483652234077454 -0.309286892414093 0.01650513894855976
-0.19107738137245178 -0.06932733207941055 -0.0893656313419342
0.0046451510861516 -0.2040044069290161 0.1632777452468872
-0.055665552616119385 -0.3158377408981323 0.08970732986927032
-0.1663285493850708 -0.061656367033720016 0.14115086197853088
0.06678330898284912 -0.30274203419685364 0.03755216300487518
0.18018290400505066 -0.2961324155330658 -0.17960204184055328
-0.08613205701112747 0.023888135328888893 0.012734020128846169
0.0726359635591507 -0.3278682827949524 -0.19484207034111023
-0.10075603425502777 -0.2895769774913788 -0.3183227777481079
0.1759350299835205 -0.33874401450157166 -0.025405224412679672
-0.17694859206676483 -0.291210412979126 -0.08302834630012512
-0.04154684767127037 -0.13779279589653015 -0.20406296849250793
0.21853694319725037 -0.2745751738548279 0.04600376635789871
0.07458283752202988 -0.20851671695709229 0.09323594719171524
0.18763422966003418 -0.10482494533061981 -0.06600821763277054
0.13204415142536163 -0.08485361188650131 0.1470121592283249
0.055294908583164215 -0.31981202960014343 0.038206398487091064
0.032777752727270126 -0.3458022177219391 0.04897307604551315
-0.14758700132369995 -0.3018742501735687 0.004293684381991625
-0.20402483642101288 -0.04469674080610275 0.04092620313167572
-0.042974915355443954 -0.254523903131485 0.14343562722206116
-0.02849297784268856 -0.3330075740814209 -0.06979965418577194
0.1379948854446411 -0.23572173714637756 -0.062376659363508224
-0.1061299592256546 -0.3120917081832886 -0.05484471842646599
0.027939610183238983 -0.24623210728168488 0.08881878107786179
0.2801732122898102 -0.07594191282987595 0.013391749933362007
-0.037571679800748825 -0.16503183543682098 0.20411711931228638
0.060929711908102036 -0.28818175196647644 -0.13711129128932953
0.1815762221813202 -0.23562878370285034 -0.017738288268446922
-0.15556366741657257 -0.30316439270973206 0.13443709909915924
0.2214086502790451 -0.2788858711719513 -0.11513500660657883
-0.14518670737743378 -0.3008667528629303 0.03274523839354515
-0.08236390352249146 -0.2553761899471283 -0.23759227991104126
-0.12421726435422897 -0.26871880888938904 0.020658452063798904
-0.2152007818222046 -0.08504248410463333 -0.2951132357120514
-0.1049819067120552 -0.11965042352676392 0.2225995659828186
-0.3105389475822449 -0.23556697368621826 -0.05304322764277458
0.13453064858913422 -0.3006511926651001 0.03053930029273033
-0.12342824041843414 -0.14442078769207 -0.18800213932991028
-0.003794493153691292 -0.10204953700304031 0.06930628418922424
-0.08964008837938309 0.04795398190617561 0.37793803215026855
-0.039522312581539154 -0.020442504435777664 0.2534061372280121
0.18506750464439392 -0.0548226535320282 0.13814681768417358
-0.021039219573140144 -0.07720790803432465 0.13902637362480164
-0.027772417291998863 -0.2800517976284027 0.129092738032341
0.24412454664707184 -0.08800710737705231 -0.023483261466026306
0.006497394759207964 -0.3037441670894623 -0.032892920076847076
0.06075161695480347 -0.31707608699798584 -0.05403516814112663
-0.0015208984259516 0.017745204269886017 0.10540656000375748
-0.027401836588978767 -0.03404758498072624 0.1533256620168686
0.054844751954078674 0.0736541599035263 -0.00264378497377038
0.10654767602682114 -0.26385071873664856 0.10391446948051453
-0.06453223526477814 -0.32995548844337463 -0.08366937190294266
-0.005617005750536919 -0.2867576777935028 0.09752923995256424
0.08349279314279556 -0.22875681519508362 0.0715159997344017
-0.04322176054120064 -0.24679552018642426 0.14380262792110443
0.03036545217037201 -0.33903878927230835 -0.035529449582099915
-0.03962535038590431 -0.20588929951190948 0.0356217585504055
-0.030219346284866333 -0.1710963398218155 0.061690136790275574
-0.2174491584300995 -0.2364589273929596 -0.13669416308403015
0.0968543067574501 -0.22924356162548065 0.13801029324531555
0.08556068688631058 -0.2950252592563629 0.057634998112916946
-0.018399974331259727 -0.11595136672258377 0.3027150332927704
0.06351647526025772 -0.34201809763908386 -0.0442347526550293
0.07989748567342758 -0.11282284557819366 0.17622382938861847
-0.24291084706783295 0.00012076576240360737 -0.26087483763694763
0.1164281889796257 -0.24087849259376526 -0.04904245212674141
-0.1611887812614441 -0.2397051453590393 -0.14864219725131989
-0.03407956659793854 -0.29656943678855896 -0.1185954213142395
0.07486406713724136 -0.2551594376564026 -0.05186832696199417
0.12381866574287415 -0.31924745440483093 -0.060535404831171036
0.07945320755243301 -0.09748918563127518 -0.028582504019141197
0.04840177297592163 -0.32714128494262695 0.05603092536330223
-0.20972692966461182 -0.21244722604751587 0.059050917625427246
0.0787075087428093 -0.14447109401226044 -0.2506958544254303
0.23496845364570618 -0.32393044233322144 0.016734831035137177
-0.08504315465688705 -0.22583773732185364 0.1448829621076584
-0.09011771529912949 -0.2797166407108307 0.1306736171245575
0.012724258005619049 -0.055716656148433685 0.2544221878051758
0.1438204050064087 -0.29623082280158997 -0.2144322544336319
0.0011949995532631874 -0.1451236456632614 0.14013150334358215
-0.06884567439556122 -0.07446029037237167 -0.07816852629184723
-0.24900782108306885 -0.10258765518665314 -0.1428159475326538
-0.02645736187696457 -0.3469459116458893 -0.005283882841467857
-0.03568810969591141 -0.28894808888435364 0.06337977945804596
-0.3406386077404022 -0.06875337660312653 -0.14706866443157196
0.11830568313598633 -0.2363099753856659 -0.09461750090122223
0.16819900274276733 -0.24028638005256653 -0.09822718054056168
0.002677351702004671 -0.19187426567077637 0.11156938225030899
-0.10305311530828476 -0.2969690263271332 -0.012070819735527039
0.11477299779653549 -0.32351240515708923 -0.2614120543003082
0.013065291568636894 -0.19490431249141693 0.0551593042910099
-0.3173379600048065 0.09462972730398178 0.04784420132637024
-0.16831821203231812 -0.32807326316833496 0.10895741730928421
0.2434992492198944 -0.2941473126411438 0.01672828011214733
0.021806713193655014 -0.2811785638332367 0.03862465173006058
0.15619194507598877 -0.1139242872595787 0.14548911154270172
0.09125273674726486 -0.16353021562099457 0.13684813678264618
0.3279992938041687 -0.08292955905199051 0.15328305959701538
0.012314802035689354 -0.13619376718997955 0.23362703621387482
-0.13921736180782318 -0.13274918496608734 -0.20826958119869232
-0.09116940945386887 -0.15908734500408173 0.07614003866910934
-0.21123191714286804 -0.23341728746891022 -0.20793235301971436
-0.07422015070915222 -0.3003494143486023 -0.17261064052581787
-0.2546639144420624 -0.25254377722740173 -0.000392313813790679
0.04068416357040405 -0.3207937777042389 -0.1334298551082611
0.5013106465339661 -0.030267706140875816 0.0680341124534607
-0.05316659435629845 -0.2587295174598694 -0.1179737001657486
0.14097249507904053 -0.2775941491127014 -0.31323134899139404
0.10862530767917633 -0.01646658219397068 0.27118146419525146
0.1538604199886322 0.005674759857356548 -0.25332075357437134
-0.06871937215328217 -0.0915355235338211 0.2149609923362732
0.22979554533958435 -0.3088429272174835 -0.020023999735713005
0.05531003698706627 -0.4206034541130066 0.153691828250885
0.05392397567629814 -0.341902494430542 0.007610033731907606
0.23421838879585266 -0.2647516429424286 0.2449977546930313
-0.05987365543842316 -0.2966713309288025 -0.14959555864334106
-0.09290958940982819 -0.10875590890645981 0.1387544870376587
-0.2284388542175293 -0.1409251093864441 -0.26885873079299927
0.16359417140483856 -0.21576754748821259 0.007610117085278034
0.03956100717186928 -0.28256168961524963 0.0068601276725530624
0.04750489816069603 -0.325643390417099 -0.03354506194591522
-0.29580801725387573 -0.1991916000843048 -0.2042010873556137
0.21427473425865173 0.067914679646492 0.1780543327331543
0.11370796710252762 -0.3282625377178192 0.06503760069608688
0.047990068793296814 -0.2675476670265198 -0.19956077635288239
0.31674477458000183 -0.020002873614430428 0.17878283560276031
0.2670726180076599 -0.23512345552444458 -0.12498880177736282
0.03244667500257492 -0.10998329520225525 0.21330349147319794
0.06336137652397156 -0.30570513010025024 -0.10115611553192139
0.027093539014458656 -0.2167959064245224 0.14997133612632751
-0.02697908692061901 -0.09229166060686111 0.2582671642303467
0.16248564422130585 -0.32235828042030334 0.03506431356072426
0.023562993854284286 -0.3089633285999298 0.07250628620386124
-0.1961447149515152 -0.046848949044942856 0.2686813175678253
-0.3302100598812103 -0.05055351182818413 -0.012149225920438766
-0.008046373724937439 -0.301821768283844 -0.14327798783779144
0.006077643018215895 -0.2832423448562622 -0.22739818692207336
-0.14094609022140503 -0.13952571153640747 -0.17391368746757507
-0.10895361006259918 -0.2569504976272583 -0.003051340114325285
-0.17191290855407715 -0.2966431975364685 -0.06795394420623779
-0.09632258117198944 -0.20908942818641663 -0.051718130707740784
-0.030716605484485626 -0.31834080815315247 -0.1288594752550125
0.1360422670841217 -0.10489904135465622 0.13770730793476105
0.20280355215072632 -0.3163047730922699 0.005111559294164181
-0.14256642758846283 -0.3067959249019623 -0.017634591087698936
-0.10915109515190125 -0.09956911206245422 -0.027078788727521896
0.05974867194890976 -0.12729297578334808 0.16899919509887695
0.08768890798091888 -0.22236284613609314 -0.1928066611289978
0.12456031888723373 -0.2946587800979614 0.09249082952737808
0.19468717277050018 -0.1689857840538025 0.08694884181022644
0.1130819171667099 -0.19905667006969452 -0.12916262447834015
0.040037550032138824 -0.3333621621131897 -0.04790059104561806
-0.21321628987789154 -0.23327171802520752 0.08569753915071487
-0.04137051850557327 0.039098311215639114 0.28755226731300354
0.10295793414115906 -0.2732796370983124 -0.2448572963476181
-0.1792733520269394 -0.1682666540145874 0.11534200608730316
0.22194507718086243 -0.057755351066589355 0.1537180244922638
0.02319442108273506 -0.31369417905807495 -0.06995336711406708
-0.02026008442044258 -0.06693722307682037 -0.10755474865436554
0.07822831720113754 -0.18178784847259521 0.11495887488126755
0.09601984173059464 -0.21120169758796692 -0.15560944378376007
0.13839425146579742 -0.18312227725982666 0.232346311211586
0.06524242460727692 -0.2672670781612396 -0.053814418613910675
-1.878943294286728e-06 -0.3471394181251526 -0.05546749755740166
-0.28112900257110596 -0.07942881435155869 -0.19049794971942902
-0.07690984010696411 -0.08032606542110443 0.03586990386247635
-0.37854257225990295 -0.08618631958961487 0.07959748059511185
-0.0460946261882782 -0.25556716322898865 0.12640313804149628
0.21412384510040283 -0.30795514583587646 -0.0940706729888916
-0.03875378891825676 -0.3102160692214966 0.06292547285556793
-0.19785425066947937 -0.10411395132541656 0.16817019879817963
0.04375632852315903 -0.13962288200855255 0.11952070891857147
-0.18276627361774445 -0.18724793195724487 0.04892551898956299
0.09082477539777756 -0.10260961949825287 0.10440676659345627
0.18882764875888824 -0.2392897605895996 0.14574049413204193
0.1484171599149704 -0.2883252203464508 -0.1505661904811859
0.08271904289722443 -0.22543279826641083 -0.2957223653793335
0.16747871041297913 -0.15168188512325287 0.08823885023593903
-0.22669380903244019 -0.12577049434185028 -0.016094354912638664
0.06001798063516617 0.35366523265838623 0.3166159391403198
0.28023025393486023 -0.22264426946640015 0.07100845128297806
0.09064125269651413 -0.21518434584140778 0.07522783428430557
-0.10579057782888412 -0.2874307632446289 0.01936756633222103
0.12679988145828247 -0.1842034012079239 -0.0900106132030487
-0.17360270023345947 -0.1211974173784256 0.16095076501369476
0.04727651923894882 -0.268297404050827 0.030383460223674774
-0.23389223217964172 -0.28526461124420166 0.03982386738061905
-0.1405501663684845 -0.13375218212604523 0.10360248386859894
-0.09333141893148422 -0.11857345700263977 -0.18716830015182495
-0.25991764664649963 0.10988231748342514 0.09054010361433029
-0.11784005165100098 0.04087500274181366 0.4209572374820709
0.23534132540225983 -0.3089630603790283 0.006783786229789257
-0.23906059563159943 -0.3076660633087158 -0.06633248180150986
0.0978415459394455 -0.3148348927497864 -0.03839130327105522
-0.06994059681892395 -0.29631730914115906 0.08186977356672287
0.0059382119216024876 -0.3036532402038574 -0.016676466912031174
-0.025190256536006927 -0.321975439786911 0.08570679277181625
-0.1938847154378891 -0.2686183750629425 0.04349809139966965
-0.0500226691365242 -0.23329231142997742 -0.1482900083065033
-0.12367766350507736 -0.24845406413078308 0.09980896860361099
-0.24502937495708466 0.00928417406976223 -0.11984815448522568
-0.11326974630355835 -0.29364413022994995 -0.0498189777135849
-0.023197509348392487 -0.31045958399772644 -0.12984931468963623
-0.1066984012722969 0.1265333592891693 0.4512908160686493
0.06291745603084564 -0.19497273862361908 -0.05498902499675751
0.09720516204833984 -0.0878368467092514 0.11685799807310104
0.10770108550786972 -0.281624436378479 -0.10341571271419525
0.16152119636535645 -0.33916640281677246 0.01871231198310852
-0.05693275108933449 -0.2650107145309448 -0.054246917366981506
-0.0859091654419899 0.0004700039280578494 0.12458695471286774
0.07642746716737747 -0.17300522327423096 0.18719792366027832
0.1580953449010849 0.1074509471654892 0.3946797549724579
-0.11875346302986145 -0.2489238679409027 0.1332346498966217
-0.3219699263572693 -0.25795355439186096 -0.20638445019721985
0.1018771380186081 -0.30977553129196167 -0.02476259134709835
0.07276061922311783 -0.2897810935974121 0.03274738788604736
-0.25510746240615845 -0.13274739682674408 -0.011671429499983788
-0.05106150358915329 -0.13453592360019684 0.09094774723052979
0.0769510492682457 -0.25526753067970276 -0.1398550122976303
0.17837105691432953 -0.040266960859298706 0.19434520602226257
0.06918030232191086 -0.24844802916049957 0.1476222276687622
-0.14771172404289246 -0.29284560680389404 -0.17333540320396423
0.005822950508445501 0.07267740368843079 0.13566537201404572
-0.02176748216152191 -0.30159589648246765 0.07152131199836731
0.018967008218169212 -0.08385656774044037 0.2566570043563843
0.18989670276641846 -0.05480395257472992 0.0840114876627922
0.09832341223955154 -0.004095705691725016 0.11937351524829865
-0.14580105245113373 -0.33840376138687134 -0.007000481244176626
0.07102686166763306 0.19661486148834229 0.08037874847650528
-0.03575319051742554 -0.26287490129470825 0.027593908831477165
0.024829426780343056 -0.11209569126367569 0.08109209686517715
0.1416715383529663 0.10147913545370102 0.18445459008216858
0.1307966560125351 -0.3278786838054657 -0.01834074780344963
0.09840957075357437 -0.1900126338005066 0.11144427210092545
-0.022516584023833275 -0.030131815001368523 0.06688220053911209
0.029652612283825874 -0.27153030037879944 0.28949373960494995
0.20624935626983643 -0.31316855549812317 0.0847039520740509
0.006995515897870064 -0.2920272648334503 0.08441850543022156
-0.0979214683175087 -0.3271932899951935 0.07400184869766235
0.02015579678118229 -0.2564428448677063 -0.26454079151153564
0.2978498935699463 -0.13886092603206635 -0.2510221600532532
0.12877757847309113 -0.30839309096336365 0.00953676924109459
0.025836749002337456 -0.30208197236061096 -0.11936614662408829
-0.15795664489269257 -0.26741451025009155 0.11091971397399902
0.07747890055179596 -0.28260719776153564 -0.004350591450929642
-0.11410792171955109 -0.2485674023628235 -0.006588961463421583
0.02253551594913006 -0.22912578284740448 0.09025007486343384
0.049156464636325836 -0.3205423653125763 -0.1595383733510971
0.010826602578163147 -0.07234646379947662 0.035878535360097885
-0.19087642431259155 -0.08532806485891342 0.16459481418132782
-0.21251477301120758 -0.18311244249343872 0.10015120357275009
-0.019250323995947838 -0.20629718899726868 -0.10426665842533112
0.012369221076369286 -0.299296110868454 -0.15141166746616364
0.28748926520347595 -0.21801023185253143 0.022353382781147957
0.31989213824272156 -0.19458886981010437 -0.035865411162376404
0.14510348439216614 -0.18375438451766968 -0.003565480001270771
-0.35607531666755676 -0.2127479463815689 -0.03553799167275429
0.1549682766199112 0.06270752847194672 -0.09253451973199844
-0.04562559351325035 -0.11710288375616074 -0.3380950093269348
0.0711723268032074 -0.11920040100812912 0.07909886538982391
-0.274783194065094 -0.17877912521362305 0.0005566829349845648
-0.20262067019939423 0.09026801586151123 0.37525346875190735
-0.04005257412791252 -0.31389859318733215 0.015702659264206886
-0.003156932070851326 -0.34986311197280884 -0.004970870446413755
-0.1564253270626068 -0.32777270674705505 -0.07082261890172958
-0.09284812957048416 -0.24298687279224396 0.049974486231803894
-0.2063882052898407 0.07532405853271484 0.23561778664588928
0.021553553640842438 -0.29884251952171326 -0.015196194872260094
-0.2624375820159912 -0.19958357512950897 0.06481271982192993
0.17782843112945557 -0.2711126208305359 -0.032051730901002884
-0.04625251516699791 -0.126600980758667 0.1909814178943634
-0.1721828579902649 -0.23673374950885773 -0.34023338556289673
0.07523065060377121 -0.22454819083213806 0.09227967262268066
0.12042316794395447 -0.0758434608578682 -0.14145947992801666
-0.06854400783777237 -0.28585171699523926 0.09490492194890976
0.1299780309200287 -0.30356091260910034 -0.01010805368423462
-0.14344964921474457 -0.1076076552271843 0.0171354990452528
-0.15499567985534668 -0.2572462558746338 -0.17056047916412354
0.2218785434961319 0.006042187102138996 0.06277886033058167
0.13981761038303375 0.3372347354888916 0.45994386076927185
0.29744333028793335 6.672204472124577e-05 0.10576154291629791
0.1114756241440773 -0.041967108845710754 0.20166733860969543
-0.15731021761894226 0.087966188788414 0.1595667600631714
0.1896102875471115 -0.2149602174758911 0.07090377807617188
0.20262283086776733 -0.06804592907428741 0.002898171078413725
-0.028538959100842476 -0.18727192282676697 0.09250138700008392
-0.0830424502491951 -0.10068823397159576 -0.022348154336214066
-0.05417845398187637 0.0844799280166626 0.27942702174186707
0.004459078889340162 -0.3137316107749939 -0.005928087513893843
-0.00560148386284709 -0.17314603924751282 0.006676241289824247
0.2128947377204895 -0.12480483204126358 -0.12519128620624542
-0.04198198392987251 -0.311411052942276 0.007119603920727968
-0.11572404950857162 -0.27854105830192566 0.0589192695915699
0.13515643775463104 -0.28368058800697327 0.09463328123092651
-0.05026795342564583 0.11223972588777542 0.4633038640022278
0.06916514784097672 -0.3158787488937378 -0.07673171162605286
0.03832132741808891 -0.3117620348930359 0.02354329265654087
-0.09822451323270798 -0.1256243735551834 -0.01004302129149437
0.06580190360546112 -0.34326982498168945 0.10132001340389252
-0.15728425979614258 0.025326238945126534 0.2623994052410126
0.0991082414984703 -0.4267098009586334 -0.005837360862642527
0.20514431595802307 -0.10498695075511932 -0.019942721351981163
0.06057802960276604 -0.3575665056705475 -0.04283618554472923
-0.34856903553009033 0.07247287034988403 0.175233855843544
0.1809394359588623 -0.29596009850502014 -0.09375371783971786
0.219261035323143 -0.2848426103591919 -0.0703824907541275
0.03937836363911629 -0.09879900515079498 0.09325844794511795
0.1639804244041443 -0.2562037706375122 0.06667771935462952
-0.06946051865816116 -0.32473525404930115 -0.0976347103714943
0.10606234520673752 -0.1802748441696167 -0.10028575360774994
-0.09104953706264496 -0.27376294136047363 -0.17122958600521088
-0.06653403490781784 -0.33851003646850586 0.18931984901428223
0.11467014998197556 -0.2937593162059784 0.08463672548532486
0.02299131266772747 -0.03229900449514389 0.21024620532989502
-0.051470547914505005 0.13738147914409637 0.37121856212615967
0.017986521124839783 -0.18331579864025116 -0.004105663392692804
-0.09389714151620865 -0.26407307386398315 -0.14517755806446075
0.013509275391697884 -0.31224316358566284 0.011329395696520805
-0.1255509853363037 -0.2035169005393982 0.13747981190681458
-0.21374770998954773 -0.14327967166900635 0.11671764403581619
-0.14201241731643677 -0.28098681569099426 0.11379475146532059
-0.1888115555047989 -0.21330201625823975 -0.05017247423529625
-0.04626431688666344 -0.11715179681777954 0.07905854284763336
0.05501465126872063 -0.016489658504724503 0.297028511762619
0.15868960320949554 0.2451493740081787 0.3730538487434387
-0.02121240645647049 -0.318401575088501 0.22484098374843597
0.04623595252633095 -0.19184590876102448 0.07176994532346725
-0.10849621146917343 -0.32539257407188416 -0.09239596873521805
0.15304800868034363 -0.21244804561138153 -0.05961544066667557
0.2806355059146881 0.006231203209608793 0.061756499111652374
-0.04445727914571762 -0.3417762815952301 -0.0773434117436409
0.10715576261281967 -0.23980921506881714 0.0740453228354454
0.15201565623283386 -0.2976938486099243 -0.1626814752817154
0.07249602675437927 -0.13393059372901917 0.18701352179050446
-0.1397102028131485 -0.264087975025177 -0.17743025720119476
0.0665460005402565 -0.17391999065876007 0.017942501232028008
0.22487306594848633 -0.22627487778663635 -0.22121910750865936
-0.02148987166583538 -0.32671549916267395 0.12813684344291687
-0.10566015541553497 0.001655522733926773 0.36737290024757385
0.2140500247478485 -0.28340232372283936 -0.10751162469387054
-0.23533961176872253 -0.11155456304550171 0.2095460295677185
0.14648543298244476 -0.1092175766825676 0.039186690002679825
0.06137104704976082 -0.15986010432243347 0.1497879922389984
-0.2890128791332245 -0.21818028390407562 0.17729118466377258
-0.25483056902885437 -0.05599059537053108 -0.07363598793745041
-0.08859721571207047 -0.09288816899061203 -0.12881894409656525
-0.15003333985805511 -0.19979232549667358 -0.0518847219645977
0.16193509101867676 -0.11279699951410294 0.06648637354373932
0.07594867795705795 -0.2955656945705414 0.15811923146247864
0.23682788014411926 -0.29486703872680664 -0.08846258372068405
0.28899723291397095 -0.22904250025749207 0.12570032477378845
0.028299951925873756 -0.3469963073730469 0.05203187093138695
0.109500952064991 -0.20984134078025818 0.1624845713376999
0.06813736259937286 -0.2964566946029663 -0.37876957654953003
0.15059205889701843 -0.21553033590316772 0.052551817148923874
0.03828186169266701 -0.3293011784553528 0.14012807607650757
0.03837187588214874 -0.26565542817115784 -0.07961298525333405
0.11686509102582932 -0.0020466106943786144 0.25151434540748596
0.2342488318681717 -0.08863885700702667 0.09129303693771362
-0.11598624289035797 -0.29671213030815125 0.0430336557328701
0.040939461439847946 -0.31466251611709595 -0.015599990263581276
0.08737682551145554 -0.08456684648990631 0.38529783487319946
-0.06086372956633568 -0.2354084849357605 -0.05616852641105652
-0.004677750635892153 0.042109135538339615 0.2609027326107025
0.2260623574256897 -0.03917863965034485 0.11026426404714584
0.1133560836315155 -0.09599041938781738 -0.1574685275554657
-0.25822579860687256 -0.12563860416412354 0.0637107789516449
-0.3074183762073517 -0.15173111855983734 0.18268880248069763
-0.11874347180128098 -0.3437538146972656 0.0400741808116436
-0.013951016589999199 -0.028105558827519417 0.22381244599819183
0.2357131987810135 -0.31405535340309143 0.004487641155719757
0.13271938264369965 -0.24525421857833862 -0.08760368824005127
-0.08672191947698593 -0.3304881751537323 -0.05122201517224312
-0.11627406626939774 -0.31704843044281006 -0.06824518740177155
0.06617534905672073 -0.30428430438041687 -0.20944012701511383
0.13854314386844635 -0.29950496554374695 0.044585540890693665
0.1284063756465912 -0.19852738082408905 -0.07563186436891556
-0.1546986699104309 -0.33320462703704834 0.12783625721931458
0.036486659198999405 -0.07249206304550171 0.19484388828277588
0.10131374001502991 -0.28033342957496643 -0.07568652927875519
0.24867106974124908 -0.2282954454421997 0.034908220171928406
-0.336179256439209 -0.04080309718847275 0.04633771628141403
-0.17143820226192474 -0.16622957587242126 -0.24445383250713348
-0.103345587849617 -0.2878139615058899 -0.012633007019758224
-0.13794125616550446 -0.13547590374946594 0.14547190070152283
-0.35525062680244446 -0.13722866773605347 -0.07097597420215607
-0.06536556035280228 -0.24792614579200745 -0.26510921120643616
0.20405033230781555 -0.19125576317310333 0.13876159489154816
0.11311465501785278 -0.023398926481604576 0.03372172266244888
-0.03511001542210579 -0.25210949778556824 0.05595329776406288
-0.08920364081859589 -0.2065289467573166 -0.3709971308708191
0.027233464643359184 -0.2875450849533081 -0.15759320557117462
-0.07656771689653397 -0.3157497048377991 0.035334158688783646
0.05853591859340668 0.05920012667775154 0.3238697052001953
-0.07057160139083862 0.02174474112689495 0.11643248796463013
0.054670557379722595 0.060180626809597015 0.14815381169319153
-0.2682721018791199 -0.14250238239765167 0.15184463560581207
-0.1420268714427948 -0.018809298053383827 0.026023197919130325
-0.06644222140312195 -0.3199566900730133 0.06694880872964859
-0.02963286079466343 -0.25323066115379333 -0.019664615392684937
-0.04127519950270653 -0.3104003369808197 -0.10714186728000641
-0.10132630914449692 -0.31090864539146423 -0.289595365524292
-0.15777017176151276 -0.3382847309112549 0.06332585960626602
-0.04861120134592056 -0.20211604237556458 0.21975962817668915
0.1494513303041458 -0.1989966779947281 -0.16342692077159882
0.005170975811779499 -0.2877443730831146 0.04843541607260704
0.12889660894870758 -0.2693687379360199 0.1327306032180786
0.12041522562503815 -0.23562312126159668 0.10236486047506332
-0.024202145636081696 -0.15359367430210114 0.1084689274430275
0.05339482054114342 -0.2873430848121643 0.034496475011110306
-0.15294206142425537 -0.05227319523692131 0.000634953030385077
0.18393419682979584 -0.25188255310058594 -0.022454623132944107
0.19905012845993042 -0.25571662187576294 0.011009147390723228
0.02463868260383606 -0.1651178002357483 0.21116529405117035
-0.13856548070907593 -0.10286974906921387 -0.23615628480911255
0.10641449689865112 -0.22203926742076874 0.013370802626013756
0.07474343478679657 -0.2802734673023224 -0.020299557596445084
0.1038011908531189 -0.294172465801239 0.10246272385120392
0.1680336892604828 -0.07795031368732452 0.15682865679264069
0.1084078699350357 -0.2849220633506775 0.2155114710330963
0.14170119166374207 -0.5442933440208435 -0.6437159776687622
0.14553087949752808 -0.14562462270259857 0.029861364513635635
-0.08144555240869522 -0.24350783228874207 0.17384733259677887
0.18044663965702057 -0.31389543414115906 0.0017242595786228776
-0.21681876480579376 -0.33453649282455444 0.002874941797927022
-0.36506250500679016 -0.2971988618373871 0.06413450092077255
-0.10787741094827652 -0.19133295118808746 -0.12773384153842926
-0.12295791506767273 -0.2011386752128601 -0.22056248784065247
0.09536416083574295 -0.32509347796440125 0.018220329657197
0.26498404145240784 -0.18622995913028717 -0.08022136986255646
-0.08678656816482544 -0.2247401475906372 -0.030966730788350105
0.16616351902484894 -0.30618393421173096 -0.04616617411375046
0.1939483880996704 -0.3342773914337158 -0.2987145483493805
-0.23249031603336334 -0.31528037786483765 -0.03234529495239258
0.09978507459163666 -0.07356157153844833 0.12940557301044464
0.14113736152648926 -0.2973378896713257 -0.2063911259174347
0.19401231408119202 -0.17501980066299438 -0.08512523025274277
0.08966588973999023 -0.2901015877723694 -0.2567228078842163
-0.19462642073631287 -0.1031431332230568 -0.012118980288505554
-0.062142252922058105 -0.33493539690971375 -0.32085123658180237
-0.22393523156642914 -0.1541341096162796 0.06158991903066635
-0.07302865386009216 -0.2013087272644043 -0.028600675985217094
0.0241126399487257 -0.2016666829586029 -0.1813172847032547
0.12289904057979584 -0.12254951894283295 0.22528783977031708
0.14568977057933807 -0.27912887930870056 0.061912622302770615
-0.06906482577323914 -0.04815085977315903 -0.029845548793673515
-0.23014795780181885 -0.27898886799812317 0.009644294157624245
0.268291711807251 -0.18482597172260284 -0.03473183885216713
-0.14516770839691162 -0.09499025344848633 0.017579639330506325
0.03828977048397064 0.026136480271816254 0.2845098674297333
0.16157029569149017 0.1310591995716095 0.4640023112297058
-0.09525051712989807 -0.10847850143909454 -0.011274537071585655
-0.13376878201961517 -0.11864713579416275 0.024641184136271477
-0.025279996916651726 -0.29832935333251953 0.07832055538892746
-0.005253511480987072 -0.12542912364006042 0.01939357817173004
0.005353426560759544 -0.11023813486099243 -0.19224247336387634
-0.007641477044671774 -0.13754959404468536 0.24303734302520752
0.19663533568382263 -0.26279523968696594 0.09067439287900925
-0.03083236888051033 -0.17818273603916168 -0.07761664688587189
0.23225437104701996 -0.3909789025783539 -0.04327879101037979
-0.2669503390789032 -0.28797510266304016 0.09643513709306717
0.20561166107654572 -0.2795180380344391 -0.1091884896159172
0.020983915776014328 -0.3221675753593445 -0.010012568905949593
0.10737348347902298 -0.04544220492243767 0.26100629568099976
-0.11761774122714996 -0.18629717826843262 0.2658195495605469
-0.016276264563202858 -0.24033123254776 -0.019219260662794113
0.01938452571630478 -0.15998879075050354 -0.003558287862688303
0.04739012196660042 -0.2579115927219391 0.039090849459171295
0.03477512300014496 0.20065534114837646 0.0991019532084465
0.10714264214038849 -0.23465295135974884 0.09529779851436615
0.05578834190964699 -0.2703268229961395 0.05823267996311188
-0.009319847449660301 0.06766479462385178 0.31769859790802
0.07881192862987518 0.21437343955039978 0.02646639198064804
-0.1654605269432068 -0.2738318145275116 0.048707492649555206
-0.02327994629740715 -0.29768654704093933 0.09757369756698608
0.11853178590536118 -0.3426249027252197 -0.03515808656811714
0.19636717438697815 -0.14415748417377472 -0.042784906923770905
-0.1300714761018753 0.17509639263153076 0.24889084696769714
0.18856646120548248 -0.04306992515921593 0.1606956422328949
0.024519503116607666 -0.3298810124397278 -0.03402065485715866
-0.18206535279750824 -0.19924962520599365 -0.16926130652427673
0.045943401753902435 -0.2695252299308777 0.11418811231851578
-0.051645342260599136 -0.35020846128463745 0.004200450144708157
0.06658393144607544 -0.05683784931898117 0.2483726441860199
-0.13765224814414978 -0.07606209069490433 -0.007884351536631584
0.07608877867460251 -0.2719443142414093 0.040034256875514984
0.05560176819562912 -0.23821118474006653 0.16619659960269928
-0.024236535653471947 -0.2512960731983185 -0.10533953458070755
-0.05626928061246872 -0.29151609539985657 0.01008622720837593
-0.19470155239105225 -0.10842455923557281 0.07815435528755188
0.054523881524801254 -0.2907017469406128 -0.2562505602836609
-0.013711078092455864 -0.1249036118388176 0.041813697665929794
0.089198999106884 -0.033819928765296936 0.2715786099433899
-0.09211337566375732 -0.27402040362358093 -0.3003316819667816
0.11023212969303131 -0.08041881769895554 -0.19367600977420807
-0.014850419014692307 -0.1424548178911209 -0.14109423756599426
-0.02778947353363037 -0.3161586821079254 -0.035720232874155045
-0.026613377034664154 0.08543165028095245 0.10566896200180054
0.0378732793033123 0.0022823724430054426 -0.3062969148159027
0.07317657768726349 -0.29898345470428467 -0.21828876435756683
0.061915818601846695 -0.03227280080318451 -0.23757506906986237
-0.09965505450963974 -0.29174089431762695 0.09155413508415222
0.19436205923557281 -0.29881182312965393 0.07323871552944183
-0.07808477431535721 -0.22193120419979095 -0.07821464538574219
-0.06736992299556732 -0.2896190285682678 -0.0434042252600193
0.17400644719600677 -0.20154307782649994 0.1657726764678955
-0.2916414737701416 -0.06603783369064331 -0.06299249827861786
-0.041838061064481735 -0.19500155746936798 -0.04644595459103584
-0.573124885559082 0.03663458302617073 -0.15722763538360596
-0.32034605741500854 -0.27214357256889343 0.08095037937164307
-0.3549678921699524 -0.06691579520702362 0.24035882949829102
0.07161024957895279 -0.2861114740371704 0.125427708029747
0.046467721462249756 0.02063320390880108 0.12317679822444916
-0.17532634735107422 0.01693885028362274 -0.109904445707798
0.15351353585720062 0.06052364408969879 -0.055428821593523026
0.035748887807130814 -0.10811866819858551 0.29564377665519714
-0.10179436206817627 -0.24777910113334656 0.11994802206754684
-0.10356871038675308 -0.2648716866970062 -0.1764005571603775
-0.1528850495815277 -0.26708319783210754 -0.1620623916387558
0.30721545219421387 -0.3475336730480194 -0.017859000712633133
0.08858607709407806 -0.3318599462509155 -0.004892696626484394
0.08817782998085022 -0.21729372441768646 0.110316202044487
-0.193108469247818 -0.08584045618772507 0.13088327646255493
0.12192390859127045 -0.3254205286502838 -0.05328333377838135
-0.07616052031517029 -0.10654310137033463 0.2141725867986679
0.011479804292321205 -0.22186633944511414 0.23858888447284698
-0.11254595965147018 -0.21828220784664154 -0.08370557427406311
-0.22119247913360596 -0.06704939901828766 0.08826866000890732
-0.10122017562389374 -0.12056249380111694 -0.05774287134408951
0.06507506221532822 -0.288691908121109 -0.17055422067642212
0.08306480199098587 -0.3021347224712372 -0.23171348869800568
0.01760263368487358 -0.3340957760810852 -0.08945131301879883
0.0071829515509307384 -0.32200056314468384 -0.10715962946414948
-0.03210827708244324 -0.3014877438545227 0.09525666385889053
0.010932454839348793 -0.048865512013435364 -0.11551161855459213
0.15771354734897614 -0.28239932656288147 0.14108580350875854
-0.008986538276076317 -0.5148455500602722 -0.33088040351867676
0.13913293182849884 -0.17699222266674042 0.013688933104276657
0.10267389565706253 -0.05554308369755745 0.36835330724716187
0.03251884505152702 -0.31335973739624023 -0.08310635387897491
-0.24929121136665344 -0.23531349003314972 0.008639384061098099
0.2278074473142624 -0.2821826934814453 -0.24099548161029816
-0.17112848162651062 0.0301616620272398 0.28420621156692505
0.10506747663021088 -0.2456866353750229 -0.05473156273365021
-0.09448148310184479 -0.16746383905410767 0.30206531286239624
-0.035333581268787384 -0.33928030729293823 -0.0790223479270935
-0.20550136268138885 -0.20647938549518585 0.16323043406009674
0.019781434908509254 -0.28033116459846497 0.025640878826379776
0.061327848583459854 -0.2710418701171875 -0.12132211774587631
0.10061552375555038 -0.16758845746517181 -0.0049043879844248295
0.08926669508218765 -0.2319282591342926 -0.17636938393115997
0.12628616392612457 -0.24210397899150848 0.3583718538284302
0.14833182096481323 -0.3265147805213928 -0.06162998452782631
0.10225500166416168 -0.21728888154029846 0.06805937737226486
0.24489888548851013 -0.3688943088054657 0.1220131441950798
0.1314554065465927 -0.06417331844568253 -0.02548481523990631
0.007889648899435997 -0.1630195528268814 0.024456191807985306
0.11500381678342819 -0.06559127569198608 0.01903359964489937
0.10478183627128601 -0.3137131333351135 -0.0980125367641449
0.11118392646312714 -0.34333983063697815 0.000614029006101191
0.18272750079631805 -0.3272312581539154 0.02806042693555355
-0.17772440612316132 -0.08563882112503052 0.13849695026874542
0.1207578033208847 -0.28518253564834595 -0.017620736733078957
0.09933940321207047 -0.1549045741558075 0.15803803503513336
0.23273082077503204 -0.30371788144111633 0.042665883898735046
-0.16337445378303528 -0.03701721876859665 0.11409580707550049
0.3264193832874298 -0.29103952646255493 -0.002067382913082838
0.007722103036940098 -0.23805509507656097 0.12435610592365265
-0.015683162957429886 -0.09411609172821045 -0.27788376808166504
-0.11560648679733276 -0.2986651062965393 -0.07883886247873306
-0.009218310937285423 -0.20381316542625427 0.03484276682138443
-0.18391728401184082 -0.27983036637306213 -0.20387548208236694
-0.05234604701399803 -0.2934701144695282 -0.18866747617721558
-0.2157585173845291 -0.2542758882045746 -0.12460712343454361
0.15941573679447174 -0.3272746503353119 0.061441902071237564
-0.28942641615867615 -0.060161102563142776 0.03702259063720703
0.12611962854862213 -0.27769747376441956 -0.06462974101305008
0.0780712142586708 -0.1298818290233612 0.17973460257053375
-0.005690063815563917 -0.08872917294502258 0.1412719488143921
0.14222000539302826 -0.046379826962947845 0.10645217448472977
-0.5345926880836487 -0.25019213557243347 -0.011560620740056038
0.14117886126041412 -0.16063380241394043 0.10881732404232025
-0.21705125272274017 -0.17604875564575195 0.15511426329612732
0.039086829870939255 -0.25789913535118103 0.062082789838314056
0.2562832534313202 -0.13795071840286255 0.09005088359117508
-0.0020977400708943605 -0.25043994188308716 0.06218744441866875
0.21064402163028717 -0.2750793695449829 0.0005532123614102602
0.24686585366725922 -0.1783401519060135 0.230128675699234
-0.397914320230484 -0.1965358555316925 -0.288889616727829
0.33301883935928345 0.05807096138596535 -0.18980173766613007
0.13678918778896332 -0.30119284987449646 -0.10291638225317001
-0.20056290924549103 -0.005237327888607979 0.15234269201755524
0.15867096185684204 -0.29903650283813477 -0.15727098286151886
0.2663465440273285 0.24443021416664124 0.08672746270895004
0.0020577767863869667 -0.28782880306243896 -0.31388869881629944
-0.3191947638988495 -0.07995370775461197 -0.23405587673187256
0.0010467374231666327 -0.35758283734321594 -0.031189480796456337
0.07618502527475357 -0.31198087334632874 0.004878263920545578
0.08299730718135834 -0.32538703083992004 -0.04928451403975487
0.028646942228078842 0.003227049484848976 0.04306141659617424
0.19173967838287354 -0.08957520127296448 -0.057990267872810364
-0.12039553374052048 -0.015636920928955078 -0.02702573500573635
0.012235691770911217 -0.2963414788246155 0.008791998028755188
-0.05694219470024109 -0.26567474007606506 -0.013861918821930885
-0.18022795021533966 -0.044193051755428314 -0.1887771040201187
-0.04878229275345802 -0.1869232952594757 0.18977242708206177
-0.1382201462984085 -0.14494191110134125 -0.1848514974117279
-0.11931082606315613 -0.30919355154037476 -0.06676140427589417
-0.055108603090047836 -0.2852571904659271 -0.2675098478794098
-0.21261724829673767 -0.2571927607059479 -0.031572677195072174
-0.08309714496135712 -0.3038782477378845 0.08336084336042404
0.2585788071155548 -0.18455404043197632 -0.11485642939805984
0.055535100400447845 -0.14290305972099304 0.1798931211233139
0.22052405774593353 -0.1232096329331398 0.20657464861869812
0.11916057765483856 -0.33890655636787415 0.10948996245861053
0.022475050762295723 -0.2297482043504715 0.10272960364818573
0.2578529119491577 -0.26791393756866455 -0.19561174511909485
-0.06409960240125656 -0.32513427734375 -0.06094314530491829
0.042914602905511856 -0.32792428135871887 0.05360995978116989
-0.12432947009801865 -0.3320646286010742 -0.002552168909460306
0.12888015806674957 -0.295185387134552 -0.04511134326457977
0.04633364826440811 -0.1523614227771759 0.1531633585691452
0.18715672194957733 0.04937038943171501 0.1140141487121582
0.1423347443342209 -0.05317430943250656 0.19054527580738068
0.26874837279319763 -0.33341729640960693 0.033052485436201096
-0.07351939380168915 -0.2513081431388855 0.0585065521299839
-0.2822231948375702 -0.18564406037330627 0.1542186439037323
0.3149940073490143 -0.24208153784275055 -0.3491635322570801
-0.08645670861005783 -0.26735347509384155 -0.14977188408374786
-0.054909855127334595 -0.2685871422290802 0.11466052383184433
-0.1849754899740219 -0.3024282455444336 -0.13619612157344818
-0.06131615489721298 0.05716603621840477 0.2598823606967926
-0.07268013805150986 -0.3324553966522217 0.013767000287771225
0.25773006677627563 -0.280842125415802 -0.11160620301961899
-0.00786396861076355 -0.16885842382907867 -0.06433358043432236
-0.21118563413619995 -0.31752341985702515 -0.005899039562791586
-0.03855874016880989 -0.25923171639442444 -0.1768837571144104
-0.14299823343753815 0.09801644831895828 0.24345777928829193
0.004681704565882683 0.06289908289909363 0.34382757544517517
-0.07501599192619324 -0.23494452238082886 -0.19950415194034576
0.11615578085184097 -0.30258360505104065 0.08414910733699799
0.03442297875881195 0.019417690113186836 0.21726253628730774
0.1955403983592987 -0.29383349418640137 -0.034606702625751495
-0.17289195954799652 -0.2078452855348587 -0.021285230293869972
-0.2627655267715454 0.27347540855407715 -0.007563445251435041
0.1945466250181198 -0.32397183775901794 0.0564277209341526
0.09590669721364975 -0.31122100353240967 0.003132864600047469
0.03926125913858414 -0.18588580191135406 -0.018806129693984985
-0.32536256313323975 -0.07139681279659271 -0.022745739668607712
0.07925903797149658 -0.19746382534503937 -0.03421330079436302
-0.06912897527217865 -0.04699113965034485 0.16107885539531708
0.0552830807864666 -0.33060115575790405 -0.06405340880155563
0.09775145351886749 -0.35809633135795593 -0.18132057785987854
-0.13780930638313293 -0.31907394528388977 -0.04526780918240547
-0.18992973864078522 -0.27984818816185 -0.19360065460205078
0.22718960046768188 -0.10953404754400253 -0.03277714177966118
-0.10920636355876923 -0.2818676233291626 -0.0929105281829834
0.01754467561841011 -0.24640649557113647 -0.008691838011145592
-0.005582923069596291 -0.2529078722000122 0.09604240953922272
-0.00957486778497696 -0.21613381803035736 0.08390980213880539
0.14351996779441833 -0.2724691927433014 -0.2003471851348877
-0.17761901021003723 -0.29882946610450745 -0.13497070968151093
0.06434271484613419 -0.1574372947216034 0.29922425746917725
0.017224332317709923 -0.09089738875627518 0.3413776755332947
-0.10314664989709854 -0.10345644503831863 0.2037191092967987
0.07570961117744446 -0.15280717611312866 0.042411234229803085
0.1543913632631302 -0.3071296215057373 0.07168346643447876
-0.13734687864780426 -0.2724231481552124 -0.3339979648590088
0.034401435405015945 -0.31838518381118774 0.006772927939891815
0.04514214023947716 -0.08762677758932114 -0.0735827088356018
0.08548866212368011 -0.22508153319358826 0.10487961024045944
-0.0683257058262825 -0.19498823583126068 0.19790971279144287
0.02010120078921318 -0.31363585591316223 0.04278475418686867
-0.32673656940460205 0.13107416033744812 0.052369359880685806
0.1923535168170929 -0.17896081507205963 0.05253920704126358
-0.028938498347997665 -0.32906657457351685 -0.03593726083636284
-0.012545688077807426 -0.3035154640674591 -0.06814619898796082
-0.00738191744312644 -0.1628313809633255 0.21783354878425598
-0.21905429661273956 -0.3754262328147888 0.09323848783969879
-0.033747054636478424 -0.20069311559200287 -0.16132976114749908
0.01837192475795746 -0.3257248103618622 -0.07780187577009201
0.032393548637628555 -0.30082884430885315 0.022715449333190918
-0.06481023877859116 -0.14399190247058868 -0.14129364490509033
0.011646196246147156 -0.18213388323783875 0.196512833237648
0.046923667192459106 -0.15291453897953033 0.04081578925251961
0.08790348470211029 -0.21462640166282654 0.07465377449989319
0.0018499852158129215 -0.34117820858955383 -0.04999879002571106
0.04315571486949921 -0.27171242237091064 -0.22793568670749664
-0.16948413848876953 -0.24384240806102753 0.1623212993144989
-0.1430807262659073 -0.31132614612579346 0.027091648429632187
-0.1180691346526146 0.06255662441253662 0.44540008902549744
0.13830916583538055 -0.26072898507118225 -0.16213607788085938
0.000575876038055867 -0.27852964401245117 -0.23634324967861176
-0.037894558161497116 -0.12294496595859528 0.058622945100069046
0.013770239427685738 -0.339378297328949 0.016026150435209274
0.01902524009346962 -0.3314809501171112 0.037117816507816315
0.2776106297969818 -0.16852091252803802 -0.14700908958911896
0.02719924971461296 -0.30042991042137146 -0.04311547800898552
0.11174653470516205 -0.26902469992637634 0.0339580774307251
0.1449754536151886 -0.28566116094589233 -0.15640901029109955
0.09665046632289886 -0.13993185758590698 0.17765505611896515
-0.021797196939587593 -0.03657717630267143 0.27077019214630127
-0.10863520950078964 -0.2643525302410126 -0.20830322802066803
-0.2174026221036911 -0.23076176643371582 -0.00010685366578400135
0.2567327916622162 -0.32721588015556335 0.137261763215065
-0.12021705508232117 -0.25346601009368896 -0.06736794859170914
0.17512378096580505 -0.16208113729953766 -0.2962271273136139
-0.36132922768592834 0.26204535365104675 0.1298811286687851
0.10358027368783951 -0.1995309591293335 0.06106079742312431
-0.098451167345047 -0.1896541267633438 -0.11164071410894394
-0.023123597726225853 -0.16664986312389374 -0.06049052253365517
-0.1446446031332016 -0.23081818222999573 0.09636536985635757
-0.1738731414079666 -0.036924272775650024 0.3561805784702301
-0.44916588068008423 -0.05974804237484932 -0.2797428071498871
0.04215655475854874 -0.2633053958415985 -0.18170954287052155
0.24535271525382996 -0.21915514767169952 -0.1337941288948059
0.1220165267586708 0.02644258365035057 0.21211615204811096
-0.039601925760507584 0.10172034054994583 0.3042275011539459
0.08503416925668716 -0.22098268568515778 -0.06730080395936966
-0.05946717783808708 -0.1849207580089569 0.3473154306411743
-0.10777053236961365 -0.29884758591651917 -0.11655714362859726
-0.08978871256113052 -0.21786127984523773 0.28718462586402893
0.143746480345726 -0.24429698288440704 -0.160611093044281
0.053354278206825256 -0.11793392896652222 0.13481217622756958
-0.13935504853725433 0.1656264066696167 0.25483548641204834
0.049993325024843216 -0.2884695827960968 -0.18389034271240234
0.17491663992404938 -0.2888024151325226 -0.23174458742141724
0.16255728900432587 -0.3398834466934204 0.0054045747965574265
0.0874076634645462 -0.2548356354236603 0.11018887907266617
0.049104221165180206 -0.07917153835296631 0.012142494320869446
0.07545866072177887 -0.07626942545175552 0.02374165691435337
-0.09275532513856888 -0.11650656163692474 -0.15795926749706268
-0.060220155864953995 -0.3493889570236206 0.05892879515886307
-0.02072715014219284 -0.1940031200647354 -0.08949454873800278
0.015234733000397682 -0.2593901455402374 0.122602678835392
0.001517271506600082 -0.288083553314209 -0.1023673340678215
-0.028010929003357887 -0.3443071246147156 -0.031858403235673904
-0.3559189438819885 -0.1895500123500824 0.0384272076189518
-0.04929471015930176 -0.15508539974689484 0.16578154265880585
0.08025089651346207 -0.11818291991949081 0.15572071075439453
0.02893729694187641 -0.26538851857185364 0.04189677909016609
-0.18553778529167175 -0.1613989621400833 0.15442636609077454
-0.038750581443309784 -0.28015103936195374 -0.3312138617038727
-0.10014014691114426 -0.32440444827079773 0.11936555057764053
-0.1331178992986679 0.15912306308746338 0.0033911599311977625
-0.13054552674293518 -0.2265249341726303 0.10487942397594452
0.12884429097175598 -0.20055124163627625 -0.3830307722091675
0.13095927238464355 -0.040699128061532974 0.11170405149459839
0.09009871631860733 -0.27352800965309143 -0.12351854890584946
0.18418164551258087 0.09291397780179977 0.17033596336841583
-0.06345884501934052 -0.26609495282173157 -0.13835451006889343
0.0628475546836853 -0.28412434458732605 0.17247706651687622
-0.13522738218307495 0.027602871879935265 0.2559219300746918
0.008369185961782932 -0.3230760097503662 -0.039376623928546906
0.10970698297023773 0.024945750832557678 0.4523361623287201
-0.22283102571964264 -0.26100075244903564 0.17779289186000824
0.03712115436792374 -0.2307645082473755 0.14371104538440704
-0.022942425683140755 -0.3313117027282715 -0.12049006670713425
0.05590147152543068 -0.2596679627895355 -0.17606255412101746
0.09692896902561188 -0.39350956678390503 -0.3072555959224701
0.01881527341902256 -0.015492504462599754 0.14251472055912018
-0.12210226058959961 -0.23423393070697784 -0.01288910023868084
0.039555054157972336 -0.08164963126182556 0.014560800045728683
-0.15726050734519958 -0.18305116891860962 -0.08219464123249054
-0.17263901233673096 -0.03805721178650856 -0.2727995812892914
-0.01676219515502453 0.05333278328180313 0.07693995535373688
-0.11009347438812256 -0.1477661281824112 0.027208834886550903
-0.08519365638494492 -0.27687132358551025 -0.16806279122829437
0.05839599668979645 0.062434542924165726 0.43473631143569946
0.06188444420695305 -0.32376715540885925 0.05406494066119194
-0.0009882033336907625 0.25531095266342163 0.2094484567642212
0.057937826961278915 -0.13444772362709045 0.15117394924163818
0.07756410539150238 -0.142596036195755 -0.16305981576442719
-0.13390180468559265 0.07525873184204102 -0.07299776375293732
-0.01690724492073059 -0.33778178691864014 0.022101042792201042
-0.1327511966228485 -0.26562443375587463 -0.03794970363378525
0.028418805450201035 -0.2659832537174225 -0.05418335273861885
0.17167511582374573 0.044426675885915756 0.2631836533546448
0.055780425667762756 -0.31799501180648804 0.044356223195791245
-0.11180304735898972 -0.11338504403829575 0.1040310487151146
-0.09186848998069763 -0.23929931223392487 -0.07495960593223572
0.14404913783073425 -0.248455211520195 0.01910475082695484
0.06023893505334854 -0.12696492671966553 -0.06909209489822388
0.037771690636873245 -0.23984292149543762 0.010019596666097641
-0.11170817166566849 -0.31538286805152893 -0.1280939131975174
0.14289593696594238 -0.26205211877822876 0.12943001091480255
-0.1897381991147995 -0.10528984665870667 0.06681200116872787
0.14384637773036957 -0.20292611420154572 -0.07531845569610596
0.2339099496603012 -0.29939156770706177 0.03947378322482109
-0.13318873941898346 -0.15834376215934753 0.29878154397010803
-0.03268076479434967 -0.3180909752845764 -0.023693105205893517
-0.04797991365194321 -0.15706539154052734 0.17370092868804932
0.07779071480035782 -0.24121582508087158 -0.14147892594337463
0.09055100381374359 -0.29865050315856934 -0.011901482939720154
0.038132283836603165 -0.34800538420677185 -0.000744635472074151
0.30901873111724854 -0.21193580329418182 0.1993442177772522
-0.1373608261346817 -0.10466019809246063 -0.05270259082317352
0.11956606060266495 -0.32006222009658813 0.047975003719329834
-0.02383795939385891 -0.29675906896591187 0.10462653636932373
-0.17274650931358337 -0.33270010352134705 0.0027399093378335238
0.07596175372600555 -0.21973738074302673 -0.3138614594936371
0.015816330909729004 -0.3635748326778412 0.08782824873924255
0.007828351110219955 -0.23214761912822723 -0.13230107724666595
0.028977390378713608 -0.16641293466091156 -0.1763765662908554
0.07528382539749146 -0.02689554914832115 0.18680553138256073
-0.4244631230831146 -0.342729777097702 0.035738881677389145
-0.1387925148010254 -0.08565931767225266 -0.014660526067018509
-0.030229073017835617 -0.3243248164653778 -0.060317862778902054
0.08108803629875183 -0.3309189975261688 -0.0574970543384552
-0.14182475209236145 -0.27261292934417725 0.13607153296470642
-0.005148910451680422 -0.2906356751918793 -0.041073277592659
0.07117337733507156 -0.07945313304662704 -0.0970156192779541
0.10198204964399338 -0.323169469833374 0.022721100598573685
0.027953263372182846 -0.0900747999548912 -0.13870230317115784
-0.04623398929834366 -0.26627829670906067 0.019194016233086586
0.03520650416612625 -0.32696181535720825 -0.14278385043144226
-0.12809550762176514 -0.21935312449932098 -0.05971167981624603
-0.15054656565189362 -0.318014532327652 -0.017007378861308098
-0.222601056098938 0.19556181132793427 0.024942170828580856
-0.18080784380435944 -0.18353918194770813 0.2565297484397888
0.2500118017196655 -0.3096141219139099 -0.21805807948112488
-0.02450893074274063 -0.30561256408691406 0.061784230172634125
-0.21948498487472534 0.05324628949165344 0.2666867971420288
-0.028602756559848785 -0.058345552533864975 -0.27169734239578247
0.18308258056640625 -0.25736987590789795 -0.11465989053249359
0.1883000135421753 -0.18476879596710205 -0.1441894769668579
-0.33335691690444946 0.0026982107665389776 0.03642064705491066
-0.17326298356056213 -0.03329051285982132 -0.319296658039093
0.057215649634599686 -0.2971104383468628 -0.23922282457351685
0.06712036579847336 -0.3430910110473633 0.060444775968790054
0.21787215769290924 0.08587266504764557 0.29556116461753845
0.1432999074459076 -0.24078211188316345 -0.015577055513858795
-0.08240152895450592 -0.3163968324661255 -0.01768643595278263
0.13037827610969543 -0.16395272314548492 0.09627672284841537
0.19960975646972656 -0.3072144389152527 0.060111939907073975
-0.13245297968387604 -0.32062292098999023 0.0077214669436216354
-0.15653786063194275 -0.17151330411434174 0.08217602223157883
-0.08066485822200775 -0.21336600184440613 0.03896703943610191
0.07709350436925888 -0.2623087763786316 -0.12104405462741852
-0.2916024327278137 -0.11883123964071274 -0.28786417841911316
-0.0440942607820034 -0.29075682163238525 0.11941743642091751
0.10509601980447769 0.1695171296596527 0.09127148985862732
0.028158193454146385 -0.17418310046195984 -0.12051229178905487
-0.026824798434972763 -0.3266158998012543 -0.012974223122000694
-0.0048560695722699165 -0.15178075432777405 0.17522774636745453
0.18625737726688385 -0.15794871747493744 0.08261676132678986
-0.18317507207393646 -0.1756972223520279 0.12630370259284973
-0.008241020143032074 -0.31877192854881287 -0.16981542110443115
0.22735100984573364 -0.30450770258903503 -0.019862839952111244
-0.09349601715803146 0.0907638818025589 0.2946811020374298
0.08047659695148468 -0.18288388848304749 -0.24553246796131134
-0.27056559920310974 -0.11191500723361969 -0.03904268145561218
0.002106308238580823 -0.21546785533428192 0.02063763700425625
-0.027297522872686386 -0.2966611683368683 0.03770481050014496
-0.04044244438409805 -0.10119287669658661 0.21352799236774445
0.1873100996017456 -0.353914350271225 0.06739922612905502
0.20496611297130585 -0.17609664797782898 0.15869861841201782
0.23562943935394287 -0.227714404463768 -0.1566898226737976
0.01258733682334423 -0.1307026892900467 0.2935556471347809
-0.35560980439186096 0.16645415127277374 0.2307831048965454
0.18772335350513458 -0.33771875500679016 -0.21948513388633728
-0.16315163671970367 -0.08813872188329697 -0.10606145858764648
-0.0025208028964698315 -0.35237008333206177 -0.01916671358048916
0.13737408816814423 -0.0512721948325634 0.048681508749723434
0.09644784033298492 -0.298176646232605 -0.0024538193829357624
0.15957632660865784 -0.2816501557826996 -0.15526331961154938
-0.15278752148151398 -0.19617095589637756 -0.21451328694820404
0.1276949942111969 -0.13951782882213593 -0.1883840411901474
0.12664248049259186 -0.3194146156311035 0.05631525069475174
0.12424370646476746 -0.20777487754821777 0.20423053205013275
0.0846327468752861 -0.30660349130630493 0.03821684047579765
0.05521288141608238 -0.09552645683288574 -0.1649610847234726
0.2717091143131256 -0.05387440323829651 -0.04839324951171875
-0.10975426435470581 -0.2798248529434204 -0.10182920098304749
0.09413536638021469 -0.2677869200706482 0.1059921532869339
-0.44487613439559937 -0.07072900235652924 -0.024726632982492447
-0.1790381371974945 -0.3390098810195923 -0.00255343085154891
0.02053973264992237 -0.05483429133892059 0.2658338248729706
-0.011100078001618385 -0.23250651359558105 0.10116768628358841
0.2153107225894928 0.07579713314771652 -0.07536856085062027
-0.09581958502531052 -0.30559805035591125 -0.04475243389606476
-0.13856497406959534 -0.2983315587043762 0.1718762218952179
0.0048057823441922665 -0.27172335982322693 0.09516671299934387
-0.06152774393558502 -0.22677110135555267 -0.06533494591712952
-0.13502074778079987 0.12163480371236801 0.4140867590904236
0.03690321743488312 -0.1480012685060501 0.11131773144006729
0.1450265794992447 -0.3558439612388611 0.1627299040555954
-0.1635160893201828 -0.2715480327606201 -0.17753219604492188
0.03219936043024063 -0.2734992802143097 -0.044445235282182693
-0.2101791948080063 0.005420743487775326 0.17338092625141144
-0.04477434605360031 -0.21391019225120544 -0.2551308572292328
-0.0823553130030632 -0.30765295028686523 -0.07805648446083069
0.038140881806612015 -0.04128450155258179 0.17045503854751587
-0.14166265726089478 -0.005974768195301294 0.22030839323997498
0.0266198068857193 -0.31418898701667786 -0.03815287724137306
0.2425975799560547 -0.16802558302879333 -0.07971196621656418
-0.20688343048095703 -0.16334041953086853 -0.2352737933397293
0.21274825930595398 -0.2561125159263611 0.22537848353385925
-0.05790960416197777 -0.2457870990037918 -0.10585249215364456
-0.029501210898160934 -0.25792160630226135 -0.18281406164169312
0.25472384691238403 -0.2687428295612335 -0.20772506296634674
-0.06457491219043732 -0.30922815203666687 -0.15878205001354218
-0.389527827501297 0.14046616852283478 -0.04502958059310913
0.032442741096019745 -0.2257104218006134 0.14789670705795288
0.050158556550741196 -0.2700345516204834 -0.07023259252309799
0.20129230618476868 -0.3018520772457123 0.06952151656150818
-0.07343146204948425 -0.27460670471191406 -0.20984551310539246
0.14878879487514496 -0.010000256821513176 0.26335203647613525
-0.02306593954563141 -0.045642782002687454 0.20115499198436737
-0.11314600706100464 -0.2636357545852661 -0.7943729758262634
-0.20182383060455322 -0.337841659784317 0.07675682008266449
-0.21987834572792053 -0.2969585061073303 -0.039834894239902496
0.09954897314310074 -0.3109339773654938 -0.008744964376091957
-0.07462058961391449 -0.28331634402275085 0.07509706169366837
-0.26993125677108765 0.0017486987635493279 0.04511062428355217
0.2914871275424957 -0.2754942774772644 0.06626701354980469
-0.2165539264678955 -0.09158311039209366 0.00644583348184824
0.030301177874207497 -0.21813054382801056 0.012890014797449112
0.13303996622562408 -0.16412468254566193 -0.07657843083143234
0.19143551588058472 -0.08811833709478378 0.0976123958826065
-0.2540433704853058 -0.19517876207828522 -0.05538789555430412
0.15868142247200012 -0.23367998003959656 0.11085498332977295
-0.01406559906899929 -0.15418094396591187 0.11773430556058884
0.09346869587898254 -0.18203620612621307 -0.11468282341957092
-0.06175287812948227 0.008120017126202583 0.2790314555168152
-0.08368344604969025 -0.19001178443431854 0.1279212385416031
-0.026497792452573776 -0.30353400111198425 -0.2234841287136078
0.0691351369023323 -0.21945375204086304 -0.018636973574757576
0.04767481982707977 -0.22421632707118988 -0.0992315486073494
0.04152846708893776 -0.1118709146976471 -0.14737734198570251
-0.11028463393449783 -0.20304591953754425 0.22761891782283783
-0.050318051129579544 -0.10612966120243073 0.016384484246373177
-0.06826209276914597 -0.2231132686138153 -0.12754978239536285
-0.012809809297323227 -0.1928449124097824 0.2513929605484009
0.10310249030590057 -0.3135428726673126 0.14598402380943298
0.06523064523935318 -0.18380069732666016 -0.06654273718595505
0.05465354770421982 -0.23781782388687134 0.04551589861512184
0.37024742364883423 -0.35287681221961975 -0.18015173077583313
0.12886232137680054 -0.3021238446235657 -0.010458402335643768
0.08160717785358429 -0.3172025680541992 -0.03731546923518181
-0.293329656124115 -0.16936427354812622 0.1286424994468689
-0.013113770633935928 -0.10234013199806213 0.2897946536540985
0.20213021337985992 -0.09362100064754486 0.13824717700481415
0.14752033352851868 -0.295693039894104 -0.018677497282624245
-0.010925237089395523 -0.32686182856559753 -0.06897629797458649
0.007385929115116596 -0.12861406803131104 0.1104469895362854
0.09942775964736938 -0.15114302933216095 -0.2321711778640747
0.0887344479560852 -0.18299520015716553 -0.042852018028497696
0.17941702902317047 -0.13338111340999603 -0.07186567038297653
-0.1865149736404419 -0.2639696002006531 -0.1279664933681488
