ply
format ascii 1.0
element vertex 2048
property float x
property float y
property float z
end_header
0.36526012420654297 0.28586170077323914 -0.4514802098274231
0.003175930120050907 0.20483912527561188 -0.19736790657043457
0.03838618844747543 -0.04701099917292595 -0.2643185257911682
0.08095954358577728 -0.3714044690132141 -0.3232824504375458
-0.08824470639228821 -0.29250043630599976 -0.21919788420200348
0.3339157700538635 0.2807063162326813 -0.3317681550979614
0.4046001732349396 -0.5551609992980957 -0.2709706425666809
0.4569036364555359 0.7411150932312012 0.10226509720087051
-0.04198669269680977 0.005764967296272516 -0.3450101315975189
0.005016892682760954 -0.18972422182559967 -0.25292158126831055
-0.04486338794231415 -0.09888127446174622 0.4243205189704895
0.04996388405561447 0.2602842152118683 -0.3309767544269562
0.08858798444271088 -0.09575678408145905 -0.13027584552764893
-0.03175310790538788 0.02551913820207119 -0.009641589596867561
-0.06611627340316772 0.3283161222934723 0.01039111241698265
-0.055371418595314026 0.03043692745268345 -0.08664343506097794
0.1283569186925888 0.0631323754787445 0.2141251116991043
-0.09203620254993439 0.7051776647567749 -0.07386218756437302
0.047490786761045456 -0.12515853345394135 -0.7178544402122498
0.20600584149360657 0.11151913553476334 -0.27266067266464233
0.08914673328399658 0.23086631298065186 -0.4629611372947693
-0.14356374740600586 -0.4382416307926178 -0.2450742870569229
0.03483060374855995 0.4791370630264282 0.7654305100440979
-0.29582202434539795 0.1841103881597519 -0.029016215354204178
0.48648789525032043 0.5392360091209412 -0.42987707257270813
-0.15553416311740875 0.11405837535858154 -0.7281693816184998
-0.4084097146987915 -0.05598853528499603 0.0005295161390677094
0.2654328942298889 0.2721799612045288 0.038259636610746384
0.019905129447579384 0.002758149290457368 -0.5047217607498169
0.07150494307279587 -0.32351547479629517 -0.06072014197707176
0.21540099382400513 0.2185906022787094 -0.03045709617435932
0.07480644434690475 0.10843324661254883 -0.11583290994167328
0.02838735468685627 0.1098010316491127 -0.32296618819236755
-0.11415211856365204 0.5181512236595154 0.10426989942789078
0.12870311737060547 -0.2403828650712967 -0.07931455224752426
-0.16202469170093536 0.3484386205673218 0.49147188663482666
-0.02990799769759178 0.2106930911540985 -0.31421515345573425
0.031213026493787766 0.03063998930156231 0.26358476281166077
0.03870194032788277 0.3421473205089569 0.03475036844611168
0.05595877766609192 -0.4591977894306183 -0.20942148566246033
-0.015279170125722885 -0.09106622636318207 0.1954059898853302
0.25561201572418213 0.333156019449234 0.13495728373527527
-0.042351119220256805 -0.30132731795310974 0.03760072961449623
0.1913827806711197 -0.1685049831867218 -0.08882003277540207
-0.3118802607059479 0.004002710804343224 0.35852551460266113
0.3586507737636566 0.06808966398239136 -0.2695092558860779
-0.17054255306720734 -0.08396918326616287 0.23500804603099823
-0.4496088922023773 -0.08275953680276871 -0.14827370643615723
0.06083829700946808 -0.1875257045030594 -0.42932721972465515
-0.22793830931186676 -0.13843849301338196 0.14343833923339844
0.0316598080098629 0.5003253221511841 -0.43694233894348145
-0.03427398204803467 -0.020045112818479538 -0.49328577518463135
-0.26095518469810486 0.32998165488243103 -0.3863873779773712
-0.21761997044086456 -0.2836635708808899 -0.2610805630683899
0.21025556325912476 -0.04520541429519653 -0.058240778744220734
0.2807926833629608 -0.2258794903755188 -0.446929395198822
-0.11299783736467361 -0.12538616359233856 0.0874357521533966
0.10219848155975342 -0.21058547496795654 -0.039038557559251785
0.4615478813648224 0.1502556949853897 -0.06799086183309555
0.13878142833709717 0.09423914551734924 0.19391022622585297
-0.25992971658706665 0.1590902954339981 -0.06175709888339043
0.10360468924045563 -0.03058440051972866 -0.2715911269187927
-0.10307636857032776 0.055694330483675 -0.13008783757686615
-0.07252015918493271 0.20207980275154114 -0.1109999492764473
0.15035878121852875 0.26847219467163086 -0.17680904269218445
-0.08524680137634277 0.0019163100514560938 -0.3283493220806122
-0.03962938115000725 0.15866287052631378 0.061271775513887405
0.019944999366998672 -0.18757452070713043 -0.136846125125885
-0.127473384141922 0.16267307102680206 0.0009471285156905651
-0.026044262573122978 -0.06859621405601501 -0.4407353699207306
-0.49355143308639526 -0.13042312860488892 -0.23968107998371124
-0.00063721789047122 0.27514544129371643 -0.5784235000610352
-0.024211978539824486 0.03953951597213745 -0.3334117829799652
-0.1302577257156372 -0.059688493609428406 0.12742175161838531
-0.2878912687301636 0.027775941416621208 -0.03740972653031349
-0.3852939009666443 -0.18209733068943024 -0.09844716638326645
0.06683036684989929 -0.3281373381614685 -0.5661004185676575
0.08253990858793259 0.35149848461151123 0.2860453426837921
0.2756134271621704 -0.23015092313289642 -0.3869416117668152
-0.304086297750473 0.22945167124271393 0.3791387975215912
0.01141393557190895 0.42140907049179077 -0.04877234622836113
0.0442739874124527 0.05288360267877579 -0.2192791998386383
-0.21725863218307495 0.1443604975938797 -0.2522370517253876
0.007306953426450491 0.030617373064160347 0.4521997570991516
0.15196748077869415 0.07156268507242203 0.11736062914133072
0.29461872577667236 0.3603963851928711 -0.09683334082365036
-0.07162950187921524 -0.3592017590999603 -0.23789653182029724
-0.03010762855410576 -0.0599292516708374 -0.907438337802887
-0.1841147392988205 -0.1326635777950287 -0.10499214380979538
0.2615988850593567 0.01349378190934658 -0.08685466647148132
0.5126556158065796 -0.025010494515299797 -0.12371807545423508
0.5044805407524109 -0.02577330358326435 -0.1415075659751892
-0.0019015083089470863 0.25727635622024536 0.24885617196559906
-0.14683152735233307 -0.0895780697464943 -0.37087374925613403
-0.34844350814819336 -0.07157289236783981 0.22703519463539124
0.38046497106552124 0.0892554372549057 0.2301741987466812
-0.3014237582683563 0.17261400818824768 -0.6465123295783997
-0.24057656526565552 0.11888669431209564 -0.009161271154880524
0.35533303022384644 -0.10042518377304077 -0.19025294482707977
0.13887962698936462 -0.2443450540304184 0.3820517361164093
-0.5222933292388916 0.666317880153656 -0.4505380690097809
-0.24843555688858032 0.2366340309381485 -0.15310637652873993
-0.045171160250902176 -0.023569360375404358 0.5080772042274475
0.10686971992254257 0.2225549817085266 -1.1053917407989502
0.2663440406322479 0.20663557946681976 -0.22790783643722534
0.11969368904829025 0.1865321546792984 -0.08708444237709045
-0.05961164832115173 0.3383426070213318 0.22015811502933502
0.1139322966337204 -0.1762336641550064 -0.13864493370056152
-0.033103879541158676 0.07524092495441437 -0.17082825303077698
0.04617886617779732 0.209262877702713 -0.7855221033096313
0.19668787717819214 0.2804924249649048 -0.030925488099455833
0.21109600365161896 0.2977196276187897 -0.07316137850284576
0.09226244688034058 0.13064715266227722 -0.6867753863334656
-0.14328277111053467 0.1200396865606308 -0.3042890131473541
-0.005515926983207464 -0.18200698494911194 -0.04793233424425125
-0.0198785662651062 0.38622891902923584 -0.26299038529396057
0.146549254655838 0.30397382378578186 -0.13026762008666992
0.16313010454177856 0.07716039568185806 -0.7771909236907959
0.2893856167793274 0.1668066829442978 -0.4199099838733673
0.01706794649362564 0.3146421015262604 -0.12745916843414307
-0.27254417538642883 -0.15443721413612366 0.11480795592069626
0.04737776145339012 0.14268873631954193 -0.6684767007827759
-0.07893439382314682 -0.27018964290618896 -0.29572394490242004
0.3102381229400635 -0.07330960035324097 0.06671030819416046
0.011038366705179214 0.23794065415859222 0.5390505194664001
-0.1570214480161667 0.32985198497772217 -0.38106799125671387
-0.20842380821704865 0.19429519772529602 -0.24282756447792053
-0.02360670268535614 -0.0014162366278469563 -0.14424969255924225
0.11068302392959595 0.10084295272827148 0.21125011146068573
0.08051928132772446 0.22765329480171204 0.16170117259025574
0.112053781747818 -0.3319195806980133 -0.3380190432071686
0.28767216205596924 0.24292463064193726 -0.1590922474861145
0.4854966998100281 -0.12946128845214844 -0.22712771594524384
-0.052596986293792725 0.06254839152097702 -0.38297519087791443
0.24620305001735687 0.4491744339466095 -0.0703442171216011
-0.06252758949995041 -0.2825550138950348 0.20638097822666168
0.09889152646064758 0.22950156033039093 0.10517296940088272
-0.27250272035598755 -0.030481336638331413 0.22673428058624268
-0.08981289714574814 0.14426106214523315 -0.736081063747406
-0.1722511351108551 0.42615413665771484 0.6369161605834961
0.07044973969459534 0.4863806366920471 -0.23173214495182037
0.1452885866165161 -0.10014880448579788 -0.548827052116394
0.05426199361681938 -0.24767252802848816 -0.03999976068735123
0.06264731287956238 0.1434398591518402 -0.07000203430652618
-0.33645644783973694 -0.007414464373141527 -0.6509581208229065
0.0060697258450090885 -0.06640198081731796 -0.026960384100675583
-0.18867404758930206 0.04229675978422165 -0.49035173654556274
-0.06370139122009277 -0.26906320452690125 -0.3787339925765991
0.20043346285820007 -0.2847687304019928 -0.02106669545173645
0.3072374165058136 0.31090086698532104 0.2901541292667389
0.3006373345851898 0.06741023808717728 -0.5411322712898254
0.0402732715010643 -0.025323959067463875 -0.09629679471254349
-0.23112426698207855 -0.01699904352426529 -0.6288983821868896
-0.17017565667629242 -0.05480264872312546 -0.14203183352947235
0.022920046001672745 -0.13983920216560364 0.06830122321844101
-0.23743842542171478 -0.05253840610384941 -0.6149734854698181
-0.18223227560520172 -0.24315501749515533 0.08796924352645874
-0.02039176970720291 -0.13622711598873138 -0.4065759479999542
-0.24567201733589172 -0.19120772182941437 -0.2251540571451187
0.06317252665758133 0.33383435010910034 -0.07273093611001968
-0.20747274160385132 0.026644395664334297 -0.006692653987556696
0.07677726447582245 0.34100013971328735 -0.1940995454788208
0.08490369468927383 0.1439322978258133 0.13408711552619934
-0.19307176768779755 0.010441424325108528 0.35305070877075195
-0.30806073546409607 -0.32702529430389404 -0.0736330896615982
0.0545484833419323 -0.07415007054805756 -0.13009576499462128
-0.9961985349655151 -0.05012289807200432 -0.28548696637153625
0.27052730321884155 0.31592682003974915 -0.09740003943443298
0.07615155726671219 0.21599574387073517 -0.20900818705558777
-0.1346510797739029 -0.20746935904026031 -0.4369170665740967
-0.29699963331222534 0.4798973798751831 -0.48638519644737244
0.26114991307258606 -0.19402526319026947 -0.45321083068847656
0.03207717463374138 -0.016591334715485573 0.39504826068878174
0.034585483372211456 -0.47588467597961426 0.021827299147844315
0.20359478890895844 0.15859681367874146 0.5894534587860107
0.21452413499355316 0.30419012904167175 0.07105100899934769
-0.2149931788444519 -0.09714914113283157 0.02682535909116268
0.022592909634113312 -0.1508270651102066 -0.08825485408306122
0.2536860406398773 -0.07321003824472427 -0.12623338401317596
-0.22536325454711914 0.10429341346025467 -0.5563521981239319
0.10887419432401657 0.5930725336074829 -0.13650217652320862
0.2646643817424774 0.7012295126914978 -0.2896975874900818
-0.08671475946903229 -0.24467070400714874 0.04177026450634003
0.27212628722190857 0.45334458351135254 -0.18061202764511108
-0.29399871826171875 0.36275970935821533 -0.6235206127166748
0.31521058082580566 -0.15185792744159698 -0.06536693125963211
0.15069225430488586 0.18227316439151764 0.09553773701190948
0.2886369526386261 0.49975159764289856 0.30130288004875183
-0.07934914529323578 0.46602824330329895 -0.4994819164276123
-0.014409873634576797 -0.6190433502197266 -0.1440584659576416
-0.13734957575798035 -0.23897041380405426 -0.070492222905159
-0.010793130844831467 0.05641288310289383 -0.36212781071662903
-0.14365239441394806 0.1019042581319809 -0.6006394624710083
0.24843214452266693 -0.13166527450084686 0.0030631001573055983
0.01767740771174431 0.15999053418636322 -0.2082499861717224
-0.23235295712947845 0.13663743436336517 -0.16392230987548828
-0.2966788709163666 -0.1929372251033783 -0.005090105812996626
-0.14355632662773132 -0.26276373863220215 -0.15339846909046173
0.05292418971657753 -0.08152361959218979 -0.2536071240901947
0.6230172514915466 -0.3975132405757904 -0.2923886179924011
0.16584274172782898 0.496031254529953 -0.008121125400066376
0.18310654163360596 0.16738612949848175 0.12060943245887756
0.0698305144906044 -0.05731768533587456 -0.0693054273724556
-0.2292017936706543 0.15833131968975067 -0.22587275505065918
-0.4603840112686157 0.0503019243478775 -0.17397166788578033
-0.29168054461479187 0.3460412621498108 -0.3999277651309967
0.01462971419095993 -0.0004868461983278394 -0.8352366089820862
0.19698964059352875 -0.3171095550060272 -0.06448370218276978
-0.011815981939435005 0.13101668655872345 -0.22581444680690765
0.18061096966266632 0.11688227206468582 -0.019515447318553925
0.209319069981575 0.06134410947561264 -0.49674922227859497
0.268520712852478 0.3867408037185669 0.03795166686177254
-0.10925550013780594 0.21561169624328613 0.6265798807144165
0.08451378345489502 -0.047221533954143524 0.17500177025794983
-0.19926968216896057 0.28907331824302673 -0.4034403860569
0.10015901923179626 -0.18954145908355713 -0.2127150148153305
0.16792580485343933 0.025121837854385376 -0.12167353928089142
-0.0002946959575638175 -0.05765748769044876 -0.5537655353546143
0.19805727899074554 0.44666412472724915 0.03531241789460182
0.33909162878990173 0.18975520133972168 -0.19819271564483643
0.42884430289268494 0.374347448348999 0.5549590587615967
0.18776266276836395 -0.012174181640148163 -0.6088753342628479
-0.09906954318284988 0.3356097638607025 -0.06846893578767776
0.020691733807325363 0.050861895084381104 -0.16528473794460297
-0.11361321061849594 0.054406099021434784 0.020645881071686745
-0.146429643034935 -0.012490559369325638 0.3069477677345276
0.04663226753473282 0.23731034994125366 0.27933892607688904
0.12399548292160034 0.12478084862232208 -0.6948264241218567
0.21580949425697327 0.2339613288640976 0.11008024215698242
-0.0926903635263443 0.04029075801372528 0.5509713292121887
-0.22967059910297394 0.6550520062446594 -0.2940768897533417
0.2944331467151642 0.5513246655464172 0.14331355690956116
-0.10661005228757858 -0.3358233571052551 -0.32692697644233704
0.1543181985616684 0.300800621509552 -0.5029157996177673
0.21646201610565186 0.09937801957130432 0.11894506216049194
-0.15981175005435944 -0.31324124336242676 -0.06713257730007172
0.03643881157040596 0.34863579273223877 -0.19874805212020874
0.052853453904390335 3.058218862861395e-05 0.05096365511417389
-0.04820440709590912 0.09788534045219421 -0.14488904178142548
-0.24482184648513794 0.09806297719478607 -0.02662324532866478
0.07822436839342117 -0.16259436309337616 -0.6854724287986755
-0.14909720420837402 0.4448203146457672 0.057683754712343216
-0.23585908114910126 -0.3884091377258301 -0.280498743057251
0.3859652578830719 0.25490298867225647 -0.23415303230285645
-0.003370627760887146 0.32241660356521606 -0.26683175563812256
0.049265965819358826 0.14804275333881378 -0.2873327136039734
-0.4271238148212433 0.8708995580673218 0.10390102863311768
0.07579924166202545 0.3300665318965912 -0.018604665994644165
0.030853210017085075 0.20269986987113953 -0.13466498255729675
0.15939544141292572 0.03310365602374077 -0.1746920943260193
0.11048649251461029 -0.060802020132541656 -0.09470745176076889
-0.05544240400195122 0.343505859375 0.2507864236831665
-0.2083260416984558 -0.3175181448459625 0.3264390230178833
-0.3822985291481018 0.07152694463729858 -0.06704895198345184
-0.16021794080734253 -0.06844502687454224 -0.4047364294528961
0.15856344997882843 0.2611897885799408 -0.1490090787410736
-0.010493643581867218 -0.23529745638370514 -0.3593403100967407
0.11559189856052399 -0.25618427991867065 -0.13645020127296448
-0.023674774914979935 0.19791896641254425 -0.17003943026065826
-0.034691423177719116 0.1426166594028473 -0.12610483169555664
-0.11219888180494308 -0.08332758396863937 0.02162659913301468
0.12027470767498016 0.34674373269081116 -0.0808194950222969
0.03484166041016579 0.020590249449014664 -0.077298104763031
0.06299395114183426 -0.23130112886428833 0.12421344965696335
-0.07932499796152115 0.0279100239276886 -0.393494576215744
0.07315807789564133 -0.09610976278781891 -0.43508851528167725
0.1625535637140274 0.3691260814666748 -0.15245361626148224
0.08611467480659485 -0.12465613335371017 0.2006162703037262
0.0013581422390416265 0.0727771669626236 -0.2910923659801483
0.10547757893800735 -0.12642376124858856 -0.4173046052455902
-0.09299656748771667 -0.18614919483661652 -0.19765546917915344
0.24167455732822418 0.24047446250915527 -0.17569385468959808
0.04123443737626076 -0.06204555556178093 -0.030834602192044258
0.22288832068443298 0.3862995505332947 -0.06472580879926682
0.04719487950205803 0.06624522805213928 0.3481194078922272
-0.12940667569637299 0.18024209141731262 -0.37311840057373047
-0.03873387351632118 0.04836836829781532 0.20485103130340576
0.022202881053090096 0.1845763921737671 0.09904781728982925
0.13690969347953796 0.2853667736053467 0.24803000688552856
0.23800058662891388 0.2976889908313751 0.34382322430610657
0.1719898283481598 0.458598256111145 0.14770624041557312
8.033076301217079e-05 -0.1772824078798294 -0.20040449500083923
-0.10968203842639923 0.051588207483291626 -0.2960220277309418
-0.2044662982225418 -0.23432987928390503 0.006420904770493507
-0.1561075896024704 0.04209727793931961 -0.40154606103897095
0.0058584981597959995 -0.10403698682785034 0.24080491065979004
0.34474194049835205 0.32063865661621094 -0.36347538232803345
-0.17033080756664276 0.3052976727485657 -0.4436146914958954
-0.27717217803001404 -0.041789617389440536 -0.04202546551823616
0.20909054577350616 0.1438436508178711 -0.20839133858680725
0.12013336271047592 0.1492024064064026 -0.18523383140563965
-0.06828799098730087 0.22902923822402954 -0.33940011262893677
0.24209299683570862 0.08043836057186127 -0.14577080309391022
0.16846737265586853 0.0016357843996956944 -0.4167298376560211
-0.22450250387191772 -0.0767292007803917 0.10273672640323639
-0.21137845516204834 -0.0007257128600031137 -0.14093239605426788
-0.002122370293363929 0.18017487227916718 0.20196983218193054
0.1301089972257614 -0.04628227651119232 -0.5685131549835205
-0.45611172914505005 -0.3611997365951538 0.005618346855044365
-0.34136053919792175 -0.5598613619804382 0.05164392292499542
0.1820778250694275 -0.1570863425731659 -0.4016048312187195
0.10239652544260025 -0.0386417917907238 -0.14262868463993073
0.03471309691667557 0.4256916344165802 0.12759265303611755
-0.07520732283592224 0.3092908263206482 -0.04533970355987549
0.07410139590501785 -0.19820156693458557 -0.5539960265159607
-0.07453513145446777 -0.01707420125603676 -0.11243653297424316
0.16016040742397308 0.23533403873443604 0.0729408860206604
0.13466313481330872 0.24630466103553772 0.07175996154546738
-0.48140138387680054 -0.3791608214378357 -0.059025224298238754
0.051311835646629333 -0.0172434039413929 -0.36415621638298035
-0.5697171092033386 1.0067989826202393 -0.22433705627918243
0.18626976013183594 0.4955879747867584 0.17941540479660034
0.09239859133958817 -0.18517199158668518 -0.5226893424987793
0.0853373184800148 -0.340048223733902 -0.1289619505405426
-0.1744362711906433 0.2985185384750366 -0.35925158858299255
-0.05521032214164734 0.029462458565831184 -0.059973858296871185
-0.2651577591896057 0.4653828740119934 -0.13628843426704407
-0.17928333580493927 -0.07306798547506332 -0.06657029688358307
0.12266525626182556 0.11255142837762833 -0.04639812931418419
0.15984554588794708 0.28465238213539124 -0.1875835806131363
0.03840171545743942 0.3179570138454437 -0.31314605474472046
-0.11422944813966751 0.025104165077209473 -0.3749772310256958
-0.3602331280708313 0.25845471024513245 0.32508689165115356
-0.3344677984714508 0.21731063723564148 -0.6492800116539001
0.12668675184249878 0.3635469377040863 0.5832059979438782
-0.039248500019311905 0.35237619280815125 -0.38069185614585876
0.32028743624687195 0.1423751562833786 -0.34161147475242615
0.14564301073551178 0.12598365545272827 -0.16410109400749207
-0.46471911668777466 0.34291061758995056 -0.3424530625343323
0.035323482006788254 0.2219468653202057 -0.16138556599617004
0.030359983444213867 -0.1934085488319397 0.009525857865810394
0.09401755034923553 0.15350741147994995 0.2833128571510315
0.15358763933181763 -0.09038110077381134 -0.7312713265419006
-0.036440443247556686 -0.161049947142601 0.0491943396627903
0.24335633218288422 0.04344891384243965 -0.3906444013118744
-0.13630567491054535 -0.4535699486732483 0.061570584774017334
-0.02802249975502491 0.0589304193854332 -0.22852382063865662
0.09170083701610565 -0.08032767474651337 0.28775790333747864
0.3625670373439789 0.29441261291503906 0.048721522092819214
0.05028805881738663 0.3564557135105133 0.01845064014196396
-0.040564022958278656 0.3276999890804291 -0.38522282242774963
0.23659905791282654 0.485995352268219 -0.5071583390235901
-0.07516735047101974 0.09868111461400986 -0.8028964996337891
-0.0071953036822378635 -0.3441694378852844 -0.39024603366851807
0.0245162732899189 -0.10415267944335938 -0.5238798260688782
0.10296524316072464 0.21214529871940613 -0.3124704957008362
0.02074253372848034 0.018738552927970886 -0.23832322657108307
-0.21536040306091309 0.021625326946377754 -0.09565302729606628
-0.08394183963537216 -0.05992953106760979 0.026560893282294273
0.38752323389053345 0.2195868045091629 0.2912291884422302
-0.029403110966086388 -0.19811581075191498 -0.19466669857501984
0.25251999497413635 0.08064288645982742 0.08464404195547104
-0.0768408328294754 0.03834828734397888 0.12835919857025146
-0.25052472949028015 0.005879375617951155 0.6365455985069275
-0.03901593014597893 -0.31575170159339905 -0.14304183423519135
-0.12453051656484604 0.3425140678882599 -0.5012220740318298
-0.01399797573685646 0.3613472282886505 -0.3129715323448181
-0.4170561134815216 0.2567313015460968 -0.09453783184289932
0.40547406673431396 0.6091676950454712 0.7615737915039062
0.4601283669471741 0.32275062799453735 0.37502938508987427
0.23587413132190704 0.10061042010784149 -0.5636047720909119
0.1280478835105896 0.11569371819496155 -1.138857364654541
0.20346643030643463 0.49082669615745544 -0.3965996503829956
-0.26117661595344543 -0.010971583425998688 -0.38582485914230347
0.09162815660238266 0.14145474135875702 -0.022427070885896683
-0.13304883241653442 0.2327422946691513 -0.332511842250824
0.03598548844456673 -0.36223089694976807 -0.23493586480617523
-0.07425004243850708 0.690176248550415 -0.09394023567438126
0.03359915688633919 0.38981524109840393 -0.21238435804843903
-0.08156045526266098 -0.364956259727478 0.49157747626304626
0.04780472069978714 -0.0169186033308506 -0.43648311495780945
0.27519816160202026 0.4332709312438965 -0.18051908910274506
-0.190376415848732 -0.0763745978474617 0.36330604553222656
-0.13111929595470428 0.12290763109922409 -0.7514253258705139
-0.007620721589773893 -0.01153123751282692 0.10082937031984329
0.21914133429527283 0.13969513773918152 0.0023333840072155
0.30561861395835876 -0.4171794056892395 -0.5937442779541016
-0.5069833993911743 0.035892874002456665 -0.774996280670166
0.030231408774852753 -0.3530099093914032 -0.043252069503068924
-0.07461697608232498 0.4706888794898987 -0.28809645771980286
-0.2099422663450241 0.4398520290851593 0.08119209855794907
-0.14688841998577118 0.23504862189292908 -0.25930002331733704
0.020044786855578423 0.09932743012905121 -0.5224741101264954
0.10909001529216766 0.033159300684928894 -0.8029059767723083
0.17236487567424774 0.1839073896408081 -0.2678910195827484
-0.06345156580209732 -0.006372307892888784 0.013200167566537857
-0.22484269738197327 0.0839989110827446 -0.23197489976882935
-0.06784352660179138 0.17054326832294464 -0.11349696666002274
0.11560012400150299 0.04131900891661644 0.4000898003578186
-0.3484378159046173 0.09021636098623276 0.03655914589762688
0.37881049513816833 -0.11073779314756393 -0.16117599606513977
-0.14650122821331024 -0.312322199344635 0.010061884298920631
0.16084350645542145 -0.023861948400735855 -0.680679202079773
0.13190528750419617 0.061438608914613724 -0.6084744930267334
-0.2196996659040451 0.020614299923181534 0.1004721075296402
0.06270034611225128 -0.4220389127731323 -0.13243639469146729
-0.1438935399055481 -0.4402763247489929 -0.3947247266769409
0.17926418781280518 0.13733074069023132 -0.20250415802001953
0.170955091714859 0.15273335576057434 0.21254219114780426
0.026210395619273186 0.2736263573169708 -0.1718655675649643
0.43482330441474915 0.31767380237579346 0.047370001673698425
0.12593942880630493 0.24042463302612305 -0.24110974371433258
-0.3765206038951874 -0.06338977068662643 -0.12196670472621918
0.14819598197937012 -0.00306434603407979 0.3150387704372406
-0.13811886310577393 0.023726122453808784 -0.5462954044342041
-0.2420751452445984 0.014961395412683487 -0.5081427693367004
0.1785336136817932 -0.570632815361023 -0.08619438111782074
0.10386496037244797 0.04894636571407318 0.4043368697166443
-0.41110309958457947 -0.12036576867103577 -0.056745558977127075
-0.14835712313652039 -0.13708199560642242 -0.4095887541770935
0.03369869664311409 0.13473178446292877 0.18139435350894928
0.022063476964831352 0.14532168209552765 -0.029606809839606285
-0.17674769461154938 0.10825614631175995 0.22380156815052032
0.33127734065055847 0.4577760398387909 0.377950519323349
-0.2356797605752945 0.05111994966864586 -0.5958669781684875
-0.02423705905675888 -0.250479131937027 -0.14409874379634857
-0.3152192234992981 0.10004566609859467 -0.3800112307071686
0.10586562752723694 0.07786484062671661 0.24802881479263306
-0.033849190920591354 -0.06134750321507454 -0.045347221195697784
-0.3708619177341461 0.0836484432220459 -0.34718751907348633
-0.06452534347772598 -0.43470099568367004 -0.30815258622169495
-0.2677231431007385 0.11638225615024567 0.20005306601524353
-0.02271762117743492 0.2754545509815216 0.8750936985015869
-0.12727580964565277 0.049300119280815125 -0.27907639741897583
-0.041350722312927246 -0.245793417096138 0.18641026318073273
0.3453660309314728 -0.3876049816608429 -0.11756454408168793
-0.027734924107789993 0.20379774272441864 -0.14851802587509155
0.25551342964172363 0.2373809963464737 0.3260248601436615
-0.28662848472595215 -0.654216468334198 -0.006162742618471384
0.12869584560394287 0.024408582597970963 -0.536992073059082
-0.39115163683891296 0.07438855618238449 0.09931483119726181
-0.00034192262683063745 -0.31510961055755615 -0.15255001187324524
-0.01964949257671833 0.21759365499019623 -0.6415034532546997
0.07233484089374542 0.11546725034713745 -0.6647431254386902
0.053278639912605286 0.1666998267173767 -0.6211776733398438
0.3119344711303711 -0.10762648284435272 -0.2542451024055481
-0.1005377396941185 0.27267926931381226 -0.17619501054286957
-0.2455422580242157 0.16004247963428497 0.048940252512693405
-0.15111011266708374 -0.17338167130947113 0.05745954439043999
-0.046198491007089615 0.03007538616657257 -0.23282873630523682
0.18105867505073547 0.40292882919311523 -0.45270878076553345
0.22345814108848572 0.2782489061355591 0.5713715553283691
0.27230632305145264 0.42300713062286377 0.21311882138252258
0.18529164791107178 0.084927499294281 -0.32130491733551025
-0.12877501547336578 -0.12784834206104279 0.10448241978883743
0.22405271232128143 0.030938372015953064 -0.5589327216148376
0.3625789284706116 0.09914498776197433 -0.018063219264149666
-0.011849706992506981 0.22100962698459625 -0.6203290224075317
-0.0909271165728569 0.2026745229959488 0.021758273243904114
-0.04687907174229622 0.13477149605751038 -0.6111510396003723
0.08463514596223831 0.36241787672042847 0.5704946517944336
-0.019703403115272522 -0.130586177110672 -0.8019621968269348
-0.07230357080698013 0.5685319900512695 0.11993713676929474
0.06290853768587112 0.4395179748535156 0.1280297040939331
-0.23491708934307098 0.03380661457777023 -0.5684407353401184
0.20725615322589874 0.30645883083343506 0.5615090727806091
0.014622772112488747 0.18939636647701263 -0.24786628782749176
-0.03325752913951874 -0.1943831890821457 -0.44027602672576904
-0.006490968633443117 0.04961991682648659 -0.10888564586639404
0.32938724756240845 0.12904125452041626 0.1482585221529007
0.44021841883659363 0.5276020169258118 -0.08937321603298187
0.1737658977508545 -0.051321592181921005 -0.4101623296737671
0.16344095766544342 -0.1067538782954216 -0.1348455846309662
0.08965420722961426 -0.19367843866348267 -0.256561815738678
0.1741141676902771 0.48104962706565857 -0.05674725025892258
0.012239767238497734 0.2429123967885971 0.005667820107191801
-0.34557169675827026 0.05843934044241905 -0.5901650786399841
-0.12347529083490372 -0.03176848590373993 -0.4728285074234009
0.044720422476530075 0.1929091066122055 -0.3151465058326721
-0.4145345687866211 0.01921442523598671 -0.8275454044342041
0.22422875463962555 -0.46130964159965515 -0.13191263377666473
-0.25699716806411743 0.21030668914318085 -0.6284933090209961
-0.22584553062915802 -0.3465321958065033 -0.48485979437828064
-0.3679130971431732 -0.1986885666847229 -0.24173904955387115
-0.14588713645935059 0.01256692223250866 -0.3171108067035675
0.01830993965268135 -0.12763835489749908 -0.15348318219184875
0.016798408702015877 -0.08565907925367355 -0.4593706429004669
0.2846325933933258 0.28646618127822876 0.6260720491409302
0.24195092916488647 0.284004271030426 -0.25226160883903503
0.0369902141392231 -0.0779419019818306 -0.2716289758682251
0.17978598177433014 0.06762563437223434 -0.7314370274543762
-0.012636160477995872 0.4852362871170044 0.314486026763916
-0.22143547236919403 -0.07252281159162521 0.09114965796470642
-0.17206914722919464 0.02977662906050682 -0.18776999413967133
-0.2854931056499481 -0.40712565183639526 0.07065519690513611
0.19294379651546478 0.31365862488746643 0.16271279752254486
0.220551997423172 0.11780771613121033 -0.36249688267707825
-0.3049508333206177 0.16510576009750366 -0.23483151197433472
-0.009947696700692177 -0.027325039729475975 -0.14376085996627808
0.29991772770881653 0.17041359841823578 -0.22431743144989014
0.19919197261333466 0.007974878884851933 -0.29774048924446106
-0.014985088258981705 0.13596276938915253 -0.03133293241262436
-0.09845416247844696 0.3214190602302551 0.28408363461494446
0.2554435133934021 0.4605501890182495 0.26353904604911804
0.06613100320100784 -0.008114192634820938 0.12015953660011292
-0.13386064767837524 -0.19750535488128662 -0.5068239569664001
0.021449385210871696 -0.10076097398996353 -0.13987907767295837
0.0061104027554392815 0.28819331526756287 0.19940339028835297
0.07142993062734604 0.49102783203125 0.2483513206243515
-0.24210815131664276 0.5615609884262085 -0.44915148615837097
-0.15797294676303864 -0.0386226624250412 0.03106428124010563
0.3345189690589905 0.609311044216156 -0.2679574191570282
-0.11060284078121185 -0.10429293662309647 -0.38204145431518555
-0.1476326286792755 -0.3001566231250763 -0.2556397616863251
-0.08185338228940964 -0.08919475227594376 -0.08208201825618744
0.056827377527952194 0.19332197308540344 0.27731260657310486
0.005689856596291065 -0.11949282139539719 -0.09378174692392349
0.294155478477478 0.2885436713695526 0.5917754173278809
0.05694987252354622 -0.37283793091773987 -0.11402581632137299
0.11691311001777649 -0.1501355767250061 -0.28465965390205383
-0.16915197670459747 -0.07290417701005936 0.07583965361118317
-0.13310249149799347 0.4192832410335541 0.20698943734169006
-0.10920942574739456 0.1978885531425476 0.014036411419510841
-0.13220402598381042 0.004465688951313496 -0.014613991603255272
-0.0727936327457428 -0.33313408493995667 -0.6204715371131897
0.0854981318116188 0.00845594797283411 -0.26956459879875183
0.16483473777770996 -0.29201894998550415 -0.4540542960166931
-0.31301361322402954 -0.12843120098114014 0.02801804058253765
-0.05925671011209488 -0.10326635837554932 -0.30432435870170593
-0.0060437992215156555 0.3246306777000427 -0.4701797366142273
0.22044038772583008 0.33475521206855774 -0.37885481119155884
-0.13809365034103394 0.3377242684364319 -0.20449554920196533
0.07345610857009888 0.18461944162845612 -0.2809070646762848
-0.09604465216398239 -0.5439521074295044 -0.09391717612743378
0.20584902167320251 -0.030616840347647667 0.19290979206562042
0.36000970005989075 0.19069604575634003 -0.249039888381958
-0.15835979580879211 -0.07418511807918549 -0.4187900722026825
-0.18196828663349152 0.031388137489557266 -0.5526238083839417
0.018376370891928673 0.14391733705997467 -0.4603240489959717
0.13610973954200745 0.08759981393814087 -0.12933343648910522
0.035766568034887314 0.04361274838447571 0.06111745908856392
-0.14499138295650482 0.35895195603370667 -0.3464929163455963
0.2659946084022522 0.3109203279018402 -0.3362369239330292
-0.11555572599172592 0.4144365191459656 -0.27415376901626587
0.03677218407392502 0.0308690182864666 -0.3702358305454254
0.06372401118278503 0.2576136589050293 -0.1533239781856537
0.10120528936386108 0.20068925619125366 0.027599681168794632
0.2618695795536041 0.05824792757630348 -0.5741386413574219
0.37400826811790466 0.13758312165737152 0.04989306256175041
0.12909109890460968 -0.2240884155035019 -0.38788849115371704
0.06580272316932678 0.31511223316192627 -0.13222606480121613
-0.015643171966075897 -0.24796874821186066 -0.8014355897903442
0.5599271059036255 0.4164155125617981 0.28660568594932556
-0.018213635310530663 -0.11229110509157181 0.529576301574707
0.11045671254396439 0.09904064238071442 -0.3764341175556183
-0.06982523202896118 0.15377603471279144 0.05925784260034561
0.005627861712127924 -0.024768777191638947 -0.08068288117647171
-0.12047567963600159 0.17192621529102325 0.6417010426521301
0.264981746673584 0.18363460898399353 0.1324106752872467
-0.07700784504413605 -0.4102993607521057 -0.5568021535873413
0.10869543254375458 0.20426854491233826 -0.28342676162719727
0.4279554486274719 0.29348036646842957 -0.08784130215644836
0.01912146992981434 -0.3510723114013672 -0.03117302991449833
0.4203377664089203 0.2544560730457306 -0.3988324999809265
0.19454918801784515 -0.5038905739784241 -0.41594332456588745
-0.11208190768957138 0.22384515404701233 -0.2060835212469101
0.32713058590888977 -0.4473101794719696 -0.19867734611034393
-0.16941764950752258 0.12988223135471344 -0.15577393770217896
0.03755364567041397 0.01706712692975998 -0.06446348875761032
0.15527379512786865 0.23292507231235504 0.10240728408098221
0.08224326372146606 0.01516830176115036 -0.4278946816921234
-0.29506734013557434 -0.18256837129592896 -0.09324991703033447
0.053568001836538315 0.3699052035808563 -0.15708506107330322
0.3905026912689209 0.21164928376674652 -0.3671746850013733
0.05965903773903847 -0.07063697278499603 -0.21389761567115784
-0.2763386368751526 -0.258148729801178 -0.20373748242855072
-0.2184717357158661 0.07246237993240356 0.16039910912513733
-0.16190610826015472 0.6523016095161438 -0.45496609807014465
-0.5020470023155212 0.6666308045387268 0.0478554330766201
0.1095724105834961 0.12204132229089737 -0.10544541478157043
-0.04517824947834015 0.1776941567659378 0.29132506251335144
0.06366948783397675 -0.06925353407859802 -0.04809100925922394
0.04188929498195648 0.3536440134048462 0.3019349277019501
0.16043123602867126 0.4248993694782257 0.3777536451816559
0.08128120750188828 0.07428142428398132 -0.4300553798675537
-0.02593919076025486 0.5300745368003845 -0.641948938369751
0.06504371762275696 -0.15895235538482666 -0.5647767186164856
-0.0396951287984848 -0.23823994398117065 -0.32630807161331177
-0.0970800518989563 -0.0991777703166008 0.07340630143880844
-0.08573135733604431 -0.3862084448337555 -0.6418668627738953
0.22923031449317932 0.4763779938220978 -0.6278220415115356
0.021010152995586395 0.38998475670814514 0.16505208611488342
-0.026370009407401085 0.10309775173664093 -0.18280768394470215
-0.23691004514694214 -0.2835696041584015 -0.07487468421459198
-0.3286183178424835 -0.03046298958361149 0.13145487010478973
0.07972356677055359 0.11775021255016327 -0.6487715244293213
-0.2749711275100708 0.08937723189592361 -0.20337267220020294
-0.16898606717586517 0.17318320274353027 -0.07207044214010239
-0.24673692882061005 0.40951597690582275 0.08088607341051102
-0.09672658890485764 0.057106271386146545 -0.5516005158424377
0.14126980304718018 -0.23205213248729706 0.10478004813194275
0.13000677525997162 -0.22146429121494293 -0.36306557059288025
-0.08807994425296783 -0.0519273467361927 -0.10104993730783463
0.044881854206323624 0.13925042748451233 -0.08641289174556732
0.03878632187843323 0.24745997786521912 0.20426763594150543
0.11795160174369812 -0.0016082997899502516 -0.0053390697576105595
0.12881489098072052 0.0027928065974265337 0.12404061108827591
-0.17871204018592834 -0.16622555255889893 0.09799851477146149
0.5057675838470459 0.5233568549156189 -0.3400494456291199
0.033585645258426666 0.09811928868293762 -0.40907546877861023
-0.1572905033826828 -0.33219537138938904 -0.5270557403564453
0.04692833125591278 -0.09455463290214539 -0.07951191812753677
-0.31027695536613464 0.5329771041870117 -0.5027618408203125
-0.23704490065574646 0.4412398934364319 -0.18287865817546844
-0.03436928987503052 0.2507137060165405 -0.18264982104301453
0.1764354556798935 0.1562383770942688 -0.2376956045627594
0.17246027290821075 -0.04483586177229881 -0.384288489818573
-0.09187431633472443 0.30119553208351135 0.7543283700942993
-0.20033831894397736 0.26789239048957825 -0.3281679153442383
-0.06116032600402832 -0.17523640394210815 -0.2392365038394928
-0.07418041676282883 0.06717046350240707 0.3769109845161438
0.02266443893313408 -0.333638459444046 -0.18909330666065216
-0.06702779233455658 -0.07255994528532028 -0.1405767798423767
-0.013078894466161728 0.60826575756073 -0.08123385906219482
0.03780755400657654 0.03622587397694588 -0.20095884799957275
0.018232645466923714 -0.331224262714386 -0.06921223551034927
-0.3966502249240875 -0.09948743134737015 -0.05992886424064636
0.6888913512229919 0.5079569220542908 0.1408214122056961
0.15047642588615417 -0.014925437048077583 -0.44094640016555786
0.24202729761600494 0.29201677441596985 0.42755982279777527
0.06894463300704956 0.14501537382602692 -0.2038036435842514
-0.09393489360809326 0.22529731690883636 0.13057149946689606
0.21065126359462738 0.23598156869411469 -0.4945569634437561
-0.04972056671977043 -0.12635859847068787 -0.416145920753479
0.08291547000408173 0.26831692457199097 -0.15480907261371613
-0.01796274445950985 -0.10799172520637512 -0.6238216161727905
-0.24793270230293274 -0.111339271068573 0.263465017080307
0.2394861876964569 -0.2140011340379715 -0.22419224679470062
0.0513182133436203 -0.15259644389152527 -0.9888125658035278
0.17151044309139252 -0.37445223331451416 -0.02516070008277893
0.10282634198665619 0.07963880151510239 -0.2787018418312073
-0.12878017127513885 0.24575600028038025 -0.45288029313087463
-0.036098599433898926 0.4005070626735687 -0.05382734164595604
0.36138275265693665 0.43846553564071655 0.11239940673112869
-0.15519706904888153 0.1448066383600235 0.5027448534965515
0.12134385108947754 0.03994382172822952 -0.4509371221065521
-0.02591492049396038 -0.03172023594379425 0.16457879543304443
-0.33349207043647766 0.15027432143688202 0.12171173840761185
0.4182322919368744 0.39356178045272827 -0.16594147682189941
-0.08135109394788742 0.09229618310928345 -0.323415070772171
0.2149592936038971 0.17157883942127228 -0.1469307839870453
0.01927764341235161 -0.20443174242973328 0.42773669958114624
0.0013912752037867904 -0.20659761130809784 0.1418026238679886
0.2091926485300064 0.40821799635887146 -0.4441503584384918
0.17817799746990204 -0.1932557076215744 -0.06403431296348572
-0.06684833019971848 0.2385956197977066 -0.014599042013287544
0.0139174684882164 -0.07412438839673996 -1.1269643306732178
-0.19206489622592926 -0.03212334215641022 0.06005562096834183
0.05808054655790329 0.27708899974823 -0.33108657598495483
-0.20963247120380402 0.1734153926372528 -0.037151068449020386
0.10271864384412766 0.08924686163663864 0.21919485926628113
0.10438394546508789 -0.3041609227657318 -0.32244497537612915
-0.10627904534339905 0.1033710241317749 -0.5201134085655212
0.10337274521589279 -0.339960515499115 -0.08045149594545364
0.0025954353623092175 -0.07394806295633316 -0.298746258020401
-0.025379786267876625 0.012387314811348915 -0.33568260073661804
0.01574111543595791 0.36836934089660645 0.0007777772261761129
-0.19595256447792053 0.40517354011535645 -0.28684529662132263
0.14938028156757355 0.2606143355369568 0.1922462433576584
-0.08360575884580612 0.25093039870262146 0.0808923989534378
0.04637359455227852 0.10936926305294037 -0.5356426239013672
-0.047998689115047455 -0.06018923968076706 0.22893378138542175
0.13859209418296814 0.26533496379852295 -0.22456111013889313
-0.3533884286880493 -0.31791505217552185 -0.05031909793615341
-0.06164839118719101 -0.190813347697258 -0.24738512933254242
-0.07204154133796692 0.42298567295074463 -0.45135825872421265
-0.06140964478254318 0.2761719226837158 -0.04521910473704338
0.37747347354888916 0.6105013489723206 -0.20801755785942078
-0.28469523787498474 0.02295665815472603 -0.13785788416862488
0.014397606253623962 0.10572058707475662 -0.18206577003002167
0.2999815344810486 0.34319934248924255 -0.7638574838638306
0.19736848771572113 -0.09175793081521988 -0.373410165309906
0.024077048525214195 0.18794293701648712 -0.3498581051826477
-0.3612484633922577 0.14829018712043762 -0.13403378427028656
-0.2511294484138489 0.1461907923221588 0.39790114760398865
0.43476977944374084 0.09543772786855698 -0.3105160593986511
-0.05293768271803856 -0.0318351686000824 -0.18454591929912567
-0.205336794257164 -0.012390444055199623 0.017587753012776375
0.31479984521865845 0.7676476836204529 0.4486585855484009
0.19877594709396362 0.31050699949264526 0.4381849467754364
-0.1347545087337494 0.3029794991016388 -0.36384204030036926
-0.09252157062292099 0.03996215760707855 0.27173423767089844
0.013846490532159805 0.11546783894300461 -0.3095325231552124
0.3529369831085205 -0.0958627462387085 -0.6763805150985718
0.4249121844768524 0.23497356474399567 0.20768558979034424
0.08079817146062851 0.1365884244441986 -0.16221027076244354
0.212556391954422 -0.238345667719841 -0.06497195363044739
-0.059298913925886154 -0.04374077543616295 0.10403671860694885
-0.009783575311303139 0.07290814071893692 -0.13306567072868347
0.0010516955517232418 0.0441194511950016 0.16124802827835083
0.27987784147262573 0.6062032580375671 -0.031222229823470116
-0.21337121725082397 0.12711822986602783 0.00036832038313150406
0.21680927276611328 0.3131062984466553 -0.6094781160354614
0.10753122717142105 -0.010631725192070007 -0.3115246295928955
-0.06426569074392319 -0.2785326838493347 -0.3190321624279022
0.34526363015174866 0.08899625390768051 -0.041426245123147964
-0.03164879232645035 -0.12813445925712585 -0.16536693274974823
-0.032361019402742386 -0.02360694855451584 -0.10125851631164551
-0.1956118643283844 -0.2193155735731125 -0.06270770728588104
-0.0018644563388079405 -0.05235748738050461 0.059440456330776215
0.2854769229888916 0.10916566848754883 -0.21858038008213043
-0.21279512345790863 0.010342881083488464 0.012352598831057549
0.19922956824302673 0.16393734514713287 -0.0663139820098877
-0.0431375689804554 0.2616380453109741 -0.24410757422447205
0.09457235038280487 0.07517703622579575 -0.08311671763658524
0.008998975157737732 0.1684463620185852 -0.23248977959156036
-0.09353713691234589 0.22527354955673218 -0.6731603741645813
-0.01718994788825512 -0.06216520443558693 -0.2905922830104828
-0.09118763357400894 0.3551560938358307 0.043804723769426346
-0.07914718240499496 0.14988428354263306 -0.383247971534729
-0.03682921454310417 0.0637413039803505 -0.3256089687347412
0.2812257707118988 -0.08722002804279327 -0.46339836716651917
-0.05019206926226616 0.04677485302090645 0.3566414415836334
0.1926102191209793 0.1915654093027115 -0.11779572069644928
-0.19938577711582184 -0.07564043998718262 -0.2013414353132248
-0.2263326495885849 0.053270697593688965 -0.11167415231466293
-0.08796369284391403 0.13992522656917572 -0.43662965297698975
0.201513409614563 0.148076131939888 -0.6912900805473328
0.013745894655585289 -0.24896240234375 -0.4358278512954712
-0.2727828025817871 -0.033878445625305176 -0.2770293354988098
0.05044754967093468 0.005129546858370304 0.03669651225209236
-0.2844536304473877 -0.0907956138253212 0.06087601184844971
0.09906073659658432 0.15201033651828766 -0.10674585402011871
0.0461006686091423 -0.29381245374679565 0.08033709973096848
-0.1668933629989624 0.26884064078330994 -0.3970034718513489
-0.01978655718266964 -0.00953882746398449 -0.37549638748168945
-0.1248447373509407 -0.2821943163871765 -0.1377195417881012
-0.00535146240144968 -0.187290757894516 -0.43573740124702454
-0.17232811450958252 0.3327781558036804 -0.5799630284309387
0.26821601390838623 0.11206796020269394 -0.26390141248703003
-0.08274400234222412 0.28887739777565 0.18375971913337708
-0.15786780416965485 0.09323041141033173 0.1813730001449585
-0.19017748534679413 -0.023447643965482712 -0.006220241542905569
0.10727817565202713 0.05970277637243271 -0.41027817130088806
-0.05728522688150406 -0.05350553244352341 -0.23569338023662567
-0.46023085713386536 0.4961901009082794 -0.42675793170928955
0.3653073310852051 0.1557912528514862 -0.3950607180595398
-0.1399163156747818 0.14870195090770721 -0.37429988384246826
-0.13124270737171173 0.2523975670337677 -0.9236409664154053
0.5555999875068665 0.4588874876499176 -0.0870804712176323
0.09425463527441025 0.12279649078845978 -0.26317963004112244
-0.3286053538322449 -0.029284443706274033 -0.23914261162281036
-0.06152520328760147 0.0742957592010498 0.00149187829811126
0.13337278366088867 0.15495121479034424 -0.39337456226348877
-0.024829907342791557 -0.23810143768787384 0.12752361595630646
-0.010040678083896637 0.03666885569691658 -0.20876996219158173
0.42041969299316406 0.027195964008569717 0.10657067596912384
0.18386338651180267 0.16439653933048248 -0.22195260226726532
-0.0996740460395813 0.2575981020927429 -0.088372141122818
0.3227010667324066 -0.2798967659473419 0.008653927594423294
0.13879631459712982 0.05037853866815567 -0.2727617621421814
0.28548794984817505 0.12566648423671722 -0.3650657534599304
0.04347676411271095 -0.07977136969566345 -0.7414423227310181
0.18477699160575867 0.0187931340187788 -0.35935503244400024
-0.23670589923858643 0.09477847069501877 -0.31350478529930115
-0.17984545230865479 -0.3236851692199707 -0.544690728187561
0.26024580001831055 -0.08081549406051636 -0.3394215703010559
-0.20403122901916504 -0.09197772294282913 0.021348189562559128
0.008393606171011925 -0.26856091618537903 0.4708922207355499
0.018375154584646225 0.14144469797611237 -0.009596239775419235
-0.2077171802520752 -0.07831204682588577 0.3487006425857544
0.3068975806236267 -0.06831106543540955 -0.29549309611320496
-0.05938040465116501 0.11038274317979813 -0.19655601680278778
0.16044871509075165 0.15170028805732727 -0.23766563832759857
0.1926867663860321 0.11654400825500488 0.01926908828318119
-0.13786016404628754 -0.05800391733646393 -0.20847509801387787
-0.024648701772093773 -0.20021604001522064 -0.022781023755669594
-0.01850159280002117 -0.059868939220905304 -0.8312868475914001
0.0871240645647049 -0.21208782494068146 0.01860668696463108
0.15623410046100616 0.04571978747844696 0.049788590520620346
-0.33159056305885315 0.12866011261940002 -0.7126233577728271
0.29988396167755127 0.25185301899909973 0.32375413179397583
-0.18131345510482788 0.16232018172740936 -0.11857482045888901
0.09688051789999008 0.23529408872127533 -0.4012924134731293
-0.06472515314817429 0.0404818132519722 -0.36108747124671936
-0.06704837828874588 0.35079994797706604 -0.30208250880241394
-0.2000298649072647 -0.04833722114562988 -0.1389520913362503
0.44588565826416016 0.30391159653663635 -0.10670139640569687
0.20376284420490265 0.4881490468978882 -0.44837188720703125
0.061316147446632385 0.04187362641096115 -0.08332596719264984
-0.28847354650497437 -0.011365821585059166 0.2354295700788498
0.22418709099292755 0.029943132773041725 -0.19254857301712036
-0.03849124535918236 0.10034970939159393 -0.13768276572227478
-0.23796376585960388 0.5143945813179016 -0.024495668709278107
0.20577558875083923 0.5364282727241516 0.24856993556022644
-0.21868471801280975 0.04334413632750511 -0.08427939563989639
0.12170672416687012 0.005151788704097271 0.24098041653633118
-0.01886407472193241 -0.12424095720052719 -0.02635924331843853
0.12775571644306183 -0.025410238653421402 -0.08406873047351837
0.09675470739603043 0.14419987797737122 0.022097913548350334
-0.018870359286665916 0.03824658319354057 -0.4927840232849121
0.211868554353714 0.1555611938238144 0.3254241645336151
0.059167373925447464 -0.2996688783168793 -0.10518805682659149
-0.2545999586582184 0.16603289544582367 -0.5790669322013855
-0.2599773705005646 0.2759242057800293 -0.4470820724964142
0.01790163852274418 0.05028662830591202 0.10018674284219742
-0.048217471688985825 -0.013414924964308739 0.15080755949020386
-0.4464678466320038 0.08451439440250397 0.1037759855389595
0.11461328715085983 0.2654540240764618 -0.24975484609603882
-0.12714329361915588 0.2793915569782257 0.07140596956014633
0.14749039709568024 0.1703336387872696 0.14471343159675598
-0.03290420025587082 0.10828759521245956 -0.015709327533841133
-0.1437467336654663 0.11483670771121979 0.10002895444631577
-0.02004089020192623 0.33663034439086914 0.3638184368610382
-0.06434770673513412 -0.13170118629932404 -0.20645533502101898
-0.036432038992643356 -0.04896160587668419 0.15796786546707153
0.016295980662107468 -0.002972351387143135 -0.20427098870277405
0.22674526274204254 0.44354963302612305 -0.3143772482872009
0.23252451419830322 0.02020176313817501 0.05212121456861496
-0.08225676417350769 -0.015803679823875427 -0.31246548891067505
-0.05952759087085724 0.3593364655971527 0.6359703540802002
0.12939929962158203 0.24512897431850433 -0.11914615333080292
-0.016121625900268555 0.10781501233577728 -0.12674228847026825
-0.2944965064525604 -0.12808765470981598 -0.12316659092903137
-0.18816104531288147 0.04908125102519989 -0.5628582239151001
-0.1860872507095337 0.013663047924637794 -0.2511175274848938
-0.06155352294445038 0.08054815977811813 -0.47814008593559265
-0.1977003812789917 -0.006809163372963667 -0.2155577540397644
-0.08059259504079819 -0.0685657486319542 -0.5152597427368164
0.12032357603311539 -0.23358853161334991 0.16169710457324982
0.1274060755968094 0.049099985510110855 -0.7297341227531433
0.10812698304653168 0.5685613751411438 0.12867216765880585
0.21787166595458984 -0.024669818580150604 -0.3666275143623352
0.8214950561523438 0.24921970069408417 0.5997843146324158
0.2337236851453781 0.13235701620578766 -0.5246046185493469
-0.2920488715171814 -0.49049437046051025 0.03272416442632675
-0.03792181611061096 0.43029963970184326 -0.04371780902147293
-0.11499115824699402 0.2649507224559784 -0.31010058522224426
-0.22817693650722504 0.16636651754379272 0.6077590584754944
-0.15720254182815552 0.3355783522129059 0.08536586165428162
-0.03553956374526024 0.2848496735095978 -0.31449633836746216
0.4151775538921356 0.36879244446754456 0.16937153041362762
-0.11915412545204163 -0.04609467089176178 0.15151509642601013
-0.15259428322315216 -0.20383121073246002 0.05096043646335602
0.22179074585437775 -0.22659330070018768 -0.15521679818630219
0.30573686957359314 0.38914361596107483 0.37206390500068665
0.1448899805545807 -0.12397380918264389 -0.35464659333229065
-0.031631216406822205 0.27307435870170593 0.15583132207393646
0.014692975208163261 -0.4378144443035126 -0.4548228085041046
0.18708965182304382 0.15719836950302124 0.3032873868942261
-0.11902257800102234 -0.24581627547740936 -0.21732182800769806
-0.2700229585170746 -0.3522625267505646 -0.27249768376350403
-0.03331172466278076 -0.3205139935016632 -0.5861342549324036
-0.4298243522644043 0.35750192403793335 -0.3924674987792969
-0.15503086149692535 0.4567403793334961 -0.3409884572029114
-0.16288518905639648 0.3471946120262146 -0.0005559676792472601
-0.031168755143880844 0.11985467374324799 0.18803101778030396
-0.004760882817208767 -0.020542040467262268 -0.3075467348098755
-0.15686263144016266 0.260980486869812 0.08629710972309113
0.3721354901790619 0.20517480373382568 -0.47735321521759033
0.07427767664194107 0.49743273854255676 -0.7583282589912415
0.24924497306346893 0.33100008964538574 -0.9143352508544922
0.9214454293251038 -0.07439803332090378 -0.1967003047466278
0.14270111918449402 0.08048433810472488 -0.14964120090007782
0.05086924135684967 0.06355723738670349 -0.04824218153953552
-0.018901044502854347 -0.22074159979820251 0.3003217875957489
0.0452108234167099 0.3703114092350006 -0.3556240200996399
-0.14405648410320282 -0.45307794213294983 0.0018094144761562347
-0.1846187710762024 -0.08528926968574524 -0.3861555755138397
0.037530090659856796 -0.20993170142173767 -0.5950032472610474
0.2603638172149658 0.03789903596043587 -0.1537441611289978
-0.2634260654449463 0.08000238984823227 0.298845499753952
0.13369713723659515 -0.18667826056480408 -0.02798496000468731
-0.2073255032300949 -0.11151715368032455 -0.48537981510162354
0.1714603751897812 -0.05639704316854477 -0.4538169801235199
-0.028526265174150467 0.005168437026441097 -0.045901063829660416
0.07634076476097107 0.3308632969856262 0.344047874212265
0.17073045670986176 0.11452589184045792 0.13124266266822815
-0.0158818569034338 -0.1183381900191307 -0.4993768334388733
-0.1726445108652115 -0.00365348719060421 -0.42709267139434814
0.23496638238430023 0.024124886840581894 -0.22546228766441345
0.1151236817240715 0.4319360554218292 -0.3079235553741455
-0.10164488106966019 0.3266697824001312 -0.23762470483779907
0.3732982277870178 0.2877127230167389 0.7378042936325073
0.29998838901519775 -0.010501211509108543 0.12507084012031555
0.33121445775032043 -0.02500123158097267 -0.2967492938041687
0.03241591900587082 0.25662893056869507 0.03766460716724396
-0.2820975184440613 0.046178024262189865 -0.42469266057014465
0.06176800653338432 0.01965385116636753 -0.26804211735725403
0.0236070416867733 0.1585673689842224 0.21414731442928314
0.3477402925491333 0.3989398777484894 0.5362539291381836
-0.15714111924171448 0.3585805594921112 -0.07043489813804626
-0.11041359603404999 0.21515963971614838 -0.011546941474080086
0.053304217755794525 0.16106493771076202 -0.2778851091861725
0.2927998900413513 -0.4427776038646698 -0.3405640125274658
0.15908558666706085 0.10153192281723022 -0.24001729488372803
0.10443207621574402 -0.0685870423913002 -0.052961722016334534
-0.4819049537181854 0.1569933146238327 -0.05747642740607262
-0.05347065255045891 0.11421142518520355 0.049356404691934586
-0.1412191540002823 -0.07353868335485458 -0.18360988795757294
-0.3126748204231262 0.20040006935596466 -1.0028438568115234
0.23622611165046692 -0.39313000440597534 -0.42768993973731995
0.2315208613872528 0.3685571253299713 0.48849567770957947
0.01002524048089981 0.34500089287757874 0.4019254446029663
0.09922191500663757 0.21867763996124268 0.24294306337833405
-0.17140987515449524 0.2513386309146881 0.1617862582206726
-0.16626638174057007 0.009216470643877983 0.13458994030952454
0.26624563336372375 0.21369290351867676 0.21637339890003204
-0.06697048991918564 0.22450897097587585 -0.37724569439888
-0.15013892948627472 -0.08310380578041077 -0.27809280157089233
0.5281396508216858 -0.04150247946381569 -0.4541444182395935
-0.034221500158309937 -0.11895330995321274 -0.03120213933289051
-0.11578354239463806 0.07923835515975952 -0.41115042567253113
0.06591229885816574 0.12580016255378723 -0.3150159418582916
0.1867578625679016 -0.12290336936712265 0.0885477140545845
0.035343244671821594 0.06340929120779037 0.4186553657054901
-0.16927075386047363 -0.5083902478218079 -0.26699021458625793
0.09361012279987335 -0.13442371785640717 0.026872899383306503
0.17739243805408478 0.17839546501636505 -0.28214162588119507
-0.05614679679274559 0.2898795008659363 -0.3587130308151245
0.28783610463142395 0.11005669087171555 -0.5010947585105896
0.06316442042589188 0.12491898238658905 -0.2992134988307953
0.22537416219711304 0.058026690036058426 0.15724174678325653
-0.09826500713825226 0.0072453636676073074 0.44780388474464417
-0.14729954302310944 0.12571240961551666 0.1713985800743103
0.2894577085971832 0.38032296299934387 -0.17597323656082153
0.010032955557107925 -0.3258407711982727 -0.3362826108932495
-0.13635557889938354 0.06958179175853729 -0.29456189274787903
0.4533035457134247 0.6160454154014587 -0.1298208385705948
-0.18587356805801392 0.3670295178890228 -0.22685225307941437
-0.11928218603134155 0.1964392215013504 -0.026210930198431015
0.13879796862602234 0.23698605597019196 -0.30343446135520935
0.3230001926422119 0.0580436997115612 -0.4255567491054535
-0.21247708797454834 0.19405709207057953 -1.0673644542694092
0.18536314368247986 0.20798397064208984 -0.028531266376376152
0.20728346705436707 -0.4279348850250244 -0.04066969454288483
0.02428453043103218 0.021850302815437317 0.086496502161026
-0.19580133259296417 0.15494577586650848 -0.4036364257335663
0.24338605999946594 -0.13202060759067535 -0.4539973735809326
-0.2914596498012543 0.4626521170139313 -0.03444100543856621
-0.4356313645839691 0.18330787122249603 0.08420584350824356
0.06446445733308792 -0.1832038164138794 -0.23093369603157043
0.024037780240178108 0.38098812103271484 0.8398369550704956
-0.042345963418483734 0.030807003378868103 -0.19695864617824554
0.10594731569290161 -0.31433039903640747 -0.6293913722038269
-0.0009105389472097158 0.21210956573486328 -0.30936723947525024
0.06013656407594681 0.28479620814323425 -0.05311278998851776
0.01953566074371338 -0.5053129196166992 -0.2622963488101959
-0.09255198389291763 0.4884173274040222 -0.03547738119959831
-0.009986011311411858 -0.19315986335277557 -0.18364815413951874
0.14865191280841827 0.30512556433677673 0.05584156885743141
-0.3628700077533722 0.1220715343952179 0.04444499686360359
-0.14272432029247284 -0.004727276973426342 -0.3929651975631714
-0.38766857981681824 0.8437566757202148 -0.5450244545936584
0.166212797164917 0.023211244493722916 -0.2170945107936859
0.36665886640548706 0.5173938274383545 0.19669033586978912
-0.11239840090274811 -0.08120514452457428 0.22950564324855804
-0.07472693920135498 0.3440009653568268 0.04297223314642906
0.06003232300281525 0.05218961834907532 0.04863537847995758
0.12667372822761536 0.5113634467124939 -0.20403145253658295
-0.01942232996225357 0.09486430883407593 0.0725584328174591
-0.43225252628326416 0.5026198625564575 0.38830113410949707
-0.15699338912963867 0.06040358543395996 -0.306439071893692
-0.17168028652668 -0.3668358325958252 -0.44485628604888916
-0.06596706807613373 -0.0333733931183815 -0.3717673718929291
-0.09076831489801407 -0.055895958095788956 -0.06398177891969681
-0.17136617004871368 -0.15481960773468018 -0.0597439706325531
-0.2601791322231293 0.01139570027589798 -0.9535526037216187
0.05783012509346008 0.19135026633739471 -0.02146795392036438
0.057757098227739334 0.024995319545269012 0.26692435145378113
-0.06189265847206116 -0.07686405628919601 0.13773638010025024
0.08553963154554367 0.07567919045686722 -0.6421826481819153
0.19735166430473328 0.6902927756309509 0.21794284880161285
-0.2662682831287384 -0.08066460490226746 -0.27028143405914307
0.3631962835788727 0.14075475931167603 -0.5757354497909546
-0.09584681689739227 0.012954739853739738 -0.6595281362533569
0.3579341173171997 0.16278333961963654 0.4641357660293579
0.4388869106769562 0.24371780455112457 -0.47280776500701904
-0.16452325880527496 0.08141661435365677 -0.3590061366558075
0.5383890271186829 -0.06217886880040169 -0.4081684947013855
0.019398517906665802 0.42447030544281006 -0.08773723989725113
0.09792289137840271 -0.024177445098757744 -0.05299047380685806
-0.248639315366745 -0.257103830575943 0.11293882876634598
-0.21234598755836487 0.4112057387828827 -0.23418433964252472
0.22880610823631287 0.515931248664856 -0.1913267970085144
0.10363568365573883 0.1243976578116417 0.3282676339149475
-0.1392650604248047 0.19756633043289185 -0.21322482824325562
-0.02861839346587658 0.1984785497188568 0.17663830518722534
-0.028427299112081528 -0.1492728441953659 -0.11811476200819016
-0.028461532667279243 0.07245220988988876 -0.1209476888179779
-0.0013174982741475105 -0.25905072689056396 -0.11124873906373978
-0.010485563427209854 0.08096764981746674 -0.4769793748855591
0.46568697690963745 -0.049143608659505844 -0.5565634965896606
0.0005871773464605212 0.02633596770465374 -0.073625348508358
-0.38170936703681946 0.043379127979278564 -0.02974504418671131
0.07961128652095795 0.12852224707603455 0.13372962176799774
0.09186246246099472 0.24423235654830933 -0.12209673970937729
-0.13428831100463867 -0.26789796352386475 -0.13805189728736877
0.05728830024600029 0.28604063391685486 -0.8167258501052856
-0.10222723335027695 0.5661948323249817 0.8857327103614807
-0.0009426239412277937 -0.5432224273681641 -0.4904862642288208
0.16302840411663055 0.02891218103468418 -0.11378403007984161
0.4748639166355133 0.27897047996520996 -0.1491193026304245
0.029118813574314117 -0.01068822294473648 -0.15376166999340057
0.6188486218452454 0.156510591506958 -0.03960678353905678
-0.20570389926433563 0.31348586082458496 -0.38520535826683044
0.09829335659742355 0.08845656365156174 -0.16186730563640594
0.21699993312358856 0.3091563284397125 0.5016803741455078
-0.06616995483636856 0.1775161325931549 0.4136081337928772
0.1365276426076889 0.025530312210321426 -0.22711136937141418
0.1317940354347229 0.18858574330806732 0.2745342552661896
0.258407324552536 0.28502506017684937 -0.011203914880752563
-0.226654052734375 0.22648414969444275 -0.3490149676799774
-0.12174945324659348 0.27927064895629883 0.38006290793418884
-0.17436273396015167 -0.02261524833738804 0.017194101586937904
0.07748612761497498 0.7134368419647217 -0.06735128164291382
-0.05903157591819763 0.10454697161912918 -0.5774070024490356
-0.13477055728435516 0.3089606761932373 -0.19342246651649475
-0.011533858254551888 0.2401653677225113 0.32221752405166626
0.49403902888298035 0.4317130446434021 -0.4467322528362274
-0.1777811497449875 0.7416861653327942 -0.4859324097633362
0.10812143981456757 0.020527731627225876 0.011024881154298782
-0.09832508862018585 -0.1616419404745102 -0.544137179851532
0.04078929126262665 -0.1931416094303131 -0.19259673357009888
-0.01770002581179142 -0.017528824508190155 0.1142924427986145
0.009493093937635422 0.2824113667011261 -0.5634275674819946
-0.30343371629714966 0.0774250328540802 -0.7172942757606506
-0.07684089243412018 -0.11086425185203552 -0.2493090033531189
-0.020394591614603996 0.2699967622756958 -0.479687362909317
-0.3016417622566223 0.297299325466156 0.18390926718711853
-0.10975737869739532 -0.16511665284633636 0.12050137668848038
0.007560529746115208 0.2083071768283844 0.1891467422246933
-0.03971767798066139 -0.1730090230703354 0.03511304408311844
-0.04898327961564064 0.020087143406271935 -0.6414060592651367
-0.0025666523724794388 0.16944102942943573 -0.3240126669406891
0.07585977762937546 0.29182711243629456 0.28406617045402527
-0.4312008023262024 0.07055371254682541 -0.7896758913993835
-0.2799570858478546 -0.3304782509803772 -0.4863615036010742
-0.21652035415172577 0.4157406985759735 -0.26907023787498474
0.024280214682221413 0.19428439438343048 -0.4909995198249817
-0.2555842995643616 -0.08289673179388046 0.024478280916810036
-0.14107486605644226 0.06140874698758125 -0.23018032312393188
-0.10793685913085938 0.21095536649227142 0.511543333530426
0.17241601645946503 0.0274686086922884 0.05715947598218918
-0.4852277636528015 -0.07563792914152145 0.49240168929100037
-0.1295715719461441 -0.4534117579460144 -0.2572273015975952
0.018455488607287407 -0.18227852880954742 -0.2781350314617157
0.09967918694019318 0.025583330541849136 0.26170703768730164
0.016788965091109276 0.25229957699775696 0.29609736800193787
-0.18264979124069214 -0.6035513281822205 -0.12321169674396515
0.16342312097549438 0.07551252096891403 -0.5533819794654846
0.30431246757507324 0.3275902569293976 0.02496468275785446
0.02931799180805683 -0.44625672698020935 -0.47618404030799866
-0.11623937636613846 0.17710106074810028 0.5900206565856934
-0.11677398532629013 0.20858289301395416 -0.08071383833885193
0.12152618914842606 0.4123777151107788 0.2665397822856903
-0.39870256185531616 -0.07908448576927185 0.015314431861042976
-0.06827395409345627 0.7896810173988342 -0.02395220845937729
0.21170347929000854 0.17102132737636566 -0.5218216180801392
-0.1244867816567421 -0.4060091972351074 -0.14347216486930847
-0.03156232833862305 -0.10290252417325974 -0.5076189041137695
0.011661726981401443 -0.10829183459281921 0.28300175070762634
-0.01389901153743267 0.22118324041366577 -0.01641533151268959
-0.09951016306877136 -0.21798864006996155 -0.17806561291217804
-0.05268944799900055 -0.15799516439437866 0.00791084859520197
0.2503664791584015 0.06855057179927826 -0.6870737075805664
-0.09301474690437317 -0.06316857784986496 -0.1204502284526825
-0.18730521202087402 -0.20572295784950256 -0.24721014499664307
-0.0987420380115509 0.02504684589803219 -0.4532233476638794
-0.08929584920406342 -0.011688737198710442 -0.32491087913513184
-0.16965170204639435 -0.05257695913314819 0.18671169877052307
0.00036935938987880945 0.01661759428679943 -0.02756546624004841
0.15303820371627808 0.12714721262454987 -0.19596385955810547
-0.09488759934902191 0.34526750445365906 -0.49291643500328064
0.3296625018119812 -0.41332992911338806 -0.27552834153175354
0.06347012519836426 0.3819096088409424 -0.4099888503551483
0.47166889905929565 0.15541723370552063 -0.685208261013031
-0.03254273161292076 0.11373990774154663 -0.4332912862300873
-0.057865213602781296 0.2971608340740204 -0.3054448664188385
-0.04731455445289612 -0.16249611973762512 -0.6005405187606812
0.14529526233673096 0.30760619044303894 -0.23000793159008026
0.2149583101272583 0.15470673143863678 -0.30774542689323425
0.13218948245048523 0.15526029467582703 -0.6169766187667847
0.09987544268369675 -0.3331533670425415 -0.19088812172412872
0.24875622987747192 0.14594538509845734 -0.0844242200255394
-0.03146567940711975 0.22526562213897705 -0.09395420551300049
-0.1754494309425354 0.05397738516330719 -0.164818674325943
0.20790423452854156 0.06470674276351929 0.10355079174041748
-0.07027017325162888 0.1576175093650818 0.14066381752490997
0.21661528944969177 -0.04641161113977432 -0.45920994877815247
-0.021472763270139694 0.156111940741539 -0.6062875986099243
-0.25663647055625916 -0.01415039598941803 0.038061995059251785
0.12012884765863419 0.16917291283607483 0.3393233120441437
0.470794141292572 0.14622636139392853 -0.59677654504776
-0.009539080783724785 0.07652842998504639 0.07297773659229279
-0.11739138513803482 -0.09005608409643173 -0.2279612272977829
-0.1778050661087036 0.3835739195346832 0.14333941042423248
-0.5875465273857117 -0.13718099892139435 0.09334012866020203
0.19160421192646027 0.281476765871048 -0.21254001557826996
0.07578963041305542 -0.036475952714681625 -0.20690734684467316
-0.06562341004610062 -0.3022020161151886 -0.09164852648973465
0.006144152022898197 0.04674900323152542 -0.4487944543361664
-0.0702236220240593 0.45807042717933655 0.033521611243486404
-0.20287208259105682 0.14441800117492676 -0.06875894218683243
-0.2303629070520401 -0.055616360157728195 -0.2615644335746765
-0.053794797509908676 -0.3796038329601288 0.25621497631073
0.03956941142678261 -0.06560052931308746 -0.15598921477794647
-0.19464841485023499 0.4033626317977905 -0.3020991384983063
-0.03893407806754112 -0.030504124239087105 0.15909482538700104
-0.16413767635822296 -0.23760977387428284 -0.02779867872595787
-0.1737348586320877 0.28322240710258484 0.09847473353147507
0.026675280183553696 -0.05745140463113785 -0.11263123154640198
0.24417050182819366 -0.17253130674362183 -0.5569630861282349
-0.035420190542936325 0.5510228872299194 -0.1829673796892166
0.06169475242495537 -0.39238443970680237 -0.5400766730308533
-0.11951850354671478 -0.15782701969146729 -0.8205599188804626
0.20781339704990387 -0.4530624747276306 -0.28663790225982666
-0.2435522973537445 0.021960338577628136 -0.3393310308456421
-0.0036185896024107933 0.35222122073173523 -0.50413978099823
0.266742080450058 -0.04080157354474068 -0.08531836420297623
0.0829102098941803 0.10663928836584091 0.021803921088576317
0.3209154009819031 0.34720414876937866 -0.25952979922294617
0.21178510785102844 0.2678820490837097 0.1687190681695938
-0.010792527347803116 -0.15490834414958954 -0.11961720883846283
-0.04969796538352966 -0.3432181477546692 -0.12502694129943848
-0.23116634786128998 -0.026245472952723503 -0.19749943912029266
-0.1957138031721115 0.4099380373954773 -0.08484689891338348
-0.1316499263048172 -0.13929623365402222 0.12471969425678253
-0.08524434268474579 -0.18239639699459076 -0.3322884440422058
0.20477275550365448 0.12958426773548126 -0.28487923741340637
-0.1627105176448822 0.0014896794455125928 -0.2916563153266907
-0.0018211368005722761 0.03621240332722664 -0.009766828268766403
0.42052650451660156 0.27986985445022583 -0.09751278162002563
-0.075530044734478 0.0055663869716227055 0.2568138539791107
0.08534523099660873 0.052518729120492935 -0.48706263303756714
0.2485356330871582 0.09571794420480728 -0.20512926578521729
-0.27943629026412964 -0.30292224884033203 0.0642441064119339
0.29486384987831116 -0.03538515791296959 -0.434993177652359
-0.24037013947963715 -0.056939832866191864 -0.15368646383285522
-0.08031558245420456 0.11070109158754349 -0.6681278944015503
-0.17960253357887268 0.0529046468436718 -0.1560528725385666
-0.25502675771713257 0.3772334158420563 -0.6370087265968323
-0.13616877794265747 0.10780761390924454 0.3152196407318115
-0.4058171212673187 0.08025908470153809 -0.26756855845451355
0.11532608419656754 -0.07871098071336746 -0.12931020557880402
-0.12254738062620163 0.3230569064617157 -0.46090400218963623
0.04422269016504288 0.2941048741340637 -0.029873443767428398
-0.04453778266906738 0.392410010099411 0.6448778510093689
-0.00460960203781724 0.2995178997516632 0.36444318294525146
0.29668480157852173 0.3070906102657318 0.13920539617538452
0.01090940646827221 0.2754152715206146 0.10885539650917053
-0.12415391951799393 -0.1946876496076584 0.08162166178226471
0.38214170932769775 0.3171650171279907 -0.17100583016872406
-0.008767712861299515 0.04223587363958359 -0.24514079093933105
0.04088829457759857 -0.06592767685651779 -0.3129434883594513
0.07749389857053757 0.47487348318099976 -0.013838069513440132
0.01775243692100048 0.3399464786052704 0.11647572368383408
0.15141750872135162 0.6257234811782837 -0.22329171001911163
0.07792918384075165 -0.07095010578632355 0.03014933131635189
-0.12367110699415207 -0.17586731910705566 -0.36211615800857544
-0.08776785433292389 -0.11038322001695633 0.005564953666180372
0.09354247152805328 0.09662424772977829 -0.02499588578939438
-0.12727247178554535 -0.11336938291788101 0.12631160020828247
-0.03132772073149681 -0.27270206809043884 -0.2722576856613159
-0.03505193814635277 0.166553795337677 -0.09994558990001678
-0.017621703445911407 0.19672295451164246 -0.044500529766082764
-0.2735852301120758 0.1111278235912323 -0.394366979598999
0.0786609947681427 -0.041059523820877075 0.10248270630836487
0.04659402742981911 -0.06981930136680603 -0.07122888416051865
-0.01251501590013504 0.08955010771751404 0.5121001601219177
0.01364738866686821 -0.36027613282203674 -0.3011079430580139
0.1275836080312729 0.19881710410118103 0.22136510908603668
-0.2827787399291992 0.48182412981987 -0.5781461596488953
0.1734389364719391 0.12960802018642426 -0.25685662031173706
-0.19451786577701569 0.13134871423244476 -0.4187934696674347
-0.045721251517534256 0.05620039626955986 -0.4212086498737335
0.11513251811265945 0.12624163925647736 -0.2642618417739868
0.11509048193693161 -0.23745998740196228 -0.3361281752586365
0.17514686286449432 0.3688935935497284 -0.2154686152935028
-0.03426723554730415 -0.23772257566452026 -0.09446203708648682
-0.2816593647003174 0.09629375487565994 -0.08381441980600357
0.1659008264541626 0.3237135708332062 -0.6324898600578308
0.29272228479385376 -0.33864694833755493 -0.18304374814033508
-0.16869020462036133 -0.05542072653770447 0.11475544422864914
-0.19941574335098267 -0.20271103084087372 0.06883504241704941
0.062453579157590866 0.24783366918563843 0.40857335925102234
0.19590041041374207 -0.12953804433345795 -0.6444469094276428
0.00449728686362505 0.1612212210893631 0.11791854351758957
-0.029280105605721474 0.4175621569156647 -0.30212828516960144
-0.28473737835884094 0.3392285406589508 -0.3687658905982971
-0.11029472947120667 -0.29735448956489563 -0.2245999425649643
-0.10350542515516281 -0.030809151008725166 -0.07541590929031372
-0.39381060004234314 0.37296003103256226 -0.3627863824367523
0.1842988133430481 0.14308729767799377 -0.3512319326400757
0.24420133233070374 0.11197754740715027 -0.36994558572769165
-0.011639725416898727 0.11119632422924042 0.04570133239030838
-0.15709331631660461 0.026079807430505753 -0.21304117143154144
0.13358092308044434 -0.35072240233421326 -0.6547952890396118
0.030392255634069443 0.1756892055273056 -0.05301639810204506
-0.32197895646095276 0.6892609000205994 -0.031765490770339966
-0.3004347085952759 -0.3371959924697876 -0.0008759370539337397
0.3087332248687744 -0.11951317638158798 -0.15327362716197968
-0.003987458534538746 0.04129929468035698 -0.10843031108379364
0.23037423193454742 0.20654867589473724 0.16682007908821106
0.11642935127019882 0.12666288018226624 0.12061786651611328
0.5272550582885742 0.22218745946884155 0.18637213110923767
0.017765555530786514 0.07140130549669266 0.33375293016433716
-0.14599020779132843 0.33851122856140137 -0.49297502636909485
-0.09853300452232361 0.1888015866279602 -0.02573057822883129
-0.2669798731803894 0.10089331120252609 -0.5381547212600708
-0.10233169794082642 -0.12611165642738342 -0.5641066431999207
-0.34478044509887695 0.05086638778448105 -0.19804935157299042
0.020417246967554092 -0.29028648138046265 -0.46588215231895447
0.728518545627594 0.2610880732536316 0.0419519804418087
-0.04579581320285797 0.14383305609226227 -0.3831196129322052
0.20767360925674438 0.07437951117753983 -0.8417842388153076
0.20103293657302856 0.32629406452178955 0.4444071352481842
0.27452215552330017 0.5188191533088684 -0.6256259083747864
-0.06891679763793945 0.1885450929403305 0.28900861740112305
0.2834659814834595 -0.23961061239242554 -0.24494120478630066
-0.009353917092084885 -0.5208503603935242 0.09898681193590164
-0.014602763578295708 -0.31524884700775146 -0.2032890021800995
0.26711151003837585 -0.12939204275608063 0.2757844030857086
-0.08481048792600632 0.024936800822615623 -0.5002179145812988
-0.10105586796998978 0.20971237123012543 0.09731615334749222
-0.2775839865207672 0.2786432206630707 -0.5920329689979553
0.22940003871917725 0.12744630873203278 -0.14190809428691864
0.03542884811758995 0.06664922833442688 -0.1628841608762741
0.0053664883598685265 -0.12580926716327667 -0.26253414154052734
-0.3716185688972473 0.1329881250858307 -0.4937517046928406
0.36955690383911133 0.5100563168525696 0.13994789123535156
0.0520206093788147 -0.285365492105484 -0.08116678893566132
0.09193050861358643 0.10040062665939331 -0.6191944479942322
0.5159468650817871 0.3175455629825592 0.2120610773563385
0.38083794713020325 0.05852276831865311 -0.4143935441970825
0.06481567025184631 0.16266420483589172 0.29630085825920105
0.06545346975326538 -0.016084959730505943 -0.4222497344017029
-0.013083754107356071 -0.03740110993385315 0.12957772612571716
-0.00876489095389843 0.15585857629776 0.42448657751083374
0.13571909070014954 -0.25884291529655457 -0.1402232050895691
-0.05643967166543007 -0.1455308198928833 -0.05154683068394661
-0.21962672472000122 0.23681168258190155 0.43404409289360046
-0.3638581335544586 0.4487582743167877 -0.13129612803459167
-0.01886025257408619 0.005715832579880953 -0.5034705996513367
0.02608143910765648 0.05019791051745415 -0.6879536509513855
-0.1462552398443222 0.3236772119998932 -0.4337860345840454
-0.14063943922519684 0.09540831297636032 -0.18482881784439087
-0.2417135089635849 0.010684812441468239 -0.31511273980140686
-0.09067857265472412 0.1981845647096634 -0.2461451143026352
-0.06394519656896591 -0.2057376652956009 -0.46925073862075806
0.20870886743068695 0.23720166087150574 0.1533060371875763
0.22344249486923218 -0.26083076000213623 -0.20051559805870056
-0.22006253898143768 -0.020487092435359955 -0.23164713382720947
-0.0841578021645546 0.35197558999061584 -0.211176797747612
0.09193971753120422 0.1721595972776413 0.19588863849639893
0.16135472059249878 0.17748986184597015 -0.5644670724868774
0.0787055641412735 -0.15725472569465637 -0.004141239449381828
0.2653445601463318 0.1308314949274063 0.023063145577907562
0.1982083022594452 0.21757379174232483 -0.40453821420669556
-0.010726653039455414 -0.23339778184890747 -0.2945834696292877
-0.3083234429359436 0.025423116981983185 -0.052176132798194885
0.0013036370510235429 0.38459768891334534 0.4061335623264313
0.15963943302631378 0.08392776548862457 -0.7235464453697205
-0.24044844508171082 0.12316969782114029 0.03089110367000103
0.3436211049556732 0.2791321873664856 0.17344745993614197
0.0055700684897601604 -0.00607440248131752 -0.33514317870140076
0.03689025342464447 0.4424689710140228 -0.3517370820045471
0.09411683678627014 0.12455809861421585 0.0738549456000328
0.173563152551651 0.19987432658672333 -0.4683113992214203
0.16766753792762756 0.025506261736154556 0.3010358512401581
0.09629491716623306 0.10686138272285461 -0.27387288212776184
-0.06365948170423508 -0.34336480498313904 -0.3214622735977173
-0.3301261067390442 0.36504560708999634 -0.4438440799713135
-0.03875551000237465 0.35057586431503296 -0.10783474892377853
-0.4495420455932617 0.35579368472099304 0.06713534146547318
-0.13123029470443726 -0.09153252840042114 0.07692046463489532
0.28200826048851013 -0.29005521535873413 -0.38267773389816284
-0.1294979602098465 -0.12063004821538925 -0.07824043929576874
-0.24327386915683746 0.19655022025108337 0.16466183960437775
0.07137226313352585 0.20019325613975525 0.09401432424783707
-0.22723020613193512 0.14957809448242188 -0.08711110055446625
0.1585024744272232 0.2699953615665436 0.06849648058414459
0.20674973726272583 -0.057508695870637894 0.11353963613510132
0.19121398031711578 -0.0032636220566928387 -0.5314354300498962
0.15692353248596191 0.16894091665744781 -0.8015848994255066
0.2364979088306427 0.17365869879722595 0.042304523289203644
-0.2474089413881302 0.2779134511947632 -0.16955579817295074
0.16768090426921844 0.8849131464958191 0.2496279925107956
0.4064148962497711 0.019554337486624718 -0.01931101083755493
0.10935866087675095 0.11584597826004028 -0.010458515956997871
-0.16753457486629486 0.01953645795583725 -0.1616085022687912
0.2191670536994934 0.23803262412548065 -0.31747135519981384
-0.21987096965312958 0.17084448039531708 0.14096015691757202
0.044242843985557556 0.07777395099401474 -0.11543620377779007
-0.3483756482601166 -0.07173937559127808 -0.1682848483324051
-0.16432222723960876 0.19234515726566315 0.022951023653149605
-0.07640499621629715 0.37091830372810364 -0.4650123119354248
-0.24775679409503937 0.691295325756073 0.015851808711886406
-0.0756211206316948 0.37157168984413147 0.7265551090240479
0.2871152460575104 -0.22150839865207672 -0.18730854988098145
-0.34677553176879883 -0.14188744127750397 -0.34069499373435974
0.08124940097332001 -0.10014989972114563 -0.28599709272384644
-0.16776910424232483 -0.1062721312046051 -0.044770997017621994
-0.01542419008910656 0.03469504788517952 -0.21409283578395844
-0.12893898785114288 -0.2574644684791565 -0.03212994337081909
-0.28605785965919495 0.0031332552898675203 -0.1358589082956314
-0.030098706483840942 0.19093014299869537 -0.4297293722629547
-0.21049746870994568 -0.010768476873636246 -0.013334596529603004
-0.2589053809642792 0.527593195438385 -0.35448119044303894
-0.15685470402240753 0.04894987493753433 -0.27455437183380127
-0.04975306987762451 -0.04981264844536781 -0.477159708738327
-0.069923534989357 0.48375236988067627 0.6888952851295471
0.1301490068435669 0.23971784114837646 -0.25354263186454773
0.17062827944755554 0.28421226143836975 0.09226267784833908
0.14447008073329926 0.05366810783743858 -0.41008108854293823
0.16330431401729584 -0.3973900377750397 -0.19594888389110565
-0.05938910320401192 0.12186801433563232 -0.26703697443008423
-0.04136817902326584 0.42607608437538147 0.03607955574989319
0.08356282860040665 0.03685707598924637 0.2047383338212967
0.3108244836330414 0.5024940967559814 0.6311110258102417
-0.22121623158454895 -0.09266399592161179 0.07826750725507736
-0.41575294733047485 -0.059296928346157074 -0.5622204542160034
0.08984612673521042 -0.0639386996626854 -0.25222569704055786
0.05213332176208496 -0.0010917475447058678 -0.11725206673145294
-0.29094263911247253 0.2580803632736206 -0.15815050899982452
-0.04004090651869774 0.21968281269073486 0.01330551691353321
0.12824204564094543 0.12398851662874222 -0.46294689178466797
0.2889283001422882 0.31447577476501465 0.26622527837753296
0.01991141401231289 -0.1081056296825409 0.13394010066986084
-0.19553354382514954 -0.10493766516447067 -0.5528343319892883
0.09099885076284409 0.552497923374176 0.01935582607984543
-0.10474494099617004 -0.09853190183639526 -0.05776415020227432
0.062495578080415726 0.18924713134765625 0.4217815101146698
0.3182365894317627 0.3378310203552246 0.019723745062947273
0.20626389980316162 0.421379029750824 0.040764886885881424
-0.2509661018848419 -0.2646317481994629 -0.24061588943004608
0.17163020372390747 0.7692716121673584 -0.11736380308866501
-0.05790986493229866 0.08680468052625656 -0.13020116090774536
0.07363369315862656 0.2713480591773987 0.003787356661632657
0.2736087143421173 0.5788834095001221 0.11711201816797256
0.10421883314847946 -0.29860490560531616 -0.2521490454673767
0.11698878556489944 0.10301531106233597 0.062199998646974564
0.042605891823768616 0.4169412851333618 -0.06820826232433319
-0.06435757130384445 -0.21684332191944122 0.40871530771255493
0.21692399680614471 -0.2468796670436859 -0.028142090886831284
-0.06734783947467804 -0.09410873800516129 -0.024695349857211113
-0.2114882618188858 -0.2677544057369232 -0.07585401087999344
0.06441258639097214 0.11935542523860931 -0.7571967244148254
0.4380619525909424 0.2222706824541092 -0.6432884931564331
0.10689578950405121 -0.10044817626476288 -0.1785171777009964
0.025109991431236267 0.018834037706255913 -0.44894546270370483
-0.27133744955062866 -0.09467480331659317 -0.0015631879214197397
0.08551935106515884 0.05346827954053879 -0.1860085427761078
-0.1418217122554779 0.10904849320650101 -0.1873977780342102
0.0029851323924958706 0.07580990344285965 -0.0029523978009819984
0.03188478946685791 -0.32984161376953125 -0.5029937028884888
0.07882098853588104 0.3676230013370514 -0.11169566959142685
-0.2252112627029419 0.22715754806995392 0.15254999697208405
-0.28622832894325256 0.10764580965042114 -0.0013957202900201082
0.01914876326918602 0.23677296936511993 -0.3410138189792633
0.011907793581485748 0.008366469293832779 -0.5274956822395325
0.4180223047733307 0.0456467941403389 -0.1159827783703804
0.46722206473350525 0.0766892284154892 -0.2105661779642105
0.2265569269657135 0.19910751283168793 -0.1462193876504898
-0.45866140723228455 0.10771753638982773 -0.22475582361221313
0.28917792439460754 0.615658700466156 -0.34797051548957825
-0.011992992833256721 0.36838528513908386 -0.7817626595497131
0.13311269879341125 0.2643151879310608 0.010407403111457825
-0.3408855199813843 0.17322126030921936 -0.15096868574619293
-0.21595068275928497 0.4071281850337982 0.573516845703125
-0.10411741584539413 -0.04199019446969032 -0.1622139811515808
-0.08065793663263321 -0.3333747386932373 -0.2327278107404709
-0.24343764781951904 -0.21311767399311066 -0.34243661165237427
-0.13462454080581665 0.08320127427577972 -0.09819021075963974
-0.21421828866004944 0.47501900792121887 0.2749450206756592
0.00820481963455677 0.04384198784828186 -0.2097652703523636
-0.348073273897171 0.10154467821121216 -0.06716965138912201
0.22622478008270264 0.03239991515874863 -0.25706174969673157
-0.05903560668230057 0.1300501525402069 0.22241829335689545
-0.18860024213790894 0.11464733630418777 -0.8467903733253479
0.07347846776247025 0.06966298818588257 0.010278386995196342
0.23611053824424744 0.43581318855285645 -0.40629908442497253
-0.1654931604862213 -0.09980236738920212 -0.013677377253770828
0.1253199428319931 -0.060991622507572174 -0.22164101898670197
-0.13128730654716492 0.3087255358695984 -0.12819507718086243
-0.19504226744174957 0.09019196778535843 -0.48528605699539185
0.38347363471984863 0.4626290798187256 -0.04953068867325783
0.2860216498374939 0.8158097863197327 0.4897769093513489
0.4643612802028656 0.35976356267929077 0.05025240778923035
0.19487625360488892 0.31377214193344116 0.2741776406764984
-0.12647171318531036 0.5774372816085815 0.09412407875061035
0.2424733191728592 0.06957203149795532 -0.028641672804951668
0.3461194336414337 0.37387827038764954 -0.14020951092243195
-0.03979898616671562 0.14283183217048645 0.007310941349714994
-0.04970080405473709 0.3517880439758301 -0.20622771978378296
-0.011378932744264603 0.4695104956626892 0.3344181478023529
-0.03537623956799507 -0.014150911942124367 -0.1967879682779312
0.032311081886291504 0.2381124198436737 -0.14548204839229584
0.3417081832885742 0.3030644655227661 -0.3685779869556427
-0.09830205887556076 -0.018489256501197815 -0.1769033819437027
-0.19651319086551666 -0.012913467362523079 -0.09780839830636978
0.10315217077732086 -0.12009933590888977 0.0063180201686918736
0.017661109566688538 0.4839169979095459 0.7363889813423157
0.05546460673213005 -0.09451620280742645 -0.37127962708473206
-0.010190777480602264 -0.06263728439807892 -0.14200735092163086
-0.07430083304643631 0.3041044771671295 -0.17840327322483063
-0.014336226508021355 -0.3613602817058563 0.013045614585280418
-0.15727819502353668 0.35629522800445557 0.3500378727912903
0.11646097898483276 -0.686903715133667 -0.25859305262565613
0.33495283126831055 0.31263217329978943 -0.17076842486858368
0.01822817511856556 -0.4717550277709961 -0.32284727692604065
-0.3939390182495117 0.5352519750595093 0.22124119102954865
0.2195373922586441 -0.09680743515491486 -0.40729615092277527
0.28278180956840515 -0.05924912542104721 -0.34631410241127014
0.0949011966586113 0.2825477719306946 0.02970096655189991
0.18165627121925354 0.0014772677095606923 -0.043615758419036865
-0.1230265200138092 -0.1502775251865387 -0.39430487155914307
0.19602976739406586 0.25783026218414307 -0.3363720178604126
-0.10957248508930206 0.08178640902042389 -0.5166774988174438
-0.1728791445493698 -0.4006398618221283 0.21292853355407715
0.0700068473815918 -0.1322387158870697 -0.01775313913822174
0.07631818950176239 0.31290575861930847 0.2622518539428711
-0.002843115944415331 0.5289228558540344 0.5246439576148987
0.06290613114833832 0.23324054479599 -0.16318294405937195
-0.1068221852183342 0.11486215889453888 -0.4395396411418915
-0.03239866718649864 -0.03238806128501892 -0.16471029818058014
-0.20308685302734375 0.021408431231975555 0.07782448083162308
-0.27317026257514954 0.16068299114704132 0.04625397175550461
-0.25979018211364746 -0.15059013664722443 0.007742110174149275
-0.2225354015827179 0.1594061702489853 -0.2407098114490509
-0.020680157467722893 0.25820204615592957 -0.010067746043205261
0.13222134113311768 0.3161206543445587 0.5139445066452026
0.3028026521205902 0.7383093237876892 0.39055317640304565
-0.1230386272072792 -0.33132025599479675 0.29631587862968445
0.06746815145015717 0.1682857871055603 -0.01270858570933342
-0.17419195175170898 -0.17628860473632812 -0.38093140721321106
0.23366335034370422 0.16232611238956451 -0.26762616634368896
0.44885316491127014 0.42091885209083557 -0.03566475957632065
-0.1082448959350586 -0.3081725835800171 -0.36240091919898987
0.11386269330978394 0.05037221312522888 -0.027011126279830933
0.1936263144016266 -0.13747209310531616 -0.5432077050209045
0.10544881969690323 0.1354958415031433 0.22620230913162231
-0.1762460321187973 0.07977908849716187 -0.5125494003295898
0.12603166699409485 0.23382873833179474 -0.1160188689827919
0.3269972801208496 0.12482370436191559 -0.6332321166992188
-0.12107769399881363 -0.3536226749420166 0.08247526735067368
-0.07342224568128586 0.31750407814979553 0.6655825972557068
0.2801646292209625 -0.051526203751564026 -0.4235309064388275
-0.29034164547920227 0.16028547286987305 0.28902968764305115
0.25355368852615356 0.2977507710456848 -0.06752369552850723
0.07539656013250351 0.11790406703948975 0.13984286785125732
-0.40128111839294434 -0.1372174471616745 0.13301651179790497
-0.2709803581237793 0.4166068732738495 -0.26463228464126587
-0.06235300004482269 0.3995966911315918 -0.3741283416748047
-0.16160599887371063 0.19573496282100677 -0.24085520207881927
0.2596423029899597 0.26160404086112976 0.00037474953569471836
-0.004186531063169241 -0.26357391476631165 0.15542294085025787
0.3122488260269165 -0.17559103667736053 -0.37034404277801514
0.41941413283348083 -0.02343328855931759 0.09325509518384933
-0.0557771697640419 -0.34819796681404114 -0.11719033867120743
0.10566941648721695 -0.019918641075491905 0.15157337486743927
0.10830581188201904 -0.0566420704126358 -0.9434786438941956
0.19638106226921082 0.10462059825658798 -0.057899314910173416
-0.050753213465213776 -0.35198864340782166 0.11410941183567047
0.06827577948570251 0.12445946782827377 -0.32205522060394287
0.2093067765235901 0.35485392808914185 0.3759891092777252
0.3473702073097229 0.24110770225524902 0.05188530310988426
-0.20298147201538086 -0.04302622005343437 -0.12852081656455994
0.010261528193950653 -0.03322354704141617 -0.218455970287323
0.1822175532579422 0.23873770236968994 0.6864803433418274
-0.051406342536211014 0.1693783849477768 -0.26043665409088135
0.05076573044061661 0.41035038232803345 0.32634660601615906
0.3595379889011383 0.32703447341918945 0.07253757864236832
0.22308854758739471 0.40615034103393555 -0.43384119868278503
-0.309398889541626 0.22747129201889038 -0.031008219346404076
-0.3889671862125397 0.09031309187412262 0.2110515832901001
-0.23008446395397186 -0.31827428936958313 -0.1615535318851471
0.027258191257715225 0.30566757917404175 0.2860940992832184
0.2895328998565674 -0.2685515284538269 -0.19749046862125397
0.1967012882232666 0.11848225444555283 -0.3445794880390167
-0.16023056209087372 -0.10818784683942795 -0.2876644432544708
-0.1810448169708252 -0.03112632967531681 -0.32068759202957153
0.08294335007667542 -0.21899540722370148 -0.6253211498260498
0.11518626660108566 -0.09242139756679535 -0.09947177022695541
0.21307867765426636 0.207700714468956 -0.29288798570632935
-0.2852934002876282 -0.37681400775909424 0.06033239886164665
0.08448085933923721 0.25587669014930725 0.25083157420158386
0.13407935202121735 0.059592440724372864 -0.34203779697418213
0.34635305404663086 0.04565565288066864 -0.10023080557584763
-0.3728618621826172 0.46732965111732483 -0.010517949238419533
-0.19844397902488708 0.26322323083877563 -0.5625704526901245
-0.14973172545433044 0.0476701483130455 -0.2106967717409134
-0.1782638281583786 0.15623417496681213 0.10042253136634827
-0.42875218391418457 0.24801594018936157 -0.23693332076072693
-0.04967930167913437 0.12800529599189758 -0.7323234677314758
0.2669856548309326 0.052738528698682785 0.11038719117641449
0.23048633337020874 0.44979599118232727 -0.12268128246068954
-0.06650946289300919 0.07669857144355774 -0.0813915878534317
-0.07136677950620651 0.1999756395816803 -0.911980390548706
0.04508001729846001 0.05741114541888237 -0.529555082321167
-0.16599436104297638 -0.09532061964273453 -0.13469797372817993
0.14138324558734894 0.4256730079650879 0.49820616841316223
-0.015227915719151497 0.47541067004203796 0.008654473349452019
0.15599128603935242 0.5209657549858093 0.053865574300289154
-0.34444910287857056 0.14275306463241577 0.13893429934978485
-0.11045528203248978 0.4669052064418793 -0.13657580316066742
-0.17297497391700745 -0.19889113306999207 -0.07761581987142563
-0.024687377735972404 0.13322027027606964 -0.20343422889709473
-0.07131726294755936 0.007444045040756464 -0.4085572063922882
-0.13724343478679657 -0.23884789645671844 -0.7225431203842163
-0.2824608087539673 -0.32391002774238586 -0.12114734947681427
-0.11599081009626389 -0.10757677257061005 0.3075198233127594
0.24360884726047516 0.19632400572299957 -0.487884521484375
-0.03852566331624985 0.006122916471213102 -0.09528254717588425
0.08945940434932709 -0.14485247433185577 0.08443909883499146
0.12038280814886093 0.0008966814493760467 0.027681881561875343
-0.022971929982304573 0.17854982614517212 0.049506865441799164
0.030798865482211113 0.0167666245251894 -0.11387356370687485
-0.13160163164138794 0.4133741557598114 -0.16965210437774658
0.24395549297332764 0.06773273646831512 -0.22481699287891388
0.25312235951423645 0.03922945261001587 -0.1598197966814041
0.013013433665037155 0.020385950803756714 0.26908770203590393
-0.14463995397090912 0.38607633113861084 -0.5434364080429077
0.1552628129720688 0.1488136202096939 -0.12522540986537933
0.0905090868473053 0.06768397986888885 -0.2160387486219406
0.04611774906516075 -0.17410555481910706 0.01597120240330696
0.2615155577659607 0.2644585967063904 0.1921616941690445
0.03144017234444618 -0.2274172306060791 0.27619293332099915
0.0947873592376709 -0.49505552649497986 -1.0641521215438843
0.23699815571308136 0.24447305500507355 -0.07811759412288666
-0.17542380094528198 -0.18415088951587677 0.18572714924812317
0.17857952415943146 -0.21182282269001007 -0.20574527978897095
-0.33982187509536743 -0.3203599452972412 -0.2668693959712982
-0.5181751847267151 -0.2738949954509735 -0.18507228791713715
-0.10268256068229675 0.24393139779567719 -0.3669872283935547
-0.13025443255901337 0.2193465232849121 -0.5440928339958191
0.039057325571775436 -0.2075146585702896 -0.16613391041755676
0.38519543409347534 0.13754083216190338 -0.29863056540489197
-0.08605094999074936 0.1674891859292984 -0.21598638594150543
0.17850558459758759 -0.14010322093963623 -0.3104819655418396
0.2606634497642517 -0.41153743863105774 -0.674466073513031
-0.3474564850330353 -0.17853228747844696 -0.2924484312534332
0.17759756743907928 0.29889780282974243 0.11399544775485992
0.19087538123130798 -0.14618007838726044 -0.6267449855804443
0.3002031743526459 0.21004894375801086 -0.3042876124382019
0.12817977368831635 0.006431981921195984 -0.7418777942657471
-0.1970071941614151 0.32161879539489746 -0.17081893980503082
-0.10569105297327042 -0.28959235548973083 -0.7428727149963379
-0.27370941638946533 0.18395490944385529 -0.05159410834312439
-0.059321802109479904 0.2056502401828766 -0.2085004597902298
0.08401226997375488 0.24390795826911926 -0.49602046608924866
0.18859244883060455 0.14482294023036957 0.3195105195045471
0.13880330324172974 -0.04564414918422699 -0.056437645107507706
-0.023602498695254326 0.44386473298072815 -0.23411040008068085
-0.32952743768692017 -0.011406883597373962 -0.20125789940357208
0.38854318857192993 0.12345115840435028 -0.21263183653354645
-0.13040763139724731 0.32913994789123535 -0.1296876221895218
0.10651005804538727 0.3771797716617584 0.42174461483955383
0.35125961899757385 0.5401482582092285 0.7464923858642578
-0.06701505184173584 0.3321229815483093 -0.18428705632686615
-0.12238366156816483 0.28748399019241333 -0.11435794830322266
-0.11071491986513138 -0.10177875310182571 -0.043709494173526764
0.04517494514584541 0.29701167345046997 -0.1282864660024643
0.06583808362483978 0.3958515226840973 -0.4892619848251343
-0.012755637988448143 0.05437426641583443 0.3602651059627533
0.22048933804035187 -0.05494074150919914 0.007566805928945541
0.007923178374767303 0.26814767718315125 -0.29140517115592957
0.3038252592086792 -0.6821507215499878 -0.32244738936424255
-0.4035557508468628 -0.19812481105327606 -0.09114452451467514
0.2697339355945587 -0.016618957743048668 -0.4290672242641449
-0.027272511273622513 -0.07117173820734024 -0.2074308544397354
0.19714336097240448 0.28264153003692627 0.43508362770080566
-0.18930363655090332 -0.11693069338798523 0.40206602215766907
-0.0009942136239260435 0.1554221510887146 -0.198276549577713
0.07221399247646332 0.26490968465805054 -0.16388629376888275
0.04748387634754181 0.09159527719020844 -0.0963282436132431
0.12237701565027237 0.773003101348877 -0.08942591398954391
0.10636739432811737 0.021047713235020638 0.013272285461425781
0.034758225083351135 0.02919170819222927 -0.06670869141817093
0.049545422196388245 0.4303458034992218 0.46351727843284607
0.1837151199579239 0.8016366958618164 -0.20388564467430115
-0.2538685202598572 -0.004404548089951277 -0.12382026761770248
-0.11981470137834549 -0.15958499908447266 0.001508487737737596
0.09961559623479843 -0.4314873218536377 -0.29963454604148865
0.3103159964084625 0.25322675704956055 -0.2124953269958496
-0.10922345519065857 0.6328866481781006 0.23460090160369873
0.30315062403678894 0.317423939704895 0.1844698190689087
-0.027535613626241684 -0.14101360738277435 -0.25907909870147705
-0.21426647901535034 0.19936037063598633 -0.4302038550376892
-0.014247696846723557 -0.10313913226127625 0.0538107268512249
-0.14129935204982758 -0.3214374780654907 -0.21865901350975037
0.135738343000412 0.2595362663269043 0.39782753586769104
-0.11661315709352493 0.3771010637283325 -0.1805868148803711
0.06964284181594849 0.04227669909596443 -0.0984206348657608
0.003650663187727332 -0.1078290119767189 0.17766250669956207
-0.002999268937855959 0.16267512738704681 -0.3581370711326599
-0.09821822494268417 0.03770112991333008 -0.17008823156356812
-0.2153068333864212 0.2500418424606323 -0.013264769688248634
0.08370357006788254 -0.010795891284942627 -0.7422540187835693
0.029860015958547592 0.2811654210090637 -0.08385782688856125
0.17379015684127808 0.2957998514175415 0.45569828152656555
-0.09597551077604294 0.008195078000426292 -0.801562488079071
0.21729575097560883 0.43096214532852173 -0.5030308961868286
0.0368025116622448 0.3382449746131897 -0.39711782336235046
-0.0657743513584137 0.004727219231426716 -0.2538793683052063
0.04734520986676216 0.6001431345939636 -0.04161559045314789
0.10150504112243652 0.5246730446815491 -0.718082845211029
0.09879817813634872 -0.14094559848308563 -0.6619901657104492
0.14444221556186676 0.4983972907066345 -0.5857051014900208
-0.206711545586586 -0.11879709362983704 -0.031020155176520348
0.1959976702928543 -0.15891146659851074 -0.041390325874090195
-0.0683707669377327 0.1931534856557846 -0.293535053730011
-0.09080551564693451 0.07211523503065109 -0.2591864764690399
0.20956005156040192 0.013859830796718597 0.1562492400407791
-0.31878331303596497 0.39725446701049805 -0.23484039306640625
-0.013606566935777664 0.23014245927333832 -0.2390373796224594
-0.6421926021575928 0.5096234679222107 -0.3522873818874359
-0.456125408411026 -0.15432478487491608 -0.13532768189907074
-0.4144650399684906 0.234206885099411 0.3692401647567749
5.417142529040575e-05 -0.1944175362586975 0.07183415442705154
0.14139623939990997 0.4655277132987976 0.024559570476412773
-0.16800178587436676 0.546783983707428 -0.3562180697917938
0.2897440791130066 0.6106072664260864 -0.29045233130455017
0.07395784556865692 0.13202325999736786 0.5003220438957214
-0.19407904148101807 -0.05235461890697479 0.0445232130587101
-0.12252535670995712 0.09763466566801071 -0.5151745080947876
-0.1967564970254898 0.07083125412464142 -0.478832483291626
0.44741129875183105 -0.5477038025856018 -0.2678886651992798
0.03454025089740753 -0.2612966299057007 -0.21811771392822266
0.08620922267436981 0.03970593959093094 0.04412362352013588
-0.21955135464668274 0.24636927247047424 0.08327516168355942
0.10696233063936234 -0.30072009563446045 -0.31793713569641113
-0.08824573457241058 0.1536814272403717 0.2895381450653076
-0.05683528259396553 -0.1394161432981491 0.33158817887306213
-0.11460607498884201 0.18930523097515106 -0.29859060049057007
-0.23472656309604645 0.3224662244319916 0.01295277290046215
-0.07829733192920685 0.33311793208122253 -0.25757336616516113
0.0937439501285553 0.04135731980204582 -0.572150468826294
0.11196640878915787 -0.1921689361333847 -0.6725848913192749
-0.02764323353767395 -0.3022853434085846 -0.37906014919281006
-0.02198539301753044 -0.18826371431350708 -0.4252622723579407
-0.13234630227088928 -0.17170965671539307 -0.006452894303947687
0.08106036484241486 0.4734746217727661 -0.36863964796066284
0.12225014716386795 -0.19920143485069275 0.0921679213643074
-0.0741632729768753 -0.5870282649993896 -0.6479637622833252
0.21821579337120056 0.20555420219898224 -0.1116042211651802
0.22540926933288574 0.30154210329055786 0.6827128529548645
0.017426542937755585 -0.022330792620778084 -0.37184858322143555
-0.33118242025375366 0.08158960193395615 -0.17178936302661896
0.32329413294792175 -0.04763035476207733 -0.6672306060791016
-0.17591799795627594 0.35064053535461426 0.4118803143501282
0.15780407190322876 0.1280011236667633 -0.26937010884284973
-0.14951938390731812 -0.06586119532585144 0.48316454887390137
-0.09604469686746597 -0.2914469838142395 -0.36220934987068176
-0.30740347504615784 -0.045271676033735275 0.13961362838745117
0.002643819898366928 0.06027192622423172 -0.1308060884475708
0.09696069359779358 0.09832864254713058 -0.4270102083683014
0.18082202970981598 0.2509917914867401 -0.155625581741333
0.15855982899665833 0.1608499139547348 -0.5345928072929382
0.08673873543739319 -0.08634264022111893 0.5076382756233215
0.15730281174182892 -0.3647845387458801 -0.3353545665740967
0.1266414076089859 0.11479035764932632 -0.024133143946528435
0.30520617961883545 -0.4268576502799988 0.02253829687833786
0.25681066513061523 0.4189411997795105 -0.21116414666175842
0.04910355433821678 0.2419060617685318 -0.11140849441289902
0.22857166826725006 0.3897862136363983 -0.1337106078863144
0.10570782423019409 -0.19358937442302704 -0.4162101745605469
0.07473942637443542 -0.3919241428375244 -0.23132745921611786
0.1851710081100464 -0.31995847821235657 -0.16247525811195374
-0.20111395418643951 0.24117371439933777 0.09520554542541504
0.14033862948417664 0.025767531245946884 -0.2243233621120453
0.1300550401210785 0.11533046513795853 0.15926329791545868
0.27753522992134094 -0.17181533575057983 -0.10427749902009964
-0.15109817683696747 0.35838183760643005 0.04145880788564682
0.4539986848831177 -0.1505829095840454 -0.17202751338481903
-0.04508425295352936 -0.038328174501657486 0.06881105899810791
0.031056437641382217 0.4157862961292267 -0.653606116771698
-0.16027449071407318 0.03931136429309845 -0.3304012715816498
0.006039384286850691 0.17588075995445251 -0.09621862322092056
-0.23403605818748474 -0.08071873337030411 -0.6028167605400085
-0.06861113011837006 -0.02972899191081524 -0.6021579504013062
-0.2782086431980133 0.07835080474615097 -0.38859668374061584
0.130330428481102 -0.29694923758506775 -0.08789479732513428
-0.3138704001903534 0.4123563766479492 -0.05329946056008339
0.16507193446159363 0.051735419780015945 -0.3224795460700989
0.11566700041294098 0.15477801859378815 0.21681083738803864
0.02522982843220234 0.2568872272968292 0.12095972895622253
0.2546488046646118 0.3527523875236511 0.052270472049713135
-0.6837929487228394 -0.1478973776102066 -0.32221680879592896
0.19166742265224457 0.15102064609527588 0.07728727161884308
-0.3022899329662323 0.06299351155757904 0.12349645048379898
0.02223764918744564 0.0622960701584816 -0.05856863409280777
0.37554287910461426 0.15479633212089539 0.04126106947660446
-0.025507578626275063 0.07884608209133148 -0.06373989582061768
0.2622872292995453 -0.01022590883076191 -0.1884043663740158
0.3685586154460907 0.08035800606012344 0.3074994683265686
-0.4847353994846344 0.09617574512958527 -0.6473370790481567
0.5167052149772644 0.5555224418640137 -0.48123645782470703
0.15688461065292358 -0.08204885572195053 -0.4356018900871277
-0.1971844881772995 0.40115824341773987 0.12140823900699615
0.203677698969841 -0.1659383326768875 -0.525292158126831
0.4381335973739624 0.8159564733505249 -0.0887855738401413
0.022012906149029732 -0.027889857068657875 -0.8408579230308533
-0.38147875666618347 0.34383147954940796 -0.5133672952651978
-0.06496723741292953 -0.4049769937992096 -0.29722100496292114
0.043457865715026855 -0.06919409334659576 -0.18086937069892883
0.05094276741147041 -0.21264049410820007 -0.3064182698726654
0.11520368605852127 0.4949555993080139 -0.12763717770576477
0.33086541295051575 0.37183529138565063 -0.24690794944763184
-0.08691215515136719 0.49336788058280945 -0.23224247992038727
-0.01252513937652111 0.03494928404688835 -0.1654665619134903
-0.06993968784809113 0.10382473468780518 -0.19996871054172516
-0.193158820271492 0.45450377464294434 -0.4627600908279419
-0.10449137538671494 -0.0355357863008976 0.22728700935840607
-0.14391565322875977 0.3171125650405884 -0.45278435945510864
-0.17669197916984558 0.004759467206895351 -0.3139394521713257
-0.0557095929980278 -0.07126065343618393 -0.7487802505493164
-0.2810938060283661 0.07196933031082153 -0.2378983348608017
-0.19069863855838776 -0.15043368935585022 -0.045451827347278595
0.3783416450023651 0.15505990386009216 -0.36855390667915344
0.07549665123224258 0.11764159798622131 0.20365455746650696
0.34131285548210144 0.16818048059940338 0.2845477759838104
0.06384782493114471 -0.349057137966156 0.02740151807665825
-0.0059465812519192696 0.04335574433207512 0.01917080394923687
0.36426299810409546 -0.019858872517943382 -0.568484902381897
-0.12054923176765442 -0.048629432916641235 -0.30714601278305054
-0.040704987943172455 -0.23699873685836792 -0.09936536103487015
-0.22521422803401947 -0.17933310568332672 -0.2104409784078598
0.14765454828739166 -0.009359167888760567 -0.29716530442237854
0.058990783989429474 0.13128747045993805 0.14854103326797485
0.3367246091365814 0.5178273320198059 0.01717825047671795
0.234746053814888 0.30019640922546387 0.2604086697101593
0.3571524918079376 -0.39343488216400146 -0.15541288256645203
-0.11916329711675644 0.06359106302261353 -0.08437636494636536
-0.3793257474899292 0.0294363833963871 0.11491508036851883
0.46280044317245483 0.07215195894241333 -0.8261815309524536
-0.09792730212211609 0.10912200063467026 -0.45475488901138306
-0.14643564820289612 -0.0975617915391922 0.0425778292119503
-0.25416430830955505 -0.158766508102417 -0.4697217643260956
-0.022927865386009216 0.42800432443618774 0.30620673298835754
-0.16767174005508423 -0.1746445894241333 -0.1720946878194809
0.35239464044570923 -0.10149946063756943 -0.40738263726234436
0.040754396468400955 0.2793048620223999 -0.2700205147266388
-0.3263314664363861 -0.16976290941238403 -0.2440713495016098
-0.023372750729322433 0.130518838763237 -0.5243517756462097
-0.12748485803604126 0.5074731707572937 0.254447877407074
0.07348530739545822 0.424363374710083 0.5482262969017029
-0.06600701808929443 0.1715880185365677 -0.5407600998878479
0.06326652318239212 -0.17215587198734283 -0.024598082527518272
0.10461387783288956 0.40178894996643066 0.23728732764720917
0.2316354662179947 -0.07511044293642044 -0.2786557972431183
-0.2016267478466034 0.1622246950864792 -0.19652023911476135
-0.2532708942890167 0.8787097930908203 -0.23135918378829956
0.19923187792301178 -0.2910311222076416 -0.09519017487764359
0.06778858602046967 -0.08185780048370361 -0.18776783347129822
0.09431777149438858 0.23905780911445618 -0.18841314315795898
-0.36369553208351135 0.3997071385383606 -0.15234710276126862
0.146940216422081 0.22466978430747986 -0.21384185552597046
-0.044543806463479996 0.30415791273117065 0.1350630819797516
0.0161295048892498 -0.25614112615585327 -0.3314588963985443
0.09941697865724564 -0.544478714466095 -0.5124819874763489
-0.21812041103839874 -0.060268010944128036 -0.28028056025505066
-0.24668307602405548 -0.05907651036977768 -0.5782789587974548
0.35643503069877625 0.29217076301574707 -0.18883176147937775
-0.1379731297492981 0.07926900684833527 -0.34512653946876526
0.037516381591558456 0.14454512298107147 -0.1792929321527481
-0.05682218819856644 0.00039184477645903826 -0.0015604402869939804
-0.02674281969666481 0.11013175547122955 -0.015198729932308197
0.20539839565753937 0.07049151510000229 -0.6250496506690979
-0.24711726605892181 -0.08507929742336273 -0.46080052852630615
0.07258033007383347 0.041942059993743896 0.4714464545249939
0.06116567552089691 0.1725330352783203 0.6075817942619324
-0.12244051694869995 0.1717972606420517 0.25409239530563354
0.1387830674648285 0.24542534351348877 -0.0659075453877449
0.11913303285837173 -0.1839454025030136 -0.05154833197593689
-0.15343482792377472 -0.04921994358301163 -0.8504765033721924
-0.014755068346858025 -0.07573460042476654 -0.17514170706272125
0.12810009717941284 0.40248286724090576 -0.29496628046035767
0.0797458216547966 0.033042531460523605 0.03190839663147926
-0.13537268340587616 -0.07122982293367386 0.2564983665943146
-0.04682871699333191 -0.10101597756147385 -0.10918446630239487
-0.3336997628211975 0.7303891181945801 -0.02512226440012455
0.2666837275028229 0.1424740105867386 -0.045003727078437805
-0.08739378303289413 -0.07878223806619644 -0.256738543510437
-0.025076676160097122 0.051053620874881744 -0.3149843215942383
-0.0318145714700222 0.008198411203920841 0.2916145622730255
-0.37065252661705017 -0.448016881942749 -0.028046192601323128
0.0018383427523076534 0.2501896917819977 -0.44105324149131775
-0.017792247235774994 -0.14393514394760132 -0.35969558358192444
-0.002014735247939825 -0.005072008352726698 -0.14018023014068604
-0.03470318764448166 0.32970887422561646 -0.3920323848724365
-0.018270784988999367 -0.01395215094089508 0.23699435591697693
0.10010813921689987 0.2467077225446701 -0.074239082634449
0.10662651807069778 0.11931348592042923 -0.011004997417330742
-0.06194449961185455 -0.280290424823761 -0.3003641664981842
0.08485771715641022 0.09024228900671005 -0.6886407136917114
-0.28132012486457825 -0.1648530811071396 0.12992717325687408
-0.24426475167274475 -0.09307506680488586 -0.16457919776439667
-0.07139772921800613 0.4014337658882141 0.7447630167007446
0.2033064216375351 0.09346761554479599 -0.5332472324371338
0.02345067821443081 0.06649351119995117 -0.7051827907562256
-0.005414451938122511 0.26832523941993713 -0.05094049870967865
-0.06835128366947174 -0.26540908217430115 -0.17659741640090942
-0.06607545912265778 -0.2265743613243103 -0.1302908957004547
0.4078902006149292 0.17448273301124573 -0.42616504430770874
0.022380752488970757 0.04628593102097511 -0.26622122526168823
0.11916093528270721 0.034909579902887344 -0.11015108227729797
0.19078975915908813 0.01581956446170807 -0.5417205691337585
0.1352917104959488 0.13122029602527618 0.20520688593387604
0.020335592329502106 0.2706928551197052 0.4445858299732208
-0.1280236393213272 0.0839235857129097 -0.5973446369171143
-0.2819536030292511 0.1029701977968216 -0.17869967222213745
0.3107180893421173 -0.30731046199798584 0.07060439139604568
-0.13975919783115387 0.12325070053339005 -0.2837282419204712
0.28690004348754883 0.24921011924743652 -0.7617945671081543
-0.3943450450897217 0.8117050528526306 0.11076703667640686
0.1431208699941635 0.15493060648441315 -0.026063373312354088
-0.08831483125686646 0.24636414647102356 -0.3414478302001953
0.01991257630288601 0.27902787923812866 -0.2633161246776581
-0.22350484132766724 0.03207087889313698 -0.02208448015153408
-0.18022404611110687 0.20334069430828094 0.63151615858078
-0.5210729837417603 0.31756263971328735 -0.5863518118858337
0.08492405712604523 0.11176439374685287 -0.5681969523429871
0.3530045449733734 0.11002695560455322 -0.4301935136318207
0.22664175927639008 0.4216795563697815 0.23600032925605774
0.009773889556527138 0.4927906095981598 0.3838440775871277
0.148721382021904 0.19013947248458862 -0.28211838006973267
-0.11444796621799469 -0.07677339762449265 0.5405842661857605
-0.1511286497116089 0.028082873672246933 -0.4126913845539093
-0.1702309101819992 -0.17970402538776398 0.4169310927391052
0.21838928759098053 0.12141737341880798 -0.5167804956436157
0.09192553162574768 0.22286172211170197 0.12929785251617432
-0.12410972267389297 0.6128747463226318 0.2529735863208771
0.07604117691516876 0.041534099727869034 -0.6009964942932129
0.23942118883132935 -0.04308252036571503 -0.6760450005531311
0.17124737799167633 -0.4165244400501251 -0.225216805934906
0.05675087124109268 -0.0563015379011631 0.04287978634238243
0.13122370839118958 0.37319332361221313 -0.1524447798728943
0.16824530065059662 0.37000882625579834 -0.12765158712863922
-0.07299640029668808 0.3692936599254608 -0.41678670048713684
-0.16468815505504608 -0.3450930714607239 -0.10181618481874466
0.019145630300045013 0.2509042024612427 -0.31315386295318604
-0.05119393393397331 -0.09285566955804825 0.07384072989225388
0.008543350733816624 0.08230961859226227 -0.3807229995727539
-0.104739710688591 -0.2727934420108795 -0.26548609137535095
-0.45790377259254456 0.12179599702358246 -0.09266641736030579
-0.0799536481499672 0.09161145240068436 0.15181858837604523
0.1256691962480545 0.20640231668949127 0.17921499907970428
0.016801083460450172 0.07585671544075012 -0.09696102887392044
-0.25616106390953064 0.09983836114406586 0.12151269614696503
-0.02608116902410984 0.009311646223068237 -0.8703821897506714
-0.2164648175239563 -0.34229835867881775 0.048119474202394485
-0.09249516576528549 0.7520779371261597 -0.22086437046527863
-0.2073959857225418 0.029296424239873886 -0.0017816894687712193
0.21988490223884583 0.20057928562164307 -0.9486737847328186
0.24020014703273773 0.3604965806007385 0.05732125788927078
0.13129442930221558 0.08183103799819946 -0.4437243640422821
0.33061665296554565 0.5681406855583191 0.10134308785200119
-0.06370501220226288 0.12306705117225647 -0.430825799703598
-0.01894792728126049 -0.2442568838596344 0.19240906834602356
-0.12649065256118774 0.3653436303138733 0.3250258266925812
-0.03144475817680359 -0.04834066331386566 -0.2664612829685211
0.2913070619106293 0.43957313895225525 0.7986915111541748
-0.3424946665763855 -0.25390011072158813 0.14891645312309265
-0.00762329762801528 -0.05995249003171921 0.12043572962284088
-0.0691506639122963 -0.3169189691543579 -0.44035500288009644
0.1039404645562172 0.11744911968708038 -0.5533575415611267
0.0667203888297081 -0.4887060821056366 -0.6452244520187378
0.08999748528003693 0.3855537176132202 0.08595507591962814
-0.1435418725013733 0.13233402371406555 -0.19201162457466125
0.11722695827484131 0.36764004826545715 -0.1479465216398239
-0.16689738631248474 0.23037463426589966 -0.28515625
-0.1916165053844452 0.46075886487960815 -0.605559766292572
0.059148553758859634 0.5640298128128052 -0.08416512608528137
-0.10083433985710144 0.24419352412223816 -0.11043421924114227
-0.10314036905765533 0.07684965431690216 -0.5139231085777283
0.18476635217666626 0.46232354640960693 0.755748987197876
-0.014577597379684448 -0.2169181853532791 -0.09543918818235397
0.07768892496824265 0.7908371686935425 0.09473545104265213
0.08670924603939056 0.17703014612197876 0.1592455506324768
0.1674170345067978 0.336661696434021 -0.4451329708099365
-0.10560072213411331 0.6364084482192993 -0.3219853341579437
-0.1067667305469513 -0.24317587912082672 -0.16153322160243988
-0.1688733696937561 0.08922559767961502 -0.24336525797843933
0.05230148881673813 0.12545190751552582 -0.2698667049407959
0.2934334874153137 0.4232674241065979 0.36646315455436707
-0.011101813986897469 -0.15317828953266144 -0.1075100302696228
-0.11479480564594269 0.22962608933448792 0.030648140236735344
-0.09358730912208557 0.15969957411289215 -0.29162365198135376
0.1828501969575882 0.07566767185926437 -0.13489913940429688
0.1451091766357422 0.3427765965461731 -0.27958354353904724
0.0604901947081089 0.14450755715370178 -0.14212128520011902
-0.1635865718126297 -0.1972709596157074 -0.46589043736457825
0.11803390830755234 -0.11338117718696594 0.07994262129068375
-0.20325495302677155 0.266074538230896 -0.0333130769431591
0.22922465205192566 0.18909215927124023 -0.2946140468120575
0.28286638855934143 -0.14613838493824005 -0.10769431293010712
-0.19003832340240479 -0.05758633464574814 0.48241913318634033
-0.07923233509063721 -0.012243708595633507 -0.23158028721809387
-0.08150579035282135 0.07256767153739929 0.17136934399604797
0.1367538869380951 0.1512543261051178 -0.4549916386604309
0.08725789934396744 -0.0016493096482008696 -0.2127837985754013
-0.03004339709877968 -0.3509404957294464 -0.22724014520645142
0.4651493430137634 0.007636772934347391 0.23777948319911957
-0.12402459233999252 0.348871111869812 -0.24725207686424255
0.06484920531511307 -0.21483442187309265 -0.1074228286743164
-0.12273106724023819 -0.18136481940746307 0.018159065395593643
-0.28522229194641113 -0.25142815709114075 -0.22994953393936157
0.14980097115039825 0.17886443436145782 -0.8342707753181458
-0.07189872115850449 -0.4160146415233612 -0.01781722903251648
0.05061974748969078 0.1967497318983078 -0.4086029529571533
0.09647160023450851 0.3060387074947357 -0.46913063526153564
0.15114045143127441 0.34214282035827637 0.2112317979335785
-0.580224335193634 -0.4641149044036865 -0.24735550582408905
-0.12011420726776123 0.3638540506362915 -0.1893293857574463
-0.07567940652370453 -0.039786070585250854 -0.3076792359352112
0.046218808740377426 -0.29550978541374207 -0.3209671974182129
-0.2584882080554962 -0.19272123277187347 0.06485464423894882
-0.009166928008198738 0.07884994149208069 -0.25494489073753357
0.1665417104959488 0.4236128032207489 -0.33303722739219666
0.04752255603671074 -0.2003878355026245 -0.15664872527122498
0.10205359011888504 0.41762256622314453 -0.39983537793159485
-0.06991666555404663 0.08487110584974289 -0.14625926315784454
0.005634367931634188 -0.35115668177604675 -0.46987617015838623
-0.13731129467487335 0.17455588281154633 -0.25896328687667847
-0.2430492788553238 -0.08051659166812897 -0.23598246276378632
-0.1985948085784912 0.8118105530738831 -0.16194160282611847
-0.2611691653728485 -0.11461343616247177 0.3788169324398041
0.3646184206008911 -0.3796737790107727 -0.5581146478652954
-0.10560416430234909 -0.09311383217573166 -0.07787210494279861
-0.23821315169334412 0.4103396534919739 0.36534231901168823
0.011732898652553558 0.4643236994743347 -0.6349443197250366
0.25498077273368835 0.07363784313201904 -0.42254164814949036
0.29401907324790955 0.20236629247665405 -0.4372274577617645
-0.3565838932991028 0.5501880049705505 -0.03396841138601303
-0.19530022144317627 0.45823830366134644 -0.6891332864761353
0.08144035190343857 -0.1175297275185585 -0.705138623714447
-0.008504742756485939 -0.3460572361946106 -0.09689660370349884
0.3720106780529022 0.47750264406204224 0.407253235578537
0.19902700185775757 0.10650702565908432 -0.19637547433376312
-0.14602366089820862 -0.023896368220448494 -0.22449961304664612
0.17998677492141724 0.1657315194606781 0.05609453469514847
0.20457357168197632 -0.18831731379032135 -0.07293371111154556
-0.23036043345928192 -0.10788227617740631 -0.1930856555700302
-0.19690082967281342 0.15078729391098022 -0.02766902931034565
-0.09498240053653717 0.14302249252796173 -0.10269875824451447
0.12201441824436188 0.11098039895296097 -0.42290452122688293
-0.35645028948783875 0.28324857354164124 -0.6153217554092407
-0.14735999703407288 -0.20979170501232147 0.05072786659002304
0.2188689410686493 0.7258806824684143 -0.0894811823964119
0.09354771673679352 0.2891049087047577 -0.3677442967891693
-0.08985427021980286 -0.07638951390981674 -0.21250231564044952
-0.017030009999871254 0.08881407231092453 0.18114396929740906
0.2591685652732849 0.15692779421806335 0.023936448618769646
-0.2537773549556732 0.09929543733596802 0.05119083821773529
-0.038984060287475586 -0.3036380112171173 -0.5265491604804993
0.2785700559616089 -0.19603346288204193 -0.24246850609779358
-0.06592074781656265 0.46390068531036377 0.3735174238681793
0.16332876682281494 0.24982336163520813 -0.6481956243515015
-0.30296072363853455 0.30124279856681824 -0.19860391318798065
0.021246206015348434 0.17121078073978424 -0.1220441609621048
-0.08197081089019775 -0.007327694911509752 -0.12082722038030624
-0.03457551449537277 0.16998758912086487 0.2901258170604706
0.21697194874286652 -0.4272242486476898 -0.0882435217499733
0.2775138020515442 0.07300668209791183 0.15329401195049286
0.33803069591522217 0.10549913346767426 -0.48828089237213135
0.020597413182258606 0.07033243030309677 0.481247216463089
-0.4142829179763794 0.6216588616371155 0.2969558537006378
0.2485029548406601 -0.4940284192562103 -0.5492174625396729
-0.16272617876529694 0.3840606212615967 -0.3289906680583954
-0.07521306723356247 -0.3557456433773041 -0.2637447714805603
0.25970521569252014 0.3888219892978668 -0.07395637780427933
0.09017312526702881 -0.010710084810853004 -0.19346290826797485
0.2120215743780136 0.023495670408010483 -0.534521222114563
-0.17406731843948364 0.21517865359783173 -0.52153080701828
0.23372837901115417 0.32246944308280945 -0.5024402141571045
0.07313629239797592 -0.22456791996955872 -0.0912509560585022
0.12256336212158203 -0.030761318281292915 0.23896369338035583
0.042407047003507614 -0.0890793427824974 -0.11321993172168732
0.1397142857313156 0.41437795758247375 -0.4457329213619232
0.4273665249347687 0.38441044092178345 -0.21625784039497375
-0.13745732605457306 0.08252591639757156 -0.3609294295310974
0.05652209371328354 -0.08458971232175827 0.03434379771351814
-0.5253463387489319 0.4175730049610138 -0.11498115956783295
-0.2923659384250641 -0.30922460556030273 -0.26019251346588135
0.07509414851665497 0.24635370075702667 0.44453591108322144
-0.05202877148985863 0.039684537798166275 0.008951298892498016
0.37773528695106506 0.6244809627532959 -0.3127310276031494
-0.14365606009960175 0.025553695857524872 -0.2698156237602234
-0.2531903386116028 -0.33659765124320984 0.1710752248764038
-0.05844186246395111 -0.0528840534389019 -0.00018213142175227404
-0.04821247607469559 0.18603937327861786 -0.2739848792552948
-0.1160387471318245 0.4743424654006958 0.625990629196167
0.060351189225912094 0.1940925419330597 0.07431614398956299
0.10675464570522308 -0.3839885890483856 0.1434335708618164
-0.21479639410972595 0.04386623576283455 -0.5240344405174255
0.05050723999738693 0.10760915279388428 -0.2548760771751404
-0.21306167542934418 0.402232825756073 0.16548024117946625
-0.01401808112859726 0.20926372706890106 -0.6631332039833069
-0.12178722769021988 0.028723333030939102 -0.3341948986053467
0.09852489829063416 0.3234478235244751 0.17266704142093658
-0.13779589533805847 0.32962071895599365 0.25183072686195374
0.003401349764317274 -0.007151281926780939 -0.2632285952568054
0.3584272265434265 0.18592803180217743 -0.29016798734664917
-0.24892160296440125 0.25043177604675293 -0.5363567471504211
0.22805829346179962 -0.12210468202829361 0.24477458000183105
-0.047436147928237915 0.1658739596605301 -0.35192617774009705
-0.009435463696718216 0.13177332282066345 -0.541205883026123
0.3603728413581848 -0.01412864401936531 -0.5930854678153992
-0.09753657132387161 -0.20225900411605835 -0.5308335423469543
-0.4147801399230957 0.7308951616287231 -0.20652751624584198
-0.01169644482433796 -0.055080167949199677 0.12917235493659973
0.07864651083946228 0.1095801442861557 -0.3069342076778412
0.20914115011692047 -0.17119355499744415 -0.050255127251148224
-0.081497922539711 0.06579942256212234 -0.6237216591835022
0.2589204013347626 0.34295374155044556 0.42454835772514343
0.010969085618853569 0.2870129942893982 0.23532800376415253
-0.12503665685653687 0.10353318601846695 -1.39772629737854
-0.3395494520664215 -0.34640300273895264 -0.09912775456905365
-0.31629976630210876 -0.03639117255806923 -0.2817555367946625
0.07828416675329208 -0.0754551813006401 -0.2148772031068802
-0.15744587779045105 -0.044067155569791794 -0.05961957201361656
-0.268920361995697 0.537994384765625 -0.05105552077293396
0.4048404395580292 -0.0949258804321289 -0.031540025025606155
-0.22397981584072113 0.3293306529521942 -0.13605473935604095
0.06020188704133034 0.17517583072185516 -0.13285359740257263
0.23435859382152557 0.2697143852710724 -0.28667864203453064
0.2952423393726349 0.26395171880722046 0.06600788235664368
-0.3099922239780426 0.16987410187721252 -0.2406662255525589
0.1727239191532135 -0.011458437889814377 0.04681239277124405
-0.013778595253825188 0.1695268601179123 0.06937192380428314
0.17995093762874603 0.26123449206352234 -0.36432310938835144
-0.029435915872454643 0.33263733983039856 0.4154307246208191
-0.135233536362648 0.07310701161623001 0.05619487538933754
-0.043721236288547516 -0.22826023399829865 -0.6399953961372375
0.12028583884239197 0.1856365203857422 -0.18767772614955902
0.10401676595211029 0.20318344235420227 -0.3445325791835785
0.11990068852901459 0.38705217838287354 -0.4128728210926056
-0.19141848385334015 -0.13811911642551422 0.3144497275352478
-0.008706100285053253 0.324625164270401 -0.13894976675510406
-0.05369080975651741 0.2039528787136078 -0.3813443183898926
-0.06616424769163132 -0.08211233466863632 0.373801589012146
0.03057762421667576 -0.29769787192344666 0.12026640772819519
0.13868466019630432 0.2596248686313629 -0.2736278474330902
0.06678596138954163 0.12155686318874359 -0.07587087154388428
0.5346848368644714 -0.6260609030723572 -0.48603278398513794
0.12639720737934113 -0.05150585249066353 -0.22137951850891113
0.059157077223062515 -0.09476027637720108 -0.279331237077713
-0.3837295174598694 0.1019938513636589 0.07502260059118271
0.005920956842601299 0.12414906919002533 0.4936234652996063
0.3016279935836792 0.22957146167755127 0.14982905983924866
0.16068147122859955 -0.03312484174966812 -0.240602508187294
-0.05573851615190506 -0.08999335765838623 -0.3322441577911377
0.03155825659632683 0.22059060633182526 0.06594053655862808
0.1933968961238861 0.30608728528022766 -0.5990657806396484
0.16688230633735657 0.24790093302726746 -0.22844471037387848
0.30055323243141174 0.2981316149234772 -0.2699251174926758
-0.2409728467464447 0.07193619012832642 -0.4017285704612732
