ply
format ascii 1.0
element vertex 2048
property float x
property float y
property float z
end_header
0.2896965444087982 0.062160104513168335 -0.24993979930877686
-0.11420103907585144 -0.11662200093269348 -0.03450425714254379
0.08164277672767639 -0.30351099371910095 -0.0904654785990715
0.19278639554977417 -0.30351099371910095 -0.15944361686706543
-0.0785069465637207 -0.30351099371910095 0.03409776836633682
0.3216654360294342 0.04600799083709717 -0.154595747590065
0.32534682750701904 -0.28655630350112915 -0.05672702193260193
0.2669685482978821 0.11997000128030777 0.14234218001365662
-0.05337250232696533 -0.30351099371910095 -0.18487824499607086
0.06595829129219055 -0.30351099371910095 -0.05586499720811844
-0.005457095801830292 -0.1953001320362091 0.33631211519241333
-0.054089099168777466 -0.11662200093269348 -0.14817407727241516
0.23490186035633087 -0.11662200093269348 0.02825925499200821
0.0008994042873382568 -0.11662200093269348 0.1791256219148636
-0.22343812882900238 0.03918091952800751 0.11408570408821106
-0.12167820334434509 -0.11662200093269348 0.10021451115608215
0.19139710068702698 -0.09054699540138245 0.2568971812725067
-0.27869415283203125 0.11997000128030777 0.03000984713435173
0.04217827320098877 -0.22450116276741028 -0.2900489866733551
0.27667421102523804 -0.11020374298095703 -0.07495270669460297
0.045283243060112 -0.11662200093269348 -0.25046998262405396
-0.20230892300605774 -0.30351099371910095 0.018994629383087158
0.0036775246262550354 0.08206221461296082 0.3367043733596802
-0.31293997168540955 -0.011749476194381714 0.04203736409544945
0.29599589109420776 0.11902806162834167 -0.21962697803974152
-0.2537629008293152 -0.15789274871349335 -0.2900489866733551
-0.2902393341064453 -0.13728386163711548 0.12492984533309937
0.3119848072528839 0.04705283045768738 0.045525163412094116
0.024304717779159546 -0.30351099371910095 -0.2700524926185608
0.20432740449905396 -0.30351099371910095 0.23338532447814941
0.2595399022102356 -0.008016489446163177 0.031069722026586533
0.1198107898235321 -0.11662200093269348 0.002721082419157028
0.015710383653640747 -0.11662200093269348 -0.12126656621694565
-0.21440663933753967 0.11997000128030777 0.1954127997159958
0.2950742244720459 -0.2196091264486313 0.10727502405643463
-0.19095367193222046 0.09731936454772949 0.25721850991249084
-0.17470389604568481 -0.11662200093269348 -0.18586039543151855
0.03964134305715561 -0.11818517744541168 0.32877692580223083
-0.12170270830392838 0.032356083393096924 0.22157825529575348
0.18774306774139404 -0.30351099371910095 0.05012761056423187
0.020398035645484924 -0.25083962082862854 0.3330186903476715
0.21888449788093567 0.05536195635795593 0.12151278555393219
0.06812560558319092 -0.30351099371910095 0.2812565565109253
0.3074377179145813 -0.2147921621799469 0.06212910637259483
-0.23471447825431824 -0.04511058330535889 0.21064899861812592
0.3239646255970001 -0.09614193439483643 -0.10795001685619354
-0.147549107670784 -0.1506671905517578 0.2886720597743988
-0.3244456946849823 -0.14187374711036682 2.367515116930008e-05
0.13574790954589844 -0.30351099371910095 -0.19459795951843262
-0.19223427772521973 -0.20016682147979736 0.2562904953956604
-0.23957929015159607 0.09304319322109222 -0.24724817276000977
-0.0601666122674942 -0.30351099371910095 -0.2771145701408386
-0.3088471293449402 0.012578994035720825 -0.1928251087665558
-0.27744045853614807 -0.30351099371910095 -0.07702965289354324
0.3035852015018463 -0.15103963017463684 0.07619679719209671
0.2992614209651947 -0.2495354413986206 -0.2214134931564331
-0.05385870859026909 -0.2652134895324707 0.32564303278923035
0.24173603951931 -0.24189317226409912 0.20001789927482605
0.3266194760799408 0.01874375343322754 -0.009564203210175037
0.2045043259859085 -0.08076211810112 0.24739891290664673
-0.3143180310726166 -0.0762895941734314 0.03700527176260948
0.19648146629333496 -0.11662200093269348 -0.08268719911575317
-0.17525377869606018 -0.11662200093269348 0.07958317548036575
-0.2595039904117584 -0.053298309445381165 0.031226761639118195
0.27793899178504944 -0.035494714975357056 -0.05919817090034485
-0.14442959427833557 -0.30351099371910095 -0.1341780424118042
-0.10387259721755981 -0.11662200093269348 0.19707278907299042
0.12607190012931824 -0.30351099371910095 0.07466476410627365
-0.2021510899066925 -0.06725351512432098 0.14880535006523132
-0.023617595434188843 -0.30351099371910095 -0.24298396706581116
-0.32616257667541504 -0.17528972029685974 -0.026496514678001404
-0.12102089077234268 -0.11669883131980896 -0.28388866782188416
-0.010424643754959106 -0.30351099371910095 -0.1827862560749054
-0.11108192801475525 -0.11662200093269348 0.20587313175201416
-0.29799607396125793 -0.13401734828948975 0.09660573303699493
-0.305676132440567 -0.2457379698753357 0.06856164336204529
0.077149897813797 -0.30351099371910095 -0.27781039476394653
0.04938138276338577 0.10194362699985504 0.2490101307630539
0.3162548243999481 -0.2344542145729065 -0.17073237895965576
-0.2603354752063751 0.04724195599555969 0.1718571037054062
-0.2151040881872177 0.07412481307983398 0.12767872214317322
0.07558804750442505 -0.11662200093269348 -0.08377381414175034
-0.32415950298309326 -0.12846149504184723 -0.10072804242372513
-0.02016431838274002 -0.12447920441627502 0.33307021856307983
0.2351141721010208 -0.060638427734375 0.21004383265972137
0.3238667845726013 0.07782764732837677 0.0021376172080636024
-0.061193495988845825 -0.30351099371910095 0.027107466012239456
-0.12147708237171173 -0.21484804153442383 -0.2900489866733551
-0.21302221715450287 -0.30351099371910095 0.101096510887146
0.3165918290615082 -0.09948955476284027 0.02870241552591324
0.3261215090751648 -0.07783876359462738 -0.0280182845890522
0.325404554605484 -0.07519140839576721 -0.054587285965681076
-0.09428034722805023 0.05389513820409775 0.23870323598384857
-0.2216249257326126 -0.30351099371910095 -0.16559992730617523
-0.2528265714645386 -0.10149727761745453 0.1832260638475418
0.275429368019104 -0.05102837085723877 0.14900395274162292
-0.2820126712322235 -0.035300999879837036 -0.2728561758995056
-0.2968103587627411 -0.05905166268348694 0.10093541443347931
0.3265763819217682 -0.1479533612728119 -0.011161010712385178
0.13257399201393127 -0.28269875049591064 0.29952389001846313
-0.29867023229599 0.11667239665985107 -0.21670514345169067
-0.3257692754268646 -0.006112426519393921 -0.04107114300131798
-0.02314676344394684 -0.14823400974273682 0.33241280913352966
0.07667036354541779 -0.11744842678308487 -0.2853878438472748
0.3243388235569 -0.026977628469467163 -0.09408223628997803
0.18250519037246704 -0.11662200093269348 0.040496669709682465
-0.16997405886650085 0.11997000128030777 0.21975480020046234
0.31074395775794983 -0.22942745685577393 0.05005618929862976
-0.09379491209983826 -0.11662200093269348 0.023660659790039062
-0.05229869484901428 -0.1334078162908554 -0.2900489866733551
0.24825428426265717 -0.011649727821350098 0.07360999286174774
0.26110702753067017 0.03267936408519745 0.024216867983341217
0.07146510481834412 -0.13841956853866577 -0.2900489866733551
-0.2671322822570801 -0.11662200093269348 -0.13460910320281982
0.10661253333091736 -0.30351099371910095 0.22882768511772156
-0.27160102128982544 0.06536667048931122 -0.13814562559127808
0.27112045884132385 0.013333350419998169 -0.019570238888263702
0.21847087144851685 -0.14225247502326965 -0.2900489866733551
0.29520827531814575 -0.060607507824897766 -0.2335016280412674
-0.25124529004096985 0.03864075243473053 0.06734071671962738
-0.24526795744895935 -0.21273982524871826 0.19467033445835114
-0.026522904634475708 -0.16846778988838196 -0.2900489866733551
-0.10344080626964569 -0.30351099371910095 -0.07672163099050522
0.2748716175556183 -0.16029959917068481 0.14984840154647827
-0.02037450671195984 0.02162323147058487 0.33302387595176697
-0.25750014185905457 0.052729129791259766 -0.20393845438957214
-0.3229113519191742 -0.050266116857528687 -0.1469831019639969
-0.04894956946372986 -0.30351099371910095 0.09408606588840485
0.16575610637664795 -0.05337965488433838 0.27547815442085266
0.07265301793813705 -0.02009402960538864 0.24366794526576996
0.23644787073135376 -0.30351099371910095 -0.21250031888484955
0.3257511854171753 0.025945335626602173 -0.04174211248755455
0.32454460859298706 -0.13207650184631348 -0.08645619451999664
-0.09365999698638916 -0.30351099371910095 -0.24891841411590576
0.28854528069496155 0.11997000128030777 0.027740079909563065
0.023003950715065002 -0.2991027534008026 0.33244428038597107
0.17795661091804504 -0.013806931674480438 0.1787738800048828
-0.2357412427663803 -0.10480660200119019 0.20909442007541656
-0.2004408836364746 -0.11662200093269348 -0.2807111144065857
-0.17568454146385193 0.11938221007585526 0.2554859220981598
-0.27844399213790894 0.11122366786003113 -0.052908044308423996
0.25919389724731445 -0.30351099371910095 -0.25839781761169434
0.19468390941619873 -0.2766118347644806 0.2545153796672821
0.06650932133197784 -0.11662200093269348 0.11626553535461426
-0.2880789041519165 -0.15849819779396057 -0.25476422905921936
0.09165698289871216 -0.30351099371910095 0.24485476315021515
-0.29950612783432007 -0.20664751529693604 -0.22068367898464203
-0.06413379311561584 -0.30351099371910095 -0.21355725824832916
0.26997995376586914 -0.22329050302505493 0.15725472569465637
0.2378322333097458 0.06551972031593323 0.2059285193681717
0.292863130569458 -0.09702602028846741 -0.2404957413673401
0.13558988273143768 -0.11662200093269348 0.06077660620212555
-0.28053879737854004 -0.22324137389659882 -0.2772517800331116
-0.21750092506408691 -0.30351099371910095 0.0689343810081482
0.1447792649269104 -0.25590431690216064 0.2906792163848877
-0.27985379099845886 -0.23225915431976318 -0.27929481863975525
-0.14685313403606415 -0.3034197986125946 0.2891763746738434
0.015503466129302979 -0.30351099371910095 -0.22877943515777588
-0.2746475636959076 -0.30351099371910095 -0.01815544068813324
-0.21005430817604065 0.04210175573825836 0.13591501116752625
-0.2235001027584076 -0.11662200093269348 0.09855622053146362
-0.015183627605438232 -0.11662200093269348 -0.0456276573240757
0.13275189697742462 -0.0866035521030426 0.21317078173160553
-0.18448331952095032 -0.0830780565738678 0.26190730929374695
-0.2862435579299927 -0.30351099371910095 0.11854564398527145
0.17771658301353455 -0.30351099371910095 0.09379846602678299
-0.32585373520851135 -0.03775237500667572 -0.037941355258226395
0.2760787904262543 0.04261070489883423 -0.04125215485692024
0.053382933139801025 -0.11662200093269348 -0.07572565972805023
-0.1997717171907425 -0.30351099371910095 -0.24366821348667145
-0.29403775930404663 0.09568503499031067 -0.23699256777763367
0.2943716049194336 -0.269619345664978 -0.23599690198898315
0.042558543384075165 -0.13695834577083588 0.3281339108943939
0.11141282320022583 -0.30351099371910095 0.2967670261859894
0.11166882514953613 -0.063155397772789 0.3129000663757324
0.22590871155261993 0.01802077889442444 0.11005613952875137
-0.2441989779472351 -0.22976204752922058 0.1962888538837433
0.11982461810112 -0.30351099371910095 0.15712003409862518
0.32055070996284485 -0.1440022587776184 0.014246425591409206
-0.29194581508636475 -0.12131582200527191 -0.24323157966136932
0.25321584939956665 0.11342251300811768 0.05872374773025513
0.29078802466392517 0.11997000128030777 -0.11369810998439789
-0.016266584396362305 -0.30351099371910095 0.30566859245300293
0.30001866817474365 0.11997000128030777 -0.09692350029945374
-0.2789681553840637 0.05855727195739746 -0.2819361388683319
0.3092806041240692 -0.1489136815071106 0.055399660021066666
0.21259362995624542 -0.026116177439689636 0.13177332282066345
0.17303109169006348 0.11997000128030777 0.24239221215248108
-0.2273738831281662 0.11101464927196503 -0.2767452299594879
0.010328739881515503 -0.30351099371910095 0.1169055700302124
-0.1441379338502884 -0.30351099371910095 0.19186846911907196
-0.024194926023483276 -0.30351099371910095 -0.2107446938753128
-0.22283127903938293 -0.11662200093269348 -0.27170252799987793
0.29560887813568115 -0.16225385665893555 0.1053226962685585
-0.015571773052215576 -0.11662200093269348 -0.0660034790635109
-0.3253800868988037 -0.08517897129058838 -0.05549449846148491
-0.2786937952041626 -0.24837753176689148 0.1440613567829132
-0.15437279641628265 -0.30351099371910095 0.07544723898172379
0.16156592965126038 -0.30351099371910095 -0.07343325763940811
0.3218151032924652 -0.268736332654953 -0.1541493833065033
0.18370895087718964 0.11376602202653885 0.17453385889530182
0.2378479689359665 -0.038235604763031006 0.20590469241142273
0.20453619956970215 -0.11662200093269348 0.10089750587940216
-0.3237748146057129 -0.05287286639213562 -0.114983931183815
-0.3264375925064087 -0.11845430731773376 -0.01630501076579094
-0.3010842204093933 0.048259228467941284 -0.21597719192504883
-0.02454403042793274 -0.1805599331855774 -0.2900489866733551
0.2931174337863922 -0.26670733094215393 0.11442026495933533
-0.13676831126213074 -0.11662200093269348 -0.0692887157201767
0.2522162199020386 -0.0731620192527771 0.06309498846530914
0.2915695607662201 -0.1642618179321289 -0.24435368180274963
0.27280423045158386 0.11997000128030777 0.04150158911943436
-0.10942526161670685 0.02166682481765747 0.31339460611343384
0.15283823013305664 -0.16591408848762512 0.2848392128944397
-0.3033037781715393 -0.025944530963897705 -0.20935755968093872
0.25857362151145935 -0.30351099371910095 -0.03804449364542961
0.26090291142463684 -0.10235595703125 0.025109507143497467
-0.04944069683551788 -0.25159838795661926 -0.2900489866733551
0.19291800260543823 0.09377282857894897 0.16386473178863525
0.32543957233428955 0.0144214928150177 -0.05328993499279022
0.21407020092010498 0.08357658237218857 0.2404668927192688
0.26559334993362427 -0.16438058018684387 -0.2900489866733551
-0.25124529004096985 0.03864075243473053 0.06734071671962738
0.048983052372932434 -0.11662200093269348 -0.011034294962882996
-0.12913531064987183 -0.11662200093269348 0.18145756423473358
-0.13891464471817017 -0.12076471745967865 0.2949290871620178
-2.547353506088257e-05 0.009474843740463257 0.26034015417099
0.15607628226280212 -0.1399562954902649 -0.2900489866733551
0.278497576713562 0.004330724477767944 0.14435844123363495
-0.0575348399579525 -0.07998009026050568 0.3248327076435089
-0.30376437306404114 0.11997000128030777 -0.10238587111234665
0.23079964518547058 0.11997000128030777 0.16227397322654724
-0.13191072642803192 -0.30351099371910095 -0.09738484770059586
0.22495226562023163 -0.03460593521595001 -0.2825981676578522
0.240562304854393 -0.054936349391937256 0.20179499685764313
-0.15532507002353668 -0.30351099371910095 0.16666848957538605
-0.27538609504699707 0.017542734742164612 -0.09099793434143066
0.10907775163650513 -0.11662200093269348 0.18895526230335236
-0.13025522232055664 -0.11662200093269348 0.05702604353427887
-0.25049248337745667 -0.09723851084709167 0.06995941698551178
0.059796422719955444 -0.278687447309494 -0.2900489866733551
-0.2603827118873596 0.11997000128030777 0.10072807967662811
-0.2687305212020874 -0.30351099371910095 -0.002388156484812498
0.3232572078704834 0.04214420169591904 -0.13416661322116852
-0.270138680934906 0.009514138102531433 -0.1563606709241867
0.03774157166481018 -0.11662200093269348 -0.10590580105781555
-0.2962399423122406 0.11536554247140884 0.09484067559242249
0.13855502009391785 0.03762456029653549 0.20875509083271027
-0.0059906840324401855 -0.11662200093269348 0.02296556532382965
0.24970465898513794 -0.11662200093269348 -0.007734168320894241
0.3009818494319916 -0.15255574882030487 0.08570303022861481
-0.1488465964794159 0.11997000128030777 0.22355356812477112
-0.09767067432403564 -0.2871153950691223 0.31598564982414246
-0.32490766048431396 -0.1184212863445282 -0.0016631749458611012
-0.3084641993045807 -0.29400283098220825 -0.19396711885929108
0.2685092091560364 0.004348784685134888 -0.008151605725288391
0.03375506401062012 -0.30351099371910095 -0.17811354994773865
0.31074395775794983 -0.22942745685577393 0.05005618929862976
-0.15831884741783142 -0.11662200093269348 -0.044379107654094696
-0.13025522232055664 -0.11662200093269348 0.05702604353427887
-0.07377965748310089 -0.30351099371910095 0.25973477959632874
0.2395896017551422 0.0509570837020874 0.08774226903915405
0.09102655947208405 -0.11662200093269348 0.11548809707164764
0.1477624773979187 -0.2555687725543976 0.28851741552352905
-0.1741931140422821 -0.30351099371910095 -0.24988093972206116
0.18078851699829102 -0.30351099371910095 -0.2417498081922531
0.273464560508728 0.06279550492763519 -0.029820533469319344
0.13693639636039734 -0.21250785887241364 0.29636263847351074
0.010309994220733643 -0.11662200093269348 -0.10723823308944702
0.18929439783096313 -0.30351099371910095 -0.23317945003509521
-0.1169404685497284 -0.30351099371910095 0.04935828968882561
0.2778930366039276 -0.03663074970245361 -0.05977071821689606
0.16212522983551025 -0.2540421485900879 0.2781093120574951
0.26294437050819397 0.07047945261001587 0.016182519495487213
0.02842240035533905 -0.10196956992149353 0.3312498927116394
-0.26661714911460876 -0.09146534651517868 -0.18190516531467438
-0.05394759774208069 -0.0938735082745552 0.24796192348003387
0.010319016873836517 -0.0867127776145935 0.2579771876335144
0.1217070147395134 0.03183116763830185 0.22157499194145203
0.19961616396903992 0.02369646728038788 0.2509411573410034
0.09798126667737961 0.11010409891605377 0.23785366117954254
0.10910758376121521 -0.30351099371910095 -0.0024700500071048737
-0.23281829059123993 -0.30351099371910095 -0.06793713569641113
-0.18763397634029388 -0.30351099371910095 0.20688986778259277
-0.3073013424873352 -0.1904107928276062 -0.19743525981903076
0.05114514380693436 -0.2063005119562149 0.3262411653995514
0.29976868629455566 0.08446428179740906 -0.21990065276622772
-0.290350079536438 -0.0087624192237854 -0.2479906976222992
-0.29050925374031067 -0.21050414443016052 0.1239442229270935
0.27826470136642456 -0.04646867513656616 -0.05081075802445412
0.1438416689634323 -0.11662200093269348 -0.030981849879026413
-0.1990237832069397 -0.11662200093269348 -0.18573711812496185
0.3263850212097168 -0.0708063542842865 -0.01825215294957161
0.2129359096288681 -0.11662200093269348 -0.18522194027900696
-0.22076499462127686 -0.16624993085861206 0.23176945745944977
-0.30633488297462463 -0.24263519048690796 0.06615611910820007
-0.07348629832267761 -0.004149667918682098 0.24347665905952454
0.21229806542396545 -0.22412604093551636 -0.2900489866733551
-0.2995795011520386 -0.2725270986557007 0.0908237099647522
-0.24093689024448395 -0.2969357669353485 0.20122785866260529
0.3023572564125061 -0.30351099371910095 -0.193782240152359
0.22325900197029114 -0.11662200093269348 0.025949954986572266
-0.11905205994844437 0.11997000128030777 0.23605625331401825
-0.25124529004096985 0.03864075243473053 0.06734071671962738
0.13155561685562134 -0.30351099371910095 -0.2579544484615326
-0.07896438241004944 -0.30351099371910095 0.1073821634054184
0.2054908275604248 -0.011617735028266907 0.14335817098617554
0.1995713710784912 -0.009735293686389923 0.1530129313468933
-0.309024840593338 -0.2712056040763855 0.056333668529987335
0.10085585713386536 -0.30351099371910095 -0.17630088329315186
-0.3138456344604492 0.11997000128030777 -0.09981829673051834
0.1363247036933899 0.1194404736161232 0.2177209109067917
0.16771608591079712 -0.30351099371910095 -0.24819964170455933
0.26774105429649353 -0.30351099371910095 0.07062725722789764
-0.31152769923210144 -0.06138166785240173 -0.18483057618141174
-0.12482604384422302 -0.11662200093269348 0.12248487770557404
-0.32489264011383057 0.10943612456321716 -0.07355835288763046
-0.21196940541267395 -0.30351099371910095 0.13392940163612366
0.23392128944396973 -0.10622784495353699 0.09698744118213654
0.27719926834106445 0.02689051628112793 -0.06841248273849487
-0.07400491833686829 -0.11662200093269348 -0.15616503357887268
-0.18902532756328583 -0.30351099371910095 -0.20264586806297302
-0.2764015793800354 0.04758310317993164 0.1475319117307663
-0.2791304290294647 -0.017749398946762085 -0.2814521789550781
0.039098165929317474 0.0573086217045784 0.3288966715335846
-0.24958893656730652 0.06624829769134521 -0.22305762767791748
0.31373482942581177 -0.06437432765960693 -0.17824804782867432
0.21421602368354797 -0.11662200093269348 -0.021891742944717407
-0.32291844487190247 0.02455461025238037 -0.1467200368642807
-0.04224717617034912 -0.11662200093269348 -0.00965716689825058
0.15603812038898468 -0.26286834478378296 0.2825203835964203
0.05651554465293884 -0.029385000467300415 0.32505738735198975
0.23138359189033508 -0.279339075088501 -0.2900489866733551
0.0029434263706207275 -0.30351099371910095 0.3014550805091858
0.3113931119441986 -0.11617700755596161 -0.18523195385932922
-0.12215138226747513 -0.30351099371910095 0.2808341979980469
-0.044983744621276855 -0.11662200093269348 -0.029049396514892578
0.12162597477436066 -0.21619273722171783 0.30745747685432434
0.31515413522720337 0.06843581795692444 0.0339522659778595
-0.1328776776790619 0.04910542815923691 0.21307507157325745
-0.25158411264419556 0.02958415448665619 -0.2182358205318451
0.27835118770599365 0.11997000128030777 -0.26468780636787415
-0.15481439232826233 -0.17684079706668854 -0.2900489866733551
0.07545465230941772 -0.30351099371910095 -0.21649269759655
0.023073524236679077 -0.30351099371910095 -0.2773286700248718
0.12362095713615417 -0.11662200093269348 -0.1804230511188507
0.06305235624313354 -0.30351099371910095 -0.05684531852602959
-0.24117398262023926 -0.11662200093269348 0.04723286256194115
-0.052001625299453735 -0.11662200093269348 0.21116110682487488
0.2698415219783783 0.013363689184188843 0.15746429562568665
0.05028575658798218 -0.30351099371910095 0.027132347226142883
0.28623026609420776 -0.0423240065574646 0.13265062868595123
-0.09605154395103455 -0.11662200093269348 0.23599404096603394
-0.1713489294052124 -0.0299060195684433 0.2714252769947052
0.05076679587364197 -0.30351099371910095 0.10083688795566559
-0.23941130936145782 0.05008598417043686 -0.2900489866733551
-0.25863632559776306 0.05871807038784027 -0.20119261741638184
-0.3264065384864807 -0.01136752963066101 -0.0174552034586668
0.09594577550888062 0.11573026329278946 0.31216907501220703
0.2589430510997772 0.05469360947608948 0.17396530508995056
0.2694874405860901 -0.08108437061309814 -0.2900489866733551
0.16096366941928864 -0.14042355120182037 -0.2900489866733551
0.25442707538604736 0.11997000128030777 -0.23030933737754822
-0.3203798830509186 -0.2608092725276947 -0.15842986106872559
0.13874836266040802 -0.11662200093269348 0.12507328391075134
-0.31152769923210144 -0.06138166785240173 -0.18483057618141174
0.16793638467788696 -0.30351099371910095 -0.009665385819971561
-0.26635003089904785 0.11752544343471527 0.018646568059921265
-0.27690842747688293 0.05729791522026062 -0.0720352828502655
-0.018731798976659775 -0.30326274037361145 0.33338597416877747
0.0761924684047699 -0.30351099371910095 -0.2303369641304016
0.274666965007782 0.10452742129564285 -0.09995532780885696
-0.15204834938049316 -0.1259101927280426 0.28541162610054016
-0.22290055453777313 -0.10529059171676636 -0.28755638003349304
0.039283230900764465 -0.11662200093269348 0.22197559475898743
0.29623159766197205 -0.04846358299255371 0.10304880142211914
0.2820468842983246 -0.270135760307312 -0.27275410294532776
-0.285006046295166 -0.10737624764442444 -0.26392871141433716
0.11507102847099304 -0.30351099371910095 0.23750630021095276
-0.26970767974853516 0.1057659387588501 -0.1617293506860733
-0.2965090274810791 0.07885557413101196 0.1020357757806778
-0.2726079225540161 -0.029448509216308594 -0.12560327351093292
-0.025031864643096924 -0.16932427883148193 -0.2900489866733551
0.15219305455684662 -0.18276497721672058 -0.2900489866733551
0.19737359881401062 -0.11662200093269348 -0.12597528100013733
-0.06019166111946106 -0.11662200093269348 0.1969166100025177
-0.3251437544822693 -0.16475629806518555 -0.06425230205059052
-0.21853473782539368 -0.11662200093269348 0.03193293511867523
0.10666227340698242 -0.123393714427948 0.3140036463737488
-0.3066858649253845 -0.051676541566848755 0.064874567091465
0.3265763819217682 -0.1479533612728119 -0.011161010712385178
-0.12431119382381439 -0.30351099371910095 0.2475873976945877
0.24295084178447723 -0.1887034773826599 -0.2900489866733551
0.20810425281524658 -0.11662200093269348 -0.2819456458091736
-0.2487945854663849 -0.11073565483093262 0.1893307864665985
0.16367101669311523 -0.30351099371910095 0.1201724261045456
-0.23982501029968262 -0.30351099371910095 -0.1172492653131485
0.27722176909446716 -0.06161300837993622 -0.04625018686056137
0.2073536068201065 -0.043616414070129395 0.24533414840698242
-0.10279309749603271 -0.11662200093269348 -0.00017932802438735962
0.31794047355651855 0.08457142114639282 0.023777760565280914
0.10253079235553741 -0.11662200093269348 -0.08830822259187698
-0.3170742094516754 -0.14810913801193237 0.026940997689962387
0.12523050606250763 -0.15735730528831482 0.3048454225063324
-0.25907811522483826 -0.2647969722747803 -0.2900489866733551
-0.3060479164123535 -0.1715288758277893 -0.20117343962192535
0.21359655261039734 -0.30351099371910095 0.22025537490844727
0.10004471987485886 -0.1086173802614212 0.3154623508453369
-0.2975458800792694 -0.19491222500801086 0.09824962913990021
-0.21247927844524384 -0.30351099371910095 -0.2463512271642685
0.058917514979839325 -0.05879798159003258 0.24682103097438812
-0.015140444040298462 -0.11662200093269348 0.12645968794822693
-0.21102026104927063 -0.03425860404968262 0.24267706274986267
0.18023325502872467 0.11764445155858994 0.25607413053512573
-0.2821037173271179 -0.20845019817352295 -0.27258458733558655
0.06632059812545776 -0.30351099371910095 0.07363016903400421
-0.3188706934452057 -0.08307567238807678 -0.16293083131313324
0.13768544793128967 -0.08997339010238647 0.29581984877586365
0.011232972145080566 -0.30351099371910095 0.21089628338813782
-0.3231137692928314 -0.0830758810043335 -0.13948161900043488
-0.054707735776901245 -0.30351099371910095 -0.07863140851259232
-0.2606043815612793 -0.05121678113937378 0.1714499592781067
-0.023505568504333496 0.036617256700992584 0.3323337137699127
-0.2683561146259308 -0.30351099371910095 -0.08365579694509506
0.04018624126911163 -0.28347504138946533 0.3286568224430084
0.3186292052268982 -0.24403196573257446 0.021262802183628082
-0.19451826810836792 -0.11662200093269348 0.008739221841096878
0.21792927384376526 -0.013567715883255005 0.2360629290342331
-0.28674352169036865 -0.30351099371910095 0.13042700290679932
0.2130015343427658 -0.11662200093269348 -0.2606141269207001
-0.2920447587966919 -0.0396246612071991 0.11833726614713669
0.125818133354187 -0.30351099371910095 0.11655624955892563
-0.1782284677028656 -0.11662200093269348 -0.2774275243282318
-0.012638717889785767 -0.16505438089370728 -0.2900489866733551
-0.015445917844772339 -0.16399508714675903 -0.2900489866733551
0.3253220021724701 -0.12829236686229706 -0.05764726549386978
-0.27814048528671265 -0.024226114153862 -0.050267692655324936
-0.29728832840919495 -0.015406891703605652 0.09919008612632751
-0.1508273184299469 -0.27575090527534485 0.28629645705223083
-0.09789581596851349 -0.30351099371910095 -0.03870492801070213
0.24924765527248383 0.08422759175300598 -0.2900489866733551
0.10737334191799164 0.027635149657726288 0.3138469159603119
0.21091969311237335 0.11997000128030777 0.18270030617713928
0.25696638226509094 -0.11662200093269348 -0.1339576244354248
-0.07153895497322083 -0.2679038941860199 0.3217458128929138
0.28159207105636597 -0.17001253366470337 -0.2741105556488037
0.3118377923965454 -0.04855799674987793 0.04606201499700546
-0.1782284677028656 -0.11662200093269348 -0.2774275243282318
-0.21202756464481354 -0.03561192750930786 0.13269659876823425
-0.14131996035575867 -0.16765692830085754 -0.2900489866733551
-0.00011964142322540283 0.026471421122550964 0.3374886214733124
-0.09230771660804749 -0.2033902257680893 -0.2900489866733551
-0.2145502120256424 0.11997000128030777 0.19774121046066284
-0.004188614431768656 0.1131843850016594 0.2593844532966614
-0.28162455558776855 -0.22236992418766022 -0.2740136682987213
0.10431455075740814 0.03347710520029068 0.3145211338996887
-0.09709924459457397 -0.11662200093269348 -0.10803073644638062
-0.03731083869934082 -0.30351099371910095 -0.241464763879776
-0.017749547958374023 -0.11662200093269348 0.07576626539230347
0.2916816473007202 -0.029633015394210815 0.11966317147016525
0.3210800290107727 0.11313095688819885 0.012313500046730042
0.3035045564174652 -0.25119900703430176 -0.20875874161720276
0.31620916724205017 -0.21435534954071045 0.0300997756421566
0.24485734105110168 -0.30351099371910095 -0.06063169240951538
0.24327664077281952 0.11908905953168869 0.09212234616279602
-0.17826220393180847 -0.01691417396068573 0.17854133248329163
-0.29290345311164856 -0.1060580462217331 -0.24037548899650574
-0.20145297050476074 -0.30351099371910095 -0.2588845193386078
0.015710383653640747 -0.11662200093269348 -0.12126656621694565
-0.2706674337387085 -0.18601512908935547 -0.2900489866733551
0.30079421401023865 -0.2900679111480713 0.08638817816972733
-0.2803792357444763 -0.024748921394348145 -0.2777276635169983
-0.3060542941093445 -0.29404062032699585 -0.2011544108390808
-0.32278016209602356 -0.25724610686302185 0.006105400621891022
-0.2684231400489807 -0.30351099371910095 -0.11255818605422974
0.09000787138938904 -0.30351099371910095 0.03621312975883484
0.07341018319129944 -0.30351099371910095 -0.2252289056777954
0.10342556238174438 -0.013933107256889343 0.3147171139717102
0.2695498466491699 0.03818449378013611 -0.16369560360908508
0.1129220724105835 -0.30351099371910095 -0.08758657425642014
0.24709278345108032 -0.11826546490192413 -0.2900489866733551
-0.11129298806190491 0.11997000128030777 0.2620776295661926
-0.2275199145078659 -0.15569138526916504 0.22154206037521362
-0.3253932297229767 -0.18642890453338623 -0.05500730499625206
-0.23042705655097961 -0.29443982243537903 0.21714046597480774
0.17234577238559723 0.0750882476568222 0.1830432415008545
0.2666041851043701 -0.09224933385848999 -0.18193647265434265
-0.32409095764160156 -0.04178899526596069 -0.10326821357011795
0.0073289573192596436 -0.30351099371910095 0.059138428419828415
0.3242330551147461 -0.03264641761779785 -0.09800231456756592
0.3242039382457733 -0.15690374374389648 -0.09908129274845123
-0.11618325114250183 -0.11662200093269348 0.13762183487415314
-0.16997405886650085 0.11997000128030777 0.21975480020046234
0.17657528817653656 0.11997000128030777 0.22849133610725403
0.09439834207296371 -0.11632629483938217 0.23867614567279816
-0.19675111770629883 -0.30351099371910095 -0.2698711156845093
0.10434439778327942 -0.30351099371910095 0.078236885368824
-0.10886465013027191 0.05114816129207611 0.23134692013263702
-0.004878502804785967 0.11629224568605423 0.2619302272796631
-0.28200381994247437 0.11997000128030777 -0.22591009736061096
-0.16974066197872162 -0.21450850367546082 0.2725907266139984
0.30709725618362427 0.11997000128030777 -0.11450627446174622
-0.1729496717453003 -0.30351099371910095 -0.20532016456127167
-0.187569260597229 -0.30351099371910095 -0.020775403827428818
-0.03397347033023834 -0.30351099371910095 0.21039403975009918
0.03977774828672409 -0.026958495378494263 0.32874685525894165
0.09193474054336548 -0.30351099371910095 0.17150765657424927
0.12126220762729645 -0.020986169576644897 0.3077210783958435
0.15383192896842957 -0.30351099371910095 0.18562377989292145
0.2969955503940582 -0.30351099371910095 -0.11503094434738159
-0.163005530834198 -0.1986425220966339 0.2774713933467865
-0.24320849776268005 0.10225743055343628 0.19778847694396973
-0.21202756464481354 -0.03561192750930786 0.13269659876823425
-0.13727223873138428 -0.11662200093269348 0.1146945059299469
-0.13654641807079315 -0.29454031586647034 -0.2900489866733551
0.16786548495292664 -0.11662200093269348 -0.10401953756809235
0.27655768394470215 -0.30351099371910095 -0.2472231090068817
-0.2887960970401764 -0.21555252373218536 0.1287657767534256
-0.07116267085075378 -0.30351099371910095 -0.10834918916225433
-0.22799672186374664 0.0077409446239471436 -0.27524033188819885
0.2537981867790222 0.0545184351503849 -0.2128850668668747
-0.2744600772857666 0.030025437474250793 -0.10253232717514038
0.06491382420063019 -0.11662200093269348 -0.10490220040082932
-0.07828350365161896 -0.30351099371910095 0.13556940853595734
0.22774995863437653 -0.1482534110546112 0.22119377553462982
0.3235924243927002 0.0302182137966156 -0.12174317985773087
-0.2481096386909485 -0.30351099371910095 -0.2453332394361496
-0.2682751417160034 -0.25864744186401367 -0.2900489866733551
-0.026522904634475708 -0.16846778988838196 -0.2900489866733551
0.20956510305404663 -0.11662200093269348 0.02393500506877899
0.09016510844230652 -0.11662200093269348 0.23278042674064636
-0.26788926124572754 0.04306590557098389 -0.17883086204528809
0.26127809286117554 0.03489065170288086 -0.194808229804039
-0.27112212777137756 0.09423947334289551 -0.1441107839345932
0.08155238628387451 -0.30351099371910095 -0.21469344198703766
-0.01995125412940979 -0.11662200093269348 -0.006106030195951462
0.20351821184158325 -0.0665278211236 0.14657554030418396
0.28042805194854736 -0.13160045444965363 -0.27758216857910156
0.30478590726852417 -0.024221032857894897 0.07181236147880554
0.24511659145355225 -0.30351099371910095 -0.22034139931201935
-0.0011150538921356201 -0.11662200093269348 0.02257450297474861
-0.05695392191410065 -0.2883206903934479 -0.2900489866733551
0.26976093649864197 0.08977153897285461 0.15758632123470306
0.018846191465854645 -0.25078338384628296 0.3333607614040375
0.1446942836046219 -0.11662200093269348 -0.18926961719989777
-0.17289236187934875 -0.060096368193626404 0.182627335190773
0.044054239988327026 -0.30351099371910095 0.17051267623901367
-0.11132114380598068 -0.04238268733024597 0.3129766881465912
0.27706974744796753 -0.011615574359893799 0.14652025699615479
-0.12751422822475433 -0.2940356135368347 -0.2900489866733551
0.12362095713615417 -0.11662200093269348 -0.1804230511188507
0.32595354318618774 0.04287278652191162 -0.005482295528054237
0.11183467507362366 -0.30351099371910095 0.2706946134567261
0.3090789318084717 0.08024284243583679 -0.19213372468948364
0.27634191513061523 -0.30351099371910095 -0.23700174689292908
-0.2777335047721863 -0.040161848068237305 -0.06175772845745087
0.31972774863243103 -0.30351099371910095 -0.017499223351478577
-0.2709791660308838 -0.10889610648155212 -0.01895228773355484
0.13874836266040802 -0.11662200093269348 0.12507328391075134
0.1973959356546402 -0.017689675092697144 0.15656110644340515
0.1141214370727539 -0.30351099371910095 -0.20255431532859802
-0.2767145037651062 -0.26141971349716187 0.1470581293106079
-0.26677876710891724 0.05731886625289917 -0.0005846470594406128
0.3112500011920929 0.02448520064353943 -0.18565873801708221
0.139738529920578 -0.30351099371910095 -0.06096325069665909
-0.29234689474105835 -0.30351099371910095 0.03470636159181595
-0.2168155461549759 -0.09486627578735352 0.23774920403957367
-0.26245057582855225 0.11997000128030777 -0.22080370783805847
-0.32613471150398254 0.1095832884311676 -0.02752920240163803
0.18389324843883514 -0.11662200093269348 0.03937608748674393
-0.10380417108535767 -0.0022133290767669678 0.235197514295578
0.23334765434265137 -0.21878880262374878 0.21271845698356628
-0.015161911025643349 0.09675119817256927 0.2568654716014862
0.060231782495975494 0.11997000128030777 0.2909576892852783
0.09825511276721954 -0.11662200093269348 -0.21544098854064941
-0.22433459758758545 0.11018888652324677 -0.2840903401374817
0.047329217195510864 -0.30057209730148315 -0.2900489866733551
0.007789254188537598 -0.30351099371910095 -0.17580357193946838
-0.0500723272562027 -0.26453593373298645 0.32647764682769775
-0.0982574075460434 -0.29671621322631836 -0.2900489866733551
0.25403979420661926 0.09980347752571106 -0.2900489866733551
-0.08592848479747772 0.07478233426809311 0.2406204640865326
-0.10670480132102966 -0.11662200093269348 0.008943665772676468
-0.225752592086792 -0.30351099371910095 0.11716599762439728
-0.2795164883136749 -0.11263532936573029 0.14281576871871948
0.03157660365104675 -0.14743635058403015 -0.2900489866733551
-0.3251652121543884 -0.12556850910186768 -0.06345734000205994
-0.25800007581710815 -0.04295923560857773 0.0378030389547348
-0.3048050105571747 0.07716751098632812 0.07174257189035416
-0.1816701889038086 -0.22921568155288696 -0.2900489866733551
0.21319511532783508 -0.2359471321105957 0.24110104143619537
0.25659066438674927 -0.30351099371910095 -0.20174294710159302
-0.06851118803024292 -0.30351099371910095 0.11439401656389236
-0.0036154091358184814 -0.11662200093269348 0.05250389873981476
-2.547353506088257e-05 0.009474843740463257 0.26034015417099
0.20821315050125122 -0.10678701847791672 0.13891799747943878
0.194498211145401 -0.11502887308597565 0.25464993715286255
-0.1679946482181549 -0.2443017214536667 0.273855984210968
0.322613388299942 0.11393832415342331 -0.1478777974843979
0.07012319564819336 -0.11662200093269348 -0.1970296949148178
-0.21860256791114807 -0.2894935607910156 -0.2900489866733551
0.1365014612674713 -0.30351099371910095 0.1318901777267456
-0.2762472331523895 0.11997000128030777 -0.26406508684158325
-0.29947012662887573 0.11997000128030777 -0.09488405287265778
-0.2703268826007843 -0.03286680579185486 -0.01610007882118225
0.2756979167461395 -0.07274547219276428 -0.08711349964141846
0.3114582300186157 -0.21677741408348083 -0.1850377321243286
-0.08769141137599945 0.05506119132041931 0.31818535923957825
-0.3223366439342499 -0.0340246707201004 -0.1525939404964447
-0.010039329528808594 -0.30351099371910095 -0.03275986388325691
-0.10471002757549286 -0.06802725791931152 0.3144339919090271
0.18774887919425964 -0.30351099371910095 0.03424215316772461
-0.06851118803024292 -0.30351099371910095 0.11439401656389236
-0.2281874716281891 0.11150059103965759 0.10633940249681473
0.07521457970142365 -0.11662200093269348 -0.05487312749028206
0.14553281664848328 -0.30351099371910095 0.2123943567276001
-0.29702550172805786 -0.16626310348510742 0.10014979541301727
0.31089431047439575 0.1139599084854126 0.04805738478899002
0.2476617693901062 -0.30351099371910095 -0.2347206473350525
0.1707390546798706 0.0286223366856575 0.27186721563339233
0.053382933139801025 -0.11662200093269348 -0.07572565972805023
-0.18841738998889923 0.009243816137313843 0.1708141267299652
0.23400194942951202 -0.03960369527339935 -0.2607274055480957
-0.07958301901817322 -0.30351099371910095 -0.24589592218399048
0.053079694509506226 -0.11662200093269348 -0.017976485192775726
-0.07332165539264679 -0.22488796710968018 -0.2900489866733551
-0.17849387228488922 -0.15548762679100037 0.26624763011932373
0.32567623257637024 -0.22297567129135132 -0.04451970010995865
0.01832139492034912 -0.289070188999176 -0.2900489866733551
0.21513915061950684 -0.27686986327171326 0.23969228565692902
0.16786548495292664 -0.11662200093269348 -0.10401953756809235
-0.2410695105791092 -0.06930646300315857 -0.24364708364009857
-0.2601810693740845 0.10646024346351624 0.028265956789255142
0.28336280584335327 0.11997000128030777 0.06414789706468582
-0.18568463623523712 0.042361222207546234 0.26103678345680237
0.20336832106113434 -0.11662200093269348 -0.2254195362329483
0.03926854208111763 -0.11093714833259583 0.2513315975666046
-0.2978343665599823 0.0044328197836875916 0.09719614684581757
0.3149801790714264 0.11997000128030777 -0.10194713622331619
-0.20565271377563477 -0.11662200093269348 -0.1624414324760437
0.275689959526062 -0.05049465596675873 -0.039551831781864166
0.10097517818212509 -0.3005589544773102 0.3152572512626648
0.1303471326828003 -0.23523366451263428 0.30113762617111206
0.2479802370071411 0.06653527915477753 -0.22694538533687592
0.2996988594532013 -0.19770735502243042 0.09038791060447693
-0.21244826912879944 -0.018576741218566895 0.13201043009757996
-0.04944069683551788 -0.25159838795661926 -0.2900489866733551
-0.19644469022750854 -0.17887860536575317 0.25323939323425293
0.044759392738342285 -0.11662200093269348 -0.17993563413619995
-0.2534712255001068 -0.03940223157405853 0.057607024908065796
0.09260581433773041 -0.08706986904144287 0.23908762633800507
0.23921146988868713 -0.30351099371910095 -0.1273723840713501
-0.2364027053117752 -0.09758281707763672 -0.2549256384372711
0.24887895584106445 -0.30351099371910095 0.1468462347984314
0.05746513605117798 -0.30351099371910095 -0.10715587437152863
0.007789254188537598 -0.30351099371910095 -0.17580357193946838
-0.2055928260087967 0.056661054491996765 0.14319179952144623
-0.2886389493942261 0.11997000128030777 -0.13015589118003845
0.16733424365520477 0.05244927108287811 0.18685658276081085
-0.19753333926200867 0.03208816051483154 0.15633700788021088
-0.01354914903640747 -0.17382897436618805 -0.2900489866733551
-0.007824741303920746 -0.17618989944458008 0.33579021692276
0.13425889611244202 -0.11662200093269348 -0.048405155539512634
-0.277313232421875 -0.29144248366355896 0.14615163207054138
-0.03167814016342163 -0.30351099371910095 -0.07511488348245621
-0.23653794825077057 0.07521945238113403 -0.2545982301235199
-0.23421019315719604 0.020704373717308044 0.09651622921228409
0.30803510546684265 0.11997000128030777 -0.07255415618419647
-0.3249206840991974 -0.17324520647525787 -0.001710828859359026
-0.01404234766960144 -0.11662200093269348 -0.039046626538038254
0.270174115896225 0.07792520523071289 -0.2900489866733551
0.31624487042427063 -0.2269834280014038 -0.1707620918750763
-0.08455243706703186 -0.11662200093269348 -0.17498277127742767
-0.32585373520851135 -0.03775237500667572 -0.037941355258226395
-0.227224662899971 0.012003615498542786 0.22198908030986786
0.3232136070728302 -0.042931586503982544 -0.1357823759317398
-0.06726881861686707 -0.30351099371910095 0.052496373653411865
-0.23657728731632233 -0.15790310502052307 0.2078285962343216
0.11428096890449524 0.11779206246137619 0.30353742837905884
0.1331131011247635 0.046946413815021515 0.2991332411766052
-0.2686231732368469 -0.006667673587799072 -0.17523840069770813
-0.11530834436416626 -0.08318905532360077 0.31203562021255493
-0.03652685880661011 -0.11662200093269348 -0.14421585202217102
0.27464932203292847 -0.1514127254486084 -0.2874506711959839
0.28987956047058105 0.0214194655418396 0.12624353170394897
0.1224597841501236 -0.11662200093269348 -0.01746309921145439
0.3018999695777893 -0.20215964317321777 0.08235040307044983
-0.03535941243171692 -0.11662200093269348 0.21703439950942993
-0.015956908464431763 -0.11662200093269348 0.04895196110010147
0.03409978747367859 -0.10536232590675354 0.2525181174278259
0.283160537481308 0.11997000128030777 0.035082362592220306
-0.23919764161109924 -0.08420349657535553 0.0883815735578537
0.25822949409484863 0.009948283433914185 -0.2900489866733551
0.1877841353416443 -0.11662200093269348 -0.1189059168100357
-0.055103182792663574 -0.30351099371910095 -0.12297046184539795
0.32398366928100586 -0.06504631042480469 0.0017107874155044556
0.0335308313369751 -0.30351099371910095 0.058187223970890045
-0.011223435401916504 -0.30351099371910095 0.1484830528497696
-0.19730177521705627 -0.30351099371910095 0.151206836104393
0.06045147776603699 -0.11662200093269348 0.19196029007434845
0.3249528408050537 -0.06567597389221191 -0.07132783532142639
-0.2403603047132492 -0.1505393385887146 0.20210084319114685
0.2558818459510803 -0.05041506886482239 0.047065816819667816
-0.2746853232383728 -0.03575897216796875 -0.09972655773162842
0.18718701601028442 -0.11662200093269348 0.05805070698261261
-0.0849716067314148 -0.11662200093269348 -0.07257454097270966
-0.23256900906562805 -0.031220994889736176 -0.2900489866733551
0.03631860017776489 -0.30351099371910095 -0.09519343078136444
-0.22266948223114014 0.07433716952800751 0.11533937603235245
-0.19879192113876343 -0.11662200093269348 -0.2000088393688202
-0.13218499720096588 -0.30351099371910095 -0.15089625120162964
0.297747403383255 -0.1745692491531372 -0.2259289026260376
-0.0575348399579525 -0.07998009026050568 0.3248327076435089
0.26589223742485046 -0.057113051414489746 0.003291994333267212
-0.252934992313385 -0.30351099371910095 0.024080615490674973
-0.3101235032081604 -0.13916334509849548 0.05232179909944534
-0.20488378405570984 -0.11662200093269348 -0.23795121908187866
0.25660425424575806 -0.09338127076625824 -0.2900489866733551
0.07341018319129944 -0.30351099371910095 -0.2252289056777954
-0.3243504762649536 -0.24607020616531372 -0.0936504453420639
0.09108252823352814 -0.11662200093269348 0.17538118362426758
-0.24766813218593597 -0.19546785950660706 0.19103631377220154
0.13663709163665771 -0.11662200093269348 -0.005670022219419479
0.15677465498447418 -0.26988014578819275 0.28198665380477905
-0.3066478371620178 -0.058309659361839294 -0.19938421249389648
0.007169395685195923 -0.30351099371910095 -0.18357010185718536
-0.11725553870201111 -0.30351099371910095 0.11180314421653748
0.047848641872406006 -0.30351099371910095 -0.22254595160484314
-0.23941130936145782 0.05008598417043686 -0.2900489866733551
0.3237142860889435 -0.09047645330429077 -0.11722685396671295
-0.18708285689353943 0.08003659546375275 0.17182958126068115
-0.1934659630060196 -0.04862472414970398 0.2553979754447937
-0.20728370547294617 -0.11662200093269348 0.1046614795923233
0.17670735716819763 -0.11662200093269348 -0.18773376941680908
-0.09477114677429199 -0.30351099371910095 -0.05353625491261482
-0.29523566365242004 0.11646156013011932 -0.22740089893341064
0.30001571774482727 -0.02979627251625061 -0.2191639095544815
-0.25563615560531616 -0.10860022902488708 -0.20844337344169617
-0.23575004935264587 -1.4141201972961426e-05 -0.2900489866733551
0.3239286541938782 0.11486062407493591 -0.06586766988039017
0.10253079235553741 -0.11662200093269348 -0.08830822259187698
-0.32520294189453125 -0.18431848287582397 -0.062059275805950165
-0.11150622367858887 -0.11662200093269348 0.15118715167045593
0.1569419503211975 -0.11662200093269348 -0.19072626531124115
0.08160168677568436 -0.30351099371910095 0.31322622299194336
-0.0013809800148010254 -0.30351099371910095 -0.007784698624163866
0.2924592196941376 -0.06936682760715485 0.11682383716106415
0.27826470136642456 -0.04646867513656616 -0.05081075802445412
-0.26434266567230225 -0.025136783719062805 0.010067958384752274
0.2915184497833252 -0.2234659343957901 0.12025903165340424
0.20813915133476257 -0.11662200093269348 -0.10182160884141922
0.3104309141635895 -0.0642479658126831 -0.1881016194820404
-0.017626851797103882 -0.1972331404685974 -0.2900489866733551
0.25839802622795105 -0.11662200093269348 -0.17097781598567963
-0.32300490140914917 -0.14018042385578156 -0.14351612329483032
-0.24160097539424896 -0.284396231174469 -0.2900489866733551
0.3233821988105774 -0.18691515922546387 -0.12953370809555054
-0.22534751892089844 -0.2721661627292633 0.2248312085866928
0.023003950715065002 -0.2991027534008026 0.33244428038597107
0.016348496079444885 -0.11662200093269348 0.18945391476154327
-0.15204834938049316 -0.1259101927280426 0.28541162610054016
0.32420340180397034 -0.13898590207099915 -0.09910169243812561
-0.16430538892745972 -0.11662200093269348 -0.0402146615087986
0.1983259618282318 -0.11662200093269348 -0.09507683664560318
0.2389875203371048 -0.049919284880161285 0.0887243002653122
-0.1941271722316742 -0.30351099371910095 -0.008125429041683674
0.08062079548835754 -0.30351099371910095 0.27448076009750366
-0.09295135736465454 -0.2026938945055008 -0.2900489866733551
0.1913403868675232 -0.25691336393356323 0.25693827867507935
0.25224292278289795 -0.10479837656021118 0.18410977721214294
-0.2803233861923218 -0.05631259083747864 -0.2778942584991455
0.2284858524799347 -0.011103421449661255 0.22007957100868225
-0.26694172620773315 -0.04975105822086334 -0.0012972168624401093
0.08320237696170807 -0.11662200093269348 -0.22257457673549652
-0.15330928564071655 -0.30351099371910095 -0.21065029501914978
-0.26977601647377014 0.04446125775575638 -0.16087809205055237
-0.26678696274757385 -0.30351099371910095 0.05427491292357445
0.3253600597381592 0.0812900960445404 -0.05623620003461838
0.25451621413230896 0.11997000128030777 -0.26805004477500916
0.15459340810775757 -0.11662200093269348 0.1095094382762909
-0.2528265714645386 -0.10149727761745453 0.1832260638475418
0.3258195221424103 -0.11892285943031311 -0.03920992091298103
-0.1039516031742096 -0.11662200093269348 0.026108764111995697
-0.29120934009552 0.11997000128030777 0.024813737720251083
0.12355749309062958 0.11997000128030777 0.24877633154392242
-0.2559587061405182 -0.10491064190864563 0.04672969877719879
0.12523050606250763 -0.15735730528831482 0.3048454225063324
0.07966360449790955 -0.30351099371910095 0.2517439126968384
0.24681079387664795 -0.11267439275979996 0.07596436887979507
0.1702762246131897 -0.10545345395803452 0.18461798131465912
-0.05862812697887421 -0.21754497289657593 -0.2900489866733551
0.20200490951538086 -0.0204944908618927 0.24921011924743652
0.2073984444141388 -0.30351099371910095 0.1425653100013733
-0.281133770942688 -0.06642340123653412 -0.2754773497581482
-0.2933076024055481 -0.03873777389526367 -0.2391701191663742
0.050840362906455994 -0.11662200093269348 0.22160491347312927
-0.025485605001449585 -0.11662200093269348 0.23705092072486877
-0.303791344165802 -0.03470054268836975 0.0754440575838089
0.0723220705986023 -0.11662200093269348 -0.0898151695728302
-0.20848500728607178 0.052533745765686035 0.13847456872463226
0.18011334538459778 -0.01999075710773468 0.1771327704191208
-0.09718179702758789 -0.11662200093269348 0.1528908610343933
-0.1955263763666153 -0.05519880726933479 0.15961042046546936
-0.10149456560611725 0.08681753277778625 0.236954927444458
-0.04853564500808716 -0.30351099371910095 -0.015092382207512856
-0.006022736430168152 -0.11662200093269348 0.2551615834236145
0.04463359713554382 -0.30351099371910095 -0.0315730981528759
0.2695765793323517 0.11431411653757095 -0.17157544195652008
0.27942323684692383 -0.13549669086933136 0.1429569274187088
-0.17949645221233368 -0.30351099371910095 -0.10020380467176437
-0.1539212167263031 0.07823152095079422 0.2840544283390045
0.26060163974761963 -0.03809092938899994 0.026426929980516434
-0.0733925998210907 -0.11662200093269348 0.06537435203790665
-0.3064483106136322 -0.2695161700248718 0.06574200093746185
-0.2816285490989685 -0.22550761699676514 -0.27400174736976624
-0.3245239853858948 -0.19680815935134888 -0.08722040057182312
-0.13317537307739258 -0.20490214228630066 -0.2900489866733551
-0.32491829991340637 -0.22203275561332703 -0.07260799407958984
-0.16265420615673065 -0.30351099371910095 -0.26900801062583923
0.16212522983551025 -0.2540421485900879 0.2781093120574951
0.1584649384021759 -0.15117771923542023 -0.2900489866733551
0.04957864060997963 0.11267244815826416 0.2489648461341858
0.32280433177948 -0.1756417453289032 -0.15094879269599915
0.28140369057655334 0.023980095982551575 0.13995839655399323
0.2858326733112335 -0.08344005048274994 -0.26146334409713745
-0.21166643500328064 -0.30351099371910095 0.20389433205127716
-0.2216072678565979 0.0955529510974884 0.11707188189029694
-0.27201732993125916 -0.02806791663169861 -0.13295981287956238
-0.2021309733390808 0.03293541073799133 0.24911877512931824
-0.26054859161376953 0.07849940657615662 0.17153441905975342
-0.26974019408226013 -0.023129835724830627 -0.16132450103759766
0.3020085096359253 0.0934540331363678 0.08195414394140244
-0.12461385130882263 -0.10707968473434448 0.21936312317848206
-0.13466806709766388 -0.30351099371910095 0.24863332509994507
0.31732505559921265 -0.23253169655799866 0.026025064289569855
0.20604467391967773 0.09847086668014526 0.2462826669216156
0.285392701625824 -0.30351099371910095 -0.14529207348823547
-0.12170270830392838 0.032356083393096924 0.22157825529575348
0.08759969472885132 -0.30351099371910095 -0.2492917776107788
0.1979077160358429 -0.028213098645210266 0.25217920541763306
-0.15668457746505737 -0.30351099371910095 -0.006522445473819971
-0.31268125772476196 -0.30351099371910095 -0.010633045807480812
-0.032930150628089905 -0.2877122461795807 -0.2900489866733551
-0.3093812167644501 0.030438154935836792 -0.19123226404190063
-0.2612892985343933 0.10648414492607117 -0.1947811096906662
-0.3076457381248474 0.06913557648658752 0.061369527131319046
-0.06282107532024384 -0.08953052759170532 0.2459249496459961
0.03865283727645874 -0.30351099371910095 -0.09757901728153229
-0.22440147399902344 0.0387425422668457 0.11251446604728699
0.3000923693180084 0.036775678396224976 -0.2189353108406067
0.24737128615379333 0.09351423382759094 -0.2900489866733551
0.2712765038013458 0.05540972948074341 -0.2900489866733551
0.3253262937068939 -0.0670076459646225 -0.05748846009373665
0.1948680579662323 -0.11662200093269348 0.004545193165540695
0.0914900004863739 -0.11662200093269348 0.1521330624818802
0.05495317280292511 -0.25914105772972107 0.32540178298950195
-0.24162708222866058 0.060744404792785645 -0.24229922890663147
-0.11910194158554077 -0.30351099371910095 0.22530530393123627
-0.3230700194835663 -0.2789475917816162 -0.14110349118709564
0.028801560401916504 -0.2843983471393585 -0.2900489866733551
0.3261508345603943 -0.11252458393573761 -0.006202767137438059
-0.2320755422115326 -0.015955761075019836 0.21464452147483826
0.25119858980178833 -0.20581838488578796 0.1856909543275833
-0.2861880362033844 -0.2797669768333435 -0.2604035437107086
0.2924291491508484 -0.2526455521583557 -0.2417900562286377
-0.03498917818069458 -0.11662200093269348 0.14365535974502563
0.008855290710926056 0.0926617980003357 0.25831320881843567
0.2274949997663498 -0.04559355974197388 0.22157979011535645
-0.03460012376308441 -0.30351099371910095 -0.2698633074760437
-0.3003714978694916 -0.2633655071258545 -0.21810278296470642
0.32548776268959045 -0.1258590817451477 -0.051504094153642654
0.26398012042045593 0.10970249027013779 -0.1882781684398651
-0.2744452655315399 -0.012789905071258545 -0.10271690785884857
0.1109389215707779 -0.011533290147781372 0.3130609393119812
0.25182095170021057 -0.15534216165542603 0.18474866449832916
0.32453253865242004 -0.1260232925415039 -0.08690354973077774
-0.12536287307739258 0.017869308590888977 0.21879318356513977
-0.3166271150112152 -0.1587318480014801 -0.16962206363677979
0.10253079235553741 -0.11662200093269348 -0.08830822259187698
-0.013702072203159332 -0.05682750046253204 0.25720056891441345
0.17105528712272644 0.08673025667667389 0.27163806557655334
-0.26830628514289856 0.09563764929771423 -0.007264293730258942
-0.24928469955921173 -0.017777323722839355 0.07192935794591904
0.019669264554977417 -0.11662200093269348 -0.09431988000869751
0.3217860162258148 -0.30351099371910095 -0.15073582530021667
0.24050290882587433 -0.11662200093269348 -0.08187264204025269
0.2623131573200226 -0.19578582048416138 0.16886276006698608
-0.32641133666038513 -0.013291940093040466 -0.01727709174156189
-0.09290078282356262 -0.11662200093269348 0.20535682141780853
-0.20500214397907257 -0.30351099371910095 0.019114959985017776
-0.27210283279418945 0.00012874603271484375 -0.2899971604347229
0.29593122005462646 -0.29090040922164917 -0.23134547472000122
0.15187343955039978 0.085961252450943 0.28553837537765503
-0.058283619582653046 0.06058327853679657 0.32466766238212585
0.04824346303939819 -0.004921361804008484 0.24927134811878204
-0.26133328676223755 0.03426888585090637 0.17034634947776794
-0.15305066108703613 -0.07550757378339767 0.19772516191005707
0.24509833753108978 -0.006422132253646851 0.1949271410703659
-0.24343638122081757 -0.10636607557535172 -0.23792710900306702
-0.21950340270996094 -0.30351099371910095 -0.059541963040828705
0.30225077271461487 -0.07360368967056274 -0.21249809861183167
0.009074360132217407 -0.30351099371910095 0.253389447927475
-0.2367311418056488 -0.11662200093269348 -0.21876294910907745
0.04561948776245117 -0.11662200093269348 -0.15346282720565796
0.24472744762897491 -0.15879032015800476 0.19548869132995605
0.03652670979499817 -0.04093044996261597 0.32946348190307617
-0.23617202043533325 -0.30351099371910095 0.029880516231060028
0.21544161438941956 -0.21197634935379028 0.2394731044769287
0.21775829792022705 -0.11662200093269348 -0.15686267614364624
-0.24949949979782104 -0.024558372795581818 -0.22327376902103424
0.29015690088272095 -0.07827088236808777 -0.24856677651405334
0.050585225224494934 -0.11662200093269348 -0.13185353577136993
0.23718759417533875 -0.0651182234287262 0.2069045603275299
-0.08418436348438263 -0.1176474392414093 0.3189584016799927
-0.18029913306236267 -0.04081912338733673 0.17699140310287476
0.27672722935676575 0.0863632783293724 -0.07429243624210358
0.10717883706092834 -0.30351099371910095 -0.16370315849781036
-0.2411937713623047 -0.11662200093269348 -0.11360599100589752
0.30746445059776306 0.11997000128030777 -0.06505286693572998
-0.3244054317474365 0.04454916715621948 -0.0916142538189888
-0.2545412480831146 -0.017399445176124573 0.052927929908037186
0.16729651391506195 -0.11662200093269348 -0.17086613178253174
0.312274694442749 -0.088187575340271 -0.18260276317596436
-0.2681322395801544 -0.07666970789432526 -0.2900489866733551
0.24592706561088562 -0.03675621747970581 0.07740573585033417
0.24887895584106445 -0.30351099371910095 0.1468462347984314
0.06789888441562653 -0.11662200093269348 0.23070238530635834
-0.30692222714424133 -0.08733490109443665 -0.19856594502925873
0.3004181385040283 -0.24225610494613647 -0.21796372532844543
-0.32454991340637207 0.05663362145423889 -0.00035684648901224136
-0.3115050792694092 -0.011023879051208496 0.04727695882320404
0.1964576542377472 -0.30351099371910095 -0.03600805252790451
-0.023402072489261627 0.03665710240602493 0.3323565125465393
-0.10821287333965302 -0.30351099371910095 -0.020019663497805595
0.17287597060203552 -0.2966952621936798 -0.2900489866733551
-0.13632196187973022 -0.11662200093269348 -0.20455333590507507
-0.016139179468154907 -0.11662200093269348 0.10993467271327972
0.10977861285209656 -0.30351099371910095 -0.045808520168066025
-0.26171597838401794 0.10766685009002686 0.021554000675678253
0.06821802258491516 -0.30351099371910095 0.025767844170331955
0.21336930990219116 0.046958908438682556 0.1305081844329834
-0.30511531233787537 -0.012484878301620483 0.07060948014259338
-0.21210962533950806 -0.30351099371910095 -0.21813882887363434
-0.29448723793029785 0.11997000128030777 -0.2009870707988739
0.27806538343429565 -0.1010521948337555 -0.05762406438589096
0.240628182888031 0.11071649193763733 0.2016952633857727
-0.07456587255001068 -0.19344329833984375 0.3210785984992981
-0.2055928260087967 0.056661054491996765 0.14319179952144623
0.09108252823352814 -0.11662200093269348 0.17538118362426758
0.2743328809738159 0.10463284701108932 -0.10411681979894638
-0.03535941243171692 -0.11662200093269348 0.21703439950942993
-0.2577487826347351 0.10536280274391174 0.1757735311985016
-0.3238808512687683 -0.2083512842655182 -0.11105495691299438
-0.2481096386909485 -0.30351099371910095 -0.2453332394361496
-0.08049233257770538 -0.30351099371910095 -0.24609869718551636
-0.06152781844139099 -0.30351099371910095 0.19999229907989502
-0.16862666606903076 -0.30351099371910095 0.16804158687591553
-0.26402246952056885 -0.23342818021774292 -0.2900489866733551
0.01988750696182251 -0.11662200093269348 0.12619951367378235
0.08880762755870819 -0.09666837751865387 0.31793931126594543
-0.017566155642271042 -0.25237518548965454 0.3336429297924042
0.12534615397453308 -0.154778391122818 -0.2900489866733551
0.1291913092136383 0.11997000128030777 0.257307767868042
-0.32428640127182007 -0.2575618624687195 -0.0960252657532692
0.28385502099990845 -0.061055272817611694 -0.2673615515232086
-0.1869788020849228 -0.24010565876960754 -0.2900489866733551
0.20758956670761108 -0.04823291301727295 0.24516315758228302
0.29895973205566406 0.05905589461326599 -0.22231325507164001
-0.3142283260822296 -0.19059568643569946 -0.17677618563175201
0.3159722685813904 -0.1010703444480896 -0.17157505452632904
-0.26160094141960144 0.10325084626674652 0.022057104855775833
0.20971545577049255 -0.11662200093269348 0.11922571063041687
-0.21209171414375305 -0.2444303333759308 0.24190063774585724
-0.32419002056121826 0.08361461758613586 -0.09959685802459717
0.30013564229011536 0.11997000128030777 -0.050004296004772186
0.10380938649177551 -0.033103421330451965 0.31463250517845154
-0.2785111665725708 -0.05450085178017616 -0.05207117274403572
-0.09443967044353485 -0.005234420299530029 0.23866665363311768
0.049180030822753906 -0.30351099371910095 0.09049755334854126
-0.08304008841514587 -0.11662200093269348 0.07484964281320572
0.1101900041103363 -0.30351099371910095 0.166135773062706
-0.08049945533275604 -0.1841025948524475 -0.2900489866733551
0.2891026437282562 -0.10856315493583679 -0.25171101093292236
0.01489005982875824 -0.11662200093269348 0.11901221424341202
-0.3101235032081604 -0.13916334509849548 0.05232179909944534
0.08677173405885696 -0.10111277550458908 0.2404268980026245
0.0632665753364563 -0.11662200093269348 0.004683375358581543
-0.13779136538505554 -0.30351099371910095 0.0822521448135376
-0.0005016624927520752 -0.13125115633010864 -0.2900489866733551
-0.11471450328826904 0.11475984007120132 0.30999627709388733
0.0271032452583313 -0.30351099371910095 -0.28308752179145813
0.25445446372032166 -0.10519309341907501 0.0533074289560318
0.3250564634799957 0.0966317355632782 -0.06748779118061066
0.07939648628234863 -0.30351099371910095 0.047175318002700806
0.3262532353401184 0.027341187000274658 -0.023137008771300316
-0.29537224769592285 0.006461232900619507 -0.2330126017332077
0.16153758764266968 -0.11662200093269348 -0.02300102263689041
0.12647199630737305 0.05417349934577942 0.30394577980041504
-0.08152361959218979 -0.00993424654006958 0.3195449113845825
0.21256673336029053 -0.11662200093269348 -0.05888227000832558
0.18320485949516296 -0.010163366794586182 0.26283377408981323
0.2545391619205475 0.02379058301448822 0.052937112748622894
-0.31644153594970703 -0.055551677942276 -0.1701754927635193
-0.18194584548473358 0.08212338387966156 0.26374611258506775
-0.1868075430393219 -0.11662200093269348 0.1713557243347168
-0.17175889015197754 0.11997000128030777 0.1996789574623108
-0.15362730622291565 -0.19336217641830444 -0.2900489866733551
-0.27617979049682617 0.008685916662216187 -0.08111116290092468
-0.09121417254209518 0.024099797010421753 0.23940709233283997
0.3126383423805237 0.09986796975135803 -0.18151816725730896
-0.246708482503891 0.11931540071964264 -0.24481962621212006
0.19945937395095825 -0.10774557292461395 0.1531956046819687
-0.1884782612323761 -0.26024240255355835 -0.2900489866733551
0.16793638467788696 -0.30351099371910095 -0.009665385819971561
0.039283230900764465 -0.11662200093269348 0.22197559475898743
-0.09200069308280945 -0.11869679391384125 -0.28788459300994873
-0.28253239393234253 -0.14958593249320984 -0.27130618691444397
-0.09466159343719482 -0.30351099371910095 -0.059720322489738464
-0.14599445462226868 -0.11662200093269348 -0.2670361399650574
-0.28989332914352417 0.060825563967227936 0.12619325518608093
-0.011473092250525951 -0.26498842239379883 0.33498600125312805
-0.07454849034547806 0.008071981370449066 0.2432328313589096
0.0394667387008667 -0.30351099371910095 0.2810743749141693
-0.13197195529937744 -0.21447668969631195 -0.2900489866733551
-0.10805776715278625 -0.11662200093269348 -0.18857517838478088
0.03204910457134247 0.06823818385601044 0.25298887491226196
-0.27732861042022705 -0.07360713183879852 -0.2847713828086853
-0.31989532709121704 -0.2919563949108124 -0.15987493097782135
-0.2878340780735016 0.11997000128030777 -0.10986896604299545
-0.044997960329055786 -0.11662200093269348 -0.2406376600265503
-0.2503301501274109 -0.21240156888961792 0.18700583279132843
-0.3247033357620239 -0.18360239267349243 -0.08057458698749542
-0.15839281678199768 0.03835436701774597 0.2808140516281128
0.24481801688671112 -0.12718719244003296 0.19535157084465027
-0.24187536537647247 -0.03613126277923584 0.19980692863464355
-0.17473410069942474 -0.30351099371910095 0.025855321437120438
0.0979720950126648 -0.30351099371910095 -0.09773600101470947
0.1176086813211441 -0.16124378144741058 0.3103686571121216
-0.019188188016414642 0.04771867394447327 0.2559412121772766
-0.19349750876426697 -0.30351099371910095 0.08392364531755447
0.2282552719116211 -0.11662200093269348 -0.2701911926269531
0.31089386343955994 0.07454854249954224 0.04950886219739914
0.11698088049888611 -0.30351099371910095 -0.253275990486145
-0.12216123938560486 -0.02452954649925232 0.3070695996284485
-0.2555404603481293 -0.02543322741985321 0.04855857789516449
0.06744896620512009 0.11198852211236954 0.24486257135868073
-0.2902393341064453 -0.13728386163711548 0.12492984533309937
-0.24851156771183014 0.11997000128030777 0.10357866436243057
0.2776225209236145 -0.06324368715286255 -0.28447747230529785
-0.15638044476509094 -0.30351099371910095 0.11311015486717224
-0.04364928603172302 -0.30351099371910095 -0.26531559228897095
0.054516978561878204 -0.17227452993392944 0.32549792528152466
-0.13083294034004211 -0.11662200093269348 0.12406237423419952
-0.09442709386348724 -0.30351099371910095 0.0588638074696064
0.0014954954385757446 -0.30351099371910095 0.28196221590042114
0.2721249759197235 -0.1057090312242508 -0.28997501730918884
-0.08042308688163757 -0.30351099371910095 0.10452170670032501
-0.2519766092300415 -0.30351099371910095 -0.05753129720687866
-0.1963132917881012 -0.30351099371910095 -0.26273900270462036
-0.188505619764328 -0.30351099371910095 -0.09968174993991852
-0.166901633143425 -0.1631668359041214 0.2746480405330658
0.07601737976074219 -0.11662200093269348 0.18028044700622559
0.20239420235157013 -0.11662200093269348 -0.06426636874675751
-0.22655177116394043 0.02844323217868805 -0.2787323296070099
0.32429906725883484 -0.2756710648536682 -0.09555577486753464
0.011671066284179688 -0.11662200093269348 -0.26687660813331604
0.2731444835662842 -0.0366765558719635 -0.2889555096626282
-0.12852787971496582 -0.11662200093269348 -0.231083482503891
-0.2695886492729187 -0.00034170597791671753 -0.16321228444576263
-0.12289386987686157 -0.24413594603538513 -0.2900489866733551
0.27083027362823486 0.034280627965927124 -0.14774608612060547
0.2686540186405182 -0.07211446017026901 -0.17485420405864716
0.14554087817668915 -0.1318531483411789 -0.2900489866733551
0.2770363390445709 -0.30351099371910095 0.0010515684261918068
0.32661646604537964 -0.033055245876312256 -0.009675147943198681
-0.16175270080566406 -0.11662200093269348 0.09657891094684601
-0.26445940136909485 -0.11662200093269348 0.0010063275694847107
0.2589549422264099 -0.08416056632995605 0.1739473193883896
-0.13423797488212585 -0.05635949596762657 0.2120399922132492
0.2995874881744385 -0.2232895791530609 -0.220441073179245
-0.11417794227600098 -0.16563501954078674 -0.2900489866733551
-0.2866927683353424 -0.15397673845291138 0.13195039331912994
0.07483389973640442 -0.022371307015419006 0.3210195004940033
0.2914612591266632 0.022846847772598267 -0.24467670917510986
0.019777432084083557 -0.11662200093269348 0.22725988924503326
-0.18153905868530273 -0.30351099371910095 -0.017466088756918907
-0.26054859161376953 0.07849940657615662 0.17153441905975342
-0.2919507920742035 -0.11771614849567413 0.11868030577898026
0.2753531336784363 0.05433468148112297 -0.09140835702419281
0.16811233758926392 -0.11662200093269348 -0.021125566214323044
-0.016994893550872803 -0.30351099371910095 0.17080503702163696
-0.04220952093601227 -0.30351099371910095 -0.2622634768486023
-0.2216072678565979 0.0955529510974884 0.11707188189029694
-0.252143919467926 -0.09411890804767609 0.06341112405061722
-0.3243550658226013 -0.2702786922454834 -0.09348078072071075
0.024334482848644257 -0.30351099371910095 0.32457435131073
0.10813766717910767 -0.30351099371910095 0.03802994266152382
-0.2626076340675354 0.09408095479011536 -0.19159506261348724
-0.022722996771335602 -0.11662200093269348 0.24045565724372864
-0.13395139575004578 -0.30351099371910095 0.22804448008537292
-0.260821133852005 0.05055168271064758 0.1711217761039734
0.11531955003738403 -0.30351099371910095 0.11160968244075775
0.28388139605522156 -0.21618109941482544 -0.2672828435897827
-0.2818814814090729 0.11700157821178436 -0.0518951416015625
0.14814606308937073 -0.30351099371910095 -0.2639015018939972
-0.225656196475029 -0.2610647678375244 -0.2900489866733551
0.320218950510025 -0.30351099371910095 -0.05991493910551071
-0.32366836071014404 -0.18369248509407043 -0.11892978847026825
-0.22551777958869934 0.021654248237609863 -0.28123122453689575
0.3108311891555786 -0.1307556927204132 0.04973767697811127
0.1576039344072342 -0.11025611311197281 0.19426050782203674
0.32209208607673645 0.07238945364952087 -0.15332338213920593
0.2284858524799347 -0.011103421449661255 0.22007957100868225
0.08344802260398865 -0.30351099371910095 0.11151722818613052
0.041251927614212036 -0.30351099371910095 0.12673334777355194
-0.3262397348880768 -0.20985150337219238 -0.0236369501799345
-0.27082014083862305 0.08570161461830139 -0.018256977200508118
-0.09716204553842545 -0.2148759663105011 0.31609776616096497
-0.1284695565700531 -0.30351099371910095 -0.14702482521533966
0.2719380557537079 -0.055309370160102844 -0.13394741714000702
-0.2684231400489807 -0.30351099371910095 -0.11255818605422974
0.03804373741149902 -0.11662200093269348 0.18916262686252594
0.3258880376815796 0.045248836278915405 -0.03667023032903671
-0.06101876124739647 -0.11610376834869385 0.3240647614002228
0.15421634912490845 -0.11662200093269348 -0.26475369930267334
0.3253262937068939 -0.0670076459646225 -0.05748846009373665
-0.23939025402069092 -0.28370627760887146 0.20356956124305725
0.29902389645576477 -0.1488245725631714 -0.22212189435958862
-0.31338730454444885 -0.2549423575401306 0.040403857827186584
-0.14647412300109863 -0.17149311304092407 -0.2900489866733551
-0.24072441458702087 -0.11662200093269348 0.012024756520986557
-0.24962137639522552 0.06678041070699692 -0.2900489866733551
-0.16224980354309082 -0.07197807729244232 0.2780190408229828
-0.32415950298309326 -0.12846149504184723 -0.10072804242372513
0.24405735731124878 -0.11662200093269348 0.030562184751033783
-0.2315652221441269 -0.01832669973373413 -0.2666162848472595
-0.165220707654953 -0.014346569776535034 0.18846479058265686
-0.11404557526111603 0.11997000128030777 0.2906759977340698
-0.08849208801984787 0.06458257138729095 0.24003197252750397
0.29657071828842163 0.05760413408279419 0.10181045532226562
-0.1112503930926323 0.037783265113830566 0.22953158617019653
-0.09179175645112991 -0.2836405634880066 0.3172815144062042
0.32458457350730896 0.07910111546516418 -0.08497551828622818
0.032175272703170776 -0.30351099371910095 -0.043105192482471466
0.12849336862564087 -0.30351099371910095 -0.15813985466957092
-0.17200757563114166 0.09848463535308838 0.18330056965351105
-0.10886465013027191 0.05114816129207611 0.23134692013263702
0.2765909731388092 0.11148127168416977 -0.07598957419395447
0.19465771317481995 -0.21278616786003113 0.25453436374664307
-0.18906430900096893 -0.30351099371910095 -0.19642046093940735
-0.034106820821762085 -0.30351099371910095 0.2706683874130249
0.1532425880432129 -0.11662200093269348 0.12314821034669876
-0.1306661069393158 -0.21093127131462097 0.3009064793586731
0.05428120493888855 -0.30351099371910095 -0.0685870498418808
-0.12145045399665833 -0.11662200093269348 0.09140440821647644
-0.13727223873138428 -0.11662200093269348 0.1146945059299469
-0.30823275446891785 -0.1147969663143158 -0.19465741515159607
0.17870458960533142 -0.1805802285671234 0.2660949230194092
0.1715286821126938 -0.11662200093269348 0.11193259060382843
-0.05912856012582779 -0.06831201910972595 0.32448139786720276
0.13876256346702576 -0.30351099371910095 -0.11979350447654724
0.10346770286560059 -0.018078044056892395 0.2354535460472107
-0.2688636779785156 0.11997000128030777 -0.2842499911785126
0.22677519917488098 -0.11662200093269348 -0.12683947384357452
-0.3067770004272461 -0.11658905446529388 -0.19899901747703552
-0.12289386987686157 -0.24413594603538513 -0.2900489866733551
0.16113640367984772 -0.11662200093269348 -0.10850410163402557
0.2617654800415039 -0.30351099371910095 -0.1710767298936844
0.27500638365745544 0.057056646794080734 -0.0957275852560997
0.059211522340774536 -0.30351099371910095 0.21451342105865479
-0.32026487588882446 -0.13656696677207947 0.01529016625136137
0.239153653383255 0.003808945417404175 -0.2900489866733551
0.3266420364379883 -0.28964927792549133 -0.008727757260203362
-0.1742745190858841 -0.17409148812294006 0.2693052291870117
-0.1679946482181549 -0.2443017214536667 0.273855984210968
0.024801425635814667 0.011153936386108398 0.33204805850982666
0.26195353269577026 -0.21686974167823792 -0.2900489866733551
-0.014062173664569855 -0.07191307842731476 0.2571179270744324
-0.26005828380584717 0.09368586540222168 -0.19775614142417908
-0.3093812167644501 0.030438154935836792 -0.19123226404190063
-0.14577411115169525 -0.30351099371910095 0.036697372794151306
-0.14076808094978333 -0.11662200093269348 0.10949037969112396
-0.3163227140903473 0.04133427143096924 -0.17052987217903137
0.2505947947502136 -0.06465969979763031 -0.22062687575817108
0.2666041851043701 -0.09224933385848999 -0.18193647265434265
-0.029034078121185303 -0.11662200093269348 0.21555207669734955
-0.23942673206329346 -0.30351099371910095 -0.003338087350130081
0.23138359189033508 -0.279339075088501 -0.2900489866733551
-0.015230268239974976 -0.11662200093269348 0.08279899507761002
-0.2903900742530823 0.11997000128030777 -0.022708028554916382
-0.2736516296863556 -0.28948724269866943 0.15169554948806763
0.3215816020965576 -0.1625155806541443 0.010482083074748516
-0.015230268239974976 -0.11662200093269348 0.08279899507761002
0.26232436299324036 -0.0033436119556427 0.1688457727432251
0.15685632824897766 -0.05850791186094284 0.19482937455177307
0.3012414574623108 0.0330984890460968 0.0847550481557846
0.019793912768363953 -0.08987979590892792 0.3331518769264221
-0.2901668846607208 0.03390669822692871 -0.2485370635986328
-0.2217937856912613 -0.05266115069389343 0.11676765233278275
-0.2984318435192108 -0.08197107911109924 -0.2238875925540924
-0.21466735005378723 -0.27411311864852905 -0.2900489866733551
-0.32584577798843384 -0.1552531123161316 -0.038236331194639206
0.07631909847259521 -0.30351099371910095 -0.24733638763427734
0.3238667845726013 0.07782764732837677 0.0021376172080636024
-0.17137151956558228 -0.11662200093269348 -0.20320788025856018
0.2565203011035919 -0.16042475402355194 -0.2900489866733551
0.14573808014392853 0.07626453787088394 0.28998443484306335
0.2689996659755707 0.10823211073875427 -0.2900489866733551
-0.10993317514657974 0.03471773862838745 0.23053386807441711
0.3253372609615326 -0.21010693907737732 -0.057081252336502075
0.08160168677568436 -0.30351099371910095 0.31322622299194336
0.058461904525756836 -0.30351099371910095 0.03173883631825447
0.2129383236169815 -0.21008503437042236 0.24128712713718414
-0.17906250059604645 -0.26604342460632324 -0.2900489866733551
-0.19295930862426758 0.014694824814796448 0.16379734873771667
-0.27210283279418945 0.00012874603271484375 -0.2899971604347229
0.32625436782836914 -0.04444471001625061 -0.023094723001122475
0.06470581889152527 -0.11662200093269348 -0.014215420931577682
0.06732836365699768 -0.30351099371910095 -0.0633818730711937
-0.31035977602005005 -0.06579071283340454 -0.18831373751163483
0.2506214380264282 0.11997000128030777 0.11925116926431656
0.21393287181854248 -0.30351099371910095 0.20438313484191895
0.11127375066280365 -0.14983917772769928 -0.2900489866733551
0.3005891740322113 0.07733172178268433 0.08713684976100922
0.3140431344509125 -0.0764860212802887 -0.17732852697372437
0.05629485100507736 -0.025538355112075806 0.32510602474212646
0.08790266513824463 -0.30351099371910095 -0.21859484910964966
0.053287431597709656 -0.11662200093269348 0.23653042316436768
-0.04664241522550583 -0.04195982217788696 0.3272337019443512
0.31256139278411865 -0.23615866899490356 0.04341977834701538
-0.016552254557609558 -0.30351099371910095 0.19742482900619507
-0.20742753148078918 0.06029045581817627 0.24528056383132935
-0.3253728747367859 0.08022263646125793 -0.05576132982969284
-0.071769118309021 -0.25661981105804443 -0.2900489866733551
-0.023108094930648804 -0.17341358959674835 -0.2900489866733551
-0.29128891229629517 0.010615766048431396 -0.24519072473049164
-0.25635984539985657 -0.11662200093269348 -0.017830699682235718
-0.32365691661834717 -0.2362733781337738 -0.11935382336378098
-0.2756488621234894 -0.07491709291934967 -0.08772478252649307
-0.10905614495277405 -0.30351099371910095 -0.2569771111011505
0.24282193183898926 -0.019871801137924194 0.19837377965450287
0.32072553038597107 -0.2346140742301941 0.013608022592961788
-0.32491829991340637 -0.22203275561332703 -0.07260799407958984
-0.27343687415122986 0.02755802869796753 -0.11527756601572037
0.05940431356430054 -0.04339472949504852 0.24670928716659546
0.22356651723384857 -0.06793201714754105 -0.28594717383384705
0.22635741531848907 -0.2175530344247818 0.22330215573310852
0.3010418117046356 -0.02992495894432068 0.08548401296138763
0.2401246428489685 -0.031353339552879333 -0.24593041837215424
0.06630229949951172 -0.30351099371910095 -0.08592153340578079
-0.3101235032081604 -0.13916334509849548 0.05232179909944534
-0.07700671255588531 0.11997000128030777 0.2533601224422455
0.21178679168224335 -0.11915866285562515 -0.28880831599235535
-0.2822035551071167 -0.045124441385269165 0.13874736428260803
0.28907373547554016 0.0302458256483078 0.12834542989730835
0.0626915693283081 -0.30351099371910095 -0.145506352186203
-0.2507646083831787 0.09326787292957306 -0.22021639347076416
0.14001765847206116 -0.08269961178302765 0.20764215290546417
0.2277517318725586 -0.07875089347362518 -0.27583277225494385
0.16963914036750793 -0.09732355177402496 0.27266427874565125
0.1250077486038208 -0.11662200093269348 -0.11086608469486237
-0.005407512187957764 -0.30351099371910095 -0.15862423181533813
-0.30117785930633545 0.049642741680145264 -0.21569794416427612
-0.25619953870773315 0.05458875000476837 0.04567649960517883
-0.31938308477401733 0.027966797351837158 0.01850997656583786
-0.15761205554008484 -0.21704810857772827 0.2813798189163208
0.31301385164260864 -0.2910507321357727 -0.18039830029010773
-0.13895238935947418 -0.30351099371910095 0.14330755174160004
-0.27759382128715515 0.02001863718032837 0.1457267850637436
0.0782470554113388 -0.0832240879535675 0.24238379299640656
-0.26142942905426025 -0.09806211292743683 0.022807084023952484
0.20431599020957947 -0.0037184730172157288 0.1452743411064148
0.23755106329917908 -0.15498483180999756 0.20635423064231873
0.2923232913017273 -0.19377493858337402 -0.24210578203201294
0.18283216655254364 -0.11878059804439545 -0.28805220127105713
0.2991003692150116 -0.03349506855010986 0.09257331490516663
-0.3244572579860687 -0.005543351173400879 -0.08969314396381378
0.07793457806110382 0.11997000128030777 0.3027919828891754
0.30954551696777344 -0.07093177735805511 0.05443236976861954
0.21207652986049652 -0.067927286028862 0.13261672854423523
-0.22445723414421082 -0.11662200093269348 0.004353538155555725
0.2697519063949585 0.02359972894191742 -0.16117867827415466
-0.2737823724746704 0.01256638765335083 0.15149757266044617
0.06675279140472412 -0.11662200093269348 0.01923147588968277
-0.31752458214759827 -0.21610119938850403 0.025296397507190704
-0.23876194655895233 0.01115582138299942 0.0890922099351883
-0.23510771989822388 0.04226870834827423 -0.2580547034740448
-0.2847866415977478 0.11997000128030777 0.03380000963807106
-0.13536511361598969 0.09569524228572845 0.2975012958049774
0.32648447155952454 -0.23089905083179474 -0.014567418955266476
-0.32376182079315186 -0.2550394833087921 -0.11546532064676285
0.16156592965126038 -0.30351099371910095 -0.07343325763940811
-0.13958999514579773 -0.30351099371910095 0.20785966515541077
0.003995388746261597 -0.30351099371910095 -0.020877797156572342
-0.045861586928367615 -0.30351099371910095 0.24168920516967773
-0.3221122920513153 -0.17596334218978882 0.00854420941323042
-0.1318376362323761 -0.11662200093269348 -0.25571539998054504
-0.28345778584480286 -0.17383265495300293 0.13684837520122528
-0.29448723793029785 0.11997000128030777 -0.2009870707988739
-0.3243056833744049 -0.20048505067825317 -0.09531059861183167
-0.08897002041339874 -0.30351099371910095 -0.2509721517562866
-0.11423598974943161 0.11997000128030777 0.29499831795692444
0.1250077486038208 -0.11662200093269348 -0.11086608469486237
0.1975400745868683 0.0261412113904953 0.156326025724411
0.2160409539937973 -0.11662200093269348 -0.20326456427574158
0.2961030900478363 -0.30351099371910095 0.004916131496429443
-0.1382940411567688 -0.11662200093269348 -0.09541862457990646
-0.20342548191547394 0.09567713737487793 0.1467267870903015
0.10587731003761292 -0.15923747420310974 0.31417667865753174
0.15564700961112976 0.10764706134796143 0.28280383348464966
-0.2035956233739853 -0.19130325317382812 0.24805739521980286
-0.30705150961875916 -0.1411689817905426 -0.19818033277988434
0.17685344815254211 -0.30351099371910095 -0.06651187688112259
0.1542925387620926 -0.11662200093269348 0.039806149899959564
-0.3250269591808319 -0.011391967535018921 -0.06858085840940475
-0.1965515911579132 -0.042677491903305054 0.15793825685977936
0.17399875819683075 -0.11662200093269348 -0.23808619379997253
0.24236872792243958 0.05450236797332764 0.19905994832515717
0.13360056281089783 -0.21965515613555908 0.29877999424934387
-0.2783122956752777 -0.27871769666671753 -0.28378769755363464
0.04957864060997963 0.11267244815826416 0.2489648461341858
-0.04558107256889343 -0.30351099371910095 0.21658535301685333
0.023514002561569214 0.004868358373641968 0.3323318660259247
0.31262704730033875 0.0863056480884552 0.043179988861083984
0.19701693952083588 0.08004738390445709 0.15717926621437073
-0.297218918800354 -0.30351099371910095 -0.023276954889297485
0.2637200653553009 0.11997000128030777 0.05018061026930809
-0.14833584427833557 -0.11662200093269348 0.05342251807451248
0.057817813009023666 -0.04015057533979416 0.2470734864473343
0.21718107163906097 0.11997000128030777 0.17556247115135193
0.26701000332832336 -0.30351099371910095 -0.04091060534119606
0.19017530977725983 -0.08187530934810638 0.1683381199836731
-0.2055492103099823 0.07702581584453583 0.14326293766498566
0.005290016531944275 -0.2650563418865204 0.33634892106056213
0.28366684913635254 -0.18833404779434204 0.13653182983398438
-0.029810309410095215 -0.30351099371910095 0.2255670428276062
-0.2142074704170227 -0.30351099371910095 0.17611998319625854
-0.012638717889785767 -0.16505438089370728 -0.2900489866733551
0.28176817297935486 0.020524203777313232 -0.27358531951904297
0.24047395586967468 -0.30351099371910095 0.02669242024421692
0.03400978446006775 -0.30351099371910095 -0.23583298921585083
-0.25420641899108887 -0.24662289023399353 0.18113690614700317
0.150289848446846 -0.11662200093269348 -0.021406065672636032
-0.27536460757255554 -0.11220556497573853 -0.038129210472106934
0.016348496079444885 -0.11662200093269348 0.18945391476154327
0.0927826464176178 -0.30351099371910095 -0.2574283480644226
0.2574208676815033 0.05880500376224518 0.04033588618040085
-0.26262593269348145 0.030920296907424927 0.1683891862630844
-0.3065512776374817 -0.08223040401935577 0.06536595523357391
-0.12478116154670715 -0.11662200093269348 -0.20639343559741974
-0.035697370767593384 -0.2637695074081421 -0.2900489866733551
0.32633671164512634 -0.04936578869819641 -0.020042944699525833
0.324454128742218 -0.05481426417827606 -0.0898093655705452
0.2744438052177429 -0.041369855403900146 -0.034102633595466614
-0.3241592049598694 -0.08238300681114197 -0.10073910653591156
0.3044482469558716 0.11779423803091049 -0.19706666469573975
-0.2344910055398941 0.07522989064455032 -0.2900489866733551
0.22463713586330414 -0.016637243330478668 0.11213010549545288
-0.32449790835380554 -0.037266552448272705 -0.08818735182285309
-0.2113667130470276 0.11827602237462997 0.23210085928440094
-0.1494513899087906 -0.30351099371910095 0.05596914514899254
-0.08298027515411377 -0.30351099371910095 0.010591377504169941
-0.3234482407569885 -0.28386226296424866 -0.12708647549152374
-0.21579548716545105 -0.11662200093269348 0.05665929242968559
-0.25336384773254395 0.10257783532142639 0.18241260945796967
0.048430606722831726 -0.11662200093269348 -0.05038411170244217
-0.31642067432403564 -0.08503106236457825 0.029327392578125
0.3246859312057495 -0.10963699221611023 -0.08121960610151291
-0.09617680311203003 -0.08361761271953583 0.3163149356842041
-0.25571098923683167 -0.08821775019168854 -0.2900489866733551
0.13866472244262695 -0.11662200093269348 0.15819919109344482
0.2922060787677765 0.08373147249221802 -0.2424553632736206
-0.15541839599609375 -0.30351099371910095 0.24307550489902496
0.2694525122642517 -0.11662200093269348 -0.02025284618139267
-0.2700154483318329 0.038270801305770874 -0.014738176017999649
-0.30172035098075867 -0.11545617878437042 -0.21407997608184814
0.3155825734138489 0.10104501247406006 0.032387733459472656
0.08159748464822769 0.11997000128030777 0.3026195168495178
0.3155825734138489 0.10104501247406006 0.032387733459472656
0.1421286016702652 0.07671195268630981 0.20603591203689575
-0.2589380145072937 0.11997000128030777 0.1111951395869255
0.3044443726539612 -0.06439781188964844 0.07305945456027985
0.3258875012397766 0.06266406178474426 -0.036690015345811844
-0.11150622367858887 -0.11662200093269348 0.15118715167045593
-0.2768917679786682 0.0510307252407074 -0.07224283367395401
-0.11519452929496765 0.11997000128030777 0.2640708088874817
-0.0030213892459869385 -0.30351099371910095 0.02833811193704605
-0.06352782249450684 -0.11662200093269348 0.019586704671382904
0.3053825795650482 0.07120242714881897 -0.20315778255462646
-0.17473410069942474 -0.30351099371910095 0.025855321437120438
-0.2786937952041626 -0.24837753176689148 0.1440613567829132
0.25119858980178833 -0.20581838488578796 0.1856909543275833
-0.006049521267414093 0.09220008552074432 0.33618152141571045
0.15024757385253906 -0.30351099371910095 -0.17737126350402832
0.044898003339767456 -0.30351099371910095 0.09038519114255905
-0.2759023606777191 -0.01732618361711502 -0.08456690609455109
0.11668261885643005 -0.30351099371910095 0.2794063687324524
-0.22425580024719238 0.08207952976226807 0.22648416459560394
0.19909337162971497 -0.30351099371910095 -0.03362452611327171
0.32475122809410095 0.05058273673057556 -0.0787995457649231
0.11356014013290405 -0.30351099371910095 -0.12520529329776764
-0.294452428817749 0.11126261949539185 0.10954545438289642
0.3051722049713135 -0.22791123390197754 -0.20378513634204865
0.32328665256500244 -0.17767393589019775 -0.1330750733613968
0.13655954599380493 0.034117020666599274 0.21027348935604095
0.305202454328537 -0.10374628007411957 0.07029125839471817
-0.17826877534389496 -0.30351099371910095 -0.23223084211349487
0.24788671731948853 0.001413881778717041 -0.2271714210510254
-0.21710459887981415 -0.22460035979747772 -0.2900489866733551
-0.09767067432403564 -0.2871153950691223 0.31598564982414246
0.16212522983551025 -0.2540421485900879 0.2781093120574951
0.03787347674369812 0.07385624200105667 0.2516518533229828
-0.10397474467754364 0.11997000128030777 0.29886120557785034
0.007028371095657349 -0.11662200093269348 -0.02168780006468296
-0.24174721539020538 -0.10656572878360748 -0.24200937151908875
-0.019644320011138916 -0.30351099371910095 0.04982030764222145
-0.22944459319114685 -0.14156275987625122 0.21862797439098358
-0.2983088493347168 -0.003287866711616516 0.0954635739326477
-0.2559563219547272 -0.2620108723640442 0.17848743498325348
-0.3231794834136963 -0.0835561603307724 -0.1370469033718109
-0.20586241781711578 -0.005157895386219025 0.14275209605693817
0.05396287143230438 0.021179720759391785 0.32562005519866943
0.13735432922840118 0.11997000128030777 0.26692646741867065
-0.025338344275951385 -0.30351099371910095 0.3309100270271301
0.0914900004863739 -0.11662200093269348 0.1521330624818802
-0.28073418140411377 -0.30351099371910095 -0.15901179611682892
0.27512747049331665 -0.039235472679138184 -0.0942191630601883
0.31870222091674805 0.11112070083618164 0.020996272563934326
-0.14256902039051056 -0.30351099371910095 -0.1493464708328247
0.2221689522266388 -0.10385715216398239 0.11615574359893799
0.2860470414161682 -0.21834391355514526 -0.2608240246772766
0.1080852597951889 -0.055346012115478516 0.23193997144699097
-0.2944670617580414 -0.16581830382347107 -0.2357122302055359
0.12566664814949036 -0.11662200093269348 -0.010013710707426071
0.2776225209236145 -0.06324368715286255 -0.28447747230529785
-0.025547511875629425 -0.30351099371910095 0.32475003600120544
-0.13804596662521362 0.05658175051212311 0.2955585718154907
0.31296753883361816 -0.17057177424430847 -0.18053637444972992
-0.2621058523654938 0.018553614616394043 0.1691766381263733
0.2641296684741974 0.02785283327102661 0.010999441146850586
0.08394768834114075 -0.09869445860385895 0.24107517302036285
-0.2846129238605499 -0.11125898361206055 0.1350994110107422
-0.3238964080810547 0.0729803740978241 -0.11047796159982681
-0.25970104336738586 0.08304372429847717 -0.19861945509910583
-0.2776975929737091 -0.06438536942005157 -0.06220506131649017
0.32357972860336304 0.035938799381256104 0.003185826353728771
0.10097517818212509 -0.3005589544773102 0.3152572512626648
0.3170177936553955 -0.19591927528381348 -0.16845686733722687
0.29300254583358765 -0.11299256980419159 0.11483978480100632
0.01895865797996521 -0.30351099371910095 0.16454142332077026
0.17713968455791473 -0.1484396755695343 0.26722896099090576
0.14021798968315125 -0.18609842658042908 -0.2900489866733551
0.2568312883377075 -0.07356193661689758 0.042914003133773804
0.023741893470287323 -0.30351099371910095 0.31647729873657227
0.07704201340675354 -0.11662200093269348 -0.17160890996456146
0.15187343955039978 0.085961252450943 0.28553837537765503
0.31560611724853516 0.05408230423927307 0.032301828265190125
-0.23984646797180176 -0.30351099371910095 0.09009237587451935
0.06201472878456116 -0.30351099371910095 -0.04768480360507965
0.05861029401421547 -0.0012666285037994385 0.3245956599712372
-0.1444474458694458 -0.11662200093269348 -0.11833859235048294
-0.007729381322860718 0.11997000128030777 0.2944013774394989
0.31262704730033875 0.0863056480884552 0.043179988861083984
0.28730151057243347 0.07051882147789001 -0.2570827603340149
-0.3219475746154785 0.020657271146774292 0.009145722724497318
-0.2822035551071167 -0.045124441385269165 0.13874736428260803
-0.28047600388526917 -0.30351099371910095 0.07303005456924438
-0.03971000015735626 0.0718756914138794 0.25123026967048645
0.3266569972038269 -0.26364123821258545 -0.00817304477095604
0.25835680961608887 -0.10413986444473267 -0.20186826586723328
-0.23686818778514862 -0.30351099371910095 -0.06459342688322067
-0.2868686616420746 -0.30351099371910095 -0.1071467250585556
0.09025636315345764 -0.28390049934387207 -0.2900489866733551
0.3022627830505371 -0.19131287932395935 0.08102557063102722
0.26922300457954407 -0.043029166758060455 -0.1677667200565338
-0.23939025402069092 -0.28370627760887146 0.20356956124305725
0.09355292469263077 0.036461859941482544 0.23887021839618683
0.1905122846364975 -0.11662200093269348 -0.17331764101982117
0.32215240597724915 -0.08475750684738159 0.008397725410759449
-0.32602229714393616 0.046238988637924194 -0.031694889068603516
-0.26610130071640015 -0.02124038338661194 -0.2900489866733551
-0.24041980504989624 -0.11662200093269348 -0.05253947153687477
-0.26053544878959656 -0.01512262225151062 0.1715543419122696
-0.32280203700065613 -0.020334184169769287 -0.15103459358215332
-0.14647412300109863 -0.17149311304092407 -0.2900489866733551
0.2757928669452667 -0.053109318017959595 0.14845354855060577
0.28854528069496155 0.11997000128030777 0.027740079909563065
-0.14076808094978333 -0.11662200093269348 0.10949037969112396
-0.22290055453777313 -0.10529059171676636 -0.28755638003349304
0.015165627002716064 -0.20287692546844482 -0.2900489866733551
-0.19121630489826202 -0.30351099371910095 0.06786477565765381
0.06837059557437897 0.09079605340957642 0.32244420051574707
-0.19187241792678833 0.0958034098148346 0.16557009518146515
0.12864793837070465 0.10987213999032974 0.2162935435771942
-0.2961263358592987 0.003601968288421631 0.10343313962221146
-0.27791956067085266 0.11182519793510437 -0.04930153489112854
-0.1813412606716156 -0.30351099371910095 0.15126189589500427
-0.10897994041442871 -0.11662200093269348 -0.00628942996263504
-0.15482336282730103 -0.30351099371910095 -0.2333042025566101
-0.21860256791114807 -0.2894935607910156 -0.2900489866733551
-0.2789354920387268 -0.30351099371910095 0.10664769262075424
-0.07479477673768997 -0.16832570731639862 0.3210281431674957
0.28314661979675293 -0.04589387774467468 -0.2694742679595947
-0.0356501042842865 -0.30351099371910095 0.15094903111457825
0.19465771317481995 -0.21278616786003113 0.25453436374664307
0.19945937395095825 -0.10774557292461395 0.1531956046819687
-0.09805557131767273 -0.11662200093269348 0.18139220774173737
0.1198107898235321 -0.11662200093269348 0.002721082419157028
-0.27808845043182373 0.10050898790359497 -0.057336702942848206
0.3253917098045349 -0.10754133760929108 -0.05506382882595062
0.3245052993297577 -0.13378001749515533 -0.00019396748393774033
0.02417079359292984 -0.14393311738967896 0.33218708634376526
-0.2447381317615509 0.07044792920351028 -0.2900489866733551
0.2623435854911804 -0.06467233598232269 0.018809664994478226
0.15154577791690826 -0.11662200093269348 -0.04544570669531822
0.15771692991256714 -0.2574355900287628 0.2813038229942322
0.2755153179168701 0.02864912897348404 0.14887377619743347
0.10557807981967926 -0.3017237186431885 0.3142426311969757
0.22651803493499756 -0.2989208996295929 -0.2900489866733551
0.26327911019325256 0.005255937576293945 0.014718692749738693
-0.15899696946144104 -0.18552833795547485 0.28037625551223755
0.3126622140407562 -0.30351099371910095 -0.013832911849021912
-0.32167327404022217 -0.29513877630233765 0.010147318243980408
-0.32496094703674316 -0.19417588412761688 -0.0018578162416815758
-0.2619483768939972 -0.0474199503660202 -0.19318827986717224
-0.2334592640399933 -0.08426293730735779 -0.2620391547679901
0.19738677144050598 -0.30351099371910095 0.022195234894752502
0.32364192605018616 0.0022287890315055847 -0.11990860104560852
-0.23875367641448975 -0.11662200093269348 -0.08158180862665176
0.32474642992019653 -0.25328195095062256 -0.07897669076919556
0.26964032649993896 -0.30351099371910095 -0.2694728970527649
-0.32439813017845154 -0.2555040717124939 -0.09188520163297653
0.18642206490039825 0.053180500864982605 0.17233237624168396
0.24824416637420654 -0.24973854422569275 -0.2900489866733551
0.31857073307037354 0.015030771493911743 -0.16382546722888947
0.19843095541000366 -0.16366064548492432 -0.2900489866733551
-0.3244166970252991 0.023517966270446777 -0.09119626879692078
-0.18176588416099548 -0.2893904149532318 -0.2900489866733551
-0.31724849343299866 0.003424614667892456 0.026304632425308228
-0.21139448881149292 -0.11662200093269348 -0.041773971170186996
0.01935097575187683 -0.11662200093269348 -0.28093886375427246
0.17609336972236633 -0.03610323369503021 0.2679871618747711
0.3009818494319916 -0.15255574882030487 0.08570303022861481
-0.27275142073631287 0.08818492293357849 -0.12381603568792343
-0.32626235485076904 -0.19183474779129028 -0.022798174992203712
0.32552680373191833 -0.02990114688873291 -0.050057217478752136
-0.2779788076877594 0.054947078227996826 -0.049560680985450745
0.0625728964805603 0.06911616027355194 0.3237221837043762
0.06327090412378311 0.1089998260140419 0.32356831431388855
-0.2782331705093384 0.04626786708831787 -0.05553409829735756
-0.270587682723999 -0.012679815292358398 -0.017240438610315323
-0.04368135333061218 -0.30351099371910095 0.22158707678318024
-0.0733925998210907 -0.11662200093269348 0.06537435203790665
0.2266467958688736 0.10567670315504074 -0.27850237488746643
-0.04146399348974228 -0.1008395254611969 0.3283751606941223
0.29460442066192627 -0.15226846933364868 0.10899047553539276
-0.11225458979606628 -0.11662200093269348 -0.1345885545015335
0.32367798686027527 -0.30208224058151245 -0.11857236176729202
-0.29751065373420715 -0.204384446144104 0.0983782559633255
0.30938825011253357 -0.14471973478794098 -0.1912112534046173
0.012233734130859375 -0.30351099371910095 0.004935384728014469
0.12608084082603455 0.03999093174934387 0.3042292296886444
-0.11328430473804474 -0.14363941550254822 0.31254395842552185
-0.044983744621276855 -0.11662200093269348 -0.029049396514892578
0.048430606722831726 -0.11662200093269348 -0.05038411170244217
0.09101349115371704 -0.11662200093269348 0.061328716576099396
0.1552504003047943 0.11997000128030777 0.20592790842056274
0.17536798119544983 -0.10476095974445343 0.18074360489845276
0.09313701093196869 -0.11662200093269348 0.13737669587135315
0.0015313699841499329 0.11997000128030777 0.3090050220489502
0.2815648913383484 0.11997000128030777 0.01925669237971306
-0.3113398849964142 -0.2319524884223938 0.047880105674266815
-0.045861586928367615 -0.30351099371910095 0.24168920516967773
0.2789076864719391 -0.30351099371910095 -0.06798853725194931
0.3244110643863678 0.019957661628723145 -0.09140535444021225
-0.18093334138393402 0.11997000128030777 0.23041494190692902
0.27486374974250793 0.06320643424987793 0.14986029267311096
0.03278568387031555 -0.30351099371910095 -0.04590681940317154
-0.3014760911464691 -0.0806184858083725 -0.21480846405029297
0.12340523302555084 -0.2271333485841751 0.3061681389808655
-0.19387421011924744 -0.30351099371910095 0.019583340734243393
0.06653283536434174 0.0035525336861610413 0.322849303483963
-0.2779552936553955 0.09029899537563324 -0.04945782572031021
0.156357079744339 -0.11662200093269348 0.06644538044929504
0.09136617183685303 -0.22918802499771118 0.3173753321170807
-0.13367632031440735 -0.11662200093269348 -0.20786011219024658
-0.2002762258052826 -0.30351099371910095 0.03311808779835701
-0.3031895160675049 0.04052877426147461 0.07764159142971039
0.09537529945373535 -0.19231542944908142 -0.2900489866733551
-0.1210126280784607 -0.11662200093269348 0.0969444215297699
0.12647199630737305 0.05417349934577942 0.30394577980041504
-0.21710459887981415 -0.22460035979747772 -0.2900489866733551
0.24924765527248383 0.08422759175300598 -0.2900489866733551
-0.10887089371681213 -0.11662200093269348 -0.24335868656635284
-0.12431371212005615 -0.30351099371910095 -0.06800761818885803
-0.19689130783081055 0.11997000128030777 0.17692357301712036
0.23460885882377625 0.11997000128030777 -0.27807655930519104
0.1427336037158966 -0.20410197973251343 -0.2900489866733551
0.25403979420661926 0.09980347752571106 -0.2900489866733551
-0.21166643500328064 -0.30351099371910095 0.20389433205127716
0.2965691387653351 -0.19018851220607758 0.10181622207164764
-0.2244841456413269 -0.11662200093269348 -0.16737550497055054
-0.22580444812774658 -0.11662200093269348 -0.09433692693710327
0.23603467643260956 -0.11095350980758667 0.208650141954422
-0.32329726219177246 0.03399384021759033 -0.13268154859542847
-0.14014700055122375 -0.11662200093269348 -0.08009763062000275
-0.32362574338912964 0.09967604279518127 -0.12050890922546387
-0.31344321370124817 -0.20210301876068115 0.04019969701766968
-0.28769174218177795 0.05392637848854065 0.13043785095214844
0.1447792649269104 -0.25590431690216064 0.2906792163848877
0.12207990139722824 0.08675648272037506 0.22129124402999878
-0.2910028398036957 0.11997000128030777 -0.19987769424915314
0.2782627046108246 0.11997000128030777 -0.15614053606987
0.024845637381076813 -0.026316583156585693 0.3320383131504059
-0.18466469645500183 -0.23164266347885132 0.2617758810520172
-0.2364027053117752 -0.09758281707763672 -0.2549256384372711
-0.2980741560459137 -0.14699482917785645 -0.22495439648628235
0.32501134276390076 -0.27879372239112854 -0.06915949285030365
0.18079957365989685 -0.30351099371910095 -0.044523123651742935
0.1576039344072342 -0.11025611311197281 0.19426050782203674
-0.30313438177108765 0.04118183255195618 0.07784299552440643
0.25431564450263977 -0.30351099371910095 -0.12578085064888
-0.11696652323007584 -0.057455092668533325 0.31083399057388306
0.0017284601926803589 -0.21255575120449066 0.3371340036392212
-0.2692267894744873 -0.0834948718547821 -0.16771942377090454
-0.3108288049697876 0.04739317297935486 0.04974633455276489
-0.2720039188861847 0.03429152071475983 -0.13312703371047974
0.1239500343799591 -0.18729165196418762 -0.2900489866733551
0.14558058977127075 -0.19902464747428894 -0.2900489866733551
0.04388105869293213 -0.30351099371910095 -0.20141839981079102
-0.026491373777389526 -0.30351099371910095 -0.22908666729927063
-0.09884259104728699 -0.30351099371910095 0.22972622513771057
0.2526663839817047 0.11147299408912659 -0.2156202793121338
0.21544161438941956 -0.21197634935379028 0.2394731044769287
-0.08403301239013672 -0.30351099371910095 -0.2893243432044983
0.2665548026561737 -0.0296640545129776 0.0003946349024772644
0.08456797897815704 0.019454583525657654 0.3188738524913788
0.08155238628387451 -0.30351099371910095 -0.21469344198703766
-0.3262566328048706 -0.11191412806510925 -0.023010674864053726
0.2766239047050476 -0.12589764595031738 -0.28547608852386475
-0.22033162415027618 0.11598388850688934 0.22587555646896362
0.20903247594833374 -0.11662200093269348 -0.11122643947601318
-0.0935579165816307 -0.1338537037372589 0.31689220666885376
-0.13706891238689423 -0.30351099371910095 -0.15771979093551636
-0.2529395818710327 -0.10246357321739197 0.18305498361587524
-0.0011150538921356201 -0.11662200093269348 0.02257450297474861
0.11994722485542297 -0.11662200093269348 -0.1838233768939972
0.2722557783126831 -0.038816846907138824 -0.024534832686185837
0.21197335422039032 -0.11662200093269348 -0.27329427003860474
0.11849391460418701 -0.22202444076538086 0.30972716212272644
0.30718210339546204 -0.30351099371910095 -0.146868497133255
0.23392128944396973 -0.10622784495353699 0.09698744118213654
0.27585357427597046 -0.30351099371910095 0.1434343457221985
0.27508383989334106 0.08675707131624222 -0.09476277977228165
-0.013892680406570435 -0.11662200093269348 0.03905820846557617
0.27801963686943054 0.08529341220855713 -0.05819365382194519
0.20574110746383667 -0.30351099371910095 -0.23017270863056183
0.24076107144355774 -0.30351099371910095 -0.01669926941394806
0.30398574471473694 -0.30351099371910095 0.010463744401931763
-0.29593294858932495 0.03700865060091019 0.10413926839828491
0.20827102661132812 -0.11662200093269348 -0.03939194977283478
0.16794833540916443 -0.04672257602214813 0.18638931214809418
0.3176158368587494 -0.22515049576759338 0.024963200092315674
-0.2757459878921509 0.11997000128030777 0.0669141560792923
0.32606202363967896 -0.1880251169204712 -0.030222583562135696
0.01720355451107025 -0.11662200093269348 0.21702423691749573
-0.22392603754997253 0.056503504514694214 -0.28507789969444275
-0.32365691661834717 -0.2362733781337738 -0.11935382336378098
-0.09409770369529724 -0.11662200093269348 0.07286187261343002
-0.27919846773147583 -0.26966458559036255 -0.2812492251396179
-0.12980598211288452 -0.2526518404483795 -0.2900489866733551
-0.31741055846214294 -0.1355295181274414 -0.16728556156158447
0.2775261104106903 -0.30351099371910095 0.0887579470872879
-0.3265782594680786 0.03396599739789963 -0.011091090738773346
0.2311730831861496 -0.11662200093269348 -0.14126667380332947
0.17388048768043518 -0.03807820379734039 0.2695907652378082
-0.05953381955623627 0.031201690435409546 0.24667955935001373
0.308182030916214 0.07440373301506042 0.05941116809844971
-0.3251437544822693 -0.16475629806518555 -0.06425230205059052
0.2724221646785736 -0.039410218596458435 0.15355703234672546
-0.28054943680763245 -0.06462717056274414 0.14125178754329681
0.06311868131160736 -0.11662200093269348 0.15024137496948242
0.30478590726852417 -0.024221032857894897 0.07181236147880554
-0.0455450713634491 -0.11662200093269348 0.14233946800231934
0.3245052993297577 -0.13378001749515533 -0.00019396748393774033
0.22434507310390472 -0.05300453305244446 0.22634899616241455
-0.29418718814849854 -0.06781286001205444 -0.23654693365097046
0.2916777431964874 0.11410810053348541 -0.243062824010849
0.2615991234779358 -0.30351099371910095 -0.2371249496936798
-0.2676475942134857 0.07830074429512024 0.16078604757785797
0.292013943195343 -0.28570783138275146 -0.2430284023284912
0.2967367172241211 0.11997000128030777 0.05817994847893715
-0.02454403042793274 -0.1805599331855774 -0.2900489866733551
-0.29205137491226196 0.07209131121635437 -0.24291668832302094
-0.05776539444923401 -0.30351099371910095 -0.047203052788972855
0.15586009621620178 -0.30351099371910095 0.004839964210987091
0.14701226353645325 -0.30351099371910095 -0.15023913979530334
0.26277753710746765 0.11455189436674118 0.020927269011735916
0.3231525719165802 0.07604819536209106 -0.1380438208580017
-0.2878340780735016 0.11997000128030777 -0.10986896604299545
-0.019644320011138916 -0.30351099371910095 0.04982030764222145
-0.1805511713027954 -0.11662200093269348 -0.05384455993771553
-0.2505645155906677 0.09851117432117462 -0.22069993615150452
-0.08886484801769257 -0.1512528359889984 0.31792670488357544
-0.28871482610702515 0.015031695365905762 -0.2528676390647888
-0.2985212206840515 -0.30351099371910095 -0.11410443484783173
-0.15396931767463684 -0.2370721697807312 -0.2900489866733551
-0.32446709275245667 -0.1510140299797058 -0.0893290713429451
-0.19412082433700562 -0.30351099371910095 0.18389491736888885
0.31857073307037354 0.015030771493911743 -0.16382546722888947
0.07285887748003006 -0.08152046799659729 0.24362069368362427
0.2405405193567276 -0.02316036820411682 0.2018280029296875
0.1669461876153946 -0.2750432789325714 0.2746157646179199
0.016348496079444885 -0.11662200093269348 0.18945391476154327
0.28096553683280945 -0.12038323283195496 -0.2759791612625122
-0.19604411721229553 -0.30351099371910095 -0.06485139578580856
0.0375593900680542 -0.30351099371910095 0.16916123032569885
-0.2561075687408447 -0.30351099371910095 -0.0252598375082016
0.26028555631637573 -0.11662200093269348 -0.10709354281425476
0.05781558156013489 -0.08258137851953506 0.24707399308681488
0.28593969345092773 0.11997000128030777 0.06182589754462242
0.23517411947250366 0.004755228757858276 0.20995308458805084
0.325935423374176 -0.2984265685081482 -0.005416113883256912
-0.1838919222354889 -0.11662200093269348 0.08717183023691177
-0.2880493104457855 -0.09734669327735901 0.12989647686481476
0.2776225209236145 -0.06324368715286255 -0.28447747230529785
-0.21738052368164062 -0.11662200093269348 -0.2500765323638916
-0.1508273184299469 -0.27575090527534485 0.28629645705223083
-0.3092810809612274 -0.22940367460250854 -0.19153086841106415
-0.15264686942100525 0.11997000128030777 0.23362323641777039
-0.22030359506607056 -0.30351099371910095 0.04675435274839401
0.31203392148017883 -0.15652796626091003 -0.1833207607269287
-0.08102568984031677 -0.11662200093269348 -0.1478928029537201
-0.32616016268730164 -0.23384356498718262 -0.02658555656671524
-0.12384456396102905 -0.1856103539466858 -0.2900489866733551
-0.21171145141124725 0.11997000128030777 0.21548815071582794
0.008311967365443707 0.08914536982774734 0.33568280935287476
-0.1950789988040924 -0.11662200093269348 -0.271024227142334
0.16477981209754944 -0.26519063115119934 0.27618563175201416
0.06744896620512009 0.11198852211236954 0.24486257135868073
0.32421717047691345 -0.17181426286697388 -0.09859137237071991
-0.2785111665725708 -0.05450085178017616 -0.05207117274403572
-0.309906005859375 0.11997000128030777 -0.09772291779518127
0.3076823949813843 -0.27818238735198975 0.06123563274741173
0.1951870620250702 -0.30351099371910095 -0.013541207648813725
0.05306193232536316 -0.11662200093269348 -0.04541788995265961
-0.3249846398830414 0.05154481530189514 -0.07014898955821991
0.16500961780548096 -0.11662200093269348 -0.05496971309185028
-0.16395199298858643 0.06555793434381485 0.18943017721176147
0.0775381326675415 -0.30351099371910095 -0.14475946128368378
0.1925685703754425 -0.30351099371910095 -0.26679354906082153
-0.32162410020828247 -0.30351099371910095 -0.08845552802085876
-0.28379693627357483 -0.22372612357139587 -0.2675347924232483
0.32333967089653015 0.04807927459478378 -0.1311105638742447
-0.26873070001602173 -0.11662200093269348 -0.17307385802268982
0.024110376834869385 -0.11662200093269348 -0.04497518017888069
-0.028519660234451294 -0.11662200093269348 0.19254522025585175
-0.09394073486328125 -0.11662200093269348 0.1508198082447052
0.2720809876918793 -0.10813008248806 -0.2900190055370331
-0.31178396940231323 -0.21146443486213684 -0.1840662956237793
0.040592871606349945 -0.11303353309631348 0.32856717705726624
0.013080336153507233 -0.016421914100646973 0.33463171124458313
-0.20137037336826324 -0.03602805733680725 0.24966993927955627
0.24330827593803406 -0.010573796927928925 0.08167704194784164
0.26716867089271545 -0.20324009656906128 0.16151118278503418
-0.2682751417160034 -0.25864744186401367 -0.2900489866733551
0.008156269788742065 -0.30351099371910095 0.016951128840446472
0.2703705132007599 0.08465662598609924 -0.15347304940223694
0.16558131575584412 -0.11662200093269348 0.18793268501758575
-0.11563575267791748 -0.16939443349838257 0.3117983639240265
-0.0032165050506591797 -0.30351099371910095 0.1425069123506546
-0.3070707619190216 0.11997000128030777 0.004365518689155579
0.30767059326171875 -0.04241266846656799 0.06127872318029404
-0.14225775003433228 -0.30351099371910095 -0.07657822221517563
-0.10262845456600189 -0.30351099371910095 -0.12351115047931671
-0.03980381786823273 -0.11106082797050476 0.3287411332130432
-0.2862435579299927 -0.30351099371910095 0.11854564398527145
-0.12864598631858826 -0.11662200093269348 -0.26278287172317505
0.007169395685195923 -0.30351099371910095 -0.18357010185718536
0.04047557711601257 -0.30351099371910095 0.09002929925918579
-0.23760853707790375 0.003469221293926239 -0.2520110607147217
-0.03176555037498474 -0.1541818082332611 0.33051297068595886
0.05156153440475464 -0.11662200093269348 0.05943095684051514
0.1781923770904541 -0.11662200093269348 0.14673388004302979
-0.013619154691696167 -0.30351099371910095 -0.08845970034599304
0.043098628520965576 -0.15368619561195374 -0.2900489866733551
-0.23213320970535278 -0.16347768902778625 0.2145572304725647
-0.3148752450942993 -0.2783757448196411 0.03497060388326645
-0.10182976722717285 0.0939798653125763 0.3150688707828522
0.2282552719116211 -0.11662200093269348 -0.2701911926269531
-0.02654406428337097 -0.16973766684532166 -0.2900489866733551
-0.20899257063865662 -0.004821881651878357 0.13764673471450806
-0.04791763424873352 -0.30351099371910095 0.056293535977602005
-0.02473333477973938 -0.30351099371910095 0.1340484619140625
0.3015285134315491 0.003830939531326294 -0.2146521508693695
0.04926493763923645 -0.11662200093269348 -0.07869362086057663
0.20905253291130066 -0.11662200093269348 0.03335277736186981
0.28388139605522156 -0.21618109941482544 -0.2672828435897827
0.1978875994682312 -0.035536155104637146 0.25219377875328064
-0.046061769127845764 0.029109925031661987 0.32736170291900635
-0.22397354245185852 -0.18083323538303375 -0.2900489866733551
-0.325307697057724 -0.10881337523460388 -0.0581771656870842
0.27208060026168823 -0.2753344178199768 0.15407419204711914
-0.26750117540359497 -0.11662200093269348 -0.1338430494070053
0.26252466440200806 -0.004779011011123657 -0.2900489866733551
-0.29277753829956055 0.11997000128030777 0.05082416534423828
0.22436177730560303 -0.07103990018367767 0.11257921159267426
-0.26346126198768616 -0.032839953899383545 -0.1895320564508438
-0.13932648301124573 -0.11662200093269348 -0.11916686594486237
-0.24682912230491638 -0.10680025815963745 0.07593445479869843
-0.17300784587860107 0.04156241565942764 0.27022314071655273
-0.2842256724834442 0.07272329926490784 -0.2662561535835266
0.08895513415336609 -0.11662200093269348 -0.27025681734085083
0.3066640794277191 -0.04945015907287598 -0.19933581352233887
0.20075948536396027 0.11997000128030777 0.18806761503219604
-0.104589082300663 0.11997000128030777 0.2843697965145111
0.16914525628089905 -0.11662200093269348 -0.14889587461948395
-0.07056210190057755 -0.15601827204227448 0.3219611346721649
-0.3081798553466797 -0.21141326427459717 -0.19481518864631653
-0.10677780210971832 -0.17481151223182678 0.3139781951904297
0.236599400639534 -0.10328999161720276 -0.2544502913951874
0.08610168099403381 -0.022521555423736572 0.2405807077884674
-0.21171145141124725 0.11997000128030777 0.21548815071582794
0.050193965435028076 -0.18028852343559265 -0.2900489866733551
0.2725975811481476 -0.20329904556274414 -0.28950241208076477
0.3089650571346283 -0.30351099371910095 -0.0043642111122608185
0.18476635217666626 -0.1937071681022644 0.26170220971107483
0.2720022201538086 0.06594213843345642 -0.023425990715622902
0.2713594138622284 0.06423094868659973 -0.020615138113498688
-0.24029585719108582 0.06312817335128784 -0.24551641941070557
-0.16440849006175995 -0.30351099371910095 0.14982962608337402
-0.09242168068885803 -0.11662200093269348 -0.1599489003419876
0.021824561059474945 -0.2610410749912262 0.33270424604415894
0.0005510449409484863 -0.11662200093269348 -0.18936872482299805
-0.1757669299840927 -0.30351099371910095 -0.05228138715028763
-0.32468709349632263 -0.06710879504680634 -0.0008577746339142323
-0.12561121582984924 -0.08169681578874588 0.2186042219400406
0.16477254033088684 -0.019644595682621002 0.18880581855773926
0.007475793361663818 -0.11662200093269348 0.08893270790576935
-0.26905572414398193 -0.04456844925880432 0.15865406394004822
-0.10498543083667755 -0.2087462842464447 -0.2900489866733551
-0.18164962530136108 -0.30351099371910095 0.2195771187543869
-0.2879599332809448 0.11997000128030777 -0.07774493098258972
-0.21072585880756378 -0.08469124138355255 0.13481971621513367
0.24755628407001495 -0.06990551948547363 -0.2900489866733551
0.2513173222541809 0.11997000128030777 0.09705166518688202
0.2170160710811615 -0.11662200093269348 -0.23386499285697937
0.23268984258174896 0.11997000128030777 0.14511394500732422
-0.16469910740852356 -0.11662200093269348 -0.22737720608711243
0.09471184015274048 -0.29969513416290283 0.3166378438472748
-0.21009717881679535 0.1191755160689354 0.23101016879081726
-0.02699810266494751 -0.30351099371910095 -0.07450447231531143
0.11175048351287842 0.06741542369127274 0.31288206577301025
-0.25420641899108887 -0.24662289023399353 0.18113690614700317
0.05475625395774841 -0.11662200093269348 0.22707940638065338
-0.09365999698638916 -0.30351099371910095 -0.24891841411590576
0.1376512199640274 -0.14522245526313782 -0.2900489866733551
0.22651803493499756 -0.2989208996295929 -0.2900489866733551
0.057305507361888885 0.08143289387226105 0.24719108641147614
-0.27844536304473877 -0.09756919741630554 -0.0516008660197258
0.26967760920524597 0.04680269956588745 -0.01326083391904831
-0.3229113519191742 -0.050266116857528687 -0.1469831019639969
-0.2447381317615509 0.07044792920351028 -0.2900489866733551
-0.21476292610168457 0.10264581441879272 0.12823514640331268
-0.2703268826007843 -0.03286680579185486 -0.01610007882118225
-0.1945938915014267 -0.21395033597946167 -0.2900489866733551
0.06837059557437897 0.09079605340957642 0.32244420051574707
0.07920312881469727 -0.30351099371910095 0.1814078986644745
0.032418787479400635 0.11997000128030777 0.27479180693626404
0.08381901681423187 -0.03735323250293732 0.24110470712184906
0.25286567211151123 0.03823801875114441 -0.21513864398002625
-0.2848474383354187 0.11997000128030777 -0.1502046287059784
-0.07274910807609558 -0.30351099371910095 0.07630377262830734
-0.3242993652820587 -0.15097543597221375 -0.09554474800825119
0.04700663685798645 -0.11662200093269348 -0.09643717110157013
0.1728653460741043 0.11053107678890228 0.2703263759613037
0.08518171310424805 -0.30351099371910095 0.14690598845481873
-0.21889743208885193 0.033133283257484436 0.1214916780591011
-0.23856109380722046 -0.11662200093269348 -0.14035600423812866
0.27030447125434875 -0.09393593668937683 -0.016001969575881958
0.2610985040664673 0.047276534140110016 -0.195242241024971
0.06339733302593231 -0.11662200093269348 0.002249140292406082
-0.2865443825721741 -0.28389185667037964 -0.259340763092041
0.21818804740905762 -0.16848936676979065 0.23567113280296326
-0.3153573274612427 0.027178436517715454 0.033210232853889465
0.27296459674835205 -0.03607664257287979 -0.12116040289402008
0.3189709484577179 -0.1651509702205658 0.020014960318803787
-0.1285695731639862 -0.09742830693721771 0.302425742149353
-0.1379355937242508 -0.30351099371910095 -0.01027199998497963
-0.10624714940786362 -0.10449019074440002 0.2333386242389679
0.20370057225227356 -0.11662200093269348 -0.2267763316631317
0.16011659801006317 -0.11662200093269348 -0.03443881496787071
0.04076838493347168 -0.30351099371910095 0.0008544838055968285
0.25710058212280273 -0.09010563790798187 0.17675496637821198
-0.27265265583992004 0.053394898772239685 -0.1250460296869278
0.22183683514595032 -0.30351099371910095 0.10133533924818039
-0.06723441183567047 -0.30351099371910095 0.260913610458374
-0.3093411326408386 -0.30351099371910095 0.036817554384469986
0.16416282951831818 -0.12400966882705688 -0.2900489866733551
0.007486194372177124 -0.30351099371910095 0.2605783939361572
0.016792088747024536 -0.11662200093269348 -0.22704721987247467
0.0905977189540863 -0.11662200093269348 -0.26242002844810486
0.13058632612228394 0.07016581296920776 0.21481859683990479
-0.3248910903930664 -0.26565584540367126 -0.0016026939265429974
-0.2781050205230713 0.07118137180805206 -0.05713016167283058
-0.10181275010108948 -0.30351099371910095 -0.1096649169921875
0.1464473009109497 -0.30351099371910095 -0.16860458254814148
-0.2384156882762909 -0.2664964497089386 0.20504511892795563
-0.042567044496536255 -0.11662200093269348 -0.0728316605091095
0.25789105892181396 0.07153676450252533 -0.20299369096755981
0.18774306774139404 -0.30351099371910095 0.05012761056423187
0.2347593605518341 0.1061951220035553 -0.2588965892791748
-0.15601018071174622 -0.11662200093269348 0.05635232850909233
0.08054989576339722 -0.30351099371910095 -0.2506329417228699
-0.27508553862571716 -0.08360157907009125 -0.09474167972803116
-0.3247840702533722 -0.23838728666305542 -0.07758264243602753
-0.29340776801109314 0.11997000128030777 -0.07508230209350586
-0.1837705820798874 -0.11533956229686737 0.2624238133430481
0.28587478399276733 -0.2965591847896576 -0.2613377571105957
-0.09486255049705505 -0.30351099371910095 0.1909463107585907
-0.236780047416687 0.11176306009292603 0.20752161741256714
-0.22913265228271484 0.07730675488710403 -0.2900489866733551
0.3079468607902527 -0.13094845414161682 -0.19551002979278564
0.29515358805656433 0.012092918157577515 -0.23366466164588928
-0.3255678415298462 0.0939730703830719 -0.04853666573762894
-0.256911039352417 0.11997000128030777 -0.28555628657341003
0.06859160959720612 -0.2237084060907364 -0.2900489866733551
0.09410277009010315 -0.30351099371910095 0.2025141417980194
0.22985003888607025 0.11247614026069641 0.21801410615444183
0.2784891128540039 -0.07751330733299255 -0.052345797419548035
-0.2032836377620697 -0.30351099371910095 0.0026544304564595222
0.24081707000732422 -0.038485459983348846 0.08574025332927704
0.3068946897983551 -0.21580594778060913 0.06411201506853104
-0.26336658000946045 -0.30351099371910095 0.0274604931473732
-0.2475014626979828 -0.05015397071838379 0.07483784854412079
-0.21752122044563293 -0.11662200093269348 0.03831517696380615
0.18491166830062866 -0.11662200093269348 -0.22284486889839172
-0.2871432602405548 0.03795129060745239 -0.25755465030670166
-0.12411423027515411 -0.30351099371910095 0.2823006808757782
0.2690807282924652 0.11997000128030777 0.04431580752134323
0.0856638103723526 -0.11662200093269348 -0.19815021753311157
-0.1379566341638565 -0.30351099371910095 0.007518323138356209
0.004168055951595306 -0.08271530270576477 0.259389191865921
0.3038024306297302 -0.028739511966705322 0.07540347427129745
-0.28054943680763245 -0.06462717056274414 0.14125178754329681
-0.07439039647579193 -0.2804549038410187 -0.2900489866733551
0.3253372609615326 -0.21010693907737732 -0.057081252336502075
-0.1717871129512787 0.11997000128030777 0.2550179958343506
0.22415249049663544 -0.01932714134454727 -0.2900489866733551
-0.3237210214138031 -0.01861169934272766 -0.11697819828987122
-0.056080758571624756 -0.11662200093269348 0.06876306980848312
-0.08261343836784363 -0.30351099371910095 0.10886600613594055
-0.07781636714935303 -0.05019623041152954 0.3203620910644531
0.2960861325263977 -0.30131253600120544 0.10357996821403503
0.257061243057251 -0.06190517544746399 0.1768145114183426
0.2883872389793396 -0.062333256006240845 -0.25384461879730225
-0.0002029016613960266 -0.0768132209777832 0.33747026324272156
-0.28920185565948486 0.10751000046730042 0.12815147638320923
0.26964032649993896 -0.30351099371910095 -0.2694728970527649
-0.2687891721725464 0.05248134583234787 -0.17317061126232147
-0.09789581596851349 -0.30351099371910095 -0.03870492801070213
0.26712051033973694 0.06338265538215637 -0.002079091966152191
0.202918142080307 -0.11662200093269348 -0.01886977255344391
0.2921872138977051 -0.16781169176101685 -0.2425115704536438
-0.2933076024055481 -0.03873777389526367 -0.2391701191663742
0.2896965444087982 0.062160104513168335 -0.24993979930877686
0.2083362638950348 -0.30351099371910095 0.13618262112140656
0.12949307262897491 -0.1618346869945526 0.30175650119781494
0.125818133354187 -0.30351099371910095 0.11655624955892563
0.23521175980567932 0.06012875214219093 -0.2578032612800598
0.32412970066070557 0.09663128852844238 -0.10183199495077133
-0.3073013424873352 -0.1904107928276062 -0.19743525981903076
0.17065227031707764 -0.22198376059532166 0.27193012833595276
-0.3254201412200928 0.05756646394729614 -0.054009661078453064
-0.31268125772476196 -0.30351099371910095 -0.010633045807480812
0.041798993945121765 0.013219721615314484 0.328301340341568
-0.07854059338569641 -0.11662200093269348 0.16588076949119568
0.305841326713562 0.11997000128030777 -0.15125632286071777
-0.24707481265068054 -0.30351099371910095 -0.06600555032491684
-0.1787736415863037 -0.28954771161079407 0.26604488492012024
-0.01596328616142273 -0.30351099371910095 0.24858751893043518
-0.13932648301124573 -0.11662200093269348 -0.11916686594486237
-0.15030641853809357 0.11988147348165512 0.27276062965393066
0.06753355264663696 -0.07869654893875122 0.24484315514564514
0.17788103222846985 -0.2896108627319336 0.2666917145252228
-0.29409220814704895 -0.16859692335128784 -0.23683014512062073
0.06654335558414459 -0.11662200093269348 -0.099884033203125
-0.2596411108970642 0.10418730974197388 0.17290842533111572
-0.11089462041854858 -0.15919174253940582 -0.2900489866733551
-0.2637081742286682 -0.30351099371910095 -0.11562739312648773
0.07905314862728119 0.06787661463022232 0.24219875037670135
-0.24455446004867554 0.08664098381996155 0.1957506239414215
0.04804432392120361 -0.30351099371910095 -0.076314277946949
0.32318565249443054 0.02170702815055847 -0.1368175894021988
-0.2846870422363281 -0.03762847185134888 -0.26488012075424194
0.21487388014793396 -0.18373587727546692 0.23988451063632965
-0.17423483729362488 -0.11662200093269348 -0.19567786157131195
-0.08703780174255371 -0.1682160198688507 -0.2900489866733551
0.28042805194854736 -0.13160045444965363 -0.27758216857910156
-0.16814181208610535 -0.2753750681877136 -0.2900489866733551
-0.3241693377494812 0.11219874024391174 -0.10036342591047287
0.06560714542865753 -0.11509623378515244 0.24528537690639496
0.09365037083625793 -0.11662200093269348 -0.142284095287323
0.29656755924224854 -0.1945527344942093 0.10182194411754608
-0.1716109812259674 -0.23573319613933563 -0.2900489866733551
0.1800728738307953 0.07334133982658386 0.26510339975357056
-0.026543952524662018 0.04767659306526184 0.2542526423931122
-0.2290940284729004 -0.19076412916183472 -0.2900489866733551
-0.29676517844200134 -0.30351099371910095 0.09819158911705017
-0.3247033357620239 -0.18360239267349243 -0.08057458698749542
0.1831967532634735 -0.30351099371910095 -0.04009048640727997
-0.1878216564655304 -0.30351099371910095 0.16375429928302765
-0.3221995234489441 0.10253927111625671 0.008225706405937672
0.3165619671344757 -0.1498376429080963 0.028811465948820114
-0.3257070481777191 0.019473552703857422 -0.04337778687477112
0.022564470767974854 -0.11662200093269348 0.011547021567821503
0.2697519063949585 0.02359972894191742 -0.16117867827415466
0.30494433641433716 0.048809975385665894 0.0712338462471962
-0.3232393264770508 -0.05018225312232971 -0.13482877612113953
0.250068724155426 -0.15605920553207397 0.1874016523361206
-0.07560610771179199 -0.11662200093269348 0.21767039597034454
0.24174663424491882 -0.01810881495475769 -0.2420104295015335
-0.1673939824104309 0.06428311765193939 0.2742912769317627
-0.17200687527656555 -0.06438472867012024 0.18330110609531403
-0.0825013518333435 -0.24194273352622986 -0.2900489866733551
0.13408485054969788 -0.11662200093269348 -0.040442101657390594
0.07994483411312103 -0.11662200093269348 -0.18669278919696808
0.25113317370414734 0.05598132684826851 -0.21932560205459595
-0.11646739393472672 -0.17507103085517883 0.3111957013607025
-0.2682286500930786 0.0021066516637802124 -0.006924785673618317
-0.19535520672798157 -0.11662200093269348 -0.22991038858890533
-0.03846956044435501 -0.1513468325138092 0.329035222530365
0.11527422070503235 -0.30351099371910095 0.3059316873550415
0.12550915777683258 -0.11662200093269348 -0.151406928896904
0.10523337125778198 -0.11662200093269348 0.08204353600740433
0.3103008568286896 -0.3018067479133606 -0.18848948180675507
0.2229342758655548 -0.11662200093269348 -0.027100857347249985
0.15879479050636292 -0.30351099371910095 -0.0791596919298172
-0.2927018404006958 -0.03451432287693024 0.11593779921531677
-0.016717985272407532 -0.04457637667655945 0.3338298797607422
0.2975775897502899 0.010157018899917603 0.09813378006219864
0.32551097869873047 -0.19802552461624146 -0.050643786787986755
-0.1018972247838974 -0.30351099371910095 -0.12634283304214478
-0.02501392364501953 -0.06995683163404465 0.25460386276245117
0.24760320782661438 0.007924020290374756 -0.2900489866733551
0.27685290575027466 -0.03280326724052429 -0.07272666692733765
0.3216654360294342 0.04600799083709717 -0.154595747590065
-0.30772167444229126 -0.13624030351638794 -0.19618165493011475
