ply
format ascii 1.0
element vertex 2048
property float x
property float y
property float z
end_header
0.17624950408935547 0.13499577343463898 0.019132206216454506
-0.0013806445058435202 0.21025551855564117 0.10380437970161438
-0.03251006826758385 0.057879798114299774 0.11033104360103607
-0.050991468131542206 -0.23445598781108856 0.08222862333059311
-0.16378960013389587 -0.15337200462818146 0.1136942133307457
0.15934573113918304 0.1652013212442398 0.07769926637411118
0.2217429131269455 -0.40148165822029114 -0.085080586373806
0.18817061185836792 0.35362181067466736 0.11869673430919647
-0.07619057595729828 0.08044034987688065 0.10131508111953735
-0.09648386389017105 -0.07103422284126282 0.1160636618733406
-0.12317247688770294 -0.04472567141056061 0.15037193894386292
0.01609569415450096 0.19993048906326294 0.09329494833946228
0.012257479131221771 0.017316428944468498 0.11702915281057358
-0.03628432750701904 0.1614474356174469 0.11013245582580566
-0.019511859863996506 0.276998907327652 0.10661914199590683
-0.05086495354771614 0.15523867309093475 0.10866701602935791
0.043999191373586655 0.15024061501026154 0.11211718618869781
-0.05524716526269913 0.4337812066078186 0.11309001594781876
-0.11537457257509232 -0.17560428380966187 -0.014327822253108025
0.10610754787921906 0.14540812373161316 0.09032406657934189
0.023453405126929283 0.15836219489574432 0.054953817278146744
-0.19437114894390106 -0.2508869171142578 0.09691064804792404
-0.041350435465574265 0.45643487572669983 0.2310677021741867
-0.15525878965854645 0.22930659353733063 0.10177745670080185
0.24745093286037445 0.1903514266014099 0.02018769271671772
-0.1681721955537796 0.020799916237592697 -0.17503361403942108
-0.2517823278903961 0.1282132863998413 0.11396738141775131
0.10968078672885895 0.22528789937496185 0.11169087141752243
-0.060400236397981644 0.022292282432317734 0.07392363250255585
-0.008650107309222221 -0.20944079756736755 0.11523927748203278
0.09297110140323639 0.21303953230381012 0.10994408279657364
0.02431110106408596 0.18145428597927094 0.10710308700799942
-0.0036295312456786633 0.15230144560337067 0.09260555356740952
-0.054956287145614624 0.3717871308326721 0.11156019568443298
0.03949318081140518 -0.15258567035198212 0.11956724524497986
-0.10700252652168274 0.3616134226322174 0.1351257562637329
-0.018391449004411697 0.19012926518917084 0.09470558911561966
-0.019997132942080498 0.15024784207344055 0.11513376981019974
0.019997429102659225 0.2788214087486267 0.10934893041849136
-0.06004900112748146 -0.2877478003501892 0.08220192044973373
-0.08007359504699707 0.02101501077413559 0.125562846660614
0.09368769824504852 0.2541997730731964 0.11362306028604507
-0.11291493475437164 -0.18068869411945343 0.12685967981815338
0.08458970487117767 -0.10074138641357422 0.12029632180929184
-0.21428647637367249 0.1573217213153839 0.12384962290525436
0.228096142411232 0.06944023072719574 0.055737439543008804
-0.14312556385993958 0.08400080353021622 0.12372522801160812
-0.28440406918525696 0.06951085478067398 0.11514327675104141
-0.07820882648229599 -0.11038980633020401 0.10477887094020844
-0.1768338531255722 0.04549509286880493 0.12428024411201477
0.0035325726494193077 0.2604976296424866 0.08416005223989487
-0.10342859476804733 0.006000027060508728 0.08674940466880798
-0.13223575055599213 0.2171170562505722 0.08023316413164139
-0.22763411700725555 -0.13461819291114807 0.11304588615894318
0.12594647705554962 0.02834162302315235 0.107212133705616
0.12728099524974823 -0.20229043066501617 0.04656361788511276
-0.12396129220724106 0.034245457500219345 0.12290064245462418
0.013459388166666031 -0.1265597939491272 0.12230169028043747
0.2852890193462372 0.10418720543384552 0.0781928151845932
0.05544582009315491 0.17068684101104736 0.11176784336566925
-0.1376146823167801 0.217623770236969 0.10249318182468414
0.02370993047952652 0.06074727326631546 0.10454490780830383
-0.07176502794027328 0.1634620577096939 0.10663223266601562
-0.03157909959554672 0.2228507697582245 0.10523539781570435
0.055525973439216614 0.22320717573165894 0.10603516548871994
-0.10230045020580292 0.07968664914369583 0.10381554067134857
-0.015774806961417198 0.22339755296707153 0.10936922580003738
-0.06667546182870865 -0.06670279800891876 0.11962760984897614
-0.05717631056904793 0.22401957213878632 0.10677430033683777
-0.10764168947935104 -0.008890792727470398 0.10318238288164139
-0.319937139749527 0.0033602965995669365 0.11517283320426941
-0.023000799119472504 0.14422473311424255 -0.025264782831072807
-0.051102492958307266 0.1104159951210022 0.09667684137821198
-0.10610567033290863 0.11852115392684937 0.1169745922088623
-0.17152217030525208 0.17032946646213531 0.10778148472309113
-0.26647910475730896 -0.004854257218539715 0.11821810156106949
-0.09025745093822479 -0.25279250741004944 -0.014963451772928238
0.03099089488387108 0.3056713342666626 0.11484511941671371
0.12859198451042175 -0.19103480875492096 0.0721503272652626
-0.18999722599983215 0.27568915486335754 0.1152196079492569
0.01015104353427887 0.3007465898990631 0.10743192583322525
-0.0021517917048186064 0.14143653213977814 0.103385791182518
-0.1321595460176468 0.17931343615055084 0.0977388396859169
-0.057630620896816254 0.10535865277051926 0.12689867615699768
0.07005931437015533 0.15384328365325928 0.10987013578414917
0.10898464918136597 0.23673726618289948 0.1101299598813057
-0.1563601791858673 -0.20522181689739227 0.10636816173791885
-0.17733153700828552 -0.19422484934329987 -0.22468413412570953
-0.16400302946567535 0.022861415520310402 0.1188497319817543
0.17557933926582336 0.07043015211820602 0.09603927284479141
0.3189343214035034 -0.02822246588766575 0.06902662664651871
0.3144585192203522 -0.027423163875937462 0.06796666979789734
0.001980189001187682 0.2667878270149231 0.11194273829460144
-0.1718100607395172 -0.009821830317378044 0.10735702514648438
-0.23049461841583252 0.1258171796798706 0.12247605621814728
0.23347651958465576 0.057648297399282455 0.09730228781700134
-0.21899041533470154 0.06371356546878815 -0.15258337557315826
-0.1280582845211029 0.20913492143154144 0.10525975376367569
0.20725789666175842 -0.06667066365480423 0.10272970795631409
0.03606313839554787 -0.2675917148590088 0.1776900738477707
-0.2604592740535736 0.3023569881916046 0.04618529975414276
-0.1300019472837448 0.22945378720760345 0.09884701669216156
-0.1100439503788948 0.02049470879137516 0.15013889968395233
-0.07535133510828018 0.008160608820617199 -0.4598575234413147
0.13059544563293457 0.17855314910411835 0.09779707342386246
0.04650473594665527 0.21211665868759155 0.10840282589197159
-0.020855162292718887 0.30465322732925415 0.11121390014886856
0.01822580210864544 -0.08112800121307373 0.1202324628829956
-0.035163141787052155 0.1653435081243515 0.1053256243467331
-0.04217621311545372 0.06784843653440475 -0.22119508683681488
0.0730634331703186 0.2375478595495224 0.11048023402690887
0.07754247635602951 0.23678593337535858 0.10984587669372559
-0.0044825635850429535 0.06499465554952621 -0.11705689877271652
-0.0956633910536766 0.1592971682548523 0.09549999237060547
-0.08146513998508453 -0.05606630817055702 0.12128517776727676
-0.0004239422269165516 0.2614273130893707 0.10065855085849762
0.052409201860427856 0.24122223258018494 0.10789413750171661
-0.003589000552892685 -0.013271087780594826 -0.13189351558685303
0.14499682188034058 0.1267699897289276 0.04309038817882538
0.012217480689287186 0.2537181079387665 0.1061374768614769
-0.19872823357582092 0.03961928188800812 0.1240316778421402
-0.02133150026202202 0.0746949166059494 -0.11080427467823029
-0.1656622737646103 -0.14175598323345184 0.11081542074680328
0.15952610969543457 -0.06518345326185226 0.1172061488032341
-0.0011111178901046515 0.27440017461776733 0.12038563191890717
-0.06997649371623993 0.22101330757141113 0.08483809977769852
-0.11736977845430374 0.19997136294841766 0.09740926325321198
-0.04848021641373634 0.1234254539012909 0.10929625481367111
0.038252148777246475 0.1820657104253769 0.11251232773065567
0.03184732794761658 0.24459096789360046 0.11186506599187851
-0.024641091004014015 -0.21482573449611664 0.08684306591749191
0.13577328622341156 0.1944020688533783 0.10404698550701141
0.2906430959701538 -0.1364830732345581 0.08372993767261505
-0.0630459114909172 0.10992749035358429 0.08594038337469101
0.07790572941303253 0.28079739212989807 0.11138923466205597
-0.131052628159523 -0.1930122822523117 0.14500632882118225
0.03926263749599457 0.24100299179553986 0.1113915964961052
-0.1812460720539093 0.15208135545253754 0.11797616630792618
-0.1116790771484375 0.04586554691195488 -0.1890546828508377
-0.14877426624298096 0.4214862287044525 0.21130897104740143
0.02675044722855091 0.29593709111213684 0.10455933958292007
-0.007731535006314516 -0.09927280247211456 0.08435646444559097
-0.027447691187262535 -0.14869529008865356 0.1216755211353302
0.021137429401278496 0.20300409197807312 0.10835978388786316
-0.2923067510128021 -0.0982648953795433 0.02575084939599037
-0.0435924232006073 0.07584768533706665 0.1162402555346489
-0.1774141639471054 0.040672462433576584 0.06341762095689774
-0.16530932486057281 -0.15338927507400513 0.10397592186927795
0.10977791994810104 -0.21191053092479706 0.11512421816587448
0.13388584554195404 0.2312999814748764 0.11465554684400558
0.14431653916835785 0.03168605640530586 -0.029062708839774132
-0.011694513261318207 0.10352473706007004 0.11084551364183426
-0.24649947881698608 -0.07488833367824554 0.030827481299638748
-0.13974343240261078 0.08854444324970245 0.11358452588319778
-0.057283323258161545 -0.027758494019508362 0.12380743771791458
-0.2511771321296692 -0.09440505504608154 0.05141490697860718
-0.19314393401145935 -0.08256896585226059 0.12433434277772903
-0.12387608736753464 -0.04932323843240738 0.10865534096956253
-0.2212771773338318 -0.04319334402680397 0.1135224923491478
0.02729051746428013 0.26418203115463257 0.10807324945926666
-0.12318065017461777 0.17205442488193512 0.1090051531791687
0.030551431700587273 0.2504608929157257 0.10519304126501083
0.03238963708281517 0.20705781877040863 0.11172033101320267
-0.140013188123703 0.15686094760894775 0.12028685212135315
-0.257748007774353 -0.14645548164844513 0.1217995136976242
-0.012060755863785744 0.049426693469285965 0.11516215652227402
-0.7687193751335144 -0.08236615359783173 0.1466982215642929
0.10446241497993469 0.22828026115894318 0.10947015881538391
0.026876546442508698 0.20904265344142914 0.10388271510601044
-0.20231707394123077 -0.11703997105360031 0.1012948602437973
-0.13530394434928894 0.25983116030693054 0.06024964153766632
0.10728517174720764 -0.17575618624687195 0.06839065253734589
-0.057828113436698914 0.04076176509261131 0.13209040462970734
-0.05689004808664322 -0.3373517096042633 0.10137533396482468
0.07653804868459702 0.1477619707584381 0.12153681367635727
0.07825978100299835 0.24929004907608032 0.1123112216591835
-0.15709704160690308 0.09088709205389023 0.11811841279268265
-0.054116141051054 -0.02531532198190689 0.12097428739070892
0.15177500247955322 -0.010019352659583092 0.10753609240055084
-0.18670427799224854 0.056496184319257736 -0.02571168728172779
0.0292661190032959 0.3509422540664673 0.10969191044569016
0.09862147271633148 0.35838523507118225 0.10346543043851852
-0.14581310749053955 -0.11199749261140823 0.12476512789726257
0.09106118977069855 0.25885626673698425 0.10859794914722443
-0.1671314537525177 0.16647836565971375 -0.09254927188158035
0.16995546221733093 -0.1214652806520462 0.11626560986042023
0.06458727270364761 0.21126499772071838 0.11153141409158707
0.08676167577505112 0.33501890301704407 0.12028968334197998
-0.04105420038104057 0.24213869869709015 0.06716398894786835
-0.12778373062610626 -0.44842684268951416 0.006733004003763199
-0.1751352995634079 -0.08863268047571182 0.11887414008378983
-0.039006538689136505 0.11403347551822662 0.08989601582288742
-0.1384168416261673 0.052521564066410065 -0.060686759650707245
0.11907535046339035 -0.09883291274309158 0.12087931483983994
8.942058775573969e-05 0.19435732066631317 0.10347126424312592
-0.13272766768932343 0.19386015832424164 0.1012628898024559
-0.2230459451675415 -0.0062621827237308025 0.12047180533409119
-0.186613529920578 -0.11614406108856201 0.11663641035556793
-0.028614185750484467 0.027290916070342064 0.11436465382575989
0.4210386574268341 -0.3468758761882782 -0.11823662370443344
0.04764691740274429 0.3211631178855896 0.1117473840713501
0.08419707417488098 0.19746774435043335 0.11138561367988586
0.004895912017673254 0.06601595133543015 0.11363773792982101
-0.13427220284938812 0.18971318006515503 0.09842003136873245
-0.275691956281662 0.13831883668899536 0.10404053330421448
-0.1499592512845993 0.21657364070415497 0.07588005065917969
-0.13926313817501068 -0.11587294936180115 -0.13930785655975342
0.10627543181180954 -0.2243266999721527 0.11067502945661545
-0.01662350445985794 0.18153321743011475 0.10233655571937561
0.09308108687400818 0.1719953715801239 0.1078415960073471
0.09256492555141449 0.06500236690044403 0.017565524205565453
0.0894930511713028 0.2663179636001587 0.1128859594464302
-0.07683776319026947 0.25381940603256226 0.12809880077838898
-0.006293458864092827 0.037826210260391235 0.12146753817796707
-0.10230061411857605 0.19814909994602203 0.07701263576745987
-0.004868649411946535 -0.09021595120429993 0.11811889708042145
0.09427057206630707 0.10957249999046326 0.10243376344442368
-0.11261693388223648 -0.046782322227954865 0.08223520219326019
0.05916522070765495 0.30383801460266113 0.11240743845701218
0.19037646055221558 0.15395478904247284 0.08958971500396729
0.22799526154994965 0.22220665216445923 0.11645569652318954
0.031254589557647705 -0.05504815652966499 0.03960248827934265
-0.035078827291727066 0.2734568119049072 0.10423456877470016
-0.013248926028609276 0.15027070045471191 0.10606669634580612
-0.06559999287128448 0.18301650881767273 0.10938115417957306
-0.11502080410718918 0.14251823723316193 0.11942410469055176
0.016860252246260643 0.2558843493461609 0.11299392580986023
0.008979210630059242 0.058996591717004776 -0.11887295544147491
0.09137707948684692 0.22122988104820251 0.1121814101934433
-0.1150999590754509 0.09939400851726532 0.14048990607261658
-0.09775260090827942 0.383393257856369 0.0934850350022316
0.08131333440542221 0.3370172381401062 0.11728356033563614
-0.1829843968153 -0.1933768391609192 0.10251279920339584
0.04611627012491226 0.16591887176036835 0.04124501347541809
0.11700640618801117 0.1501983106136322 0.10785398632287979
-0.19347529113292694 -0.15875639021396637 0.1203550398349762
0.018701503053307533 0.2548676133155823 0.10444433987140656
0.0010479639749974012 0.13330182433128357 0.11162528395652771
-0.035655755549669266 0.18070004880428314 0.10568276047706604
-0.1343441903591156 0.19940875470638275 0.10551422834396362
-0.0871894583106041 -0.18810568749904633 -0.004581416957080364
-0.06611594557762146 0.329010009765625 0.10575754195451736
-0.23527655005455017 -0.2168683558702469 0.10528987646102905
0.2064686119556427 0.15713639557361603 0.08326031267642975
0.0029359026812016964 0.23632612824440002 0.10017051547765732
0.01114707812666893 0.17451819777488708 0.09736094623804092
-0.24426962435245514 0.49851325154304504 0.11285724490880966
0.03091982752084732 0.2677195072174072 0.10917823761701584
0.010460695251822472 0.21804851293563843 0.10631800442934036
0.08377590775489807 0.11402492225170135 0.10065047442913055
0.03899793699383736 0.04872147738933563 0.11242365837097168
-0.020220940932631493 0.31070396304130554 0.11232700198888779
-0.2213110476732254 -0.2172354906797409 0.17861635982990265
-0.22190409898757935 0.17744705080986023 0.10452637076377869
-0.1789243072271347 -0.007088593672960997 0.10336259752511978
0.05929716303944588 0.2239353060722351 0.10710421204566956
-0.12916550040245056 -0.12617823481559753 0.10837354511022568
0.022791050374507904 -0.15582701563835144 0.11718934029340744
-0.012173281982541084 0.21281160414218903 0.10451675951480865
-0.021214613690972328 0.20145078003406525 0.10596973448991776
-0.10707352310419083 0.08510029315948486 0.11797556281089783
0.04340866580605507 0.2640681564807892 0.10887778550386429
-0.005736242979764938 0.1422301083803177 0.10897281020879745
-0.019961226731538773 -0.17651928961277008 0.1328260451555252
-0.09555377066135406 0.07967926561832428 0.09221512824296951
-0.046874478459358215 -0.03490343317389488 0.1062326580286026
0.05526650324463844 0.2579256594181061 0.10791649669408798
-0.02615923061966896 -0.09079626947641373 0.13233397901058197
-0.023942451924085617 0.1417936533689499 0.09797119349241257
-0.02605104260146618 -0.06319470703601837 0.10829933732748032
-0.15025115013122559 -0.04837682470679283 0.1163986399769783
0.10594812780618668 0.20171929895877838 0.10486087203025818
-0.018756113946437836 0.07054268568754196 0.11540096998214722
0.07321958988904953 0.26554280519485474 0.11080145090818405
-0.010360991582274437 0.165842667222023 0.11586230248212814
-0.07931854575872421 0.16456691920757294 0.08338556438684464
-0.03804366663098335 0.1804373413324356 0.11306903511285782
0.009786339476704597 0.2312886267900467 0.11052867770195007
0.05110799893736839 0.2637285888195038 0.11365216970443726
0.09539984166622162 0.246968612074852 0.11549291759729385
0.04831133782863617 0.32811012864112854 0.11480779200792313
-0.08924446254968643 -0.05226803570985794 0.11800029873847961
-0.09447529911994934 0.12660841643810272 0.10012074559926987
-0.19998207688331604 -0.065061055123806 0.12024785578250885
-0.1422812044620514 0.08214707672595978 0.08949046581983566
-0.08090630918741226 -0.02110145054757595 0.12924937903881073
0.15959657728672028 0.1662534773349762 0.07005126029253006
-0.08537294715642929 0.19363616406917572 0.06517250090837479
-0.17897066473960876 0.1329028457403183 0.11216824501752853
0.10469305515289307 0.168953999876976 0.09969250112771988
0.047189757227897644 0.18743591010570526 0.10457011312246323
-0.03547177463769913 0.19097460806369781 0.09116369485855103
0.15016067028045654 0.12700055539608002 0.09643039852380753
0.06727463752031326 0.0412970595061779 0.07461069524288177
-0.1547352522611618 0.11956751346588135 0.11733245104551315
-0.14603613317012787 0.13359180092811584 0.10870049893856049
-0.002913536038249731 0.23357783257961273 0.11157675087451935
-0.014336859807372093 -0.058168280869722366 0.07404814660549164
-0.3182160258293152 -0.15784651041030884 0.1336371898651123
-0.2632943391799927 -0.3537306785583496 0.11630537360906601
0.040380626916885376 -0.10971242189407349 0.10461821407079697
0.03395255282521248 0.07118404656648636 0.10905646532773972
0.013993235304951668 0.3239041268825531 0.11200235784053802
-0.024279095232486725 0.26491186022758484 0.10555272549390793
-0.07972840964794159 -0.16011619567871094 0.07051661610603333
-0.07647380232810974 0.1206064522266388 0.11095649003982544
0.0634201392531395 0.2326398640871048 0.11158999800682068
0.05205242335796356 0.2410818487405777 0.11135179549455643
-0.3318096995353699 -0.17205554246902466 0.13216406106948853
-0.024259274825453758 0.05793154239654541 0.10025101155042648
-0.3119199275970459 0.5758329629898071 0.08377836644649506
0.04677659273147583 0.3475945293903351 0.11710578948259354
-0.060193758457899094 -0.14282526075839996 0.08418434113264084
-0.005556426476687193 -0.21399995684623718 0.11001922935247421
-0.08336353302001953 0.21411335468292236 0.08744998276233673
-0.049000389873981476 0.15869596600532532 0.10914236307144165
-0.12759247422218323 0.2994087040424347 0.09608614444732666
-0.14026406407356262 0.09129766374826431 0.11557590216398239
0.053705889731645584 0.18101006746292114 0.10852032899856567
0.058377668261528015 0.2254224270582199 0.10574059188365936
0.014848083257675171 0.2231881469488144 0.09659352898597717
-0.11732608824968338 0.08157955855131149 0.09626052528619766
-0.2215108871459961 0.2816693186759949 0.11288158595561981
-0.22196625173091888 0.08454853296279907 -0.1654754877090454
0.03599667549133301 0.34584054350852966 0.1311342418193817
-0.015187947079539299 0.22430537641048431 0.08760962635278702
0.17902213335037231 0.1192183867096901 0.05579719692468643
0.06429252028465271 0.1761966049671173 0.10462683439254761
-0.2598731219768524 0.18056821823120117 0.07109091430902481
0.012825237587094307 0.21985861659049988 0.1055225357413292
-0.053791344165802 -0.09206107258796692 0.12353499233722687
0.02984006330370903 0.2118108868598938 0.11356129497289658
-0.0249351654201746 -0.16795401275157928 -0.02493438683450222
-0.09913824498653412 -0.026518650352954865 0.1230149194598198
0.13404130935668945 0.07012711465358734 0.05339108034968376
-0.18009233474731445 -0.27203378081321716 0.1272968202829361
-0.04045381769537926 0.14647920429706573 0.10337188839912415
-0.031476955860853195 -0.05496351420879364 0.1348031461238861
0.17569409310817719 0.20668289065361023 0.11016850918531418
0.023394910618662834 0.2816702425479889 0.10930919647216797
-0.017057126387953758 0.2139327973127365 0.08567842841148376
0.0694960504770279 0.20932172238826752 0.0462302565574646
-0.1395321488380432 -0.0038123400881886482 -0.19781246781349182
-0.13054673373699188 -0.21298734843730927 0.0848378911614418
-0.10496462136507034 -0.06915854662656784 0.09404801577329636
0.0362275093793869 0.18721602857112885 0.09484286606311798
-0.02522515505552292 0.11706121265888214 0.10467801243066788
-0.13687752187252045 0.15607590973377228 0.10781776905059814
-0.08579739928245544 0.10666763037443161 0.11570475250482559
0.21359995007514954 0.1606397181749344 0.10624072700738907
-0.1146145910024643 -0.06859999895095825 0.11721468716859818
0.15408234298229218 0.12239806354045868 0.10367415845394135
-0.05167987197637558 0.17983654141426086 0.11177299916744232
-0.21625833213329315 0.06294966489076614 0.1999329775571823
-0.12166728079319 -0.17711880803108215 0.11510416120290756
-0.0635237768292427 0.19262178242206573 0.04398529976606369
-0.001338267931714654 0.24178144335746765 0.09683562070131302
-0.23227745294570923 0.21089588105678558 0.09640233963727951
0.18045946955680847 0.39304694533348083 0.17990568280220032
0.24998995661735535 0.19318678975105286 0.10920605808496475
0.09871402382850647 0.0730525329709053 -0.0319896899163723
-0.06761202216148376 -0.07597630470991135 -0.4558374583721161
0.06273454427719116 0.24013638496398926 0.0874539390206337
-0.2142002433538437 0.0374089777469635 0.10138341784477234
0.03571341931819916 0.20138023793697357 0.1094524934887886
-0.06938140839338303 0.19506274163722992 0.09148737043142319
-0.07312314212322235 -0.21797552704811096 0.10168694704771042
-0.04547973722219467 0.42389777302742004 0.1119961217045784
0.018141061067581177 0.26746711134910583 0.10408671945333481
-0.15685291588306427 -0.37390995025634766 0.2527967691421509
-0.03658275678753853 0.03392654284834862 0.09303512424230576
0.0935325101017952 0.25181934237480164 0.10829294472932816
-0.16453078389167786 0.06217535585165024 0.13241852819919586
-0.15129142999649048 0.02448246069252491 -0.1949784904718399
-0.03555399924516678 0.1397687941789627 0.11330044269561768
0.11726313084363937 0.1751348078250885 0.10780394077301025
0.1282503753900528 -0.3423364758491516 -0.22903375327587128
-0.37769240140914917 -0.20352232456207275 -0.0629134252667427
-0.04810936376452446 -0.22624658048152924 0.11493536829948425
-0.019612561911344528 0.29556214809417725 0.0985601469874382
-0.10351146012544632 0.32518211007118225 0.10449398308992386
-0.07408789545297623 0.21191436052322388 0.09788914024829865
-0.02267511375248432 0.09172913432121277 0.01226760819554329
-0.06210196763277054 -0.06876563280820847 -0.11119568347930908
0.07348839938640594 0.18121227622032166 0.09782787412405014
-0.05823157727718353 0.14787524938583374 0.11154213547706604
-0.14641402661800385 0.15860499441623688 0.10125304758548737
-0.03245430439710617 0.21277295053005219 0.10554736852645874
0.008318664506077766 0.09019844233989716 0.12187733501195908
-0.19857123494148254 0.19894026219844818 0.10595683753490448
0.21937152743339539 -0.08152349293231964 0.10436159372329712
-0.1850844770669937 -0.1612580418586731 0.12535898387432098
-0.009837890043854713 -0.09089305996894836 0.016416629776358604
0.017123904079198837 0.035240400582551956 -0.026675555855035782
-0.1299651712179184 0.17842695116996765 0.11117320507764816
-0.03563385829329491 -0.2701956331729889 0.09826019406318665
-0.2046636939048767 -0.26436424255371094 0.06842335313558578
0.08472832292318344 0.17215096950531006 0.10152096301317215
0.07345180958509445 0.19404280185699463 0.11237340420484543
0.012804238125681877 0.23422904312610626 0.10503662377595901
0.23897533118724823 0.190983846783638 0.10570809990167618
0.0465179979801178 0.20723384618759155 0.10216285288333893
-0.24300117790699005 0.0948428064584732 0.11354631185531616
0.02124009281396866 0.01947895996272564 0.12636055052280426
-0.1627461463212967 0.008673977106809616 0.04608152061700821
-0.2194049060344696 0.005051790736615658 0.0702611431479454
0.02621879056096077 -0.44027063250541687 0.010705571621656418
0.0044436343014240265 0.10888627171516418 0.12048943340778351
-0.2645505368709564 0.06287071108818054 0.11833428591489792
-0.19204923510551453 -0.0536608025431633 0.10431592911481857
0.007236585486680269 0.2116374373435974 0.11200196295976639
0.00546092027798295 0.21025091409683228 0.10875635594129562
-0.09775429964065552 0.2129838764667511 0.11103802174329758
0.12827067077159882 0.2983970046043396 0.11987756937742233
-0.2231510579586029 -0.002402846934273839 -0.0039120931178331375
-0.10844322293996811 -0.12298563122749329 0.11792357265949249
-0.21562163531780243 0.11443910747766495 0.08236812800168991
0.02980361506342888 0.1673288643360138 0.11309557408094406
-0.06528720259666443 0.08815515786409378 0.11553584784269333
-0.2414998561143875 0.11336573958396912 0.09065774083137512
-0.15965427458286285 -0.25416064262390137 0.08515021204948425
-0.1551520973443985 0.21664531528949738 0.10935955494642258
-0.08587591350078583 0.2378077507019043 0.21432939171791077
-0.10409559309482574 0.12933985888957977 0.10157305747270584
-0.11644081771373749 -0.1632106751203537 0.14005225896835327
0.22462230920791626 -0.2925478219985962 0.08012353628873825
-0.012641886249184608 0.21769477427005768 0.10509783029556274
0.11187870055437088 0.21326981484889984 0.11404231935739517
-0.24460987746715546 -0.47965207695961 0.05714065209031105
0.01866941712796688 0.024774856865406036 0.03838193044066429
-0.23027120530605316 0.1921311467885971 0.10820826888084412
-0.08951148390769958 -0.18207672238349915 0.11396250128746033
-0.04222170263528824 0.10535607486963272 -0.10340367257595062
-0.012851456180214882 0.06235076114535332 -0.0969628393650055
-0.007921973243355751 0.09751247614622116 -0.07221555709838867
0.17260989546775818 -0.07364393770694733 0.10408402234315872
-0.04130025580525398 0.237591952085495 0.10234463959932327
-0.1251348853111267 0.22946256399154663 0.1051296591758728
-0.1561887264251709 -0.009446630254387856 0.12228360772132874
-0.059561338275671005 0.1276407688856125 0.10496138036251068
0.05367035046219826 0.20228725671768188 0.06979785859584808
0.09128095209598541 0.24187986552715302 0.11986369639635086
0.0906808152794838 0.2923945188522339 0.11576753854751587
0.09147030115127563 0.1270793378353119 0.08283644914627075
-0.1319337636232376 0.034137699753046036 0.123221755027771
0.08437973260879517 0.005209814291447401 0.008671949617564678
0.23841379582881927 0.10354503244161606 0.091282419860363
-0.034953728318214417 0.11269944906234741 -0.08063814789056778
-0.03489014133810997 0.23788529634475708 0.10733240842819214
-0.0632113590836525 0.07984071969985962 -0.07353898137807846
0.020177524536848068 0.35301050543785095 0.13198807835578918
-0.16866876184940338 -0.20771312713623047 -0.10616526007652283
-0.04237201064825058 0.40341705083847046 0.11761653423309326
0.0214020237326622 0.3279617726802826 0.11274754256010056
-0.22240084409713745 -0.005507319234311581 0.030111612752079964
0.08102332055568695 0.26934173703193665 0.12107145041227341
0.0005746691022068262 0.19657596945762634 0.10110995173454285
-0.14942413568496704 -0.10881724208593369 0.10281749069690704
-0.02430270053446293 0.15962232649326324 0.1077655628323555
0.20359203219413757 0.12467063218355179 0.10121742635965347
0.19374671578407288 0.24517987668514252 0.11082353442907333
0.058066289871931076 -0.011610344052314758 0.09484140574932098
0.07281629741191864 -0.01905398815870285 0.11645376682281494
-0.023511968553066254 -0.0937291607260704 0.11646157503128052
0.05300312489271164 0.3067432641983032 0.11074492335319519
0.009096762165427208 0.24531784653663635 0.10868975520133972
-0.27270451188087463 -0.010065870359539986 0.009473714977502823
-0.1590498983860016 -0.003028291743248701 0.09152214229106903
0.011342950165271759 0.1831299066543579 0.09451431035995483
-0.33852139115333557 -0.2215258926153183 -0.10978040099143982
0.10254480689764023 -0.3270966112613678 0.06994779407978058
-0.17614497244358063 0.09008292853832245 -0.13815224170684814
-0.24367906153202057 -0.23369237780570984 0.06622405350208282
-0.27274224162101746 -0.043602317571640015 0.11315510421991348
-0.13388365507125854 0.08982823044061661 0.1034928485751152
-0.055498044937849045 0.0003873619716614485 0.11957192420959473
-0.09022985398769379 -0.028483672067523003 0.10303442925214767
0.12850089371204376 0.21723847091197968 0.12047331035137177
0.09857585281133652 0.20262658596038818 0.10054894536733627
-0.042764242738485336 0.02947395108640194 0.11391597986221313
0.015305500477552414 -0.010501043871045113 -0.09686587005853653
-0.019974006339907646 0.3930068612098694 0.12575851380825043
-0.15169963240623474 0.12269355356693268 0.11667771637439728
-0.12334423512220383 0.1399785876274109 0.10618545860052109
-0.24542675912380219 -0.2199452966451645 0.13569845259189606
0.07012657076120377 0.2616250813007355 0.11330587416887283
0.11039406806230545 0.1308203637599945 0.06994271278381348
-0.18005897104740143 0.184036523103714 0.09564636647701263
-0.04788927733898163 0.1023644283413887 0.11119149625301361
0.16583020985126495 0.155375674366951 0.09037914127111435
0.10924501717090607 0.06824763864278793 0.08640002459287643
-0.01031390018761158 0.20841512084007263 0.10833901166915894
-0.043345917016267776 0.30825909972190857 0.11235455423593521
0.07741553336381912 0.32243338227272034 0.11786571145057678
0.0021107462234795094 0.11712423712015152 0.11335715651512146
-0.20708432793617249 -0.13548830151557922 0.08959528058767319
-0.044832535088062286 0.028585391119122505 0.11832764744758606
0.007590991910547018 0.2759000360965729 0.1113181933760643
0.0132584348320961 0.37261947989463806 0.12048173695802689
-0.09758387506008148 0.31294795870780945 0.0779774859547615
-0.11077584326267242 0.13697953522205353 0.11325923353433609
0.12683691084384918 0.28431910276412964 0.10474301129579544
-0.15902495384216309 -0.021493978798389435 0.10770305246114731
-0.19746868312358856 -0.1574079394340515 0.11212962865829468
-0.10055538266897202 0.05965854227542877 0.11807260662317276
0.017374226823449135 0.23498670756816864 0.11313674598932266
-0.05860031396150589 0.01427181251347065 0.12027236819267273
0.13359245657920837 0.21968001127243042 0.1190929189324379
-0.032643962651491165 -0.2354278862476349 0.10759587585926056
0.0018331492319703102 -0.06041405722498894 0.1161130890250206
-0.12668666243553162 0.11274813860654831 0.11680195480585098
-0.06579867005348206 0.3484276831150055 0.11254698783159256
-0.04441600292921066 0.23636582493782043 0.10686125606298447
-0.08856341987848282 0.15607815980911255 0.11034978926181793
-0.18943250179290771 -0.28848543763160706 -0.0826704129576683
0.015875939279794693 0.09696789085865021 0.10117844492197037
0.008379224687814713 -0.2169036865234375 0.053690481930971146
-0.2119225114583969 0.07139277458190918 0.12016329914331436
-0.11863086372613907 0.0031486712396144867 0.11403419077396393
-0.012380024418234825 0.1893886923789978 0.060584913939237595
0.08032779395580292 0.19529606401920319 0.08490471541881561
-0.05523713305592537 0.2592780292034149 0.0999336689710617
0.023815158754587173 0.1868758201599121 0.09833317995071411
-0.16171923279762268 -0.34716594219207764 0.08328890800476074
0.07275250554084778 -0.018544835969805717 0.12304829061031342
0.20207369327545166 0.14039063453674316 0.07677267491817474
-0.18177655339241028 -0.015611877664923668 0.10198512673377991
-0.18932993710041046 0.006527082063257694 0.03802690654993057
-0.010683974251151085 0.1297275424003601 0.04873506724834442
0.06275944411754608 0.15975889563560486 0.10521049052476883
0.0003682704409584403 0.1675477921962738 0.1109403446316719
-0.05810024216771126 0.24125033617019653 0.0908469408750534
0.10886242240667343 0.18943139910697937 0.08905919641256332
-0.037332627922296524 0.2778887152671814 0.09775784611701965
-0.019364871084690094 0.09471084177494049 0.09079508483409882
0.024718794971704483 0.23030810058116913 0.10611894726753235
0.040112290531396866 0.22677677869796753 0.11039366573095322
0.11046237498521805 0.020946010947227478 -0.027739979326725006
0.23626002669334412 0.1233881413936615 0.09586352109909058
-0.01295570470392704 -0.14630797505378723 0.10252637416124344
0.027543526142835617 0.2511039078235626 0.10685063153505325
-0.1666410118341446 -0.2683107256889343 -0.21035371720790863
0.34951114654541016 0.20171307027339935 0.10015910118818283
-0.10568766295909882 -0.130440354347229 0.20982801914215088
0.03810257837176323 0.13221921026706696 0.07815299928188324
-0.02895800769329071 0.22251464426517487 0.10895322263240814
-0.033672548830509186 0.11235568672418594 0.11156914383172989
-0.10153242200613022 0.20628924667835236 0.13274624943733215
0.13658952713012695 0.18459470570087433 0.10991444438695908
-0.1893445998430252 -0.31521138548851013 -0.06212856248021126
0.039396096020936966 0.19037170708179474 0.09808968752622604
0.2369561642408371 0.17493019998073578 0.09835419058799744
-0.057875290513038635 -0.22429350018501282 0.11641351133584976
0.2221880406141281 0.11813418567180634 0.013125758618116379
0.010282430797815323 -0.33594733476638794 -0.037579137831926346
-0.05374809354543686 0.21688735485076904 0.10139026492834091
0.18963751196861267 -0.3228849470615387 0.04216066002845764
-0.0954168289899826 0.19346024096012115 0.10304535180330276
-0.004304282832890749 0.14093437790870667 0.10928613692522049
0.06180622801184654 0.23309603333473206 0.11192361265420914
0.0012563199270516634 0.06217753887176514 0.08049013465642929
-0.2262360155582428 -0.009267760440707207 0.1179909035563469
0.02465202473104 0.26711079478263855 0.10614871233701706
0.21014489233493805 0.12013335525989532 0.034367386251688004
-0.0150819793343544 0.042536381632089615 0.11357586085796356
-0.24521784484386444 -0.09320039302110672 0.11450284719467163
-0.12474294751882553 0.19965286552906036 0.11052469164133072
-0.07067062705755234 0.35928499698638916 0.08290133625268936
-0.2935136556625366 0.29941147565841675 0.09535408020019531
0.0437876358628273 0.1844533234834671 0.10734917223453522
-0.02373126707971096 0.23668822646141052 0.11245223879814148
-0.0028421380557119846 0.05492983013391495 0.11567439883947372
0.017708798870444298 0.3125763535499573 0.11512615531682968
0.044393397867679596 0.3477381765842438 0.12181584537029266
0.014828315004706383 0.10577090084552765 0.06434155255556107
-0.05131370201706886 0.24019944667816162 -0.003513853531330824
-0.08679613471031189 -0.13411056995391846 0.077425017952919
-0.144664466381073 -0.1209883838891983 0.11049903929233551
-0.10687383264303207 0.06439344584941864 0.1207151785492897
-0.19765295088291168 -0.3532232344150543 -0.17927546799182892
0.0523235946893692 0.19100944697856903 -0.03657102584838867
0.011394551023840904 0.3138620853424072 0.1120145246386528
-0.026389190927147865 0.17718762159347534 0.10448713600635529
-0.22625964879989624 -0.11655513942241669 0.119295135140419
-0.20640380680561066 0.156809464097023 0.11472329497337341
-0.0053152358159422874 0.06898625195026398 -0.08542688935995102
-0.17067885398864746 0.16551798582077026 0.1013566181063652
-0.08325406908988953 0.22081369161605835 0.10418684035539627
-0.12579445540905 0.3109632432460785 0.10323328524827957
-0.11875211447477341 0.04047707840800285 0.015389403328299522
0.05404559522867203 -0.1963655650615692 0.12835319340229034
-0.007919246330857277 -0.1401948481798172 0.10609544813632965
-0.09327346086502075 0.09407442808151245 0.11414841562509537
0.012770762667059898 0.2014440894126892 0.10785572975873947
0.016995267942547798 0.25838974118232727 0.1118176057934761
0.04924006387591362 0.10830073058605194 0.10890746116638184
0.04526636004447937 0.09870129823684692 0.11172763258218765
-0.16489940881729126 0.0033311783336102962 0.12327153235673904
0.26945480704307556 0.18735425174236298 0.04973073676228523
-0.006521821487694979 0.12458395212888718 0.07198252528905869
-0.2204136997461319 -0.24439477920532227 0.03640591725707054
-0.02107672207057476 0.031432509422302246 0.11838298290967941
-0.14089486002922058 0.2808089554309845 0.057293254882097244
-0.10775593668222427 0.2951414883136749 0.09604653716087341
-0.012123921886086464 0.2273343801498413 0.10372325032949448
0.07971034944057465 0.175778329372406 0.09956808388233185
0.06452006846666336 0.004018506035208702 0.09479430317878723
-0.08555608987808228 0.30799561738967896 0.1713821291923523
-0.10335686057806015 0.20932546257972717 0.09057112783193588
-0.1351110339164734 -0.04609478637576103 0.1158788725733757
-0.06299196928739548 0.18199343979358673 0.1165301501750946
-0.07531024515628815 -0.1973378211259842 0.10965961962938309
-0.09281082451343536 0.06553542613983154 0.11603587865829468
-0.013438055291771889 0.3823277950286865 0.11012426763772964
-0.008169354870915413 0.13437902927398682 0.10494989156723022
-0.06164735555648804 -0.2045203149318695 0.1158713549375534
-0.2542587220668793 0.08185864984989166 0.11682943999767303
0.5225786566734314 0.19067148864269257 0.0509553961455822
0.04382702708244324 0.01989114098250866 0.0809517651796341
0.09856846183538437 0.24581961333751678 0.11662561446428299
0.02121470496058464 0.18768204748630524 0.10384669899940491
-0.034996651113033295 0.2533703148365021 0.10869729518890381
0.08053295314311981 0.14564946293830872 0.03481360897421837
-0.1394517570734024 -0.044547200202941895 0.10700321942567825
0.03140057623386383 0.23225292563438416 0.10631264746189117
-0.15078650414943695 -0.11830638349056244 0.05917869508266449
-0.18851706385612488 0.06348726898431778 0.1283995509147644
0.11709442734718323 -0.14851082861423492 0.1112818494439125
-0.13665561378002167 -0.24835200607776642 -0.3592839241027832
0.08493576943874359 -0.2714465260505676 0.10662186145782471
0.03575950488448143 0.14274926483631134 0.0964001938700676
-0.07259317487478256 0.1661796122789383 0.055626578629016876
-0.006523280870169401 0.29555535316467285 0.10609259456396103
0.13519132137298584 0.2619940936565399 0.11488991975784302
-0.1030835509300232 0.21967393159866333 0.11925142258405685
0.03302286937832832 0.07235417515039444 0.060446321964263916
-0.05595361813902855 0.11902546137571335 0.1163717731833458
-0.18672949075698853 0.22622150182724 0.10573112219572067
0.20206548273563385 0.19832469522953033 0.10024716705083847
-0.06574525684118271 0.14319948852062225 0.09402008354663849
0.10369887948036194 0.1863669455051422 0.10493310540914536
-0.06379533559083939 -0.21625301241874695 0.1916632205247879
-0.08285529166460037 -0.12930217385292053 0.13240759074687958
0.06616620719432831 0.20130527019500732 0.07071469724178314
0.07653378695249557 -0.12586091458797455 0.12082125246524811
-0.02274313010275364 0.24457138776779175 0.10687825083732605
-0.17111772298812866 -0.2562062740325928 -0.5096277594566345
-0.12500718235969543 0.14803706109523773 0.11304163187742233
0.019494526088237762 0.2048434466123581 0.09364815801382065
-0.1045597717165947 0.22595585882663727 0.10386570543050766
0.03210925683379173 0.1771753579378128 0.11267299205064774
-0.027596991509199142 -0.1921774446964264 0.0979921743273735
-0.09870943427085876 0.08387938886880875 0.009865134954452515
0.019002195447683334 -0.2231590896844864 0.11154834926128387
-0.07010889798402786 0.0294952392578125 0.11322193592786789
-0.062586210668087 0.08935084939002991 0.1005607396364212
0.01242620125412941 0.28592705726623535 0.10833477228879929
-0.07899980247020721 0.27463650703430176 0.09434406459331512
0.0572906993329525 0.24828381836414337 0.1130005493760109
-0.02853681892156601 0.25819411873817444 0.10789339989423752
-0.007623470854014158 0.09533791989088058 0.0013110560830682516
-0.08562684059143066 0.07329461723566055 0.12261956185102463
0.05088698863983154 0.21612782776355743 0.10352020710706711
-0.27466246485710144 -0.12876415252685547 0.12289378046989441
-0.140998974442482 -0.06253204494714737 0.11516710370779037
-0.03227641433477402 0.23633036017417908 0.0769210085272789
-0.01922537386417389 0.25297829508781433 0.10617715865373611
0.14862337708473206 0.28110963106155396 0.10890574008226395
-0.1802041083574295 0.14887116849422455 0.10670215636491776
-0.007324911188334227 0.17734716832637787 0.1047251895070076
0.0999019593000412 0.10875384509563446 -0.21614186465740204
0.07108611613512039 -0.04795285314321518 0.10443136096000671
0.0012462800368666649 0.17382386326789856 0.08889414370059967
-0.20478342473506927 0.1931925117969513 0.09914802014827728
-0.15979215502738953 0.23021569848060608 0.11502537876367569
0.26045405864715576 0.05399775132536888 0.018830256536602974
-0.07774687558412552 0.09235172718763351 0.11151307076215744
-0.12880408763885498 0.15611612796783447 0.11120285838842392
0.02387137897312641 0.49451279640197754 0.1625702679157257
0.07582429051399231 0.2720199227333069 0.11759094893932343
-0.060833219438791275 0.21390356123447418 0.08759409189224243
-0.06837686151266098 0.17747862637043 0.11463871598243713
-0.009488150477409363 0.15791663527488708 0.09469261765480042
0.15759293735027313 -0.1917187124490738 -0.055996429175138474
0.23746690154075623 0.16216546297073364 0.10387879610061646
0.027167988941073418 0.18917034566402435 0.10571710765361786
0.11062631756067276 -0.17124994099140167 0.11713011562824249
-0.06962177902460098 0.12123101949691772 0.11549384891986847
-0.022512272000312805 0.16869108378887177 0.10666577517986298
-0.019843164831399918 0.17428579926490784 0.1125166118144989
0.08168407529592514 0.335979163646698 0.11422237753868103
-0.11014881730079651 0.21284733712673187 0.10574924945831299
0.0683508962392807 0.13804315030574799 -0.05009600520133972
0.02693694829940796 0.06982294470071793 0.09886746108531952
-0.1598358154296875 -0.15226924419403076 0.10859570652246475
0.22945186495780945 0.10228145122528076 0.09136951714754105
-0.09172406047582626 0.006649509537965059 0.11918573826551437
-0.05601999908685684 0.11474458873271942 0.11151706427335739
-0.1950893998146057 -0.05446552112698555 0.11822313070297241
-0.045486196875572205 0.09688853472471237 0.11598244309425354
0.1738286316394806 0.1274484544992447 0.08550729602575302
-0.12834128737449646 0.16723839938640594 0.10996942222118378
0.0952192172408104 0.19143913686275482 0.1080671027302742
-0.016416169703006744 0.22127601504325867 0.10079425573348999
0.03648003935813904 0.16385671496391296 0.1075105294585228
-0.003288169391453266 0.19300644099712372 0.10205309092998505
-0.08405931293964386 0.0961616262793541 -0.15026544034481049
-0.07847238332033157 0.04134998843073845 0.1125204935669899
-0.03198456019163132 0.2925243079662323 0.10645870864391327
-0.05559989809989929 0.15089941024780273 0.08057723194360733
-0.049063414335250854 0.1280546486377716 0.09513218700885773
0.1236160472035408 -0.10005264729261398 0.08207640796899796
-0.05741007998585701 0.16752316057682037 0.11692500859498978
0.0848304033279419 0.2009115070104599 0.10734757781028748
-0.16811910271644592 0.05437464639544487 0.11432825773954391
-0.13814596831798553 0.16865284740924835 0.10585552453994751
-0.06706465035676956 0.13030877709388733 0.05995837599039078
0.05495288968086243 0.069396011531353 -0.12329398840665817
-0.12013155221939087 -0.1551876962184906 0.0967613011598587
-0.20659232139587402 0.06392094492912292 0.10937807708978653
0.0012375430669635534 0.1377999633550644 0.11122183501720428
-0.18859907984733582 0.11203962564468384 0.11748841404914856
0.03730599582195282 0.199539914727211 0.10766946524381638
-0.027460141107439995 -0.20943807065486908 0.12796911597251892
-0.08626271784305573 0.19202755391597748 0.07885564863681793
-0.0713728591799736 0.06015174463391304 0.10095050185918808
-0.17740720510482788 -0.1366824209690094 0.11728156358003616
-0.1301395297050476 -0.10304974764585495 0.10417093336582184
-0.09784580767154694 0.16877679526805878 -0.028497818857431412
0.1554107666015625 0.130428284406662 0.08220962435007095
-0.029866065829992294 0.2806988060474396 0.10945459455251694
-0.08542522042989731 0.20634227991104126 0.11085598170757294
-0.1250445395708084 0.1451563686132431 0.11164761334657669
0.030711283907294273 0.10089200735092163 0.07083357125520706
-0.09285064786672592 0.061500631272792816 0.1130962148308754
-0.23924092948436737 0.22773697972297668 0.0548124723136425
0.20041055977344513 0.1025485247373581 0.021402966231107712
-0.09287820011377335 0.15150173008441925 0.0828576609492302
-0.17242348194122314 0.05538535490632057 -0.3697430491447449
0.34934747219085693 0.18659190833568573 0.08313661813735962
0.032510846853256226 0.16726459562778473 0.09889546781778336
-0.22689145803451538 0.0814686119556427 0.10977697372436523
-0.03844430670142174 0.18750180304050446 0.10912641137838364
0.049898434430360794 0.15019835531711578 0.07461418211460114
-0.10210100561380386 -0.14679060876369476 0.1330696940422058
-0.03610619157552719 0.1361420601606369 0.1052418053150177
0.2665337324142456 0.016748035326600075 0.09080614149570465
0.08352681994438171 0.180083766579628 0.10097791254520416
-0.03979063406586647 0.24369961023330688 0.10454991459846497
0.19919030368328094 -0.23952482640743256 0.10925134271383286
0.06047177314758301 0.11989826709032059 0.0947604849934578
0.1558559387922287 0.11834286153316498 0.055669836699962616
-0.11942362785339355 -0.15326613187789917 -0.02499127946794033
0.09049048274755478 0.07016335427761078 0.07772312313318253
-0.1635008007287979 0.141440749168396 0.09524594992399216
-0.23095516860485077 -0.24947094917297363 0.025696080178022385
0.1309753805398941 -0.0490136481821537 0.09866136312484741
-0.15066610276699066 0.09357061982154846 0.11767657846212387
-0.07840596139431 -0.2868485450744629 0.22514750063419342
0.004112906754016876 0.21023184061050415 0.10909432917833328
-0.17091937363147736 0.07003899663686752 0.13126353919506073
0.17736969888210297 -0.038541533052921295 0.0922786220908165
-0.0414007306098938 0.17853273451328278 0.10358041524887085
0.07016020268201828 0.17621691524982452 0.10005287826061249
0.10179536044597626 0.16929300129413605 0.1081259697675705
-0.13348791003227234 0.0650031715631485 0.11358979344367981
-0.09819050878286362 -0.07440456002950668 0.12163833528757095
-0.16652990877628326 -0.1725170910358429 -0.12737645208835602
-0.00011997239198535681 -0.13691850006580353 0.1246270015835762
0.07824927568435669 0.1350645273923874 0.10804619640111923
-0.268976628780365 0.007927903905510902 -0.1739705204963684
0.13919152319431305 0.2072170525789261 0.11345251649618149
-0.0949665755033493 0.21087045967578888 0.10305638611316681
0.03019758313894272 0.17436230182647705 0.07814040035009384
-0.07738543301820755 0.10128721594810486 0.09402214735746384
-0.021274633705615997 0.24342910945415497 0.0967235416173935
-0.15251976251602173 0.09778109937906265 0.1127050518989563
0.2507373094558716 0.16974851489067078 0.09452787041664124
0.05978182703256607 0.22728410363197327 0.07400140166282654
0.013467434793710709 0.15050427615642548 0.10805875808000565
-0.18907369673252106 0.16279110312461853 0.11699595302343369
0.13999438285827637 0.09122388809919357 0.09293867647647858
-0.030287951231002808 0.18262386322021484 0.1059558317065239
-0.11565866321325302 0.32795479893684387 0.10010883212089539
0.043828513473272324 0.3747790455818176 0.1222141683101654
-0.13286136090755463 0.16863277554512024 0.10688471794128418
0.02224806509912014 0.07677587866783142 0.11707499623298645
-0.07533895969390869 0.015216505154967308 0.12155906111001968
0.058650821447372437 0.07976695150136948 0.1079246997833252
0.03909571096301079 0.2033008486032486 0.11022933572530746
-0.06581930071115494 0.0543421134352684 0.05884960666298866
0.09241679310798645 0.183326855301857 0.11300793290138245
-0.025823598727583885 -0.18330399692058563 0.11596377938985825
-0.18388931453227997 0.08172552287578583 -0.08073776215314865
-0.1466679722070694 0.1745695173740387 0.05317359417676926
-0.00792715698480606 0.17517080903053284 0.11147214472293854
-0.05629924684762955 0.14419768750667572 0.11432726681232452
-0.26219800114631653 0.18582600355148315 0.10824918001890182
0.041441816836595535 0.21400755643844604 0.10180703550577164
-0.050236884504556656 0.2696171998977661 0.10637693107128143
0.06291861087083817 0.20672175288200378 0.11199838668107986
-0.021031813696026802 0.1990298330783844 0.10866673290729523
-0.070826455950737 0.2115451842546463 0.10916665941476822
-0.007754512596875429 0.31892287731170654 0.11663718521595001
-0.11700587719678879 -0.0003124364884570241 0.11780627071857452
-0.06691867858171463 0.1024569645524025 0.11793914437294006
-0.030758820474147797 0.10817684978246689 0.10763774067163467
0.07478446513414383 0.2390373945236206 0.09865941852331161
0.1429423689842224 0.07699861377477646 0.10345447063446045
-0.10490022599697113 0.070060133934021 0.10698860138654709
-0.05023275688290596 0.36962708830833435 0.15223698318004608
0.048223722726106644 0.22614125907421112 0.10778161883354187
-0.018432190641760826 0.18682605028152466 0.10640475898981094
-0.2151489555835724 0.0349406860768795 0.11747292429208755
-0.18821559846401215 0.016436904668807983 0.017196331173181534
-0.14595334231853485 0.11232031136751175 0.10595924407243729
-0.07217297703027725 0.08783582597970963 0.04621008038520813
-0.15201465785503387 0.10828043520450592 0.10841745138168335
-0.15530171990394592 -0.042033351957798004 0.08931274712085724
0.03500175476074219 -0.20711848139762878 0.13417406380176544
-0.025088902562856674 -0.026412278413772583 -0.0742395892739296
0.01673244871199131 0.38762569427490234 0.11923931539058685
0.11177431046962738 0.016346091404557228 0.08266697078943253
0.511860728263855 0.07905449718236923 0.06890765577554703
0.10174237191677094 0.10309465229511261 -0.004121305886656046
-0.24446500837802887 -0.28349563479423523 0.12566496431827545
-0.008280543610453606 0.30841264128685 0.10630255937576294
-0.05323360115289688 0.21163567900657654 0.09457792341709137
-0.16923999786376953 0.21632322669029236 0.13697756826877594
-0.06812822818756104 0.2939811646938324 0.10559067130088806
-0.013564810156822205 0.2149619311094284 0.09526035189628601
0.20940425992012024 0.2177707701921463 0.11187627911567688
-0.09762914478778839 0.12821675837039948 0.11644342541694641
-0.16857080161571503 -0.04202606901526451 0.12167336046695709
0.11114559322595596 -0.15357299149036407 0.11493804305791855
0.12344155460596085 0.27148815989494324 0.11765103042125702
0.0203404538333416 -0.056065987795591354 0.11155683547258377
-0.00620176550000906 0.2690809667110443 0.10998634248971939
-0.12834565341472626 -0.2823372781276703 0.022750232368707657
0.07776784896850586 0.1921386867761612 0.11331364512443542
-0.17790335416793823 -0.10764109343290329 0.11476054787635803
-0.2493414580821991 -0.18505100905895233 0.11158512532711029
-0.16338510811328888 -0.2561088502407074 -0.018321581184864044
-0.23719120025634766 0.18650074303150177 0.061545245349407196
-0.05348951742053032 0.28560808300971985 0.09254727512598038
-0.06931114196777344 0.2878149151802063 0.10346981883049011
-0.020710302516818047 0.2114959955215454 0.11165919154882431
-0.05917336419224739 0.07141079753637314 0.10665187984704971
-0.06684721261262894 0.26630035042762756 0.10606543719768524
0.18911372125148773 0.10632183402776718 -0.014715390279889107
-0.042831260710954666 0.20542111992835999 -0.13111239671707153
0.053587667644023895 0.08806116878986359 -0.3433253765106201
0.6461552381515503 -0.21503832936286926 -0.11944374442100525
0.06748385727405548 0.1526685655117035 0.10389766097068787
0.01038219965994358 0.16782842576503754 0.10880310833454132
-0.0979924276471138 -0.18350817263126373 0.1570098102092743
0.014963943511247635 0.23136894404888153 0.09300459921360016
-0.1843855082988739 -0.2639600336551666 0.11985304951667786
-0.19241711497306824 -0.013103051111102104 0.10503584146499634
-0.1135069876909256 -0.18001388013362885 0.04701503738760948
0.17222821712493896 0.08905495703220367 0.09170907735824585
-0.16702066361904144 0.2021782249212265 0.1135934442281723
0.03837939724326134 -0.11403436213731766 0.12266526371240616
-0.22488164901733398 -0.0652415081858635 0.09306056052446365
0.044346071779727936 -0.03208020329475403 0.09278826415538788
-0.041978802531957626 0.1442841738462448 0.1103634238243103
0.028742806985974312 0.303080677986145 0.11585363000631332
0.08097711950540543 0.17414994537830353 0.11051653325557709
-0.13144907355308533 -0.06823847442865372 0.09770288318395615
-0.1722630113363266 0.031825412064790726 0.09507094323635101
0.147141695022583 0.0805363580584526 0.08841121941804886
0.037721384316682816 0.2559727430343628 0.09996306896209717
-0.03739926591515541 0.24804675579071045 0.09984871000051498
0.18657666444778442 0.17671792209148407 0.12615682184696198
0.17136816680431366 -0.0037281373515725136 0.10986124724149704
0.20784953236579895 0.00014522147830575705 0.0708182156085968
0.016774127259850502 0.25149405002593994 0.10944081097841263
-0.21794652938842773 0.06359215825796127 0.08602813631296158
0.00046096148435026407 0.10874148458242416 0.1016061007976532
0.004107481800019741 0.22294455766677856 0.11216805875301361
0.15892182290554047 0.26842138171195984 0.12125935405492783
-0.06507717072963715 0.28441208600997925 0.10212700814008713
-0.044928863644599915 0.239366814494133 0.10615689307451248
0.014005143195390701 0.18076209723949432 0.09847523272037506
0.1283879280090332 -0.31590908765792847 -0.012803904712200165
0.0741882249712944 0.153066948056221 0.09778528660535812
0.03111919015645981 0.04165307432413101 0.11469201743602753
-0.2742617726325989 0.18098178505897522 0.10057468712329865
-0.027197085320949554 0.20633523166179657 0.10949616134166718
-0.13601528108119965 0.05798380449414253 0.11517422646284103
-0.27733075618743896 -0.008851561695337296 -0.4334469437599182
0.06812300533056259 -0.286994993686676 -0.018245983868837357
0.08544798940420151 0.30188170075416565 0.12119489163160324
0.0028766123577952385 0.3265998661518097 0.11900562793016434
0.036502525210380554 0.23934584856033325 0.11304803937673569
-0.07796871662139893 0.2696029543876648 0.10732585936784744
-0.10231973230838776 0.1717306673526764 0.11251818388700485
0.12605157494544983 0.19898320734500885 0.11204741150140762
-0.037567514926195145 0.1796330064535141 0.08373379707336426
-0.15687356889247894 0.023170936852693558 0.11299646645784378
0.29677897691726685 -0.13193173706531525 -0.009561751037836075
-0.08290592581033707 0.02469376102089882 0.12121016532182693
-0.10095193982124329 0.10744359344244003 0.07728585600852966
0.01696012355387211 0.15983249247074127 0.09325326234102249
0.06574757397174835 -0.09934257715940475 0.1255965679883957
-0.02454793080687523 0.1528436243534088 0.11890789121389389
-0.2069883495569229 -0.29424482583999634 0.07914474606513977
0.00016857788432389498 -0.0457838773727417 0.1232110932469368
0.07687360793352127 0.17631497979164124 0.09571422636508942
-0.024139657616615295 0.20728611946105957 0.08909206837415695
0.14286018908023834 0.083833247423172 -0.00895938090980053
0.015843195840716362 0.16295944154262543 0.09550167620182037
0.1223711147904396 0.10659599304199219 0.10663683712482452
-0.10996228456497192 0.10773397982120514 0.1291063278913498
-0.07441055774688721 0.21778099238872528 0.11004694551229477
0.1062924787402153 0.23273919522762299 0.10737073421478271
-0.11127032339572906 -0.19552932679653168 0.09796582907438278
-0.10461302846670151 0.1376093029975891 0.09893587976694107
0.2029891014099121 0.27157795429229736 0.1111724004149437
-0.07897447049617767 0.2688828706741333 0.09734702855348587
-0.05137011036276817 0.23231269419193268 0.10593155026435852
0.051453907042741776 0.1937297284603119 0.09613320231437683
0.18348821997642517 0.04967285692691803 0.015889901667833328
-0.24468709528446198 -0.026022518053650856 -0.4517325162887573
0.07789861410856247 0.2145220786333084 0.10995382815599442
0.10431082546710968 -0.31655916571617126 0.09260939806699753
-0.0105259008705616 0.15748564898967743 0.11174469441175461
-0.13173608481884003 0.1417297124862671 0.07191261649131775
0.09069126099348068 -0.12327529489994049 0.08962862193584442
-0.1493491679430008 0.29956579208374023 0.09814024716615677
-0.24542437493801117 0.21632790565490723 0.10338681936264038
-0.040731314569711685 -0.07538820058107376 0.11762963235378265
-0.04059465229511261 0.36671182513237 0.21749474108219147
-0.05400915816426277 0.1355409324169159 0.10616127401590347
-0.057769451290369034 -0.26414594054222107 -0.08404144644737244
-0.005626951809972525 0.19120441377162933 0.09542176127433777
0.02551421895623207 0.25056976079940796 0.1083834245800972
-0.10454220324754715 -0.3096088767051697 0.06390314549207687
-0.03471963107585907 0.3348270654678345 0.10540895909070969
-0.09777407348155975 -0.06639596819877625 0.11793128401041031
0.05346490815281868 0.25959378480911255 0.11135207116603851
-0.20361272990703583 0.20934075117111206 0.10465000569820404
-0.14898009598255157 0.04720919206738472 0.09988538175821304
-0.20393818616867065 0.4471223056316376 0.04426240175962448
0.08726264536380768 0.10011004656553268 0.09754770994186401
0.13357172906398773 0.2955683171749115 0.11728652566671371
-0.11896346509456635 0.06822098791599274 0.12397094070911407
-0.023849135264754295 0.2869972884654999 0.10690410435199738
0.014743149280548096 0.1669761836528778 0.11054127663373947
0.04188098385930061 0.3026820421218872 0.10669879615306854
-0.015843650326132774 0.1980740875005722 0.11040426790714264
-0.2918510437011719 0.365667462348938 0.13447603583335876
-0.12241566926240921 0.1283697485923767 0.0988762155175209
-0.21974381804466248 -0.23234720528125763 0.07440979778766632
-0.1085466742515564 0.03817145153880119 0.10575730353593826
-0.09255459904670715 0.09775764495134354 0.11470603942871094
-0.16153046488761902 0.005931604187935591 0.11998539417982101
-0.2841067314147949 -0.22531284391880035 -0.258240669965744
0.02232908084988594 0.22511005401611328 0.10912086814641953
-0.010125242173671722 0.13415169715881348 0.11562759429216385
-0.087330661714077 0.077165886759758 0.120379738509655
-0.013615276664495468 0.03778186812996864 -0.05625370144844055
0.015075962990522385 0.4463283121585846 0.1331918090581894
-0.21109531819820404 0.028994090855121613 0.11190542578697205
0.17471373081207275 0.06263254582881927 -0.0846564844250679
-0.1708940714597702 -0.046647459268569946 -0.005779974162578583
0.19704246520996094 0.10866221785545349 0.10764623433351517
0.2295132428407669 0.09726011753082275 -0.045280326157808304
-0.12734214961528778 0.12417934834957123 0.0905098095536232
0.3120804727077484 -0.13907702267169952 0.007638722658157349
0.013338122516870499 0.29692384600639343 0.10691523551940918
0.03273148834705353 0.09213083982467651 0.10982606559991837
-0.22219634056091309 -0.08260302990674973 0.1259196698665619
-0.0907096117734909 0.2837775647640228 0.09579222649335861
0.07372833043336868 0.2881096601486206 0.10858464986085892
0.02967768721282482 0.19460003077983856 0.11425326764583588
-0.07289265096187592 0.20726679265499115 0.1006818637251854
-0.010079272091388702 0.2419409602880478 0.11074790358543396
-0.0920112282037735 -0.011587973684072495 0.12018322199583054
-0.030646778643131256 0.17094962298870087 0.10691206902265549
-0.08464190363883972 -0.13751119375228882 0.118916817009449
-0.0406247153878212 0.09221300482749939 0.045764319598674774
0.2458120733499527 -0.14940854907035828 -0.02007271908223629
-0.023638173937797546 0.1507536619901657 0.10910500586032867
-0.22399137914180756 0.17308638989925385 0.10679303109645844
0.029174482449889183 0.20136111974716187 0.11169016361236572
0.034255947917699814 0.22873196005821228 0.10733538866043091
-0.18138006329536438 -0.1217489242553711 0.11722809076309204
-0.043354254215955734 0.09093178808689117 -0.2576935887336731
-0.15780223906040192 0.5311256647109985 0.4245826005935669
-0.15587346255779266 -0.3687050938606262 -0.0707935318350792
0.08994565904140472 0.11461707204580307 0.10308841615915298
0.27677294611930847 0.14619041979312897 0.07952762395143509
-0.019679784774780273 0.10982462763786316 0.10906966775655746
0.3716685175895691 0.06060311198234558 0.04606596380472183
-0.1006106436252594 0.2134130895137787 0.08225881308317184
0.03615702688694 0.16351249814033508 0.10496155917644501
0.08516795188188553 0.26757755875587463 0.11904308944940567
-0.037043966352939606 0.2416120022535324 0.11485932767391205
0.06120314449071884 0.1077873706817627 0.0993824228644371
0.049167316406965256 0.22006630897521973 0.11357779055833817
0.10238014906644821 0.2290046364068985 0.11109814792871475
-0.13000699877738953 0.1862591654062271 0.08607282489538193
-0.06042098626494408 0.2974478006362915 0.11463574320077896
-0.11494040489196777 0.14775852859020233 0.11193748563528061
-0.0008577762637287378 0.4317306876182556 0.11813487112522125
-0.07498566061258316 0.07202763110399246 -0.03505738824605942
-0.05627436563372612 0.24960273504257202 0.10056857764720917
-0.005000146571546793 0.2636323571205139 0.11315394192934036
0.26150262355804443 0.14566056430339813 -0.02222399413585663
-0.09195169806480408 0.4123271405696869 0.07745061069726944
0.04303160309791565 0.13157792389392853 0.10910160094499588
-0.19122308492660522 -0.12409494072198868 0.08322034031152725
-0.05642659589648247 -0.07852963358163834 0.11834877729415894
-0.042765192687511444 0.13641785085201263 0.11390462517738342
-0.01717008650302887 0.1506355106830597 -0.008637644350528717
-0.2775460481643677 -0.04900338128209114 -0.10418220609426498
-0.12267220765352249 0.009432531893253326 0.11607872694730759
-0.020257260650396347 0.16730934381484985 0.04710850864648819
-0.16469211876392365 0.2911105155944824 0.10626880824565887
-0.14019176363945007 -0.016001924872398376 0.12392722070217133
0.0038277131970971823 0.2442496120929718 0.11134061217308044
-0.10390916466712952 -0.038826584815979004 0.12265429645776749
-0.1313454806804657 -0.026403628289699554 0.002081897109746933
-0.010892583057284355 0.17420679330825806 0.09302131086587906
0.02941284328699112 0.2780500054359436 0.11365214735269547
-0.3416092097759247 -0.15576885640621185 -0.09494206309318542
-0.26406726241111755 -0.2210099697113037 0.07620647549629211
-0.09091716259717941 0.28072410821914673 0.09433088451623917
-0.006229034624993801 0.13913527131080627 0.0331699512898922
-0.1728719025850296 0.11148691922426224 0.11635105311870575
-0.10220552235841751 0.14831359684467316 0.10314904153347015
-0.060631223022937775 0.2636807858943939 0.11877758055925369
0.09020302444696426 0.11216423660516739 0.10728471726179123
-0.33048194646835327 0.07191435247659683 0.17084406316280365
-0.18879544734954834 -0.2605893313884735 0.09228116273880005
-0.08893178403377533 -0.06876149773597717 0.11551965773105621
0.012624582275748253 0.11538873612880707 0.11537632346153259
0.007066477555781603 0.2658758759498596 0.11298343539237976
-0.2057695984840393 -0.3971574902534485 0.055626362562179565
0.05252905189990997 0.06641482561826706 -0.008175158873200417
0.11846312880516052 0.23511254787445068 0.11221488565206528
-0.12232307344675064 -0.2941356897354126 0.0018656494794413447
-0.084123894572258 0.2271360158920288 0.12428741157054901
-0.05197642371058464 0.22968433797359467 0.10478893667459488
0.03775862231850624 0.3290010094642639 0.11655077338218689
-0.2491873800754547 0.11548241227865219 0.11595458537340164
-0.06696832180023193 0.4909232556819916 0.12332849204540253
0.08493953943252563 0.12170713394880295 0.008682816289365292
-0.18005523085594177 -0.23056645691394806 0.10932861268520355
-0.13771864771842957 -0.060094721615314484 0.09548000991344452
-0.08397320657968521 -0.043645527213811874 0.13341723382472992
-0.0019419088494032621 0.23765860497951508 0.10801217705011368
-0.15981444716453552 -0.07803411036729813 0.11630497872829437
-0.10588663816452026 -0.014900796115398407 0.12219598144292831
0.07369786500930786 -0.006055556237697601 -0.08318355679512024
-0.10122209042310715 0.07979445159435272 0.1151682436466217
-0.2043057084083557 -0.06585679948329926 0.1130572184920311
-0.11796073615550995 0.052586447447538376 0.08114682137966156
-0.10921119898557663 0.06916024535894394 0.10591962188482285
-0.12572041153907776 0.12831935286521912 0.11796540766954422
-0.02394813671708107 0.1506132036447525 0.1101713478565216
0.06844893097877502 0.17232245206832886 0.1026434525847435
-0.04918952286243439 0.19492633640766144 0.05061931908130646
0.18378129601478577 -0.3008843958377838 0.023248938843607903
0.01623154804110527 0.22058595716953278 0.0843399167060852
0.22997735440731049 0.016197310760617256 -0.21445879340171814
-0.040142182260751724 0.12245886772871017 0.06243633106350899
-0.021572066470980644 0.22221623361110687 0.09606289118528366
-0.17028343677520752 -0.14829033613204956 0.061483580619096756
0.05158279463648796 0.22746507823467255 0.10372723639011383
0.10373789817094803 0.15768302977085114 0.0874236524105072
0.03056357428431511 0.0969153493642807 -0.06121242418885231
-0.0030489498749375343 -0.20659232139587402 0.10691777616739273
0.13874703645706177 0.1694077104330063 0.10428504645824432
-0.010706566274166107 0.23103711009025574 0.10624516010284424
-0.1156407818198204 0.15824395418167114 0.1052902415394783
0.1145484521985054 0.12730692327022552 0.10671091079711914
-0.030193965882062912 0.22668617963790894 0.11010042577981949
0.08288063853979111 -0.03821142762899399 0.08354176580905914
-0.04391099140048027 0.09242824465036392 -0.06943503767251968
-0.15759579837322235 0.16020920872688293 0.11141696572303772
0.040964510291814804 0.21448753774166107 0.11435924470424652
0.23675471544265747 0.026851236820220947 -0.15689851343631744
-0.014605829492211342 0.18982185423374176 0.11066542565822601
-0.13449980318546295 0.0313505120575428 0.11555108428001404
-0.08552075922489166 0.3213641047477722 0.10730892419815063
-0.3575625419616699 0.05069693177938461 0.12603816390037537
0.07247653603553772 0.21647708117961884 0.1043606773018837
0.006060285028070211 0.07175035029649734 0.10878080129623413
-0.13716067373752594 -0.1638403683900833 0.1185619905591011
-0.040354710072278976 0.07925708591938019 0.06967919319868088
-0.025931954383850098 0.33172866702079773 0.1076902449131012
-0.10569757223129272 0.21181756258010864 0.10405594110488892
-0.188014417886734 0.0520084984600544 0.11143355071544647
-0.12166854739189148 -0.2956572473049164 0.15336914360523224
-0.02405320294201374 0.058795612305402756 0.11415943503379822
-0.07807589322328568 0.27120456099510193 0.09353936463594437
-0.06009721755981445 0.12505310773849487 0.11593753844499588
-0.1854647994041443 -0.08003165572881699 0.11976628750562668
-0.07692684233188629 0.27663925290107727 0.10568305104970932
-0.029159724712371826 0.07404429465532303 0.11395836621522903
0.08057381957769394 -0.18332932889461517 0.03738562390208244
-0.011009285226464272 0.3426370322704315 0.10425303876399994
-0.09841152280569077 -0.2847508490085602 -0.03264649957418442
-0.22295774519443512 -0.24521185457706451 -0.1547672152519226
0.05989588424563408 -0.30515792965888977 0.03961080312728882
-0.19091980159282684 0.08457528054714203 0.1014910414814949
-0.015642136335372925 0.1907750815153122 0.04920616000890732
0.17118799686431885 0.018481705337762833 0.10171884298324585
0.03175603598356247 0.18842913210391998 0.1100497841835022
0.13606831431388855 0.20032408833503723 0.09763270616531372
0.0841006338596344 0.23753388226032257 0.11320033669471741
-0.0818851888179779 -0.02127261832356453 0.12021135538816452
-0.12923023104667664 -0.19673119485378265 0.11405323445796967
-0.17157867550849915 0.09977623075246811 0.11013975739479065
-0.08647222071886063 0.2981433868408203 0.10018590092658997
-0.13884380459785461 0.018543779850006104 0.12397655844688416
-0.16334570944309235 -0.06904834508895874 0.11110655963420868
0.10172873735427856 0.15267835557460785 0.09005357325077057
-0.14323113858699799 0.0891549214720726 0.10595593601465225
-0.020023183897137642 0.16418254375457764 0.10994776338338852
0.23312516510486603 0.17202293872833252 0.09750565141439438
-0.07070260494947433 0.15361735224723816 0.11600236594676971
0.006703793536871672 0.07236134260892868 0.04620876908302307
0.14813391864299774 0.13190612196922302 0.09176798164844513
-0.24172022938728333 -0.12757836282253265 0.12794175744056702
0.15050753951072693 -0.04185698181390762 0.0676770880818367
-0.17698924243450165 0.08883239328861237 0.11303053051233292
-0.10316701978445053 0.046734295785427094 -0.11578395962715149
-0.11713872849941254 0.15946994721889496 0.10549984127283096
-0.14722472429275513 0.17397907376289368 -0.08867743611335754
-0.07986165583133698 0.21145941317081451 0.11327297240495682
-0.2505396902561188 0.13347704708576202 0.09803017973899841
0.03943276032805443 0.02732681669294834 0.11417284607887268
-0.059708163142204285 0.19533759355545044 0.061303745955228806
0.021022610366344452 0.2563943564891815 0.10850454866886139
-0.04982423782348633 0.3930891752243042 0.16341207921504974
-0.0001690706703811884 0.2966257631778717 0.11516822874546051
0.12221496552228928 0.23289665579795837 0.11334463208913803
0.010247381404042244 0.26430684328079224 0.11003712564706802
-0.15465182065963745 -0.04068530723452568 0.1227751299738884
0.1884099692106247 0.18740598857402802 0.09921205043792725
-0.036209963262081146 0.13269244134426117 0.10322719067335129
-0.04162135720252991 0.03079671412706375 0.11131448298692703
0.02610822021961212 0.3212920129299164 0.10996262729167938
0.012885196134448051 0.28751450777053833 0.1103149801492691
0.045629728585481644 0.34652671217918396 0.10756562650203705
0.0026369746774435043 0.042796336114406586 0.11790551245212555
-0.18414627015590668 -0.06977316737174988 0.10855651646852493
-0.10671624541282654 0.046400826424360275 0.120858334004879
0.03699836507439613 0.17940008640289307 0.10907173156738281
-0.12710532546043396 0.04993459954857826 0.1229027733206749
-0.13279461860656738 -0.14564631879329681 0.11175547540187836
-0.017536984756588936 0.2128104418516159 0.106434665620327
-0.005822686944156885 0.22784391045570374 0.10761582106351852
-0.19264861941337585 0.11835422366857529 0.07711854577064514
0.0028970856219530106 0.07149679213762283 0.11620112508535385
-0.015942303463816643 0.059135593473911285 0.11560505628585815
-0.04930182546377182 0.16198496520519257 0.12290307879447937
-0.10330398380756378 -0.21629180014133453 0.09564683586359024
0.04925192520022392 0.22462105751037598 0.11298700422048569
-0.14354689419269562 0.23995281755924225 0.01333426684141159
0.08073229342699051 0.16230548918247223 0.09644172340631485
-0.13926897943019867 0.12599718570709229 0.06708268821239471
-0.06513267010450363 0.09291360527276993 0.0773882195353508
0.04425802081823349 0.16674695909023285 0.09827546030282974
-0.018117152154445648 -0.14559628069400787 0.10766129195690155
0.059056855738162994 0.24585847556591034 0.10554970800876617
-0.11121266335248947 -0.10967247188091278 0.11957643181085587
-0.16023270785808563 0.19090165197849274 0.1037645936012268
0.03840254619717598 0.14107072353363037 -0.06384610384702682
0.1750887632369995 -0.24299649894237518 0.09003189206123352
-0.12096520513296127 0.13004089891910553 0.11596344411373138
-0.1856311708688736 -0.029420558363199234 0.12197612226009369
0.021297674626111984 0.26726213097572327 0.11576466262340546
0.025261664763092995 -0.17073336243629456 0.022566549479961395
0.0008297142339870334 0.22381927073001862 0.11072441935539246
-0.004561331123113632 0.2666393220424652 0.09832978248596191
-0.14543116092681885 0.22264152765274048 0.08247633278369904
-0.176706463098526 -0.15582150220870972 0.11337882280349731
-0.09122427552938461 0.11911395937204361 0.11224931478500366
-0.2139412760734558 0.20690815150737762 0.0748521015048027
0.08301810175180435 0.14984534680843353 0.08062252402305603
0.12791000306606293 0.12142308801412582 0.06228158622980118
-0.010455692186951637 0.20283937454223633 0.10991569608449936
-0.11980319768190384 0.13123802840709686 0.10595598071813583
-0.0326458215713501 -0.29557913541793823 -0.160467267036438
0.010501671582460403 0.21897877752780914 0.10826786607503891
-0.16549156606197357 0.37881651520729065 0.09782181680202484
-0.2529262602329254 -0.1585693359375 0.12654218077659607
0.17142735421657562 -0.07523160427808762 0.11144110560417175
-0.02476542815566063 0.15495769679546356 0.10798552632331848
0.10527676343917847 0.2049195021390915 0.1120939701795578
0.04845515638589859 0.19322003424167633 0.11145669966936111
0.30295655131340027 0.12882059812545776 0.09230466187000275
-0.019855257123708725 0.17798112332820892 0.11525246500968933
-0.07312492281198502 0.19366097450256348 0.046643007546663284
-0.04136784002184868 0.229299858212471 0.10651630163192749
-0.210389643907547 0.055243633687496185 -0.005701490677893162
-0.19113117456436157 -0.10766828805208206 0.07933123409748077
-0.21597175300121307 0.14462465047836304 0.10368704050779343
-0.11774050444364548 -0.19420884549617767 0.0775984600186348
0.49629974365234375 0.0839080885052681 0.01169247180223465
-0.03813067078590393 0.1493401825428009 0.08043883740901947
0.010888276621699333 -0.041542697697877884 -0.17138516902923584
0.0756990909576416 0.281599223613739 0.1182284951210022
0.07448504120111465 0.20792797207832336 -0.03720290586352348
-0.032957591116428375 0.24211107194423676 0.1120513305068016
0.15458811819553375 -0.1796766221523285 0.1009136289358139
-0.09958753734827042 -0.3999263048171997 0.10456007719039917
-0.1099080890417099 -0.17900048196315765 0.11183790117502213
0.11626406013965607 -0.19438768923282623 0.14137454330921173
-0.11672572791576385 0.034619443118572235 0.06566844135522842
-0.03864756599068642 0.24619732797145844 0.10822362452745438
-0.16679616272449493 0.13171696662902832 -0.0885695070028305
0.12679292261600494 0.1615559160709381 0.10165461897850037
-0.0023784865625202656 0.15835456550121307 0.10575298219919205
-0.0795757845044136 -0.008755568414926529 0.11690851300954819
-0.24760568141937256 0.08223414421081543 0.01415332593023777
0.133334219455719 0.2870349884033203 0.11621146649122238
-0.030164744704961777 -0.1738792210817337 0.11813943833112717
0.0030427430756390095 0.06719262152910233 -0.05688820406794548
0.3008652925491333 0.17634284496307373 0.10096189379692078
0.21849340200424194 0.03204334154725075 0.0011337962932884693
0.017445378005504608 0.2209000587463379 0.1135689914226532
-0.020879032090306282 0.03891962394118309 0.09326573461294174
-0.04944176599383354 0.1132279634475708 0.11598320305347443
-0.016167357563972473 0.22626769542694092 0.11554227769374847
0.04091468080878258 -0.16122986376285553 0.11636504530906677
-0.10414933413267136 -0.0002688526874408126 0.12125833332538605
-0.1323442906141281 0.28273504972457886 0.11709018796682358
-0.19511455297470093 0.2660982608795166 0.09377597272396088
-0.08381464332342148 0.023279815912246704 0.07398103177547455
-0.07665035128593445 -0.009595600888133049 -0.054219260811805725
-0.06899629533290863 0.2038145512342453 0.07130882143974304
-0.08787810802459717 0.1742118000984192 0.10347023606300354
-0.18842829763889313 0.08550373464822769 0.10413356125354767
-0.04701933264732361 0.2010418325662613 0.10007400810718536
-0.17052008211612701 -0.12660063803195953 0.09723444283008575
0.08717649430036545 0.22423677146434784 0.112701416015625
0.10984885692596436 -0.1775338053703308 0.10892438888549805
-0.1700395792722702 0.09250464290380478 0.10930629074573517
-0.02689911052584648 0.2610980272293091 0.10132144391536713
0.033923935145139694 0.21907365322113037 0.11247560381889343
0.051949746906757355 0.1174374520778656 -0.016203783452510834
-0.011715183034539223 -0.06284391134977341 0.12298479676246643
0.1580740064382553 0.1555785983800888 0.10478370636701584
0.0800798311829567 0.16182315349578857 0.07270372658967972
-0.1200392097234726 -0.11554336547851562 0.11264388263225555
-0.18465691804885864 0.16686893999576569 0.10754600167274475
-0.005754684563726187 0.352495402097702 0.12266276776790619
0.010690482333302498 0.01233014464378357 -0.10864461958408356
-0.12660439312458038 0.2138333022594452 0.10597717016935349
0.16604278981685638 0.2073667049407959 0.11175252497196198
-0.049911800771951675 0.07592565566301346 0.10262160003185272
0.012754058465361595 0.25869181752204895 0.0953865498304367
0.03793862462043762 0.1959735006093979 0.11090521514415741
0.064471535384655 0.14529913663864136 0.04792613536119461
0.04791903495788574 0.06095379590988159 0.11837856471538544
0.0330374501645565 0.15818268060684204 0.09746140986680984
-0.159432053565979 -0.1999524086713791 0.10040541738271713
-0.1739976555109024 0.20619088411331177 0.05826336145401001
-0.00735600246116519 0.2712323069572449 0.10518473386764526
-0.2557085156440735 0.23412299156188965 0.0996590405702591
-0.11770414561033249 0.0829913467168808 0.11936590820550919
0.13398820161819458 -0.23058302700519562 0.042617067694664
-0.13291122019290924 0.03230614215135574 0.1197778657078743
-0.12621362507343292 0.24888166785240173 0.10680489987134933
0.02884840779006481 0.23243959248065948 0.1110038086771965
-0.12093973904848099 0.21113207936286926 0.10295182466506958
0.059527598321437836 0.24617300927639008 0.11159440875053406
0.08558674901723862 -0.02777417190372944 0.12099789828062057
0.05809229612350464 -0.014692017808556557 0.05248609557747841
0.009514138102531433 0.050502222031354904 -0.21096885204315186
0.12033969163894653 0.18855372071266174 0.1094217449426651
-0.12614849209785461 0.24165891110897064 0.09778060019016266
-0.0328684039413929 0.565517008304596 0.16048668324947357
0.26785293221473694 0.034025415778160095 0.08509258925914764
0.046095795929431915 0.18674008548259735 0.10942736268043518
-0.1199321374297142 0.139608234167099 0.1073538139462471
0.0925941914319992 0.18219180405139923 0.09179789572954178
-0.11167727410793304 0.23694749176502228 0.1072312593460083
0.005881438031792641 0.16923537850379944 0.10715717822313309
-0.23484376072883606 0.07322044670581818 0.11375832557678223
-0.07401733845472336 0.2374645173549652 0.10578306764364243
-0.03720821812748909 0.21177636086940765 0.06734009832143784
-0.1282825469970703 0.40937694907188416 0.10595999658107758
-0.07657182216644287 0.37790051102638245 0.18894754350185394
0.16095437109470367 -0.1652877777814865 0.10889241844415665
-0.26461777091026306 -0.03260837495326996 0.10797417163848877
-0.01513615995645523 -0.001270561944693327 0.11471716314554214
-0.14312748610973358 0.05879715457558632 0.11894945055246353
-0.03997216746211052 0.1340404599905014 0.10518453270196915
-0.17218346893787384 -0.11063959449529648 0.12093821913003922
-0.1846913844347 0.1385771632194519 0.10809177160263062
-0.027047108858823776 0.15332214534282684 0.06518082320690155
-0.13330847024917603 0.15299347043037415 0.11068487167358398
-0.10447395592927933 0.31079745292663574 0.08718553185462952
-0.12162593007087708 0.1300273984670639 0.10195593535900116
-0.12193983048200607 -0.010812835767865181 0.09556251019239426
-0.0899815633893013 0.46165788173675537 0.2288719266653061
0.0482170470058918 0.20450732111930847 0.10120327770709991
0.0632532611489296 0.25074803829193115 0.11207323521375656
0.055980656296014786 0.09328960627317429 0.06689199805259705
0.04895477369427681 -0.25967535376548767 0.09034735709428787
-0.042938485741615295 0.16986224055290222 0.09928487241268158
-0.011712046340107918 0.3169165849685669 0.10801099240779877
0.01396067626774311 0.1450996845960617 0.11317379027605057
0.1058233305811882 0.3690278232097626 0.14234524965286255
-0.15749390423297882 0.10225555300712585 0.11836849898099899
-0.31461605429649353 -0.08197082579135895 0.0758192166686058
0.007093936670571566 0.036679286509752274 0.11097534000873566
0.0003722821129485965 0.11877098679542542 0.10867861658334732
-0.1544484794139862 0.23273834586143494 0.09709126502275467
-0.011565929278731346 0.24066486954689026 0.10804276913404465
0.043778982013463974 0.12245842814445496 0.04434597119688988
0.12081701308488846 0.2382999062538147 0.1147175133228302
-0.058182064443826675 -0.0008880901150405407 0.12464863061904907
-0.22937023639678955 -0.09261632710695267 0.07965682446956635
0.020030591636896133 0.36167940497398376 0.11330430209636688
-0.11287587136030197 0.05572595074772835 0.11896413564682007
0.016294458881020546 0.23615938425064087 0.1156320720911026
0.12471752613782883 0.23460203409194946 0.11222384870052338
0.06362615525722504 0.2933960556983948 0.11239016801118851
-0.23842458426952362 -0.10878945142030716 0.11359494924545288
0.03375063091516495 0.4426237940788269 0.1178712397813797
-0.04174946993589401 0.17769135534763336 0.10618472099304199
0.029913749545812607 0.25107342004776 0.10953065752983093
0.06859269738197327 0.35353124141693115 0.11767705529928207
-0.01134561374783516 -0.1829468011856079 0.10709719359874725
0.050701770931482315 0.18119142949581146 0.11039842665195465
0.020498426631093025 0.2946509122848511 0.10778218507766724
-0.13469988107681274 -0.1911322921514511 0.18625935912132263
0.11651607602834702 -0.1863364726305008 0.11718772351741791
-0.09226188063621521 0.0594402514398098 0.11920042335987091
-0.21370750665664673 -0.10514974594116211 0.11872227489948273
-0.03810369223356247 0.03577282279729843 -0.1623217910528183
0.2159992903470993 0.06118079647421837 -0.17634901404380798
0.023371512070298195 0.004674043972045183 0.11634977161884308
-0.03986744582653046 0.05841422453522682 0.0796927884221077
-0.1851259022951126 0.0974321961402893 0.11708112061023712
0.02582615427672863 0.14190281927585602 0.1040060818195343
-0.0859166756272316 0.17970961332321167 0.10301215946674347
-0.010363321751356125 0.18364468216896057 0.10952705144882202
-0.11293971538543701 -0.23281772434711456 0.04047064110636711
0.03194448724389076 0.2704000174999237 0.10765175521373749
-0.11153505742549896 0.2612261474132538 0.10636971145868301
-0.1574067324399948 0.20523107051849365 0.1050306111574173
0.0030067157931625843 0.19125007092952728 0.09129662066698074
-0.06782204657793045 0.016991397365927696 0.0643065795302391
0.27547869086265564 0.05012279003858566 0.07413539290428162
0.29175427556037903 0.0440664105117321 0.04343493655323982
0.10524656623601913 0.19474005699157715 0.10560298711061478
-0.2706148326396942 0.148306205868721 0.09701988101005554
0.10650938004255295 0.28778836131095886 0.09535535424947739
-0.0744817852973938 0.13722874224185944 -0.2081126570701599
0.04978909716010094 0.24415399134159088 0.11045307666063309
-0.19166724383831024 0.20033439993858337 0.09800460934638977
-0.1695963442325592 0.402588427066803 0.1836710423231125
-0.10510522127151489 0.09026715159416199 0.11275748908519745
-0.16112056374549866 -0.18648573756217957 0.10984684526920319
-0.23731990158557892 -0.08582477271556854 0.10839075595140457
-0.07905776053667068 0.18228831887245178 0.10619191080331802
-0.12755148112773895 0.38613399863243103 0.12029926478862762
-0.02431226521730423 0.13971161842346191 0.10469172894954681
-0.1978067010641098 0.19152653217315674 0.10310619324445724
0.13587918877601624 0.08692096173763275 0.08584113419055939
-0.0324377715587616 0.21733903884887695 0.11177168786525726
-0.21805134415626526 -0.023267649114131927 -0.2592014670372009
0.02451322227716446 0.17160651087760925 0.10975698381662369
0.07825537025928497 0.21322177350521088 0.08117325603961945
-0.137821763753891 0.07121193408966064 0.11870301514863968
0.04346480593085289 0.03498801589012146 0.10941344499588013
-0.05377274006605148 0.25821733474731445 0.10229124873876572
-0.1620693802833557 0.07777409255504608 0.04037617892026901
0.14886024594306946 0.2484983205795288 0.1124592125415802
-0.002013453748077154 0.5487514138221741 0.18856927752494812
0.26302289962768555 0.19468280673027039 0.10462746024131775
0.07275315374135971 0.26501521468162537 0.11470364034175873
-0.06531381607055664 0.39772453904151917 0.11382153630256653
0.15422950685024261 0.12157304584980011 0.10116522014141083
0.1421806365251541 0.2206154763698578 0.10754944384098053
-0.018413010984659195 0.21470487117767334 0.10864710062742233
-0.01187211088836193 0.25976720452308655 0.10240544378757477
-0.018667345866560936 0.3883608281612396 0.12579163908958435
-0.06402067095041275 0.10356446355581284 0.10952115058898926
0.013102928176522255 0.22687970101833344 0.10596105456352234
0.16028466820716858 0.16163665056228638 0.06746088713407516
-0.09668082743883133 0.10614810883998871 0.11041393131017685
-0.13539649546146393 0.1348688006401062 0.11007644981145859
0.012735709547996521 -0.02688966877758503 0.12202197313308716
-0.0463683046400547 0.4596674144268036 0.22416123747825623
-0.048232510685920715 -0.010285729542374611 0.11110672354698181
-0.057469069957733154 0.07091476768255234 0.11474980413913727
-0.02558606117963791 0.2473934143781662 0.10279803723096848
-0.08820280432701111 -0.22973471879959106 0.12087936699390411
-0.0886366218328476 0.344009131193161 0.1181555837392807
-0.075225830078125 -0.5092818737030029 -0.11458266526460648
0.15070459246635437 0.20122410356998444 0.1036544218659401
-0.11072444915771484 -0.28504714369773865 0.06287606805562973
-0.2379392683506012 0.3517358899116516 0.10920988023281097
0.08142568916082382 -0.07044386863708496 0.10019908845424652
0.15444567799568176 -0.035032644867897034 0.0886620357632637
0.03678237274289131 0.2553788721561432 0.11021724343299866
0.10620023310184479 0.08646497130393982 0.10445103049278259
-0.18162524700164795 -0.0584477037191391 0.10639209300279617
0.0768388956785202 0.18723690509796143 0.09086117148399353
-0.10961468517780304 0.07065717875957489 0.022087043151259422
-0.2008211761713028 -0.2553783655166626 0.15440961718559265
-0.013822950422763824 -0.0244675911962986 0.12200061231851578
0.030131572857499123 0.28592684864997864 0.11350240558385849
-0.04215379059314728 0.4555319845676422 0.16406352818012238
0.02324788272380829 0.22175465524196625 0.10576516389846802
-0.08588512986898422 0.11710624396800995 0.059953950345516205
-0.06436765938997269 0.09557902812957764 0.11164132505655289
-0.11926765739917755 0.1771983802318573 0.1107521653175354
-0.14239302277565002 0.22943158447742462 0.10450496524572372
-0.19358086585998535 0.03533739969134331 0.1211223304271698
-0.13156238198280334 0.18724331259727478 0.09782571345567703
-0.002375513780862093 0.24939391016960144 0.10778122395277023
0.04637492448091507 0.30434200167655945 0.12159045040607452
0.03060060366988182 0.4683513939380646 0.1491086483001709
-0.17340025305747986 -0.2429875135421753 0.16709616780281067
0.025485685095191002 0.21644648909568787 0.10946249216794968
-0.20858462154865265 -0.07332947105169296 0.10625214874744415
0.11692044138908386 0.16364188492298126 0.09248469769954681
0.22693470120429993 0.2133278250694275 0.10755547881126404
-0.1868417114019394 -0.1781172901391983 0.10226555913686752
0.04998249188065529 0.149247944355011 0.1081206351518631
0.03466610983014107 -0.1395796686410904 0.07400460541248322
0.03701690211892128 0.2008473426103592 0.1128523126244545
-0.1574065387248993 0.06224222108721733 0.027186814695596695
0.04726678505539894 0.22346454858779907 0.10780932754278183
0.14143893122673035 0.04771978780627251 -0.10535865277051926
-0.17220523953437805 -0.20444393157958984 0.1329372078180313
-0.05436186492443085 0.33623865246772766 0.14708107709884644
0.13792972266674042 -0.05053482577204704 0.07939709722995758
-0.17524074018001556 0.2354363203048706 0.11041615158319473
0.0980653166770935 0.22941802442073822 0.11008007079362869
0.02617965266108513 0.19760257005691528 0.11175556480884552
-0.2590982913970947 0.07182376831769943 0.12414476275444031
-0.12645366787910461 0.27405038475990295 0.09231434762477875
-0.021335851401090622 0.2459740787744522 0.09012078493833542
-0.08809447288513184 0.2016533464193344 0.09885010123252869
0.1089075580239296 0.22123627364635468 0.110938161611557
-0.08099941164255142 -0.18595239520072937 0.13739201426506042
0.1617560088634491 -0.16016429662704468 0.08445943892002106
0.24819999933242798 -0.03257828205823898 0.10095140337944031
-0.13341979682445526 -0.1997062712907791 0.11423153430223465
0.01972043700516224 0.07460839301347733 0.11561434715986252
-0.09545160830020905 -0.18972928822040558 -0.2733899652957916
0.10776600986719131 0.15994969010353088 0.10565432906150818
-0.1199062317609787 -0.2284400463104248 0.13389787077903748
0.017899444326758385 0.15767695009708405 0.09208555519580841
0.07605772465467453 0.28980305790901184 0.11730748414993286
0.18306706845760345 0.18982557952404022 0.10811091959476471
-0.15110035240650177 0.10543018579483032 0.1122591495513916
-0.043977025896310806 0.0815020427107811 0.11035755276679993
0.06354504078626633 0.20553746819496155 0.12648837268352509
-0.031194571405649185 0.18838439881801605 0.09969130903482437
0.01473560556769371 0.34580397605895996 0.1190866157412529
0.16121068596839905 0.220565065741539 0.11197807639837265
0.07335032522678375 0.2007182240486145 0.07277489453554153
-0.16091759502887726 0.24155761301517487 0.10051483660936356
-0.23757442831993103 0.2010643035173416 0.11051063239574432
-0.22892522811889648 -0.15517152845859528 0.11675319820642471
0.013595465570688248 0.28874465823173523 0.11337995529174805
0.16759032011032104 -0.19763942062854767 0.10130707919597626
0.09463968127965927 0.1386859118938446 0.07837990671396255
-0.17000681161880493 0.0010681223357096314 0.11267688870429993
-0.1671438217163086 0.05042096599936485 0.10794996470212936
-0.07827257364988327 -0.2014717012643814 0.012976793572306633
0.03676026687026024 0.012445002794265747 0.11665907502174377
0.09414776414632797 0.17881132662296295 0.0940072312951088
-0.2461344450712204 -0.19613692164421082 0.1337149739265442
0.03190115466713905 0.2589092552661896 0.11301738023757935
0.0537799634039402 0.11505676060914993 0.08480335772037506
0.23470978438854218 0.07184956967830658 0.08557678759098053
-0.20464099943637848 0.278840035200119 0.09711327403783798
-0.1194700375199318 0.13889852166175842 -0.04385771229863167
-0.10881676524877548 0.14487026631832123 0.1046028584241867
-0.08545097708702087 0.2287556678056717 0.10763156414031982
-0.24438010156154633 0.18473775684833527 0.08919123560190201
-0.09124736487865448 0.04246603697538376 -0.16945551335811615
0.16596338152885437 0.08732552826404572 0.10219661891460419
0.07380864769220352 0.27709880471229553 0.11015398055315018
-0.044858891516923904 0.1796126663684845 0.10745847225189209
-0.14139893651008606 0.03178110346198082 -0.32958275079727173
-0.023076564073562622 0.06085507944226265 0.02577795647084713
-0.14805294573307037 0.051351964473724365 0.11709717661142349
0.031042134389281273 0.37516915798187256 0.13148513436317444
-0.0039980155415833 0.332781046628952 0.10870436578989029
0.03968880698084831 0.34386304020881653 0.11382816731929779
-0.19637411832809448 0.22290177643299103 0.10632514953613281
-0.03818648308515549 0.31638288497924805 0.10206934809684753
-0.17972445487976074 -0.038649119436740875 0.11832954734563828
-0.02130499854683876 0.1863890141248703 0.1034126803278923
-0.10094656050205231 0.0581536591053009 0.0947977676987648
-0.22694511711597443 -0.2714681327342987 -0.12665845453739166
-0.2489762306213379 -0.14889821410179138 0.1191965639591217
-0.14145132899284363 0.011210037395358086 0.13105425238609314
0.10480748116970062 0.13235920667648315 0.02763301692903042
-0.049986448138952255 0.1381629854440689 0.10963878035545349
-0.01005340926349163 -0.07563918828964233 0.12567703425884247
0.04909714311361313 0.10974230617284775 0.10948733240365982
-0.007306065876036882 0.22951136529445648 0.10923771560192108
-0.01050960086286068 0.1356125921010971 0.1084008738398552
-0.047639716416597366 0.29355260729789734 0.10061760991811752
0.14888960123062134 0.11209677904844284 0.08804413676261902
0.16584141552448273 0.09195435047149658 0.09212938696146011
-0.03192857280373573 0.14518620073795319 0.11585016548633575
-0.0761592909693718 0.2012513130903244 0.027775423601269722
0.06835944205522537 0.1888655722141266 0.10669232904911041
0.02873414009809494 0.1462187021970749 0.10216791927814484
-0.0407661609351635 -0.07499364018440247 0.12351855635643005
0.11204259097576141 0.2238963395357132 0.11327409744262695
-0.05020809918642044 -0.20242363214492798 0.15247617661952972
-0.051923591643571854 -0.5634572505950928 -0.6376783847808838
0.10048408806324005 0.21468159556388855 0.10906397551298141
-0.1776483952999115 -0.03067261539399624 0.12615039944648743
0.06717885285615921 -0.13033701479434967 0.11594422161579132
-0.27620819211006165 -0.14571981132030487 0.11468953639268875
-0.34890303015708923 -0.09122928231954575 0.1210443452000618
-0.05254223570227623 0.18993136286735535 0.0862310603260994
-0.08601924777030945 0.12763121724128723 -0.023753248155117035
-0.054841428995132446 -0.09324578940868378 0.11876115202903748
0.22676143050193787 0.09857611358165741 0.04550716280937195
-0.04717643931508064 0.19631189107894897 0.10190935432910919
0.05351627245545387 -0.07400018721818924 0.11302885413169861
0.08629181981086731 -0.3530538082122803 -0.28477713465690613
-0.26542583107948303 -0.04217630624771118 0.11079256981611252
0.06485200673341751 0.25635913014411926 0.11247202754020691
0.02268141880631447 -0.17422591149806976 0.02831272780895233
0.1513330191373825 0.15907397866249084 0.08257383853197098
-0.04343373700976372 -0.07847835123538971 -0.04304783046245575
-0.09083754569292068 0.25930652022361755 0.09891652315855026
-0.21124371886253357 -0.3161028325557709 -0.2197323739528656
-0.14290966093540192 0.22707650065422058 0.10174689441919327
-0.02870575152337551 0.20967718958854675 0.1024613156914711
0.018838414922356606 0.15432021021842957 0.038591742515563965
0.07821771502494812 0.18409672379493713 0.11326125264167786
0.06500168889760971 0.054693154990673065 0.1103077083826065
-0.0005545304156839848 0.28897005319595337 0.1022060364484787
-0.21929563581943512 0.10838619619607925 0.10875725746154785
0.24077516794204712 0.09941814839839935 0.06543264538049698
-0.05186888948082924 0.26574161648750305 0.10209862887859344
0.032494448125362396 0.33739739656448364 0.12155075371265411
0.14728641510009766 0.3710746467113495 0.16415348649024963
-0.020321965217590332 0.256507933139801 0.10270822048187256
-0.050281986594200134 0.2517459988594055 0.10307148098945618
-0.11584813892841339 0.05494183301925659 0.11932428181171417
0.020694151520729065 0.24668334424495697 0.10660164058208466
0.0086372010409832 0.2046484649181366 0.06147449091076851
-0.04022945091128349 0.16708435118198395 0.11670257896184921
0.12224800139665604 0.0036054218653589487 0.11245255172252655
0.0030096927657723427 0.21256406605243683 0.09783413261175156
0.09110734611749649 -0.4858556091785431 -0.16147851943969727
-0.27778753638267517 -0.01684653013944626 0.11847417056560516
0.14031057059764862 -0.011099264025688171 0.06174680218100548
-0.07711058855056763 0.05265330895781517 0.11510997265577316
0.07648973166942596 0.2557492256164551 0.11686717718839645
-0.1811007857322693 0.0003547464730218053 0.14271099865436554
-0.007924046367406845 0.19484809041023254 0.10380465537309647
0.027686506509780884 0.23058292269706726 0.10588235408067703
0.009664049372076988 0.17795106768608093 0.10763794183731079
0.009799115359783173 0.45666077733039856 0.12027303874492645
0.041698019951581955 0.1326361745595932 0.109198197722435
-0.003963183145970106 0.1489395797252655 0.10896381735801697
0.0019050182309001684 0.38426661491394043 0.13188716769218445
0.046123653650283813 0.4579511880874634 0.11259426921606064
-0.16732722520828247 0.1368808001279831 0.10886619240045547
-0.13845519721508026 -0.002282926579937339 0.12161529064178467
-0.03563758358359337 -0.27332803606987 0.06692937761545181
0.149410218000412 0.18445728719234467 0.0986303836107254
-0.07662700116634369 0.4601638615131378 0.1344711035490036
0.1259523630142212 0.23538552224636078 0.1139286532998085
-0.1063060611486435 -0.019402526319026947 0.11657953262329102
-0.13461925089359283 0.15029586851596832 0.05864259973168373
-0.06889910995960236 0.0355447493493557 0.12182670831680298
-0.1923246830701828 -0.17230813205242157 0.11270585656166077
0.04957681894302368 0.25853243470191956 0.11583282798528671
-0.04126392677426338 0.2772591710090637 0.10108684748411179
0.018429581075906754 0.14770692586898804 0.10753227025270462
-0.07378533482551575 -0.005521244835108519 0.12604796886444092
-0.013215988874435425 0.16348952054977417 0.08678826689720154
-0.07836999744176865 0.14636094868183136 0.10649196058511734
-0.10187216103076935 0.2541162967681885 0.10274575650691986
-0.08045219630002975 -0.0925304964184761 -0.03575228154659271
0.015521828085184097 0.24738472700119019 0.10733088850975037
0.06533561646938324 0.27271661162376404 0.11782607436180115
-0.20015183091163635 -0.11574375629425049 -0.1139155924320221
0.06425382941961288 0.19362859427928925 0.04593885317444801
0.009213337674736977 0.21079398691654205 0.08456861227750778
-0.08124946057796478 0.10420288145542145 0.10660003125667572
0.004434778355062008 0.3799564242362976 0.1125728115439415
-0.024237241595983505 0.22330573201179504 -0.08645481616258621
-0.06651970744132996 -0.16730272769927979 0.024655699729919434
0.020166900008916855 0.21563978493213654 0.014159141108393669
-0.1634119302034378 0.05467713624238968 0.11948332190513611
0.0862748995423317 -0.10087107121944427 0.12134799361228943
-0.03801440820097923 0.18943920731544495 0.09670442342758179
-0.07247193902730942 0.1480131447315216 0.10113732516765594
0.10403072088956833 0.059498682618141174 0.110100656747818
-0.16338416934013367 0.25814226269721985 0.09192119538784027
-0.006872187834233046 0.21124643087387085 0.10147637128829956
-0.35823357105255127 0.19426581263542175 0.05317780002951622
-0.2968512177467346 0.013793567195534706 0.11799240112304688
-0.2615184187889099 0.26522937417030334 0.11655273288488388
-0.08130324631929398 -0.09253661334514618 0.12560822069644928
0.04248298704624176 0.3171292245388031 0.11167863756418228
-0.05966534838080406 0.32443711161613464 0.09173820167779922
0.10479810833930969 0.2944655418395996 0.10328412055969238
0.007059517316520214 0.19018608331680298 0.11854775249958038
-0.1323176771402359 0.13238880038261414 0.11427289247512817
-0.11172354966402054 0.08022315055131912 0.015557244420051575
-0.16991274058818817 0.06685024499893188 0.0541437603533268
0.26438650488853455 -0.4014977514743805 -0.09639935940504074
-0.06874022632837296 -0.1427585631608963 0.11476244032382965
0.028775781393051147 0.1531006097793579 0.11016315966844559
-0.10410743951797485 0.2634296417236328 0.10469446331262589
-0.02414717525243759 -0.18965665996074677 0.09921543300151825
-0.04597146436572075 0.22873589396476746 0.11224837601184845
-0.1317036747932434 -0.06453871726989746 0.14048174023628235
-0.06417547166347504 0.1872803270816803 0.09568078070878983
-0.11258894950151443 0.2801115810871124 0.1019272655248642
-0.026099130511283875 0.24588584899902344 0.09942663460969925
-0.007051336113363504 0.03051077201962471 0.013255678117275238
-0.05582040175795555 -0.2044282853603363 -0.018651103600859642
-0.1434708535671234 -0.18045426905155182 0.09819835424423218
-0.14010648429393768 -0.09972145408391953 0.10510919243097305
-0.14854450523853302 -0.0128745436668396 0.12109653651714325
0.024327745661139488 0.26056721806526184 0.09414181858301163
0.028793495148420334 -0.1595764458179474 0.1287437379360199
-0.1757102757692337 -0.5326246619224548 -0.30804845690727234
0.09807180613279343 0.2020339071750641 0.10746227204799652
0.0900580957531929 0.24260947108268738 0.125957652926445
-0.05118851363658905 0.05244637280702591 0.10240095108747482
-0.20006176829338074 0.16556164622306824 0.10209783166646957
0.1250440776348114 -0.14547650516033173 -0.009139226749539375
-0.10814675688743591 0.3519068956375122 0.12424903362989426
0.07025695592164993 0.16186395287513733 0.09585818648338318
-0.16028396785259247 0.01880624145269394 0.15080420672893524
-0.18095609545707703 -0.16636762022972107 0.10398174822330475
-0.19622834026813507 0.1488446295261383 0.1159101128578186
-0.018899139016866684 0.1616748422384262 0.10698360949754715
0.027306701987981796 0.11991268396377563 0.06232006847858429
0.07030028849840164 0.21719521284103394 0.1068040281534195
0.053880561143159866 0.11923094093799591 0.0037561359349638224
-0.030851203948259354 -0.1371704787015915 0.19463151693344116
0.015412122011184692 -0.24420388042926788 0.06855271756649017
0.05638032779097557 0.18239940702915192 0.10896842181682587
0.18186813592910767 -0.3406464755535126 0.09295577555894852
0.0872335210442543 0.24637040495872498 0.10655408352613449
0.019650613889098167 0.2317190319299698 0.10707947611808777
0.07618874311447144 0.25641268491744995 0.10932233929634094
-0.03674113377928734 -0.12192380428314209 0.10439593344926834
-0.03956151753664017 -0.2426346093416214 0.09401749074459076
0.08291228860616684 -0.21119891107082367 0.1063709408044815
-0.0932486355304718 0.2620449960231781 0.10542215406894684
0.0645638033747673 0.10749860852956772 0.09926114231348038
0.05374947935342789 0.18512004613876343 0.11171495914459229
0.14835453033447266 -0.12594930827617645 0.11668054759502411
-0.06377535313367844 0.2964053153991699 0.1047065481543541
0.26909857988357544 -0.1431836634874344 0.09716078639030457
-0.060524340718984604 0.1238994225859642 0.11445116996765137
-0.02999398112297058 0.1789335161447525 -0.05011880397796631
-0.13549043238162994 0.10616055130958557 0.09929030388593674
6.071082316339016e-05 0.21543854475021362 0.10705411434173584
-0.2503910958766937 -0.10721354186534882 0.06219249963760376
-0.15552207827568054 -0.05270211026072502 0.054362703114748
-0.20292259752750397 0.10238879173994064 0.0856698602437973
0.04389958456158638 -0.1947840303182602 0.11484598368406296
-0.16390977799892426 0.27931836247444153 0.09748856723308563
0.07796644419431686 0.10846149176359177 0.08497535437345505
0.04343417286872864 0.2074069380760193 0.11278001964092255
0.014424184337258339 0.25837358832359314 0.11048131436109543
0.08813171088695526 0.25803226232528687 0.11271709203720093
-0.454087495803833 -0.06778613477945328 0.12453010678291321
0.09343818575143814 0.18768548965454102 0.11029188334941864
-0.17818260192871094 0.19518224895000458 0.10952048748731613
-0.005269820801913738 0.16985803842544556 0.10867489874362946
0.23284563422203064 0.13461366295814514 0.09726978093385696
-0.024893615394830704 0.18104422092437744 0.10814497619867325
0.1723947525024414 0.046755075454711914 0.09079655259847641
0.21016718447208405 0.030662113800644875 0.10453958809375763
-0.34000834822654724 -0.028299707919359207 -0.047133978456258774
0.2761000990867615 0.19106046855449677 -0.023680193349719048
0.027773473411798477 -0.04491475224494934 0.10111506283283234
-0.09684228897094727 0.3224187195301056 0.10615108162164688
0.04529619961977005 -0.15740755200386047 0.06994053721427917
0.1862679272890091 0.3998972177505493 0.11386527121067047
-0.13987895846366882 -0.14428137242794037 -0.14066565036773682
-0.21150189638137817 0.16930142045021057 -0.004134617280215025
-0.15822869539260864 -0.23647430539131165 0.0927944928407669
-0.02411019802093506 0.051528554409742355 0.11422275751829147
-0.07038542628288269 -0.10758503526449203 0.11328379064798355
0.038199085742235184 0.3094136714935303 0.10846452414989471
0.13769826292991638 0.2066180408000946 0.09947417676448822
-0.025254996493458748 0.31547436118125916 0.10051971673965454
-0.0346253365278244 0.14291176199913025 0.10678377747535706
-0.04831564426422119 0.17511291801929474 0.10343091934919357
-0.07991020381450653 0.2563028633594513 0.07331854850053787
-0.09523496776819229 0.126026913523674 0.1182185485959053
-0.07026417553424835 0.19567400217056274 0.06344391405582428
-0.15401491522789001 0.08349643647670746 0.10468906164169312
-0.18330976366996765 -0.158157080411911 -0.03494442254304886
-0.1827133148908615 0.14886024594306946 0.10134221613407135
-0.16727754473686218 0.015218626707792282 0.12023677676916122
0.21160970628261566 0.10122553259134293 0.026560015976428986
0.022521669045090675 0.19825246930122375 0.11256767064332962
0.19372430443763733 0.14016687870025635 0.10531222820281982
-0.009923379868268967 -0.24289937317371368 0.11870061606168747
-0.01963893510401249 0.17104914784431458 0.11027006059885025
0.16783662140369415 -0.0954633504152298 0.014985032379627228
-0.13630186021327972 0.04255823418498039 0.110457643866539
-0.11665233969688416 -0.10708194226026535 0.11933877319097519
-0.2080715000629425 -0.032734159380197525 0.1143610030412674
0.06282519549131393 0.06568033993244171 0.09579142928123474
0.019232282415032387 0.20618274807929993 0.1117875799536705
0.11105145514011383 0.28960636258125305 0.11426739394664764
0.09251488745212555 0.24729853868484497 0.11456368118524551
0.2306707799434662 -0.2942267060279846 0.06938568502664566
-0.07393079251050949 0.17479901015758514 0.10720140486955643
-0.22939902544021606 0.17843127250671387 0.11095883697271347
0.20518282055854797 -0.09659358114004135 -0.23659664392471313
-0.08330421894788742 0.10967951267957687 0.05268532782793045
-0.1264065057039261 0.07736034691333771 0.11929770559072495
-0.2482316792011261 -0.08950092643499374 0.09655578434467316
-0.015842517837882042 0.36167746782302856 0.11982528120279312
-0.17783156037330627 -0.027603141963481903 0.11637280136346817
0.18708419799804688 -0.11849916726350784 0.07722338289022446
0.015911243855953217 0.21903297305107117 0.10003383457660675
-0.2505614459514618 -0.026380112394690514 0.11289576441049576
-0.03949867933988571 0.104083351790905 0.0042625535279512405
-0.07395385950803757 0.4011675715446472 0.1229424998164177
0.004966970067471266 0.39285948872566223 0.14038534462451935
-0.05743727460503578 0.11302848160266876 -0.0154191255569458
-0.024526644498109818 -0.07209707796573639 0.1226019412279129
0.034648459404706955 0.32161304354667664 0.11517122387886047
0.12212588638067245 -0.020153649151325226 0.10331600904464722
-0.11388939619064331 0.19775399565696716 0.10026939958333969
-0.1484297513961792 0.5215752124786377 0.10508401691913605
0.10381483286619186 -0.2009860724210739 0.1122766062617302
-0.00754085136577487 0.03335217013955116 0.11507062613964081
0.03448236361145973 0.21785598993301392 0.10505814105272293
-0.19677850604057312 0.25085410475730896 0.0936339870095253
0.05668684467673302 0.20519419014453888 0.10371242463588715
-0.01095668040215969 0.2795678675174713 0.10934828221797943
-0.10592783242464066 -0.14276348054409027 0.10867837816476822
-0.09017382562160492 -0.37133193016052246 -0.09898167848587036
-0.1860150396823883 0.041174713522195816 0.11115486919879913
-0.2495943307876587 -0.07786674797534943 0.06558550894260406
0.17374874651432037 0.18586459755897522 0.09879455715417862
-0.10835430771112442 0.12865027785301208 0.09257536381483078
0.007649676874279976 0.19292910397052765 0.10493622720241547
-0.05396195873618126 0.14985054731369019 0.11106958985328674
-0.018168561160564423 0.1995566487312317 0.10872523486614227
0.062038205564022064 0.02873186022043228 -0.049579229205846786
-0.2334846407175064 -0.04043503478169441 0.09508293867111206
-0.024826323613524437 0.08490249514579773 0.1288543939590454
-0.0018471486400812864 0.20076774060726166 0.12347192317247391
-0.06010850891470909 0.23632954061031342 0.11093515902757645
0.05214551463723183 0.2310848981142044 0.10914846509695053
0.025692583993077278 -0.10150038450956345 0.12217617779970169
-0.23706048727035522 -0.20301109552383423 -0.1426456868648529
-0.06696334481239319 0.05378671735525131 0.11585984379053116
0.042210422456264496 0.2475602775812149 0.10063698142766953
0.024259166792035103 0.14998072385787964 0.11011043936014175
-0.12658441066741943 0.08442642539739609 0.12369164079427719
-0.08766040951013565 0.04081596061587334 0.11890839785337448
-0.1728796809911728 0.39918115735054016 0.09871452301740646
0.15592727065086365 0.1627667397260666 0.10396725684404373
-0.11956433206796646 0.03387100622057915 0.11455195397138596
-0.046221062541007996 0.12303848564624786 0.09737826138734818
-0.05710387974977493 0.14157772064208984 0.11727795749902725
-0.2810485064983368 -0.24103964865207672 0.12730054557323456
-0.009084884077310562 0.17042000591754913 0.06452079117298126
-0.1173703745007515 -0.04337790980935097 0.1119619831442833
-0.03693268820643425 0.11989565193653107 0.10942740738391876
-0.01526968739926815 0.21267308294773102 0.08447448909282684
-0.05421379581093788 0.12394403666257858 0.11733783781528473
0.03763844072818756 0.23437467217445374 0.10855238884687424
0.04439506679773331 0.18889717757701874 0.10947549343109131
-0.15645113587379456 -0.15179778635501862 0.10976377129554749
-0.019711554050445557 0.03420159965753555 -0.09625846147537231
-0.20593713223934174 0.027769315987825394 0.1248725950717926
-0.18871185183525085 0.05270551145076752 0.11555847525596619
-0.0848805382847786 0.4014255106449127 0.2136896401643753
0.08293640613555908 0.08216000348329544 -0.006345031317323446
-0.07235051691532135 0.0016239476390182972 -0.08459308743476868
0.0031261490657925606 0.24795426428318024 0.10734330862760544
-0.1459786593914032 -0.12977111339569092 0.11626812815666199
-0.13672950863838196 -0.08982206881046295 0.11807283014059067
0.2206682413816452 0.09138485789299011 -0.011720474809408188
-0.01850525103509426 0.13035963475704193 0.10116777569055557
0.053597427904605865 0.13138429820537567 0.10566109418869019
0.061020903289318085 0.002671904629096389 0.03396327421069145
0.05383707955479622 0.19203490018844604 0.11241623014211655
0.007052917964756489 0.2882068455219269 0.11737440526485443
-0.13585692644119263 0.04269010201096535 -0.043077047914266586
-0.1691104620695114 0.17607559263706207 0.10124179720878601
0.19236592948436737 -0.27114567160606384 0.11198707669973373
-0.0907772034406662 0.16576743125915527 0.09741741418838501
0.09740405529737473 0.07631036639213562 -0.21439361572265625
-0.2219877988100052 0.4584013819694519 0.10943306982517242
0.06209295243024826 0.1990697979927063 0.10946281999349594
-0.0433068573474884 0.19698065519332886 0.09089020639657974
0.008951682597398758 0.2211546003818512 0.10036085546016693
-0.13236916065216064 0.17304252088069916 0.10838364064693451
-0.13165481388568878 0.24284662306308746 0.1347055435180664
-0.2890068590641022 0.13323254883289337 -0.0956745594739914
0.009402764961123466 0.08941349387168884 -0.022367333993315697
0.19537678360939026 0.07650508731603622 0.0021830934565514326
0.07144827395677567 0.30843305587768555 0.11607231199741364
-0.017521731555461884 0.4075930416584015 0.13274797797203064
0.0595497228205204 0.1832217574119568 0.09721169620752335
-0.15873897075653076 -0.025035500526428223 0.17834177613258362
-0.1459091752767563 0.06652645021677017 0.09067219495773315
-0.1955028623342514 -0.0903853178024292 0.1650114804506302
0.09376570582389832 0.10166359692811966 0.002271514618769288
0.036552343517541885 0.2400641292333603 0.11162509769201279
-0.08267802745103836 0.45325762033462524 0.1342487931251526
-0.025721639394760132 0.01903514564037323 0.0009209449053741992
0.055057838559150696 -0.1254388839006424 0.012711141258478165
0.04718703776597977 -0.27365580201148987 0.07902628928422928
-0.010234855115413666 0.06995736062526703 0.1162218227982521
0.04616831988096237 0.2629443407058716 0.10754301398992538
0.0569259449839592 0.2609681487083435 0.10867302864789963
-0.03057090938091278 0.22369374334812164 0.08091598004102707
-0.19802598655223846 -0.18426008522510529 0.11775608360767365
0.005140629597008228 0.20203010737895966 0.0953928679227829
-0.08490368723869324 0.05968848243355751 0.12073764950037003
-0.02166721411049366 0.124126136302948 0.08233839273452759
-0.1766929030418396 -0.13880546391010284 0.11243188381195068
-0.2624375522136688 0.1753639429807663 0.10107485204935074
-0.04390497878193855 0.20247487723827362 0.11110690236091614
0.0496620312333107 0.22788655757904053 0.11253365874290466
-0.007535322103649378 0.1729406863451004 0.10766942799091339
-0.14300456643104553 0.20894332230091095 0.1083984225988388
-0.16567689180374146 -0.12141810357570648 -0.1832989752292633
-0.21809636056423187 -0.1768241822719574 0.12986867129802704
-0.05981309711933136 0.450130432844162 0.10904832184314728
-0.12233061343431473 0.17379793524742126 0.10898248106241226
0.024539202451705933 0.028434978798031807 -0.32349106669425964
0.08122695982456207 0.2645717263221741 0.11269257962703705
0.045930732041597366 0.10483269393444061 0.05290752276778221
0.10099110007286072 0.32317644357681274 0.11645367741584778
-0.0557008795440197 0.12601004540920258 0.06324122101068497
-0.09703411906957626 -0.1733003556728363 0.14106298983097076
-0.06706090271472931 0.34249448776245117 0.1167544424533844
-0.08015236258506775 0.058620598167181015 0.11181647330522537
0.11726508289575577 0.3129459619522095 0.1547013521194458
-0.25872665643692017 -0.0620482973754406 0.12822793424129486
-0.05505239591002464 0.08328135311603546 0.11850153654813766
-0.17292961478233337 -0.19984650611877441 0.08413955569267273
0.022046372294425964 0.0969613716006279 -0.011814828962087631
-0.10885787755250931 -0.3884265720844269 -0.21109747886657715
0.03335129842162132 0.2976715862751007 0.11125446110963821
-0.08312860876321793 0.18817780911922455 0.1023348942399025
0.04239197075366974 0.2630365788936615 0.1074310839176178
-0.08792221546173096 0.20511744916439056 0.09562072902917862
-0.10683466494083405 0.222041055560112 0.0026735570281744003
0.014956917613744736 0.35245081782341003 0.10972609370946884
-0.04213730990886688 0.2367260903120041 0.10419739037752151
-0.10689999908208847 0.06882939487695694 0.026628369465470314
0.03388529270887375 0.40977442264556885 0.17938275635242462
-0.09444156289100647 -0.0920417532324791 0.11986631900072098
-0.029905419796705246 0.5033299326896667 0.13612355291843414
0.033282388001680374 0.22146262228488922 0.11201657354831696
0.05287902057170868 0.187930628657341 0.06958754360675812
-0.043697528541088104 0.37328284978866577 0.09778843075037003
-0.16613951325416565 -0.1019630953669548 0.11662136763334274
-0.11275602132081985 0.1596125364303589 0.10101247578859329
0.01104171946644783 0.16953380405902863 0.09895066916942596
0.10871351510286331 0.29584798216819763 0.1187698245048523
-0.08074037730693817 -0.018999869003891945 0.12045732140541077
-0.04509066417813301 0.2482941746711731 0.1065797433257103
-0.05645637959241867 0.17832550406455994 0.09667357802391052
0.10041013360023499 0.14159801602363586 0.10214895755052567
0.04940640926361084 0.22960256040096283 0.10080679506063461
0.01846475712954998 0.19650059938430786 0.10644081234931946
-0.21647608280181885 -0.11886034160852432 0.09738843888044357
0.015023402869701385 -0.04490748420357704 0.12412925064563751
-0.09471804648637772 0.2568312883377075 0.10243775695562363
0.10765369981527328 0.16989415884017944 0.09130363911390305
0.15018349885940552 -0.10075980424880981 0.11636939644813538
-0.1743519902229309 0.04105306416749954 0.14887180924415588
-0.09165756404399872 0.09670448303222656 0.10897401720285416
-0.04877480864524841 0.1953311413526535 0.11174964159727097
0.04844062030315399 0.13483697175979614 0.0504375621676445
0.020246613770723343 0.09818780422210693 0.10472806543111801
-0.12649409472942352 -0.202975332736969 0.10681711882352829
0.24692299962043762 -0.06272400170564651 0.1097303181886673
-0.04655567556619644 0.25622719526290894 0.09874612092971802
-0.024021172896027565 -0.11056739091873169 0.12039543688297272
-0.14783689379692078 -0.024206966161727905 0.12143300473690033
-0.24919912219047546 -0.08940891176462173 0.11358374357223511
-0.00022095046006143093 0.04654417186975479 -0.23814477026462555
-0.1410643756389618 -0.2498231828212738 0.11711420863866806
0.010236822068691254 0.16175277531147003 0.07412812858819962
0.024217836558818817 0.17933090031147003 0.059982720762491226
0.05329356715083122 0.2850086987018585 0.11373478174209595
-0.3955390155315399 -0.25929898023605347 0.12232814729213715
-0.04373558610677719 0.2709878385066986 0.10081731528043747
-0.10832443088293076 0.05205534026026726 0.10991951078176498
-0.07933922111988068 -0.17656642198562622 0.10363780707120895
-0.20415762066841125 -0.0061525460332632065 0.12235409021377563
-0.026542359963059425 0.15253739058971405 0.10096006095409393
0.05266596004366875 0.24006031453609467 0.09703626483678818
-0.045486755669116974 -0.08802933245897293 0.11925066262483597
0.028523126617074013 0.23089225590229034 0.08751821517944336
-0.049055587500333786 0.17471815645694733 0.10566508024930954
-0.1296490728855133 -0.23522640764713287 0.05248637869954109
-0.07780925184488297 0.19063511490821838 0.09858718514442444
-0.1953250616788864 0.040524039417505264 0.11331740766763687
-0.11103277653455734 0.4787718653678894 0.10914744436740875
-0.20673315227031708 0.03029518388211727 0.14010752737522125
0.19225023686885834 -0.3265800476074219 -0.21130891144275665
-0.1129346564412117 0.05853008106350899 0.11828948557376862
-0.15287789702415466 0.37150636315345764 0.12566053867340088
-0.03540966659784317 0.20490588247776031 -0.015577489510178566
0.1359158456325531 0.08442138880491257 0.037009865045547485
0.14057323336601257 0.13441285490989685 0.04117006063461304
-0.19048187136650085 0.3078450858592987 0.09584865719079971
-0.1309686303138733 0.20349708199501038 -0.08296263962984085
-0.08586352318525314 -0.1676381677389145 -0.0010091422591358423
-0.09066677838563919 -0.20751163363456726 0.11397558450698853
0.16058401763439178 0.2909446656703949 0.12060859799385071
0.10500815510749817 0.15284058451652527 0.09895610064268112
-0.13058984279632568 0.09008242189884186 0.11014461517333984
0.0835425928235054 0.19761556386947632 0.11059963703155518
0.0966225415468216 -0.1266663670539856 0.12000610679388046
-0.18935371935367584 0.030003724619746208 0.11557587236166
-0.09876937419176102 0.21890097856521606 0.10489962249994278
-0.04832934960722923 0.2053563892841339 0.10560847073793411
0.042739979922771454 0.12628306448459625 0.06209133565425873
-0.21295461058616638 0.12195140868425369 -0.12424731999635696
-0.1687013953924179 -0.05033183842897415 0.12176132947206497
0.05426974594593048 0.40685948729515076 0.1166587844491005
0.03014122135937214 0.1985703706741333 0.08821112662553787
-0.1142069548368454 0.04702569171786308 0.11541441082954407
-0.01951761357486248 0.19782193005084991 0.11205130815505981
0.1442328244447708 0.17335529625415802 0.10715901851654053
-0.1384650319814682 0.2059323787689209 0.10699766129255295
-0.16187609732151031 -0.21870210766792297 0.04821516573429108
0.14651188254356384 -0.14669331908226013 0.10798981040716171
-0.04800628498196602 0.3992951810359955 0.1303841769695282
0.04158569872379303 0.11623341590166092 -0.0862867534160614
-0.16049300134181976 0.23822607100009918 0.09480630606412888
0.004809431731700897 0.21042953431606293 0.10664112120866776
-0.07801244407892227 0.12656402587890625 0.1101314127445221
-0.02017436921596527 0.23299768567085266 0.1126059964299202
0.11014697700738907 -0.3067186176776886 0.08829556405544281
0.16844555735588074 0.09671854972839355 0.1028192788362503
0.17726317048072815 0.06776624172925949 -0.021437404677271843
-0.03804977238178253 0.1448856145143509 0.1227550208568573
-0.2642558217048645 0.4082401394844055 0.12555931508541107
0.057503413408994675 -0.36387622356414795 -0.17844893038272858
-0.06335493922233582 0.25672197341918945 0.09250110387802124
-0.1608191877603531 -0.20372091233730316 0.10486003011465073
0.08729502558708191 0.2574186623096466 0.11102212220430374
0.023164620622992516 0.09308125823736191 0.10591287910938263
0.08082882314920425 0.009487371891736984 0.024946680292487144
-0.11148086935281754 0.1300695240497589 -0.007830066606402397
0.08462372422218323 0.1617637574672699 0.03384299576282501
-0.014384634792804718 -0.12407640367746353 0.1206127479672432
0.009564125910401344 0.016875509172677994 0.12453454732894897
-0.024221891537308693 0.037761881947517395 0.11734127998352051
0.037567317485809326 0.21331802010536194 0.07520182430744171
0.21418718993663788 0.18377690017223358 0.09090595692396164
-0.10873772948980331 0.12548762559890747 0.08962832391262054
-0.016843417659401894 0.03384874016046524 0.11986447125673294
-0.30338674783706665 0.19949771463871002 0.09085417538881302
-0.25754135847091675 -0.1433839350938797 0.11401580274105072
0.025510447099804878 0.26713451743125916 0.11675206571817398
-0.04105745255947113 0.1722961664199829 0.10996107012033463
0.1583315134048462 0.27262791991233826 0.09670138359069824
-0.12089637666940689 0.11529598385095596 0.10425868630409241
-0.23460638523101807 -0.17863228917121887 0.14476659893989563
-0.07274623215198517 0.10661427676677704 0.1149323359131813
-0.028087226673960686 0.1910877823829651 0.0986490547657013
-0.11090440303087234 0.4496307373046875 0.20681267976760864
0.024570291861891747 0.23068471252918243 0.11062910407781601
0.02068071812391281 -0.30721551179885864 0.12451347708702087
-0.1987561583518982 0.024018002673983574 0.047132089734077454
0.00858306884765625 0.16488565504550934 0.10024005174636841
-0.1104096919298172 0.33123672008514404 0.10787172615528107
-0.0440402626991272 0.0967872217297554 -0.12362626940011978
-0.11550839245319366 0.09817837178707123 0.09994877129793167
0.0375681146979332 0.2812366485595703 0.11237078905105591
-0.06503913551568985 0.31268951296806335 0.11105262488126755
-0.04560009762644768 0.09300176799297333 0.10651107132434845
0.1992211490869522 0.13321350514888763 0.06702247262001038
-0.15147750079631805 0.13571925461292267 -0.02929905615746975
0.08632618188858032 -0.17171278595924377 0.1393396258354187
-0.03388987481594086 0.16589199006557465 0.08820469677448273
-0.03343600034713745 0.10103245079517365 -0.00846489705145359
0.16024939715862274 -0.0968068540096283 0.004570511169731617
-0.19237667322158813 -0.14770148694515228 0.08236484974622726
-0.20674210786819458 0.3696380853652954 0.08618089556694031
-0.05587330460548401 0.09015440195798874 0.11808394640684128
0.02268335036933422 0.15425094962120056 0.0939212366938591
0.09761635959148407 -0.11584006994962692 0.12077093869447708
-0.11917142570018768 0.024299142882227898 -0.0428752526640892
0.10298459231853485 0.2681334614753723 0.1177239641547203
0.008477328345179558 0.27764907479286194 0.11198953539133072
-0.22196412086486816 -0.2210032343864441 -0.7333629727363586
-0.27154341340065 -0.15881142020225525 0.12198830395936966
-0.2280215471982956 0.05958651751279831 0.10933643579483032
-0.0004853599239140749 0.03389689698815346 0.11361668258905411
-0.1198931336402893 0.11668787896633148 0.11309171468019485
-0.13326244056224823 0.326659619808197 0.09808614104986191
0.22900083661079407 -0.079073965549469 0.10783524066209793
-0.10634990781545639 0.26617929339408875 0.09871582686901093
0.02014630101621151 0.2085849940776825 0.10673868656158447
0.09681259095668793 0.19407449662685394 0.09669569879770279
0.13233625888824463 0.21520422399044037 0.1115337684750557
-0.18302515149116516 0.18366369605064392 0.0949854701757431
0.08848931640386581 0.0703236386179924 0.10874584317207336
-0.004599227104336023 0.22671161592006683 0.10974597185850143
0.06760688871145248 0.184360533952713 0.08656329661607742
-0.014278171584010124 0.3258145749568939 0.11922328919172287
-0.07215199619531631 0.19380764663219452 0.1093917265534401
-0.1733979731798172 -0.21246036887168884 0.0013791570672765374
0.04596821591258049 0.19994604587554932 0.10487840324640274
0.03590276092290878 0.17771632969379425 0.08963356912136078
0.03396698459982872 0.2158842384815216 0.08324956148862839
-0.17972184717655182 -0.001526764826849103 0.13340291380882263
0.0034045809879899025 0.2568456828594208 0.10533522069454193
-0.033857427537441254 0.17124053835868835 0.08222708106040955
-0.12195612490177155 0.003976404666900635 0.13622575998306274
-0.042890217155218124 -0.21627168357372284 0.13217467069625854
0.050783127546310425 0.20590054988861084 0.09974151849746704
0.021902883425354958 0.19218173623085022 0.10821378976106644
0.3200344145298004 -0.4737601578235626 -0.3184497654438019
0.04623669758439064 0.04384942725300789 0.10783016681671143
-0.031002555042505264 0.009457649663090706 0.11488644033670425
-0.2206667959690094 0.20144422352313995 0.10622730106115341
-0.02403460070490837 0.196110799908638 0.11857344955205917
0.14954744279384613 0.19726432859897614 0.11089712381362915
0.07800454646348953 0.04913844168186188 0.10170500725507736
-0.11626838147640228 0.006485266145318747 0.112369604408741
0.01531883142888546 0.2422400563955307 0.10998386144638062
0.05771889537572861 0.14120568335056305 -0.03667653352022171
0.06430042535066605 0.2073904275894165 0.10296065360307693
0.13242337107658386 0.19054831564426422 0.09565085172653198
-0.1859259307384491 0.09624358266592026 0.08412407338619232
