ply
format ascii 1.0
element vertex 2048
property float x
property float y
property float z
end_header
0.2350938320159912 -0.12632974982261658 -0.16521114110946655
-0.023684289306402206 -0.20663559436798096 -0.021721653640270233
0.06019444391131401 -0.31514766812324524 -0.03427870199084282
0.10613644123077393 -0.33438748121261597 -0.05579228699207306
-0.007493641693145037 -0.34527525305747986 -0.0037741311825811863
0.20959989726543427 -0.1352607011795044 -0.10564520210027695
0.2814963161945343 -0.3506257236003876 -0.018240399658679962
0.28463321924209595 0.1951523721218109 0.1876334398984909
-0.015340687707066536 -0.3149281442165375 -0.07798320055007935
0.05555783957242966 -0.3296288251876831 -0.027796803042292595
0.013177553191781044 -0.2044711410999298 0.2850111424922943
0.00032884825486689806 -0.1907711774110794 -0.09922779351472855
0.1187417134642601 -0.3057725429534912 0.030605260282754898
0.007906604558229446 -0.24856048822402954 0.0910041481256485
-0.09416381269693375 -0.06170821562409401 0.09756584465503693
-0.013606958091259003 -0.27557173371315 0.05415996536612511
0.10240963846445084 -0.16365781426429749 0.1906750500202179
-0.13637012243270874 0.12838530540466309 0.08026568591594696
0.030688172206282616 -0.29648521542549133 -0.2472897619009018
0.14329001307487488 -0.24324125051498413 -0.05330691486597061
0.029696423560380936 -0.20936942100524902 -0.1625971645116806
-0.05920177698135376 -0.36919698119163513 0.006216328125447035
-0.04184315353631973 0.10414520651102066 0.4750556945800781
-0.2392580509185791 -0.14765511453151703 0.0726308524608612
0.30752795934677124 0.03336985409259796 -0.16168507933616638
-0.14021217823028564 -0.24281978607177734 -0.27610769867897034
-0.29275572299957275 -0.2273358553647995 0.12428687512874603
0.1657523810863495 -0.09721384197473526 0.08496778458356857
0.02093484438955784 -0.3015918433666229 -0.14053696393966675
0.12466756254434586 -0.33402788639068604 0.07429004460573196
0.13820378482341766 -0.1534993052482605 0.05220775306224823
0.06079195812344551 -0.25290098786354065 0.02596472203731537
0.011965407058596611 -0.276665061712265 -0.07880830764770508
-0.1451648473739624 0.05964416638016701 0.1635277271270752
0.1614351123571396 -0.318135142326355 0.06206146255135536
-0.16259528696537018 0.03649873659014702 0.3148556351661682
-0.051626212894916534 -0.21727056801319122 -0.0894404724240303
0.035917047411203384 -0.16317859292030334 0.20966370403766632
-0.014938117936253548 -0.05209068953990936 0.10984336584806442
0.0937015488743782 -0.3593176305294037 0.018454717472195625
0.03616581857204437 -0.22687962651252747 0.1731269806623459
0.15016265213489532 -0.045612163841724396 0.1417037695646286
0.046619612723588943 -0.32119220495224 0.11157400161027908
0.19231946766376495 -0.3059474527835846 0.05203287675976753
-0.2374950796365738 -0.14830546081066132 0.23998068273067474
0.254302978515625 -0.2290704846382141 -0.052127402275800705
-0.0927840992808342 -0.2025606632232666 0.18981041014194489
-0.3230735659599304 -0.25891244411468506 0.06584426760673523
0.06965384632349014 -0.3164673149585724 -0.10505278408527374
-0.1251262128353119 -0.24019454419612885 0.15902327001094818
-0.02202829159796238 -0.03387714922428131 -0.1588830202817917
-0.015374278649687767 -0.3061131238937378 -0.13742691278457642
-0.22814662754535675 -0.11380048096179962 -0.15269635617733002
-0.12057849764823914 -0.343421071767807 -0.01917322538793087
0.19041399657726288 -0.275396466255188 0.05987948551774025
0.21019010245800018 -0.2995578944683075 -0.12874388694763184
-0.026776203885674477 -0.2639121413230896 0.1284986138343811
0.14574366807937622 -0.3099907636642456 0.07949705421924591
0.31070083379745483 -0.13665266335010529 0.030937030911445618
0.10559315979480743 -0.15445439517498016 0.17813850939273834
-0.20820505917072296 -0.17187602818012238 0.060890279710292816
0.1036582738161087 -0.3043293058872223 -0.034244827926158905
-0.06214681267738342 -0.27231889963150024 0.03239481896162033
-0.07929116487503052 -0.1792440563440323 0.028485869988799095
0.07493512332439423 -0.16201095283031464 -0.013683998957276344
-0.04677290469408035 -0.31717923283576965 -0.07190454751253128
-0.0313277393579483 -0.15902602672576904 0.11717799305915833
0.08169951289892197 -0.3227410614490509 0.031259194016456604
-0.10441461205482483 -0.16297204792499542 0.09379071742296219
-0.0006538350135087967 -0.31530070304870605 -0.11230342835187912
-0.3579306900501251 -0.27399489283561707 0.023011459037661552
-0.03740131855010986 -0.18376018106937408 -0.23272819817066193
-0.00964614748954773 -0.30657583475112915 -0.07543227821588516
-0.05542878806591034 -0.22454334795475006 0.14809967577457428
-0.1963721066713333 -0.23060332238674164 0.09166364371776581
-0.25161170959472656 -0.28939205408096313 0.08983642607927322
0.06904783099889755 -0.31675195693969727 -0.19777269661426544
0.023853763937950134 -0.0036164671182632446 0.22823959589004517
0.2129233032464981 -0.30253055691719055 -0.09464459121227264
-0.26126134395599365 -0.06216072663664818 0.24569812417030334
-0.04669549688696861 -0.022547336295247078 0.07811836898326874
0.04495609551668167 -0.2927857041358948 -0.020685339346528053
-0.18223288655281067 -0.22461050748825073 -0.05485525354743004
0.014555463567376137 -0.149464413523674 0.28399205207824707
0.12431786209344864 -0.1786428987979889 0.14288796484470367
0.16497258841991425 -0.0733320564031601 0.02963113971054554
0.003006438259035349 -0.35265588760375977 -0.003935677465051413
-0.038253627717494965 -0.28630536794662476 -0.356766939163208
-0.08333369344472885 -0.31492313742637634 0.05332398787140846
0.20939065515995026 -0.25443974137306213 0.045127298682928085
0.3532787561416626 -0.24481460452079773 0.012948861345648766
0.3487628102302551 -0.24664610624313354 0.00452873669564724
-0.029101021587848663 -0.061450254172086716 0.20359189808368683
-0.08725620806217194 -0.322900652885437 -0.08928155153989792
-0.24944251775741577 -0.19102343916893005 0.1982579082250595
0.25335025787353516 -0.170225128531456 0.18979543447494507
-0.24533697962760925 -0.18619617819786072 -0.28112947940826416
-0.18001064658164978 -0.18137970566749573 0.09611701965332031
0.26512399315834045 -0.2867507040500641 -0.003953245002776384
0.1843465119600296 -0.3181716203689575 0.2957201302051544
-0.46690914034843445 0.160380020737648 -0.1802775114774704
-0.22039134800434113 -0.14848250150680542 -0.004223247524350882
-0.008810864761471748 -0.17070603370666504 0.31791695952415466
0.04466918483376503 -0.19243204593658447 -0.49694138765335083
0.17039765417575836 -0.17972178757190704 -0.04617156460881233
0.07449569553136826 -0.1997338831424713 0.03213179484009743
-0.08384359627962112 -0.008641345426440239 0.20800325274467468
0.14746040105819702 -0.3142726421356201 0.030974479392170906
-0.016112109646201134 -0.281228244304657 0.0047494228929281235
-0.0029007848352193832 -0.20926953852176666 -0.3017764389514923
0.11097925156354904 -0.11697044968605042 0.05813188850879669
0.11608067899942398 -0.11454906314611435 0.03943919390439987
0.04018642008304596 -0.25152087211608887 -0.234807088971138
-0.12238768488168716 -0.25627878308296204 -0.0789690762758255
0.0673610046505928 -0.3118821382522583 0.07447320967912674
-0.06135367602109909 -0.08940736204385757 -0.05457346886396408
0.06810280680656433 -0.12479298561811447 0.014939149841666222
0.10672961175441742 -0.276776522397995 -0.27237337827682495
0.19066128134727478 -0.20423030853271484 -0.13088920712471008
-0.029264075681567192 -0.11125015467405319 0.021928850561380386
-0.1604880839586258 -0.24731823801994324 0.15451067686080933
0.005027015693485737 -0.24649673700332642 -0.23279663920402527
-0.011714190244674683 -0.3415798842906952 -0.04833591729402542
0.24191513657569885 -0.2542473077774048 0.11866921186447144
-0.02872774749994278 -0.05173730477690697 0.2982925474643707
-0.15167124569416046 -0.13018767535686493 -0.14223316311836243
-0.18457068502902985 -0.19420532882213593 -0.05552957206964493
0.014900300651788712 -0.302002876996994 0.021373160183429718
0.08298449963331223 -0.14833897352218628 0.18518537282943726
0.04260414093732834 -0.1059776321053505 0.15213558077812195
0.12222930043935776 -0.32666459679603577 -0.06450112164020538
0.1818108856678009 -0.14795541763305664 -0.013834163546562195
0.34614118933677673 -0.2811752259731293 -0.034465525299310684
-0.039491523057222366 -0.29694363474845886 -0.10293584316968918
0.12412811815738678 -0.011407578364014626 0.061363279819488525
0.028788072988390923 -0.29428988695144653 0.1752922534942627
0.05729374662041664 -0.12005400657653809 0.12274046242237091
-0.18481360375881195 -0.18335145711898804 0.19186803698539734
-0.09572285413742065 -0.23691947758197784 -0.27606648206710815
-0.17571797966957092 0.10291852056980133 0.4150841236114502
-0.0012188188266009092 -0.022746842354536057 -0.02194085530936718
0.1190750002861023 -0.299105703830719 -0.1580902636051178
0.11640462279319763 -0.3181600272655487 0.08134502172470093
0.04568599537014961 -0.22403432428836823 0.04675104841589928
-0.26753324270248413 -0.2562679946422577 -0.2504592835903168
0.05571003630757332 -0.28447094559669495 0.08010438829660416
-0.14177578687667847 -0.28002089262008667 -0.1585484743118286
-0.013377878814935684 -0.3337448537349701 -0.08850833028554916
0.19708429276943207 -0.3216060400009155 0.08933793753385544
0.1897306740283966 -0.039189353585243225 0.20391176640987396
0.21505218744277954 -0.2550930976867676 -0.17193518579006195
0.07073108106851578 -0.29179003834724426 0.04428563639521599
-0.1822093278169632 -0.2723841965198517 -0.2208663523197174
-0.08819566667079926 -0.3075900673866272 0.03205178305506706
0.08004533499479294 -0.2743716835975647 0.12145400047302246
-0.18685515224933624 -0.2760210633277893 -0.21200494468212128
-0.07559802383184433 -0.28479868173599243 0.13644801080226898
0.009751614183187485 -0.3216838538646698 -0.0976794958114624
-0.1423337459564209 -0.3316950500011444 -0.007688319776207209
0.003103081602603197 -0.08551046997308731 0.052229706197977066
-0.13006868958473206 -0.22949649393558502 0.10271735489368439
0.01277952454984188 -0.1100342720746994 -0.014651712030172348
0.06459958851337433 -0.15438848733901978 0.14261280000209808
-0.1370772421360016 -0.14622899889945984 0.23541530966758728
-0.17617899179458618 -0.33325645327568054 0.08437591791152954
0.08956713229417801 -0.3056463897228241 0.029419533908367157
-0.8148542642593384 -0.18214936554431915 -0.009480057284235954
0.15457387268543243 -0.1029159277677536 0.025274861603975296
0.029321536421775818 -0.20580153167247772 -0.029431181028485298
-0.08366578072309494 -0.3219863772392273 -0.11466211825609207
-0.25967127084732056 -0.0052236528135836124 -0.20665575563907623
0.19957871735095978 -0.2983272969722748 -0.12785634398460388
0.050345104187726974 -0.18004900217056274 0.2651251554489136
0.08636246621608734 -0.39158686995506287 0.11031565815210342
0.12488275021314621 -0.1262519657611847 0.3501390218734741
0.12358146905899048 -0.07728959619998932 0.10760081559419632
-0.11025115847587585 -0.26760804653167725 0.11459240317344666
0.08210661262273788 -0.3128058612346649 0.05341314896941185
0.21471986174583435 -0.2882733643054962 0.02962869592010975
-0.1807887703180313 -0.23938721418380737 -0.21130381524562836
0.02181408740580082 0.06263619661331177 0.0496864914894104
0.138294517993927 0.13387851417064667 -0.04421791806817055
0.008915888145565987 -0.303812712430954 0.11385003477334976
0.1403948813676834 -0.035783570259809494 -0.0034089176915585995
-0.2440526783466339 -0.08579704165458679 -0.2906789183616638
0.2504694163799286 -0.2968541383743286 0.058039166033267975
0.10679340362548828 -0.15061511099338531 0.11437124013900757
0.16251634061336517 0.08302915096282959 0.25823116302490234
-0.09696844965219498 -0.05342894420027733 -0.20435886085033417
0.02978847175836563 -0.4249260723590851 0.042014166712760925
-0.034132372587919235 -0.3257516026496887 0.06907211989164352
-0.0054367464035749435 -0.29938003420829773 -0.09039852768182755
-0.12278803437948227 -0.25402650237083435 -0.21659663319587708
0.21743975579738617 -0.2839088439941406 0.09157796949148178
-0.0032890294678509235 -0.24058276414871216 -0.025254203006625175
-0.1880311667919159 -0.21349522471427917 0.0035002469085156918
-0.17215318977832794 -0.2874801754951477 0.11550470441579819
-0.046437181532382965 -0.33923810720443726 0.030087264254689217
0.0778205394744873 -0.31641364097595215 -0.027064034715294838
0.44198858737945557 -0.3159383535385132 -0.06934016197919846
0.06311401724815369 0.032082151621580124 0.10932184010744095
0.1316222846508026 -0.14527463912963867 0.1277051717042923
0.09969885647296906 -0.29010406136512756 0.05750007554888725
-0.19318324327468872 -0.21110785007476807 -0.04062526300549507
-0.3491641581058502 -0.23045974969863892 0.01616612635552883
-0.25220274925231934 -0.09845270216464996 -0.16242042183876038
-0.00502488948404789 -0.2850284278392792 -0.3096902668476105
0.19198361039161682 -0.32932180166244507 0.0712999552488327
-0.020126577466726303 -0.2592982053756714 -0.03182431682944298
0.13864170014858246 -0.20343290269374847 0.06879103928804398
0.1510796695947647 -0.2716103196144104 -0.14208254218101501
0.14666351675987244 -0.026654716581106186 0.10577689111232758
-0.11780992150306702 -0.04611022397875786 0.34361404180526733
0.10126680135726929 -0.21812288463115692 0.17132341861724854
-0.17817144095897675 -0.1513419896364212 -0.15939821302890778
0.1317509263753891 -0.3187994360923767 -0.0028059277683496475
0.14753764867782593 -0.2675146758556366 0.029529400169849396
0.005476997699588537 -0.3028336465358734 -0.15980035066604614
0.08991029113531113 0.010652629658579826 0.12219280749559402
0.23035095632076263 -0.1611730456352234 -0.032940417528152466
0.22584381699562073 -0.011364389210939407 0.313546746969223
0.14340578019618988 -0.28928861021995544 -0.18883679807186127
-0.12194960564374924 -0.07746507972478867 0.05429869890213013
0.03286612033843994 -0.2895040512084961 0.0070243654772639275
-0.06231054663658142 -0.2142755538225174 0.11071839928627014
-0.09255379438400269 -0.16150811314582825 0.21945561468601227
0.008773600682616234 -0.07506062090396881 0.20860555768013
0.06558658927679062 -0.2537282407283783 -0.23605775833129883
0.14170557260513306 -0.11348526179790497 0.11681758612394333
-0.06934750825166702 -0.12861886620521545 0.3256358504295349
-0.2358083724975586 0.08486735075712204 -0.0679326206445694
0.15860742330551147 0.08894956856966019 0.1921302080154419
-0.036558981984853745 -0.3487659990787506 -0.05604090169072151
0.07070107758045197 -0.16334499418735504 -0.1892101913690567
0.16379763185977936 -0.1660357415676117 0.1391018033027649
-0.053653668612241745 -0.3383064866065979 0.07264744490385056
-0.017754316329956055 -0.10443180054426193 -0.016216009855270386
0.07159941643476486 -0.22953927516937256 0.11557429283857346
-0.03301453962922096 -0.2613266706466675 0.017780939117074013
-0.17851872742176056 -0.19779542088508606 0.08984652906656265
0.05698210000991821 -0.2999165952205658 -0.233494833111763
-0.170232892036438 0.00471855141222477 0.12705790996551514
-0.13462306559085846 -0.35751286149024963 -0.0053014871664345264
0.25674423575401306 -0.12067117542028427 -0.05924113467335701
-0.04440657049417496 -0.1343846172094345 -0.061467502266168594
0.0202285535633564 -0.2561562657356262 -0.06559570878744125
-0.3870185315608978 0.3378143906593323 0.13601113855838776
0.013764902949333191 -0.07497118413448334 0.0784447193145752
0.0011136829853057861 -0.19675302505493164 0.012350093573331833
0.13613848388195038 -0.2747964859008789 0.0044758557341992855
0.12889070808887482 -0.2928909659385681 0.0452653169631958
-0.08065677434206009 -0.0004714773967862129 0.2222803831100464
-0.10600680857896805 -0.29939374327659607 0.24871458113193512
-0.2849137783050537 -0.21007494628429413 0.06989776343107224
-0.10252059996128082 -0.3161379396915436 -0.10485551506280899
0.08304182440042496 -0.161035418510437 0.0004574867198243737
0.02890632674098015 -0.32977360486984253 -0.07834142446517944
0.15141260623931885 -0.32323920726776123 0.03690706193447113
-0.04241316393017769 -0.2027464061975479 -0.005711494013667107
-0.03454482555389404 -0.22938211262226105 0.023163732141256332
-0.030038591474294662 -0.272721529006958 0.10542084276676178
0.04378759488463402 -0.07986806333065033 0.04768615961074829
0.057408373802900314 -0.27604877948760986 0.05301929637789726
0.1232663169503212 -0.2892404794692993 0.15133513510227203
-0.05121004208922386 -0.30684134364128113 -0.1035691574215889
0.07587135583162308 -0.3108968734741211 -0.10334007441997528
0.07145682722330093 -0.08280164003372192 0.009983021765947342
0.12415199726819992 -0.2454778105020523 0.18826685845851898
0.0025921224150806665 -0.2940351963043213 -0.058512888848781586
0.10356394946575165 -0.31019172072410583 -0.09509532153606415
-0.014131471514701843 -0.33555591106414795 -0.002984588034451008
0.14648392796516418 -0.16485287249088287 -0.01960093528032303
0.08024030923843384 -0.2827695310115814 0.0767984464764595
0.11227695643901825 -0.05040314048528671 0.0559123158454895
0.03476252779364586 -0.14092621207237244 0.24063871800899506
-0.12066590785980225 -0.2257632166147232 -0.12666013836860657
-0.014972178265452385 -0.1595098376274109 0.18611861765384674
0.009751420468091965 -0.1412845104932785 0.12766413390636444
0.07232572138309479 -0.05981254205107689 0.1915159374475479
0.14134112000465393 -0.04664159193634987 0.22419466078281403
0.07364941388368607 0.03712695837020874 0.18368986248970032
0.05797016620635986 -0.32798150181770325 -0.002437405288219452
-0.07774839550256729 -0.29990220069885254 -0.06104255095124245
-0.09081874787807465 -0.30364006757736206 0.10774049907922745
-0.11468899995088577 -0.29395222663879395 -0.11438076943159103
0.055729713290929794 -0.22631536424160004 0.1964344084262848
0.21290723979473114 -0.11641857773065567 -0.12337038666009903
-0.15642057359218597 -0.14795561134815216 -0.18135672807693481
-0.17236503958702087 -0.2605435848236084 0.09395693987607956
0.14113293588161469 -0.221978098154068 -0.028031745925545692
0.0773417130112648 -0.23767606914043427 -0.015162462368607521
-0.08214292675256729 -0.2032090127468109 -0.10783834010362625
0.18390807509422302 -0.23626376688480377 0.01384212076663971
0.13541188836097717 -0.2909654974937439 -0.09770763665437698
-0.12563668191432953 -0.2351389080286026 0.14257100224494934
-0.13371169567108154 -0.28374701738357544 0.03539499640464783
-0.01302889920771122 -0.11311692744493484 0.17898638546466827
0.10441912710666656 -0.29677706956863403 -0.16425618529319763
-0.301078200340271 -0.3222450613975525 0.12436071038246155
-0.19464847445487976 -0.4271577298641205 0.1296226531267166
0.1590414196252823 -0.3046353757381439 -0.09061689674854279
0.11577260494232178 -0.296138733625412 0.02243710868060589
-0.024852247908711433 0.019661208614706993 0.17395636439323425
-0.09957338869571686 -0.08892830461263657 0.065301313996315
0.06415925920009613 -0.30633053183555603 -0.1680200845003128
-0.018443187698721886 -0.29773008823394775 0.04175930842757225
0.10054857283830643 -0.12592396140098572 0.10254786163568497
0.07925339043140411 -0.11835157126188278 0.10496120899915695
-0.3222360908985138 -0.33216869831085205 0.10035575181245804
0.056999899446964264 -0.30937913060188293 -0.07784640043973923
-0.5065099000930786 0.45598170161247253 -0.012682227417826653
0.08257932215929031 0.06305171549320221 0.20543183386325836
0.08094511181116104 -0.30720049142837524 -0.15070751309394836
0.12854818999767303 -0.3368494510650635 0.046910300850868225
-0.16364064812660217 -0.1461542546749115 -0.13031014800071716
-0.011793939396739006 -0.26631325483322144 0.06805592775344849
-0.2607254087924957 -0.03475946933031082 0.0018075176049023867
-0.08621745556592941 -0.2924107015132904 0.07325673848390579
0.09888040274381638 -0.225901260972023 0.05779872462153435
0.07869082689285278 -0.1523127406835556 -0.019145168364048004
-0.01325639896094799 -0.14715315401554108 -0.09002019464969635
-0.07692860066890717 -0.3071496784687042 -0.09659932553768158
-0.3083086907863617 -0.05834498628973961 0.22233816981315613
-0.27229946851730347 -0.1566242277622223 -0.29540061950683594
0.044000301510095596 0.010215183719992638 0.33075061440467834
-0.06953895092010498 -0.12712199985980988 -0.13414093852043152
0.2193065732717514 -0.20578324794769287 -0.09488678723573685
0.10248161107301712 -0.24030011892318726 -0.0028736540116369724
-0.3972621560096741 -0.08202312141656876 -0.14246834814548492
-0.0007704801391810179 -0.18928121030330658 -0.0024152174592018127
0.09521669149398804 -0.2999553382396698 0.10061157494783401
0.056293752044439316 -0.11746341735124588 0.20874693989753723
0.10975994914770126 -0.29606398940086365 -0.2540757954120636
0.04013635590672493 -0.28561607003211975 0.11370927095413208
0.18136635422706604 -0.2690580487251282 -0.09464239329099655
-0.035255905240774155 -0.3711114227771759 0.12375643849372864
-0.011857423931360245 -0.29728296399116516 -0.02542196214199066
0.11749035865068436 -0.22292880713939667 0.23066024482250214
0.23535113036632538 -0.057295940816402435 0.09384484589099884
-0.008981708437204361 -0.0470685139298439 0.1033647209405899
-0.06901326775550842 -0.14426766335964203 -0.137441948056221
0.12285328656435013 -0.039898231625556946 -0.1945873647928238
-0.08335638046264648 -0.256757915019989 -0.2955796718597412
0.03491378203034401 -0.33508986234664917 -0.09653834998607635
0.02849658578634262 -0.3072358965873718 -0.14575111865997314
0.04625627398490906 -0.21863475441932678 -0.08398889005184174
0.03520350158214569 -0.3060886859893799 -0.027576446533203125
-0.13930466771125793 -0.2609192430973053 0.05983448028564453
-0.013710612431168556 -0.2634201943874359 0.10699089616537094
0.2416936755180359 -0.0942634791135788 0.20263807475566864
0.03799508512020111 -0.33197930455207825 0.00047903915401548147
0.19213680922985077 -0.18095533549785614 0.12381336092948914
-0.035077862441539764 -0.1817140430212021 0.15581385791301727
-0.21706582605838776 -0.11597897112369537 0.4006291925907135
0.04094132035970688 -0.3412950038909912 0.039372190833091736
-0.12433748692274094 -0.13336066901683807 -0.21124893426895142
-0.05400051549077034 -0.11403205245733261 -0.08920514583587646
-0.3422255218029022 -0.13338129222393036 0.012211594730615616
0.20849058032035828 0.2134964019060135 0.5206989049911499
0.26800721883773804 -0.029581382870674133 0.23952829837799072
0.1610499620437622 -0.25348925590515137 -0.17775924503803253
0.07532842457294464 -0.24935463070869446 -0.5329287648200989
0.09653686732053757 -0.03912477195262909 -0.1317385882139206
-0.18718264997005463 -0.29469481110572815 -0.1041027158498764
0.07097416371107101 -0.2108551412820816 0.06762760132551193
-0.1301981657743454 -0.19144777953624725 -0.1088356077671051
0.08695166558027267 -0.34273815155029297 -0.0045870826579630375
-0.12158255279064178 0.11800944805145264 0.0709262490272522
-0.02303960733115673 -0.0795414000749588 -0.02033155970275402
0.0018004394369199872 -0.3846788704395294 0.4152567982673645
0.04954008385539055 -0.3067691922187805 -0.1081133633852005
0.14328134059906006 -0.04876039922237396 -0.006367326248437166
-0.12148095667362213 -0.1763082593679428 0.24083693325519562
-0.12458320707082748 -0.2416342794895172 -0.28422534465789795
0.026958730071783066 -0.2141583114862442 0.139614537358284
0.16105885803699493 -0.17980526387691498 0.0750277042388916
0.21416139602661133 -0.32113468647003174 -0.2436012178659439
-0.42157864570617676 -0.23392628133296967 -0.3580871522426605
0.09670406579971313 -0.34257954359054565 0.08051404356956482
-0.10613945871591568 -0.03601023927330971 -0.06544503569602966
-0.21543088555335999 -0.0038689575158059597 0.12785562872886658
-0.14386221766471863 -0.179437056183815 -0.06490234285593033
-0.0008093812502920628 -0.27300897240638733 -0.1651127189397812
0.07044544816017151 -0.2872665226459503 -0.2876250743865967
0.10401180386543274 -0.21773195266723633 -0.06048273295164108
-0.00955546461045742 -0.2485436499118805 0.10284781455993652
-0.17313842475414276 -0.25830399990081787 -0.03032260201871395
-0.06786953657865524 -0.2020241618156433 0.0291338711977005
0.0953122228384018 -0.16461949050426483 0.26979294419288635
-0.25939708948135376 -0.181311696767807 0.11648722738027573
0.2791348099708557 -0.2875742018222809 0.00788927637040615
-0.040970977395772934 -0.3254414200782776 0.10203206539154053
0.11969904601573944 -0.29157859086990356 -0.2250620573759079
0.08861499279737473 -0.28110408782958984 -0.18860767781734467
-0.13943779468536377 -0.1968899369239807 0.14660735428333282
0.10461019724607468 -0.35458067059516907 0.049855299293994904
-0.07961717993021011 -0.3636571764945984 -0.07723397016525269
0.12137044966220856 -0.23169322311878204 -0.023882200941443443
0.11847680807113647 -0.13113948702812195 0.17684540152549744
-0.016860755160450935 -0.15232208371162415 -0.006448179949074984
0.282020628452301 -0.02803235873579979 0.09756043553352356
0.0601339265704155 -0.19327066838741302 -0.04825513809919357
-0.2579389810562134 -0.266595721244812 0.0691131129860878
0.13414083421230316 -0.19505199790000916 0.2404056340456009
-0.10294404625892639 -0.2870810329914093 -0.17428182065486908
-0.1808384656906128 -0.2775883376598358 -0.1668747216463089
0.15044575929641724 -0.40682122111320496 0.07342980802059174
0.08348604291677475 -0.15781202912330627 0.2694312632083893
-0.2827708125114441 -0.258417010307312 0.10988735407590866
-0.0922335535287857 -0.3208061754703522 -0.10506489127874374
0.02403658628463745 -0.13991433382034302 0.16971024870872498
0.01719052903354168 -0.20782513916492462 0.0693398118019104
-0.12972798943519592 -0.13571679592132568 0.19270087778568268
0.194436177611351 0.06986162066459656 0.27776655554771423
-0.18489260971546173 -0.25970974564552307 -0.21561849117279053
0.05233171582221985 -0.3326840400695801 0.032090701162815094
-0.2470504492521286 -0.23604334890842438 -0.12737005949020386
0.08079621940851212 -0.15177780389785767 0.20334722101688385
0.025293558835983276 -0.29004988074302673 0.07353297621011734
-0.2861957848072052 -0.23784349858760834 -0.10425349324941635
-0.001377681503072381 -0.36180463433265686 -0.03285898640751839
-0.20207184553146362 -0.1421128809452057 0.18115508556365967
-0.07654231786727905 -0.01653856411576271 0.5581294894218445
-0.09021801501512527 -0.29809483885765076 -0.05203266441822052
0.043288517743349075 -0.2821883261203766 0.1689731627702713
0.26458296179771423 -0.3369942903518677 0.05080964416265488
-0.045966267585754395 -0.1930650919675827 0.006401576567441225
0.15868157148361206 -0.08118724077939987 0.21510405838489532
-0.1638883501291275 -0.4837794303894043 0.10478953272104263
0.09676212072372437 -0.2904963493347168 -0.1526160091161728
-0.29796770215034485 -0.1751454919576645 0.142362579703331
0.0702577754855156 -0.33905670046806335 0.03457922488451004
-0.04877825826406479 -0.21045398712158203 -0.2491086721420288
0.028448287397623062 -0.2600348889827728 -0.2227322906255722
0.0073095327243208885 -0.23636768758296967 -0.2195199728012085
0.2409076690673828 -0.29043763875961304 -0.029546024277806282
-0.11491981148719788 -0.1443823128938675 -0.011219888925552368
-0.19231906533241272 -0.14298167824745178 0.11965219676494598
-0.04980330169200897 -0.2818926274776459 0.1209666058421135
-0.017785407602787018 -0.3078257739543915 -0.025869861245155334
0.08443588763475418 -0.10156698524951935 -0.1681489497423172
0.11390755325555801 -0.054632287472486496 0.3122680187225342
0.1537664383649826 0.02392936497926712 0.19909153878688812
0.13272926211357117 -0.2615402638912201 -0.07054980099201202
-0.04031340405344963 -0.25822511315345764 0.13550204038619995
0.16658391058444977 -0.2790081202983856 -0.16858446598052979
0.25223296880722046 -0.18068291246891022 0.06934401392936707
-0.04326852411031723 -0.21003107726573944 -0.24032726883888245
-0.08626905828714371 -0.13604089617729187 0.09911353886127472
-0.059363432228565216 -0.25041359663009644 -0.21620051562786102
0.013774577528238297 0.014400700107216835 0.3280998468399048
-0.023465991020202637 -0.2930133640766144 -0.29609882831573486
-0.11268745362758636 0.10077479481697083 0.1834653913974762
-0.005348375998437405 0.026864035055041313 0.175755113363266
-0.1806982308626175 -0.26763713359832764 -0.1984800398349762
0.10306427627801895 -0.03312245383858681 0.3098963797092438
-0.01338225044310093 -0.22726590931415558 -0.04917721077799797
-0.003445741254836321 -0.32094845175743103 -0.11452265828847885
0.017631882801651955 -0.2784675359725952 0.0383293442428112
0.22777995467185974 -0.14704719185829163 0.14796529710292816
0.2622520327568054 0.04119385406374931 0.04299185052514076
0.1474098414182663 -0.29725876450538635 -0.09169811010360718
0.17051386833190918 -0.30153560638427734 0.02944544143974781
0.11823389679193497 -0.3204757273197174 -0.02343619428575039
0.07090138643980026 0.011978808790445328 0.07917999476194382
-0.01592479646205902 -0.1269785761833191 0.08399317413568497
-0.2723175287246704 -0.23722922801971436 -0.23171404004096985
-0.08050388842821121 -0.306710809469223 -0.13381507992744446
0.006786259822547436 -0.23312649130821228 -0.084792360663414
-0.3473326861858368 -0.24553221464157104 -0.37069955468177795
0.18560294806957245 -0.3571107089519501 0.05104639753699303
-0.21192613244056702 -0.17759233713150024 -0.27413469552993774
-0.15973243117332458 -0.33982527256011963 -0.13442179560661316
-0.2435140460729599 -0.31329336762428284 0.0061715031042695045
-0.09671488404273987 -0.3107302486896515 -0.06864158064126968
0.07029977440834045 -0.3185020387172699 0.019827699288725853
0.030200181528925896 -0.3127616047859192 -0.11698313802480698
0.1441199779510498 -0.06811532378196716 0.34096506237983704
0.13657428324222565 -0.1524936705827713 -0.058917511254549026
0.06361474096775055 -0.3185157775878906 -0.03622742369771004
0.12257400155067444 -0.2785530388355255 -0.250775009393692
-0.0558781772851944 0.09144390374422073 0.2739908993244171
-0.12293200939893723 -0.23765896260738373 0.1381823718547821
-0.11414292454719543 -0.2883417010307312 0.0033108764328062534
-0.15295296907424927 -0.3443191349506378 0.1312926560640335
0.10942188650369644 -0.05590256676077843 0.15396493673324585
0.14976543188095093 -0.24172848463058472 -0.0955139771103859
-0.2494523525238037 -0.1981716752052307 -0.050505343824625015
0.03115282766520977 -0.30637049674987793 0.02166428044438362
0.20304301381111145 -0.18624795973300934 -0.0417819507420063
0.1617022305727005 -0.28384724259376526 -0.046707283705472946
-0.009046399965882301 -0.20918162167072296 0.07237863540649414
-0.11043359339237213 -0.006569855380803347 0.23345248401165009
0.14051175117492676 0.05425548925995827 0.23258920013904572
0.07877206802368164 -0.20867207646369934 0.14806951582431793
-0.09199488908052444 -0.3109849691390991 -0.1467951238155365
0.06929886341094971 -0.313681960105896 0.02563599683344364
-0.026442304253578186 -0.05008695647120476 0.18586862087249756
0.002640694845467806 0.07725607603788376 0.24268898367881775
-0.2243328094482422 0.04045268893241882 -0.17371396720409393
-0.07546761631965637 -0.2494320273399353 0.11341029405593872
0.1833384782075882 0.06198490411043167 -0.04463718459010124
-0.05876804515719414 -0.32415640354156494 -0.09246436506509781
-0.06156119704246521 -0.348219096660614 -0.019800925627350807
-0.007030746433883905 -0.3063226640224457 0.05831511691212654
0.023184772580862045 -0.09936279058456421 0.2052047848701477
0.06398790329694748 -0.31056398153305054 0.04961581155657768
0.1526814103126526 -0.06283462792634964 0.32233119010925293
0.10832862555980682 -0.34461379051208496 0.05515531077980995
0.1296183466911316 -0.3141041398048401 -0.035070013254880905
-0.07937215268611908 -0.24681444466114044 0.12895165383815765
-0.14849552512168884 0.034737758338451385 0.20896825194358826
-0.09974684566259384 -0.13907139003276825 0.09644440561532974
-0.06488396972417831 -0.2501545250415802 0.09497322887182236
-0.029853813350200653 -0.33527666330337524 -0.2501862943172455
0.08252201229333878 -0.3003268539905548 -0.03799578547477722
0.1373613476753235 -0.31286758184432983 -0.1281539499759674
-0.1926625818014145 -0.26049935817718506 0.1281396746635437
-0.00936177745461464 -0.32920241355895996 -0.056957148015499115
-0.04303634166717529 -0.15433625876903534 -0.18481187522411346
0.11477063596248627 -0.13612191379070282 -0.1271558254957199
-0.14960668981075287 -0.10365797579288483 -0.02740483544766903
0.030813351273536682 -0.2346503734588623 -0.06567320227622986
-0.014671873301267624 -0.41105979681015015 0.05700401961803436
0.18186438083648682 -0.21930766105651855 0.18731063604354858
0.24410699307918549 -0.16066163778305054 -0.06010271981358528
-0.10211294144392014 -0.3149679899215698 -0.11060973256826401
-0.13804207742214203 -0.27855461835861206 -0.18348181247711182
-0.008291235193610191 -0.2573661804199219 -0.14861804246902466
0.10860458016395569 -0.2525480389595032 0.01977481134235859
0.05048426240682602 -0.21040599048137665 0.12041721493005753
-0.14708125591278076 -0.10891474783420563 -0.11802446842193604
0.15072910487651825 -0.1393488049507141 -0.10481561720371246
-0.13411110639572144 -0.06693492829799652 -0.06408898532390594
0.03606746718287468 -0.30187278985977173 -0.08757888525724411
0.014564210548996925 -0.16252706944942474 0.002178157214075327
0.06466756016016006 -0.16020990908145905 0.08589097112417221
0.18918275833129883 -0.26682958006858826 -0.181682750582695
0.2553662061691284 -0.14755800366401672 0.0964425653219223
0.12502361834049225 -0.31476306915283203 -0.08569858223199844
0.007733954582363367 -0.11394066363573074 0.018552331253886223
-0.004428564570844173 -0.3126055896282196 -0.3161958158016205
0.34232863783836365 0.045270275324583054 0.23090924322605133
0.04972410947084427 -0.23734478652477264 0.36352360248565674
0.0733046680688858 -0.26917216181755066 -0.09944818913936615
-0.053603414446115494 -0.15772490203380585 0.11949445307254791
0.04601433500647545 -0.2905219793319702 0.05361497029662132
-0.12244386970996857 -0.060312144458293915 0.3595918118953705
0.18438959121704102 -0.12402444332838058 0.13213714957237244
-0.027997959405183792 -0.36167898774147034 -0.22820943593978882
0.05285971611738205 -0.22072018682956696 -0.06845957040786743
0.2837498188018799 -0.06567094475030899 0.019079629331827164
0.0898197740316391 -0.34220486879348755 0.0848260372877121
0.28304198384284973 -0.12253441661596298 -0.14448434114456177
0.1586771011352539 -0.33813410997390747 -0.104829803109169
-0.1169353500008583 -0.18213523924350739 -0.029592527076601982
0.24358242750167847 -0.33972230553627014 0.01761564426124096
-0.13877256214618683 -0.2242363542318344 0.010206542909145355
0.060565412044525146 -0.27263927459716797 0.059522874653339386
0.09829975664615631 -0.12099412828683853 0.11640506237745285
0.06988390535116196 -0.2988206148147583 -0.10642590373754501
-0.1719638854265213 -0.3063269257545471 0.07636570930480957
-0.00747680151835084 -0.0812041312456131 0.011072516441345215
0.2631326913833618 -0.15113644301891327 -0.12235049903392792
0.08509094268083572 -0.3126860558986664 -0.009517891332507133
-0.16259333491325378 -0.3332940638065338 0.01727675460278988
-0.1515091061592102 -0.16249142587184906 0.17027772963047028
-0.16497163474559784 0.09894994646310806 -0.16381029784679413
-0.4463280737400055 0.10455566644668579 0.05785086378455162
0.08276853710412979 -0.23971889913082123 0.02804126776754856
-0.049588657915592194 -0.09718435257673264 0.21444830298423767
0.0979820266366005 -0.28810349106788635 0.06805475801229477
-0.007083924021571875 0.00418317224830389 0.23901312053203583
0.07603975385427475 0.04973730444908142 0.2777734696865082
0.0554613396525383 -0.2822473347187042 -0.11853678524494171
-0.05360034853219986 -0.001923220930621028 -0.2789715826511383
0.05559312924742699 -0.30432766675949097 -0.16903533041477203
0.012270469218492508 -0.3345080316066742 -0.06430134177207947
-0.01802157051861286 -0.2608761787414551 0.12332899123430252
-0.02504005841910839 -0.3832506835460663 -0.2974543273448944
0.12138979882001877 -0.03644907474517822 -0.25507932901382446
-0.029598120599985123 0.006087054498493671 0.18677887320518494
-0.020741978660225868 -0.26844796538352966 -0.004730337765067816
-0.11924338340759277 -0.32814863324165344 0.07755163311958313
-0.22667311131954193 -0.20223911106586456 0.1615956425666809
0.03398469090461731 -0.25905078649520874 -0.2161916345357895
-0.2103457897901535 -0.24372214078903198 -0.013147307559847832
-0.14434680342674255 -0.17456039786338806 0.05444823205471039
-0.23942221701145172 -0.023495743051171303 0.11985448002815247
-0.07822398096323013 -0.2815627157688141 -0.17880895733833313
0.17079532146453857 -0.29234805703163147 0.1474185585975647
0.12946541607379913 -0.3156357407569885 -0.07298549264669418
-0.020448708906769753 -0.3030649721622467 0.048734281212091446
0.032189350575208664 -0.23033380508422852 0.04010562598705292
0.005134940147399902 -0.07960573583841324 0.17881514132022858
0.12045658379793167 -0.24913275241851807 0.08626917749643326
0.12142010778188705 -0.20536397397518158 0.15013065934181213
-0.07669283449649811 -0.26543325185775757 0.13789017498493195
0.3223872184753418 0.02367544360458851 -0.11574608087539673
0.01508353278040886 -0.2786981165409088 -0.11661934852600098
-0.10559268295764923 -0.33304768800735474 -0.17391015589237213
0.09056483954191208 -0.30142855644226074 0.05460866540670395
-0.27224433422088623 0.037465281784534454 -0.21284015476703644
-0.23636986315250397 -0.043242160230875015 -0.01965595968067646
-0.06051608547568321 -0.16685035824775696 -0.01352032832801342
0.11370423436164856 -0.22695623338222504 -0.04342884570360184
0.1471618264913559 -0.29709410667419434 -0.08015478402376175
-0.1272786259651184 0.007259797304868698 0.43286800384521484
-0.18275423347949982 -0.15886615216732025 -0.11268476396799088
0.004507024306803942 -0.334552139043808 -0.0251553226262331
-0.056635238230228424 -0.12557823956012726 0.24606205523014069
0.08316546678543091 -0.3407042324542999 0.017579391598701477
-0.0030476022511720657 -0.3159079849720001 0.026136141270399094
-0.07290643453598022 0.07634413987398148 0.0789637565612793
0.04627940058708191 -0.2965059280395508 -0.010458694770932198
0.08928696811199188 -0.338073194026947 0.07092835754156113
-0.271258145570755 -0.25705990195274353 0.10510330647230148
0.46368032693862915 0.11900344491004944 0.17250341176986694
0.12415675818920135 -0.29561424255371094 -0.10660967975854874
0.13822509348392487 -0.04343719407916069 0.2566722333431244
0.03963465243577957 -0.2489270567893982 -0.022506624460220337
-0.09078249335289001 -0.0920865461230278 0.15528708696365356
0.11850292235612869 -0.18587638437747955 -0.1734643280506134
-0.014363270252943039 -0.3213459551334381 -0.1034632995724678
0.027033716440200806 -0.15579253435134888 0.0013085418613627553
-0.0155321154743433 -0.29705870151519775 -0.19751927256584167
-0.1575055569410324 -0.20090220868587494 0.20631849765777588
0.20941162109375 -0.3095426559448242 -0.00855289027094841
0.026286210864782333 -0.30420607328414917 -0.41468313336372375
0.17273859679698944 -0.346561074256897 0.08974025398492813
0.07656478136777878 -0.2770029306411743 -0.05165558308362961
-0.12416783720254898 -0.1892360895872116 -0.17889253795146942
-0.08070094883441925 -0.03591173514723778 0.07163640111684799
0.21091888844966888 0.022816408425569534 0.14995940029621124
-0.13599428534507751 -0.0824713185429573 0.288524866104126
0.09227948635816574 -0.2886432111263275 -0.11846457421779633
0.01430724561214447 -0.20401598513126373 0.16544854640960693
-0.25944626331329346 -0.1404244750738144 0.14526879787445068
0.2609630525112152 -0.04514668881893158 -0.016704050824046135
-0.06804893165826797 -0.28279152512550354 -0.0807589590549469
0.14248670637607574 -0.19973190128803253 -0.001521250233054161
0.10416997224092484 -0.28862327337265015 0.3099314868450165
0.07338197529315948 -0.27610206604003906 0.1540614515542984
0.10375508666038513 -0.09607037901878357 -0.1630796641111374
0.18703067302703857 -0.3080415427684784 0.06518217921257019
-0.07852243632078171 -0.12694880366325378 0.07828168570995331
0.0037714848294854164 -0.3045292794704437 -0.5483841300010681
-0.10490739345550537 -0.23383960127830505 0.12665832042694092
0.00435217097401619 -0.1793317347764969 -0.09997563809156418
-0.1731060892343521 -0.15977351367473602 0.07361824065446854
0.078541100025177 -0.1508491337299347 0.19003228843212128
0.11960356682538986 -0.32574015855789185 -0.05583954229950905
-0.09300107508897781 -0.2642591595649719 -0.17791472375392914
0.14051160216331482 -0.3363312780857086 0.06677065789699554
0.03485654667019844 -0.3222448527812958 -0.05079328268766403
-0.0038259238936007023 -0.3131154775619507 -0.07366124540567398
-0.03719187527894974 -0.042476773262023926 0.09713363647460938
-0.1936521977186203 -0.06682204455137253 -0.0794856995344162
0.0871761292219162 -0.08545991778373718 0.161778062582016
-0.09040562808513641 -0.08903846144676208 0.1297580897808075
0.015624107792973518 -0.26727569103240967 -0.17064417898654938
0.0010344920447096229 -0.20315785706043243 0.18845321238040924
0.06555882841348648 -0.1733909547328949 -0.03963533788919449
-0.2140880674123764 -0.3227390944957733 0.0994529128074646
0.004354456439614296 -0.3356653153896332 -0.028746046125888824
-0.0927722230553627 -0.08270584046840668 -0.17695991694927216
-0.08326293528079987 -0.11156012117862701 0.0631912350654602
0.21257193386554718 0.06929992139339447 -0.011189157143235207
-0.19744424521923065 -0.26170414686203003 0.03957187384366989
0.010371539741754532 -0.2691129446029663 -0.005674826912581921
0.1784110814332962 -0.10908377915620804 -0.30780696868896484
0.16936707496643066 -0.2987835705280304 -0.07569039613008499
-0.008520955219864845 -0.23750586807727814 -0.1030820906162262
-0.2843611538410187 -0.18879255652427673 0.01515338197350502
-0.20712096989154816 -0.09811775386333466 0.24895022809505463
0.2989683747291565 -0.19664886593818665 -0.08713892847299576
-0.004079925827682018 -0.31598350405693054 0.0011946128215640783
-0.11895254254341125 -0.2390180230140686 0.11193769425153732
0.16485977172851562 0.2858618199825287 0.41923797130584717
0.10767285525798798 -0.027431318536400795 0.26591140031814575
-0.13507486879825592 -0.14909079670906067 -0.13025113940238953
-0.058010198175907135 -0.1484435647726059 0.20995546877384186
0.000128929503262043 -0.2749137580394745 -0.07335818558931351
0.24446024000644684 -0.28476765751838684 -0.254035621881485
0.2684274911880493 -0.08042613416910172 0.1668483167886734
0.053371675312519073 -0.24658869206905365 -0.0006930113304406404
0.20386043190956116 -0.31445416808128357 0.06677841395139694
-0.003883940167725086 -0.22681136429309845 0.13886500895023346
0.006325025111436844 -0.275547593832016 0.02449045516550541
0.017971927300095558 -0.17319278419017792 0.16807155311107635
0.14720089733600616 0.09560195356607437 0.10553751140832901
-0.16072578728199005 -0.1756564825773239 0.10011771321296692
0.1164376512169838 -0.1431986391544342 -0.23685410618782043
0.09960298985242844 -0.30145153403282166 -0.05277542024850845
-0.003203529864549637 -0.3400009274482727 -0.05955391004681587
0.24420058727264404 -0.19316180050373077 0.06021774187684059
0.03095860965549946 -0.3241555094718933 0.01314011961221695
0.016402970999479294 -0.2972886562347412 0.04504779726266861
-0.08413206040859222 -0.3182860016822815 0.0768895223736763
0.043086353689432144 -0.24816977977752686 0.11850768327713013
0.20416651666164398 -0.221206933259964 -0.027823876589536667
-0.1302126944065094 -0.22989290952682495 0.11083715409040451
0.13769884407520294 -0.1926593780517578 0.0387919656932354
-0.06856746971607208 -0.17072737216949463 -0.05043206736445427
0.08643875271081924 -0.25404995679855347 0.04481777548789978
-0.012953851372003555 -0.238324835896492 -0.03918727859854698
-0.10021581500768661 -0.19873382151126862 -0.2732371687889099
0.01916595920920372 -0.3232897222042084 -0.04903100058436394
-0.11648137122392654 -0.03660278394818306 0.11880183219909668
-0.0791071280837059 -0.2513536214828491 -0.12219149619340897
-0.02559978887438774 -0.2989870607852936 -0.07525388151407242
0.21353696286678314 -0.28703776001930237 -0.12904097139835358
-0.0337289497256279 -0.1372625231742859 0.24046821892261505
0.12344539910554886 -0.1914518177509308 0.012368317693471909
-0.11287716776132584 -0.31964242458343506 -0.0006602751091122627
-0.15732115507125854 -0.24954262375831604 0.04862246289849281
-0.08441461622714996 -0.2540145814418793 -0.14741452038288116
0.121579110622406 -0.23434074223041534 -0.24032823741436005
0.03604014962911606 -0.32182174921035767 -0.11416178196668625
-0.18519599735736847 -0.30457642674446106 -0.04065689444541931
0.06977556645870209 -0.2339320331811905 0.10884223878383636
-0.17284488677978516 -0.2454582005739212 0.13400253653526306
0.0670245960354805 -0.22642971575260162 0.025347281247377396
0.11280004680156708 -0.31533440947532654 0.13139349222183228
-0.1541701853275299 -0.16844391822814941 -0.15230987966060638
0.002543292474001646 -0.31439825892448425 -0.08841795474290848
-0.028779027983546257 -0.34001943469047546 0.039614301174879074
0.018426494672894478 -0.32010096311569214 -0.11103761196136475
-0.155414417386055 -0.13248668611049652 -0.2565635144710541
0.18918214738368988 -0.2283817082643509 -0.050101179629564285
-0.09494513273239136 -0.04344846308231354 0.18544791638851166
-0.10972974449396133 -0.1480312943458557 0.17849457263946533
-0.10420063138008118 -0.25368475914001465 0.1012338325381279
0.07915586233139038 -0.28449487686157227 -0.10605058819055557
-0.0076781683601439 -0.3242977261543274 -0.02518911100924015
-0.40483784675598145 0.020578283816576004 -0.18149693310260773
0.24924343824386597 -0.18959710001945496 -0.12535960972309113
-0.12417834252119064 -0.24194876849651337 -0.12313728779554367
-0.1314491629600525 -0.171473428606987 -0.39914366602897644
0.36493706703186035 0.04853202402591705 0.030053485184907913
0.06046159937977791 -0.26058709621429443 -0.05074164271354675
-0.22831304371356964 -0.2897428870201111 -0.01208161748945713
-0.026685889810323715 -0.220253586769104 0.0975821390748024
0.07699281722307205 -0.24099859595298767 -0.11539089679718018
0.0560578852891922 -0.28722789883613586 0.14698129892349243
0.009904922917485237 -0.3021649718284607 -0.01408437080681324
0.283794105052948 -0.20339025557041168 0.13052022457122803
0.11800912767648697 -0.2202160507440567 -0.03679953143000603
-0.11098819226026535 -0.1330885887145996 0.0394776277244091
0.26134368777275085 -0.32032546401023865 0.10424882918596268
0.11019190400838852 -0.2810170352458954 -0.04282236099243164
0.19609156250953674 -0.2244425117969513 -0.10037459433078766
0.024572711437940598 -0.2932208478450775 -0.257655531167984
0.14598874747753143 -0.28469210863113403 -0.07501921057701111
-0.18748971819877625 -0.2551559805870056 -0.0833822563290596
-0.12679164111614227 -0.3334638476371765 -0.1851429045200348
0.20819859206676483 -0.2907578647136688 -0.06462559849023819
-0.10179274529218674 -0.26895496249198914 0.11159520596265793
0.09738074988126755 -0.337212473154068 0.36423197388648987
0.016673868522047997 -0.20309655368328094 0.07954029738903046
-0.13486285507678986 -0.17807072401046753 0.23515421152114868
0.23490194976329803 -0.2838209271430969 -0.048939596861600876
-0.05028155818581581 -0.26237162947654724 -0.012801090255379677
0.10315782576799393 -0.23273487389087677 -0.04259181767702103
0.1478426456451416 -0.18878071010112762 0.0871332511305809
-0.06754861027002335 -0.3225039839744568 -0.009133080020546913
0.05573534592986107 -0.31048616766929626 0.08649295568466187
-0.028686970472335815 -0.286713182926178 -0.3105313181877136
0.13601534068584442 -0.29957082867622375 0.10666809231042862
0.13529901206493378 -0.208195760846138 0.11091569811105728
-0.2732410430908203 -0.20459501445293427 -0.3064640760421753
0.18655948340892792 -0.07293281704187393 0.21388928592205048
-0.15374599397182465 -0.19307567179203033 0.028522206470370293
0.0359770767390728 -0.20780891180038452 -0.1323196440935135
-0.04196030646562576 -0.3058171272277832 -0.08994556218385696
-0.09228305518627167 -0.11630029231309891 -0.08493255078792572
-0.1132645457983017 -0.30130085349082947 0.03676430135965347
0.29574280977249146 -0.05896510183811188 0.008228613995015621
0.09831656515598297 -0.0425218865275383 -0.16242261230945587
0.07113615423440933 -0.2690494656562805 0.04802876338362694
-0.20239761471748352 -0.1756666749715805 0.19546368718147278
0.1809411495923996 -0.267737478017807 -0.002656027674674988
-0.025395866483449936 -0.25943800806999207 0.021160222589969635
-0.2450467050075531 -0.001099547604098916 0.06534216552972794
0.09690580517053604 0.09457691013813019 0.24531173706054688
-0.14677098393440247 -0.24699480831623077 0.06460877507925034
0.11189881712198257 -0.18922971189022064 0.20417122542858124
0.04882170259952545 -0.29836827516555786 0.08209137618541718
0.13322442770004272 -0.2803537845611572 0.048693783581256866
0.07606761902570724 -0.19433985650539398 0.08757369965314865
-0.013469655066728592 -0.2960663437843323 -0.14378659427165985
0.13708096742630005 -0.11876597255468369 0.2262401133775711
0.1166771799325943 -0.3313199579715729 0.05524814501404762
-0.20761196315288544 -0.2011539340019226 -0.24213360249996185
-0.21930959820747375 -0.1492297500371933 -0.18947765231132507
0.033623550087213516 -0.19134731590747833 0.13968686759471893
-0.005466967821121216 -0.19761525094509125 0.16159920394420624
-0.352277934551239 -0.1687769591808319 0.14061248302459717
0.04770762100815773 -0.1778268814086914 -0.053077857941389084
-0.13103307783603668 -0.07109149545431137 0.12742283940315247
0.10498570650815964 -0.14188343286514282 0.14046214520931244
-0.013889346271753311 -0.2163221687078476 0.08435045182704926
-0.10060431063175201 -0.15755659341812134 0.14650684595108032
-0.05354746803641319 0.006511494051665068 0.2628045678138733
0.0015323925763368607 -0.3304235339164734 -0.009176921099424362
0.010931085795164108 -0.2136298269033432 0.1606505960226059
0.04001035541296005 -0.30797725915908813 -0.010036036372184753
0.11116859316825867 -0.06422096490859985 -0.08566541224718094
0.1908300668001175 -0.21835032105445862 0.11188959330320358
-0.039887987077236176 -0.320952832698822 -0.0635703057050705
-0.09782550483942032 0.026218947023153305 0.3631111681461334
0.0665070042014122 -0.16636335849761963 0.01670428179204464
-0.009037351235747337 -0.25498998165130615 0.025388363748788834
-0.1772480309009552 -0.3018251955509186 0.05975152179598808
-0.14581790566444397 -0.27094942331314087 -0.19297583401203156
-0.1251516491174698 -0.30260246992111206 -0.032619208097457886
-0.054098475724458694 -0.28225237131118774 -0.1494971513748169
-0.12681707739830017 -0.30375421047210693 -0.00995430164039135
-0.050513770431280136 -0.3060780465602875 -0.14790880680084229
0.16179686784744263 -0.29099929332733154 0.17112122476100922
0.08467564731836319 -0.28470924496650696 -0.24737700819969177
0.02007301338016987 0.10474040359258652 0.19683869183063507
0.17620457708835602 -0.2882935404777527 -0.07497522979974747
0.4791509807109833 -0.08971916139125824 0.35564300417900085
0.15295828878879547 -0.23606744408607483 -0.16635240614414215
-0.15320278704166412 -0.3901975750923157 0.11404607445001602
-0.0848531723022461 -0.0164793748408556 0.08073759824037552
-0.12073992937803268 -0.17077526450157166 -0.09503090381622314
-0.20792913436889648 -0.04903535917401314 0.34929266571998596
-0.16357018053531647 -0.03778195008635521 0.13666865229606628
-0.06409350782632828 -0.16612519323825836 -0.0933815985918045
0.25717800855636597 0.003734682919457555 0.1685458868741989
-0.05162126570940018 -0.21065902709960938 0.15901805460453033
-0.04879561811685562 -0.2892429828643799 0.11970875412225723
0.20549874007701874 -0.313569575548172 0.024377072229981422
0.18072302639484406 0.019705886021256447 0.2537086606025696
0.1384841352701187 -0.30786144733428955 -0.06576194614171982
-0.052886124700307846 -0.0634593814611435 0.16655440628528595
0.045371104031801224 -0.34027808904647827 -0.1380176544189453
0.12132187932729721 -0.11812203377485275 0.21654947102069855
-0.034048598259687424 -0.34203463792800903 -0.008670397102832794
-0.16093958914279938 -0.34811192750930786 -0.002979699056595564
-0.0029857316985726357 -0.3208601772785187 -0.21391171216964722
-0.3683711886405945 -0.07130036503076553 -0.1674400120973587
-0.1615256816148758 -0.04247845709323883 -0.10735061764717102
-0.17181167006492615 -0.05304187536239624 0.08918540179729462
-0.0215130727738142 -0.13857118785381317 0.1770959198474884
0.02015850506722927 -0.3174203932285309 -0.05758284777402878
-0.14928533136844635 -0.07669621706008911 0.13493378460407257
0.24912579357624054 -0.1638694703578949 -0.16852223873138428
0.018812283873558044 -0.018665486946702003 -0.32727786898612976
0.1447557806968689 -0.12416022270917892 -0.37659645080566406
0.6767134070396423 -0.2475445717573166 -0.042248357087373734
0.11350809782743454 -0.2574789822101593 0.010742219164967537
0.06010112538933754 -0.25229310989379883 0.06531032919883728
0.06662243604660034 -0.27406755089759827 0.22389866411685944
-0.011136922985315323 -0.1161583736538887 -0.114644356071949
-0.04148450866341591 -0.37593990564346313 0.09618221968412399
-0.11963236331939697 -0.3175608217716217 -0.09730540961027145
0.03434976562857628 -0.304837703704834 -0.19138118624687195
0.20380185544490814 -0.25432392954826355 0.01371290348470211
-0.20034952461719513 -0.13681434094905853 0.21570344269275665
0.16302292048931122 -0.30306199193000793 0.08279203623533249
-0.14918337762355804 -0.30233708024024963 -0.1421169489622116
0.14378751814365387 -0.2971014678478241 -0.11175020039081573
0.014993682503700256 -0.2714007794857025 0.07312175631523132
0.019914306700229645 -0.009479973465204239 0.2467479407787323
0.12993770837783813 -0.160179004073143 0.14315171539783478
0.0008216083515435457 -0.3109623193740845 -0.13732458651065826
-0.1196594089269638 -0.30300024151802063 -0.11986489593982697
0.18734125792980194 -0.27057376503944397 -0.017115306109189987
0.035050228238105774 -0.06957723945379257 -0.07898454368114471
-0.11919383704662323 -0.11969978362321854 -0.04670894518494606
0.18325452506542206 -0.07828345149755478 0.4462844729423523
0.2303125560283661 -0.22154361009597778 0.1476573497056961
0.24561657011508942 -0.27122676372528076 -0.05356379225850105
-0.002127961255609989 -0.11049935221672058 0.09893548488616943
-0.21359264850616455 -0.2666674554347992 -0.13594070076942444
0.06284824758768082 -0.3015156388282776 -0.03976317495107651
0.009431486949324608 -0.12254277616739273 0.18281634151935577
0.18685287237167358 0.02344837784767151 0.31621789932250977
-0.1694493293762207 -0.06333000212907791 0.05143989622592926
-0.10684370994567871 -0.1361318677663803 0.08207695186138153
0.020774943754076958 -0.24854864180088043 -0.062118370085954666
0.2172321379184723 -0.3279886245727539 -0.06179400160908699
0.11340531706809998 -0.25544047355651855 -0.0361822172999382
0.12683026492595673 -0.28662148118019104 0.06480374932289124
-0.3799472749233246 -0.17027992010116577 0.04574199020862579
-0.030332021415233612 -0.1833638995885849 0.11679641902446747
-0.0650830864906311 -0.3219238519668579 0.0052072107791900635
-0.2725888192653656 -0.17267116904258728 -0.4625708758831024
0.1796141415834427 -0.31991735100746155 -0.12085029482841492
0.12595972418785095 0.012695100158452988 0.2959302067756653
-0.0324702113866806 0.011970223858952522 0.27569499611854553
0.05371243879199028 -0.09686329215765 0.18772687017917633
-0.15555202960968018 -0.06719014793634415 0.17261213064193726
-0.09694068133831024 -0.19124139845371246 0.1584099531173706
0.17665806412696838 -0.10003908723592758 0.16954921185970306
-0.0801992118358612 -0.20870409905910492 -0.12897463142871857
-0.08020420372486115 -0.3287540674209595 -0.046561695635318756
0.37275105714797974 -0.24079816043376923 -0.16803625226020813
0.03644268587231636 -0.2990032434463501 0.08035873621702194
-0.0927254930138588 -0.2823949158191681 -0.12411964684724808
0.03659217432141304 -0.2653680443763733 -0.07643146812915802
0.18674978613853455 -0.26245829463005066 0.1372397094964981
0.02520098350942135 -0.1368163526058197 0.2678896188735962
-0.08687460422515869 -0.38175439834594727 -0.0013022797647863626
0.13065430521965027 -0.2815568745136261 0.10513317584991455
0.10829471051692963 -0.21971434354782104 -0.06700228899717331
-0.07836929708719254 -0.16596639156341553 -0.12171398103237152
0.1990467607975006 -0.2372596263885498 -0.1566024124622345
0.03539605438709259 -0.2658970355987549 -0.06866706162691116
0.17457152903079987 -0.1797768622636795 0.1636054664850235
-0.0651564747095108 -0.14361272752285004 0.2758142948150635
-0.10803123563528061 -0.13704326748847961 0.17475581169128418
0.15770676732063293 -0.07993128150701523 -0.01177162118256092
0.05447956919670105 -0.33631667494773865 -0.06671962887048721
-0.10413940995931625 -0.28692108392715454 -0.06367750465869904
0.2702524960041046 0.08966020494699478 0.02802228555083275
-0.1877143234014511 -0.084525465965271 -0.043063677847385406
-0.10960989445447922 -0.15158729255199432 0.07601550966501236
0.06828520447015762 -0.19990476965904236 -0.08123746514320374
0.23152302205562592 -0.24939662218093872 -0.12102973461151123
-0.1985398828983307 -0.19357241690158844 -0.4823167622089386
0.11953732371330261 -0.1649557501077652 0.05475031957030296
0.18409840762615204 -0.3619687557220459 0.08701854944229126
0.04431532695889473 -0.2067362368106842 0.13349105417728424
-0.1654476672410965 -0.22722551226615906 -0.14563338458538055
0.19164220988750458 -0.29514458775520325 -0.12181100249290466
-0.27891990542411804 -0.034483008086681366 0.04952220246195793
-0.34863513708114624 -0.1344529390335083 0.1147274598479271
0.10320780426263809 -0.32239991426467896 -0.013283999636769295
-0.05697742477059364 0.031173935160040855 0.4952428638935089
-0.012249050661921501 -0.30319249629974365 -0.006912367884069681
0.09172993898391724 -0.31502896547317505 -0.2340707927942276
-0.030191771686077118 -0.21853552758693695 -0.0854148119688034
0.009627798572182655 -0.11587902903556824 0.05623958632349968
0.061297982931137085 -0.3695811331272125 -0.004394414369016886
-0.13125579059123993 0.01194055750966072 0.08597473055124283
0.05411740019917488 -0.3292621672153473 0.006661531049758196
0.07526594400405884 -0.0790882483124733 0.10546921193599701
-0.2773744463920593 -0.16523420810699463 0.1140875294804573
-0.0940590500831604 -0.31044772267341614 -0.10273120552301407
-0.33941686153411865 0.30242541432380676 -0.20467302203178406
0.1404004544019699 -0.2811921238899231 -0.013358715921640396
0.21435150504112244 0.08109405636787415 0.20915451645851135
-0.04567159712314606 -0.2066234052181244 0.18652313947677612
-0.1021999791264534 -0.043413907289505005 0.11739115417003632
0.06722487509250641 -0.21302840113639832 0.11282112449407578
0.03846639767289162 -0.0016609313897788525 -0.0017873779870569706
-0.00048213195987045765 -0.18539099395275116 0.12641851603984833
-0.366945743560791 0.08750029653310776 0.26698899269104004
-0.11808646470308304 -0.2889896035194397 -0.0693221464753151
-0.10837734490633011 -0.3452984094619751 -0.11402034759521484
-0.028286613523960114 -0.319680392742157 -0.08790832757949829
-0.019616585224866867 -0.29352760314941406 0.067960225045681
-0.06723502278327942 -0.3096741735935211 0.07490390539169312
-0.22663195431232452 -0.25723645091056824 -0.4146004021167755
0.031919728964567184 -0.17741858959197998 0.06740936636924744
0.0572083406150341 -0.16881850361824036 0.21195058524608612
-0.0005937796086072922 -0.23158973455429077 0.14912188053131104
0.04823394492268562 -0.27780261635780334 -0.205536887049675
0.08307116478681564 0.18893197178840637 0.2617654502391815
-0.17253722250461578 -0.3156202733516693 -0.03532832860946655
0.2489691823720932 -0.205559641122818 -0.20166850090026855
-0.08072707056999207 -0.28175607323646545 -0.2226686030626297
0.22062206268310547 -0.13968321681022644 0.2884983718395233
0.29776036739349365 -0.1240607425570488 -0.17925307154655457
-0.13034260272979736 -0.2757560908794403 -0.10245262086391449
0.3822881579399109 -0.24693062901496887 -0.14298409223556519
-0.04026328772306442 -0.030429033562541008 0.05701467767357826
0.11232738941907883 -0.27460065484046936 0.06379473954439163
-0.13488876819610596 -0.27749818563461304 0.1522780805826187
-0.21156153082847595 -0.05874207243323326 -0.04769357666373253
0.1105496808886528 0.004655463621020317 0.0019846181385219097
0.06462982296943665 -0.12378781288862228 0.22949771583080292
-0.13347415626049042 -0.1971791386604309 -0.03367147967219353
-0.03537610545754433 -0.10598032921552658 0.17046791315078735
0.04108630493283272 -0.3201313614845276 0.03895318880677223
-0.007002633530646563 -0.2714121639728546 0.03222515434026718
0.0734315738081932 -0.32949337363243103 0.04963940382003784
-0.016607804223895073 -0.2835278809070587 -0.144988551735878
0.325008749961853 -0.2557731866836548 -0.21125507354736328
0.031124403700232506 -0.27517834305763245 0.05685494467616081
-0.27999672293663025 -0.21123190224170685 0.09373130649328232
0.06330201029777527 -0.15899036824703217 0.14498688280582428
0.03919283300638199 -0.16673262417316437 0.017059093341231346
-0.0368676595389843 -0.3383261561393738 0.03828052803874016
0.0027570114471018314 -0.16710059344768524 -0.33272725343704224
-0.14193058013916016 0.22258323431015015 0.6580560803413391
0.020897600799798965 -0.3741893172264099 -0.16567905247211456
0.14353816211223602 -0.2652207314968109 0.03293393552303314
0.3201887011528015 -0.06747201830148697 -0.018933307379484177
0.05562540516257286 -0.3012591600418091 0.01527496799826622
0.42413008213043213 -0.10868557542562485 0.032036859542131424
-0.18559075891971588 -0.13388559222221375 -0.14865685999393463
0.07905233651399612 -0.26524296402931213 0.0038459328934550285
0.11508127301931381 -0.028508365154266357 0.2880638837814331
-0.07058996707201004 -0.08216554671525955 0.25368553400039673
0.11789055168628693 -0.2860586643218994 -0.018957775086164474
0.07993265986442566 -0.1077304407954216 0.20064809918403625
0.15497562289237976 -0.10260893404483795 0.06380800157785416
-0.19748146831989288 -0.181106299161911 -0.1258155256509781
-0.1245437040925026 -0.024587130174040794 0.25851672887802124
-0.09175609797239304 -0.24635276198387146 0.1096770316362381
-0.0007346733473241329 0.15735626220703125 0.10505318641662598
-0.06167616695165634 -0.26490506529808044 -0.19613482058048248
-0.14483776688575745 -0.12070735543966293 -0.02217837981879711
-0.03699219599366188 -0.0626295804977417 0.22869665920734406
0.3263406455516815 -0.02539265900850296 -0.17700627446174622
-0.17649219930171967 0.17682190239429474 -0.1750343143939972
0.10854096710681915 -0.23556315898895264 0.09416240453720093
-0.06828121095895767 -0.30492642521858215 -0.16371171176433563
0.09203299134969711 -0.32480987906455994 0.004238946828991175
0.020070748403668404 -0.2118912637233734 0.1452644020318985
-0.030633118003606796 -0.18045184016227722 -0.22609692811965942
-0.24974355101585388 -0.23722024261951447 -0.2919851243495941
-0.01576487347483635 -0.33129245042800903 -0.031840234994888306
-0.05055703967809677 -0.18761639297008514 -0.18605482578277588
-0.2607032060623169 -0.051025014370679855 0.16719993948936462
-0.021961411461234093 -0.26319360733032227 0.14177455008029938
-0.010611653327941895 -0.10209770500659943 0.1727605164051056
0.03994451463222504 -0.29188671708106995 0.10884522646665573
-0.0441477932035923 -0.2863466143608093 -0.20924438536167145
-0.024406544864177704 -0.24632976949214935 -0.08874969929456711
0.024243108928203583 -0.043491099029779434 0.21499618887901306
-0.36002644896507263 -0.22880098223686218 -0.3542075753211975
-0.204215407371521 -0.3325355648994446 -0.12823303043842316
-0.21212328970432281 -0.058029431849718094 -0.06957639008760452
-0.013063747435808182 -0.23089228570461273 -0.17312440276145935
-0.14685507118701935 -0.25847068428993225 0.11799761652946472
-0.10205256938934326 -0.28501543402671814 -0.025762923061847687
-0.10968559980392456 -0.05748312920331955 0.2893902659416199
0.14968456327915192 -0.212864950299263 0.11532890796661377
-0.4282397925853729 -0.13860905170440674 0.33567744493484497
-0.05045236647129059 -0.3709242045879364 0.0010255062952637672
0.061144471168518066 -0.32762858271598816 -0.03886944055557251
0.08873160928487778 -0.17442971467971802 0.2116568386554718
-0.01645999401807785 -0.06067028269171715 0.21930348873138428
-0.08698197454214096 -0.4316408634185791 0.04348068684339523
0.11149472743272781 -0.2733687162399292 -0.16681896150112152
0.1816205233335495 -0.06186765804886818 0.08541335165500641
0.05383933708071709 -0.33974748849868774 -0.15430401265621185
-0.11578575521707535 -0.06405847519636154 0.327033668756485
-0.11380960047245026 -0.16104736924171448 0.045543815940618515
0.04683433845639229 0.029301797971129417 0.23121219873428345
-0.28104135394096375 -0.23185297846794128 0.13150492310523987
-0.11456309258937836 0.21117977797985077 0.12310812622308731
0.12846465408802032 -0.21829427778720856 -0.17258374392986298
-0.03239249065518379 -0.3646031320095062 0.041924525052309036
-0.012176288291811943 -0.3095468580722809 -0.14148512482643127
0.061874888837337494 -0.22392231225967407 0.21861416101455688
-0.03219138830900192 -0.1458529531955719 0.07462067902088165
-0.01434032991528511 -0.3368455469608307 0.010242579504847527
0.02882581390440464 -0.29664137959480286 0.09777051210403442
0.1774664670228958 -0.2706790566444397 -0.23624876141548157
-0.023427175357937813 -0.3100680708885193 0.038483068346977234
-0.09677936881780624 -0.3382682204246521 -0.0261995792388916
-0.06784950941801071 -0.3008318543434143 -0.13039308786392212
-0.04694240167737007 -0.31979745626449585 -0.06966966390609741
-0.09267725050449371 -0.20219893753528595 0.17322760820388794
0.034034088253974915 -0.2606455385684967 0.08023462444543839
0.10537529736757278 -0.2417456954717636 -0.01890663616359234
-0.10430291295051575 -0.13484694063663483 -0.2044111043214798
0.24399434030056 -0.32645872235298157 -0.02642354927957058
0.002295751590281725 -0.11455818265676498 -0.14724256098270416
0.32105302810668945 -0.17299309372901917 -0.27095943689346313
-0.03854861855506897 -0.2726881206035614 -0.13458511233329773
-0.08162695169448853 -0.1543610841035843 -0.08874262124300003
-0.03384005278348923 -0.30022963881492615 -0.19109873473644257
0.06435423344373703 -0.14393828809261322 -0.0414251834154129
0.13958102464675903 -0.2228556126356125 -0.07693258672952652
0.06769369542598724 -0.2368595451116562 -0.21020200848579407
0.13389082252979279 -0.33402591943740845 0.01635560393333435
0.17683590948581696 -0.19076628983020782 0.03263496980071068
-0.051099929958581924 -0.16321104764938354 0.036218710243701935
-0.121973417699337 -0.2709725797176361 0.015102710574865341
0.1646217703819275 -0.18437731266021729 0.135729119181633
-0.055967286229133606 -0.13149966299533844 0.1582300215959549
0.17339222133159637 -0.29069995880126953 -0.11760606616735458
-0.044091712683439255 -0.2422272264957428 -0.21728774905204773
-0.16104437410831451 -0.22846122086048126 0.12256466597318649
0.06871306896209717 -0.10573535412549973 0.22869299352169037
0.32056301832199097 -0.1735973358154297 -0.22983798384666443
0.0105663500726223 -0.1925353705883026 0.12704423069953918
-0.04790383577346802 -0.3294886648654938 -0.0209518875926733
-0.18308599293231964 -0.0038179573602974415 0.16718252003192902
-0.4846377968788147 -0.19748681783676147 0.1783495992422104
0.10098562389612198 -0.15691933035850525 -0.03471726179122925
0.09066186100244522 -0.30568933486938477 -0.007360541727393866
0.02472102828323841 -0.3376317024230957 0.06084737926721573
0.00551360659301281 -0.29630354046821594 -0.12542729079723358
-0.11070286482572556 0.015241051092743874 0.12471076101064682
-0.1618541181087494 -0.18746496737003326 0.06057678535580635
-0.14653150737285614 -0.31624728441238403 -0.0337994359433651
0.04140328988432884 -0.3549008369445801 0.21062947809696198
0.07483366876840591 -0.3092718720436096 0.0165083184838295
-0.1910787969827652 -0.06932678073644638 -0.08936281502246857
0.004648241214454174 -0.2040122002363205 0.16327273845672607
-0.05566024035215378 -0.3158460557460785 0.08970187604427338
-0.16632963716983795 -0.06164887920022011 0.14115196466445923
0.06678201258182526 -0.3027259111404419 0.03755379840731621
0.18018819391727448 -0.2961415648460388 -0.17960891127586365
-0.08613277971744537 0.023882675915956497 0.01273510791361332
0.07263914495706558 -0.32788190245628357 -0.1948477178812027
-0.10075826942920685 -0.2895718812942505 -0.3183194398880005
0.1759335994720459 -0.33874788880348206 -0.025402570143342018
-0.17694932222366333 -0.29120495915412903 -0.08302762359380722
-0.04154816269874573 -0.13778609037399292 -0.20406372845172882
0.21853592991828918 -0.27457359433174133 0.046005699783563614
0.07458478957414627 -0.20850418508052826 0.09323623776435852
0.18763220310211182 -0.10481788963079453 -0.06600398570299149
0.13204708695411682 -0.08485148102045059 0.14701248705387115
0.05529408156871796 -0.3197958469390869 0.03820893540978432
0.0327787846326828 -0.3457866907119751 0.04897551238536835
-0.14758482575416565 -0.30187830328941345 0.004292534664273262
-0.20402491092681885 -0.04469338431954384 0.0409306064248085
-0.04297126457095146 -0.2545383870601654 0.1434287428855896
-0.028495322912931442 -0.3329925239086151 -0.06979333609342575
0.1379924863576889 -0.2357093244791031 -0.062369246035814285
-0.10613059252500534 -0.31208258867263794 -0.05484236776828766
0.02794370986521244 -0.24622398614883423 0.0888160914182663
0.2801658511161804 -0.07593686878681183 0.01339588314294815
-0.0375707671046257 -0.16503846645355225 0.20410984754562378
0.06093088164925575 -0.28817394375801086 -0.13711002469062805
0.18157295882701874 -0.23561929166316986 -0.01773027889430523
-0.155561625957489 -0.3031688332557678 0.13443529605865479
0.22141124308109283 -0.27889081835746765 -0.11513908207416534
-0.1451834738254547 -0.30087557435035706 0.03274044767022133
-0.0823628380894661 -0.2553604245185852 -0.2375922054052353
-0.12421474605798721 -0.2687207758426666 0.020657921209931374
-0.21519947052001953 -0.08504164218902588 -0.29510778188705444
-0.10498255491256714 -0.11965236067771912 0.22259147465229034
-0.31053823232650757 -0.23556943237781525 -0.053044162690639496
0.13452613353729248 -0.300640344619751 0.030541053041815758
-0.12342824041843414 -0.1444253921508789 -0.18800562620162964
-0.0037939934991300106 -0.10203725844621658 0.06930937618017197
-0.08963821083307266 0.04794851318001747 0.37793591618537903
-0.03952234610915184 -0.02043762430548668 0.2533964216709137
0.1850704848766327 -0.054823774844408035 0.13814851641654968
-0.021041076630353928 -0.07720191031694412 0.1390272080898285
-0.027764778584241867 -0.28006935119628906 0.12908560037612915
0.2441185861825943 -0.08800014108419418 -0.02347850613296032
0.00649540638551116 -0.3037286102771759 -0.032884761691093445
0.06075071543455124 -0.31706348061561584 -0.05402723699808121
-0.0015234262682497501 0.01773831993341446 0.10540623217821121
-0.027404366061091423 -0.034047555178403854 0.15332454442977905
0.05484206974506378 0.07366012781858444 -0.00264319172129035
0.10655194520950317 -0.2638349235057831 0.10391589999198914
-0.06453489512205124 -0.3299408257007599 -0.08366488665342331
-0.005611023399978876 -0.28676289319992065 0.0975237712264061
0.08349281549453735 -0.22874093055725098 0.0715172067284584
-0.04321829974651337 -0.24680960178375244 0.143795907497406
0.030363691970705986 -0.3390246331691742 -0.035520825535058975
-0.03962298110127449 -0.2058863639831543 0.03562299534678459
-0.030217844992876053 -0.17109337449073792 0.061691462993621826
-0.2174491286277771 -0.2364608347415924 -0.13669739663600922
0.09686028212308884 -0.229232519865036 0.1380103975534439
0.08556010574102402 -0.2950085401535034 0.057636164128780365
-0.018395811319351196 -0.11594667285680771 0.30269166827201843
0.06351502984762192 -0.34200677275657654 -0.04422527924180031
0.07989952713251114 -0.11281891912221909 0.17622096836566925
-0.24290506541728973 0.00012210349086672068 -0.2608815133571625
0.11642459034919739 -0.2408664971590042 -0.0490337610244751
-0.1611894965171814 -0.23970410227775574 -0.1486438810825348
-0.03408103808760643 -0.2965538799762726 -0.11859219521284103
0.07486196607351303 -0.2551453709602356 -0.05185970664024353
0.12381793558597565 -0.31924450397491455 -0.060529980808496475
0.07945166528224945 -0.09747417271137238 -0.028577249497175217
0.048401765525341034 -0.3271241784095764 0.056034695357084274
-0.20972637832164764 -0.21244950592517853 0.05905045568943024
0.0787067636847496 -0.14445580542087555 -0.2506934404373169
0.2349666953086853 -0.3239327371120453 0.01673368364572525
-0.08504092693328857 -0.22585152089595795 0.1448754072189331
-0.09011384844779968 -0.2797291874885559 0.1306667923927307
0.012727499008178711 -0.05571096017956734 0.25440752506256104
0.14382269978523254 -0.29624077677726746 -0.21443700790405273
0.0011953816283494234 -0.14511869847774506 0.14013031125068665
-0.06884477287530899 -0.07444921880960464 -0.07816098630428314
-0.2490091621875763 -0.10259207338094711 -0.1428176313638687
-0.026457784697413445 -0.34693458676338196 -0.005278944503515959
-0.03568365052342415 -0.2889530062675476 0.06337328255176544
-0.34063541889190674 -0.06875455379486084 -0.14707039296627045
0.11830499768257141 -0.23629598319530487 -0.09461351484060287
0.16819895803928375 -0.24027486145496368 -0.09822523593902588
0.0026794206351041794 -0.19186973571777344 0.11156675219535828
-0.10305088758468628 -0.2969670295715332 -0.012069256976246834
0.11477340012788773 -0.3235195279121399 -0.2614189088344574
0.013066329061985016 -0.19489513337612152 0.055160995572805405
-0.31733524799346924 0.09462730586528778 0.04784552752971649
-0.16831591725349426 -0.32807984948158264 0.10895336419343948
0.2434980571269989 -0.294150710105896 0.01672983542084694
0.02180732972919941 -0.2811644673347473 0.03862510994076729
0.15619724988937378 -0.11392207443714142 0.1454893946647644
0.0912562906742096 -0.1635243445634842 0.1368478685617447
0.32800281047821045 -0.08293579518795013 0.15328532457351685
0.012316660955548286 -0.13619214296340942 0.23361091315746307
-0.13921670615673065 -0.1327531635761261 -0.20827314257621765
-0.09116898477077484 -0.15909041464328766 0.07613985240459442
-0.21123109757900238 -0.2334136962890625 -0.20793366432189941
-0.07422146201133728 -0.30033427476882935 -0.17260697484016418
-0.25466278195381165 -0.2525455355644226 -0.0003930612001568079
0.040686171501874924 -0.32078948616981506 -0.13342967629432678
0.5013158321380615 -0.030271979048848152 0.06803620606660843
-0.05316675826907158 -0.25871750712394714 -0.11797138303518295
0.14097565412521362 -0.2775997221469879 -0.31324565410614014
0.10863113403320312 -0.01646406203508377 0.27116668224334717
0.15386587381362915 0.0056824893690645695 -0.25331971049308777
-0.06872051954269409 -0.09153153747320175 0.21495459973812103
0.22979502379894257 -0.3088448941707611 -0.02001914754509926
0.05531534552574158 -0.420602947473526 0.1536863148212433
0.053921718150377274 -0.34188735485076904 0.007616283372044563
0.2342124879360199 -0.2647290527820587 0.24499323964118958
-0.05987509340047836 -0.2966561019420624 -0.14959226548671722
-0.0929127037525177 -0.10875130444765091 0.13875442743301392
-0.22843877971172333 -0.14092794060707092 -0.2688591182231903
0.16358783841133118 -0.2157570719718933 0.007616680581122637
0.03955896943807602 -0.28254377841949463 0.006865024100989103
0.047503042966127396 -0.3256300091743469 -0.03353698551654816
-0.29580822587013245 -0.19919288158416748 -0.2042020559310913
0.21428099274635315 0.06791041791439056 0.17805476486682892
0.11370696872472763 -0.32825130224227905 0.0650414526462555
0.04798891395330429 -0.2675412595272064 -0.1995612531900406
0.31675177812576294 -0.020008325576782227 0.17878428101539612
0.2670692801475525 -0.23512417078018188 -0.12499100714921951
0.03244808316230774 -0.10997948050498962 0.2132936418056488
0.0633627325296402 -0.3056952953338623 -0.10115354508161545
0.027098368853330612 -0.21680115163326263 0.14996719360351562
-0.026976710185408592 -0.09228777885437012 0.2582487463951111
0.16248205304145813 -0.32235613465309143 0.03506655618548393
0.023566436022520065 -0.3089544177055359 0.07250551134347916
-0.19614481925964355 -0.046843916177749634 0.2686724364757538
-0.33020922541618347 -0.05055747553706169 -0.01214694045484066
-0.008046986535191536 -0.3018088638782501 -0.14327500760555267
0.006076844409108162 -0.28323936462402344 -0.22739817202091217
-0.14094601571559906 -0.13953189551830292 -0.17391648888587952
-0.10895149409770966 -0.25694921612739563 -0.003050006926059723
-0.1719135344028473 -0.2966381311416626 -0.06795340776443481
-0.0963214635848999 -0.20909355580806732 -0.05171617493033409
-0.030717965215444565 -0.3183270990848541 -0.12885582447052002
0.13604579865932465 -0.104895681142807 0.13770796358585358
0.20280122756958008 -0.3163064420223236 0.005114459432661533
-0.14256516098976135 -0.3067964017391205 -0.017634406685829163
-0.10915055125951767 -0.09955666959285736 -0.02707611210644245
0.05974971503019333 -0.12728852033615112 0.16899636387825012
0.08768961578607559 -0.2223503291606903 -0.19280770421028137
0.12456148117780685 -0.29464274644851685 0.09249438345432281
0.19468678534030914 -0.16898129880428314 0.08695229142904282
0.11308353394269943 -0.1990378350019455 -0.129161536693573
0.04003630578517914 -0.33334875106811523 -0.04789230227470398
-0.2132151871919632 -0.23327724635601044 0.08569328486919403
-0.04136965796351433 0.03909936174750328 0.28754016757011414
0.10295403748750687 -0.2732858955860138 -0.2448597252368927
-0.17927366495132446 -0.16826875507831573 0.11533883959054947
0.2219499796628952 -0.057758525013923645 0.1537194699048996
0.023193445056676865 -0.31367993354797363 -0.06994651257991791
-0.02026052214205265 -0.06692401319742203 -0.10754702985286713
0.07823088020086288 -0.18177950382232666 0.11495901644229889
0.09602182358503342 -0.21118469536304474 -0.1556088626384735
0.13839855790138245 -0.1831175982952118 0.23232442140579224
0.0652407631278038 -0.26725202798843384 -0.05380585417151451
-3.7640566006302834e-06 -0.3471241593360901 -0.05545966699719429
-0.2811267375946045 -0.07943060249090195 -0.1905013620853424
-0.07691167294979095 -0.08030777424573898 0.03587419539690018
-0.3785415291786194 -0.08618269860744476 0.07959969341754913
-0.04608984664082527 -0.25558286905288696 0.1263948678970337
0.21412613987922668 -0.3079592287540436 -0.09407133609056473
-0.038749467581510544 -0.3102201223373413 0.06291960179805756
-0.19785530865192413 -0.10411431640386581 0.1681678742170334
0.04375723749399185 -0.13961613178253174 0.11952158063650131
-0.18276578187942505 -0.18725407123565674 0.04892610013484955
0.09082482010126114 -0.1026034876704216 0.10440794378519058
0.18883700668811798 -0.23927715420722961 0.145743727684021
0.14841870963573456 -0.2883312702178955 -0.15057164430618286
0.08271682262420654 -0.22542934119701385 -0.29572367668151855
0.16747815907001495 -0.1516764760017395 0.08824165910482407
-0.2266927808523178 -0.12576882541179657 -0.016094641759991646
0.06002110242843628 0.35369789600372314 0.3166249692440033
0.2802301347255707 -0.22264178097248077 0.07101386785507202
0.09064103662967682 -0.21517044305801392 0.07522942870855331
-0.10578741878271103 -0.2874339818954468 0.01936597190797329
0.12679989635944366 -0.18418371677398682 -0.09000683575868607
-0.17360399663448334 -0.1211981326341629 0.16094748675823212
0.04727521538734436 -0.2682787775993347 0.03038598597049713
-0.23389078676700592 -0.28527122735977173 0.03982158005237579
-0.14055103063583374 -0.13375575840473175 0.10360163450241089
-0.0933312401175499 -0.11856966465711594 -0.18716834485530853
-0.2599133551120758 0.10988200455904007 0.09054253995418549
-0.11783992499113083 0.04085953161120415 0.42097434401512146
0.23533999919891357 -0.30896562337875366 0.006785878445953131
-0.2390606552362442 -0.3076636791229248 -0.06633530557155609
0.09783954918384552 -0.31482580304145813 -0.038384005427360535
-0.06993541121482849 -0.2963293194770813 0.08186067640781403
0.005936512257903814 -0.3036382794380188 -0.016669373959302902
-0.0251860860735178 -0.3219754695892334 0.08570531010627747
-0.1938832402229309 -0.2686232924461365 0.04349515587091446
-0.050022367388010025 -0.23328103125095367 -0.1482892781496048
-0.12367468327283859 -0.2484654188156128 0.09980069100856781
-0.24502335488796234 0.009291021153330803 -0.11984603106975555
-0.11326944828033447 -0.293637216091156 -0.049816884100437164
-0.023198839277029037 -0.31044521927833557 -0.1298457831144333
-0.1067005917429924 0.12651462852954865 0.45131272077560425
0.06291482597589493 -0.19495879113674164 -0.05498100072145462
0.09720569849014282 -0.08783211559057236 0.11685894429683685
0.10770019888877869 -0.2816164791584015 -0.10341372340917587
0.16151638329029083 -0.33916810154914856 0.01871316321194172
-0.056932482868433 -0.26500022411346436 -0.05424253270030022
-0.08590996265411377 0.00046081922482699156 0.12458619475364685
0.07643099129199982 -0.1730049103498459 0.1871892362833023
0.15809856355190277 0.10743780434131622 0.39469024538993835
-0.1187501922249794 -0.2489393651485443 0.1332242637872696
-0.3219698369503021 -0.2579469680786133 -0.20638278126716614
0.10187401622533798 -0.30976489186286926 -0.02475615404546261
0.07275842130184174 -0.28976351022720337 0.03274942934513092
-0.2551073729991913 -0.13274690508842468 -0.011671995744109154
-0.05106222629547119 -0.13453130424022675 0.09094937145709991
0.07695167511701584 -0.2552545368671417 -0.13985438644886017
0.17837554216384888 -0.04026995599269867 0.19434316456317902
0.06918927282094955 -0.24845102429389954 0.14761972427368164
-0.14771178364753723 -0.29283052682876587 -0.17333218455314636
0.005820826161652803 0.07267733663320541 0.13566431403160095
-0.021762780845165253 -0.30159950256347656 0.07151571661233902
0.018970655277371407 -0.0838506743311882 0.2566384971141815
0.18989330530166626 -0.054799821227788925 0.084012970328331
0.09832432121038437 -0.004097395576536655 0.11937439441680908
-0.14579862356185913 -0.338407039642334 -0.007002479862421751
0.07102519273757935 0.19661514461040497 0.08037383109331131
-0.035751476883888245 -0.26286691427230835 0.02759391814470291
0.024830661714076996 -0.1120862141251564 0.08109438419342041
0.14167673885822296 0.10147397220134735 0.18445438146591187
0.1307932436466217 -0.3278745114803314 -0.018333815038204193
0.09841260313987732 -0.19000351428985596 0.11144480854272842
-0.022518252953886986 -0.030134038999676704 0.06688352674245834
0.02964332327246666 -0.2715199589729309 0.28948745131492615
0.20625053346157074 -0.3131711184978485 0.08470726013183594
0.007000600919127464 -0.29202648997306824 0.08441446721553802
-0.09791669994592667 -0.3272017538547516 0.07399686425924301
0.020153921097517014 -0.2564392685890198 -0.2645387053489685
0.29784443974494934 -0.1388486921787262 -0.25102806091308594
0.1287730485200882 -0.30838409066200256 0.009539816528558731
0.025837527588009834 -0.30206990242004395 -0.11936371773481369
-0.157953679561615 -0.2674269676208496 0.11091117560863495
0.07747478038072586 -0.2825902998447418 -0.004344548098742962
-0.11410581320524216 -0.24856752157211304 -0.006587565410882235
0.022538835182785988 -0.22911767661571503 0.09024754166603088
0.04915827140212059 -0.320546954870224 -0.15953992307186127
0.010827494785189629 -0.07233326137065887 0.035881638526916504
-0.19087736308574677 -0.08532650023698807 0.16459384560585022
-0.2125149518251419 -0.18311522901058197 0.10014905780553818
-0.01924952305853367 -0.20628564059734344 -0.10426321625709534
0.012369386851787567 -0.29928621649742126 -0.15140949189662933
0.28748592734336853 -0.21800510585308075 0.022358816117048264
0.31988725066185 -0.19457820057868958 -0.03585648536682129
0.14509683847427368 -0.18374279141426086 -0.0035585477016866207
-0.35607436299324036 -0.2127501368522644 -0.0355396643280983
0.15496811270713806 0.06271856278181076 -0.09252944588661194
-0.045626576989889145 -0.11708494275808334 -0.33809012174606323
0.0711720660328865 -0.1191917359828949 0.07910077273845673
-0.27478206157684326 -0.17878596484661102 0.0005565976025536656
-0.20261864364147186 0.09026909619569778 0.3752409517765045
-0.0400509350001812 -0.31389471888542175 0.015702418982982635
-0.003158144187182188 -0.34984856843948364 -0.004964364692568779
-0.15642669796943665 -0.3277641236782074 -0.07082194834947586
-0.0928456261754036 -0.24298834800720215 0.04997152090072632
-0.2063881754875183 0.07531698793172836 0.23561261594295502
0.021551581099629402 -0.29882675409317017 -0.015188995748758316
-0.2624364495277405 -0.19958814978599548 0.06481296569108963
0.1778259128332138 -0.27110764384269714 -0.032044824212789536
-0.046253275126218796 -0.12660056352615356 0.19097602367401123
-0.1721837967634201 -0.23671934008598328 -0.34023237228393555
0.07523297518491745 -0.22453425824642181 0.09227976202964783
0.1204245388507843 -0.0758354589343071 -0.1414588987827301
-0.06853857636451721 -0.28586581349372864 0.09489519149065018
0.12997367978096008 -0.3035523593425751 -0.010103249922394753
-0.1434485763311386 -0.10759897530078888 0.017137369140982628
-0.15499576926231384 -0.2572386860847473 -0.17055970430374146
0.22187474370002747 0.006044541951268911 0.06278028339147568
0.1398124247789383 0.3372522294521332 0.4599614441394806
0.2974415123462677 6.489141378551722e-05 0.10576363652944565
0.1114785224199295 -0.04196758568286896 0.2016637772321701
-0.1573096662759781 0.08796294033527374 0.15956582129001617
0.18960905075073242 -0.21495221555233002 0.0709080696105957
0.20261451601982117 -0.06803899258375168 0.002902400214225054
-0.02853773720562458 -0.18726816773414612 0.09249898791313171
-0.08304324001073837 -0.10067243129014969 -0.02234468050301075
-0.05417824164032936 0.08447683602571487 0.2794189453125
0.004457852803170681 -0.31371816992759705 -0.005922591779381037
-0.005599509924650192 -0.1731402575969696 0.0066817570477724075
0.21289563179016113 -0.12480125576257706 -0.1251901388168335
-0.04198042303323746 -0.3114056885242462 0.007121018134057522
-0.11571996659040451 -0.27855101227760315 0.05891234055161476
0.13515816628932953 -0.2836649417877197 0.09463618695735931
-0.050270479172468185 0.11222177743911743 0.4633305072784424
0.06916579604148865 -0.3158685863018036 -0.07672657072544098
0.03832043707370758 -0.3117475211620331 0.023545576259493828
-0.09822458028793335 -0.12561699748039246 -0.010041356086730957
0.06580360233783722 -0.343245267868042 0.10133089125156403
-0.15728433430194855 0.02532605268061161 0.26239079236984253
0.09910319000482559 -0.4267129600048065 -0.005848409608006477
0.20513826608657837 -0.10497449338436127 -0.01993827521800995
0.060574937611818314 -0.35755524039268494 -0.04282345250248909
-0.34856337308883667 0.07246357202529907 0.1752316653728485
0.18094146251678467 -0.29596275091171265 -0.09375511109828949
0.21926242113113403 -0.2848455607891083 -0.07038004696369171
0.03937961906194687 -0.09879109263420105 0.09325999766588211
0.1639789193868637 -0.2561914920806885 0.066680409014225
-0.0694630816578865 -0.32472026348114014 -0.09763045608997345
0.10606244951486588 -0.18025550246238708 -0.10028231143951416
-0.09104996174573898 -0.273747980594635 -0.17122794687747955
-0.06653506308794022 -0.33851054310798645 0.1893250048160553
0.11467088013887405 -0.29374319314956665 0.08463934063911438
0.022992393001914024 -0.0322977751493454 0.21024134755134583
-0.051469430327415466 0.13737760484218597 0.3712105453014374
0.01798696257174015 -0.18330763280391693 -0.00409908639267087
-0.09389755874872208 -0.2640613913536072 -0.1451759785413742
0.01350867934525013 -0.31223028898239136 0.011332569643855095
-0.12555021047592163 -0.20352505147457123 0.13747328519821167
-0.21374733746051788 -0.1432841420173645 0.11671625077724457
-0.14200925827026367 -0.28099700808525085 0.11378855258226395
-0.18881037831306458 -0.21330749988555908 -0.050173550844192505
-0.046265725046396255 -0.11714287847280502 0.07906179875135422
0.05502300336956978 -0.01648680306971073 0.29701298475265503
0.15868930518627167 0.24514174461364746 0.3730458915233612
-0.021217703819274902 -0.31839439272880554 0.22484418749809265
0.046236731112003326 -0.19183523952960968 0.07177137583494186
-0.10849829763174057 -0.32537928223609924 -0.0923931673169136
0.1530461460351944 -0.21243327856063843 -0.05960831418633461
0.28062891960144043 0.006232728715986013 0.06175883859395981
-0.04445970803499222 -0.3417608141899109 -0.07733786851167679
0.1071554571390152 -0.23979273438453674 0.07404705882072449
0.15201880037784576 -0.2977030277252197 -0.16268795728683472
0.0724981352686882 -0.1339268684387207 0.18700751662254333
-0.13971015810966492 -0.2640770971775055 -0.17742958664894104
0.06654275208711624 -0.17390982806682587 0.017948145046830177
0.2248716801404953 -0.2262807935476303 -0.22122593224048615
-0.021483777090907097 -0.3267177641391754 0.12813939154148102
-0.10565820336341858 0.0016518966294825077 0.3673665225505829
0.21405282616615295 -0.28340643644332886 -0.10751496255397797
-0.23534061014652252 -0.11155565828084946 0.2095417082309723
0.14647947251796722 -0.10920450091362 0.0391891784965992
0.06137307360768318 -0.1598552167415619 0.149786114692688
-0.28901219367980957 -0.21818894147872925 0.17728681862354279
-0.2548312842845917 -0.05599263682961464 -0.07363510131835938
-0.08859707415103912 -0.09287973493337631 -0.1288127303123474
-0.15003246068954468 -0.1997990608215332 -0.05188500136137009
0.16193102300167084 -0.11278705298900604 0.06648822873830795
0.07595827430486679 -0.29556217789649963 0.15812288224697113
0.23683010041713715 -0.29487091302871704 -0.08846254646778107
0.28900203108787537 -0.22904373705387115 0.12570704519748688
0.02830139733850956 -0.34698164463043213 0.05203427001833916
0.10950674116611481 -0.20983241498470306 0.16248254477977753
0.06813691556453705 -0.29645469784736633 -0.37877994775772095
0.15058790147304535 -0.21551962196826935 0.05255579575896263
0.03828737884759903 -0.3292851448059082 0.14013944566249847
0.03837180882692337 -0.26564040780067444 -0.07960684597492218
0.11687026172876358 -0.0020464383997023106 0.2515042722225189
0.23424603044986725 -0.08863388001918793 0.0912950411438942
-0.1159818172454834 -0.29672160744667053 0.0430273599922657
0.040937308222055435 -0.3146478533744812 -0.01559319905936718
0.08737923949956894 -0.08457915484905243 0.38532620668411255
-0.06086241826415062 -0.23540420830249786 -0.056164540350437164
-0.004676917102187872 0.04210798442363739 0.26089394092559814
0.2260618805885315 -0.03917921334505081 0.11026633530855179
0.11335788667201996 -0.09598404169082642 -0.15746858716011047
-0.2582247257232666 -0.12564289569854736 0.06371229887008667
-0.30741921067237854 -0.1517331600189209 0.18268424272537231
-0.11873923242092133 -0.343760222196579 0.04007188230752945
-0.013951621949672699 -0.028102712705731392 0.22380627691745758
0.23571139574050903 -0.31405675411224365 0.004489735700190067
0.13271842896938324 -0.24524173140525818 -0.0875994935631752
-0.08672318607568741 -0.330477237701416 -0.051218487322330475
-0.11627530306577682 -0.31703847646713257 -0.0682431012392044
0.06617453694343567 -0.30429401993751526 -0.20944325625896454
0.13853956758975983 -0.29949358105659485 0.04458713158965111
0.12840546667575836 -0.19850920140743256 -0.07562632858753204
-0.15469540655612946 -0.3332163691520691 0.12783105671405792
0.0364876314997673 -0.07248842716217041 0.1948401927947998
0.1013120785355568 -0.2803223431110382 -0.07568082958459854
0.24866831302642822 -0.22828955948352814 0.0349130816757679
-0.3361779451370239 -0.040804989635944366 0.04634181037545204
-0.1714375764131546 -0.16623105108737946 -0.24445740878582
-0.10334364324808121 -0.2878108322620392 -0.012631179764866829
-0.13794338703155518 -0.13547614216804504 0.14546868205070496
-0.35525113344192505 -0.13722655177116394 -0.07097847014665604
-0.0653650313615799 -0.24791094660758972 -0.26510757207870483
0.20405906438827515 -0.1912519335746765 0.1387632191181183
0.11311245709657669 -0.02339685522019863 0.033723827451467514
-0.035107266157865524 -0.25210654735565186 0.05594974011182785
-0.08920396864414215 -0.20652392506599426 -0.3710017502307892
0.027233904227614403 -0.2875354588031769 -0.1575912982225418
-0.07656361162662506 -0.31575480103492737 0.03532885015010834
0.05854584276676178 0.05919737368822098 0.32385754585266113
-0.07057206332683563 0.02173398621380329 0.11643155664205551
0.054669953882694244 0.060179948806762695 0.14815372228622437
-0.26827168464660645 -0.14250457286834717 0.15184156596660614
-0.14202751219272614 -0.018814420327544212 0.026027757674455643
-0.0664374828338623 -0.31996434926986694 0.06694266945123672
-0.029632389545440674 -0.2532198429107666 -0.01965891383588314
-0.04127710312604904 -0.3103843629360199 -0.10713818669319153
-0.10132751613855362 -0.31090691685676575 -0.28958970308303833
-0.15776605904102325 -0.3382929265499115 0.06332244724035263
-0.04860818013548851 -0.20212900638580322 0.21974828839302063
0.14945515990257263 -0.19898220896720886 -0.1634281724691391
0.0051731690764427185 -0.28773584961891174 0.04843362793326378
0.12890280783176422 -0.26935216784477234 0.13273467123508453
0.12041883170604706 -0.2356087863445282 0.10236614942550659
-0.024201735854148865 -0.1535889208316803 0.10846845805644989
0.05339376628398895 -0.28732556104660034 0.0344981886446476
-0.1529412418603897 -0.052268657833337784 0.0006407221080735326
0.1839311122894287 -0.25187498331069946 -0.02244689129292965
0.19904695451259613 -0.25571027398109436 0.011014074087142944
0.024641238152980804 -0.16512155532836914 0.21115313470363617
-0.13856397569179535 -0.10286268591880798 -0.23615798354148865
0.10640863329172134 -0.22202666103839874 0.01337679848074913
0.07473983615636826 -0.2802572250366211 -0.020291956141591072
0.10380429774522781 -0.2941550016403198 0.1024666577577591
0.16803811490535736 -0.07795030623674393 0.15682892501354218
0.10840063542127609 -0.2849039137363434 0.21551065146923065
0.1416979730129242 -0.5442923903465271 -0.6437236070632935
0.14552399516105652 -0.14561329782009125 0.029865393415093422
-0.08144206553697586 -0.24352535605430603 0.1738383024930954
0.18044395744800568 -0.3138953149318695 0.0017279904568567872
-0.21681717038154602 -0.334541916847229 0.002875265199691057
-0.36506104469299316 -0.2972146272659302 0.0641310065984726
-0.10787815600633621 -0.19133411347866058 -0.1277359426021576
-0.1229579746723175 -0.2011352777481079 -0.22056518495082855
0.0953603982925415 -0.3250808119773865 0.01822451502084732
0.2649803161621094 -0.18621309101581573 -0.0802166536450386
-0.08678430318832397 -0.22474204003810883 -0.030963962897658348
0.16616259515285492 -0.3061838746070862 -0.04616045579314232
0.19395925104618073 -0.3342651426792145 -0.2987080514431
-0.23248960077762604 -0.3152827024459839 -0.03235103189945221
0.09978583455085754 -0.0735585018992424 0.12940633296966553
0.14113961160182953 -0.2973484694957733 -0.20639587938785553
0.19401198625564575 -0.17500026524066925 -0.08512209355831146
0.08966211974620819 -0.29010912775993347 -0.2567237615585327
-0.19462579488754272 -0.10313722491264343 -0.012118509039282799
-0.062141552567481995 -0.3349425494670868 -0.32084912061691284
-0.22393371164798737 -0.15414242446422577 0.06159113720059395
-0.07302631437778473 -0.20131181180477142 -0.028597228229045868
0.024112926796078682 -0.20165269076824188 -0.18131670355796814
0.1229034885764122 -0.12254401296377182 0.22527167201042175
0.1456875205039978 -0.27911534905433655 0.061914097517728806
-0.06906289607286453 -0.04814537614583969 -0.029838399961590767
-0.230146586894989 -0.27899232506752014 0.009641768410801888
0.2682877779006958 -0.18481051921844482 -0.034723903983831406
-0.14516665041446686 -0.09497798979282379 0.017582260072231293
0.038296882063150406 0.026136698201298714 0.2844964563846588
0.1615692526102066 0.13104695081710815 0.464023232460022
-0.0952511727809906 -0.10846476256847382 -0.011272143572568893
-0.1337682008743286 -0.11864256858825684 0.024642998352646828
-0.025274796411395073 -0.2983348071575165 0.07831411808729172
-0.005251869093626738 -0.1254149079322815 0.01939847692847252
0.005352464038878679 -0.1102258712053299 -0.19224192202091217
-0.007638782728463411 -0.1375502347946167 0.24301956593990326
0.19663764536380768 -0.26278865337371826 0.09067794680595398
-0.03083135187625885 -0.1781734973192215 -0.0776129737496376
0.2322508692741394 -0.3909747004508972 -0.04328570514917374
-0.2669489085674286 -0.2879834771156311 0.09643393754959106
0.20561401546001434 -0.2795211672782898 -0.10919173806905746
0.020981986075639725 -0.32215291261672974 -0.010006345808506012
0.1073787584900856 -0.04543793946504593 0.26099011301994324
-0.1176154837012291 -0.1862971931695938 0.2658064067363739
-0.016276007518172264 -0.24032041430473328 -0.019212858751416206
0.01938554085791111 -0.1599789261817932 -0.003552073612809181
0.047389134764671326 -0.25789308547973633 0.03909289836883545
0.034772492945194244 0.2006520926952362 0.09909576177597046
0.10714499652385712 -0.2346380352973938 0.09529892355203629
0.055789053440093994 -0.27030953764915466 0.05823291093111038
-0.009316278621554375 0.06766419857740402 0.31768500804901123
0.07881119102239609 0.21438008546829224 0.026459915563464165
-0.1654580980539322 -0.27383843064308167 0.04870332032442093
-0.023274019360542297 -0.2976943254470825 0.09756782650947571
0.11852863430976868 -0.34262245893478394 -0.03514914587140083
0.1963638961315155 -0.1441400796175003 -0.04277994856238365
-0.13006728887557983 0.17509351670742035 0.24888628721237183
0.1885707825422287 -0.04307301342487335 0.16069655120372772
0.024517575278878212 -0.3298659920692444 -0.03401230275630951
-0.18206553161144257 -0.1992529183626175 -0.1692655384540558
0.04594988748431206 -0.2695203125476837 0.11418692022562027
-0.051644183695316315 -0.35020220279693604 0.004202996380627155
0.06658905744552612 -0.056832920759916306 0.24835775792598724
-0.13765046000480652 -0.07605160772800446 -0.007879767566919327
0.0760866329073906 -0.27192533016204834 0.04003617540001869
0.05560974404215813 -0.2382206916809082 0.16619141399860382
-0.024236587807536125 -0.2512834966182709 -0.10533639043569565
-0.05626711994409561 -0.2915118932723999 0.010087216272950172
-0.19470077753067017 -0.10842454433441162 0.07815621793270111
0.05452077090740204 -0.29070866107940674 -0.2562510073184967
-0.013709934428334236 -0.12489200383424759 0.04181805998086929
0.08920556306838989 -0.03381574898958206 0.2715619206428528
-0.09211502969264984 -0.2740101218223572 -0.3003270924091339
0.1102355420589447 -0.08040783554315567 -0.1936785727739334
-0.014851382002234459 -0.14244766533374786 -0.14109104871749878
-0.027791181579232216 -0.31614556908607483 -0.035713087767362595
-0.026615696027874947 0.08543354272842407 0.10566814243793488
0.03787524253129959 0.0022878057789057493 -0.30627936124801636
0.07317451387643814 -0.2989930212497711 -0.21829235553741455
0.06191685423254967 -0.032257866114377975 -0.23757719993591309
-0.09965014457702637 -0.29175424575805664 0.09154504537582397
0.1943623274564743 -0.29881080985069275 0.07324139773845673
-0.07808423042297363 -0.221930131316185 -0.07821238040924072
-0.06736976653337479 -0.2896081507205963 -0.04339989647269249
0.17401842772960663 -0.20153993368148804 0.16576799750328064
-0.29164183139801025 -0.06604018807411194 -0.06299254298210144
-0.04183584824204445 -0.19499903917312622 -0.04644114896655083
-0.5731271505355835 0.03663706034421921 -0.15722668170928955
-0.32034459710121155 -0.27215105295181274 0.08095178753137589
-0.3549670875072479 -0.06691204756498337 0.24035649001598358
0.07161636650562286 -0.2860994338989258 0.12543103098869324
0.046466898173093796 0.020629845559597015 0.1231769472360611
-0.17532344162464142 0.016945451498031616 -0.10990238934755325
0.15351229906082153 0.06053594872355461 -0.05542445182800293
0.035754356533288956 -0.10811567306518555 0.2956233620643616
-0.10179107636213303 -0.24779370427131653 0.11993850022554398
-0.10356883704662323 -0.26485782861709595 -0.17639939486980438
-0.15288537740707397 -0.26707372069358826 -0.16206155717372894
0.3072146475315094 -0.34752553701400757 -0.017866427078843117
0.08858291059732437 -0.33184927701950073 -0.004886379931122065
0.08818162977695465 -0.21728172898292542 0.11031634360551834
-0.1931086927652359 -0.08583718538284302 0.13088421523571014
0.12192261964082718 -0.3254169821739197 -0.05327655375003815
-0.07616142183542252 -0.10654187947511673 0.21416541934013367
0.011478083208203316 -0.22186416387557983 0.23857489228248596
-0.11254590004682541 -0.21828487515449524 -0.08370526134967804
-0.22119231522083282 -0.06703831255435944 0.08827131241559982
-0.10122065991163254 -0.12055473029613495 -0.057742293924093246
0.06507503241300583 -0.28869014978408813 -0.17055436968803406
0.08306248486042023 -0.3021445572376251 -0.23171743750572205
0.01760266162455082 -0.3340829312801361 -0.08944691717624664
0.007182916160672903 -0.32198747992515564 -0.10715629905462265
-0.03210250660777092 -0.30149683356285095 0.0952504426240921
0.010931475088000298 -0.04884972423315048 -0.11550500988960266
0.15772244334220886 -0.2823922038078308 0.14109006524085999
-0.008987942710518837 -0.5148360729217529 -0.3308781385421753
0.13912592828273773 -0.1769818663597107 0.013694670051336288
0.10267752408981323 -0.05555598810315132 0.3683772087097168
0.032518886029720306 -0.31334567070007324 -0.08310096710920334
-0.24929001927375793 -0.235316202044487 0.008639105595648289
0.22781555354595184 -0.28218868374824524 -0.2410014122724533
-0.1711280792951584 0.0301633533090353 0.2841961085796356
0.10506486147642136 -0.245674267411232 -0.05472308769822121
-0.09447912871837616 -0.16745688021183014 0.3020426332950592
-0.035336002707481384 -0.33926451206207275 -0.0790167823433876
-0.2055002748966217 -0.20649132132530212 0.1632203608751297
0.019781144335865974 -0.2803153693675995 0.025643086060881615
0.06132905185222626 -0.27102938294410706 -0.12131969630718231
0.10060964524745941 -0.1675766259431839 -0.0048975409008562565
0.08926760405302048 -0.2319144308567047 -0.176370307803154
0.1262800544500351 -0.24210074543952942 0.3583856523036957
0.1483311653137207 -0.3265150487422943 -0.06162380054593086
0.102253757417202 -0.21727502346038818 0.06806159764528275
0.244901642203331 -0.3689013719558716 0.12199833989143372
0.1314496248960495 -0.0641675665974617 -0.025479581207036972
0.007891129702329636 -0.16301240026950836 0.024461068212985992
0.11499907076358795 -0.06558198481798172 0.019036559388041496
0.10478290170431137 -0.313710480928421 -0.09801236540079117
0.11117881536483765 -0.34333336353302 0.0006205345271155238
0.18272307515144348 -0.32723233103752136 0.028061745688319206
-0.17772483825683594 -0.08563534170389175 0.13849762082099915
0.12075323611497879 -0.28517091274261475 -0.017614351585507393
0.09934370219707489 -0.15490031242370605 0.15803585946559906
0.2327301949262619 -0.30372098088264465 0.04266710951924324
-0.163375586271286 -0.03701326623558998 0.11409755796194077
0.32641637325286865 -0.2910436689853668 -0.0020658429712057114
0.007727381773293018 -0.23805998265743256 0.12435158342123032
-0.015683813020586967 -0.09409650415182114 -0.2778719365596771
-0.11560731381177902 -0.29865431785583496 -0.07883705198764801
-0.009216949343681335 -0.2038061022758484 0.03484530746936798
-0.1839158982038498 -0.27981534600257874 -0.20387333631515503
-0.052347175776958466 -0.29345640540122986 -0.18866370618343353
-0.21575845777988434 -0.254275918006897 -0.12460910528898239
0.15941229462623596 -0.3272717595100403 0.06144443526864052
-0.2894265055656433 -0.06015719845890999 0.03702426701784134
0.12611716985702515 -0.27768799662590027 -0.06462319195270538
0.07807353138923645 -0.12987788021564484 0.1797301173210144
-0.005690817721188068 -0.08872321993112564 0.1412728875875473
0.1422191560268402 -0.046377960592508316 0.1064532920718193
-0.5345918536186218 -0.25019437074661255 -0.011561227962374687
0.1411820948123932 -0.1606290340423584 0.10881932079792023
-0.2170514464378357 -0.17605386674404144 0.15510885417461395
0.03908827155828476 -0.2578839063644409 0.062082331627607346
0.25628140568733215 -0.13794641196727753 0.09005380421876907
-0.002095296746119857 -0.25043150782585144 0.062184885144233704
0.2106424868106842 -0.27507802844047546 0.0005571296205744147
0.24686850607395172 -0.17833122611045837 0.23011356592178345
-0.3979165554046631 -0.19653625786304474 -0.288885235786438
0.33301663398742676 0.058078087866306305 -0.18980900943279266
0.13678960502147675 -0.30119332671165466 -0.10291759669780731
-0.2005644291639328 -0.005241466220468283 0.15234273672103882
0.15867429971694946 -0.2990455627441406 -0.15727756917476654
0.26634886860847473 0.2444176971912384 0.08671694993972778
0.0020554966758936644 -0.2878311574459076 -0.31389161944389343
-0.3191918134689331 -0.0799553319811821 -0.23405955731868744
0.0010447453241795301 -0.3575666844844818 -0.031179675832390785
0.07618192583322525 -0.3119669556617737 0.004882387816905975
0.08299638330936432 -0.3253779113292694 -0.049277257174253464
0.028645599260926247 0.003222813131287694 0.0430627204477787
0.19173692166805267 -0.08957020938396454 -0.05798566713929176
-0.12039627879858017 -0.01563812419772148 -0.027021106332540512
0.01223502866923809 -0.29632705450057983 0.008795948699116707
-0.05694093182682991 -0.26566562056541443 -0.013857968151569366
-0.18022765219211578 -0.04418003931641579 -0.188777893781662
-0.04878075048327446 -0.18693427741527557 0.1897658258676529
-0.13821977376937866 -0.14494799077510834 -0.1848551630973816
-0.11931177228689194 -0.309183269739151 -0.06675925105810165
-0.05510950833559036 -0.28525057435035706 -0.2675069570541382
-0.2126164734363556 -0.2571945786476135 -0.03157394379377365
-0.08309176564216614 -0.30389007925987244 0.08335265517234802
0.25857487320899963 -0.18454010784626007 -0.11485506594181061
0.05553624778985977 -0.14289988577365875 0.17988841235637665
0.22053080797195435 -0.12320742756128311 0.20656558871269226
0.11916178464889526 -0.3388924300670624 0.10949977487325668
0.022479401901364326 -0.22974318265914917 0.10272632539272308
0.25785350799560547 -0.2679247558116913 -0.19561706483364105
-0.06410160660743713 -0.32512104511260986 -0.06093814596533775
0.04291440546512604 -0.32790735363960266 0.05361340939998627
-0.12432665377855301 -0.3320674002170563 -0.002553996630012989
0.12887734174728394 -0.2951779365539551 -0.045104555785655975
0.046334683895111084 -0.15235695242881775 0.15316158533096313
0.18715745210647583 0.04937317967414856 0.11401524394750595
0.14233821630477905 -0.05317527428269386 0.19054313004016876
0.2687476873397827 -0.33342066407203674 0.03304046019911766
-0.07351593673229218 -0.25131097435951233 0.05850181356072426
-0.2822229266166687 -0.18564996123313904 0.15421274304389954
0.31499359011650085 -0.24207787215709686 -0.34914639592170715
-0.08645705878734589 -0.2673405706882477 -0.1497700959444046
-0.054904505610466 -0.2686026990413666 0.11465132236480713
-0.18497604131698608 -0.30241692066192627 -0.13619355857372284
-0.06131589412689209 0.05716324225068092 0.2598744034767151
-0.07267727702856064 -0.33245569467544556 0.013765351846814156
0.2577314078807831 -0.2808476686477661 -0.11160845309495926
-0.007862351834774017 -0.16884586215019226 -0.06432870030403137
-0.21118423342704773 -0.31752824783325195 -0.005903300363570452
-0.0385589674115181 -0.25921547412872314 -0.17688190937042236
-0.14299853146076202 0.09801295399665833 0.2434515506029129
0.004688256420195103 0.0628959983587265 0.34381812810897827
-0.07501574605703354 -0.23493178188800812 -0.19950410723686218
0.11615625768899918 -0.3025675415992737 0.08415278792381287
0.034424785524606705 0.019415544345974922 0.2172585427761078
0.19554002583026886 -0.2938345670700073 -0.03460115194320679
-0.17289124429225922 -0.20785194635391235 -0.02128494717180729
-0.2627667486667633 0.2734643220901489 -0.007577565964311361
0.19454368948936462 -0.323974072933197 0.05642866715788841
0.09590275585651398 -0.3112083971500397 0.003136817831546068
0.03925956413149834 -0.18587563931941986 -0.018798401579260826
-0.32536280155181885 -0.07139693200588226 -0.022745545953512192
0.07925484329462051 -0.1974516063928604 -0.03420457988977432
-0.06913178414106369 -0.046987880021333694 0.16107763350009918
0.05528299883008003 -0.3305899202823639 -0.0640464499592781
0.09775562584400177 -0.3581017851829529 -0.18132330477237701
-0.13780981302261353 -0.3190680146217346 -0.04526663199067116
-0.18992877006530762 -0.27983444929122925 -0.19359876215457916
0.2271849811077118 -0.1095227301120758 -0.03277253732085228
-0.10920692980289459 -0.28185755014419556 -0.0929088294506073
0.017542976886034012 -0.2463914155960083 -0.008684840053319931
-0.0055779870599508286 -0.2529105842113495 0.09603683650493622
-0.009572600945830345 -0.21612825989723206 0.08390667289495468
0.14352132380008698 -0.2724763751029968 -0.20035302639007568
-0.17761938273906708 -0.2988181710243225 -0.13496842980384827
0.06434699147939682 -0.1574382483959198 0.29920610785484314
0.01722882129251957 -0.09090493619441986 0.3413814306259155
-0.10314905643463135 -0.10345429927110672 0.20371368527412415
0.07570712268352509 -0.1527976244688034 0.04241495952010155
0.1543903946876526 -0.30712199211120605 0.07168656587600708
-0.1373484581708908 -0.2724136412143707 -0.33399853110313416
0.034399986267089844 -0.31837037205696106 0.0067771729081869125
0.04514428228139877 -0.08761807531118393 -0.0735761746764183
0.08549215644598007 -0.2250686138868332 0.10487975925207138
-0.06832507997751236 -0.19499826431274414 0.19790345430374146
0.02010241150856018 -0.3136248290538788 0.042784906923770905
-0.3267368674278259 0.13107894361019135 0.05237084627151489
0.19234882295131683 -0.17895357310771942 0.052543312311172485
-0.028940267860889435 -0.3290537893772125 -0.03593030199408531
-0.012547658756375313 -0.3034995496273041 -0.06813959032297134
-0.007379491347819567 -0.16283699870109558 0.21782128512859344
-0.219050332903862 -0.37544330954551697 0.09322430193424225
-0.03374714404344559 -0.2006816864013672 -0.16132909059524536
0.01837107166647911 -0.3257104456424713 -0.07779586315155029
0.03239276260137558 -0.3008136749267578 0.02271779254078865
-0.06481213867664337 -0.14398932456970215 -0.1412932127714157
0.011648349463939667 -0.1821397840976715 0.19650483131408691
0.046923164278268814 -0.15290497243404388 0.040819793939590454
0.08790341019630432 -0.2146124392747879 0.07465528696775436
0.0018478825222700834 -0.3411632180213928 -0.049990393221378326
0.043153755366802216 -0.2717113792896271 -0.22793680429458618
-0.16948148608207703 -0.24385620653629303 0.16231220960617065
-0.14307695627212524 -0.3113343417644501 0.027087267488241196
-0.11807001382112503 0.06254015117883682 0.44542253017425537
0.13830962777137756 -0.26072603464126587 -0.1621396541595459
0.0005749913398176432 -0.27852603793144226 -0.2363433837890625
-0.03789478912949562 -0.12293565273284912 0.05862684175372124
0.013769086450338364 -0.3393634557723999 0.01603054068982601
0.019025202840566635 -0.33146658539772034 0.03712025284767151
0.27760544419288635 -0.16851285099983215 -0.14700886607170105
0.027197454124689102 -0.30041372776031494 -0.04310676082968712
0.11174184083938599 -0.26900744438171387 0.03396063670516014
0.14497703313827515 -0.2856665551662445 -0.15641403198242188
0.09665440768003464 -0.13992847502231598 0.1776500940322876
-0.0217949990183115 -0.03657099977135658 0.2707546055316925
-0.1086345836520195 -0.26433753967285156 -0.2083023488521576
-0.21740204095840454 -0.23076535761356354 -0.0001071140868589282
0.25673946738243103 -0.32723137736320496 0.13725604116916656
-0.12021641433238983 -0.25346463918685913 -0.06736710667610168
0.17512933909893036 -0.16206112504005432 -0.29622015357017517
-0.3613327443599701 0.2620229423046112 0.1298542469739914
0.10357797890901566 -0.19951987266540527 0.061063725501298904
-0.09845171123743057 -0.1896551549434662 -0.11164147406816483
-0.023122016340494156 -0.1666395217180252 -0.060486167669296265
-0.14464321732521057 -0.23082447052001953 0.09635946154594421
-0.1738710105419159 -0.036920249462127686 0.35616108775138855
-0.44916459918022156 -0.059753358364105225 -0.2797459661960602
0.04215628653764725 -0.2632940709590912 -0.18170921504497528
0.24534989893436432 -0.21914955973625183 -0.13379640877246857
0.12202034890651703 0.02643992379307747 0.21211391687393188
-0.03960101678967476 0.10171793401241302 0.3042171895503998
0.08503211289644241 -0.22096861898899078 -0.06729324162006378
-0.05946962907910347 -0.18490390479564667 0.3473033607006073
-0.10777179151773453 -0.2988342046737671 -0.11655484139919281
-0.08979259431362152 -0.21784448623657227 0.28717389702796936
0.14374777674674988 -0.24428880214691162 -0.1606147587299347
0.0533549003303051 -0.11792825162410736 0.13481289148330688
-0.13935071229934692 0.16562645137310028 0.25483080744743347
0.04999282583594322 -0.28846806287765503 -0.1838901937007904
0.17492271959781647 -0.2888096570968628 -0.23175053298473358
0.16255339980125427 -0.3398853540420532 0.005405845586210489
0.08741253614425659 -0.25482088327407837 0.11018972098827362
0.049106523394584656 -0.079157255589962 0.012146243825554848
0.0754585713148117 -0.07625677436590195 0.02374446764588356
-0.09275566041469574 -0.11650455743074417 -0.15795759856700897
-0.060215726494789124 -0.34939298033714294 0.0589250884950161
-0.020725978538393974 -0.1939924955368042 -0.08949068933725357
0.015241185203194618 -0.25939464569091797 0.12259867042303085
0.0015165726654231548 -0.28806838393211365 -0.10236348956823349
-0.02801247127354145 -0.34429389238357544 -0.03185156732797623
-0.3559182286262512 -0.18955421447753906 0.038427237421274185
-0.049295227974653244 -0.15508785843849182 0.16577720642089844
0.08025267720222473 -0.1181788444519043 0.15571987628936768
0.028937676921486855 -0.2653721570968628 0.04189763963222504
-0.18553851544857025 -0.16140231490135193 0.15442143380641937
-0.038752540946006775 -0.28015074133872986 -0.3312179744243622
-0.10013630986213684 -0.3244130611419678 0.11936312913894653
-0.13310931622982025 0.15913310647010803 0.003395083826035261
-0.13054391741752625 -0.22653231024742126 0.10487300902605057
0.12884590029716492 -0.20055454969406128 -0.3830396831035614
0.13095851242542267 -0.04069807752966881 0.11170517653226852
0.09009856730699539 -0.27351897954940796 -0.12351734191179276
0.1841861605644226 0.092910535633564 0.17033651471138
-0.06345932930707932 -0.2660812735557556 -0.1383529156446457
0.06285902112722397 -0.2841373383998871 0.17247511446475983
-0.135227233171463 0.027601690962910652 0.2559134364128113
0.008367178030312061 -0.3230612874031067 -0.0393681600689888
0.10970861464738846 0.024949897080659866 0.45234447717666626
-0.2228299379348755 -0.2610081136226654 0.1777922362089157
0.03712617978453636 -0.23076575994491577 0.14370857179164886
-0.022943399846553802 -0.3312995135784149 -0.12048663944005966
0.05590136721730232 -0.2596568763256073 -0.17606204748153687
0.09693004935979843 -0.3935023844242096 -0.3072541058063507
0.018813859671354294 -0.015495141968131065 0.14251427352428436
-0.1221003606915474 -0.23423689603805542 -0.01288764551281929
0.03955753147602081 -0.08163442462682724 0.01456456258893013
-0.15726034343242645 -0.18305526673793793 -0.08219660818576813
-0.17263594269752502 -0.03804849460721016 -0.27280551195144653
-0.0167633555829525 0.05332919955253601 0.07693903148174286
-0.11009281128644943 -0.14777086675167084 0.027210824191570282
-0.08519412577152252 -0.2768566310405731 -0.1680610179901123
0.05840062350034714 0.06242339685559273 0.43475908041000366
0.061883989721536636 -0.32374969124794006 0.05406871810555458
-0.0009883316233754158 0.2552725076675415 0.20943766832351685
0.057938817888498306 -0.13444262742996216 0.15117321908473969
0.07756596058607101 -0.14259026944637299 -0.1630585491657257
-0.13389602303504944 0.07525190711021423 -0.07299578189849854
-0.01690630614757538 -0.3377721905708313 0.022102488204836845
-0.13275037705898285 -0.26562321186065674 -0.0379486083984375
0.02841745689511299 -0.265967458486557 -0.054175157099962234
0.17167995870113373 0.0444243922829628 0.2631749212741852
0.05578010529279709 -0.31797924637794495 0.04435859993100166
-0.11180493980646133 -0.11338227242231369 0.10403209924697876
-0.09186780452728271 -0.23929710686206818 -0.0749577134847641
0.1440432071685791 -0.24844270944595337 0.019109554588794708
0.060238879173994064 -0.12694823741912842 -0.06908717006444931
0.03776973858475685 -0.239826962351799 0.010025154799222946
-0.1117100641131401 -0.31536832451820374 -0.1280907392501831
0.1429019421339035 -0.2620351314544678 0.1294337511062622
-0.18973729014396667 -0.10528729856014252 0.06681418418884277
0.14384576678276062 -0.20290838181972504 -0.07531324774026871
0.23390927910804749 -0.29939451813697815 0.039474960416555405
-0.13318844139575958 -0.15833596885204315 0.2987641394138336
-0.032681904733181 -0.3180796504020691 -0.023686937987804413
-0.04798027500510216 -0.15706896781921387 0.17369608581066132
0.07779163122177124 -0.24120061099529266 -0.1414778083562851
0.09054730087518692 -0.2986365556716919 -0.011895695701241493
0.03813043236732483 -0.3479900360107422 -0.0007373690605163574
0.3090272545814514 -0.2119320034980774 0.1993406116962433
-0.13735976815223694 -0.10465431213378906 -0.05270101875066757
0.1195630431175232 -0.32005107402801514 0.047978293150663376
-0.02383122406899929 -0.2967698276042938 0.104620561003685
-0.1727438122034073 -0.3327043950557709 0.002737619448453188
0.07595931738615036 -0.21973451972007751 -0.31386637687683105
0.015816975384950638 -0.3635544776916504 0.08783556520938873
0.00782880000770092 -0.23213203251361847 -0.1322987675666809
0.028978468850255013 -0.1664039045572281 -0.17637500166893005
0.075286366045475 -0.026896990835666656 0.18680326640605927
-0.4244636297225952 -0.34273263812065125 0.03574083745479584
-0.13879095017910004 -0.0856487825512886 -0.014656944200396538
-0.030231542885303497 -0.32430967688560486 -0.060311056673526764
0.08108766376972198 -0.33091121912002563 -0.05749000608921051
-0.1418226957321167 -0.27262169122695923 0.13606680929660797
-0.005150796379894018 -0.2906196415424347 -0.04106537252664566
0.07117567211389542 -0.07944802939891815 -0.09700946509838104
0.10197801142930984 -0.3231578469276428 0.022725088521838188
0.027952924370765686 -0.0900660902261734 -0.13869734108448029
-0.04623228311538696 -0.2662713825702667 0.019194763153791428
0.03520872816443443 -0.3269614577293396 -0.14278441667556763
-0.12809482216835022 -0.21935810148715973 -0.05971122533082962
-0.15054523944854736 -0.3180149793624878 -0.017008231952786446
-0.22260451316833496 0.19556058943271637 0.0249360091984272
-0.1808076649904251 -0.18353639543056488 0.25652340054512024
0.25002148747444153 -0.3096172511577606 -0.21806058287620544
-0.024504682049155235 -0.30561453104019165 0.061779122799634933
-0.21948502957820892 0.05324273556470871 0.2666795551776886
-0.028600094839930534 -0.05832931771874428 -0.27169179916381836
0.18308354914188385 -0.25736579298973083 -0.11466165632009506
0.18830224871635437 -0.18475458025932312 -0.14418993890285492
-0.33335331082344055 0.0026896167546510696 0.03642663359642029
-0.17325986921787262 -0.033284783363342285 -0.3192862868309021
0.057213202118873596 -0.29711809754371643 -0.239225834608078
0.06711950898170471 -0.3430725038051605 0.060450002551078796
0.2178765833377838 0.08586789667606354 0.2955513298511505
0.14329437911510468 -0.24077099561691284 -0.015569157898426056
-0.0824003592133522 -0.31639203429222107 -0.017683913931250572
0.13037961721420288 -0.16394640505313873 0.09627887606620789
0.1996084749698639 -0.3072155714035034 0.06011402979493141
-0.13244976103305817 -0.320627897977829 0.0077186585403978825
-0.15653784573078156 -0.17151737213134766 0.08217497169971466
-0.08066258579492569 -0.21336664259433746 0.03896676376461983
0.07709399610757828 -0.2622963488101959 -0.12104211002588272
-0.2916029691696167 -0.11883380264043808 -0.28786009550094604
-0.04408727586269379 -0.2907722294330597 0.11941060423851013
0.10509391874074936 0.16951876878738403 0.09127043932676315
0.028158700093626976 -0.17416685819625854 -0.12050926685333252
-0.026825224980711937 -0.3266052007675171 -0.01296931691467762
-0.004855597857385874 -0.15178115665912628 0.17522329092025757
0.18625587224960327 -0.15794336795806885 0.08261983096599579
-0.1831754744052887 -0.17569980025291443 0.12629933655261993
-0.00824102945625782 -0.3187675476074219 -0.1698133647441864
0.22735081613063812 -0.30451029539108276 -0.01985805109143257
-0.09349464625120163 0.090761698782444 0.29467180371284485
0.08047568798065186 -0.1828690618276596 -0.24553123116493225
-0.2705664336681366 -0.1119115948677063 -0.03904428705573082
0.002106939908117056 -0.21545785665512085 0.02064169943332672
-0.027294738218188286 -0.29665839672088623 0.03770213574171066
-0.040442585945129395 -0.10118994861841202 0.21352072060108185
0.18730862438678741 -0.35392794013023376 0.06738179177045822
0.20497596263885498 -0.17609398066997528 0.15869712829589844
0.23562639951705933 -0.2277137041091919 -0.15669456124305725
0.012590508908033371 -0.13069522380828857 0.2935331463813782
-0.3556118905544281 0.16645729541778564 0.23077842593193054
0.1877291351556778 -0.33771881461143494 -0.2194862812757492
-0.16315218806266785 -0.08813870698213577 -0.10605849325656891
-0.0025220727548003197 -0.3523554801940918 -0.01915919966995716
0.13736940920352936 -0.05126626417040825 0.04868307337164879
0.09644359350204468 -0.2981627881526947 -0.002449244726449251
0.15957869589328766 -0.28165608644485474 -0.15526895225048065
-0.15278731286525726 -0.19617131352424622 -0.21451663970947266
0.12769916653633118 -0.1395091861486435 -0.18838568031787872
0.126640185713768 -0.3194047212600708 0.05631854012608528
0.12424636632204056 -0.2077638804912567 0.20421995222568512
0.08463065326213837 -0.3065875470638275 0.03821885958313942
0.055214423686265945 -0.09551722556352615 -0.1649591475725174
0.27170416712760925 -0.053871266543865204 -0.0483892560005188
-0.109754778444767 -0.27981457114219666 -0.1018276959657669
0.09414039552211761 -0.2677728533744812 0.10599341243505478
-0.4448748528957367 -0.0707320123910904 -0.02472519688308239
-0.17903593182563782 -0.3390139043331146 -0.0025548720732331276
0.02054421603679657 -0.05482827499508858 0.2658163905143738
-0.011096077039837837 -0.23250843584537506 0.10116241127252579
0.21530306339263916 0.07580846548080444 -0.07536420226097107
-0.09581957012414932 -0.30558985471725464 -0.044749390333890915
-0.1385655254125595 -0.29833343625068665 0.17187803983688354
0.004811187274754047 -0.27172529697418213 0.09516153484582901
-0.061526164412498474 -0.22676779329776764 -0.06533131748437881
-0.1350201815366745 0.1216256394982338 0.41409045457839966
0.03690420091152191 -0.14799398183822632 0.11131861805915833
0.1450306922197342 -0.35584577918052673 0.16273662447929382
-0.16351547837257385 -0.27153730392456055 -0.1775307059288025
0.03219747915863991 -0.2734825313091278 -0.04443635419011116
-0.21018071472644806 0.005415740422904491 0.17337961494922638
-0.0447736419737339 -0.21389716863632202 -0.2551301419734955
-0.08235691487789154 -0.3076391816139221 -0.07805316895246506
0.038141634315252304 -0.041284266859292984 0.17045363783836365
-0.1416633427143097 -0.0059745959006249905 0.22030286490917206
0.0266179870814085 -0.3141736090183258 -0.03814433887600899
0.24259495735168457 -0.16800768673419952 -0.07970824092626572
-0.20688316226005554 -0.16334356367588043 -0.23527707159519196
0.2127477079629898 -0.2560915946960449 0.22537094354629517
-0.05790955200791359 -0.2457779198884964 -0.1058502271771431
-0.02950155921280384 -0.25790584087371826 -0.1828123778104782
0.25472524762153625 -0.2687538266181946 -0.2077297419309616
-0.06457650661468506 -0.30921390652656555 -0.15877819061279297
-0.38953059911727905 0.14046898484230042 -0.04502585157752037
0.03244751691818237 -0.2257133424282074 0.14789359271526337
0.050158027559518814 -0.2700192928314209 -0.07022534310817719
0.20129208266735077 -0.30185237526893616 0.06952403485774994
-0.07343132048845291 -0.27459120750427246 -0.20984357595443726
0.14879314601421356 -0.009998984634876251 0.26333940029144287
-0.023067345842719078 -0.045639123767614365 0.20115114748477936
-0.11314857751131058 -0.2636488676071167 -0.7943781614303589
-0.20182053744792938 -0.33785122632980347 0.07675199955701828
-0.21987856924533844 -0.2969590127468109 -0.039837345480918884
0.09954514354467392 -0.3109225928783417 -0.00873979739844799
-0.07461541146039963 -0.28332850337028503 0.07508779317140579
-0.2699283957481384 0.0017402966041117907 0.04511655867099762
0.2914872169494629 -0.2755027413368225 0.06626860797405243
-0.21655352413654327 -0.0915757268667221 0.006446527317166328
0.030299857258796692 -0.21811825037002563 0.012895608320832253
0.1330389678478241 -0.1641051173210144 -0.07657381147146225
0.19143423438072205 -0.08811302483081818 0.09761403501033783
-0.2540423572063446 -0.19518372416496277 -0.05538887530565262
0.1586867868900299 -0.233668252825737 0.11085769534111023
-0.014065200462937355 -0.15417563915252686 0.11773360520601273
0.09346920996904373 -0.18201734125614166 -0.11467991024255753
-0.06175234168767929 0.008124422281980515 0.27901941537857056
-0.0836830884218216 -0.19001610577106476 0.12791621685028076
-0.02649829350411892 -0.30353298783302307 -0.2234836369752884
0.06913117319345474 -0.21944159269332886 -0.018628429621458054
0.0476747564971447 -0.22420038282871246 -0.09922663122415543
0.04152988642454147 -0.1118653267621994 -0.1473735123872757
-0.11028358340263367 -0.20305360853672028 0.22760990262031555
-0.05031947046518326 -0.10611210018396378 0.016388803720474243
-0.06826210767030716 -0.2231067568063736 -0.12754838168621063
-0.01280747726559639 -0.19284619390964508 0.25137412548065186
0.10310676693916321 -0.3135192394256592 0.14599646627902985
0.06522852927446365 -0.18378406763076782 -0.06653587520122528
0.05465245991945267 -0.23780065774917603 0.04551803320646286
0.3702467083930969 -0.35291576385498047 -0.1801522970199585
0.12885810434818268 -0.3021151125431061 -0.010453620925545692
0.08160560578107834 -0.3171912431716919 -0.03730796277523041
-0.2933291494846344 -0.16936731338500977 0.12864059209823608
-0.013109838590025902 -0.10233530402183533 0.2897712290287018
0.2021341621875763 -0.09362054616212845 0.13824860751628876
0.14751660823822021 -0.2956865131855011 -0.018672099336981773
-0.010927500203251839 -0.3268461525440216 -0.0689694732427597
0.007386540528386831 -0.12860682606697083 0.1104486957192421
0.09942854940891266 -0.15112817287445068 -0.23217222094535828
0.08873013406991959 -0.1829809993505478 -0.04284399002790451
0.17941586673259735 -0.13336722552776337 -0.07186169922351837
-0.186515212059021 -0.26396644115448 -0.12796707451343536
