ply
format ascii 1.0
element vertex 2048
property float x
property float y
property float z
end_header
0.23509056866168976 -0.12633121013641357 -0.16520829498767853
-0.023686042055487633 -0.20663753151893616 -0.021728167310357094
0.06019653007388115 -0.3151683509349823 -0.03429000824689865
0.10613750666379929 -0.33439886569976807 -0.0558028444647789
-0.0074912807904183865 -0.3452918529510498 -0.0037819519639015198
0.2095973938703537 -0.13526947796344757 -0.10564634203910828
0.2814999222755432 -0.35063374042510986 -0.018233710899949074
0.28462520241737366 0.1951613426208496 0.18763059377670288
-0.015338130295276642 -0.3149483799934387 -0.07798946648836136
0.05556025728583336 -0.32964956760406494 -0.027807969599962234
0.013182628899812698 -0.2044910490512848 0.28503480553627014
0.000327812391333282 -0.1907842457294464 -0.0992305800318718
0.11874742060899734 -0.30579257011413574 0.03060065768659115
0.007902299985289574 -0.24856001138687134 0.09100882709026337
-0.0941612645983696 -0.06172401085495949 0.09756230562925339
-0.013609714806079865 -0.27557408809661865 0.05416335165500641
0.10240347683429718 -0.16365812718868256 0.19068729877471924
-0.1363779753446579 0.12837444245815277 0.08025716245174408
0.030690357089042664 -0.296479731798172 -0.24728789925575256
0.14329251646995544 -0.24325720965862274 -0.05331714078783989
0.02969546988606453 -0.20938977599143982 -0.16259732842445374
-0.05920323729515076 -0.36920255422592163 0.006213142536580563
-0.04184291511774063 0.10416703671216965 0.47503140568733215
-0.23925989866256714 -0.1476450264453888 0.07262910157442093
0.30752819776535034 0.03336360678076744 -0.1616770476102829
-0.1402146965265274 -0.24283631145954132 -0.27610719203948975
-0.29275646805763245 -0.22732554376125336 0.12429128587245941
0.16575679183006287 -0.09722478687763214 0.08496548235416412
0.02093442901968956 -0.3016078472137451 -0.14053982496261597
0.1246713399887085 -0.3340466022491455 0.0742805004119873
0.13821108639240265 -0.15350954234600067 0.052202776074409485
0.06079650670289993 -0.2529245615005493 0.025958729907870293
0.011966625228524208 -0.2766845226287842 -0.07881446182727814
-0.14516137540340424 0.059656113386154175 0.16352951526641846
0.1614392250776291 -0.31814467906951904 0.06205541267991066
-0.1625967025756836 0.03649352118372917 0.3148718774318695
-0.0516272634267807 -0.21727265417575836 -0.08944232016801834
0.03591417148709297 -0.16317307949066162 0.20967887341976166
-0.014935474842786789 -0.05209694430232048 0.10984194278717041
0.09370796382427216 -0.35933512449264526 0.018443822860717773
0.03615875542163849 -0.2268652766942978 0.17313452064990997
0.1501622498035431 -0.04561297222971916 0.14170120656490326
0.046608880162239075 -0.32119104266166687 0.11157401651144028
0.19232377409934998 -0.305953711271286 0.0520281158387661
-0.2374945729970932 -0.14830614626407623 0.2399844229221344
0.25430628657341003 -0.22908221185207367 -0.05213744565844536
-0.09278489649295807 -0.20254915952682495 0.18981806933879852
-0.3230741620063782 -0.258906751871109 0.06584224104881287
0.06965138763189316 -0.3164793848991394 -0.10505493730306625
-0.1251288205385208 -0.24017712473869324 0.1590355932712555
-0.022030534222722054 -0.033900029957294464 -0.15888717770576477
-0.015372967347502708 -0.3061317801475525 -0.13743093609809875
-0.22814393043518066 -0.1137930303812027 -0.15269435942173004
-0.12057911604642868 -0.3434217572212219 -0.019172681495547295
0.19041848182678223 -0.27541109919548035 0.059874869883060455
0.21018677949905396 -0.299549400806427 -0.1287359744310379
-0.026782140135765076 -0.2638934254646301 0.12850771844387054
0.14574562013149261 -0.3100053369998932 0.07949071377515793
0.31070810556411743 -0.13666561245918274 0.030932167544960976
0.10558883845806122 -0.1544593721628189 0.17814457416534424
-0.20820645987987518 -0.1718660145998001 0.060889389365911484
0.1036611869931221 -0.3043476939201355 -0.034255530685186386
-0.0621502548456192 -0.2723178267478943 0.03239648789167404
-0.07929488271474838 -0.17923502624034882 0.028483645990490913
0.07494042813777924 -0.16202405095100403 -0.013692758977413177
-0.04676969721913338 -0.31719833612442017 -0.0719100683927536
-0.03132762014865875 -0.1590276062488556 0.11717943102121353
0.08170346915721893 -0.3227624297142029 0.031253524124622345
-0.10441534966230392 -0.1629668027162552 0.09379255771636963
-0.0006528540980070829 -0.31532034277915955 -0.11230732500553131
-0.35793015360832214 -0.2739889919757843 0.02301294356584549
-0.037400439381599426 -0.18377259373664856 -0.23272767663002014
-0.009643495082855225 -0.30659592151641846 -0.07543880492448807
-0.05543174594640732 -0.22452634572982788 0.1481071561574936
-0.1963733732700348 -0.23059651255607605 0.09166735410690308
-0.25161269307136536 -0.2893834710121155 0.08983581513166428
0.06904836744070053 -0.3167398273944855 -0.19776847958564758
0.023853102698922157 -0.0036166119389235973 0.22824618220329285
0.2129216343164444 -0.30252543091773987 -0.09464146196842194
-0.26126086711883545 -0.06216464564204216 0.2457013875246048
-0.04669388756155968 -0.022545015439391136 0.07811646908521652
0.044959522783756256 -0.2928084135055542 -0.020696468651294708
-0.18223336338996887 -0.22460180521011353 -0.05485298112034798
0.014554405584931374 -0.14947687089443207 0.2840209901332855
0.12431216239929199 -0.1786496639251709 0.1428883969783783
0.1649804264307022 -0.07334587723016739 0.029627569019794464
0.0030082541052252054 -0.352674275636673 -0.003943839576095343
-0.03825203701853752 -0.2863016724586487 -0.3567584753036499
-0.08333886414766312 -0.314910352230072 0.05333312228322029
0.2093953788280487 -0.25445330142974854 0.0451207235455513
0.35328352451324463 -0.24480704963207245 0.012942515313625336
0.34876781702041626 -0.24663829803466797 0.00452134944498539
-0.029098810628056526 -0.061456505209207535 0.20359565317630768
-0.08725345879793167 -0.3229169249534607 -0.08928462862968445
-0.2494426965713501 -0.19101865589618683 0.19826632738113403
0.25333788990974426 -0.1702221781015396 0.18980489671230316
-0.24533729255199432 -0.18619680404663086 -0.2811307907104492
-0.18001089990139008 -0.18137580156326294 0.09611868858337402
0.26512667536735535 -0.28674760460853577 -0.003959418274462223
0.18435165286064148 -0.31818339228630066 0.2957223951816559
-0.4669038653373718 0.16038008034229279 -0.18030352890491486
-0.22039268910884857 -0.14847591519355774 -0.004222973249852657
-0.008810900151729584 -0.1707249879837036 0.31794530153274536
0.0446750707924366 -0.19242514669895172 -0.49694061279296875
0.17039883136749268 -0.17974141240119934 -0.04617955535650253
0.07450084388256073 -0.1997474581003189 0.032125163823366165
-0.0838414654135704 -0.008641630411148071 0.2080076038837433
0.14746639132499695 -0.31428661942481995 0.03096914291381836
-0.016111064702272415 -0.28124284744262695 0.004743572790175676
-0.00289874617010355 -0.20928412675857544 -0.3017781376838684
0.11098426580429077 -0.11698315292596817 0.05812837556004524
0.11608678102493286 -0.1145642101764679 0.03943499177694321
0.0401887409389019 -0.2515341341495514 -0.2348075956106186
-0.12238814681768417 -0.2562786340713501 -0.07896817475557327
0.06736014783382416 -0.311901718378067 0.07446974515914917
-0.06135200709104538 -0.08942538499832153 -0.054578494280576706
0.06810685247182846 -0.12480951100587845 0.014933265745639801
0.10673421621322632 -0.276768296957016 -0.27237454056739807
0.19065846502780914 -0.20425307750701904 -0.13088807463645935
-0.029264230281114578 -0.11126865446567535 0.021923145279288292
-0.16049110889434814 -0.2473021298646927 0.15452386438846588
0.005028341896831989 -0.24651531875133514 -0.23279665410518646
-0.011710787191987038 -0.3416007459163666 -0.048345211893320084
0.24191021919250488 -0.25425273180007935 0.11865987628698349
-0.028730593621730804 -0.05174541845917702 0.29831844568252563
-0.15167108178138733 -0.13017970323562622 -0.1422305554151535
-0.1845712959766388 -0.19419606029987335 -0.05552750453352928
0.014901889488101006 -0.30201834440231323 0.021369202062487602
0.08298216015100479 -0.1483432799577713 0.18519286811351776
0.04260547086596489 -0.10598321259021759 0.15213437378406525
0.12222946435213089 -0.3266724646091461 -0.06450781971216202
0.18181630969047546 -0.14797310531139374 -0.013841167092323303
0.34614643454551697 -0.28116682171821594 -0.034474004060029984
-0.039489466696977615 -0.29696229100227356 -0.1029391661286354
0.12413240224123001 -0.011408442631363869 0.06136190891265869
0.028777355328202248 -0.2942757308483124 0.17529897391796112
0.05729466676712036 -0.12006043642759323 0.12273754179477692
-0.1848125010728836 -0.1833479404449463 0.19187316298484802
-0.09572482109069824 -0.23693908751010895 -0.2760688364505768
-0.17572057247161865 0.10292147845029831 0.4150959849357605
-0.0012188947293907404 -0.02274899370968342 -0.021947886794805527
0.11907469481229782 -0.29910045862197876 -0.15808585286140442
0.11640462279319763 -0.31817764043807983 0.08133795112371445
0.045688334852457047 -0.22405214607715607 0.04674756899476051
-0.26753532886505127 -0.25627830624580383 -0.25045785307884216
0.05570738762617111 -0.28448426723480225 0.08010454475879669
-0.14177623391151428 -0.280032753944397 -0.1585490107536316
-0.01337566040456295 -0.3337651193141937 -0.08851432055234909
0.19708670675754547 -0.32160860300064087 0.08932970464229584
0.18972541391849518 -0.03918677940964699 0.20391473174095154
0.2150501310825348 -0.25509002804756165 -0.17192605137825012
0.07073350250720978 -0.2918115556240082 0.04428257420659065
-0.1822119951248169 -0.272400826215744 -0.2208651900291443
-0.08819999545812607 -0.30758142471313477 0.03205676004290581
0.0800371840596199 -0.2743788957595825 0.12145280838012695
-0.18685759603977203 -0.2760375738143921 -0.21200458705425262
-0.07560499012470245 -0.284776896238327 0.13645939528942108
0.009752482175827026 -0.32170385122299194 -0.09768445044755936
-0.142335444688797 -0.33169233798980713 -0.007685981225222349
0.0031027495861053467 -0.0855296403169632 0.05222536623477936
-0.13007178902626038 -0.22948521375656128 0.10272379219532013
0.012777484953403473 -0.11005750298500061 -0.014657046645879745
0.064598947763443 -0.15439414978027344 0.14261315762996674
-0.13707545399665833 -0.14623069763183594 0.23542268574237823
-0.17618370056152344 -0.3332442045211792 0.08437974750995636
0.08957131206989288 -0.3056679964065552 0.0294151920825243
-0.8148573040962219 -0.18215930461883545 -0.009483769536018372
0.1545824259519577 -0.10293317586183548 0.02527064085006714
0.029323650524020195 -0.20581139624118805 -0.02944083698093891
-0.08366338163614273 -0.3220047354698181 -0.11466579884290695
-0.25967949628829956 -0.0052305059507489204 -0.20665086805820465
0.1995755434036255 -0.29831913113594055 -0.12784862518310547
0.050338950008153915 -0.1800445169210434 0.26515787839889526
0.08636307716369629 -0.3916015625 0.11031809449195862
0.12488070130348206 -0.12625515460968018 0.3501396179199219
0.12358326464891434 -0.07729675620794296 0.10759890824556351
-0.11025603860616684 -0.26758867502212524 0.11460570991039276
0.08210864663124084 -0.31282666325569153 0.05340934172272682
0.21472306549549103 -0.28828009963035583 0.02962421625852585
-0.18078945577144623 -0.23939387500286102 -0.21130143105983734
0.02181595005095005 0.06263779103755951 0.049686674028635025
0.13829971849918365 0.13387541472911835 -0.04422513023018837
0.008910102769732475 -0.3038092851638794 0.11385316401720047
0.14040182530879974 -0.03578672558069229 -0.0034141880460083485
-0.24405352771282196 -0.08579506725072861 -0.2906835377216339
0.2504703104496002 -0.29685235023498535 0.05803491920232773
0.10679306834936142 -0.1506222039461136 0.11436836421489716
0.16251087188720703 0.08303377777338028 0.25823691487312317
-0.09696730971336365 -0.0534527450799942 -0.2043590098619461
0.029791930690407753 -0.42495131492614746 0.04202057421207428
-0.034136995673179626 -0.3257456421852112 0.06907854974269867
-0.005434982944279909 -0.29940006136894226 -0.09040363878011703
-0.12278953194618225 -0.25404301285743713 -0.21659474074840546
0.21743813157081604 -0.28391289710998535 0.09157148748636246
-0.003287653438746929 -0.24059557914733887 -0.025262605398893356
-0.1880325824022293 -0.21348656713962555 0.0035008303821086884
-0.17215628921985626 -0.287468820810318 0.11551045626401901
-0.046439699828624725 -0.33923807740211487 0.0300900861620903
0.07782299816608429 -0.31643304228782654 -0.027074763551354408
0.4419897496700287 -0.31594541668891907 -0.06935005635023117
0.0631152093410492 0.032085251063108444 0.10932126641273499
0.13161982595920563 -0.14527995884418488 0.12770287692546844
0.09970181435346603 -0.29012665152549744 0.057497136294841766
-0.19318434596061707 -0.21109876036643982 -0.04062337800860405
-0.34916478395462036 -0.2304573655128479 0.016167134046554565
-0.2522009015083313 -0.09844689816236496 -0.1624169945716858
-0.005022372584789991 -0.28502562642097473 -0.309686541557312
0.19198860228061676 -0.3293238580226898 0.07129467278718948
-0.02012541890144348 -0.25931301712989807 -0.031831882894039154
0.13864687085151672 -0.2034464329481125 0.06878617405891418
0.15107885003089905 -0.27161476016044617 -0.14207857847213745
0.14666655659675598 -0.02665596827864647 0.10577533394098282
-0.11781205236911774 -0.04612001031637192 0.3436425030231476
0.10125651210546494 -0.2181183248758316 0.171331986784935
-0.1781710833311081 -0.15133340656757355 -0.15939390659332275
0.13175559043884277 -0.3188129961490631 -0.0028143594972789288
0.14754538238048553 -0.26753583550453186 0.029523571953177452
0.005477879662066698 -0.3028492331504822 -0.15980443358421326
0.08991065621376038 0.010655244812369347 0.12219121307134628
0.23035383224487305 -0.16119322180747986 -0.03294776752591133
0.22584114968776703 -0.011368012055754662 0.31356552243232727
0.14340545237064362 -0.28927919268608093 -0.18882986903190613
-0.12195004522800446 -0.07748725265264511 0.05429370701313019
0.0328693762421608 -0.28952527046203613 0.0070167845115065575
-0.06231343746185303 -0.21426549553871155 0.11072516441345215
-0.09255300462245941 -0.16150392591953278 0.21946388483047485
0.00877455435693264 -0.07506633549928665 0.20861181616783142
0.06559035181999207 -0.2537367045879364 -0.23605753481388092
0.1417054682970047 -0.11349178105592728 0.11681441217660904
-0.06934709846973419 -0.12863761186599731 0.32566654682159424
-0.23581676185131073 0.08487510681152344 -0.06793726235628128
0.15860462188720703 0.08895000070333481 0.19212965667247772
-0.03655524551868439 -0.3487861156463623 -0.056048668920993805
0.07069971412420273 -0.1633545309305191 -0.18921029567718506
0.1637907475233078 -0.16603940725326538 0.13910068571567535
-0.05365737900137901 -0.3383007347583771 0.07265036553144455
-0.017754558473825455 -0.10445556789636612 -0.01622101664543152
0.07159508019685745 -0.22954906523227692 0.11557469516992569
-0.03301546722650528 -0.26133644580841064 0.01777835749089718
-0.17851902544498444 -0.197792187333107 0.08984842151403427
0.056985486298799515 -0.2999085783958435 -0.23349066078662872
-0.17023006081581116 0.004726871382445097 0.12705619633197784
-0.13462422788143158 -0.35751044750213623 -0.005302021279931068
0.25674644112586975 -0.12068299204111099 -0.059245072305202484
-0.04440583288669586 -0.13439753651618958 -0.06146937236189842
0.020229890942573547 -0.25617337226867676 -0.06560341268777847
-0.3870204985141754 0.3378002941608429 0.13604816794395447
0.013764725998044014 -0.07498454302549362 0.07844199985265732
0.0011136224493384361 -0.19675827026367188 0.012343602254986763
0.13614565134048462 -0.2748173177242279 0.0044675408862531185
0.12889640033245087 -0.29291221499443054 0.045261792838573456
-0.08065511286258698 -0.00047200534027069807 0.22228601574897766
-0.10600145161151886 -0.2994017004966736 0.248715341091156
-0.28491511940956116 -0.21007169783115387 0.06989671289920807
-0.10251859575510025 -0.3161540627479553 -0.10485806316137314
0.08304767310619354 -0.1610475778579712 0.000448996783234179
0.028906717896461487 -0.32979363203048706 -0.07834841310977936
0.1514182984828949 -0.3232495188713074 0.03690100461244583
-0.0424165353178978 -0.2027442306280136 -0.005716320127248764
-0.03454649820923805 -0.22938841581344604 0.023161383345723152
-0.030045107007026672 -0.272703617811203 0.10543099790811539
0.04378645867109299 -0.07988563925027847 0.047683022916316986
0.05740960314869881 -0.27606892585754395 0.05301743745803833
0.12325330823659897 -0.2892419397830963 0.15133173763751984
-0.051207780838012695 -0.30686041712760925 -0.10357282310724258
0.07586938142776489 -0.3109091520309448 -0.10334236174821854
0.07145823538303375 -0.08282151073217392 0.009978560730814934
0.12414614111185074 -0.24549166858196259 0.18827076256275177
0.002594804158434272 -0.294056236743927 -0.05852139741182327
0.10356291383504868 -0.31020113825798035 -0.09509725868701935
-0.0141297597438097 -0.3355702757835388 -0.0029906495474278927
0.1464889496564865 -0.16486923396587372 -0.019609501585364342
0.08023947477340698 -0.28278860449790955 0.07679656893014908
0.11228136718273163 -0.05041181296110153 0.0559106282889843
0.0347597599029541 -0.14092615246772766 0.24066154658794403
-0.1206653043627739 -0.22575944662094116 -0.12665769457817078
-0.014972589910030365 -0.15950392186641693 0.18612565100193024
0.009751718491315842 -0.141290083527565 0.12766310572624207
0.07232547551393509 -0.05981526896357536 0.1915191262960434
0.14133767783641815 -0.046643126755952835 0.22420333325862885
0.07364790141582489 0.03712929040193558 0.1836896538734436
0.057973477989435196 -0.32800188660621643 -0.002446249593049288
-0.07774705439805984 -0.2999153435230255 -0.06104541942477226
-0.090825155377388 -0.30362123250961304 0.10775098204612732
-0.11468824744224548 -0.2939647436141968 -0.11438162624835968
0.05572615563869476 -0.22631339728832245 0.19644270837306976
0.21290379762649536 -0.1164180338382721 -0.12337056547403336
-0.15642057359218597 -0.1479463130235672 -0.18135163187980652
-0.17236778140068054 -0.260528564453125 0.09396695345640182
0.1411372721195221 -0.2219935655593872 -0.028043225407600403
0.0773465558886528 -0.23769447207450867 -0.015173479914665222
-0.08214304596185684 -0.20320656895637512 -0.10783758759498596
0.18391473591327667 -0.23627902567386627 0.013832738623023033
0.13541267812252045 -0.29097285866737366 -0.09770912677049637
-0.12563937902450562 -0.23512287437915802 0.1425817906856537
-0.13371579349040985 -0.2837373912334442 0.03539785370230675
-0.01302761398255825 -0.11312055587768555 0.1789892017841339
0.10441939532756805 -0.29677438735961914 -0.16425302624702454
-0.3010818660259247 -0.3222203552722931 0.12437669187784195
-0.19465340673923492 -0.42711636424064636 0.12965179979801178
0.15904128551483154 -0.30463704466819763 -0.09061647206544876
0.11577872186899185 -0.29616010189056396 0.022432047873735428
-0.024849122390151024 0.01966738887131214 0.17395766079425812
-0.09957139194011688 -0.08894720673561096 0.06529626995325089
0.06415870785713196 -0.3063317835330963 -0.16801981627941132
-0.01844513788819313 -0.2977319657802582 0.041761673986911774
0.10055015236139297 -0.12593187391757965 0.1025448888540268
0.07925482839345932 -0.1183592826128006 0.104958176612854
-0.3222402036190033 -0.33213940262794495 0.10037291795015335
0.056999195367097855 -0.30939850211143494 -0.07785306125879288
-0.5065130591392517 0.4559828042984009 -0.012645240873098373
0.0825762152671814 0.0630536898970604 0.20543278753757477
0.08094356209039688 -0.3072024881839752 -0.15070612728595734
0.12855419516563416 -0.3368651270866394 0.046902067959308624
-0.16364100575447083 -0.14614732563495636 -0.13030636310577393
-0.011797482147812843 -0.2663125693798065 0.06806087493896484
-0.2607245147228241 -0.03475826606154442 0.001804098836146295
-0.08622333407402039 -0.29239335656166077 0.07326820492744446
0.09888540953397751 -0.2259209305047989 0.05779460445046425
0.07869628071784973 -0.15232843160629272 -0.019153334200382233
-0.013256954029202461 -0.14716781675815582 -0.09002276510000229
-0.07692666351795197 -0.3071659803390503 -0.09660200029611588
-0.30830931663513184 -0.05834876745939255 0.22233933210372925
-0.27229762077331543 -0.1566259115934372 -0.29540809988975525
0.043991852551698685 0.010212367400527 0.3307689130306244
-0.06953612715005875 -0.1271233856678009 -0.13414104282855988
0.21930710971355438 -0.20580586791038513 -0.09488947689533234
0.10248865932226181 -0.24031923711299896 -0.00288397166877985
-0.3972649872303009 -0.08201996237039566 -0.14246661961078644
-0.0007710426580160856 -0.18928547203540802 -0.002422531135380268
0.09521396458148956 -0.29997530579566956 0.10060633718967438
0.056293267756700516 -0.11746789515018463 0.2087583690881729
0.10976382344961166 -0.29605376720428467 -0.25407305359840393
0.04012690857052803 -0.28561052680015564 0.11371242254972458
0.18136602640151978 -0.2690652906894684 -0.09464351087808609
-0.03526074066758156 -0.37110328674316406 0.12375174462795258
-0.011854792013764381 -0.29730138182640076 -0.025431187823414803
0.11748944222927094 -0.22293902933597565 0.23067735135555267
0.2353580743074417 -0.057301923632621765 0.09384240210056305
-0.008979378268122673 -0.0470738522708416 0.10336332023143768
-0.06901082396507263 -0.14426812529563904 -0.13744035363197327
0.12284953892230988 -0.039909474551677704 -0.19458205997943878
-0.08335655182600021 -0.25677424669265747 -0.2955828011035919
0.03491215780377388 -0.3351060748100281 -0.09654201567173004
0.02849593758583069 -0.3072492480278015 -0.14575408399105072
0.04625669866800308 -0.21865032613277435 -0.08399539440870285
0.035206492990255356 -0.30611035227775574 -0.0275875311344862
-0.13930834829807281 -0.26090916991233826 0.05983840301632881
-0.013716835528612137 -0.263405978679657 0.1069992259144783
0.24168556928634644 -0.09426193684339523 0.2026444673538208
0.03799858316779137 -0.3320004343986511 0.0004706323379650712
0.19213220477104187 -0.18096031248569489 0.12380900233983994
-0.035078924149274826 -0.18170493841171265 0.15581883490085602
-0.2170664668083191 -0.11598831415176392 0.4006570279598236
0.04094298928976059 -0.3413154184818268 0.039366770535707474
-0.12433784455060959 -0.13335557281970978 -0.21124395728111267
-0.053997598588466644 -0.1140434518456459 -0.08920785784721375
-0.34222450852394104 -0.13338419795036316 0.012213019654154778
0.20849569141864777 0.2134934663772583 0.5206900238990784
0.26799890398979187 -0.029577912762761116 0.23953649401664734
0.16104742884635925 -0.2534952163696289 -0.17775292694568634
0.07533194869756699 -0.24935710430145264 -0.5329408049583435
0.09653370827436447 -0.03913695365190506 -0.13174131512641907
-0.1871822327375412 -0.2947005033493042 -0.10410308837890625
0.07097627967596054 -0.21087197959423065 0.06762498617172241
-0.13019752502441406 -0.1914406418800354 -0.1088324710726738
0.08695603162050247 -0.3427576422691345 -0.0045995996333658695
-0.12158780544996262 0.11800220608711243 0.07091989368200302
-0.023038344457745552 -0.07956359535455704 -0.02033764310181141
0.0018052239902317524 -0.3847018778324127 0.41524621844291687
0.04953848198056221 -0.3067851662635803 -0.1081167683005333
0.14328794181346893 -0.04876535385847092 -0.00637271860614419
-0.12147825211286545 -0.1763153374195099 0.24084441363811493
-0.12458527833223343 -0.24165205657482147 -0.284227579832077
0.02695409581065178 -0.21415382623672485 0.1396184116601944
0.1610637903213501 -0.1798141747713089 0.0750226303935051
0.2141490876674652 -0.32113274931907654 -0.24358975887298584
-0.4215770363807678 -0.2339474856853485 -0.35809141397476196
0.09670691192150116 -0.34260693192481995 0.08050113171339035
-0.10613999515771866 -0.036016739904880524 -0.06545419991016388
-0.21543000638484955 -0.0038663996383547783 0.1278528869152069
-0.1438622623682022 -0.17942848801612854 -0.06490052491426468
-0.0008091116324067116 -0.273028165102005 -0.16511572897434235
0.07044954597949982 -0.2872583568096161 -0.2876240313053131
0.10401316732168198 -0.2177487164735794 -0.06049196794629097
-0.009560665115714073 -0.24853397905826569 0.10285480320453644
-0.17313937842845917 -0.2583006024360657 -0.0303212720900774
-0.06787358969449997 -0.20201928913593292 0.029132576659321785
0.09530586749315262 -0.1646195352077484 0.26982682943344116
-0.2593972980976105 -0.18130861222743988 0.116488017141819
0.2791379392147064 -0.2875705361366272 0.007884500548243523
-0.040975574404001236 -0.32543298602104187 0.10203470289707184
0.11970306932926178 -0.291568398475647 -0.22505627572536469
0.08861791342496872 -0.2811073660850525 -0.1886063814163208
-0.13943825662136078 -0.19688007235527039 0.14661331474781036
0.10461653023958206 -0.3545995056629181 0.049845993518829346
-0.07961397618055344 -0.3636748790740967 -0.07723744213581085
0.12137575447559357 -0.23170948028564453 -0.023893963545560837
0.11847235262393951 -0.13114313781261444 0.17685039341449738
-0.016863130033016205 -0.15232835710048676 -0.0064542596228420734
0.2820289433002472 -0.028034016489982605 0.09755769371986389
0.06013654172420502 -0.193284273147583 -0.048264335840940475
-0.2579403221607208 -0.26658719778060913 0.06911446154117584
0.13413958251476288 -0.19506968557834625 0.2404256910085678
-0.10294341295957565 -0.2870997190475464 -0.1742841899394989
-0.18083888292312622 -0.27759799361228943 -0.16687540709972382
0.15045158565044403 -0.406811386346817 0.07344848662614822
0.08348406106233597 -0.15782298147678375 0.26946014165878296
-0.28277161717414856 -0.2584080100059509 0.10988705605268478
-0.09223082661628723 -0.3208234906196594 -0.1050681620836258
0.02403711900115013 -0.1399170458316803 0.16971354186534882
0.01719004474580288 -0.2078360766172409 0.06933967769145966
-0.1297260820865631 -0.13571268320083618 0.1927051842212677
0.19442984461784363 0.06986650824546814 0.27777546644210815
-0.1848945915699005 -0.2597212493419647 -0.21561609208583832
0.05233488604426384 -0.3327058255672455 0.03208469972014427
-0.24705089628696442 -0.23603862524032593 -0.1273658722639084
0.0807933583855629 -0.15178024768829346 0.20336054265499115
0.02529025636613369 -0.290055513381958 0.07353575527667999
-0.2861964702606201 -0.23783822357654572 -0.10425024479627609
-0.0013740898575633764 -0.3618279993534088 -0.032872602343559265
-0.20207077264785767 -0.14210940897464752 0.18115843832492828
-0.07653503865003586 -0.016554230824112892 0.5581140518188477
-0.09021766483783722 -0.29810503125190735 -0.05203501507639885
0.04327358305454254 -0.2821626663208008 0.1689794957637787
0.2645845413208008 -0.3369864225387573 0.050825681537389755
-0.04596984013915062 -0.19306142628192902 0.006397293880581856
0.15867666900157928 -0.08119005709886551 0.21511422097682953
-0.16389352083206177 -0.4837517738342285 0.10481923073530197
0.09676212072372437 -0.29050061106681824 -0.15261508524417877
-0.2979675829410553 -0.17514289915561676 0.14236435294151306
0.07026032358407974 -0.3390774130821228 0.03457263112068176
-0.04877877235412598 -0.21047069132328033 -0.24910888075828552
0.02844998426735401 -0.26005029678344727 -0.2227325141429901
0.007310823071748018 -0.23638883233070374 -0.21952050924301147
0.24090825021266937 -0.290435791015625 -0.029553698375821114
-0.11492083221673965 -0.14437749981880188 -0.011220432817935944
-0.1923191398382187 -0.1429760456085205 0.11965341120958328
-0.04980970919132233 -0.28187182545661926 0.12097834795713425
-0.01778281480073929 -0.3078424632549286 -0.025878937914967537
0.08443310856819153 -0.10156994313001633 -0.1681492030620575
0.11390197277069092 -0.054638348519802094 0.31228965520858765
0.1537640541791916 0.02393210306763649 0.1990911066532135
0.1327313631772995 -0.26155632734298706 -0.07055756449699402
-0.04031851887702942 -0.25820571184158325 0.1355116069316864
0.16658183932304382 -0.2790030837059021 -0.16857655346393585
0.252238929271698 -0.18069122731685638 0.06933765113353729
-0.043268706649541855 -0.21004799008369446 -0.2403268665075302
-0.08626870065927505 -0.13603901863098145 0.09911291301250458
-0.05936378985643387 -0.250434935092926 -0.21620072424411774
0.01376752182841301 0.014397358521819115 0.32811951637268066
-0.02346339449286461 -0.2930121123790741 -0.2961008548736572
-0.11268549412488937 0.10077489167451859 0.1834675669670105
-0.005345007870346308 0.026869293302297592 0.17575609683990479
-0.18069976568222046 -0.2676490843296051 -0.1984793096780777
0.1030578538775444 -0.03312824293971062 0.3099183440208435
-0.01338239572942257 -0.227273628115654 -0.04918408766388893
-0.0034446967765688896 -0.3209673762321472 -0.1145266443490982
0.017632409930229187 -0.2784827947616577 0.03832770138978958
0.22777391970157623 -0.1470487266778946 0.14796344935894012
0.262260377407074 0.04118475690484047 0.04298900440335274
0.14741024374961853 -0.29726386070251465 -0.09169913083314896
0.17051969468593597 -0.3015478253364563 0.029440924525260925
0.1182372123003006 -0.32048916816711426 -0.023446355015039444
0.07090119272470474 0.011982517316937447 0.07917913049459457
-0.015924900770187378 -0.1269860416650772 0.08398932963609695
-0.2723187804222107 -0.23723044991493225 -0.2317105382680893
-0.08050210028886795 -0.3067294955253601 -0.13381856679916382
0.006786372046917677 -0.23313914239406586 -0.08479780703783035
-0.347330778837204 -0.24555368721485138 -0.37070271372795105
0.18560650944709778 -0.3570976257324219 0.05106504634022713
-0.21192653477191925 -0.1775946170091629 -0.27413493394851685
-0.15973149240016937 -0.3398442268371582 -0.13442587852478027
-0.2435149997472763 -0.3132862150669098 0.006175784394145012
-0.09671327471733093 -0.31074342131614685 -0.06864380091428757
0.07030319422483444 -0.318523108959198 0.019821831956505775
0.030199185013771057 -0.31277886033058167 -0.11698678135871887
0.14411619305610657 -0.06811387836933136 0.3409731090068817
0.13657529652118683 -0.15251506865024567 -0.05892302468419075
0.06361644715070724 -0.31853601336479187 -0.036238640546798706
0.12257809191942215 -0.2785455286502838 -0.2507723271846771
-0.05587805435061455 0.09144753962755203 0.2740000784397125
-0.12293455749750137 -0.23764197528362274 0.138193279504776
-0.11414600163698196 -0.2883392870426178 0.0033103646710515022
-0.15295997262001038 -0.3442908525466919 0.13130050897598267
0.10942209511995316 -0.05590423196554184 0.15396332740783691
0.1497649997472763 -0.2417454719543457 -0.0955178439617157
-0.24945369362831116 -0.19816452264785767 -0.05050349608063698
0.031155051663517952 -0.3063884973526001 0.021659715101122856
0.20304465293884277 -0.18626798689365387 -0.04179060459136963
0.16170533001422882 -0.2838585674762726 -0.04671681299805641
-0.009047986939549446 -0.20918793976306915 0.07238056510686874
-0.11043231934309006 -0.006572758313268423 0.23345890641212463
0.14050820469856262 0.05425810441374779 0.2325926125049591
0.07876593619585037 -0.2086740881204605 0.14807327091693878
-0.09199315309524536 -0.3110044002532959 -0.14679884910583496
0.06930214166641235 -0.31370341777801514 0.025631142780184746
-0.026439666748046875 -0.05009147897362709 0.18586939573287964
0.00264211418107152 0.07725930213928223 0.24269486963748932
-0.2243417501449585 0.04045630991458893 -0.17371320724487305
-0.07547228038311005 -0.24941369891166687 0.11342041939496994
0.18334677815437317 0.06196686252951622 -0.04464232176542282
-0.05876481160521507 -0.3241758942604065 -0.09246876835823059
-0.06156019866466522 -0.34822794795036316 -0.019805369898676872
-0.007033566478639841 -0.3063236176967621 0.05831952393054962
0.023185554891824722 -0.09936774522066116 0.20521272718906403
0.0639893114566803 -0.3105830252170563 0.04961308836936951
0.15267789363861084 -0.06283866614103317 0.32234787940979004
0.10833434760570526 -0.3446348309516907 0.055144790560007095
0.12962113320827484 -0.31411606073379517 -0.035079844295978546
-0.0793762356042862 -0.24679510295391083 0.12896199524402618
-0.1484934687614441 0.03474532812833786 0.20897305011749268
-0.09974683076143265 -0.13906735181808472 0.09644423425197601
-0.06488893181085587 -0.2501392662525177 0.09498222917318344
-0.029854610562324524 -0.33526694774627686 -0.250179648399353
0.0825241431593895 -0.3003477156162262 -0.038006965070962906
0.13735927641391754 -0.3128623068332672 -0.12814779579639435
-0.1926645189523697 -0.2604861557483673 0.1281491070985794
-0.00935848243534565 -0.32922300696372986 -0.056965965777635574
-0.043034862726926804 -0.15433883666992188 -0.1848103255033493
0.11476830393075943 -0.1361290067434311 -0.12715785205364227
-0.14960849285125732 -0.10366746038198471 -0.027405058965086937
0.030814357101917267 -0.2346649467945099 -0.06568145751953125
-0.014672119170427322 -0.41107162833213806 0.05700552463531494
0.18185360729694366 -0.21932516992092133 0.18731577694416046
0.24410943686962128 -0.16068336367607117 -0.060108352452516556
-0.10211087018251419 -0.31498420238494873 -0.1106124073266983
-0.13804280757904053 -0.27857092022895813 -0.1834827959537506
-0.00829148106276989 -0.2573842704296112 -0.14862053096294403
0.10861232876777649 -0.2525706887245178 0.019767338410019875
0.050480570644140244 -0.21041174232959747 0.12041895091533661
-0.14708133041858673 -0.10891066491603851 -0.11802457273006439
0.15072578191757202 -0.13936123251914978 -0.10481774806976318
-0.13411222398281097 -0.06694267690181732 -0.06409585475921631
0.036067329347133636 -0.301893025636673 -0.08758468925952911
0.014563992619514465 -0.16253423690795898 0.002170821186155081
0.06466878205537796 -0.1602194905281067 0.08588802814483643
0.18917883932590485 -0.2668246924877167 -0.18167319893836975
0.25537073612213135 -0.14756350219249725 0.09643768519163132
0.1250230371952057 -0.31476879119873047 -0.08570002019405365
0.007732359692454338 -0.11395981162786484 0.018546629697084427
-0.004426918923854828 -0.31259632110595703 -0.31618908047676086
0.34231725335121155 0.045273859053850174 0.23090828955173492
0.04973443225026131 -0.23737163841724396 0.36352789402008057
0.07330311089754105 -0.2691898047924042 -0.09945226460695267
-0.05360298603773117 -0.15772417187690735 0.11949668824672699
0.046014413237571716 -0.29053860902786255 0.053614065051078796
-0.12244562804698944 -0.06032237410545349 0.359618604183197
0.184386745095253 -0.12402788549661636 0.13213437795639038
-0.028001263737678528 -0.3616613447666168 -0.22820033133029938
0.052860748022794724 -0.22073504328727722 -0.06846792995929718
0.2837585210800171 -0.06567759066820145 0.019074946641921997
0.08982168138027191 -0.3422337770462036 0.0848127231001854
0.2830459177494049 -0.12253297865390778 -0.14448301494121552
0.1586708277463913 -0.33812275528907776 -0.10482028126716614
-0.11693672835826874 -0.18212351202964783 -0.02959306351840496
0.24358424544334412 -0.33971723914146423 0.01762709952890873
-0.1387747824192047 -0.22422964870929718 0.010206149891018867
0.060566119849681854 -0.272659033536911 0.05952143669128418
0.09830048680305481 -0.12100085616111755 0.11640215665102005
0.06988202035427094 -0.2988361120223999 -0.1064290925860405
-0.1719675362110138 -0.30631521344184875 0.07637077569961548
-0.007476861122995615 -0.08122800290584564 0.011067042127251625
0.2631356418132782 -0.1511460542678833 -0.12235134094953537
0.0850943922996521 -0.3127060830593109 -0.009527202695608139
-0.1625969409942627 -0.3332858383655548 0.017280124127864838
-0.15150806307792664 -0.16248559951782227 0.17028187215328217
-0.16497892141342163 0.09896821528673172 -0.16381682455539703
-0.4463292360305786 0.10455183684825897 0.05784795433282852
0.08277444541454315 -0.23974080383777618 0.02803485281765461
-0.04958716407418251 -0.09718722105026245 0.2144559621810913
0.09798325598239899 -0.28812485933303833 0.06805211305618286
-0.007082940544933081 0.0041821906343102455 0.2390211671590805
0.07603283226490021 0.049738962203264236 0.27778568863868713
0.05545923486351967 -0.28226426243782043 -0.11853957176208496
-0.05359668284654617 -0.0019228532910346985 -0.2789667546749115
0.05559270828962326 -0.30433163046836853 -0.16903574764728546
0.012272505089640617 -0.334529310464859 -0.0643099844455719
-0.018028372898697853 -0.260857492685318 0.12333793938159943
-0.025043047964572906 -0.38323771953582764 -0.2974501848220825
0.12138809263706207 -0.036453977227211 -0.2550868093967438
-0.029595136642456055 0.006090758368372917 0.1867811530828476
-0.020740952342748642 -0.2684631645679474 -0.004736735951155424
-0.11924876272678375 -0.32813429832458496 0.07755827903747559
-0.22667308151721954 -0.20223106443881989 0.1616043895483017
0.03398647904396057 -0.2590668201446533 -0.21619178354740143
-0.21034671366214752 -0.2437174767255783 -0.01314542256295681
-0.1443484127521515 -0.17454977333545685 0.05444757640361786
-0.23942185938358307 -0.023502511903643608 0.1198510006070137
-0.07822327315807343 -0.2815822958946228 -0.17881165444850922
0.17078536748886108 -0.2923564612865448 0.14741119742393494
0.1294655203819275 -0.3156430423259735 -0.07298953086137772
-0.02045164257287979 -0.30306434631347656 0.04873841255903244
0.03219141438603401 -0.23035159707069397 0.040101997554302216
0.0051363930106163025 -0.07961131632328033 0.17881590127944946
0.12045764178037643 -0.24915379285812378 0.08626598119735718
0.12141367048025131 -0.20537514984607697 0.15013137459754944
-0.07669699937105179 -0.2654137909412384 0.1379024237394333
0.32238999009132385 0.023668285459280014 -0.11574243754148483
0.015083052217960358 -0.27871614694595337 -0.11662251502275467
-0.1055920347571373 -0.3330690860748291 -0.17391668260097504
0.0905672088265419 -0.30144980549812317 0.05460570007562637
-0.27225032448768616 0.03746870532631874 -0.2128320187330246
-0.2363680899143219 -0.043242402374744415 -0.019658751785755157
-0.06051931902766228 -0.16684596240520477 -0.01352410577237606
0.11370718479156494 -0.2269725203514099 -0.04343980923295021
0.1471630185842514 -0.297101229429245 -0.08015815913677216
-0.12727919220924377 0.007271086797118187 0.43286237120628357
-0.18275415897369385 -0.15886077284812927 -0.11268105357885361
0.0045101214200258255 -0.3345721364021301 -0.025165319442749023
-0.056635331362485886 -0.12557919323444366 0.2460779845714569
0.08316917717456818 -0.3407236933708191 0.017570728436112404
-0.0030472930520772934 -0.31591835618019104 0.02613467536866665
-0.07290379703044891 0.07634944468736649 0.0789642333984375
0.0462828166782856 -0.2965281903743744 -0.01046881452202797
0.08928827941417694 -0.33809614181518555 0.07091983407735825
-0.2712588906288147 -0.25705021619796753 0.10510411858558655
0.46368250250816345 0.11900998651981354 0.17249588668346405
0.12415707856416702 -0.29562121629714966 -0.1066100224852562
0.13822084665298462 -0.04344148188829422 0.2566892206668854
0.03963815048336983 -0.24894633889198303 -0.022517405450344086
-0.09077911078929901 -0.09209214895963669 0.15528585016727448
0.11849694699048996 -0.18589332699775696 -0.17346376180648804
-0.014361253008246422 -0.3213660717010498 -0.10346806794404984
0.027034444734454155 -0.15580210089683533 0.0013011563569307327
-0.015530446544289589 -0.2970741391181946 -0.19752322137355804
-0.15750549733638763 -0.20089790225028992 0.20632623136043549
0.20941367745399475 -0.30954426527023315 -0.00856075994670391
0.02628578618168831 -0.30422112345695496 -0.4147002398967743
0.17274215817451477 -0.34655481576919556 0.089741051197052
0.07656604051589966 -0.27702388167381287 -0.05166603997349739
-0.12416685372591019 -0.1892324686050415 -0.178887739777565
-0.08070015907287598 -0.0359172485768795 0.07163282483816147
0.21091675758361816 0.022817909717559814 0.14995670318603516
-0.13599416613578796 -0.08247755467891693 0.28854525089263916
0.09227828681468964 -0.28865528106689453 -0.11846598982810974
0.014302091673016548 -0.20400269329547882 0.1654558628797531
-0.25944626331329346 -0.14042092859745026 0.14527033269405365
0.26097047328948975 -0.045148979872465134 -0.016709579154849052
-0.0680479183793068 -0.28280484676361084 -0.08076117187738419
0.14249372482299805 -0.19974547624588013 -0.0015312912873923779
0.10418345779180527 -0.2886410057544708 0.30993905663490295
0.07337530702352524 -0.2761092185974121 0.15406040847301483
0.10375256091356277 -0.09607263654470444 -0.1630791425704956
0.18703362345695496 -0.3080478608608246 0.06517661362886429
-0.07852214574813843 -0.126950204372406 0.07827850431203842
0.0037709595635533333 -0.30451950430870056 -0.5483831167221069
-0.10491054505109787 -0.23382355272769928 0.1266675442457199
0.004351331852376461 -0.17934635281562805 -0.09997867792844772
-0.1731068342924118 -0.159763365983963 0.07361770421266556
0.07853887975215912 -0.15085311233997345 0.19004087150096893
0.11960409581661224 -0.3257492780685425 -0.05584776774048805
-0.09300128370523453 -0.2642751932144165 -0.17791533470153809
0.14051754772663116 -0.33634552359580994 0.06676169484853745
0.034858379513025284 -0.32226598262786865 -0.050803545862436295
-0.003823337610810995 -0.31313636898994446 -0.07366818934679031
-0.03718850016593933 -0.042482487857341766 0.09713214635848999
-0.1936502307653427 -0.06682255864143372 -0.07948853075504303
0.08717630058526993 -0.08546388894319534 0.1617778092622757
-0.0904020443558693 -0.08904696255922318 0.1297551393508911
0.015624098479747772 -0.26729509234428406 -0.17064648866653442
0.001032672356814146 -0.20314903557300568 0.18846039474010468
0.06556254625320435 -0.17340531945228577 -0.039643991738557816
-0.21409113705158234 -0.3227264881134033 0.09945707768201828
0.004357602447271347 -0.33568525314331055 -0.02875625714659691
-0.09277263283729553 -0.08272098004817963 -0.1769649088382721
-0.08326178789138794 -0.11156889796257019 0.06318657100200653
0.21257875859737396 0.06928306818008423 -0.011193068698048592
-0.1974455565214157 -0.2616993188858032 0.03957272693514824
0.010374628007411957 -0.26913365721702576 -0.005683353170752525
0.1784081757068634 -0.10909333825111389 -0.30781587958335876
0.16936753690242767 -0.2987869679927826 -0.07569312304258347
-0.008521240204572678 -0.23751823604106903 -0.10308560729026794
-0.2843630611896515 -0.18878528475761414 0.01515345647931099
-0.2071201205253601 -0.09811832010746002 0.24895678460597992
0.29897525906562805 -0.19666628539562225 -0.08714458346366882
-0.004078035708516836 -0.3159981966018677 0.0011880131205543876
-0.11895570158958435 -0.23900321125984192 0.11194633692502975
0.164862260222435 0.28587186336517334 0.4192472994327545
0.10766840726137161 -0.027435733005404472 0.2659287452697754
-0.13507428765296936 -0.14908476173877716 -0.13024713099002838
-0.05800965800881386 -0.14843812584877014 0.2099638432264328
0.00013068504631519318 -0.27493274211883545 -0.07336454093456268
0.2444509118795395 -0.28476259112358093 -0.25402623414993286
0.2684229612350464 -0.08042239397764206 0.16684645414352417
0.05337636172771454 -0.24660983681678772 -0.0007025296799838543
0.20386329293251038 -0.31445643305778503 0.06677240133285522
-0.003888865001499653 -0.2267981320619583 0.1388712376356125
0.006326061673462391 -0.27556341886520386 0.024486936628818512
0.01797034777700901 -0.1731889694929123 0.16807697713375092
0.14720189571380615 0.09559165686368942 0.10553628206253052
-0.16072611510753632 -0.17565251886844635 0.10011996328830719
0.11643674969673157 -0.14321544766426086 -0.2368554025888443
0.09960450977087021 -0.3014691472053528 -0.0527849942445755
-0.0032006683759391308 -0.34002169966697693 -0.059563275426626205
0.24420662224292755 -0.1931714564561844 0.06021076440811157
0.030961187556385994 -0.32417428493499756 0.013134442269802094
0.016402600333094597 -0.29729944467544556 0.045047882944345474
-0.08413787186145782 -0.31827130913734436 0.0768989697098732
0.04307907074689865 -0.24816830456256866 0.11851102858781815
0.2041691392660141 -0.22122250497341156 -0.02783551812171936
-0.13021549582481384 -0.22988027334213257 0.11084449291229248
0.1377071589231491 -0.19267138838768005 0.0387851819396019
-0.06856904923915863 -0.17072443664073944 -0.05043376237154007
0.08644339442253113 -0.25407448410987854 0.044813573360443115
-0.012953396886587143 -0.23833489418029785 -0.039194803684949875
-0.10021679848432541 -0.1987461894750595 -0.27324116230010986
0.01916845142841339 -0.3233112096786499 -0.049041301012039185
-0.11647974699735641 -0.036609068512916565 0.11880006641149521
-0.07910733669996262 -0.25136077404022217 -0.1221916526556015
-0.02559746243059635 -0.29900649189949036 -0.07525943964719772
0.21353411674499512 -0.28703105449676514 -0.1290334165096283
-0.03372972458600998 -0.13726159930229187 0.24048462510108948
0.12345366179943085 -0.19146403670310974 0.012359416112303734
-0.11287975311279297 -0.31964072585105896 -0.0006598667241632938
-0.15732325613498688 -0.24953734874725342 0.04862331226468086
-0.08441469818353653 -0.25402504205703735 -0.1474142223596573
0.12158004194498062 -0.23434904217720032 -0.24032722413539886
0.03603857383131981 -0.32183638215065 -0.1141645610332489
-0.18519563972949982 -0.3045784533023834 -0.040655627846717834
0.06977163255214691 -0.23394323885440826 0.10884273797273636
-0.1728472113609314 -0.24544204771518707 0.13401556015014648
0.067029669880867 -0.22644855082035065 0.025340398773550987
0.11279475688934326 -0.31535792350769043 0.1313813179731369
-0.15416957437992096 -0.1684366911649704 -0.15230491757392883
0.0025451250839978456 -0.31441885232925415 -0.08842356503009796
-0.02878040447831154 -0.34002387523651123 0.03961515054106712
0.01842608116567135 -0.32011911273002625 -0.11104146391153336
-0.15541552007198334 -0.1324847936630249 -0.2565605342388153
0.18918345868587494 -0.22839805483818054 -0.05011144280433655
-0.09494180977344513 -0.04345377907156944 0.18544884026050568
-0.10972825437784195 -0.14802545309066772 0.1784989982843399
-0.1042051613330841 -0.2536681890487671 0.10124372690916061
0.07915447652339935 -0.284510999917984 -0.10605376958847046
-0.007675094064325094 -0.3243153393268585 -0.025198709219694138
-0.4048392176628113 0.02057875692844391 -0.18149055540561676
0.2492464780807495 -0.18961575627326965 -0.12535975873470306
-0.12417788058519363 -0.24194806814193726 -0.1231355369091034
-0.13144926726818085 -0.17148756980895996 -0.3991422653198242
0.36494454741477966 0.04852484166622162 0.030048886314034462
0.06046323478221893 -0.26060691475868225 -0.050751764327287674
-0.22831381857395172 -0.2897390127182007 -0.012077957391738892
-0.02668898180127144 -0.22024936974048615 0.09758789092302322
0.07699103653430939 -0.2410169541835785 -0.11539415270090103
0.056050822138786316 -0.28723055124282837 0.1469799429178238
0.009908009320497513 -0.30218443274497986 -0.014094090089201927
0.28378915786743164 -0.2033919095993042 0.13051192462444305
0.11801270395517349 -0.22023171186447144 -0.03681078925728798
-0.11098919808864594 -0.13308419287204742 0.03947499021887779
0.261342853307724 -0.32031670212745667 0.10424662381410599
0.11019504070281982 -0.2810363173484802 -0.042833179235458374
0.1960909217596054 -0.2244621366262436 -0.10037636756896973
0.02457488887012005 -0.29321616888046265 -0.2576557397842407
0.14599066972732544 -0.284702867269516 -0.0750247985124588
-0.18749016523361206 -0.25515177845954895 -0.0833796039223671
-0.12679161131381989 -0.3334866464138031 -0.18514986336231232
0.20819821953773499 -0.29075831174850464 -0.06462964415550232
-0.10179772973060608 -0.2689354121685028 0.11160806566476822
0.09739018976688385 -0.33721354603767395 0.3642272651195526
0.01667296513915062 -0.20310623943805695 0.07954104989767075
-0.13486091792583466 -0.17807577550411224 0.2351607084274292
0.2349025011062622 -0.28381985425949097 -0.04894637316465378
-0.050282444804906845 -0.2623811662197113 -0.012805569916963577
0.10316096991300583 -0.23275136947631836 -0.04260294884443283
0.14784488081932068 -0.1887909173965454 0.08712870627641678
-0.06754899770021439 -0.3225097358226776 -0.009136518463492393
0.05573301762342453 -0.3105030059814453 0.08649010211229324
-0.028683902695775032 -0.28671279549598694 -0.3105284869670868
0.13601301610469818 -0.29958751797676086 0.1066613495349884
0.13529646396636963 -0.20820796489715576 0.11091277003288269
-0.273240327835083 -0.20459476113319397 -0.3064669966697693
0.1865537464618683 -0.07293327152729034 0.21389800310134888
-0.15374791622161865 -0.19306477904319763 0.028521500527858734
0.03597603738307953 -0.20782847702503204 -0.1323215365409851
-0.0419577956199646 -0.3058353662490845 -0.08994975686073303
-0.09228149056434631 -0.11630717664957047 -0.08493289351463318
-0.11326941102743149 -0.3012899160385132 0.03677009418606758
0.2957504689693451 -0.058969393372535706 0.008223295211791992
0.09831315279006958 -0.04253682866692543 -0.16242170333862305
0.07113904505968094 -0.26907283067703247 0.04802568256855011
-0.20239688456058502 -0.1756642758846283 0.19546833634376526
0.18094636499881744 -0.2677518129348755 -0.0026655057445168495
-0.025396523997187614 -0.25944897532463074 0.021157655864953995
-0.2450471967458725 -0.0010929915588349104 0.0653357058763504
0.0968998372554779 0.09458177536725998 0.24531643092632294
-0.14677377045154572 -0.24698714911937714 0.06461174786090851
0.11189211905002594 -0.18923217058181763 0.20418621599674225
0.048818301409482956 -0.2983786463737488 0.08209164440631866
0.13323043286800385 -0.2803761661052704 0.04868997633457184
0.07606823742389679 -0.1943531483411789 0.08757159858942032
-0.013468587771058083 -0.29608479142189026 -0.14379027485847473
0.13707514107227325 -0.11877050250768661 0.22625891864299774
0.1166805773973465 -0.3313367962837219 0.05524135008454323
-0.20761224627494812 -0.2011551409959793 -0.24212943017482758
-0.2193090170621872 -0.14922170341014862 -0.18947377800941467
0.03362058848142624 -0.19134801626205444 0.13968981802463531
-0.005469542928040028 -0.19760510325431824 0.16160476207733154
-0.35227838158607483 -0.1687759906053543 0.14061275124549866
0.04770980775356293 -0.17784123122692108 -0.05308539792895317
-0.13103140890598297 -0.07110294699668884 0.12741923332214355
0.10498379915952682 -0.1418890357017517 0.1404610574245453
-0.01389150321483612 -0.21632488071918488 0.08435440063476562
-0.10060325264930725 -0.1575518250465393 0.14651095867156982
-0.05354633182287216 0.006507289130240679 0.26281580328941345
0.001535102492198348 -0.3304407298564911 -0.009185070171952248
0.010925620794296265 -0.2136159986257553 0.16065725684165955
0.040013641119003296 -0.3079979717731476 -0.01004580594599247
0.11116976290941238 -0.06422214955091476 -0.08567088097333908
0.190826877951622 -0.21836131811141968 0.11188343912363052
-0.03988473489880562 -0.32097089290618896 -0.06357693672180176
-0.09782780706882477 0.026214729994535446 0.36313188076019287
0.0665116235613823 -0.16637369990348816 0.016696585342288017
-0.009036853909492493 -0.25500407814979553 0.025385309010744095
-0.17725156247615814 -0.3018127679824829 0.05975736305117607
-0.14581897854804993 -0.27096420526504517 -0.1929752379655838
-0.12515240907669067 -0.3026069104671478 -0.03262005001306534
-0.05409751459956169 -0.28226974606513977 -0.14949974417686462
-0.12681932747364044 -0.3037533164024353 -0.009954692795872688
-0.0505116730928421 -0.30609771609306335 -0.14791323244571686
0.1617884635925293 -0.2910185754299164 0.17111347615718842
0.08468132466077805 -0.28470224142074585 -0.2473747581243515
0.020075080916285515 0.10474003851413727 0.19684068858623505
0.17620548605918884 -0.2882980704307556 -0.07497888803482056
0.47915393114089966 -0.0897296816110611 0.35565993189811707
0.15295466780662537 -0.23608432710170746 -0.1663486510515213
-0.15320724248886108 -0.3901754915714264 0.11405439674854279
-0.08485286682844162 -0.016474075615406036 0.08073513954877853
-0.12073911726474762 -0.17076966166496277 -0.09502791613340378
-0.207931250333786 -0.049046725034713745 0.3493204712867737
-0.16356909275054932 -0.037791091948747635 0.13666628301143646
-0.06409270316362381 -0.16612765192985535 -0.09338157624006271
0.2571735084056854 0.0037384028546512127 0.16854284703731537
-0.051623426377773285 -0.21064378321170807 0.15902461111545563
-0.048804108053445816 -0.28921860456466675 0.11972098052501678
0.2055024802684784 -0.3135724365711212 0.024371786043047905
0.18071730434894562 0.019707979634404182 0.253717303276062
0.13848531246185303 -0.30786949396133423 -0.06576791405677795
-0.052882302552461624 -0.06346570700407028 0.16655316948890686
0.04536807909607887 -0.3402797281742096 -0.13801565766334534
0.1213175430893898 -0.11812840402126312 0.216563880443573
-0.03404725342988968 -0.3420463502407074 -0.008676107972860336
-0.16094167530536652 -0.3481070399284363 -0.0029777055606245995
-0.00298534007743001 -0.3208563029766083 -0.2139100879430771
-0.36837443709373474 -0.07129817456007004 -0.16743722558021545
-0.16152243316173553 -0.042487114667892456 -0.10735688358545303
-0.17181210219860077 -0.05305927246809006 0.08918073773384094
-0.021512346342206 -0.13857004046440125 0.17710018157958984
0.02016090787947178 -0.3174416124820709 -0.05759233981370926
-0.1492840200662613 -0.07670444995164871 0.134930819272995
0.24912744760513306 -0.16387908160686493 -0.16852103173732758
0.01881147176027298 -0.018677720800042152 -0.32729315757751465
0.14475999772548676 -0.12416888028383255 -0.37658822536468506
0.6767217516899109 -0.24755917489528656 -0.04224233329296112
0.11351591348648071 -0.2575009763240814 0.010733820497989655
0.06010138615965843 -0.25231292843818665 0.06530913710594177
0.06662394851446152 -0.27407440543174744 0.22390855848789215
-0.011135326698422432 -0.11616753786802292 -0.1146487221121788
-0.041486967355012894 -0.37593939900398254 0.09617863595485687
-0.11963048577308655 -0.3175753951072693 -0.09730731695890427
0.03435102850198746 -0.3048405945301056 -0.191382497549057
0.20380695164203644 -0.2543375790119171 0.01370411179959774
-0.2003486156463623 -0.13681258261203766 0.2157064527273178
0.16302476823329926 -0.3030746579170227 0.08278584480285645
-0.14918246865272522 -0.30235186219215393 -0.14211930334568024
0.14378724992275238 -0.29710322618484497 -0.11174792051315308
0.014990473166108131 -0.27140507102012634 0.07312522083520889
0.019912732765078545 -0.009482424706220627 0.2467581331729889
0.12993286550045013 -0.1601843386888504 0.1431514322757721
0.0008224178454838693 -0.3109802007675171 -0.1373283863067627
-0.11965825408697128 -0.3030146658420563 -0.11986630409955978
0.1873452365398407 -0.27058568596839905 -0.01712564192712307
0.03504876419901848 -0.06958482414484024 -0.07899235188961029
-0.11919385194778442 -0.11970654875040054 -0.046708181500434875
0.18325695395469666 -0.07828210294246674 0.44626274704933167
0.2303028553724289 -0.2215522974729538 0.14765246212482452
0.24561746418476105 -0.27122583985328674 -0.053570713847875595
-0.002127502579241991 -0.11050855368375778 0.0989316925406456
-0.21359266340732574 -0.26666849851608276 -0.1359391212463379
0.0628499984741211 -0.3015373945236206 -0.03977428004145622
0.009432276710867882 -0.12254584580659866 0.18282094597816467
0.18684762716293335 0.02344723604619503 0.3162352442741394
-0.1694505512714386 -0.06334879249334335 0.05143512412905693
-0.10684387385845184 -0.13612616062164307 0.08207568526268005
0.02077622525393963 -0.24856439232826233 -0.06212660297751427
0.21723072230815887 -0.3279815912246704 -0.06179797276854515
0.11340941488742828 -0.2554589807987213 -0.03619367256760597
0.1268339455127716 -0.28664305806159973 0.06480053812265396
-0.3799467384815216 -0.1702771782875061 0.04574150592088699
-0.030333224684000015 -0.18336248397827148 0.11680037528276443
-0.06508445739746094 -0.321925550699234 0.0052060093730688095
-0.27259016036987305 -0.1726832538843155 -0.46257635951042175
0.1796109527349472 -0.3199075758457184 -0.1208413690328598
0.1259537637233734 0.012692706659436226 0.29594749212265015
-0.0324699841439724 0.011965995654463768 0.27570873498916626
0.053713180124759674 -0.09686849266290665 0.18773117661476135
-0.15555045008659363 -0.0671951174736023 0.17261125147342682
-0.0969410166144371 -0.19122998416423798 0.15841566026210785
0.17665255069732666 -0.10004079341888428 0.16955062747001648
-0.08019914478063583 -0.20870433747768402 -0.12897349894046783
-0.08020191639661789 -0.32876652479171753 -0.04656587913632393
0.3727588951587677 -0.24078543484210968 -0.16803431510925293
0.03643912449479103 -0.2990109324455261 0.08036012947559357
-0.09272491186857224 -0.28240761160850525 -0.12412070482969284
0.0365922674536705 -0.2653869390487671 -0.07643859833478928
0.18674202263355255 -0.2624746859073639 0.13723331689834595
0.02519857883453369 -0.13682417571544647 0.26791736483573914
-0.0868721529841423 -0.3817644715309143 -0.0013142083771526814
0.1306527704000473 -0.2815784215927124 0.10512783378362656
0.1082954928278923 -0.21973156929016113 -0.06701064854860306
-0.07836780697107315 -0.16596604883670807 -0.12171199917793274
0.19904428720474243 -0.23726977407932281 -0.1565963178873062
0.0353970006108284 -0.2659164071083069 -0.06867490708827972
0.17456144094467163 -0.17978417873382568 0.16360807418823242
-0.06515545397996902 -0.14362435042858124 0.2758350074291229
-0.10802925378084183 -0.13703955709934235 0.17475956678390503
0.15771320462226868 -0.07994374632835388 -0.011776819825172424
0.054478831589221954 -0.33633413910865784 -0.06672728061676025
-0.10413925349712372 -0.286929726600647 -0.06367842853069305
0.27025696635246277 0.0896495133638382 0.02801903896033764
-0.18771445751190186 -0.08453100174665451 -0.04306488111615181
-0.10961121320724487 -0.15157900750637054 0.07601506263017654
0.06828588247299194 -0.19992274045944214 -0.08124399930238724
0.2315238118171692 -0.2494000792503357 -0.12102627009153366
-0.19853928685188293 -0.1935708224773407 -0.48231855034828186
0.11954355239868164 -0.1649658977985382 0.05474529415369034
0.1841001957654953 -0.36194807291030884 0.08704185485839844
0.04431116208434105 -0.20673750340938568 0.13349391520023346
-0.165446937084198 -0.2272213250398636 -0.14563004672527313
0.19163984060287476 -0.29513829946517944 -0.12180455774068832
-0.27891966700553894 -0.03448638692498207 0.04951806366443634
-0.34863537549972534 -0.13444837927818298 0.11472521722316742
0.10321129113435745 -0.322416752576828 -0.013293880969285965
-0.056976985186338425 0.031178737059235573 0.49522608518600464
-0.012247288599610329 -0.30320775508880615 -0.006920018699020147
0.09173188358545303 -0.3150162696838379 -0.23406247794628143
-0.0301927849650383 -0.21854092180728912 -0.08541813492774963
0.00962703488767147 -0.11589203774929047 0.056234631687402725
0.06130357086658478 -0.3696024715900421 -0.00441017746925354
-0.1312536597251892 0.011954031884670258 0.0859726071357727
0.054120808839797974 -0.3292831778526306 0.006653660908341408
0.0752672478556633 -0.07909557968378067 0.10546716302633286
-0.27737531065940857 -0.16523072123527527 0.11408701539039612
-0.0940568596124649 -0.31046342849731445 -0.10273359715938568
-0.33941805362701416 0.30243217945098877 -0.20471496880054474
0.1404063105583191 -0.2812098562717438 -0.013368584215641022
0.21434445679187775 0.08109832555055618 0.2091546654701233
-0.04567182436585426 -0.20661282539367676 0.18652968108654022
-0.10219762474298477 -0.043422091752290726 0.11738922446966171
0.06722158938646317 -0.2130383849143982 0.1128217875957489
0.038466256111860275 -0.0016601448878645897 -0.0017922669649124146
-0.00048375106416642666 -0.1853906810283661 0.12642164528369904
-0.3669523000717163 0.08750531822443008 0.26699572801589966
-0.1180863305926323 -0.2889975607395172 -0.06932242959737778
-0.10837548226118088 -0.34531691670417786 -0.11402395367622375
-0.028283776715397835 -0.319700688123703 -0.08791384100914001
-0.019620977342128754 -0.29352128505706787 0.06796704977750778
-0.0672406405210495 -0.30965888500213623 0.07491431385278702
-0.22662998735904694 -0.2572413682937622 -0.41459837555885315
0.03192019462585449 -0.17742793262004852 0.06740663200616837
0.05720670521259308 -0.16882039606571198 0.21196460723876953
-0.0005990250501781702 -0.23157508671283722 0.14912794530391693
0.04823622107505798 -0.2778119444847107 -0.20553749799728394
0.08306688815355301 0.18894611299037933 0.26177099347114563
-0.172537162899971 -0.31562259793281555 -0.035327378660440445
0.24897313117980957 -0.20556366443634033 -0.2016628235578537
-0.0807279720902443 -0.2817775011062622 -0.2226705700159073
0.22062085568904877 -0.1396896094083786 0.2885230779647827
0.29776597023010254 -0.12406177073717117 -0.17924940586090088
-0.13034264743328094 -0.27576205134391785 -0.10245208442211151
0.382296085357666 -0.24692125618457794 -0.14298440515995026
-0.04026196524500847 -0.03043110854923725 0.057011354714632034
0.11233078688383102 -0.27462440729141235 0.06379148364067078
-0.1348942071199417 -0.27747952938079834 0.15228743851184845
-0.2115592360496521 -0.05874353274703026 -0.04769591987133026
0.11055032163858414 0.004651770927011967 0.001980496570467949
0.06462815403938293 -0.12379380315542221 0.22951580584049225
-0.133475661277771 -0.19716712832450867 -0.033671315759420395
-0.03537409380078316 -0.10598501563072205 0.17046859860420227
0.041087761521339417 -0.32014891505241394 0.038950495421886444
-0.007002897094935179 -0.2714237570762634 0.032223787158727646
0.07343430817127228 -0.3295162618160248 0.04963303357362747
-0.0166071318089962 -0.2835463583469391 -0.1449916809797287
0.32501715421676636 -0.2557555139064789 -0.2112511247396469
0.031123820692300797 -0.2751920521259308 0.05685511603951454
-0.2799978256225586 -0.2112281322479248 0.09373108297586441
0.06330099701881409 -0.15899549424648285 0.14498765766620636
0.03919503465294838 -0.1667410433292389 0.01705174520611763
-0.03686993941664696 -0.33832746744155884 0.038283273577690125
0.002759091556072235 -0.16711710393428802 -0.3327237069606781
-0.14192593097686768 0.22256524860858917 0.6580587029457092
0.020889369770884514 -0.37417036294937134 -0.1656693071126938
0.14354568719863892 -0.265242338180542 0.03292825445532799
0.32019463181495667 -0.0674738958477974 -0.018939075991511345
0.05562896654009819 -0.3012807071208954 0.015268612653017044
0.4241294860839844 -0.10869214683771133 0.032032836228609085
-0.18558982014656067 -0.13387690484523773 -0.14865440130233765
0.07905787229537964 -0.2652667164802551 0.0038370098918676376
0.11507604271173477 -0.028514105826616287 0.2880854606628418
-0.07058966904878616 -0.08216974139213562 0.25370100140571594
0.11789575964212418 -0.2860783338546753 -0.018968304619193077
0.07993143796920776 -0.10773560404777527 0.2006564736366272
0.15498201549053192 -0.10262240469455719 0.06380525231361389
-0.19748173654079437 -0.181099995970726 -0.125811368227005
-0.12454215437173843 -0.02459488809108734 0.25852665305137634
-0.09176010638475418 -0.24633577466011047 0.10968654602766037
-0.0007299340795725584 0.1573369801044464 0.10505011677742004
-0.06167572736740112 -0.2649257481098175 -0.1961362659931183
-0.14483880996704102 -0.12071184813976288 -0.0221775621175766
-0.03699105232954025 -0.0626363679766655 0.22870495915412903
0.32634320855140686 -0.025393720716238022 -0.17699845135211945
-0.17648451030254364 0.17682038247585297 -0.17506511509418488
0.1085406243801117 -0.23558136820793152 0.09415998309850693
-0.06827951222658157 -0.3049468398094177 -0.1637166142463684
0.09203740954399109 -0.3248291015625 0.0042305802926421165
0.020066211000084877 -0.21188470721244812 0.1452687829732895
-0.03063230589032173 -0.1804634928703308 -0.22609613835811615
-0.24974370002746582 -0.2372269481420517 -0.2919865846633911
-0.01576181873679161 -0.331310510635376 -0.03184955567121506
-0.05055645853281021 -0.18762385845184326 -0.18605303764343262
-0.26070302724838257 -0.05103147402405739 0.16719849407672882
-0.021969279274344444 -0.2631690502166748 0.1417846530675888
-0.01061004027724266 -0.10210298001766205 0.1727612018585205
0.03993625566363335 -0.29188576340675354 0.10884726792573929
-0.04414694383740425 -0.2863665223121643 -0.2092476189136505
-0.02440641261637211 -0.24634072184562683 -0.08875329792499542
0.024243313819169998 -0.04349474236369133 0.21500255167484283
-0.3600253760814667 -0.22881369292736053 -0.35420992970466614
-0.20421463251113892 -0.33255231380462646 -0.12823694944381714
-0.21212024986743927 -0.058029599487781525 -0.06957883387804031
-0.013063913211226463 -0.23091135919094086 -0.17312438786029816
-0.14685851335525513 -0.2584529519081116 0.11801040917634964
-0.10205420851707458 -0.28501975536346436 -0.0257645845413208
-0.10968533158302307 -0.05749034881591797 0.2894114553928375
0.1496812105178833 -0.21287840604782104 0.11532522737979889
-0.4282391369342804 -0.13860884308815002 0.33567875623703003
-0.05045149475336075 -0.37093585729599 0.0010175395291298628
0.06114606186747551 -0.32764798402786255 -0.03888056054711342
0.08872847259044647 -0.17443528771400452 0.2116718292236328
-0.01645888388156891 -0.060676462948322296 0.2193104326725006
-0.08698462694883347 -0.4316348433494568 0.04348886385560036
0.11149569600820541 -0.2733752429485321 -0.16681711375713348
0.181625634431839 -0.0618760921061039 0.08541158586740494
0.053835220634937286 -0.3397410809993744 -0.15429852902889252
-0.11578751355409622 -0.06406862288713455 0.32706326246261597
-0.11381176859140396 -0.16103599965572357 0.04554222151637077
0.04683177173137665 0.02930377796292305 0.2312178760766983
-0.28104227781295776 -0.23184193670749664 0.13151006400585175
-0.1145690530538559 0.211204394698143 0.12311750650405884
0.1284601241350174 -0.21831509470939636 -0.17258162796497345
-0.03239382058382034 -0.3646094799041748 0.04192304611206055
-0.012174965813755989 -0.3095649182796478 -0.1414891928434372
0.061875663697719574 -0.22392556071281433 0.21862618625164032
-0.03219227120280266 -0.14585557579994202 0.07461778819561005
-0.014339407905936241 -0.3368578851222992 0.01023881882429123
0.028818808495998383 -0.29663950204849243 0.09777408838272095
0.1774619221687317 -0.270671546459198 -0.2362401932477951
-0.02342907525599003 -0.3100697994232178 0.03848569467663765
-0.09677881747484207 -0.33827418088912964 -0.02620178833603859
-0.06784766167402267 -0.30084940791130066 -0.13039645552635193
-0.04693913087248802 -0.3198162317276001 -0.06967522948980331
-0.09267769753932953 -0.20218628644943237 0.17323404550552368
0.034030936658382416 -0.26065459847450256 0.08023659884929657
0.10538092255592346 -0.2417639195919037 -0.01891803927719593
-0.1043025404214859 -0.13484351336956024 -0.20440657436847687
0.24399518966674805 -0.3264542818069458 -0.02642924152314663
0.0022970749996602535 -0.1145632416009903 -0.1472460776567459
0.3210635483264923 -0.1730068027973175 -0.27095380425453186
-0.038547977805137634 -0.2727043628692627 -0.13458742201328278
-0.08162550628185272 -0.1543622761964798 -0.088741235435009
-0.0338386632502079 -0.30024704337120056 -0.19110321998596191
0.06435776501893997 -0.1439577043056488 -0.04143155738711357
0.13958080112934113 -0.22287428379058838 -0.07693911343812943
0.06769528239965439 -0.23687732219696045 -0.2102019488811493
0.13389697670936584 -0.3340383470058441 0.016346624121069908
0.17684406042099 -0.19077809154987335 0.032627616077661514
-0.051103100180625916 -0.16320756077766418 0.03621501475572586
-0.1219763234257698 -0.27096906304359436 0.015102576464414597
0.1646149456501007 -0.1843838393688202 0.13572731614112854
-0.05596530809998512 -0.1314999908208847 0.15823224186897278
0.17339080572128296 -0.29069769382476807 -0.11760152131319046
-0.04409174248576164 -0.2422485202550888 -0.2172878086566925
-0.16104568541049957 -0.228448748588562 0.12257320433855057
0.06871111690998077 -0.10574094206094742 0.22870947420597076
0.32057464122772217 -0.1736055314540863 -0.22983333468437195
0.010563932359218597 -0.192535400390625 0.1270476132631302
-0.047902338206768036 -0.32950037717819214 -0.02095801755785942
-0.1830843836069107 -0.0038164672441780567 0.16718268394470215
-0.48463937640190125 -0.19748398661613464 0.1783539205789566
0.10099021345376968 -0.15693704783916473 -0.03472532704472542
0.09066610038280487 -0.3057098090648651 -0.007369610946625471
0.024720530956983566 -0.3376469016075134 0.06084396690130234
0.005514020565897226 -0.2963220477104187 -0.12543050944805145
-0.11070126295089722 0.01525428518652916 0.12471087276935577
-0.1618557721376419 -0.18745794892311096 0.0605766661465168
-0.1465318650007248 -0.3162504732608795 -0.03379926458001137
0.04139924421906471 -0.35489779710769653 0.21062606573104858
0.07483748346567154 -0.3092929422855377 0.016502369195222855
-0.1910766363143921 -0.06932684779167175 -0.08936571329832077
0.00464401300996542 -0.20399940013885498 0.16327953338623047
-0.055666569620370865 -0.31583088636398315 0.08971136063337326
-0.16632899641990662 -0.0616588331758976 0.14114905893802643
0.06678465008735657 -0.3027465045452118 0.037550341337919235
0.18018411099910736 -0.29612985253334045 -0.179599791765213
-0.08613167703151703 0.023892337456345558 0.012732645496726036
0.07263706624507904 -0.32786625623703003 -0.19484086334705353
-0.10075538605451584 -0.2895810008049011 -0.3183206617832184
0.17593584954738617 -0.33874639868736267 -0.025410013273358345
-0.17694902420043945 -0.2912091016769409 -0.08302740752696991
-0.04154583439230919 -0.13779057562351227 -0.20406198501586914
0.2185392677783966 -0.2745823860168457 0.04600092023611069
0.07458428293466568 -0.20851865410804749 0.0932350680232048
0.18763238191604614 -0.1048261895775795 -0.06600772589445114
0.13204564154148102 -0.08485523611307144 0.14701077342033386
0.055296171456575394 -0.31981614232063293 0.03820536658167839
0.03277789428830147 -0.3458036482334137 0.04897306114435196
-0.14758723974227905 -0.3018735349178314 0.004293330013751984
-0.20402485132217407 -0.044703178107738495 0.0409260056912899
-0.042975589632987976 -0.25451943278312683 0.14343807101249695
-0.028491847217082977 -0.3330127000808716 -0.06980056315660477
0.1379941999912262 -0.23572617769241333 -0.06237824633717537
-0.10612977296113968 -0.31209272146224976 -0.054844100028276443
0.02794007956981659 -0.24623043835163116 0.08881896734237671
0.2801741361618042 -0.07594532519578934 0.013391144573688507
-0.037570979446172714 -0.16503079235553741 0.20411840081214905
0.06092910096049309 -0.2881876528263092 -0.1371120661497116
0.18157698214054108 -0.23563434183597565 -0.01774206943809986
-0.15556471049785614 -0.30315902829170227 0.1344381719827652
0.22140948474407196 -0.27888649702072144 -0.1151338592171669
-0.14518752694129944 -0.3008646070957184 0.032745182514190674
-0.08236444741487503 -0.2553810179233551 -0.23759111762046814
-0.1242181584239006 -0.2687164843082428 0.020658239722251892
-0.21520037949085236 -0.08504264056682587 -0.29511725902557373
-0.10498098284006119 -0.11965049803256989 0.2225997895002365
-0.310539573431015 -0.23556476831436157 -0.0530419796705246
0.1345326006412506 -0.3006589412689209 0.03053673915565014
-0.12342794984579086 -0.1444178819656372 -0.18800021708011627
-0.0037941141054034233 -0.10205157101154327 0.0693047046661377
-0.08964087814092636 0.047947559505701065 0.3779517412185669
-0.03952130302786827 -0.020444048568606377 0.2534071207046509
0.1850692182779312 -0.05482493340969086 0.1381455659866333
-0.02103853039443493 -0.07720894366502762 0.1390245407819748
-0.027774544432759285 -0.28004246950149536 0.1290973722934723
0.2441239207983017 -0.0880095362663269 -0.02348342165350914
0.0064986106008291245 -0.30374881625175476 -0.0328950472176075
0.06075156852602959 -0.31708329916000366 -0.05403735861182213
-0.0015204141382128 0.01774746924638748 0.1054060310125351
-0.02740105614066124 -0.03404846787452698 0.1533242017030716
0.054845020174980164 0.07365444302558899 -0.0026451093144714832
0.10654858499765396 -0.26385295391082764 0.10391335189342499
-0.06453128904104233 -0.32995933294296265 -0.08366962522268295
-0.005617327522486448 -0.28675201535224915 0.09753144532442093
0.08349461108446121 -0.22876058518886566 0.0715147852897644
-0.04322247579693794 -0.24679122865200043 0.1438046097755432
0.030366161838173866 -0.33904579281806946 -0.03553218021988869
-0.03962572664022446 -0.20588712394237518 0.035621482878923416
-0.03021969273686409 -0.1710939109325409 0.06168978661298752
-0.21744923293590546 -0.23645657300949097 -0.13669325411319733
0.09685467183589935 -0.22924360632896423 0.1380101591348648
0.08556192368268967 -0.2950299084186554 0.0576334223151207
-0.018399300053715706 -0.11595628410577774 0.3027236759662628
0.06351593136787415 -0.342025488615036 -0.04423709586262703
0.07989897578954697 -0.11282378435134888 0.176224023103714
-0.24291393160820007 0.00011738215107470751 -0.2608712911605835
0.11642733216285706 -0.240883007645607 -0.04904455319046974
-0.16118884086608887 -0.23970304429531097 -0.1486411690711975
-0.034079477190971375 -0.29657259583473206 -0.11859540641307831
0.07486344873905182 -0.25516411662101746 -0.051869943737983704
0.123818539083004 -0.319253534078598 -0.060536906123161316
0.07945472747087479 -0.09749408066272736 -0.028582794591784477
0.048403240740299225 -0.3271447718143463 0.05603036656975746
-0.2097271978855133 -0.21244598925113678 0.059050530195236206
0.07870979607105255 -0.1444730907678604 -0.2506989538669586
0.23497021198272705 -0.3239324688911438 0.016730835661292076
-0.08504346013069153 -0.22583478689193726 0.1448836624622345
-0.09011898934841156 -0.27971020340919495 0.1306786835193634
0.012726008892059326 -0.05571771785616875 0.2544240653514862
0.1438228040933609 -0.2962287962436676 -0.21443001925945282
0.0011956843081861734 -0.14512260258197784 0.14013081789016724
-0.06884502619504929 -0.07446286082267761 -0.07816927134990692
-0.24900656938552856 -0.10258660465478897 -0.1428152620792389
-0.026456233114004135 -0.3469478487968445 -0.005285324063152075
-0.03568822890520096 -0.28894418478012085 0.06338071823120117
-0.3406388461589813 -0.06875231117010117 -0.1470680683851242
0.11830420792102814 -0.23631399869918823 -0.09461814910173416
0.168198361992836 -0.24029143154621124 -0.09822786599397659
0.002677922137081623 -0.19187243282794952 0.11156956106424332
-0.103053018450737 -0.296968549489975 -0.012070883065462112
0.1147737056016922 -0.32351061701774597 -0.2614108622074127
0.013066442683339119 -0.19490405917167664 0.05515861511230469
-0.31734222173690796 0.09463270753622055 0.04784196987748146
-0.1683187633752823 -0.32807067036628723 0.10895544290542603
0.2435005158185959 -0.29415103793144226 0.01672511361539364
0.02180800586938858 -0.28117990493774414 0.038623325526714325
0.15619352459907532 -0.11392595618963242 0.14548777043819427
0.09125413000583649 -0.1635310798883438 0.1368473321199417
0.32800260186195374 -0.08293162286281586 0.15328164398670197
0.012315936386585236 -0.13619376718997955 0.2336287945508957
-0.13921727240085602 -0.13274601101875305 -0.2082676887512207
-0.09117069095373154 -0.15908369421958923 0.07613978534936905
-0.21123170852661133 -0.23341672122478485 -0.20793099701404572
-0.07422000914812088 -0.30035504698753357 -0.17261143028736115
-0.2546640932559967 -0.2525421380996704 -0.00039135501720011234
0.04068427532911301 -0.3208003044128418 -0.13343124091625214
0.5013095140457153 -0.030269501730799675 0.06803352385759354
-0.053166598081588745 -0.2587287724018097 -0.1179727092385292
0.14097358286380768 -0.2775917053222656 -0.31322845816612244
0.10862666368484497 -0.01646743342280388 0.27118372917175293
0.1538616120815277 0.005677349399775267 -0.2533241808414459
-0.06871841847896576 -0.09153483808040619 0.2149614542722702
0.22979629039764404 -0.30884435772895813 -0.020027192309498787
0.055308278650045395 -0.4206030070781708 0.15369026362895966
0.05392468720674515 -0.341908723115921 0.007607246283441782
0.23421114683151245 -0.26475653052330017 0.24500027298927307
-0.059873633086681366 -0.2966751158237457 -0.14959591627120972
-0.0929095596075058 -0.10875432193279266 0.13875342905521393
-0.2284385859966278 -0.14092501997947693 -0.26885920763015747
0.16359560191631317 -0.2157716453075409 0.007606895640492439
0.039562635123729706 -0.2825663387775421 0.006857218686491251
0.04750557243824005 -0.32565024495124817 -0.033548254519701004
-0.29580774903297424 -0.1991918981075287 -0.20420053601264954
0.2142757773399353 0.06791189312934875 0.17805320024490356
0.11370882391929626 -0.3282686173915863 0.06503470242023468
0.04799060523509979 -0.2675555646419525 -0.19956164062023163
0.31674712896347046 -0.02000400982797146 0.1787814199924469
0.26707443594932556 -0.23512707650661469 -0.12498842924833298
0.03244825825095177 -0.10998376458883286 0.2133050113916397
0.06336085498332977 -0.3057110905647278 -0.10115708410739899
0.027091972529888153 -0.21679040789604187 0.149973064661026
-0.026978008449077606 -0.09229209274053574 0.2582691013813019
0.1624874323606491 -0.32236483693122864 0.0350605845451355
0.02356339804828167 -0.3089611828327179 0.07250749319791794
-0.19614435732364655 -0.046849995851516724 0.2686818838119507
-0.33020883798599243 -0.05055612698197365 -0.01214878261089325
-0.008046003058552742 -0.30182722210884094 -0.14327874779701233
0.006078276317566633 -0.2832498550415039 -0.22739878296852112
-0.14094603061676025 -0.13952277600765228 -0.1739116758108139
-0.10895440727472305 -0.25694867968559265 -0.0030507389456033707
-0.17191322147846222 -0.2966424822807312 -0.06795304268598557
-0.0963231697678566 -0.20908527076244354 -0.051716938614845276
-0.03071608766913414 -0.31834620237350464 -0.1288602352142334
0.13604384660720825 -0.10490050166845322 0.13770581781864166
0.2028050720691681 -0.3163091540336609 0.005107268691062927
-0.14256644248962402 -0.30679601430892944 -0.017634453251957893
-0.10915100574493408 -0.09957227110862732 -0.027077939361333847
0.05974997952580452 -0.12729348242282867 0.1689990758895874
0.08768832683563232 -0.22237041592597961 -0.19280734658241272
0.12456165999174118 -0.2946641743183136 0.092489093542099
0.19469058513641357 -0.1689879298210144 0.08694711327552795
0.11307993531227112 -0.19906139373779297 -0.12916253507137299
0.040037985891103745 -0.3333691954612732 -0.04790288582444191
-0.21321654319763184 -0.23327048122882843 0.08569619804620743
-0.041369497776031494 0.039097484201192856 0.28755396604537964
0.10295990854501724 -0.2732802629470825 -0.24485749006271362
-0.17927372455596924 -0.16826514899730682 0.1153414323925972
0.2219468206167221 -0.05775729566812515 0.153716579079628
0.023194897919893265 -0.31370046734809875 -0.06995446234941483
-0.020258933305740356 -0.06693758070468903 -0.10755627602338791
0.07822975516319275 -0.18178898096084595 0.11495792120695114
0.09601826220750809 -0.2112075537443161 -0.15560927987098694
0.13838794827461243 -0.1831151694059372 0.23235224187374115
0.06524200737476349 -0.2672725319862366 -0.05381602793931961
-1.02166086435318e-06 -0.3471454381942749 -0.05546872690320015
-0.2811283469200134 -0.07942775636911392 -0.19049671292304993
-0.07690975069999695 -0.08033276349306107 0.035868946462869644
-0.37854158878326416 -0.08618805557489395 0.07959727197885513
-0.04609564691781998 -0.2555616497993469 0.12640522420406342
0.21412448585033417 -0.30795350670814514 -0.09406876564025879
-0.03875395283102989 -0.31021177768707275 0.06292764842510223
-0.19785432517528534 -0.10411250591278076 0.16816915571689606
0.04375778138637543 -0.13962329924106598 0.11951932311058044
-0.1827668994665146 -0.18724507093429565 0.04892558977007866
0.0908266007900238 -0.10261145234107971 0.10440533608198166
0.188827782869339 -0.23929443955421448 0.14573892951011658
0.14841803908348083 -0.2883276641368866 -0.15056586265563965
0.08271926641464233 -0.22543379664421082 -0.29572170972824097
0.16748164594173431 -0.15168388187885284 0.08823731541633606
-0.2266937643289566 -0.12577028572559357 -0.01609361730515957
0.06001599505543709 0.3536814749240875 0.316623330116272
0.28023308515548706 -0.22264917194843292 0.07100500166416168
0.09064342081546783 -0.21518771350383759 0.07522661238908768
-0.10579119622707367 -0.28742870688438416 0.019366983324289322
0.12679781019687653 -0.1842065453529358 -0.09001081436872482
-0.1736029088497162 -0.12119565159082413 0.1609499454498291
0.04727841168642044 -0.2683015763759613 0.030381374061107635
-0.23389239609241486 -0.2852625250816345 0.039825163781642914
-0.14055080711841583 -0.1337488740682602 0.1036018654704094
-0.09333115071058273 -0.11856997013092041 -0.1871669441461563
-0.2599218487739563 0.10988621413707733 0.09053704142570496
-0.11784143000841141 0.040866926312446594 0.42097553610801697
0.23534254729747772 -0.3089655339717865 0.006780168041586876
-0.2390608936548233 -0.3076658546924591 -0.06633255630731583
0.0978413000702858 -0.3148425221443176 -0.03839446231722832
-0.06994137167930603 -0.2963119149208069 0.08187272399663925
0.00593935139477253 -0.3036571443080902 -0.016679057851433754
-0.02519010193645954 -0.32197099924087524 0.08570915460586548
-0.19388505816459656 -0.2686164677143097 0.04349708557128906
-0.050022851675748825 -0.2332921326160431 -0.14828896522521973
-0.12367863208055496 -0.24845045804977417 0.0998094379901886
-0.24503056704998016 0.00928226113319397 -0.11984894424676895
-0.11326979100704193 -0.2936440110206604 -0.049817901104688644
-0.023197250440716743 -0.3104647696018219 -0.12985005974769592
-0.10669998824596405 0.12653104960918427 0.45130395889282227
0.06291716545820236 -0.19497323036193848 -0.05499003455042839
0.09720692783594131 -0.08783860504627228 0.11685660481452942
0.10770025849342346 -0.28162986040115356 -0.10341642051935196
0.16152320802211761 -0.3391726315021515 0.018706416711211205
-0.056932516396045685 -0.26501062512397766 -0.054246168583631516
-0.08590886741876602 0.00047049677232280374 0.12458618730306625
0.07642635703086853 -0.1730021834373474 0.18720048666000366
0.15809230506420135 0.10745053738355637 0.3946911096572876
-0.11875389516353607 -0.24892103672027588 0.1332366168498993
-0.3219705820083618 -0.25795164704322815 -0.20638275146484375
0.10187721997499466 -0.3097831606864929 -0.024766406044363976
0.072762131690979 -0.28978630900382996 0.032745055854320526
-0.25510770082473755 -0.13274747133255005 -0.011670976877212524
-0.0510619580745697 -0.1345338225364685 0.09094705432653427
0.0769498273730278 -0.25527259707450867 -0.1398555338382721
0.17837125062942505 -0.04026767611503601 0.19434469938278198
0.06917691230773926 -0.24843961000442505 0.14762483537197113
-0.14771196246147156 -0.29284822940826416 -0.17333470284938812
0.0058236317709088326 0.07267876714468002 0.1356651335954666
-0.021767456084489822 -0.3015914857387543 0.07152319699525833
0.018968919292092323 -0.0838574543595314 0.2566594183444977
0.18989913165569305 -0.05480726808309555 0.08401095122098923
0.09832556545734406 -0.004095244221389294 0.11937293410301208
-0.14580051600933075 -0.3384031653404236 -0.006999726872891188
0.07102914154529572 0.19660453498363495 0.08037598431110382
-0.03575314208865166 -0.2628740966320038 0.027593163773417473
0.02483055740594864 -0.11209671199321747 0.08109063655138016
0.14167355000972748 0.10147372633218765 0.1844538152217865
0.13079692423343658 -0.32788553833961487 -0.01834474690258503
0.09841136634349823 -0.19001451134681702 0.11144308745861053
-0.02251606248319149 -0.03013559617102146 0.06688110530376434
0.02965455874800682 -0.2715420424938202 0.2894987463951111
0.20625115931034088 -0.31317204236984253 0.08469950407743454
0.00699548190459609 -0.2920229434967041 0.08442001789808273
-0.09792262315750122 -0.32718759775161743 0.07400485128164291
0.020155733451247215 -0.25644755363464355 -0.26454177498817444
0.2978498935699463 -0.13886398077011108 -0.25102078914642334
0.128778874874115 -0.30840054154396057 0.009533518925309181
0.02583683654665947 -0.3020874559879303 -0.11936686933040619
-0.1579573005437851 -0.2674105167388916 0.11092298477888107
0.07747958600521088 -0.28261423110961914 -0.004354254808276892
-0.1141086146235466 -0.24856534600257874 -0.006588122341781855
0.022536132484674454 -0.22912457585334778 0.09025020152330399
0.049157001078128815 -0.3205482065677643 -0.15953993797302246
0.010826485231518745 -0.0723530724644661 0.03587740287184715
-0.19087691605091095 -0.0853269174695015 0.16459359228610992
-0.21251514554023743 -0.1831115335226059 0.10015019029378891
-0.019250497221946716 -0.20629513263702393 -0.10426577180624008
0.01236959919333458 -0.2993025481700897 -0.15141268074512482
0.28749120235443115 -0.21801556646823883 0.022348962724208832
0.31989404559135437 -0.19459454715251923 -0.03586922213435173
0.14510393142700195 -0.18375584483146667 -0.0035680257715284824
-0.35607558488845825 -0.2127482146024704 -0.035537220537662506
0.15496964752674103 0.062705397605896 -0.09253523498773575
-0.04562497138977051 -0.11710899323225021 -0.3380936086177826
0.07117412239313126 -0.1192016527056694 0.0790974497795105
-0.27478352189064026 -0.17877818644046783 0.0005569971399381757
-0.20262129604816437 0.09026586264371872 0.3752598166465759
-0.0400519073009491 -0.31389862298965454 0.01570138707756996
-0.003155683632940054 -0.34986644983291626 -0.004972975701093674
-0.15642496943473816 -0.3277738392353058 -0.07082236558198929
-0.09284959733486176 -0.24298395216464996 0.04997460916638374
-0.20638731122016907 0.07532574236392975 0.23561760783195496
0.0215548537671566 -0.29884740710258484 -0.01519911177456379
-0.262437641620636 -0.1995837241411209 0.06481222063302994
0.17782962322235107 -0.2711198031902313 -0.032055508345365524
-0.04625185206532478 -0.12659920752048492 0.19098183512687683
-0.17218264937400818 -0.236733540892601 -0.34023067355155945
0.07523193955421448 -0.22454997897148132 0.0922788754105568
0.12042305618524551 -0.07583782821893692 -0.14145947992801666
-0.06854485720396042 -0.2858459949493408 0.09490790218114853
0.1299787312746048 -0.30356839299201965 -0.010111730545759201
-0.14345021545886993 -0.1076078936457634 0.017135832458734512
-0.15499597787857056 -0.2572455406188965 -0.17055901885032654
0.22188180685043335 0.006041909568011761 0.06277823448181152
0.1398155391216278 0.3372463583946228 0.45995524525642395
0.29744845628738403 6.432028021663427e-05 0.1057610884308815
0.11147712171077728 -0.04196833446621895 0.20166738331317902
-0.15730872750282288 0.08796916902065277 0.15956582129001617
0.18961374461650848 -0.21496479213237762 0.07090147584676743
0.20262321829795837 -0.06804849207401276 0.00289747747592628
-0.028538955375552177 -0.18726982176303864 0.09250176697969437
-0.08304212987422943 -0.10069197416305542 -0.02234753966331482
-0.05417821928858757 0.08448027819395065 0.27942875027656555
0.004460378549993038 -0.31373485922813416 -0.005930781364440918
-0.005601062905043364 -0.1731433868408203 0.006675188895314932
0.2128920704126358 -0.12480279058218002 -0.1251906305551529
-0.041981033980846405 -0.3114113509654999 0.007118041627109051
-0.11572510004043579 -0.2785375118255615 0.058919377624988556
0.1351580172777176 -0.2836858928203583 0.09463142603635788
-0.05026961490511894 0.11224265396595001 0.4633099138736725
0.06916479021310806 -0.3158857226371765 -0.07673302292823792
0.03832269087433815 -0.3117656409740448 0.023541243746876717
-0.09822475165128708 -0.1256231814622879 -0.010042648762464523
0.06580298393964767 -0.34327611327171326 0.10131531953811646
-0.1572837382555008 0.025325622409582138 0.26240047812461853
0.09910851716995239 -0.42671456933021545 -0.005837867967784405
0.20514342188835144 -0.10499028116464615 -0.019943125545978546
0.060578666627407074 -0.357575386762619 -0.042840469628572464
-0.3485717475414276 0.07247557491064072 0.17523254454135895
0.18094030022621155 -0.2959623336791992 -0.09375346451997757
0.21926192939281464 -0.2848448157310486 -0.0703829899430275
0.03937976807355881 -0.09880079329013824 0.09325700253248215
0.1639838069677353 -0.2562110722064972 0.06667526066303253
-0.06945984810590744 -0.3247388005256653 -0.0976347103714943
0.1060606837272644 -0.1802780032157898 -0.10028565675020218
-0.09104951471090317 -0.2737649083137512 -0.17122882604599
-0.06653615087270737 -0.3385067880153656 0.18932096660137177
0.1146712452173233 -0.2937641739845276 0.08463524281978607
0.02299264445900917 -0.03229990974068642 0.2102462649345398
-0.05147085711359978 0.13738110661506653 0.3712248206138611
0.017987681552767754 -0.1833142638206482 -0.004107199143618345
-0.09389747679233551 -0.2640727460384369 -0.1451764553785324
0.013510756194591522 -0.3122459948062897 0.011326979845762253
-0.12555138766765594 -0.2035144567489624 0.1374795138835907
-0.21374817192554474 -0.1432780772447586 0.11671684682369232
-0.142013281583786 -0.2809816002845764 0.11379911750555038
-0.18881145119667053 -0.21329842507839203 -0.050171274691820145
-0.04626491293311119 -0.11715123802423477 0.0790572315454483
0.0550166592001915 -0.016492698341608047 0.29703447222709656
0.1586872637271881 0.24515537917613983 0.3730596601963043
-0.021215377375483513 -0.3183995187282562 0.22484655678272247
0.046237457543611526 -0.19184711575508118 0.07176908850669861
-0.10849574208259583 -0.32539474964141846 -0.09239565581083298
0.15304695069789886 -0.21245139837265015 -0.05961696803569794
0.28063976764678955 0.0062297009862959385 0.0617557168006897
-0.04445633292198181 -0.3417806923389435 -0.0773438811302185
0.10715801268815994 -0.23981408774852753 0.07404385507106781
0.15201690793037415 -0.29769372940063477 -0.16268028318881989
0.07249699532985687 -0.13393084704875946 0.18701477348804474
-0.13971026241779327 -0.2640881836414337 -0.17742891609668732
0.06654752790927887 -0.1739201843738556 0.01794040948152542
0.22487156093120575 -0.22627928853034973 -0.221217542886734
-0.021494116634130478 -0.3266999125480652 0.12814293801784515
-0.1056605726480484 0.0016475507291033864 0.36738771200180054
0.21405088901519775 -0.2834029197692871 -0.1075105145573616
-0.23533979058265686 -0.11155365407466888 0.20954497158527374
0.14648714661598206 -0.1092202365398407 0.03918531537055969
0.061371978372335434 -0.1598600149154663 0.1497877538204193
-0.2890123724937439 -0.21818102896213531 0.17729401588439941
-0.2548285722732544 -0.05599089339375496 -0.073635533452034
-0.08859710395336151 -0.09288652241230011 -0.1288187950849533
-0.1500333696603775 -0.19978804886341095 -0.051883626729249954
0.16193753480911255 -0.11279959231615067 0.06648522615432739
0.07594150304794312 -0.2955505847930908 0.1581244170665741
0.23682862520217896 -0.29486584663391113 -0.08846135437488556
0.2889983057975769 -0.2290458232164383 0.12569604814052582
0.028299713507294655 -0.3469962775707245 0.052032552659511566
0.10950025171041489 -0.20984119176864624 0.16248534619808197
0.06813879311084747 -0.29645952582359314 -0.37877559661865234
0.15059544146060944 -0.21553491055965424 0.05254969745874405
0.03828191012144089 -0.329302042722702 0.14012683928012848
0.03837181627750397 -0.26565900444984436 -0.07961343973875046
0.11686646193265915 -0.002046790672466159 0.2515150308609009
0.23425261676311493 -0.08864293247461319 0.09129238873720169
-0.1159868985414505 -0.2967093884944916 0.043033666908741
0.04094031825661659 -0.3146684169769287 -0.015603465959429741
0.08737454563379288 -0.08457201719284058 0.38531267642974854
-0.06086401268839836 -0.23540610074996948 -0.056167446076869965
-0.004676681011915207 0.04210881143808365 0.2609037160873413
0.22606554627418518 -0.039181485772132874 0.11026369780302048
0.11335578560829163 -0.09598513692617416 -0.15746831893920898
-0.25822630524635315 -0.12563690543174744 0.06371068954467773
-0.3074185848236084 -0.15173129737377167 0.18268796801567078
-0.11874407529830933 -0.3437499403953552 0.04007547348737717
-0.013950187712907791 -0.028106525540351868 0.22381269931793213
0.23571434617042542 -0.31405776739120483 0.00448373518884182
0.1327185034751892 -0.24525883793830872 -0.08760470896959305
-0.08672090619802475 -0.3304905295372009 -0.05122203379869461
-0.116273894906044 -0.31704989075660706 -0.068244569003582
0.0661771297454834 -0.30428650975227356 -0.20943975448608398
0.1385454535484314 -0.2995126247406006 0.044583335518836975
0.12840460240840912 -0.1985299438238144 -0.07563257962465286
-0.15469913184642792 -0.33320099115371704 0.12783432006835938
0.036488257348537445 -0.07249318063259125 0.19484387338161469
0.10131297260522842 -0.28033962845802307 -0.07568776607513428
0.24867355823516846 -0.22830139100551605 0.03490455448627472
-0.3361777663230896 -0.0408078096807003 0.04633790999650955
-0.17143763601779938 -0.16622930765151978 -0.24445267021656036
-0.10334570705890656 -0.2878131866455078 -0.012632723897695541
-0.13794167339801788 -0.135473370552063 0.14547137916088104
-0.3552500307559967 -0.13723136484622955 -0.07097496837377548
-0.06536614894866943 -0.24793100357055664 -0.2651095688343048
0.20405134558677673 -0.19125759601593018 0.13875998556613922
0.11311640590429306 -0.02339937910437584 0.03372086584568024
-0.03511032089591026 -0.2521072030067444 0.055953498929739
-0.08920323848724365 -0.20653247833251953 -0.3709965646266937
0.027233554050326347 -0.2875514030456543 -0.1575939804315567
-0.07656771689653397 -0.3157470226287842 0.03533447906374931
0.05853642523288727 0.05919865891337395 0.3238746225833893
-0.07057146728038788 0.021747643128037453 0.1164318397641182
0.054671674966812134 0.060180481523275375 0.14815311133861542
-0.26827239990234375 -0.1425016224384308 0.15184369683265686
-0.14202694594860077 -0.018812146037817 0.026021651923656464
-0.0664428174495697 -0.31995144486427307 0.06695175170898438
-0.02963232807815075 -0.253231406211853 -0.019665323197841644
-0.04127475619316101 -0.3104037344455719 -0.10714193433523178
-0.10132615268230438 -0.3109149932861328 -0.28959670662879944
-0.15777111053466797 -0.3382807970046997 0.06332574039697647
-0.048610758036375046 -0.20211638510227203 0.21976147592067719
0.14944861829280853 -0.19900313019752502 -0.16342654824256897
0.005171739496290684 -0.28774338960647583 0.04843507334589958
0.12889723479747772 -0.26937201619148254 0.1327293962240219
0.12041722983121872 -0.2356264293193817 0.10236350446939468
-0.024201689288020134 -0.1535920798778534 0.1084686741232872
0.05339634045958519 -0.2873469293117523 0.03449445590376854
-0.1529427468776703 -0.052278727293014526 0.0006343581480905414
0.1839352250099182 -0.2518893778324127 -0.022458650171756744
0.1990523785352707 -0.2557240426540375 0.011005138978362083
0.02463817410171032 -0.1651146113872528 0.21116802096366882
-0.13856543600559235 -0.10286780446767807 -0.23615482449531555
0.10641629993915558 -0.22204311192035675 0.01336788758635521
0.07474373281002045 -0.2802802622318268 -0.020302942022681236
0.10380182415246964 -0.29417547583580017 0.10246164351701736
0.16803492605686188 -0.07795213907957077 0.1568274199962616
0.10840380936861038 -0.2849256992340088 0.21551358699798584
0.1417030394077301 -0.5442987680435181 -0.6437159776687622
0.14553256332874298 -0.14562581479549408 0.02985943667590618
-0.0814463421702385 -0.24350392818450928 0.17385044693946838
0.18044784665107727 -0.31390079855918884 0.0017204524483531713
-0.21681839227676392 -0.33453577756881714 0.0028774291276931763
-0.36506181955337524 -0.297197163105011 0.06413428485393524
-0.10787726193666458 -0.19132958352565765 -0.12773269414901733
-0.12295730412006378 -0.20113910734653473 -0.22056160867214203
0.09536514431238174 -0.3251010477542877 0.018217390403151512
0.2649843394756317 -0.18623566627502441 -0.08022212982177734
-0.08678718656301498 -0.22473683953285217 -0.03096569888293743
0.16616438329219818 -0.30618900060653687 -0.046168431639671326
0.19394594430923462 -0.33428069949150085 -0.2987145483493805
-0.23249004781246185 -0.31528064608573914 -0.03234449028968811
0.09978687018156052 -0.07356301695108414 0.1294042319059372
0.1411396861076355 -0.2973359525203705 -0.2063891887664795
0.1940104365348816 -0.17502383887767792 -0.08512511849403381
0.08966711908578873 -0.2900999188423157 -0.2567230761051178
-0.19462667405605316 -0.10314499586820602 -0.012118121609091759
-0.06214098632335663 -0.33493342995643616 -0.3208496570587158
-0.22393572330474854 -0.15413136780261993 0.06158982217311859
-0.0730295330286026 -0.20130454003810883 -0.028599943965673447
0.024112435057759285 -0.20167094469070435 -0.18131659924983978
0.12289849668741226 -0.12254992127418518 0.2252899557352066
0.14569252729415894 -0.2791363298892975 0.06191036105155945
-0.06906493008136749 -0.048155803233385086 -0.0298470426350832
-0.2301478385925293 -0.27898794412612915 0.009644456207752228
0.2682921290397644 -0.18483078479766846 -0.03473449870944023
-0.14516831934452057 -0.09499310702085495 0.017579959705471992
0.038291044533252716 0.026135876774787903 0.28451159596443176
0.16156716644763947 0.13106751441955566 0.46400097012519836
-0.09525047987699509 -0.10848045349121094 -0.011274103075265884
-0.13376954197883606 -0.11864522844552994 0.024641290307044983
-0.025280125439167023 -0.2983243465423584 0.07832279801368713
-0.005253479816019535 -0.1254291981458664 0.019392386078834534
0.005354042164981365 -0.11023538559675217 -0.1922423094511032
-0.00764040881767869 -0.13754935562610626 0.24303920567035675
0.1966375708580017 -0.26280200481414795 0.0906713455915451
-0.030832797288894653 -0.17817984521389008 -0.07761582732200623
0.23225735127925873 -0.3909819424152374 -0.04327865689992905
-0.26694977283477783 -0.28797414898872375 0.09643342345952988
0.20561246573925018 -0.2795197367668152 -0.10918793082237244
0.020985115319490433 -0.32217228412628174 -0.010015599429607391
0.1073746308684349 -0.04544370248913765 0.2610089182853699
-0.11761795729398727 -0.18629777431488037 0.2658219039440155
-0.01627529412508011 -0.2403312772512436 -0.01922025717794895
0.019385522231459618 -0.1599874347448349 -0.0035595358349382877
0.04739179462194443 -0.2579154074192047 0.03908921405673027
0.03477731719613075 0.20064568519592285 0.09909912943840027
0.107144296169281 -0.23465588688850403 0.09529665857553482
0.05578964948654175 -0.270329087972641 0.05823170021176338
-0.00931919738650322 0.06766431033611298 0.3177015483379364
0.07881451398134232 0.21436475217342377 0.026464609429240227
-0.16546130180358887 -0.27382904291152954 0.04870659485459328
-0.023280499503016472 -0.2976800203323364 0.09757700562477112
0.1185322180390358 -0.34263181686401367 -0.035163361579179764
0.19636572897434235 -0.1441604644060135 -0.042785316705703735
-0.13007132709026337 0.1750919073820114 0.24889104068279266
0.18856769800186157 -0.04307112097740173 0.16069425642490387
0.024520432576537132 -0.329887330532074 -0.03402334451675415
-0.1820649802684784 -0.1992480456829071 -0.16926002502441406
0.04594315215945244 -0.2695215344429016 0.1141887903213501
-0.05164453014731407 -0.3502083420753479 0.004199977032840252
0.06658617407083511 -0.05683920904994011 0.24837450683116913
-0.13765276968479156 -0.07606759667396545 -0.00788409635424614
0.07609064131975174 -0.27194973826408386 0.04003220051527023
0.055596668273210526 -0.23820020258426666 0.16620053350925446
-0.024236341938376427 -0.2512957453727722 -0.10533898323774338
-0.056269120424985886 -0.2915153503417969 0.010085124522447586
-0.19470225274562836 -0.10842265188694 0.07815362513065338
0.05452454835176468 -0.2907015085220337 -0.25625094771385193
-0.013711083680391312 -0.12490343302488327 0.04181230068206787
0.08920078724622726 -0.03382154181599617 0.27158164978027344
-0.09211374074220657 -0.2740247845649719 -0.30033108592033386
0.11023276299238205 -0.08041658252477646 -0.1936749368906021
-0.014850586652755737 -0.14245449006557465 -0.14109307527542114
-0.0277884341776371 -0.31616222858428955 -0.03572169691324234
-0.026613127440214157 0.08543410152196884 0.10566885769367218
0.03787374123930931 0.002277682302519679 -0.3063024878501892
0.07317839562892914 -0.29898494482040405 -0.21828816831111908
0.061917513608932495 -0.032277725636959076 -0.23757536709308624
-0.09965596348047256 -0.2917357087135315 0.09155750274658203
0.19436407089233398 -0.2988176941871643 0.07323606312274933
-0.07808536291122437 -0.22192731499671936 -0.07821334153413773
-0.06736941635608673 -0.28961989283561707 -0.04340388625860214
0.1740044355392456 -0.20154118537902832 0.16577446460723877
-0.2916398048400879 -0.06603945791721344 -0.0629916787147522
-0.04183841869235039 -0.19499772787094116 -0.04644550383090973
-0.5731256604194641 0.03663336858153343 -0.15722361207008362
-0.3203456401824951 -0.2721419334411621 0.08094902336597443
-0.35496801137924194 -0.06691625714302063 0.2403581738471985
0.07161007821559906 -0.28611037135124207 0.12542827427387238
0.04646826907992363 0.020634640008211136 0.12317615002393723
-0.17532478272914886 0.016936199739575386 -0.10990570485591888
0.15351568162441254 0.06052044406533241 -0.05543040856719017
0.03574969619512558 -0.10812351852655411 0.2956543266773224
-0.10179498791694641 -0.24777549505233765 0.11994914710521698
-0.10356876254081726 -0.264873206615448 -0.17639939486980438
-0.1528853476047516 -0.26708242297172546 -0.16206106543540955
0.30721741914749146 -0.3475353419780731 -0.017859704792499542
0.08858639001846313 -0.3318675756454468 -0.004896239377558231
0.08817899227142334 -0.21729500591754913 0.1103154867887497
-0.1931089162826538 -0.08584000915288925 0.13088205456733704
0.12192356586456299 -0.32542654871940613 -0.05328494682908058
-0.07615963369607925 -0.10654225945472717 0.21417298913002014
0.011479927226901054 -0.22186832129955292 0.2385905236005783
-0.11254628002643585 -0.2182779461145401 -0.08370426297187805
-0.22119267284870148 -0.06705392897129059 0.08826794475317001
-0.10121964663267136 -0.12056310474872589 -0.057741764932870865
0.06507506221532822 -0.28869855403900146 -0.17055542767047882
0.08306630700826645 -0.3021338880062103 -0.2317119836807251
0.01760280691087246 -0.3341023325920105 -0.08945239335298538
0.007183475885540247 -0.32200661301612854 -0.10716049373149872
-0.03210891783237457 -0.30148133635520935 0.09526022523641586
0.010933255776762962 -0.04886481910943985 -0.11551344394683838
0.15771296620368958 -0.2824016511440277 0.1410849392414093
-0.008984845131635666 -0.5148483514785767 -0.3308843672275543
0.13913436233997345 -0.17699360847473145 0.01368645578622818
0.1026722863316536 -0.055551331490278244 0.3683719336986542
0.03251921758055687 -0.31336575746536255 -0.0831070989370346
-0.2492913007736206 -0.23531164228916168 0.008640414103865623
0.2278069257736206 -0.2821820378303528 -0.24099200963974
-0.17112812399864197 0.03016100637614727 0.28420788049697876
0.10506656765937805 -0.24569138884544373 -0.054733242839574814
-0.09448199719190598 -0.16746269166469574 0.302070289850235
-0.03533271700143814 -0.3392851650714874 -0.07902307063341141
-0.2055004984140396 -0.20648281276226044 0.16322948038578033
0.019782857969403267 -0.2803334891796112 0.025639107450842857
0.06132696941494942 -0.2710464894771576 -0.12132249772548676
0.10061593353748322 -0.16758912801742554 -0.0049065472558140755
0.08926593512296677 -0.23193562030792236 -0.17636986076831818
0.1262890100479126 -0.2421184927225113 0.3583841919898987
0.14833228290081024 -0.32651886343955994 -0.061631280928850174
0.10225746035575867 -0.21729296445846558 0.06805798411369324
0.24489913880825043 -0.3688834011554718 0.12201820313930511
0.13145560026168823 -0.06417462229728699 -0.025485333055257797
0.007890477776527405 -0.1630176156759262 0.024454787373542786
0.1150050237774849 -0.06559528410434723 0.019032686948776245
0.10478156805038452 -0.3137185871601105 -0.09801339358091354
0.11118495464324951 -0.34334874153137207 0.0006075258133932948
0.18272970616817474 -0.32723701000213623 0.028055725619196892
-0.17772482335567474 -0.08563817292451859 0.13849563896656036
0.12075825035572052 -0.28519049286842346 -0.01762469857931137
0.09934037923812866 -0.15490485727787018 0.15803824365139008
0.23273223638534546 -0.3037215769290924 0.042663123458623886
-0.1633749157190323 -0.0370233878493309 0.11409427225589752
0.32642126083374023 -0.29103797674179077 -0.002070346148684621
0.007721452508121729 -0.23805029690265656 0.12435717135667801
-0.01568107306957245 -0.09412185102701187 -0.27788829803466797
-0.1156066432595253 -0.29866495728492737 -0.07883775979280472
-0.009217718616127968 -0.20381230115890503 0.03484201803803444
-0.18391790986061096 -0.2798324227333069 -0.20387360453605652
-0.052345648407936096 -0.29347702860832214 -0.18866826593875885
-0.2157587856054306 -0.2542729079723358 -0.12460630387067795
0.15941780805587769 -0.32728147506713867 0.06143740564584732
-0.2894253730773926 -0.060167159885168076 0.03702350705862045
0.1261194795370102 -0.27770406007766724 -0.0646316334605217
0.0780724287033081 -0.1298826038837433 0.17973542213439941
-0.005689196288585663 -0.08872982114553452 0.1412702053785324
0.1422213762998581 -0.04638175666332245 0.10645165294408798
-0.5345936417579651 -0.25018978118896484 -0.01156013272702694
0.1411811113357544 -0.16063562035560608 0.10881566256284714
-0.21705125272274017 -0.1760493665933609 0.1551130712032318
0.03908788040280342 -0.25790032744407654 0.06208218261599541
0.25628724694252014 -0.13795340061187744 0.09004972130060196
-0.0020971298217773438 -0.25043871998786926 0.062187451869249344
0.21064560115337372 -0.2750861644744873 0.0005490618059411645
0.24686144292354584 -0.17834137380123138 0.2301303744316101
-0.39791369438171387 -0.19653281569480896 -0.2888891398906708
0.3330179750919342 0.05807067081332207 -0.18979890644550323
0.13678941130638123 -0.3011971116065979 -0.10291679948568344
-0.20056281983852386 -0.005240281578153372 0.15234151482582092
0.1586722582578659 -0.2990361452102661 -0.15726950764656067
0.26634857058525085 0.2444286197423935 0.08672692626714706
0.0020580121781677008 -0.2878275215625763 -0.31388598680496216
-0.31919538974761963 -0.07995399087667465 -0.23405414819717407
0.0010468706022948027 -0.35758763551712036 -0.031190594658255577
0.07618583738803864 -0.31198781728744507 0.004874910227954388
0.0829969197511673 -0.3253944516181946 -0.049287065863609314
0.028646573424339294 0.003228383371606469 0.04306022822856903
0.19173789024353027 -0.08957529067993164 -0.05799010396003723
-0.12039519101381302 -0.015637554228305817 -0.02702777273952961
0.012237140908837318 -0.2963442802429199 0.008789479732513428
-0.056942082941532135 -0.26567456126213074 -0.01386207528412342
-0.18022648990154266 -0.044195398688316345 -0.18877685070037842
-0.04878208786249161 -0.186921164393425 0.18977369368076324
-0.13821998238563538 -0.144939124584198 -0.18484967947006226
-0.11931078881025314 -0.30919429659843445 -0.0667603611946106
-0.055108826607465744 -0.2852631211280823 -0.26751086115837097
-0.2126171737909317 -0.2571907341480255 -0.03157150000333786
-0.08309789001941681 -0.3038727641105652 0.08336428552865982
0.25857874751091003 -0.18455974757671356 -0.11485645174980164
0.0555359311401844 -0.14290280640125275 0.17989423871040344
0.22052249312400818 -0.1232113465666771 0.20657601952552795
0.11916179209947586 -0.3389160931110382 0.10948342829942703
0.022475387901067734 -0.22974570095539093 0.10272985696792603
0.25785377621650696 -0.2679115831851959 -0.19560882449150085
-0.06409862637519836 -0.32513728737831116 -0.06094343587756157
0.04291589558124542 -0.32792750000953674 0.05360943451523781
-0.1243290975689888 -0.3320642113685608 -0.0025522587820887566
0.12888045608997345 -0.29519304633140564 -0.04511445015668869
0.046334508806467056 -0.15236125886440277 0.15316319465637207
0.18715903162956238 0.04936886578798294 0.11401399224996567
0.14233547449111938 -0.05317569896578789 0.19054515659809113
0.26874950528144836 -0.3334158658981323 0.033052340149879456
-0.07352039963006973 -0.2513045370578766 0.05850687623023987
-0.2822229862213135 -0.18564525246620178 0.15421730279922485
0.31499484181404114 -0.2420843541622162 -0.3491605818271637
-0.08645682781934738 -0.26735374331474304 -0.14977100491523743
-0.05491068959236145 -0.2685815691947937 0.11466305702924728
-0.18497581779956818 -0.3024287521839142 -0.13619574904441833
-0.06131561100482941 0.057166215032339096 0.2598838806152344
-0.07267966121435165 -0.3324541747570038 0.013766869902610779
0.2577311396598816 -0.2808401882648468 -0.11160454154014587
-0.007863890379667282 -0.16885650157928467 -0.06433317065238953
-0.21118555963039398 -0.31752336025238037 -0.005897656548768282
-0.03855850547552109 -0.25923535227775574 -0.1768839955329895
-0.14299654960632324 0.09801773726940155 0.2434585839509964
0.004681657068431377 0.06289706379175186 0.3438350260257721
-0.07501579076051712 -0.2349475771188736 -0.19950315356254578
0.11615709960460663 -0.3025892376899719 0.0841473713517189
0.03442411869764328 0.019417788833379745 0.2172626107931137
0.19554167985916138 -0.29383835196495056 -0.03460969030857086
-0.17289209365844727 -0.20784132182598114 -0.021284107118844986
-0.26276353001594543 0.2734789550304413 -0.007560586091130972
0.1945492923259735 -0.3239773213863373 0.056423332542181015
0.0959073156118393 -0.3112282156944275 0.0031294007785618305
0.039262186735868454 -0.18588514626026154 -0.0188076701015234
-0.32536137104034424 -0.0714007318019867 -0.0227448008954525
0.07925877720117569 -0.19746480882167816 -0.03421517834067345
-0.06912767887115479 -0.04699280112981796 0.16107696294784546
0.05528286099433899 -0.3306085765361786 -0.06405520439147949
0.09774983674287796 -0.35808947682380676 -0.1813163459300995
-0.13780902326107025 -0.31907492876052856 -0.045267254114151
-0.18993034958839417 -0.2798493802547455 -0.1935989260673523
0.2271886169910431 -0.10953713953495026 -0.03277716040611267
-0.10920674353837967 -0.28186672925949097 -0.09290921688079834
0.017546027898788452 -0.24640928208827972 -0.008693877607584
-0.005583180580288172 -0.25290346145629883 0.09604331105947495
-0.009574642404913902 -0.2161320000886917 0.08391033113002777
0.14352163672447205 -0.2724720239639282 -0.2003464251756668
-0.17761912941932678 -0.29882943630218506 -0.13497000932693481
0.06434190273284912 -0.1574416160583496 0.2992384731769562
0.01722404547035694 -0.09090862423181534 0.3414003551006317
-0.10314599424600601 -0.10345516353845596 0.20371870696544647
0.07571125775575638 -0.15280774235725403 0.04240947961807251
0.15439334511756897 -0.30713656544685364 0.07168091833591461
-0.13734647631645203 -0.272426038980484 -0.33399534225463867
0.03440278023481369 -0.31838977336883545 0.006770200561732054
0.04514198377728462 -0.08762913942337036 -0.07358282059431076
0.08548975735902786 -0.22508303821086884 0.10487886518239975
-0.06832488626241684 -0.1949891299009323 0.1979101449251175
0.020102372393012047 -0.31363651156425476 0.042784519493579865
-0.32674068212509155 0.13107576966285706 0.05236724019050598
0.19235673546791077 -0.17896319925785065 0.052537303417921066
-0.02893715910613537 -0.32907044887542725 -0.03593885153532028
-0.012545036152005196 -0.30351975560188293 -0.06814665347337723
-0.00738212326541543 -0.16282886266708374 0.21783599257469177
-0.21905601024627686 -0.3754173219203949 0.09324008226394653
-0.033747632056474686 -0.20069344341754913 -0.16132813692092896
0.01837223581969738 -0.3257313072681427 -0.0778028592467308
0.032395001500844955 -0.30083194375038147 0.02271323837339878
-0.06480959057807922 -0.14399006962776184 -0.14129219949245453
0.011645162478089333 -0.18213017284870148 0.19651539623737335
0.04692536219954491 -0.15291424095630646 0.040814101696014404
0.08790545910596848 -0.2146299034357071 0.0746525228023529
0.001850767876021564 -0.34118425846099854 -0.050000566989183426
0.04315638542175293 -0.27171921730041504 -0.22793607413768768
-0.1694842427968979 -0.243840754032135 0.16232524812221527
-0.14308108389377594 -0.31132400035858154 0.02709204889833927
-0.11807050555944443 0.06255234032869339 0.4454139173030853
0.13830913603305817 -0.26073533296585083 -0.16213613748550415
0.0005762539221905172 -0.27853667736053467 -0.23634366691112518
-0.03789506107568741 -0.12294436246156693 0.05862162262201309
0.013771550729870796 -0.33938154578208923 0.016024654731154442
0.01902630366384983 -0.33148252964019775 0.03711787611246109
0.27761122584342957 -0.1685236245393753 -0.14700879156589508
0.027199961245059967 -0.30043578147888184 -0.04311751574277878
0.11174887418746948 -0.2690320312976837 0.03395543619990349
0.144976407289505 -0.2856638729572296 -0.15640856325626373
0.09665130078792572 -0.1399323046207428 0.17765608429908752
-0.02179614081978798 -0.036578502506017685 0.27077242732048035
-0.10863558202981949 -0.26435568928718567 -0.20830173790454865
-0.21740272641181946 -0.23075969517230988 -0.00010574469342827797
0.25673234462738037 -0.3272091746330261 0.13725705444812775
-0.12021730095148087 -0.2534634470939636 -0.06736642122268677
0.17512258887290955 -0.1620876044034958 -0.29622727632522583
-0.3613280951976776 0.26204913854599 0.12988203763961792
0.10358286648988724 -0.19953398406505585 0.06105921044945717
-0.0984511524438858 -0.18965059518814087 -0.11163961887359619
-0.023123906925320625 -0.1666475385427475 -0.060490064322948456
-0.14464546740055084 -0.23081479966640472 0.09636501222848892
-0.17387311160564423 -0.03693113476037979 0.3561895191669464
-0.44916534423828125 -0.059746962040662766 -0.27974340319633484
0.04215649142861366 -0.2633126974105835 -0.1817103922367096
0.24535316228866577 -0.21916165947914124 -0.13379378616809845
0.1220184713602066 0.026442185044288635 0.21211549639701843
-0.03960137069225311 0.10172081738710403 0.3042294979095459
0.08503308147192001 -0.22098471224308014 -0.06730188429355621
-0.05946502834558487 -0.18492810428142548 0.3473272919654846
-0.1077706515789032 -0.298848420381546 -0.11655648052692413
-0.08978641033172607 -0.21786744892597198 0.287186861038208
0.143745556473732 -0.24430431425571442 -0.16061116755008698
0.0533558689057827 -0.11793448030948639 0.13481061160564423
-0.13935469090938568 0.16562233865261078 0.254835844039917
0.04999393969774246 -0.2884765565395355 -0.18389150500297546
0.17491814494132996 -0.28880083560943604 -0.23174218833446503
0.16255918145179749 -0.33988893032073975 0.005398397333920002
0.08740826696157455 -0.2548364996910095 0.11018824577331543
0.04910510405898094 -0.07917755097150803 0.012141648679971695
0.07546022534370422 -0.07627472281455994 0.023740753531455994
-0.0927550196647644 -0.1165035218000412 -0.15795809030532837
-0.06022008880972862 -0.34938523173332214 0.05892959609627724
-0.02072737365961075 -0.19400040805339813 -0.08949368447065353
0.015234215185046196 -0.2593848705291748 0.12260391563177109
0.0015174115542322397 -0.2880871295928955 -0.10236738622188568
-0.028009718284010887 -0.34431105852127075 -0.03185993432998657
-0.3559187650680542 -0.1895517110824585 0.03842722624540329
-0.04929445683956146 -0.15508249402046204 0.16578157246112823
0.08025256544351578 -0.11818413436412811 0.15571974217891693
0.028938818722963333 -0.26539069414138794 0.041895560920238495
-0.18553800880908966 -0.1613977700471878 0.15442563593387604
-0.038749706000089645 -0.28015124797821045 -0.33121025562286377
-0.10014022141695023 -0.32440125942230225 0.11936543136835098
-0.13312272727489471 0.1591213047504425 0.003386454889550805
-0.13054639101028442 -0.22652123868465424 0.10487940907478333
0.12884421646595 -0.2005511224269867 -0.3830309212207794
0.13096077740192413 -0.04070067033171654 0.11170343309640884
0.09009746462106705 -0.2735331952571869 -0.12351910024881363
0.18418322503566742 0.0929092988371849 0.17033497989177704
-0.0634588971734047 -0.26609548926353455 -0.13835391402244568
0.06284000724554062 -0.28410905599594116 0.17248252034187317
-0.1352268010377884 0.027602529153227806 0.25592297315597534
0.00837014615535736 -0.32308170199394226 -0.03937873616814613
0.1097046285867691 0.024953918531537056 0.4523299038410187
-0.22283054888248444 -0.2610010504722595 0.1777937114238739
0.03711998462677002 -0.23076018691062927 0.1437120884656906
-0.022941648960113525 -0.33131787180900574 -0.12049121409654617
0.05590111389756203 -0.25967487692832947 -0.1760631948709488
0.09692852199077606 -0.3935137689113617 -0.3072587549686432
0.018815843388438225 -0.015492275357246399 0.1425136774778366
-0.12210304290056229 -0.23423124849796295 -0.012888139113783836
0.03955556079745293 -0.0816555991768837 0.014559861272573471
-0.15726034343242645 -0.1830473095178604 -0.08219348639249802
-0.17263908684253693 -0.03806285932660103 -0.27279898524284363
-0.016762467101216316 0.053336866199970245 0.07693945616483688
-0.11009450256824493 -0.14776206016540527 0.027208665385842323
-0.08519363403320312 -0.27687352895736694 -0.16806238889694214
0.05839313194155693 0.062436483800411224 0.43474146723747253
0.061885762959718704 -0.32377153635025024 0.05406399816274643
-0.0009863737504929304 0.25530895590782166 0.2094510942697525
0.05793919414281845 -0.1344480961561203 0.15117321908473969
0.07756383717060089 -0.14259517192840576 -0.16305911540985107
-0.13390059769153595 0.07525714486837387 -0.07299969345331192
-0.0169063750654459 -0.3377818465232849 0.02210131473839283
-0.13275150954723358 -0.2656227648258209 -0.037948258221149445
0.02841927669942379 -0.2659873366355896 -0.054184332489967346
0.17167456448078156 0.04442714527249336 0.26318398118019104
0.05578136816620827 -0.31799858808517456 0.044355571269989014
-0.11180350929498672 -0.11338349431753159 0.10402998328208923
-0.09186895936727524 -0.23929613828659058 -0.07495802640914917
0.14405161142349243 -0.24846211075782776 0.019101550802588463
0.0602400042116642 -0.12696805596351624 -0.06909173727035522
0.03777352720499039 -0.23984628915786743 0.010017301887273788
-0.11170811951160431 -0.3153855502605438 -0.12809409201145172
0.142896831035614 -0.2620563209056854 0.12942832708358765
-0.18973910808563232 -0.10528863966464996 0.06681157648563385
0.14384469389915466 -0.20292928814888 -0.07531927525997162
0.23391154408454895 -0.29939550161361694 0.03947097063064575
-0.1331874579191208 -0.15834666788578033 0.298784077167511
-0.03267962485551834 -0.31809404492378235 -0.023694830015301704
-0.047979552298784256 -0.15706254541873932 0.1737011820077896
0.07778940349817276 -0.24122057855129242 -0.14147910475730896
0.09055168181657791 -0.2986580431461334 -0.011905461549758911
0.03813286870718002 -0.3480108678340912 -0.0007469747215509415
0.30901646614074707 -0.21193638443946838 0.19934400916099548
-0.13736103475093842 -0.104661725461483 -0.0527014322578907
0.11956755071878433 -0.32006973028182983 0.047972362488508224
-0.02383878082036972 -0.2967519164085388 0.10463019460439682
-0.17274627089500427 -0.3326990008354187 0.0027413840871304274
0.07596186548471451 -0.2197389155626297 -0.31385931372642517
0.01581765152513981 -0.36357739567756653 0.08782430738210678
0.007827846333384514 -0.23214882612228394 -0.13230061531066895
0.028977354988455772 -0.16641388833522797 -0.17637544870376587
0.07528606057167053 -0.0268960352987051 0.18680475652217865
-0.42446187138557434 -0.3427240252494812 0.035739682614803314
-0.13879288733005524 -0.08566392958164215 -0.014659911394119263
-0.03022807464003563 -0.32432934641838074 -0.06031859293580055
0.08108721673488617 -0.3309263288974762 -0.057498760521411896
-0.14182569086551666 -0.2726077139377594 0.13607655465602875
-0.005147974938154221 -0.2906396985054016 -0.04107453301548958
0.07117332518100739 -0.07945152372121811 -0.097015880048275
0.10198299586772919 -0.3231770992279053 0.022718334570527077
0.027952993288636208 -0.09007225930690765 -0.13870251178741455
-0.046234142035245895 -0.26627737283706665 0.01919327676296234
0.03520703688263893 -0.32696858048439026 -0.14278559386730194
-0.1280958205461502 -0.2193489968776703 -0.059710320085287094
-0.15054619312286377 -0.31801488995552063 -0.017007164657115936
-0.22260412573814392 0.19555893540382385 0.024938127025961876
-0.18080654740333557 -0.18354393541812897 0.2565297782421112
0.2500106394290924 -0.30961373448371887 -0.21805539727210999
-0.024508781731128693 -0.3056086003780365 0.06178595498204231
-0.21948441863059998 0.053246498107910156 0.2666874825954437
-0.028602154925465584 -0.05835454910993576 -0.27170276641845703
0.18308281898498535 -0.25737494230270386 -0.11466021835803986
0.18829704821109772 -0.18477435410022736 -0.14418883621692657
-0.333356648683548 0.0026991688646376133 0.03641903027892113
-0.17326292395591736 -0.03329538181424141 -0.3193044066429138
0.05721667781472206 -0.2971108555793762 -0.2392224669456482
0.06712055206298828 -0.34309566020965576 0.06044306978583336
0.2178698480129242 0.0858740285038948 0.2955617308616638
0.14330050349235535 -0.24078771471977234 -0.015580534934997559
-0.0824008360505104 -0.31639766693115234 -0.017687004059553146
0.1303807497024536 -0.16395466029644012 0.09627514332532883
0.1996116042137146 -0.30721956491470337 0.06010882183909416
-0.13245292007923126 -0.3206220269203186 0.0077213929034769535
-0.15653863549232483 -0.17151032388210297 0.0821755975484848
-0.08066605031490326 -0.21336349844932556 0.03896714374423027
0.07709226757287979 -0.26231324672698975 -0.12104444205760956
-0.2916020452976227 -0.11883240938186646 -0.28786683082580566
-0.04409610480070114 -0.29074764251708984 0.11942273378372192
0.1050981804728508 0.16950763761997223 0.09126947075128555
0.02815810963511467 -0.17418433725833893 -0.12051143497228622
-0.026823576539754868 -0.3266187906265259 -0.012976333498954773
-0.004855655133724213 -0.1517789363861084 0.1752283126115799
0.18626058101654053 -0.15795063972473145 0.0826152041554451
-0.18317531049251556 -0.17569579184055328 0.12630301713943481
-0.00823996216058731 -0.31877991557121277 -0.16981752216815948
0.22735193371772766 -0.30450984835624695 -0.01986594870686531
-0.09349583089351654 0.0907646119594574 0.294683575630188
0.08047778159379959 -0.1828870177268982 -0.245535746216774
-0.2705652415752411 -0.11191776394844055 -0.03904176130890846
0.0021074218675494194 -0.2154678851366043 0.020636430010199547
-0.02729705348610878 -0.296659380197525 0.03770429268479347
-0.04044155403971672 -0.10119228810071945 0.2135288268327713
0.18731209635734558 -0.3539137542247772 0.06739881634712219
0.20496612787246704 -0.17609785497188568 0.15869805216789246
0.23562926054000854 -0.22772063314914703 -0.15668874979019165
0.012588851153850555 -0.13070914149284363 0.29356324672698975
-0.3556130528450012 0.1664508879184723 0.23078134655952454
0.18772384524345398 -0.33771926164627075 -0.2194816619157791
-0.16315144300460815 -0.0881374403834343 -0.10606133937835693
-0.0025197798386216164 -0.3523741066455841 -0.019168546423316002
0.137375146150589 -0.05127522721886635 0.048680923879146576
0.09644851833581924 -0.2981841564178467 -0.002457693684846163
0.15957722067832947 -0.2816525399684906 -0.15526242554187775
-0.15278685092926025 -0.196170836687088 -0.21451228857040405
0.12769336998462677 -0.1395154446363449 -0.18838398158550262
0.12664422392845154 -0.319421648979187 0.05631266534328461
0.12423903495073318 -0.20777066051959991 0.20423361659049988
0.08463399857282639 -0.3066090941429138 0.038215070962905884
0.05521262809634209 -0.09552263468503952 -0.1649610847234726
0.2717089056968689 -0.053871750831604004 -0.04839346557855606
-0.10975455492734909 -0.2798241376876831 -0.10182781517505646
0.09413579851388931 -0.2677876949310303 0.10599146783351898
-0.44487664103507996 -0.0707295760512352 -0.024726826697587967
-0.17903798818588257 -0.33900877833366394 -0.0025515002198517323
0.020541656762361526 -0.05483543127775192 0.2658364474773407
-0.011100223287940025 -0.2325027883052826 0.10116845369338989
0.21531111001968384 0.07579458504915237 -0.07536905258893967
-0.09581926465034485 -0.3055988550186157 -0.04475175216794014
-0.1385650932788849 -0.29832956194877625 0.1718764752149582
0.004805471748113632 -0.27171841263771057 0.09516780823469162
-0.06152807176113129 -0.22676779329776764 -0.06533373147249222
-0.13502265512943268 0.12163052707910538 0.41409966349601746
0.03690451756119728 -0.1480015069246292 0.11131665110588074
0.1450251042842865 -0.35584867000579834 0.16272398829460144
-0.16351625323295593 -0.2715483605861664 -0.17753081023693085
0.03219994902610779 -0.2735038995742798 -0.044446852058172226
-0.2101788967847824 0.005418846383690834 0.17337988317012787
-0.044774193316698074 -0.21391476690769196 -0.2551318109035492
-0.08235500007867813 -0.307654470205307 -0.07805585116147995
0.03814229369163513 -0.04128466919064522 0.17045389115810394
-0.1416623890399933 -0.005975734442472458 0.22030757367610931
0.026620568707585335 -0.31419500708580017 -0.03815547376871109
0.24259686470031738 -0.1680298149585724 -0.07971201092004776
-0.20688313245773315 -0.16334013640880585 -0.23527255654335022
0.21273988485336304 -0.25611209869384766 0.22538122534751892
-0.057909831404685974 -0.24578511714935303 -0.10585115104913712
-0.029501087963581085 -0.25792616605758667 -0.18281422555446625
0.25472426414489746 -0.268740713596344 -0.20772211253643036
-0.06457455456256866 -0.309234082698822 -0.1587829887866974
-0.3895273804664612 0.14046575129032135 -0.045031365007162094
0.032441359013319016 -0.22570542991161346 0.14789806306362152
0.05015832558274269 -0.2700391113758087 -0.07023337483406067
0.2012941539287567 -0.30185723304748535 0.06951858848333359
-0.0734315738081932 -0.274612694978714 -0.20984506607055664
0.14878873527050018 -0.010000400245189667 0.2633534073829651
-0.02306499518454075 -0.04564380645751953 0.20115439593791962
-0.11314406991004944 -0.26363465189933777 -0.794371485710144
-0.20182456076145172 -0.33783894777297974 0.07675512880086899
-0.21987833082675934 -0.29695820808410645 -0.03983458876609802
0.09954926371574402 -0.3109416663646698 -0.008748767897486687
-0.0746212899684906 -0.2833119034767151 0.07509847730398178
-0.2699306905269623 0.0017481590621173382 0.045109327882528305
0.2914891541004181 -0.27549630403518677 0.06626417487859726
-0.2165539413690567 -0.09158670902252197 0.006446791812777519
0.03030266985297203 -0.21813195943832397 0.012888098135590553
0.1330382376909256 -0.16412769258022308 -0.07657840102910995
0.19143810868263245 -0.0881219357252121 0.09761156141757965
-0.2540436387062073 -0.19517700374126434 -0.05538715794682503
0.15868352353572845 -0.23368431627750397 0.11085300147533417
-0.014065060764551163 -0.15417924523353577 0.1177339106798172
0.09346727281808853 -0.18203969299793243 -0.1146823838353157
-0.06175187975168228 0.00811856985092163 0.2790330946445465
-0.08368421345949173 -0.19000767171382904 0.1279217004776001
-0.02649749256670475 -0.30354174971580505 -0.22348542511463165
0.06913550943136215 -0.21945612132549286 -0.018639348447322845
0.04767414927482605 -0.2242177426815033 -0.09923160821199417
0.04152815043926239 -0.11186856776475906 -0.1473768949508667
-0.1102830171585083 -0.2030511349439621 0.22761893272399902
-0.050318438559770584 -0.10613222420215607 0.01638365536928177
-0.0682624876499176 -0.223110631108284 -0.12754838168621063
-0.012811286374926567 -0.1928422451019287 0.2513962388038635
0.10310181230306625 -0.31354692578315735 0.14598332345485687
0.06523053348064423 -0.18380136787891388 -0.0665433406829834
0.05465538799762726 -0.23782165348529816 0.04551452770829201
0.3702460527420044 -0.352886825799942 -0.18015365302562714
0.12886297702789307 -0.30213141441345215 -0.010462308302521706
0.08160717040300369 -0.31721001863479614 -0.03731874004006386
-0.29332998394966125 -0.16936440765857697 0.1286410093307495
-0.013112517073750496 -0.1023436039686203 0.28980013728141785
0.20213204622268677 -0.09362338483333588 0.13824579119682312
0.14752136170864105 -0.2957007586956024 -0.018681390210986137
-0.01092454046010971 -0.3268671929836273 -0.06897705048322678
0.0073869191110134125 -0.12861382961273193 0.11044585704803467
0.09942858666181564 -0.15114395320415497 -0.23217305541038513
0.08873379975557327 -0.18299615383148193 -0.04285348951816559
0.17941486835479736 -0.13338394463062286 -0.07186510413885117
-0.18651539087295532 -0.26396700739860535 -0.12796556949615479
