ply
format ascii 1.0
element vertex 2048
property float x
property float y
property float z
end_header
0.2350936233997345 -0.12632828950881958 -0.16521117091178894
-0.02368413284420967 -0.20663292706012726 -0.021720338612794876
0.060194194316864014 -0.31514787673950195 -0.03427817299962044
0.10613611340522766 -0.3343883454799652 -0.05579174682497978
-0.007493808399885893 -0.3452729284763336 -0.003773327451199293
0.2095993459224701 -0.13525906205177307 -0.10564449429512024
0.28149569034576416 -0.3506259322166443 -0.018241778016090393
0.28463345766067505 0.19515059888362885 0.18763385713100433
-0.015341082587838173 -0.3149266839027405 -0.07798220962285995
0.05555754899978638 -0.32962897419929504 -0.02779632806777954
0.013176852837204933 -0.20447072386741638 0.2850109934806824
0.00032864464446902275 -0.19076776504516602 -0.09922639280557632
0.1187414601445198 -0.3057727813720703 0.03060503676533699
0.00790681503713131 -0.2485579550266266 0.09100426733493805
-0.09416426718235016 -0.061707448214292526 0.09756594896316528
-0.013607004657387733 -0.27556902170181274 0.05416036769747734
0.10241030156612396 -0.16365712881088257 0.1906745433807373
-0.13636966049671173 0.12838582694530487 0.08026602119207382
0.03068782389163971 -0.2964863181114197 -0.24728994071483612
0.1432897299528122 -0.24324101209640503 -0.053306322544813156
0.029696380719542503 -0.20936785638332367 -0.1625966876745224
-0.05920201167464256 -0.3691937327384949 0.00621796865016222
-0.041844069957733154 0.10414418578147888 0.47505828738212585
-0.23925799131393433 -0.14765647053718567 0.07263100892305374
0.3075276017189026 0.033370453864336014 -0.16168634593486786
-0.14021210372447968 -0.24281728267669678 -0.27610740065574646
-0.2927554249763489 -0.22733715176582336 0.12428659200668335
0.16575200855731964 -0.09721282869577408 0.08496803045272827
0.020934933796525 -0.3015926480293274 -0.14053677022457123
0.12466683238744736 -0.33402734994888306 0.07429023832082748
0.13820326328277588 -0.15349778532981873 0.052208222448825836
0.06079167127609253 -0.252898633480072 0.025965137407183647
0.011965209618210793 -0.27666354179382324 -0.07880730926990509
-0.14516471326351166 0.05964367464184761 0.16352742910385132
0.1614348292350769 -0.31813564896583557 0.0620613768696785
-0.16259492933750153 0.03649877384305 0.3148544728755951
-0.051626089960336685 -0.21726755797863007 -0.08943933248519897
0.03591734543442726 -0.16317866742610931 0.20966240763664246
-0.01493849977850914 -0.05209047719836235 0.1098434180021286
0.09370087087154388 -0.3593190908432007 0.01845414936542511
0.03616635873913765 -0.22688031196594238 0.17312683165073395
0.15016283094882965 -0.04561256989836693 0.14170369505882263
0.04662023484706879 -0.3211894929409027 0.11157497763633728
0.19232000410556793 -0.30594751238822937 0.05203291028738022
-0.23749475181102753 -0.14830681681632996 0.2399803102016449
0.2543027102947235 -0.2290712594985962 -0.052126966416835785
-0.09278369694948196 -0.2025631219148636 0.18980997800827026
-0.3230724334716797 -0.2589138448238373 0.06584420055150986
0.06965383142232895 -0.31646743416786194 -0.10505286604166031
-0.1251257210969925 -0.24019695818424225 0.15902240574359894
-0.02202794700860977 -0.03387731313705444 -0.15888266265392303
-0.015374420210719109 -0.30611321330070496 -0.13742683827877045
-0.2281462550163269 -0.11380093544721603 -0.15269699692726135
-0.12057823687791824 -0.34341928362846375 -0.019172752276062965
0.19041430950164795 -0.27539771795272827 0.05987926200032234
0.21019059419631958 -0.2995587885379791 -0.12874381244182587
-0.026775827631354332 -0.2639126181602478 0.128498375415802
0.14574365317821503 -0.3099914789199829 0.07949690520763397
0.3107004761695862 -0.1366511881351471 0.030937522649765015
0.10559391975402832 -0.1544535756111145 0.17813816666603088
-0.20820468664169312 -0.17187727987766266 0.060890138149261475
0.10365761071443558 -0.3043301999568939 -0.03424456715583801
-0.062146782875061035 -0.27231690287590027 0.03239506110548973
-0.0792912095785141 -0.17924290895462036 0.02848661318421364
0.07493472099304199 -0.16200819611549377 -0.013683019205927849
-0.046773169189691544 -0.31717807054519653 -0.07190360873937607
-0.031327806413173676 -0.159024178981781 0.11717823147773743
0.08169904351234436 -0.3227401673793793 0.031259410083293915
-0.10441482067108154 -0.1629718840122223 0.09379056841135025
-0.0006539695896208286 -0.3153006434440613 -0.1123027577996254
-0.3579299747943878 -0.2739965617656708 0.023011231794953346
-0.03740134462714195 -0.18375834822654724 -0.23272815346717834
-0.009646439924836159 -0.30657392740249634 -0.07543128728866577
-0.05542844161391258 -0.2245454043149948 0.14809904992580414
-0.19637209177017212 -0.23060478270053864 0.09166261553764343
-0.25161147117614746 -0.2893950939178467 0.08983582258224487
0.06904836744070053 -0.31675297021865845 -0.19777293503284454
0.023854248225688934 -0.003616811241954565 0.22823865711688995
0.212924525141716 -0.3025308847427368 -0.09464408457279205
-0.261261522769928 -0.06215998902916908 0.24569787085056305
-0.046695467084646225 -0.022548144683241844 0.07811832427978516
0.044955749064683914 -0.2927844524383545 -0.02068483456969261
-0.18223285675048828 -0.22461117804050446 -0.05485542118549347
0.014555634930729866 -0.1494649201631546 0.28399088978767395
0.12431874126195908 -0.17864245176315308 0.14288824796676636
0.16497169435024261 -0.07333080470561981 0.02963145636022091
0.003006165847182274 -0.35265418887138367 -0.003935066983103752
-0.03825388103723526 -0.2863059341907501 -0.356766939163208
-0.08333331346511841 -0.3149223327636719 0.053323909640312195
0.20939069986343384 -0.25444114208221436 0.045127253979444504
0.3532790243625641 -0.24481549859046936 0.01294865645468235
0.3487628102302551 -0.24664734303951263 0.004528617952018976
-0.02910109981894493 -0.061449576169252396 0.20359143614768982
-0.08725664019584656 -0.322898805141449 -0.08928065001964569
-0.24944230914115906 -0.19102565944194794 0.19825701415538788
0.2533513903617859 -0.17022554576396942 0.18979541957378387
-0.24533706903457642 -0.18619507551193237 -0.28112971782684326
-0.1800103783607483 -0.1813802272081375 0.09611649066209793
0.2651240825653076 -0.2867515981197357 -0.003953025210648775
0.18434648215770721 -0.3181702494621277 0.2957223057746887
-0.46690934896469116 0.16037970781326294 -0.1802748143672943
-0.22039073705673218 -0.14848317205905914 -0.00422328757122159
-0.008811522275209427 -0.17070527374744415 0.3179176449775696
0.0446687676012516 -0.1924324780702591 -0.49693983793258667
0.17039667069911957 -0.17971938848495483 -0.046170782297849655
0.07449541240930557 -0.19973213970661163 0.0321325808763504
-0.0838434174656868 -0.008641336113214493 0.20800282061100006
0.14746001362800598 -0.314273864030838 0.0309744905680418
-0.016112351790070534 -0.2812252938747406 0.004750237800180912
-0.0029011666774749756 -0.2092689573764801 -0.30177587270736694
0.11097897589206696 -0.1169687956571579 0.05813218653202057
0.11608006805181503 -0.11454685777425766 0.03943948820233345
0.04018621891736984 -0.2515220642089844 -0.23480743169784546
-0.12238799780607224 -0.25627729296684265 -0.07896824926137924
0.06736095249652863 -0.3118799328804016 0.07447375357151031
-0.061353571712970734 -0.08940423280000687 -0.05457211285829544
0.06810259073972702 -0.12479036301374435 0.01493983156979084
0.10672982037067413 -0.2767776548862457 -0.2723735570907593
0.19066132605075836 -0.20422935485839844 -0.13088937103748322
-0.029264183714985847 -0.11124677956104279 0.021929599344730377
-0.16048763692378998 -0.2473202794790268 0.154510498046875
0.0050268922932446 -0.24649707973003387 -0.23279651999473572
-0.01171451061964035 -0.3415786623954773 -0.04833498224616051
0.24191580712795258 -0.2542491555213928 0.11866948008537292
-0.028727348893880844 -0.05173718184232712 0.29829150438308716
-0.1516711413860321 -0.1301870346069336 -0.14223279058933258
-0.1845705509185791 -0.19420702755451202 -0.05553008243441582
0.014900259673595428 -0.30200091004371643 0.02137375995516777
0.08298485726118088 -0.14833824336528778 0.18518520891666412
0.0426044799387455 -0.10597692430019379 0.1521357148885727
0.12222880870103836 -0.3266655206680298 -0.06450033187866211
0.18181049823760986 -0.1479528844356537 -0.013833561912178993
0.34614044427871704 -0.2811759412288666 -0.034465156495571136
-0.03949185460805893 -0.29694223403930664 -0.10293513536453247
0.12412802875041962 -0.011407207697629929 0.06136351451277733
0.028787096962332726 -0.29428669810295105 0.17529472708702087
0.05729397386312485 -0.1200529932975769 0.12274046242237091
-0.1848127394914627 -0.183353453874588 0.19186721742153168
-0.09572280943393707 -0.23691731691360474 -0.2760664224624634
-0.17571797966957092 0.10291673988103867 0.41508540511131287
-0.0012188078835606575 -0.02274685725569725 -0.021940508857369423
0.11907562613487244 -0.2991068363189697 -0.15809117257595062
0.11640460044145584 -0.3181602954864502 0.08134513348340988
0.0456857904791832 -0.22403156757354736 0.0467517226934433
-0.2675331234931946 -0.2562643587589264 -0.2504587769508362
0.0557103231549263 -0.2844683527946472 0.08010473847389221
-0.1417761892080307 -0.2800191044807434 -0.15854796767234802
-0.013378061354160309 -0.33374401926994324 -0.0885077714920044
0.19708457589149475 -0.3216046988964081 0.08933750540018082
0.18973131477832794 -0.03918977826833725 0.20391139388084412
0.21505266427993774 -0.25509464740753174 -0.17193610966205597
0.07073061168193817 -0.2917880415916443 0.04428565129637718
-0.18220914900302887 -0.27238166332244873 -0.22086547315120697
-0.0881955549120903 -0.3075893521308899 0.03205164894461632
0.08004548400640488 -0.27436888217926025 0.12145495414733887
-0.1868550330400467 -0.2760181427001953 -0.21200411021709442
-0.07559767365455627 -0.28479984402656555 0.1364482045173645
0.009751478210091591 -0.3216841220855713 -0.09767945855855942
-0.1423332393169403 -0.33169490098953247 -0.0076882620342075825
0.0031031121034175158 -0.08550872653722763 0.052229996770620346
-0.13006898760795593 -0.22949764132499695 0.10271638631820679
0.01277952827513218 -0.11003106087446213 -0.014650743454694748
0.06459984183311462 -0.15438741445541382 0.14261308312416077
-0.13707706332206726 -0.14623022079467773 0.23541481792926788
-0.17617902159690857 -0.3332579731941223 0.08437548577785492
0.08956658095121384 -0.30564600229263306 0.029419733211398125
-0.814854085445404 -0.18214958906173706 -0.009479954838752747
0.15457315742969513 -0.10291388630867004 0.025275232270359993
0.029321439564228058 -0.20579952001571655 -0.029429759830236435
-0.08366633951663971 -0.32198503613471985 -0.11466169357299805
-0.25967106223106384 -0.00522338692098856 -0.2066565603017807
0.19957944750785828 -0.29832738637924194 -0.12785682082176208
0.05034550651907921 -0.18005001544952393 0.26512402296066284
0.08636228740215302 -0.39158895611763 0.11031147092580795
0.12488293647766113 -0.12625300884246826 0.3501405417919159
0.1235814243555069 -0.07728921622037888 0.10760102421045303
-0.11025065183639526 -0.26761025190353394 0.11459172517061234
0.08210629969835281 -0.31280481815338135 0.05341331660747528
0.2147199660539627 -0.2882746458053589 0.02962876297533512
-0.18078851699829102 -0.23938500881195068 -0.21130332350730896
0.021813780069351196 0.06263643503189087 0.04968641325831413
0.13829369843006134 0.13387808203697205 -0.04421805217862129
0.008916030637919903 -0.3038094639778137 0.11385148763656616
0.14039433002471924 -0.03578251972794533 -0.0034084953367710114
-0.2440522462129593 -0.08579675853252411 -0.2906794548034668
0.2504693567752838 -0.29685482382774353 0.05803912132978439
0.10679382085800171 -0.15061460435390472 0.11437144130468369
0.16251732409000397 0.08302827179431915 0.2582302689552307
-0.09696898609399796 -0.053428731858730316 -0.20435921847820282
0.029788106679916382 -0.42492690682411194 0.04201124981045723
-0.03413212671875954 -0.3257502317428589 0.0690729171037674
-0.005437037441879511 -0.299378901720047 -0.09039773046970367
-0.1227881982922554 -0.25402477383613586 -0.21659617125988007
0.2174404412508011 -0.2839104235172272 0.09157806634902954
-0.0032891221344470978 -0.2405800223350525 -0.02525295317173004
-0.1880313605070114 -0.21349692344665527 0.003500044811517
-0.17215274274349213 -0.28748181462287903 0.11550434678792953
-0.046437110751867294 -0.33923545479774475 0.03008796088397503
0.0778200551867485 -0.31641361117362976 -0.02706369385123253
0.44198882579803467 -0.31593891978263855 -0.0693400502204895
0.06311395764350891 0.032081980258226395 0.10932201892137527
0.13162298500537872 -0.14527404308319092 0.1277056634426117
0.09969861060380936 -0.29010340571403503 0.057499952614307404
-0.19318318367004395 -0.21110950410366058 -0.04062570631504059
-0.3491639196872711 -0.23046082258224487 0.016165858134627342
-0.25220316648483276 -0.09845290333032608 -0.1624203771352768
-0.005025222897529602 -0.28502869606018066 -0.3096903860569
0.191983163356781 -0.3293219208717346 0.07129888981580734
-0.020126692950725555 -0.2592957019805908 -0.03182316944003105
0.1386416256427765 -0.20343175530433655 0.06879153102636337
0.15108011662960052 -0.2716112732887268 -0.14208322763442993
0.14666372537612915 -0.026654791086912155 0.10577709972858429
-0.11780987679958344 -0.04611082747578621 0.3436134457588196
0.10126753896474838 -0.2181222289800644 0.17132315039634705
-0.17817150056362152 -0.15134263038635254 -0.15939855575561523
0.13175055384635925 -0.3188011050224304 -0.002805860247462988
0.14753703773021698 -0.26751506328582764 0.029529482126235962
0.005477037280797958 -0.3028346598148346 -0.1598006635904312
0.08991052955389023 0.010652614757418633 0.12219260632991791
0.23035041987895966 -0.16117067635059357 -0.032939597964286804
0.2258441001176834 -0.011365057900547981 0.3135469853878021
0.143406480550766 -0.2892899513244629 -0.1888369470834732
-0.12195024639368057 -0.07746287435293198 0.054299283772706985
0.0328657329082489 -0.2895019054412842 0.00702486140653491
-0.062310345470905304 -0.21427561342716217 0.11071782559156418
-0.09255362302064896 -0.16151006519794464 0.21945475041866302
0.00877366028726101 -0.07506000250577927 0.20860496163368225
0.06558632105588913 -0.25372961163520813 -0.23605819046497345
0.1417062133550644 -0.1134849488735199 0.11681760847568512
-0.06934763491153717 -0.12861864268779755 0.32563573122024536
-0.2358083575963974 0.08486627042293549 -0.06793239712715149
0.1586081087589264 0.08894812315702438 0.19212983548641205
-0.03655928373336792 -0.34876489639282227 -0.05604018270969391
0.0707014948129654 -0.16334354877471924 -0.18921039998531342
0.16379861533641815 -0.16603559255599976 0.13910214602947235
-0.05365363135933876 -0.3383036255836487 0.07264815270900726
-0.017754530534148216 -0.10442864149808884 -0.016215097159147263
0.07159974426031113 -0.22953639924526215 0.11557468771934509
-0.03301456570625305 -0.26132333278656006 0.017781708389520645
-0.1785186231136322 -0.19779551029205322 0.08984596282243729
0.05698193237185478 -0.2999178171157837 -0.23349528014659882
-0.170232892036438 0.00471744779497385 0.12705762684345245
-0.13462276756763458 -0.3575115203857422 -0.005300602409988642
0.25674280524253845 -0.12066982686519623 -0.05924035236239433
-0.04440698027610779 -0.13438065350055695 -0.06146640703082085
0.02022841013967991 -0.25615453720092773 -0.06559450924396515
-0.3870185315608978 0.3378153443336487 0.13600946962833405
0.013764921575784683 -0.07497010380029678 0.07844483107328415
0.001113851205445826 -0.1967502385377884 0.01235118880867958
0.1361377239227295 -0.27479732036590576 0.004475963301956654
0.12889035046100616 -0.29289135336875916 0.04526514187455177
-0.08065677434206009 -0.00047189590986818075 0.22227996587753296
-0.10600735247135162 -0.29939451813697815 0.24871692061424255
-0.2849142849445343 -0.21007560193538666 0.06989764422178268
-0.10252093523740768 -0.31613579392433167 -0.10485498607158661
0.08304109424352646 -0.16103306412696838 0.0004582274705171585
0.028906051069498062 -0.3297739624977112 -0.07834089547395706
0.15141238272190094 -0.32323944568634033 0.03690693899989128
-0.042413197457790375 -0.20274411141872406 -0.005710335914045572
-0.034544721245765686 -0.22937916219234467 0.023164574056863785
-0.030038010329008102 -0.27272096276283264 0.10542066395282745
0.043787844479084015 -0.07986670732498169 0.047686316072940826
0.057408399879932404 -0.27604615688323975 0.05301949381828308
0.12326671928167343 -0.2892392873764038 0.15133605897426605
-0.05121053755283356 -0.3068406283855438 -0.10356853157281876
0.07587140798568726 -0.31089717149734497 -0.10333985835313797
0.07145707309246063 -0.08280006051063538 0.009983502328395844
0.12415172159671783 -0.2454756498336792 0.18826790153980255
0.0025917207822203636 -0.2940334379673004 -0.05851191654801369
0.10356388986110687 -0.31019213795661926 -0.09509545564651489
-0.014131592586636543 -0.3355536162853241 -0.0029838611371815205
0.14648312330245972 -0.16485069692134857 -0.019600238651037216
0.08024022728204727 -0.2827675938606262 0.07679858803749084
0.1122768223285675 -0.05040234699845314 0.055912479758262634
0.03476303815841675 -0.14092634618282318 0.2406368851661682
-0.1206660270690918 -0.22576187551021576 -0.12665961682796478
-0.014971917495131493 -0.1595098376274109 0.18611794710159302
0.009751472622156143 -0.14128288626670837 0.1276644766330719
0.07232625037431717 -0.05981246009469032 0.19151568412780762
0.1413419395685196 -0.04664201661944389 0.22419406473636627
0.07364983856678009 0.03712620213627815 0.18368986248970032
0.057969771325588226 -0.3279806673526764 -0.002437136135995388
-0.07774849981069565 -0.29990002512931824 -0.0610414557158947
-0.09081818163394928 -0.3036412298679352 0.10774028301239014
-0.11468946933746338 -0.2939501404762268 -0.11438038945198059
0.05572925880551338 -0.2263137251138687 0.19643504917621613
0.21290665864944458 -0.11641713976860046 -0.12336992472410202
-0.15642069280147552 -0.14795562624931335 -0.18135710060596466
-0.17236477136611938 -0.2605457305908203 0.09395591914653778
0.14113199710845947 -0.2219776064157486 -0.028030995279550552
0.07734093815088272 -0.23767511546611786 -0.015161564573645592
-0.08214308321475983 -0.20320674777030945 -0.10783776640892029
0.1839076727628708 -0.2362639307975769 0.013842429965734482
0.13541199266910553 -0.29096630215644836 -0.09770780801773071
-0.12563645839691162 -0.2351415902376175 0.14256983995437622
-0.1337115466594696 -0.2837476134300232 0.035394296050071716
-0.013028966262936592 -0.11311593651771545 0.1789863258600235
0.10441945493221283 -0.29677873849868774 -0.164256751537323
-0.30107706785202026 -0.3222504258155823 0.12435707449913025
-0.19464902579784393 -0.4271603524684906 0.12961888313293457
0.1590418517589569 -0.3046368956565857 -0.0906171053647995
0.11577212065458298 -0.2961389124393463 0.022436993196606636
-0.024852551519870758 0.01966048777103424 0.17395618557929993
-0.09957350790500641 -0.08892591297626495 0.06530182808637619
0.06415947526693344 -0.3063325583934784 -0.16802039742469788
-0.018443098291754723 -0.29772716760635376 0.04175969585776329
0.10054911673069 -0.12592336535453796 0.10254812240600586
0.07925357669591904 -0.11835075914859772 0.10496138036251068
-0.32223519682884216 -0.3321731388568878 0.10035288333892822
0.05699976161122322 -0.3093796968460083 -0.07784578204154968
-0.5065097808837891 0.4559805393218994 -0.012684440240263939
0.08257999271154404 0.06305094808340073 0.20543117821216583
0.0809454619884491 -0.30720293521881104 -0.15070798993110657
0.12854714691638947 -0.33685019612312317 0.04691024124622345
-0.16364149749279022 -0.1461547315120697 -0.13030996918678284
-0.011793863028287888 -0.26631060242652893 0.0680561363697052
-0.26072561740875244 -0.03475980460643768 0.0018080294830724597
-0.08621712028980255 -0.2924114465713501 0.07325617969036102
0.09888029843568802 -0.2258995920419693 0.0577990859746933
0.07869026064872742 -0.1523100882768631 -0.019144311547279358
-0.013256508857011795 -0.14714942872524261 -0.090019091963768
-0.0769289880990982 -0.3071478307247162 -0.09659850597381592
-0.30830883979797363 -0.058344390243291855 0.22233806550502777
-0.27229970693588257 -0.15662403404712677 -0.2954002320766449
0.044001396745443344 0.010213863104581833 0.3307511806488037
-0.06953895092010498 -0.12711840867996216 -0.1341395080089569
0.21930569410324097 -0.20578208565711975 -0.09488656371831894
0.10248120129108429 -0.24029946327209473 -0.0028731287457048893
-0.3972618579864502 -0.08202332258224487 -0.1424681693315506
-0.0007701357826590538 -0.18927858769893646 -0.002414045389741659
0.09521663188934326 -0.2999531924724579 0.1006121039390564
0.05629417672753334 -0.1174628809094429 0.20874658226966858
0.10976044088602066 -0.2960657775402069 -0.25407713651657104
0.04013684764504433 -0.28561320900917053 0.1137102022767067
0.1813667118549347 -0.26905927062034607 -0.09464230388402939
-0.03525574505329132 -0.3711088299751282 0.1237577497959137
-0.011857667937874794 -0.2972806394100189 -0.025421055033802986
0.11749009788036346 -0.22292675077915192 0.23066020011901855
0.23535078763961792 -0.057295966893434525 0.09384508430957794
-0.008982032537460327 -0.04706829786300659 0.103364497423172
-0.06901343911886215 -0.14426478743553162 -0.13744091987609863
0.12285428494215012 -0.03989578038454056 -0.1945883184671402
-0.08335656672716141 -0.2567565441131592 -0.29557836055755615
0.03491387143731117 -0.3350902199745178 -0.09653840214014053
0.02849697321653366 -0.30723682045936584 -0.14575140178203583
0.046255938708782196 -0.21863242983818054 -0.08398764580488205
0.03520317003130913 -0.30608758330345154 -0.027575742453336716
-0.13930459320545197 -0.26092058420181274 0.059833407402038574
-0.013710042461752892 -0.2634190022945404 0.10699084401130676
0.24169427156448364 -0.09426367282867432 0.20263761281967163
0.03799493610858917 -0.3319784700870514 0.00047936919145286083
0.1921377182006836 -0.18095465004444122 0.12381376326084137
-0.03507759049534798 -0.1817139983177185 0.15581335127353668
-0.21706609427928925 -0.11597922444343567 0.40062808990478516
0.04094122722744942 -0.3412938117980957 0.03937263414263725
-0.12433724850416183 -0.13335870206356049 -0.21124859154224396
-0.054000645875930786 -0.11402818560600281 -0.08920379728078842
-0.3422253131866455 -0.13338135182857513 0.012211380526423454
0.20849034190177917 0.21349798142910004 0.5206990242004395
0.26800763607025146 -0.029581880196928978 0.23952752351760864
0.16105066239833832 -0.25349047780036926 -0.17776015400886536
0.07532895356416702 -0.24935558438301086 -0.5329280495643616
0.09653744846582413 -0.039122309535741806 -0.13173800706863403
-0.1871829479932785 -0.2946924567222595 -0.10410216450691223
0.07097408920526505 -0.21085324883460999 0.0676281750202179
-0.1301984190940857 -0.19144752621650696 -0.10883548855781555
0.08695116639137268 -0.3427394926548004 -0.004586678463965654
-0.12158174812793732 0.11801091581583023 0.0709267184138298
-0.023039594292640686 -0.07953936606645584 -0.020330576226115227
0.001800605677999556 -0.3846795856952667 0.41525712609291077
0.04954026639461517 -0.3067691922187805 -0.10811340063810349
0.1432802975177765 -0.04875914752483368 -0.006366729270666838
-0.12148070335388184 -0.17630919814109802 0.24083678424358368
-0.12458329647779465 -0.2416321486234665 -0.2842242121696472
0.026959100738167763 -0.21415649354457855 0.13961488008499146
0.16105899214744568 -0.17980451881885529 0.0750281885266304
0.21416257321834564 -0.3211356997489929 -0.2436007708311081
-0.4215785264968872 -0.23392349481582642 -0.3580852448940277
0.09670357406139374 -0.34257903695106506 0.08051450550556183
-0.10613968968391418 -0.03600996732711792 -0.06544438004493713
-0.2154315859079361 -0.00386986555531621 0.127855584025383
-0.14386193454265594 -0.17943796515464783 -0.06490249931812286
-0.0008094538934528828 -0.27300938963890076 -0.16511285305023193
0.07044483721256256 -0.28726819157600403 -0.28762444853782654
0.10401125252246857 -0.21773074567317963 -0.06048159301280975
-0.009555140510201454 -0.24854160845279694 0.10284775495529175
-0.17313863337039948 -0.2583041191101074 -0.030322665348649025
-0.06786978244781494 -0.2020227015018463 0.029134638607501984
0.09531332552433014 -0.16462114453315735 0.26979225873947144
-0.25939634442329407 -0.1813124120235443 0.1164867952466011
0.2791348099708557 -0.2875751852989197 0.007889440283179283
-0.04097072780132294 -0.32544004917144775 0.10203275084495544
0.11969978362321854 -0.29157987236976624 -0.22506290674209595
0.08861539512872696 -0.2811059355735779 -0.1886083334684372
-0.13943755626678467 -0.19689133763313293 0.14660634100437164
0.10460958629846573 -0.3545812964439392 0.04985446110367775
-0.07961758226156235 -0.3636555075645447 -0.07723294943571091
0.12136967480182648 -0.2316928505897522 -0.02388148568570614
0.11847759783267975 -0.13113915920257568 0.176844984292984
-0.01686062663793564 -0.1523185819387436 -0.006447048392146826
0.2820211350917816 -0.028032835572957993 0.09756069630384445
0.060133446007966995 -0.19326837360858917 -0.04825390875339508
-0.25793859362602234 -0.2665978670120239 0.06911266595125198
0.13414058089256287 -0.1950502246618271 0.24040547013282776
-0.1029442623257637 -0.2870798110961914 -0.17428115010261536
-0.18083831667900085 -0.2775861620903015 -0.16687387228012085
0.15044492483139038 -0.40682050585746765 0.07342921197414398
0.08348642289638519 -0.15781252086162567 0.26943057775497437
-0.28277063369750977 -0.25841909646987915 0.10988716781139374
-0.09223400056362152 -0.32080426812171936 -0.10506448149681091
0.024036651477217674 -0.13991332054138184 0.16971002519130707
0.017190614715218544 -0.20782218873500824 0.06934039294719696
-0.12972775101661682 -0.13571707904338837 0.19270025193691254
0.194436714053154 0.06986090540885925 0.2777656614780426
-0.1848926991224289 -0.259706974029541 -0.2156176120042801
0.05233159288764 -0.33268260955810547 0.03209119662642479
-0.24705062806606293 -0.2360440492630005 -0.12737026810646057
0.08079679310321808 -0.15177743136882782 0.20334619283676147
0.02529386430978775 -0.29004690051078796 0.07353349775075912
-0.2861957252025604 -0.23784416913986206 -0.10425364226102829
-0.0013784714974462986 -0.36180350184440613 -0.03285771235823631
-0.20207172632217407 -0.14211349189281464 0.18115438520908356
-0.07654296606779099 -0.016537223011255264 0.5581296682357788
-0.09021837264299393 -0.29809242486953735 -0.052031733095645905
0.04328965023159981 -0.28218919038772583 0.16897407174110413
0.2645832300186157 -0.3369946777820587 0.05080689489841461
-0.04596620053052902 -0.19306296110153198 0.006402699276804924
0.158682182431221 -0.08118735253810883 0.21510301530361176
-0.16388821601867676 -0.48377516865730286 0.1047891303896904
0.09676229953765869 -0.29049786925315857 -0.15261690318584442
-0.2979673147201538 -0.17514613270759583 0.14236195385456085
0.07025756686925888 -0.3390565812587738 0.034579478204250336
-0.04877839982509613 -0.21045295894145966 -0.24910888075828552
0.02844807878136635 -0.2600361704826355 -0.22273266315460205
0.0073093571700155735 -0.23636841773986816 -0.21952062845230103
0.24090763926506042 -0.29043862223625183 -0.02954554371535778
-0.11491989344358444 -0.14438089728355408 -0.01121939904987812
-0.19231943786144257 -0.14298242330551147 0.11965179443359375
-0.04980281740427017 -0.28189364075660706 0.12096663564443588
-0.01778551936149597 -0.30782362818717957 -0.02586897276341915
0.08443652093410492 -0.10156465321779251 -0.16814877092838287
0.11390850692987442 -0.05463309586048126 0.3122687339782715
0.15376704931259155 0.02392871491611004 0.19909103214740753
0.13272897899150848 -0.26154085993766785 -0.07054924219846725
-0.0403129979968071 -0.25822609663009644 0.13550172746181488
0.16658470034599304 -0.27900952100753784 -0.16858550906181335
0.2522328495979309 -0.18068227171897888 0.06934452801942825
-0.04326851665973663 -0.21003004908561707 -0.24032729864120483
-0.08626967668533325 -0.13603921234607697 0.09911397099494934
-0.05936350300908089 -0.2504122853279114 -0.21620017290115356
0.013775328174233437 0.014399779960513115 0.32810014486312866
-0.023466207087039948 -0.2930144965648651 -0.29609745740890503
-0.11268758028745651 0.10077544301748276 0.18346530199050903
-0.005348659586161375 0.026863573119044304 0.17575490474700928
-0.18069814145565033 -0.2676348090171814 -0.1984793096780777
0.10306493937969208 -0.03312327712774277 0.3098967969417572
-0.013382157310843468 -0.22726339101791382 -0.04917571321129799
-0.0034457286819815636 -0.32094806432724 -0.11452219635248184
0.017631826922297478 -0.2784644663333893 0.03832978010177612
0.22778072953224182 -0.14704729616641998 0.14796577394008636
0.26225215196609497 0.04119376093149185 0.042991943657398224
0.14741024374961853 -0.297259658575058 -0.09169822931289673
0.17051373422145844 -0.3015364706516266 0.02944544516503811
0.1182335689663887 -0.32047680020332336 -0.02343597076833248
0.07090123742818832 0.011978816241025925 0.07917995005846024
-0.015924910083413124 -0.12697646021842957 0.08399378508329391
-0.27231746912002563 -0.23722730576992035 -0.23171387612819672
-0.08050450682640076 -0.3067099452018738 -0.13381463289260864
0.006786090787500143 -0.23312407732009888 -0.08479125052690506
-0.3473328948020935 -0.24553066492080688 -0.3706994950771332
0.1856028139591217 -0.3571103811264038 0.05104345083236694
-0.21192620694637299 -0.17759141325950623 -0.2741353213787079
-0.15973211824893951 -0.33982405066490173 -0.13442131876945496
-0.24351383745670319 -0.3132949769496918 0.006171391345560551
-0.09671521931886673 -0.3107283413410187 -0.06864100694656372
0.070299431681633 -0.31850188970565796 0.01982792839407921
0.030200498178601265 -0.31276270747184753 -0.11698327958583832
0.14412055909633636 -0.06811632215976715 0.34096667170524597
0.13657338917255402 -0.1524907350540161 -0.058916524052619934
0.06361434608697891 -0.3185157775878906 -0.03622695058584213
0.12257423251867294 -0.2785547077655792 -0.2507752776145935
-0.055878158658742905 0.09144342690706253 0.27399030327796936
-0.12293146550655365 -0.23766107857227325 0.1381813883781433
-0.11414290219545364 -0.28834062814712524 0.0033111413940787315
-0.15295295417308807 -0.3443208932876587 0.1312922239303589
0.10942240059375763 -0.05590282008051872 0.1539648026227951
0.14976540207862854 -0.24172812700271606 -0.09551410377025604
-0.24945232272148132 -0.19817262887954712 -0.05050535500049591
0.031152546405792236 -0.30636873841285706 0.021664680913090706
0.2030424326658249 -0.18624642491340637 -0.04178129509091377
0.1617022156715393 -0.283848375082016 -0.04670693352818489
-0.009046399965882301 -0.2091783583164215 0.07237918674945831
-0.1104336529970169 -0.006569953169673681 0.23345133662223816
0.14051248133182526 0.05425460636615753 0.23258860409259796
0.07877234369516373 -0.20867010951042175 0.14807017147541046
-0.0919952541589737 -0.3109842538833618 -0.1467946618795395
0.06929857283830643 -0.3136817514896393 0.025636043399572372
-0.0264425165951252 -0.05008668079972267 0.18586762249469757
0.0026407334953546524 0.07725516706705093 0.2426884025335312
-0.22433249652385712 0.04045160859823227 -0.17371371388435364
-0.07546699792146683 -0.24943408370018005 0.1134093850851059
0.18333756923675537 0.061985451728105545 -0.04463687911629677
-0.05876845121383667 -0.3241550922393799 -0.09246352314949036
-0.061561159789562225 -0.34821683168411255 -0.019799986854195595
-0.0070305499248206615 -0.30632010102272034 0.05831574276089668
0.02318502403795719 -0.09936223924160004 0.2052045613527298
0.06398791074752808 -0.310561865568161 0.04961594566702843
0.15268169343471527 -0.06283549219369888 0.3223324418067932
0.10832779854536057 -0.34461402893066406 0.05515516549348831
0.12961816787719727 -0.31410515308380127 -0.035069722682237625
-0.07937164604663849 -0.2468167543411255 0.1289505809545517
-0.14849579334259033 0.034736908972263336 0.208967924118042
-0.09974723309278488 -0.1390703171491623 0.09644462168216705
-0.06488358974456787 -0.2501550614833832 0.09497246891260147
-0.029853645712137222 -0.3352782428264618 -0.2501868009567261
0.08252137154340744 -0.300327330827713 -0.037995267659425735
0.13736194372177124 -0.3128693997859955 -0.12815429270267487
-0.1926621049642563 -0.2605014443397522 0.12813954055309296
-0.009361950680613518 -0.3292005956172943 -0.05695643648505211
-0.043036673218011856 -0.15433327853679657 -0.18481142818927765
0.11477077752351761 -0.1361200511455536 -0.1271553784608841
-0.14960676431655884 -0.10365600138902664 -0.027404053136706352
0.03081303834915161 -0.23464855551719666 -0.0656718909740448
-0.014672180637717247 -0.41105586290359497 0.05700307339429855
0.1818646937608719 -0.2193058431148529 0.1873113065958023
0.24410630762577057 -0.16065947711467743 -0.060102030634880066
-0.10211338847875595 -0.3149660527706146 -0.11060899496078491
-0.13804277777671814 -0.27855318784713745 -0.18348129093647003
-0.008291397243738174 -0.2573656141757965 -0.148617684841156
0.1086040586233139 -0.2525472939014435 0.01977522112429142
0.050484638661146164 -0.21040357649326324 0.12041763961315155
-0.14708122611045837 -0.10891268402338028 -0.11802338808774948
0.1507287323474884 -0.1393468677997589 -0.10481522232294083
-0.13411131501197815 -0.06693320721387863 -0.06408794224262238
0.036067280918359756 -0.30187228322029114 -0.08757826685905457
0.01456443965435028 -0.1625239998102188 0.002179268281906843
0.06466789543628693 -0.1602085530757904 0.0858914703130722
0.1891835778951645 -0.2668313682079315 -0.18168345093727112
0.2553664445877075 -0.147557333111763 0.09644303470849991
0.12502369284629822 -0.3147635757923126 -0.08569813519716263
0.007734173443168402 -0.11393768340349197 0.018553027883172035
-0.004428540356457233 -0.3126066327095032 -0.31619614362716675
0.3423289954662323 0.045269012451171875 0.23090963065624237
0.04972309619188309 -0.23734377324581146 0.3635253310203552
0.0733041986823082 -0.26917189359664917 -0.09944769740104675
-0.05360358580946922 -0.1577233374118805 0.1194944679737091
0.04601415619254112 -0.2905195355415344 0.05361531674861908
-0.12244369834661484 -0.06031285971403122 0.359592080116272
0.18439023196697235 -0.12402436882257462 0.13213734328746796
-0.027997497469186783 -0.3616804778575897 -0.22820931673049927
0.05285944044589996 -0.220718115568161 -0.0684582069516182
0.28374868631362915 -0.06567076593637466 0.01908024027943611
0.08981921523809433 -0.3422046899795532 0.08482678234577179
0.2830415368080139 -0.12253338098526001 -0.1444840431213379
0.1586773842573166 -0.33813464641571045 -0.10482919961214066
-0.11693498492240906 -0.18213576078414917 -0.029592199251055717
0.2435823380947113 -0.3397228419780731 0.017613517120480537
-0.13877233862876892 -0.22423674166202545 0.01020655408501625
0.06056539714336395 -0.2726365029811859 0.05952303484082222
0.09829996526241302 -0.120993472635746 0.11640520393848419
0.06988397240638733 -0.29882118105888367 -0.10642591863870621
-0.17196355760097504 -0.30632853507995605 0.07636520266532898
-0.007476827595382929 -0.08120223879814148 0.011073140427470207
0.2631324231624603 -0.15113525092601776 -0.12234947830438614
0.08509046584367752 -0.31268665194511414 -0.009517837315797806
-0.1625930368900299 -0.33329451084136963 0.01727699488401413
-0.15150856971740723 -0.16249220073223114 0.1702769547700882
-0.1649717390537262 0.09894824773073196 -0.16380904614925385
-0.4463282823562622 0.10455559939146042 0.05785105749964714
0.0827680453658104 -0.23971746861934662 0.02804180607199669
-0.0495886355638504 -0.09718368947505951 0.21444770693778992
0.0979817658662796 -0.28810223937034607 0.06805473566055298
-0.007083936128765345 0.004183195531368256 0.23901213705539703
0.07604057341814041 0.04973665997385979 0.2777723968029022
0.05546138435602188 -0.2822474241256714 -0.11853660643100739
-0.0536004900932312 -0.001924613257870078 -0.27897295355796814
0.055593349039554596 -0.30432939529418945 -0.16903561353683472
0.012270087376236916 -0.334507554769516 -0.06430035084486008
-0.018021030351519585 -0.2608760595321655 0.12332921475172043
-0.025039533153176308 -0.3832525908946991 -0.29745540022850037
0.121390700340271 -0.03644677251577377 -0.25507983565330505
-0.029598645865917206 0.006086577195674181 0.1867784708738327
-0.02074192278087139 -0.26844486594200134 -0.004729323089122772
-0.11924268305301666 -0.3281497061252594 0.07755134999752045
-0.22667279839515686 -0.20224124193191528 0.16159485280513763
0.03398442268371582 -0.259051650762558 -0.21619197726249695
-0.2103455513715744 -0.2437235414981842 -0.013147564604878426
-0.1443469077348709 -0.1745613068342209 0.05444812402129173
-0.23942245543003082 -0.023496074602007866 0.11985442787408829
-0.07822400331497192 -0.2815616726875305 -0.17880874872207642
0.17079561948776245 -0.29234811663627625 0.14741937816143036
0.12946537137031555 -0.31563669443130493 -0.07298504561185837
-0.020448654890060425 -0.3030623495578766 0.04873473569750786
0.032189272344112396 -0.2303309589624405 0.04010629281401634
0.005134849809110165 -0.07960519194602966 0.17881479859352112
0.12045694887638092 -0.24913129210472107 0.08626940846443176
0.12142042815685272 -0.20536191761493683 0.15013110637664795
-0.07669232040643692 -0.26543545722961426 0.13788996636867523
0.32238680124282837 0.023675590753555298 -0.11574577540159225
0.01508348248898983 -0.27869686484336853 -0.11661918461322784
-0.10559289157390594 -0.3330482542514801 -0.1739102154970169
0.09056463092565536 -0.30142760276794434 0.05460865795612335
-0.27224448323249817 0.037464309483766556 -0.2128410041332245
-0.2363699972629547 -0.04324193671345711 -0.01965560019016266
-0.06051625683903694 -0.16684786975383759 -0.013519207015633583
0.11370319873094559 -0.226955845952034 -0.043427884578704834
0.14716210961341858 -0.2970954179763794 -0.08015476167201996
-0.1272786259651184 0.00725924177095294 0.4328697919845581
-0.18275447189807892 -0.15886716544628143 -0.11268468201160431
0.0045067984610795975 -0.3345508575439453 -0.025154676288366318
-0.0566352941095829 -0.1255785971879959 0.24606077373027802
0.08316508680582047 -0.34070441126823425 0.017579510807991028
-0.0030475398525595665 -0.315906286239624 0.02613665722310543
-0.07290676981210709 0.07634475082159042 0.07896371930837631
0.04627898335456848 -0.29650458693504333 -0.010458165779709816
0.08928658813238144 -0.3380727171897888 0.07092884927988052
-0.27125757932662964 -0.2570619285106659 0.10510294884443283
0.46368086338043213 0.11900271475315094 0.1725042760372162
0.12415725737810135 -0.29561561346054077 -0.10661018639802933
0.13822555541992188 -0.04343720152974129 0.25667133927345276
0.03963439539074898 -0.24892544746398926 -0.022505655884742737
-0.09078334271907806 -0.0920851081609726 0.1552872359752655
0.11850342899560928 -0.18587557971477509 -0.1734645962715149
-0.014363443478941917 -0.3213445842266083 -0.10346299409866333
0.02703380025923252 -0.15578946471214294 0.0013096148613840342
-0.01553194597363472 -0.2970603108406067 -0.1975194364786148
-0.15750469267368317 -0.20090435445308685 0.20631787180900574
0.20941174030303955 -0.3095433712005615 -0.008552681654691696
0.026286372914910316 -0.3042067289352417 -0.4146849513053894
0.17273904383182526 -0.34656262397766113 0.08973702788352966
0.0765642374753952 -0.2770022749900818 -0.05165481939911842
-0.1241682693362236 -0.18923524022102356 -0.17889264225959778
-0.08070100098848343 -0.03591239079833031 0.0716363787651062
0.21091985702514648 0.022815633565187454 0.14995917677879333
-0.1359938681125641 -0.08247169852256775 0.2885231673717499
0.09227948635816574 -0.2886442542076111 -0.11846480518579483
0.01430748775601387 -0.20401614904403687 0.1654484122991562
-0.2594458758831024 -0.14042504131793976 0.14526833593845367
0.2609621286392212 -0.04514607787132263 -0.01670336350798607
-0.06804922223091125 -0.2827886641025543 -0.08075812458992004
0.14248590171337128 -0.19973093271255493 -0.0015205095987766981
0.10417015105485916 -0.2886272072792053 0.3099331259727478
0.07338178157806396 -0.2760991156101227 0.15406276285648346
0.10375558584928513 -0.09606809169054031 -0.16307950019836426
0.1870308518409729 -0.30804193019866943 0.06518211215734482
-0.07852274179458618 -0.12694670259952545 0.078282430768013
0.003771542338654399 -0.30453309416770935 -0.5483848452568054
-0.10490727424621582 -0.23384200036525726 0.1266573965549469
0.004352307412773371 -0.17932815849781036 -0.09997448325157166
-0.17310595512390137 -0.15977482497692108 0.07361816614866257
0.07854141294956207 -0.1508481502532959 0.19003170728683472
0.11960328370332718 -0.32574063539505005 -0.055838726460933685
-0.0930013656616211 -0.26425743103027344 -0.17791436612606049
0.14051079750061035 -0.33633169531822205 0.06677039712667465
0.034856315702199936 -0.32224464416503906 -0.05079244077205658
-0.003826180938631296 -0.3131141662597656 -0.07366043329238892
-0.037192054092884064 -0.0424768291413784 0.09713350981473923
-0.19365303218364716 -0.06682094186544418 -0.07948508113622665
0.08717648684978485 -0.08545965701341629 0.16177788376808167
-0.09040600806474686 -0.08903692662715912 0.12975841760635376
0.015624141320586205 -0.26727578043937683 -0.17064446210861206
0.0010345751652494073 -0.2031584084033966 0.1884530633687973
0.06555844098329544 -0.17338792979717255 -0.03963417932391167
-0.21408751606941223 -0.3227418065071106 0.09945188462734222
0.004354019649326801 -0.33566394448280334 -0.02874533273279667
-0.09277186542749405 -0.08270314335823059 -0.17695952951908112
-0.0832635685801506 -0.11155733466148376 0.06319200247526169
0.21257121860980988 0.06929990649223328 -0.011188920587301254
-0.19744451344013214 -0.2617053985595703 0.039571113884449005
0.01037144660949707 -0.2691103219985962 -0.005673946812748909
0.17841169238090515 -0.10908108949661255 -0.30780452489852905
0.1693674772977829 -0.29878461360931396 -0.07569019496440887
-0.008520863950252533 -0.23750340938568115 -0.10308133810758591
-0.2843608260154724 -0.1887938678264618 0.015153387561440468
-0.2071211040019989 -0.09811821579933167 0.24894979596138
0.29896819591522217 -0.1966487467288971 -0.08713829517364502
-0.004079929552972317 -0.31598207354545593 0.001195207703858614
-0.1189521849155426 -0.23901976644992828 0.11193657666444778
0.16485893726348877 0.2858625054359436 0.4192385673522949
0.1076737642288208 -0.027431463822722435 0.26591065526008606
-0.13507512211799622 -0.14909043908119202 -0.13025110960006714
-0.05800998583436012 -0.1484443098306656 0.2099543809890747
0.00012860482092946768 -0.27491241693496704 -0.0733572244644165
0.24446064233779907 -0.2847694754600525 -0.25403597950935364
0.2684284448623657 -0.08042676746845245 0.1668483465909958
0.05337124690413475 -0.24658679962158203 -0.0006920865271240473
0.20386026799678802 -0.31445401906967163 0.06677829474210739
-0.0038833804428577423 -0.22681161761283875 0.13886518776416779
0.006324940826743841 -0.27554407715797424 0.024491047486662865
0.017972014844417572 -0.17319205403327942 0.16807153820991516
0.14720149338245392 0.09560126811265945 0.10553771257400513
-0.1607261747121811 -0.17565704882144928 0.10011723637580872
0.11643833667039871 -0.14319665729999542 -0.236854687333107
0.09960256516933441 -0.301451712846756 -0.052774764597415924
-0.0032037710770964622 -0.33999934792518616 -0.05955329164862633
0.24420075118541718 -0.1931612640619278 0.060218263417482376
0.030958274379372597 -0.3241543471813202 0.013140615075826645
0.016402987763285637 -0.2972862422466278 0.045048244297504425
-0.08413180708885193 -0.31828609108924866 0.07688930630683899
0.043086569756269455 -0.24816733598709106 0.1185082495212555
0.20416614413261414 -0.2212066948413849 -0.027823299169540405
-0.13021263480186462 -0.2298944592475891 0.11083603650331497
0.13769836723804474 -0.1926582157611847 0.03879242017865181
-0.06856764853000641 -0.17072495818138123 -0.05043116584420204
0.08643821626901627 -0.254048615694046 0.044818032532930374
-0.012954138219356537 -0.2383223921060562 -0.039185862988233566
-0.10021563619375229 -0.19873172044754028 -0.2732366621494293
0.019165774807333946 -0.32328951358795166 -0.04903038218617439
-0.11648168414831161 -0.036602798849344254 0.11880176514387131
-0.07910747081041336 -0.2513512372970581 -0.12219086289405823
-0.025600306689739227 -0.29898568987846375 -0.07525288313627243
0.21353738009929657 -0.2870386242866516 -0.1290414184331894
-0.03372865170240402 -0.137263223528862 0.24046649038791656
0.12344484776258469 -0.19145014882087708 0.012368980795145035
-0.11287692189216614 -0.31964218616485596 -0.0006602865178138018
-0.1573210060596466 -0.24954339861869812 0.04862171784043312
-0.08441497385501862 -0.25401219725608826 -0.14741367101669312
0.12157946079969406 -0.23434121906757355 -0.24032916128635406
0.03604032099246979 -0.32182231545448303 -0.11416156589984894
-0.18519552052021027 -0.30457568168640137 -0.040656864643096924
0.06977595388889313 -0.23392897844314575 0.10884275287389755
-0.17284424602985382 -0.2454601228237152 0.13400179147720337
0.06702428311109543 -0.2264281064271927 0.025347933173179626
0.11279953271150589 -0.315332293510437 0.1313948929309845
-0.15416979789733887 -0.16844439506530762 -0.1523103266954422
0.0025431690737605095 -0.31439822912216187 -0.08841726928949356
-0.02877921797335148 -0.3400171101093292 0.03961515799164772
0.01842665486037731 -0.3201014995574951 -0.1110377088189125
-0.15541447699069977 -0.1324852555990219 -0.25656309723854065
0.189181849360466 -0.22838149964809418 -0.05010056868195534
-0.09494511038064957 -0.043447982519865036 0.18544776737689972
-0.10972984880208969 -0.14803163707256317 0.17849408090114594
-0.10420029610395432 -0.25368717312812805 0.10123273730278015
0.0791558101773262 -0.28449544310569763 -0.10605054348707199
-0.0076782372780144215 -0.32429587841033936 -0.02518836408853531
-0.4048384726047516 0.02057838998734951 -0.18149718642234802
0.24924297630786896 -0.1895967721939087 -0.125359445810318
-0.12417847663164139 -0.2419474571943283 -0.1231369897723198
-0.1314493715763092 -0.17147192358970642 -0.3991444706916809
0.3649367392063141 0.0485314317047596 0.03005373850464821
0.060461029410362244 -0.26058581471443176 -0.05074036121368408
-0.22831302881240845 -0.28974348306655884 -0.01208207942545414
-0.026685679331421852 -0.2202518731355667 0.09758207947015762
0.07699260860681534 -0.24099761247634888 -0.11539047211408615
0.0560583621263504 -0.2872258126735687 0.14698253571987152
0.009904609993100166 -0.3021630644798279 -0.014083586633205414
0.2837943434715271 -0.20339126884937286 0.13052105903625488
0.11800841242074966 -0.22021502256393433 -0.036798667162656784
-0.11098867654800415 -0.1330868899822235 0.03947828337550163
0.26134392619132996 -0.32032492756843567 0.10424653440713882
0.11019136011600494 -0.2810174226760864 -0.04282190278172493
0.19609172642230988 -0.22444212436676025 -0.10037463903427124
0.02457236498594284 -0.29322218894958496 -0.25765541195869446
0.1459890604019165 -0.2846928536891937 -0.07501884549856186
-0.18749019503593445 -0.2551557719707489 -0.08338218927383423
-0.12679144740104675 -0.3334646224975586 -0.18514323234558105
0.20819909870624542 -0.2907591760158539 -0.06462490558624268
-0.1017923578619957 -0.26895737648010254 0.11159417033195496
0.09738117456436157 -0.3372155725955963 0.36423259973526
0.01667390950024128 -0.20309367775917053 0.0795409083366394
-0.13486286997795105 -0.17807181179523468 0.23515382409095764
0.23490244150161743 -0.28382232785224915 -0.048939015716314316
-0.05028141289949417 -0.26236850023269653 -0.012800123542547226
0.10315723717212677 -0.2327342927455902 -0.04259084537625313
0.14784274995326996 -0.18878018856048584 0.08713371306657791
-0.06754865497350693 -0.32250258326530457 -0.00913248397409916
0.055735304951667786 -0.3104833662509918 0.08649396151304245
-0.028687085956335068 -0.2867138385772705 -0.3105311393737793
0.1360156089067459 -0.2995705008506775 0.10666854679584503
0.13529987633228302 -0.20819491147994995 0.11091617494821548
-0.2732408344745636 -0.20459316670894623 -0.30646294355392456
0.18655991554260254 -0.07293293625116348 0.21388894319534302
-0.1537458300590515 -0.19307707250118256 0.028522023931145668
0.035977017134428024 -0.20780645310878754 -0.13231901824474335
-0.041960813105106354 -0.3058152198791504 -0.08994470536708832
-0.09228292852640152 -0.11629702150821686 -0.08493126928806305
-0.1132642924785614 -0.3013014495372772 0.03676387667655945
0.29574212431907654 -0.05896511301398277 0.008229249157011509
0.09831687808036804 -0.042519550770521164 -0.16242289543151855
0.07113596796989441 -0.26904696226119995 0.048028964549303055
-0.20239733159542084 -0.17566871643066406 0.1954629272222519
0.1809411346912384 -0.26773861050605774 -0.0026559876278042793
-0.025395948439836502 -0.25943508744239807 0.021160952746868134
-0.24504594504833221 -0.0011006309650838375 0.06534264236688614
0.09690685570240021 0.09457562863826752 0.24531084299087524
-0.14677128195762634 -0.2469954937696457 0.06460797786712646
0.11189937591552734 -0.18922913074493408 0.20416980981826782
0.048821695148944855 -0.29836559295654297 0.08209195733070374
0.13322408497333527 -0.28035372495651245 0.0486937090754509
0.07606762647628784 -0.19433820247650146 0.08757416158914566
-0.013469766825437546 -0.2960661053657532 -0.14378631114959717
0.137081578373909 -0.1187659278512001 0.22623863816261292
0.1166766807436943 -0.331320196390152 0.05524811893701553
-0.2076115757226944 -0.20115312933921814 -0.24213360249996185
-0.21930937469005585 -0.14923083782196045 -0.18947754800319672
0.03362354263663292 -0.19134573638439178 0.1396869570016861
-0.00546671450138092 -0.1976153701543808 0.16159887611865997
-0.35227829217910767 -0.1687774956226349 0.14061181247234344
0.047707293182611465 -0.17782342433929443 -0.05307647958397865
-0.13103315234184265 -0.07109019160270691 0.12742269039154053
0.10498634725809097 -0.14188288152217865 0.14046220481395721
-0.013889241963624954 -0.2163194715976715 0.08435066044330597
-0.10060449689626694 -0.15755656361579895 0.1465063840150833
-0.053547453135252 0.006511283107101917 0.26280346512794495
0.001532139373011887 -0.330421507358551 -0.009176388382911682
0.010931361466646194 -0.21362978219985962 0.16065044701099396
0.04001018404960632 -0.3079759180545807 -0.010035695508122444
0.11116878688335419 -0.06421913951635361 -0.08566442131996155
0.19083145260810852 -0.21835027635097504 0.11189013719558716
-0.03988831117749214 -0.32095056772232056 -0.06356924027204514
-0.0978255569934845 0.026217998936772346 0.36311250925064087
0.06650681048631668 -0.16636154055595398 0.016705090180039406
-0.009037312120199203 -0.2549864947795868 0.025389056652784348
-0.17724788188934326 -0.3018270432949066 0.059751059859991074
-0.14581820368766785 -0.27094733715057373 -0.19297492504119873
-0.12515157461166382 -0.3026014566421509 -0.03261856734752655
-0.05409868434071541 -0.2822502553462982 -0.14949668943881989
-0.126816987991333 -0.3037536144256592 -0.009953875094652176
-0.050513964146375656 -0.30607759952545166 -0.1479085236787796
0.16179731488227844 -0.2909984588623047 0.17112205922603607
0.08467500656843185 -0.28471076488494873 -0.24737675487995148
0.02007303759455681 0.10473954677581787 0.19683822989463806
0.17620499432086945 -0.28829431533813477 -0.07497521489858627
0.47915008664131165 -0.08971881866455078 0.35564327239990234
0.15295863151550293 -0.23606859147548676 -0.16635321080684662
-0.15320272743701935 -0.3902011513710022 0.11404328793287277
-0.0848531424999237 -0.01648029498755932 0.0807376578450203
-0.12074022740125656 -0.17077447474002838 -0.09503065794706345
-0.20792876183986664 -0.04903556406497955 0.3492911756038666
-0.1635708063840866 -0.037781890481710434 0.13666853308677673
-0.06409371644258499 -0.16612212359905243 -0.09338098019361496
0.2571790814399719 0.0037340924609452486 0.1685459464788437
-0.0516209602355957 -0.21066096425056458 0.15901754796504974
-0.048795074224472046 -0.2892439365386963 0.11970891803503036
0.2054983675479889 -0.31356948614120483 0.02437729574739933
0.18072298169136047 0.019705304875969887 0.25370797514915466
0.1384844034910202 -0.3078623116016388 -0.06576158106327057
-0.05288636311888695 -0.06345862150192261 0.16655416786670685
0.045371800661087036 -0.34027960896492004 -0.13801854848861694
0.12132251262664795 -0.11812189221382141 0.21654829382896423
-0.034048646688461304 -0.3420323133468628 -0.008669665083289146
-0.16093939542770386 -0.34811168909072876 -0.002979290671646595
-0.0029855151660740376 -0.3208613991737366 -0.2139117419719696
-0.36837127804756165 -0.07130073755979538 -0.167440265417099
-0.1615261286497116 -0.04247715696692467 -0.10734988749027252
-0.17181195318698883 -0.053041137754917145 0.08918564021587372
-0.02151303179562092 -0.13857051730155945 0.17709559202194214
0.020158328115940094 -0.31741970777511597 -0.057582009583711624
-0.14928528666496277 -0.07669488340616226 0.13493390381336212
0.24912528693675995 -0.16386911273002625 -0.16852222383022308
0.01881244406104088 -0.018666457384824753 -0.3272755742073059
0.14475569128990173 -0.12415773421525955 -0.3765977919101715
0.676713228225708 -0.24754498898983002 -0.0422491654753685
0.11350753903388977 -0.25747841596603394 0.010742569342255592
0.060101013630628586 -0.2522900402545929 0.06531069427728653
0.06662091612815857 -0.27406564354896545 0.22390054166316986
-0.011137114837765694 -0.11615488678216934 -0.11464287340641022
-0.041484855115413666 -0.37593623995780945 0.09618327766656876
-0.11963267624378204 -0.3175589442253113 -0.09730460494756699
0.034350164234638214 -0.3048390746116638 -0.19138196110725403
0.20380178093910217 -0.25432541966438293 0.013712920248508453
-0.20035000145435333 -0.13681544363498688 0.21570269763469696
0.16302292048931122 -0.30306240916252136 0.08279188722372055
-0.14918340742588043 -0.30233514308929443 -0.14211635291576385
0.14378789067268372 -0.29710254073143005 -0.11175063997507095
0.014993999153375626 -0.27139732241630554 0.07312217354774475
0.019914742559194565 -0.009480038657784462 0.24674686789512634
0.1299382895231247 -0.16017858684062958 0.1431521475315094
0.00082185841165483 -0.3109632730484009 -0.13732466101646423
-0.11965969204902649 -0.30299848318099976 -0.11986399441957474
0.18734116852283478 -0.27057525515556335 -0.017114941030740738
0.03505030646920204 -0.06957561522722244 -0.07898345589637756
-0.1191939115524292 -0.11969716846942902 -0.04670827090740204
0.1832544505596161 -0.07828265428543091 0.4462849795818329
0.2303135097026825 -0.2215437889099121 0.14765812456607819
0.24561692774295807 -0.2712278664112091 -0.05356329679489136
-0.002127887913957238 -0.11049804091453552 0.09893576800823212
-0.21359321475028992 -0.26666638255119324 -0.13594023883342743
0.0628475472331047 -0.30151548981666565 -0.03976244851946831
0.009431503713130951 -0.12254200875759125 0.1828163117170334
0.186853289604187 0.023447321727871895 0.3162185847759247
-0.1694488674402237 -0.0633288323879242 0.05144043266773224
-0.10684394091367722 -0.1361304372549057 0.08207734674215317
0.02077464386820793 -0.2485467791557312 -0.06211699917912483
0.21723192930221558 -0.32798877358436584 -0.06179304048418999
0.11340468376874924 -0.25544050335884094 -0.03618132695555687
0.1268300712108612 -0.28662121295928955 0.06480363756418228
-0.3799467980861664 -0.17028063535690308 0.04574207589030266
-0.030332040041685104 -0.18336254358291626 0.11679629981517792
-0.0650830939412117 -0.32192161679267883 0.005207729060202837
-0.2725883722305298 -0.17266972362995148 -0.4625709354877472
0.17961502075195312 -0.3199177384376526 -0.1208503320813179
0.12596043944358826 0.012694101780653 0.2959296405315399
-0.032470088452100754 0.011969925835728645 0.2756939232349396
0.05371280387043953 -0.09686284512281418 0.1877269595861435
-0.1555519700050354 -0.06718912720680237 0.17261214554309845
-0.09694047272205353 -0.191242977976799 0.15840937197208405
0.1766589879989624 -0.10003908723592758 0.1695493459701538
-0.08019945025444031 -0.2087017446756363 -0.1289740353822708
-0.08020409196615219 -0.32875174283981323 -0.04656074196100235
0.3727503716945648 -0.2407997101545334 -0.16803628206253052
0.03644285351037979 -0.2990005612373352 0.08035944402217865
-0.09272557497024536 -0.28239214420318604 -0.12411888688802719
0.03659175708889961 -0.26536688208580017 -0.07643058896064758
0.18675127625465393 -0.2624586224555969 0.13723991811275482
0.02520124427974224 -0.1368163824081421 0.2678886651992798
-0.08687490224838257 -0.3817511200904846 -0.0013005915097892284
0.13065451383590698 -0.2815554141998291 0.10513348132371902
0.10829409956932068 -0.21971307694911957 -0.06700127571821213
-0.07836947590112686 -0.16596370935440063 -0.12171313166618347
0.19904683530330658 -0.23726074397563934 -0.15660318732261658
0.0353957898914814 -0.2658958435058594 -0.06866606324911118
0.17457212507724762 -0.1797764152288437 0.16360600292682648
-0.06515632569789886 -0.14361295104026794 0.27581241726875305
-0.10803137719631195 -0.13704347610473633 0.17475520074367523
0.15770597755908966 -0.07992961257696152 -0.011770911514759064
0.05447935312986374 -0.3363168239593506 -0.06671910732984543
-0.10413938015699387 -0.2869190573692322 -0.06367652118206024
0.2702522575855255 0.08965907245874405 0.028022341430187225
-0.18771447241306305 -0.0845244973897934 -0.04306306689977646
-0.10961019992828369 -0.15158683061599731 0.07601576298475266
0.06828482449054718 -0.19990244507789612 -0.08123644441366196
0.23152299225330353 -0.24939709901809692 -0.12103015184402466
-0.19853994250297546 -0.1935732066631317 -0.4823174476623535
0.11953681707382202 -0.16495446860790253 0.05475084111094475
0.184098482131958 -0.3619687259197235 0.08701533824205399
0.044315535575151443 -0.20673389732837677 0.1334914118051529
-0.1654476523399353 -0.22722502052783966 -0.14563339948654175
0.19164292514324188 -0.2951452434062958 -0.12181147187948227
-0.2789197862148285 -0.034483470022678375 0.04952286183834076
-0.34863486886024475 -0.13445346057415009 0.11472750455141068
0.10320714861154556 -0.3224003314971924 -0.013283967971801758
-0.05697822570800781 0.031174691393971443 0.4952439069747925
-0.012249268591403961 -0.30319032073020935 -0.006911707576364279
0.0917302742600441 -0.3150305449962616 -0.2340710461139679
-0.030191801488399506 -0.21853208541870117 -0.08541364222764969
0.009627887979149818 -0.11587671935558319 0.056240107864141464
0.061297524720430374 -0.3695818781852722 -0.004394647665321827
-0.13125617802143097 0.011939199641346931 0.08597450703382492
0.05411694943904877 -0.3292609453201294 0.0066618588753044605
0.0752662718296051 -0.07908773422241211 0.10546910017728806
-0.2773745357990265 -0.16523510217666626 0.11408723890781403
-0.09405948221683502 -0.3104456663131714 -0.10273052752017975
-0.3394162356853485 0.3024245798587799 -0.20467345416545868
0.14040005207061768 -0.2811926603317261 -0.01335853710770607
0.21435223519802094 0.08109302818775177 0.20915456116199493
-0.04567139968276024 -0.20662528276443481 0.18652339279651642
-0.10220009088516235 -0.04341397061944008 0.11739113181829453
0.06722506880760193 -0.2130259871482849 0.11282160878181458
0.03846600651741028 -0.0016606810968369246 -0.0017872252501547337
-0.0004819398745894432 -0.18538901209831238 0.12641867995262146
-0.36694520711898804 0.08749976754188538 0.2669884264469147
-0.1180867850780487 -0.28898707032203674 -0.06932147592306137
-0.10837739706039429 -0.3452976644039154 -0.11401963979005814
-0.028286976739764214 -0.3196791112422943 -0.08790770173072815
-0.019616330042481422 -0.29352518916130066 0.06796052306890488
-0.06723447889089584 -0.3096739947795868 0.07490377128124237
-0.22663186490535736 -0.257235050201416 -0.4146013557910919
0.03191971406340599 -0.1774166226387024 0.06741005182266235
0.05720849707722664 -0.16881780326366425 0.21194988489151
-0.000593497883528471 -0.23158952593803406 0.14912207424640656
0.04823379963636398 -0.277803897857666 -0.20553730428218842
0.0830712765455246 0.18893064558506012 0.26176515221595764
-0.17253723740577698 -0.3156190812587738 -0.03532847389578819
0.24896834790706635 -0.2055617719888687 -0.20166917145252228
-0.08072740584611893 -0.28175589442253113 -0.22266797721385956
0.22062170505523682 -0.13968364894390106 0.2884994447231293
0.2977597713470459 -0.1240592822432518 -0.17925338447093964
-0.1303430050611496 -0.27575409412384033 -0.10245168209075928
0.38228753209114075 -0.2469320446252823 -0.14298340678215027
-0.04026332497596741 -0.030429789796471596 0.057014722377061844
0.11232712119817734 -0.2745998203754425 0.06379465758800507
-0.1348881870508194 -0.2775002121925354 0.15227782726287842
-0.21156153082847595 -0.05874146893620491 -0.04769330099225044
0.11055027693510056 0.004656547214835882 0.001984716858714819
0.06463023275136948 -0.1237870380282402 0.2294965386390686
-0.13347426056861877 -0.19718019664287567 -0.03367136791348457
-0.035376377403736115 -0.10597894340753555 0.1704680174589157
0.04108617454767227 -0.3201287090778351 0.03895377740263939
-0.007002749014645815 -0.27140888571739197 0.03222571685910225
0.0734311044216156 -0.32949328422546387 0.04963979497551918
-0.016607899218797684 -0.2835274934768677 -0.14498846232891083
0.3250086307525635 -0.25577500462532043 -0.2112552374601364
0.031124478206038475 -0.27517494559288025 0.05685529112815857
-0.2799968421459198 -0.21123242378234863 0.09373076260089874
0.06330236792564392 -0.15898901224136353 0.1449870616197586
0.03919294849038124 -0.16673040390014648 0.01705995388329029
-0.03686777874827385 -0.33832377195358276 0.03828159719705582
0.002756721805781126 -0.16709913313388824 -0.3327268362045288
-0.14193010330200195 0.22258411347866058 0.6580548286437988
0.02089845761656761 -0.3741909861564636 -0.165678933262825
0.143537700176239 -0.2652207612991333 0.03293396532535553
0.3201877772808075 -0.06747212260961533 -0.0189324002712965
0.05562516674399376 -0.30125799775123596 0.015275169163942337
0.42413130402565 -0.10868500918149948 0.03203725442290306
-0.1855907440185547 -0.1338859498500824 -0.14865735173225403
0.07905176281929016 -0.2652415335178375 0.0038463552482426167
0.11508215218782425 -0.02850891463458538 0.2880637049674988
-0.07059009373188019 -0.08216515928506851 0.25368401408195496
0.11789032816886902 -0.28605881333351135 -0.01895766705274582
0.07993335276842117 -0.1077299565076828 0.20064705610275269
0.15497499704360962 -0.10260751843452454 0.06380831450223923
-0.19748131930828094 -0.18110713362693787 -0.12581583857536316
-0.1245434358716011 -0.024586783722043037 0.2585156261920929
-0.09175583720207214 -0.24635472893714905 0.10967595875263214
-0.0007350535597652197 0.15735653042793274 0.10505305230617523
-0.06167618930339813 -0.2649044692516327 -0.19613467156887054
-0.1448376625776291 -0.1207057312130928 -0.02217770926654339
-0.03699241951107979 -0.06262893974781036 0.22869598865509033
0.32634037733078003 -0.025391967967152596 -0.17700691521167755
-0.1764925867319107 0.17682315409183502 -0.17503118515014648
0.10854127258062363 -0.235561341047287 0.09416265040636063
-0.06828142702579498 -0.3049260675907135 -0.16371159255504608
0.09203273057937622 -0.32480955123901367 0.004238982684910297
0.020071037113666534 -0.21189038455486298 0.1452644020318985
-0.030633091926574707 -0.18044985830783844 -0.22609689831733704
-0.24974331259727478 -0.23721662163734436 -0.2919846475124359
-0.015765072777867317 -0.3312908411026001 -0.03183932229876518
-0.05055709555745125 -0.18761421740055084 -0.186054527759552
-0.26070350408554077 -0.05102432891726494 0.1671997606754303
-0.021960627287626266 -0.2631947100162506 0.1417744755744934
-0.0106117594987154 -0.10209666192531586 0.17276042699813843
0.03994486853480339 -0.29188379645347595 0.10884618759155273
-0.0441480427980423 -0.2863473892211914 -0.2092440277338028
-0.024406664073467255 -0.24632714688777924 -0.08874859660863876
0.02424350194633007 -0.04349095746874809 0.21499592065811157
-0.3600267469882965 -0.22879765927791595 -0.35420578718185425
-0.20421549677848816 -0.33253413438796997 -0.12823201715946198
-0.21212337911128998 -0.058028753846883774 -0.06957600265741348
-0.01306380145251751 -0.23089094460010529 -0.17312414944171906
-0.1468547284603119 -0.2584727704524994 0.11799696087837219
-0.10205265134572983 -0.28501346707344055 -0.02576218545436859
-0.10968529433012009 -0.05748283490538597 0.2893892228603363
0.14968545734882355 -0.2128639966249466 0.11532950401306152
-0.4282403290271759 -0.13860984146595 0.3356762230396271
-0.050452835857868195 -0.37092146277427673 0.0010272909421473742
0.06114407256245613 -0.32762813568115234 -0.03886894881725311
0.08873190730810165 -0.17442849278450012 0.21165622770786285
-0.01645997352898121 -0.060669682919979095 0.21930308640003204
-0.08698201924562454 -0.431636780500412 0.04348009079694748
0.11149486899375916 -0.2733702063560486 -0.16681961715221405
0.18162031471729279 -0.06186720356345177 0.08541353791952133
0.05384020879864693 -0.33974936604499817 -0.15430505573749542
-0.11578544974327087 -0.06405866146087646 0.3270323574542999
-0.11380971968173981 -0.16104736924171448 0.045544128865003586
0.046834882348775864 0.02930111065506935 0.2312116026878357
-0.2810409963130951 -0.23185454308986664 0.13150444626808167
-0.1145629957318306 0.2111784815788269 0.12310702353715897
0.1284649819135666 -0.21829424798488617 -0.17258413136005402
-0.03239279240369797 -0.36459881067276 0.04192618653178215
-0.012176286429166794 -0.3095473647117615 -0.14148519933223724
0.06187460571527481 -0.2239220142364502 0.21861422061920166
-0.03219142556190491 -0.1458507776260376 0.07462140917778015
-0.01434047520160675 -0.33684298396110535 0.010243313387036324
0.02882622927427292 -0.2966387867927551 0.09777148813009262
0.17746740579605103 -0.27068042755126953 -0.2362491935491562
-0.023426974192261696 -0.31006547808647156 0.03848361596465111
-0.09677929431200027 -0.33826687932014465 -0.026198923587799072
-0.06784982979297638 -0.3008301258087158 -0.13039258122444153
-0.04694264754652977 -0.3197959363460541 -0.06966851651668549
-0.09267700463533401 -0.20220080018043518 0.17322693765163422
0.03403434529900551 -0.26064199209213257 0.08023491501808167
0.10537461936473846 -0.24174506962299347 -0.0189058855175972
-0.10430268943309784 -0.13484419882297516 -0.20441071689128876
0.24399429559707642 -0.3264588415622711 -0.026423629373311996
0.0022957026958465576 -0.11455516517162323 -0.14724141359329224
0.32105159759521484 -0.1729944944381714 -0.2709603011608124
-0.038548748940229416 -0.2726861834526062 -0.13458475470542908
-0.08162714540958405 -0.1543583869934082 -0.0887417197227478
-0.033840350806713104 -0.3002305328845978 -0.19109871983528137
0.06435409188270569 -0.14393481612205505 -0.04142400622367859
0.13958077132701874 -0.2228541523218155 -0.07693206518888474
0.06769351661205292 -0.23686058819293976 -0.21020253002643585
0.13389022648334503 -0.33402714133262634 0.01635577529668808
0.17683550715446472 -0.19076550006866455 0.03263551741838455
-0.05110010877251625 -0.16320914030075073 0.03621964901685715
-0.12197286635637283 -0.27097198367118835 0.015102578327059746
0.1646229475736618 -0.18437674641609192 0.1357298344373703
-0.05596759542822838 -0.13149860501289368 0.15823021531105042
0.17339284718036652 -0.29070088267326355 -0.11760648339986801
-0.044091884046792984 -0.24222667515277863 -0.21728762984275818
-0.16104376316070557 -0.22846324741840363 0.12256365269422531
0.06871367245912552 -0.10573464632034302 0.2286917269229889
0.3205621838569641 -0.17359845340251923 -0.22983908653259277
0.01056641899049282 -0.19253338873386383 0.1270446479320526
-0.04790402948856354 -0.3294867277145386 -0.020950891077518463
-0.18308626115322113 -0.0038186926394701004 0.16718223690986633
-0.4846370816230774 -0.1974879503250122 0.1783488690853119
0.10098489373922348 -0.15691643953323364 -0.034716323018074036
0.09066168963909149 -0.3056892454624176 -0.007360510062426329
0.024721115827560425 -0.33762896060943604 0.060847919434309006
0.005513731390237808 -0.29630333185195923 -0.1254269927740097
-0.1107030138373375 0.015239952132105827 0.12471050024032593
-0.16185438632965088 -0.18746623396873474 0.06057646870613098
-0.14653173089027405 -0.31624636054039 -0.0337991788983345
0.04140256345272064 -0.35489770770072937 0.21063314378261566
0.07483337074518204 -0.309270977973938 0.01650851219892502
-0.19107940793037415 -0.06932555139064789 -0.08936219662427902
0.00464859651401639 -0.20401263236999512 0.16327238082885742
-0.05565967783331871 -0.315845251083374 0.0897023156285286
-0.16632933914661407 -0.06164781376719475 0.14115196466445923
0.06678182631731033 -0.30272454023361206 0.03755389153957367
0.180189311504364 -0.2961429953575134 -0.17960897088050842
-0.08613287657499313 0.023882165551185608 0.012735115364193916
0.07263975590467453 -0.3278827965259552 -0.19484786689281464
-0.10075867921113968 -0.2895727753639221 -0.31831952929496765
0.17593394219875336 -0.3387484848499298 -0.025402911007404327
-0.176949605345726 -0.2912035286426544 -0.08302724361419678
-0.041548099368810654 -0.1377829760313034 -0.20406393706798553
0.21853609383106232 -0.2745750844478607 0.04600560665130615
0.07458490133285522 -0.20850233733654022 0.09323671460151672
0.18763136863708496 -0.10481621325016022 -0.06600327044725418
0.1320473700761795 -0.08485132455825806 0.1470128297805786
0.05529380589723587 -0.31979498267173767 0.038209378719329834
0.03277881443500519 -0.3457854688167572 0.04897614195942879
-0.1475844532251358 -0.30187857151031494 0.004292326048016548
-0.20402508974075317 -0.0446932278573513 0.0409310944378376
-0.04297077655792236 -0.25454044342041016 0.1434282660484314
-0.028495635837316513 -0.3329910933971405 -0.06979262083768845
0.1379922777414322 -0.23570899665355682 -0.062368426471948624
-0.10613080859184265 -0.31208062171936035 -0.0548415333032608
0.027943940833210945 -0.24622073769569397 0.08881638199090958
0.28016480803489685 -0.07593625783920288 0.01339634321630001
-0.03757050633430481 -0.16503959894180298 0.20410877466201782
0.060930926352739334 -0.2881747782230377 -0.13711059093475342
0.1815725713968277 -0.2356196641921997 -0.0177297443151474
-0.15556128323078156 -0.30317017436027527 0.13443520665168762
0.22141166031360626 -0.278891384601593 -0.11513899266719818
-0.14518289268016815 -0.3008767068386078 0.03273986652493477
-0.08236280083656311 -0.2553589344024658 -0.23759178817272186
-0.12421465665102005 -0.268720418214798 0.020657844841480255
-0.21519920229911804 -0.08504067361354828 -0.2951089143753052
-0.10498255491256714 -0.11965284496545792 0.22259049117565155
-0.310538113117218 -0.2355702966451645 -0.05304447561502457
0.1345261037349701 -0.30064070224761963 0.03054087422788143
-0.12342807650566101 -0.14442411065101624 -0.1880049705505371
-0.003794072661548853 -0.10203535109758377 0.06930971145629883
-0.0896383672952652 0.04794705659151077 0.37793728709220886
-0.03952248767018318 -0.0204373337328434 0.25339484214782715
0.18507084250450134 -0.054824098944664 0.13814862072467804
-0.02104128897190094 -0.07720115035772324 0.1390272080898285
-0.027764078229665756 -0.2800699472427368 0.1290857195854187
0.24411754310131073 -0.08799909055233002 -0.023477662354707718
0.006495218724012375 -0.30372679233551025 -0.03288386017084122
0.060750577598810196 -0.31706398725509644 -0.05402667447924614
-0.001523810438811779 0.017737826332449913 0.1054060310125351
-0.027404848486185074 -0.03404751420021057 0.153324156999588
0.05484161525964737 0.07366081327199936 -0.002643246203660965
0.10655200481414795 -0.2638331353664398 0.10391631722450256
-0.06453510373830795 -0.3299395442008972 -0.0836641937494278
-0.005610478110611439 -0.28676077723503113 0.09752419590950012
0.08349260687828064 -0.22873887419700623 0.07151766866445541
-0.04321787878870964 -0.24681144952774048 0.14379534125328064
0.030363278463482857 -0.33902421593666077 -0.03551994264125824
-0.03962291404604912 -0.2058841437101364 0.035623956471681595
-0.030217722058296204 -0.17109090089797974 0.06169227883219719
-0.2174491137266159 -0.23646096885204315 -0.13669760525226593
0.09686058014631271 -0.22923004627227783 0.1380111426115036
0.08556010574102402 -0.29500699043273926 0.057636190205812454
-0.018395664170384407 -0.11594726890325546 0.30269089341163635
0.06351470947265625 -0.3420070707798004 -0.04422454535961151
0.07989990711212158 -0.11281830072402954 0.1762206256389618
-0.24290485680103302 0.00012204097583889961 -0.26088300347328186
0.11642388999462128 -0.24086593091487885 -0.04903287813067436
-0.16118943691253662 -0.23970316350460052 -0.14864356815814972
-0.03408133611083031 -0.2965528666973114 -0.11859171837568283
0.07486133277416229 -0.2551448941230774 -0.05185866355895996
0.12381771206855774 -0.3192456364631653 -0.060529276728630066
0.07945170998573303 -0.09747182577848434 -0.028576549142599106
0.04840133711695671 -0.3271215260028839 0.05603538826107979
-0.2097267061471939 -0.21245042979717255 0.05905019864439964
0.07870734483003616 -0.14445380866527557 -0.25069376826286316
0.2349664270877838 -0.3239324390888214 0.01673302985727787
-0.0850406065583229 -0.2258535921573639 0.14487454295158386
-0.09011343121528625 -0.27973127365112305 0.13066649436950684
0.01272810623049736 -0.05571068078279495 0.2544058859348297
0.14382372796535492 -0.296241819858551 -0.21443739533424377
0.0011952306376770139 -0.14511725306510925 0.14013072848320007
-0.06884445250034332 -0.07444681227207184 -0.07815968990325928
-0.24900957942008972 -0.10259227454662323 -0.1428179293870926
-0.026457982137799263 -0.3469315469264984 -0.0052780103869736195
-0.03568344563245773 -0.28895100951194763 0.06337334215641022
-0.3406352698802948 -0.06875476986169815 -0.14707088470458984
0.11830440163612366 -0.23629486560821533 -0.09461311250925064
0.16819913685321808 -0.2402745932340622 -0.09822513163089752
0.0026795747689902782 -0.19186744093894958 0.1115669310092926
-0.1030508428812027 -0.29696521162986755 -0.012068714946508408
0.11477373540401459 -0.32352104783058167 -0.2614203989505768
0.013066500425338745 -0.1948927789926529 0.0551617369055748
-0.31733468174934387 0.0946275144815445 0.04784560948610306
-0.16831590235233307 -0.328081339597702 0.10895340144634247
0.24349817633628845 -0.2941514253616333 0.016730092465877533
0.021807244047522545 -0.28116104006767273 0.03862559050321579
0.15619784593582153 -0.1139218807220459 0.14548934996128082
0.09125655889511108 -0.16352318227291107 0.1368481069803238
0.32800379395484924 -0.0829366073012352 0.15328556299209595
0.012316970154643059 -0.13619233667850494 0.2336098551750183
-0.13921642303466797 -0.1327516883611679 -0.20827239751815796
-0.09116926044225693 -0.15908944606781006 0.0761401504278183
-0.21123088896274567 -0.23341251909732819 -0.20793399214744568
-0.07422173023223877 -0.3003341853618622 -0.17260637879371643
-0.25466275215148926 -0.25254687666893005 -0.00039355061016976833
0.04068653658032417 -0.3207916021347046 -0.13343025743961334
0.5013163089752197 -0.030272657051682472 0.06803661584854126
-0.05316701531410217 -0.25871479511260986 -0.11797089129686356
0.14097632467746735 -0.2776002287864685 -0.3132455348968506
0.10863218456506729 -0.01646430976688862 0.2711659371852875
0.15386712551116943 0.005685122217983007 -0.2533210813999176
-0.0687207579612732 -0.0915307030081749 0.2149541974067688
0.22979462146759033 -0.3088456094264984 -0.02001895010471344
0.055314961820840836 -0.42060503363609314 0.15368281304836273
0.053921427577733994 -0.3418870270252228 0.0076164789497852325
0.2342107892036438 -0.264727920293808 0.244994655251503
-0.05987538397312164 -0.29665523767471313 -0.1495916247367859
-0.09291296452283859 -0.10874991118907928 0.13875436782836914
-0.22843913733959198 -0.140928253531456 -0.26885953545570374
0.1635875552892685 -0.21575629711151123 0.007617293857038021
0.03955867141485214 -0.2825416624546051 0.006865481846034527
0.047502800822257996 -0.32562926411628723 -0.03353649377822876
-0.29580771923065186 -0.19919361174106598 -0.20420235395431519
0.21428197622299194 0.06790953874588013 0.1780545860528946
0.11370647698640823 -0.3282525837421417 0.06504149734973907
0.04798878729343414 -0.2675422728061676 -0.19956110417842865
0.31675252318382263 -0.02000909484922886 0.17878426611423492
0.2670690715312958 -0.2351253181695938 -0.12499108165502548
0.032448358833789825 -0.10997888445854187 0.21329301595687866
0.0633627399802208 -0.30569562315940857 -0.10115347057580948
0.027098719030618668 -0.21680037677288055 0.1499672532081604
-0.026976563036441803 -0.09228749573230743 0.25824734568595886
0.1624811738729477 -0.3223567008972168 0.035066645592451096
0.023566577583551407 -0.3089519143104553 0.07250625640153885
-0.19614461064338684 -0.046843271702528 0.2686714828014374
-0.330209344625473 -0.05055787414312363 -0.012146513909101486
-0.008046932518482208 -0.30180931091308594 -0.1432749181985855
0.006076658144593239 -0.2832409143447876 -0.22739844024181366
-0.14094585180282593 -0.13953112065792084 -0.173915833234787
-0.10895109921693802 -0.25694823265075684 -0.003049575723707676
-0.1719142496585846 -0.29663631319999695 -0.06795298308134079
-0.09632135927677155 -0.20909297466278076 -0.05171511322259903
-0.030717886984348297 -0.3183272182941437 -0.12885574996471405
0.13604624569416046 -0.10489547997713089 0.1377081573009491
0.2028014212846756 -0.31630635261535645 0.005114656873047352
-0.14256495237350464 -0.30679523944854736 -0.017634065821766853
-0.1091502383351326 -0.09955361485481262 -0.027074987068772316
0.05974986031651497 -0.12728776037693024 0.16899652779102325
0.08768977969884872 -0.22235079109668732 -0.19280830025672913
0.12456141412258148 -0.2946419417858124 0.09249451756477356
0.19468700885772705 -0.1689806431531906 0.0869528204202652
0.11308363825082779 -0.19903641939163208 -0.12916137278079987
0.040035899728536606 -0.3333485722541809 -0.04789163917303085
-0.21321524679660797 -0.2332780957221985 0.08569234609603882
-0.041369616985321045 0.03909916430711746 0.2875388562679291
0.10295382142066956 -0.2732868790626526 -0.24486026167869568
-0.1792740374803543 -0.16826917231082916 0.11533820629119873
0.22195059061050415 -0.05775902792811394 0.15371958911418915
0.023193160071969032 -0.31367889046669006 -0.06994560360908508
-0.02026030421257019 -0.0669218972325325 -0.10754579305648804
0.0782313123345375 -0.181777685880661 0.11495950073003769
0.09602221846580505 -0.21118426322937012 -0.15560926496982574
0.1383989453315735 -0.18311664462089539 0.23232391476631165
0.0652403011918068 -0.26725107431411743 -0.053804911673069
-3.9620790630578995e-06 -0.34712380170822144 -0.055459145456552505
-0.2811264991760254 -0.07943063229322433 -0.1905021220445633
-0.07691182941198349 -0.0803057923913002 0.03587471321225166
-0.3785417079925537 -0.08618200570344925 0.07959997653961182
-0.04608914256095886 -0.2555842101573944 0.12639427185058594
0.21412688493728638 -0.30795958638191223 -0.0940709188580513
-0.03874916583299637 -0.3102186918258667 0.06292008608579636
-0.1978548765182495 -0.10411395132541656 0.16816788911819458
0.04375733062624931 -0.13961490988731384 0.11952187120914459
-0.1827654093503952 -0.18725568056106567 0.04892589524388313
0.09082517772912979 -0.1026027649641037 0.10440810024738312
0.18883785605430603 -0.23927637934684753 0.14574460685253143
0.1484195739030838 -0.2883325219154358 -0.15057231485843658
0.08271656930446625 -0.22542941570281982 -0.29572317004203796
0.16747795045375824 -0.15167585015296936 0.08824192732572556
-0.2266927808523178 -0.1257687211036682 -0.016094638034701347
0.06002073362469673 0.35370010137557983 0.3166254162788391
0.2802300751209259 -0.22264282405376434 0.07101406902074814
0.09064122289419174 -0.21516849100589752 0.07522990554571152
-0.10578729957342148 -0.2874337136745453 0.019365981221199036
0.12679921090602875 -0.18418104946613312 -0.09000617265701294
-0.17360451817512512 -0.12119786441326141 0.16094717383384705
0.04727473855018616 -0.26827654242515564 0.030386433005332947
-0.23389050364494324 -0.2852732241153717 0.03982120752334595
-0.14055135846138 -0.1337554156780243 0.10360169410705566
-0.09333118051290512 -0.11856634169816971 -0.18716752529144287
-0.25991374254226685 0.1098826453089714 0.0905429795384407
-0.11784011870622635 0.04085811600089073 0.4209758937358856
0.23534026741981506 -0.30896586179733276 0.006786156911402941
-0.23906105756759644 -0.3076629638671875 -0.0663357749581337
0.09783891588449478 -0.31482669711112976 -0.03838363289833069
-0.06993468105792999 -0.29632997512817383 0.08186037093400955
0.0059362612664699554 -0.3036361634731293 -0.01666863262653351
-0.025186115875840187 -0.3219720721244812 0.08570641279220581
-0.19388332962989807 -0.2686246633529663 0.04349410906434059
-0.05002237856388092 -0.23327860236167908 -0.14828817546367645
-0.12367486208677292 -0.24846719205379486 0.0997995138168335
-0.24502290785312653 0.009291356429457664 -0.1198456808924675
-0.11326956003904343 -0.2936351001262665 -0.04981608688831329
-0.023199105635285378 -0.31044554710388184 -0.1298457384109497
-0.10670100897550583 0.12651269137859344 0.45131486654281616
0.06291426718235016 -0.19495655596256256 -0.054979752749204636
0.09720585495233536 -0.08783172816038132 0.11685898154973984
0.10769986361265182 -0.2816174030303955 -0.10341379791498184
0.16151608526706696 -0.3391689658164978 0.018712453544139862
-0.05693268030881882 -0.264997661113739 -0.05424143001437187
-0.085909903049469 0.00045995088294148445 0.12458602339029312
0.07643144577741623 -0.17300373315811157 0.18718849122524261
0.1580989956855774 0.1074361652135849 0.39469245076179504
-0.11874977499246597 -0.248941570520401 0.1332232505083084
-0.32197004556655884 -0.2579438090324402 -0.20638160407543182
0.10187344253063202 -0.30976563692092896 -0.024755878373980522
0.0727582573890686 -0.28976237773895264 0.032749515026807785
-0.2551068663597107 -0.13274699449539185 -0.011672049760818481
-0.051062606275081635 -0.1345289796590805 0.09095002710819244
0.07695149630308151 -0.25525471568107605 -0.1398545652627945
0.17837637662887573 -0.0402703657746315 0.19434334337711334
0.06919015198945999 -0.24844954907894135 0.14762026071548462
-0.14771193265914917 -0.2928285598754883 -0.1733313947916031
0.005820473190397024 0.07267770171165466 0.13566428422927856
-0.021762482821941376 -0.30159685015678406 0.07151611894369125
0.018971184268593788 -0.0838504210114479 0.25663700699806213
0.18989349901676178 -0.05479957163333893 0.08401302248239517
0.098324716091156 -0.004097610712051392 0.11937449127435684
-0.14579835534095764 -0.3384057879447937 -0.007002331782132387
0.07102533429861069 0.19661402702331543 0.0803731232881546
-0.03575136139988899 -0.262864351272583 0.027594536542892456
0.024831000715494156 -0.11208470910787582 0.08109461516141891
0.14167749881744385 0.10147256404161453 0.18445414304733276
0.13079293072223663 -0.32787585258483887 -0.018333343788981438
0.0984133705496788 -0.1900021731853485 0.11144530773162842
-0.022518334910273552 -0.030134452506899834 0.06688347458839417
0.029642228037118912 -0.27151983976364136 0.2894885838031769
0.20625029504299164 -0.31317007541656494 0.08470708131790161
0.007000924553722143 -0.2920238673686981 0.08441504091024399
-0.0979163721203804 -0.327201783657074 0.07399672269821167
0.0201535914093256 -0.25644004344940186 -0.2645382285118103
0.2978432774543762 -0.13884730637073517 -0.25102856755256653
0.1287725418806076 -0.30838435888290405 0.00953991711139679
0.02583772875368595 -0.3020702600479126 -0.11936334520578384
-0.15795321762561798 -0.26742884516716003 0.11091028898954391
0.0774742066860199 -0.28258952498435974 -0.0043443599715828896
-0.11410565674304962 -0.24856647849082947 -0.006587057840079069
0.022538887336850166 -0.22911415994167328 0.09024783968925476
0.04915894567966461 -0.3205491602420807 -0.1595402956008911
0.010827450081706047 -0.07233186066150665 0.03588198870420456
-0.19087743759155273 -0.08532563596963882 0.16459384560585022
-0.2125144600868225 -0.18311579525470734 0.100148506462574
-0.019249534234404564 -0.20628216862678528 -0.10426207631826401
0.012369610369205475 -0.2992870807647705 -0.15140946209430695
0.2874862849712372 -0.21800604462623596 0.022358952090144157
0.31988629698753357 -0.19457773864269257 -0.03585575520992279
0.1450963020324707 -0.18374112248420715 -0.003557838499546051
-0.3560747504234314 -0.21275070309638977 -0.035539790987968445
0.1549680083990097 0.06271921098232269 -0.09252903610467911
-0.0456266924738884 -0.11708301305770874 -0.33808788657188416
0.07117222994565964 -0.11919022351503372 0.07910103350877762
-0.27478164434432983 -0.1787869930267334 0.000556754763238132
-0.2026185244321823 0.0902683436870575 0.3752400279045105
-0.04005062207579613 -0.31389209628105164 0.015702882781624794
-0.0031585311517119408 -0.349846214056015 -0.0049634575843811035
-0.15642668306827545 -0.327762246131897 -0.07082140445709229
-0.09284550696611404 -0.24298730492591858 0.04997119680047035
-0.20638810098171234 0.07531630992889404 0.23561203479766846
0.021551454439759254 -0.29882484674453735 -0.015188256278634071
-0.26243624091148376 -0.199589341878891 0.06481295824050903
0.1778264194726944 -0.2711086571216583 -0.032044366002082825
-0.04625324904918671 -0.1265999674797058 0.190976083278656
-0.17218372225761414 -0.23671621084213257 -0.3402312397956848
0.07523319870233536 -0.22453200817108154 0.09228017181158066
0.12042487412691116 -0.07583313435316086 -0.14145846664905548
-0.06853806227445602 -0.28586670756340027 0.09489477425813675
0.12997350096702576 -0.30355319380760193 -0.010103246197104454
-0.14344879984855652 -0.107596255838871 0.017138009890913963
-0.15499597787857056 -0.2572363018989563 -0.1705593317747116
0.22187432646751404 0.006044554058462381 0.06278043240308762
0.139812171459198 0.33725371956825256 0.4599614441394806
0.2974421977996826 6.414426025003195e-05 0.10576377809047699
0.11147928982973099 -0.04196774214506149 0.20166300237178802
-0.15730944275856018 0.08796317875385284 0.15956567227840424
0.18960930407047272 -0.2149522751569748 0.07090850919485092
0.20261350274085999 -0.06803799420595169 0.0029029706493020058
-0.028537552803754807 -0.18726591765880585 0.09249928593635559
-0.08304319530725479 -0.10066910088062286 -0.02234366163611412
-0.0541781410574913 0.08447650074958801 0.27941811084747314
0.004457780625671148 -0.31371599435806274 -0.005922035314142704
-0.005599291063845158 -0.17313723266124725 0.006682969629764557
0.21289537847042084 -0.12479991465806961 -0.12518994510173798
-0.04198022186756134 -0.3114028871059418 0.007121523376554251
-0.11571968346834183 -0.2785520553588867 0.058911439031362534
0.13515834510326385 -0.2836644947528839 0.0946364626288414
-0.050271403044462204 0.11222062259912491 0.46333280205726624
0.06916552037000656 -0.3158685863018036 -0.07672619819641113
0.038320183753967285 -0.31174546480178833 0.023545939475297928
-0.09822505712509155 -0.1256137490272522 -0.010040560737252235
0.06580322235822678 -0.34324145317077637 0.10133238136768341
-0.15728408098220825 0.025325793772935867 0.26239001750946045
0.09910214692354202 -0.4267132878303528 -0.005849658045917749
0.2051372081041336 -0.10497250407934189 -0.019937440752983093
0.060574423521757126 -0.35755589604377747 -0.04282250255346298
-0.348563551902771 0.07246271520853043 0.17523163557052612
0.1809418797492981 -0.2959635555744171 -0.09375511109828949
0.21926316618919373 -0.2848464548587799 -0.07037974148988724
0.03937981277704239 -0.09878981858491898 0.09326015412807465
0.16397912800312042 -0.2561917006969452 0.06668046861886978
-0.06946351379156113 -0.3247188329696655 -0.09763004630804062
0.10606209188699722 -0.18025238811969757 -0.1002817302942276
-0.09104999154806137 -0.2737463712692261 -0.17122681438922882
-0.06653507798910141 -0.3385127782821655 0.1893269419670105
0.11467086523771286 -0.29374197125434875 0.08463946729898453
0.02299271523952484 -0.03229781985282898 0.2102406769990921
-0.05146947130560875 0.13737644255161285 0.3712111711502075
0.017986992374062538 -0.1833050400018692 -0.004097923636436462
-0.09389793127775192 -0.2640592157840729 -0.14517582952976227
0.013508528470993042 -0.31222832202911377 0.011333061382174492
-0.1255502551794052 -0.20352663099765778 0.1374722719192505
-0.21374770998954773 -0.14328496158123016 0.11671607941389084
-0.14200879633426666 -0.28099873661994934 0.11378814280033112
-0.18881043791770935 -0.2133091241121292 -0.050173696130514145
-0.04626582935452461 -0.11714062839746475 0.07906239479780197
0.05502407252788544 -0.016487261280417442 0.2970123589038849
0.1586887538433075 0.24514177441596985 0.3730449378490448
-0.02121807262301445 -0.3183973729610443 0.2248460352420807
0.046236682683229446 -0.19183304905891418 0.07177190482616425
-0.10849868506193161 -0.32537686824798584 -0.09239247441291809
0.15304557979106903 -0.21243168413639069 -0.0596076138317585
0.2806287407875061 0.006232263520359993 0.06175900995731354
-0.04446006193757057 -0.34175974130630493 -0.0773371160030365
0.10715556144714355 -0.2397916465997696 0.07404718548059464
0.1520196944475174 -0.2977049946784973 -0.16268853843212128
0.07249856740236282 -0.13392630219459534 0.18700723350048065
-0.1397102177143097 -0.26407480239868164 -0.17742867767810822
0.06654247641563416 -0.17390784621238708 0.0179489366710186
0.22487139701843262 -0.22628270089626312 -0.2212267965078354
-0.021484028548002243 -0.3267139494419098 0.12814170122146606
-0.10565822571516037 0.0016507114050909877 0.36736753582954407
0.21405303478240967 -0.28340721130371094 -0.10751490294933319
-0.23534013330936432 -0.11155588179826736 0.2095419466495514
0.14647869765758514 -0.10920247435569763 0.03918948397040367
0.06137322261929512 -0.15985411405563354 0.1497863382101059
-0.2890118956565857 -0.21819055080413818 0.17728671431541443
-0.2548306882381439 -0.05599229410290718 -0.07363506406545639
-0.08859694004058838 -0.09287620335817337 -0.12881173193454742
-0.1500326246023178 -0.19979998469352722 -0.051885008811950684
0.16193066537380219 -0.1127857118844986 0.0664885863661766
0.07595814764499664 -0.29555854201316833 0.15812520682811737
0.2368301898241043 -0.2948717474937439 -0.08846224099397659
0.2890027165412903 -0.22904495894908905 0.12570764124393463
0.02830127812922001 -0.3469790816307068 0.052034880965948105
0.10950709879398346 -0.20983049273490906 0.16248278319835663
0.06813687831163406 -0.2964545786380768 -0.3787817656993866
0.1505879908800125 -0.21551938354969025 0.05255619063973427
0.038287147879600525 -0.3292803168296814 0.14014208316802979
0.03837154060602188 -0.2656390964984894 -0.07960573583841324
0.11687098443508148 -0.0020469159353524446 0.251503050327301
0.23424559831619263 -0.08863342553377151 0.09129539877176285
-0.11598161607980728 -0.2967226803302765 0.043026696890592575
0.04093702882528305 -0.31464675068855286 -0.015592677518725395
0.08737935870885849 -0.0845792293548584 0.3853270411491394
-0.06086238846182823 -0.23540228605270386 -0.05616321042180061
-0.004676986951380968 0.04210749641060829 0.2608928680419922
0.22606217861175537 -0.03917958587408066 0.11026661098003387
0.11335831880569458 -0.09598191827535629 -0.1574684977531433
-0.2582246959209442 -0.12564308941364288 0.0637124553322792
-0.30741870403289795 -0.151733860373497 0.18268349766731262
-0.11873891204595566 -0.34376028180122375 0.04007207602262497
-0.013951629400253296 -0.028102530166506767 0.2238057553768158
0.23571112751960754 -0.3140575587749481 0.004489933140575886
0.13271793723106384 -0.2452414184808731 -0.08759907633066177
-0.0867234617471695 -0.3304758667945862 -0.05121753364801407
-0.11627571284770966 -0.31703612208366394 -0.06824231892824173
0.0661747008562088 -0.3042955994606018 -0.20944344997406006
0.1385393738746643 -0.2994939386844635 0.044587042182683945
0.12840478122234344 -0.19850747287273407 -0.07562561333179474
-0.15469510853290558 -0.33322015404701233 0.12783031165599823
0.03648792952299118 -0.07248799502849579 0.19483980536460876
0.10131197422742844 -0.28032273054122925 -0.0756804347038269
0.2486685812473297 -0.22829073667526245 0.03491326421499252
-0.3361785113811493 -0.04080561548471451 0.04634248837828636
-0.17143723368644714 -0.16623079776763916 -0.24445749819278717
-0.10334345698356628 -0.2878094017505646 -0.012630399316549301
-0.1379433572292328 -0.13547611236572266 0.1454681158065796
-0.3552514910697937 -0.1372266411781311 -0.07097888737916946
-0.06536516547203064 -0.24790985882282257 -0.265107661485672
0.20406047999858856 -0.19125182926654816 0.13876375555992126
0.11311271041631699 -0.023396318778395653 0.03372399881482124
-0.03510715439915657 -0.25210410356521606 0.05595003813505173
-0.08920418471097946 -0.20652399957180023 -0.37100282311439514
0.027234192937612534 -0.2875366508960724 -0.15759137272834778
-0.07656318694353104 -0.3157539367675781 0.035328883677721024
0.05854674056172371 0.05919615551829338 0.3238571882247925
-0.07057204842567444 0.021733015775680542 0.11643142253160477
0.054669808596372604 0.06017957255244255 0.14815358817577362
-0.2682717442512512 -0.14250510931015015 0.1518414169549942
-0.1420276165008545 -0.01881542056798935 0.026028085500001907
-0.06643709540367126 -0.3199634253978729 0.06694304198026657
-0.029632674530148506 -0.2532167434692383 -0.01965767703950405
-0.04127752408385277 -0.3103828430175781 -0.10713735967874527
-0.1013275608420372 -0.3109081983566284 -0.2895895838737488
-0.1577654480934143 -0.33829450607299805 0.06332188844680786
-0.048607438802719116 -0.2021317183971405 0.21974705159664154
0.14945559203624725 -0.19898198544979095 -0.16342857480049133
0.0051731327548623085 -0.2877329885959625 0.04843410477042198
0.128902867436409 -0.2693497836589813 0.13273543119430542
0.12041927129030228 -0.23560717701911926 0.1023666113615036
-0.024201901629567146 -0.153586745262146 0.10846895724534988
0.053393714129924774 -0.287323921918869 0.03449838235974312
-0.15294116735458374 -0.052268147468566895 0.0006413731025531888
0.18393132090568542 -0.2518761456012726 -0.022446518763899803
0.19904713332653046 -0.25571131706237793 0.011014088988304138
0.024641452357172966 -0.16512185335159302 0.21115176379680634
-0.1385638564825058 -0.10286016762256622 -0.23615768551826477
0.10640795528888702 -0.22202512621879578 0.013377448543906212
0.07473929226398468 -0.2802561819553375 -0.020291335880756378
0.10380431264638901 -0.2941531538963318 0.10246724635362625
0.16803860664367676 -0.0779503732919693 0.15682893991470337
0.10839955508708954 -0.28490063548088074 0.21551215648651123
0.14169801771640778 -0.5442926287651062 -0.6437270045280457
0.14552338421344757 -0.1456114947795868 0.02986583486199379
-0.08144144713878632 -0.24352890253067017 0.1738375574350357
0.18044370412826538 -0.31389597058296204 0.0017282823100686073
-0.21681717038154602 -0.3345426023006439 0.002875626552850008
-0.3650607168674469 -0.29721736907958984 0.06413015723228455
-0.10787846148014069 -0.19133296608924866 -0.12773559987545013
-0.12295778095722198 -0.2011340707540512 -0.22056467831134796
0.09536004811525345 -0.3250817656517029 0.01822471246123314
0.26497963070869446 -0.18621203303337097 -0.08021635562181473
-0.0867839977145195 -0.2247411608695984 -0.030962923541665077
0.16616259515285492 -0.3061852753162384 -0.046160098165273666
0.1939602941274643 -0.33426281809806824 -0.29870954155921936
-0.2324897199869156 -0.31528282165527344 -0.03235167637467384
0.0997859314084053 -0.07355833053588867 0.12940634787082672
0.14114056527614594 -0.2973499894142151 -0.20639631152153015
0.19401174783706665 -0.17499800026416779 -0.08512143790721893
0.08966179192066193 -0.290110319852829 -0.2567235827445984
-0.19462543725967407 -0.1031361073255539 -0.01211799681186676
-0.06214139610528946 -0.33494365215301514 -0.3208484351634979
-0.22393351793289185 -0.15414367616176605 0.061591196805238724
-0.07302603870630264 -0.20131058990955353 -0.028595980256795883
0.02411307580769062 -0.20165137946605682 -0.1813168078660965
0.122904472053051 -0.12254387140274048 0.22527053952217102
0.1456877589225769 -0.27911558747291565 0.06191393733024597
-0.06906243413686752 -0.04814529791474342 -0.029837677255272865
-0.23014670610427856 -0.27899402379989624 0.009640699252486229
0.2682870924472809 -0.18480899930000305 -0.034723225980997086
-0.1451663225889206 -0.09497543424367905 0.01758306287229061
0.038297735154628754 0.02613644115626812 0.28449568152427673
0.1615689992904663 0.13104714453220367 0.46402260661125183
-0.09525134414434433 -0.1084611713886261 -0.011271126568317413
-0.13376860320568085 -0.1186404600739479 0.024643581360578537
-0.025274505838751793 -0.2983330488204956 0.07831449806690216
-0.0052518644370138645 -0.12541168928146362 0.019399290904402733
0.005352349020540714 -0.11022287607192993 -0.19224171340465546
-0.007638337556272745 -0.13755063712596893 0.2430175393819809
0.1966385841369629 -0.26278963685035706 0.09067793935537338
-0.03083144873380661 -0.17816971242427826 -0.07761187851428986
0.23225104808807373 -0.390976220369339 -0.04328717291355133
-0.266948401927948 -0.2879864573478699 0.09643322974443436
0.2056143581867218 -0.2795226573944092 -0.10919195413589478
0.020981786772608757 -0.32215163111686707 -0.010005811229348183
0.10737953335046768 -0.045437976717948914 0.26098939776420593
-0.11761525273323059 -0.18629848957061768 0.26580533385276794
-0.016275819391012192 -0.24031765758991241 -0.019211623817682266
0.01938566565513611 -0.15997576713562012 -0.0035509737208485603
0.047388944774866104 -0.2578907310962677 0.039093293249607086
0.0347723662853241 0.20065072178840637 0.09909501671791077
0.10714530199766159 -0.23463593423366547 0.09529933333396912
0.0557890348136425 -0.27030691504478455 0.058233246207237244
-0.0093160979449749 0.0676635280251503 0.3176845908164978
0.07881108671426773 0.21437932550907135 0.026459140703082085
-0.165458083152771 -0.27384012937545776 0.04870231822133064
-0.02327360026538372 -0.2976929843425751 0.09756827354431152
0.11852848529815674 -0.34262320399284363 -0.03514844924211502
0.19636307656764984 -0.14413756132125854 -0.04277926683425903
-0.13006696105003357 0.17509274184703827 0.2488858997821808
0.18857182562351227 -0.04307346045970917 0.16069671511650085
0.024517210200428963 -0.32986554503440857 -0.034011758863925934
-0.1820652037858963 -0.19925348460674286 -0.16926586627960205
0.045950230211019516 -0.26951709389686584 0.11418774724006653
-0.05164402723312378 -0.35019975900650024 0.004204044118523598
0.0665900781750679 -0.056832727044820786 0.2483566850423813
-0.13765034079551697 -0.07604965567588806 -0.007878713309764862
0.07608664035797119 -0.27192363142967224 0.04003632813692093
0.055609866976737976 -0.23821936547756195 0.16619175672531128
-0.024236639961600304 -0.25128084421157837 -0.10533519834280014
-0.0562673956155777 -0.2915094196796417 0.010087693110108376
-0.1947006732225418 -0.1084236279129982 0.07815670222043991
0.05452042818069458 -0.290709912776947 -0.25625109672546387
-0.013709885999560356 -0.12488905340433121 0.04181880131363869
0.08920643478631973 -0.03381612151861191 0.2715613543987274
-0.09211498498916626 -0.27401015162467957 -0.3003265857696533
0.11023633182048798 -0.08040542155504227 -0.19367901980876923
-0.014851512387394905 -0.14244452118873596 -0.1410903036594391
-0.02779139205813408 -0.31614336371421814 -0.03571202978491783
-0.02661583386361599 0.08543432503938675 0.10566838830709457
0.03787596523761749 0.0022867536172270775 -0.306279718875885
0.07317472249269485 -0.2989945411682129 -0.21829205751419067
0.061917491257190704 -0.032256510108709335 -0.23757828772068024
-0.09964963048696518 -0.2917552590370178 0.0915444940328598
0.19436220824718475 -0.29881149530410767 0.07324144244194031
-0.07808417081832886 -0.2219279408454895 -0.07821114361286163
-0.06737000495195389 -0.2896057069301605 -0.04339885339140892
0.1740194410085678 -0.2015400528907776 0.1657683402299881
-0.29164159297943115 -0.06604029983282089 -0.06299271434545517
-0.04183575510978699 -0.1949961930513382 -0.04643973708152771
-0.5731276273727417 0.036637306213378906 -0.1572258025407791
-0.3203439712524414 -0.2721542418003082 0.08095108717679977
-0.35496699810028076 -0.0669112280011177 0.24035663902759552
0.07161644846200943 -0.2860957384109497 0.12543229758739471
0.046466514468193054 0.020629683509469032 0.12317702174186707
-0.17532360553741455 0.0169453714042902 -0.10990187525749207
0.1535121351480484 0.060536473989486694 -0.05542411655187607
0.03575487062335014 -0.10811631381511688 0.29562291502952576
-0.10179073363542557 -0.24779604375362396 0.11993730068206787
-0.10356903076171875 -0.26485663652420044 -0.17639893293380737
-0.1528855264186859 -0.26707157492637634 -0.16206048429012299
0.3072146773338318 -0.3475261330604553 -0.017867840826511383
0.08858253061771393 -0.33184969425201416 -0.004886231850832701
0.08818201720714569 -0.21727988123893738 0.11031658202409744
-0.19310906529426575 -0.08583610504865646 0.13088467717170715
0.12192239612340927 -0.3254179358482361 -0.053275663405656815
-0.07616168260574341 -0.10654151439666748 0.21416454017162323
0.011477822437882423 -0.22186438739299774 0.23857484757900238
-0.11254582554101944 -0.21828417479991913 -0.08370472490787506
-0.22119207680225372 -0.06703713536262512 0.08827174454927444
-0.10122083127498627 -0.12055172771215439 -0.057741280645132065
0.06507495790719986 -0.2886924147605896 -0.17055480182170868
0.08306246250867844 -0.30214574933052063 -0.23171813786029816
0.01760251633822918 -0.3340831398963928 -0.08944683521986008
0.007182740606367588 -0.32198724150657654 -0.10715580731630325
-0.03210202977061272 -0.301495224237442 0.09525088965892792
0.010931627824902534 -0.0488479882478714 -0.11550410836935043
0.15772311389446259 -0.28239214420318604 0.14109045267105103
-0.00898822769522667 -0.5148359537124634 -0.33087897300720215
0.13912519812583923 -0.17698019742965698 0.013695312663912773
0.10267768800258636 -0.05555622652173042 0.3683781027793884
0.03251875936985016 -0.31334567070007324 -0.0831003487110138
-0.2492901086807251 -0.23531727492809296 0.008638921193778515
0.2278161346912384 -0.28219079971313477 -0.24100147187709808
-0.1711278259754181 0.030163047835230827 0.28419506549835205
0.10506393015384674 -0.24567367136478424 -0.054722126573324203
-0.09447880834341049 -0.16745677590370178 0.302041232585907
-0.03533622622489929 -0.33926451206207275 -0.0790160596370697
-0.2055000513792038 -0.2064940333366394 0.16321922838687897
0.019780918955802917 -0.28031235933303833 0.025643564760684967
0.06132924556732178 -0.27102959156036377 -0.12132002413272858
0.10060873627662659 -0.16757407784461975 -0.004896759986877441
0.08926772326231003 -0.23191511631011963 -0.1763705611228943
0.12627963721752167 -0.2421019971370697 0.35838767886161804
0.14833097159862518 -0.3265160620212555 -0.061622921377420425
0.10225372016429901 -0.21727371215820312 0.06806200742721558
0.24490168690681458 -0.3689010739326477 0.12199719995260239
0.13144871592521667 -0.0641661286354065 -0.025478791445493698
0.007891437038779259 -0.16300959885120392 0.024462055414915085
0.11499854922294617 -0.0655805766582489 0.01903696358203888
0.10478303581476212 -0.31371182203292847 -0.09801258891820908
0.11117792874574661 -0.3433338701725006 0.0006208285922184587
0.18272265791893005 -0.3272327184677124 0.028061509132385254
-0.17772507667541504 -0.08563418686389923 0.13849784433841705
0.12075259536504745 -0.285171240568161 -0.0176142156124115
0.09934438019990921 -0.15489982068538666 0.1580357849597931
0.23273006081581116 -0.30372127890586853 0.042667023837566376
-0.16337543725967407 -0.03701331838965416 0.11409743130207062
0.326416015625 -0.291044145822525 -0.002065771259367466
0.007727650459855795 -0.2380586713552475 0.12435158342123032
-0.015683701261878014 -0.09409472346305847 -0.2778712511062622
-0.11560782045125961 -0.29865211248397827 -0.07883626967668533
-0.009216748178005219 -0.20380368828773499 0.03484630212187767
-0.1839160919189453 -0.27981317043304443 -0.20387253165245056
-0.05234723910689354 -0.29345667362213135 -0.18866340816020966
-0.215758815407753 -0.25427505373954773 -0.12460943311452866
0.1594119817018509 -0.3272722363471985 0.06144430860877037
-0.2894265949726105 -0.06015706807374954 0.037024836987257004
0.1261167675256729 -0.2776890695095062 -0.06462258845567703
0.07807394862174988 -0.12987731397151947 0.17973002791404724
-0.005691113881766796 -0.08872218430042267 0.14127284288406372
0.14221909642219543 -0.046377915889024734 0.1064533218741417
-0.5345919132232666 -0.25019508600234985 -0.011561380699276924
0.1411822885274887 -0.1606283336877823 0.10881944000720978
-0.21705132722854614 -0.176054909825325 0.15510806441307068
0.03908819705247879 -0.25788038969039917 0.062082789838314056
0.256281316280365 -0.13794589042663574 0.09005440026521683
-0.0020952539052814245 -0.2504282295703888 0.06218526139855385
0.21064195036888123 -0.27507930994033813 0.0005570780485868454
0.24686843156814575 -0.17833082377910614 0.2301132082939148
-0.39791691303253174 -0.19653528928756714 -0.2888849377632141
0.33301597833633423 0.058078180998563766 -0.18981006741523743
0.136789932847023 -0.3011942207813263 -0.10291767120361328
-0.20056483149528503 -0.005241986829787493 0.15234236419200897
0.15867531299591064 -0.29904696345329285 -0.15727820992469788
0.2663489580154419 0.24441593885421753 0.08671583235263824
0.002055187476798892 -0.28783220052719116 -0.3138914406299591
-0.3191918432712555 -0.07995547354221344 -0.23406049609184265
0.001044133910909295 -0.35756516456604004 -0.0311786737293005
0.07618141174316406 -0.31196674704551697 0.00488252704963088
0.08299615234136581 -0.32537853717803955 -0.04927666485309601
0.028645144775509834 0.0032225195318460464 0.04306278005242348
0.1917358636856079 -0.0895688459277153 -0.057984791696071625
-0.12039651721715927 -0.015638552606105804 -0.027020882815122604
0.012234799563884735 -0.2963244318962097 0.00879647210240364
-0.05694085359573364 -0.2656628489494324 -0.013856993988156319
-0.1802278459072113 -0.04417882859706879 -0.18877796828746796
-0.04878026619553566 -0.18693631887435913 0.18976479768753052
-0.13822023570537567 -0.14494729042053223 -0.18485483527183533
-0.11931205540895462 -0.3091816306114197 -0.06675874441862106
-0.05510979890823364 -0.2852514088153839 -0.2675063908100128
-0.21261605620384216 -0.25719529390335083 -0.03157438710331917
-0.08309148997068405 -0.3038906157016754 0.08335243910551071
0.25857406854629517 -0.18453985452651978 -0.11485464125871658
0.05553675815463066 -0.14289897680282593 0.1798880398273468
0.22053103148937225 -0.12320733070373535 0.20656535029411316
0.11916103214025497 -0.3388921022415161 0.10950036346912384
0.02247968688607216 -0.2297404259443283 0.10272661596536636
0.25785359740257263 -0.2679263949394226 -0.19561703503131866
-0.06410200148820877 -0.32511961460113525 -0.06093719229102135
0.04291433095932007 -0.3279051184654236 0.053614113479852676
-0.12432665377855301 -0.33206647634506226 -0.002553996630012989
0.12887707352638245 -0.2951785624027252 -0.04510440304875374
0.046334851533174515 -0.1523558497428894 0.15316151082515717
0.1871575117111206 0.049372706562280655 0.11401505768299103
0.14233869314193726 -0.0531756691634655 0.19054274260997772
0.268748015165329 -0.333421528339386 0.033038005232810974
-0.07351577281951904 -0.25130996108055115 0.05850152671337128
-0.2822226881980896 -0.1856512427330017 0.1542118787765503
0.31499335169792175 -0.24207773804664612 -0.349142849445343
-0.08645708113908768 -0.2673383355140686 -0.14976990222930908
-0.054903969168663025 -0.2686038315296173 0.11465064436197281
-0.18497681617736816 -0.30241408944129944 -0.13619282841682434
-0.06131591647863388 0.057162731885910034 0.2598741352558136
-0.07267706841230392 -0.3324546217918396 0.013765823096036911
0.25773119926452637 -0.2808484435081482 -0.11160815507173538
-0.007862137630581856 -0.16884198784828186 -0.06432759016752243
-0.21118421852588654 -0.31752872467041016 -0.005903488490730524
-0.03855918347835541 -0.2592145502567291 -0.1768822968006134
-0.1429983228445053 0.09801273792982101 0.24345117807388306
0.004688750486820936 0.06289496272802353 0.34381869435310364
-0.0750158429145813 -0.23493003845214844 -0.19950436055660248
0.1161559447646141 -0.3025667071342468 0.08415292948484421
0.034425001591444016 0.019415060058236122 0.2172577679157257
0.1955401450395584 -0.29383528232574463 -0.03460085391998291
-0.17289093136787415 -0.2078534960746765 -0.021285085007548332
-0.26276692748069763 0.27346330881118774 -0.007578916382044554
0.19454360008239746 -0.32397323846817017 0.05642827972769737
0.09590241312980652 -0.31120917201042175 0.0031369230709969997
0.03925952687859535 -0.18587324023246765 -0.01879722625017166
-0.3253627121448517 -0.07139721512794495 -0.022745322436094284
0.07925418764352798 -0.1974494904279709 -0.03420348837971687
-0.06913185119628906 -0.04698750749230385 0.1610773503780365
0.055282846093177795 -0.3305904269218445 -0.06404607743024826
0.09775602072477341 -0.3581019341945648 -0.1813231110572815
-0.13780976831912994 -0.3190673887729645 -0.045266229659318924
-0.1899290233850479 -0.27983230352401733 -0.19359757006168365
0.22718380391597748 -0.10952110588550568 -0.03277172893285751
-0.10920744389295578 -0.2818554639816284 -0.09290838241577148
0.01754291169345379 -0.24638903141021729 -0.008683990687131882
-0.005577682517468929 -0.2529084384441376 0.09603684395551682
-0.00957256555557251 -0.21612560749053955 0.08390702307224274
0.14352203905582428 -0.27247753739356995 -0.20035327970981598
-0.1776200234889984 -0.2988162636756897 -0.1349678486585617
0.06434763967990875 -0.15743975341320038 0.29920637607574463
0.017229044809937477 -0.09090600162744522 0.341383159160614
-0.10314908623695374 -0.10345371067523956 0.20371310412883759
0.07570692896842957 -0.15279574692249298 0.04241558909416199
0.15438981354236603 -0.30712220072746277 0.07168646156787872
-0.13734877109527588 -0.2724130153656006 -0.3339988589286804
0.03439959138631821 -0.3183691203594208 0.006777532398700714
0.04514449089765549 -0.08761617541313171 -0.07357508689165115
0.08549225330352783 -0.2250663787126541 0.10488005727529526
-0.06832487136125565 -0.19499950110912323 0.19790248572826385
0.02010234259068966 -0.31362155079841614 0.04278554022312164
-0.3267362117767334 0.1310795098543167 0.05237094312906265
0.19234846532344818 -0.17895255982875824 0.05254383385181427
-0.028940483927726746 -0.329052209854126 -0.03592933341860771
-0.012547997757792473 -0.3034978210926056 -0.06813846528530121
-0.007379028480499983 -0.16283796727657318 0.2178201824426651
-0.2190495878458023 -0.3754468262195587 0.09322118759155273
-0.03374694660305977 -0.2006789892911911 -0.16132862865924835
0.018370699137449265 -0.3257101774215698 -0.07779528945684433
0.03239268809556961 -0.3008113503456116 0.022718165069818497
-0.06481225788593292 -0.14398635923862457 -0.14129239320755005
0.011648481711745262 -0.1821403056383133 0.19650398194789886
0.04692321643233299 -0.15290285646915436 0.04082047939300537
0.08790333569049835 -0.21461080014705658 0.0746556967496872
0.0018475779797881842 -0.3411623537540436 -0.04998956620693207
0.04315352812409401 -0.27171292901039124 -0.2279370129108429
-0.16948100924491882 -0.24385786056518555 0.16231225430965424
-0.14307677745819092 -0.31133490800857544 0.02708687074482441
-0.11807037889957428 0.06253833323717117 0.4454248547554016
0.1383102536201477 -0.2607277035713196 -0.16214042901992798
0.0005748819094151258 -0.27852675318717957 -0.23634327948093414
-0.03789510577917099 -0.12293287366628647 0.05862753465771675
0.013768821954727173 -0.33936089277267456 0.016031356528401375
0.019025040790438652 -0.3314642906188965 0.037121083587408066
0.27760449051856995 -0.16851285099983215 -0.14700858294963837
0.027197226881980896 -0.30041277408599854 -0.04310585930943489
0.11174147576093674 -0.2690070569515228 0.03396066650748253
0.14497748017311096 -0.28566840291023254 -0.1564144343137741
0.0966549962759018 -0.13992801308631897 0.17764997482299805
-0.021794799715280533 -0.036570530384778976 0.2707536518573761
-0.10863467305898666 -0.2643357515335083 -0.20830164849758148
-0.21740178763866425 -0.2307666838169098 -0.0001072869636118412
0.2567395269870758 -0.3272315561771393 0.1372525990009308
-0.12021680176258087 -0.25346311926841736 -0.06736642122268677
0.17513005435466766 -0.16205859184265137 -0.2962195575237274
-0.361331969499588 0.2620212733745575 0.1298520714044571
0.10357767343521118 -0.1995183527469635 0.061064235866069794
-0.09845179319381714 -0.1896534115076065 -0.1116410344839096
-0.023122062906622887 -0.16663554310798645 -0.06048490107059479
-0.14464321732521057 -0.23082585632801056 0.09635838866233826
-0.17387038469314575 -0.03692082688212395 0.35616040229797363
-0.44916412234306335 -0.05975397303700447 -0.2797466516494751
0.04215634614229202 -0.2632952630519867 -0.1817091852426529
0.24534906446933746 -0.21915026009082794 -0.13379617035388947
0.12202125787734985 0.026439063251018524 0.2121133804321289
-0.03960109502077103 0.10171710699796677 0.30421656370162964
0.08503161370754242 -0.22096672654151917 -0.06729213893413544
-0.059470776468515396 -0.18490256369113922 0.3473048508167267
-0.1077721044421196 -0.2988322079181671 -0.11655416339635849
-0.0897931307554245 -0.2178441882133484 0.28717291355133057
0.14374825358390808 -0.24428966641426086 -0.16061526536941528
0.05335509404540062 -0.11792761832475662 0.13481293618679047
-0.1393502801656723 0.1656261384487152 0.25483083724975586
0.04999289661645889 -0.28846949338912964 -0.1838901937007904
0.1749235838651657 -0.28881147503852844 -0.23175078630447388
0.162552610039711 -0.33988648653030396 0.005405306816101074
0.08741249889135361 -0.25481799244880676 0.11019029468297958
0.04910693317651749 -0.07915566861629486 0.012146750465035439
0.07545868307352066 -0.07625536620616913 0.0237448588013649
-0.09275579452514648 -0.1165008619427681 -0.1579560786485672
-0.06021533161401749 -0.34939122200012207 0.058925364166498184
-0.020726023241877556 -0.19398897886276245 -0.08948954939842224
0.015241635963320732 -0.2593923807144165 0.1225990280508995
0.0015165017684921622 -0.2880668640136719 -0.10236281901597977
-0.02801278978586197 -0.34429171681404114 -0.031850624829530716
-0.3559184670448303 -0.18955527245998383 0.03842718526721001
-0.049295227974653244 -0.15508732199668884 0.16577690839767456
0.08025318384170532 -0.11817815899848938 0.1557200402021408
0.028937609866261482 -0.2653692662715912 0.04189811274409294
-0.18553850054740906 -0.1614028513431549 0.1544208526611328
-0.03875310719013214 -0.2801508903503418 -0.33121755719184875
-0.1001356840133667 -0.32441532611846924 0.1193627417087555
-0.13310879468917847 0.1591337025165558 0.003395230043679476
-0.1305437535047531 -0.22653357684612274 0.10487200319766998
0.12884607911109924 -0.20055463910102844 -0.3830418884754181
0.13095872104167938 -0.04069804027676582 0.11170520633459091
0.09009861946105957 -0.27351900935173035 -0.12351762503385544
0.1841869205236435 0.09290917962789536 0.17033645510673523
-0.06345965713262558 -0.26607951521873474 -0.13835233449935913
0.06285924464464188 -0.28413593769073486 0.17247673869132996
-0.1352270245552063 0.02760164439678192 0.2559131681919098
0.008366938680410385 -0.3230604827404022 -0.03936757892370224
0.10970872640609741 0.0249503031373024 0.4523452818393707
-0.22282972931861877 -0.26100945472717285 0.17779260873794556
0.037126295268535614 -0.23076333105564117 0.14370910823345184
-0.022943293675780296 -0.3312995731830597 -0.1204870417714119
0.05590139329433441 -0.25965744256973267 -0.176062673330307
0.09692969173192978 -0.393501341342926 -0.30725476145744324
0.018813524395227432 -0.01549535058438778 0.1425144076347351
-0.12210040539503098 -0.23423650860786438 -0.012887191027402878
0.039557717740535736 -0.0816325768828392 0.014565002173185349
-0.157260462641716 -0.18305614590644836 -0.08219671994447708
-0.1726359874010086 -0.03804831579327583 -0.27280545234680176
-0.016763603314757347 0.053329017013311386 0.07693886756896973
-0.11009321361780167 -0.14777027070522308 0.027211332693696022
-0.08519451320171356 -0.27685534954071045 -0.16806021332740784
0.058401040732860565 0.06242172792553902 0.4347611665725708
0.061883632093667984 -0.3237479031085968 0.05406931787729263
-0.0009882631711661816 0.25526854395866394 0.2094370424747467
0.05793912708759308 -0.1344418227672577 0.15117324888706207
0.07756644487380981 -0.1425885111093521 -0.16305825114250183
-0.13389532268047333 0.07525092363357544 -0.07299540936946869
-0.016906391829252243 -0.3377697467803955 0.022103291004896164
-0.13275054097175598 -0.26562172174453735 -0.03794797882437706
0.0284169539809227 -0.26596584916114807 -0.054173827171325684
0.1716807782649994 0.04442352429032326 0.2631741762161255
0.055779896676540375 -0.3179779052734375 0.044359028339385986
-0.11180512607097626 -0.11338046193122864 0.10403256863355637
-0.09186813235282898 -0.23929569125175476 -0.07495690137147903
0.14404286444187164 -0.24844244122505188 0.019109860062599182
0.06023916229605675 -0.12694519758224487 -0.06908583641052246
0.03776949271559715 -0.23982451856136322 0.01002604328095913
-0.11171012371778488 -0.3153667449951172 -0.12809044122695923
0.14290250837802887 -0.2620335519313812 0.12943430244922638
-0.18973734974861145 -0.10528592020273209 0.06681466102600098
0.14384494721889496 -0.20290668308734894 -0.07531263679265976
0.23390954732894897 -0.29939475655555725 0.039474982768297195
-0.13318857550621033 -0.15833599865436554 0.29876306653022766
-0.03268196061253548 -0.31807756423950195 -0.02368597313761711
-0.04798030108213425 -0.15706919133663177 0.17369599640369415
0.07779154926538467 -0.2412000149488449 -0.14147785305976868
0.0905468687415123 -0.2986368238925934 -0.011895539239048958
0.038130082190036774 -0.3479889929294586 -0.0007369066588580608
0.3090272545814514 -0.21193256974220276 0.19934140145778656
-0.13735947012901306 -0.10465210676193237 -0.05270018428564072
0.11956262588500977 -0.32005223631858826 0.04797816649079323
-0.02383045293390751 -0.29676857590675354 0.10462068021297455
-0.17274369299411774 -0.33270499110221863 0.002737624105066061
0.07595875859260559 -0.219734326004982 -0.3138672709465027
0.015816276893019676 -0.3635494112968445 0.08783717453479767
0.00782870315015316 -0.2321300506591797 -0.13229820132255554
0.028978658840060234 -0.16640213131904602 -0.17637494206428528
0.07528714835643768 -0.026897316798567772 0.18680322170257568
-0.4244626462459564 -0.3427268862724304 0.03574300557374954
-0.13879063725471497 -0.08564650267362595 -0.014655960723757744
-0.030231736600399017 -0.32430845499038696 -0.06031014025211334
0.08108752965927124 -0.33091121912002563 -0.0574895404279232
-0.14182208478450775 -0.2726231813430786 0.1360664814710617
-0.005151128862053156 -0.2906177043914795 -0.04106428101658821
0.07117601484060287 -0.07944618910551071 -0.09700849652290344
0.10197776556015015 -0.32315754890441895 0.022724976763129234
0.027952734380960464 -0.09006328880786896 -0.13869594037532806
-0.046232182532548904 -0.26626813411712646 0.019195396453142166
0.03520924225449562 -0.32696306705474854 -0.14278455078601837
-0.12809497117996216 -0.21935787796974182 -0.059710804373025894
-0.15054523944854736 -0.31801459193229675 -0.017008120194077492
-0.22260475158691406 0.19556057453155518 0.02493518777191639
-0.18080781400203705 -0.18353740870952606 0.2565232515335083
0.2500224709510803 -0.30961886048316956 -0.2180609256029129
-0.02450462244451046 -0.3056122660636902 0.06177964061498642
-0.21948526799678802 0.053242556750774384 0.2666788399219513
-0.02859976515173912 -0.05832977965474129 -0.27169278264045715
0.1830841600894928 -0.2573663592338562 -0.11466201394796371
0.18830148875713348 -0.18475405871868134 -0.14419019222259521
-0.33335253596305847 0.002688967389985919 0.03642731159925461
-0.17325975000858307 -0.03328477591276169 -0.31928750872612
0.057212866842746735 -0.2971200942993164 -0.2392263263463974
0.06711909919977188 -0.3430711627006531 0.0604507215321064
0.21787671744823456 0.08586687594652176 0.2955509126186371
0.14329387247562408 -0.2407710999250412 -0.015568563714623451
-0.08240028470754623 -0.31638994812965393 -0.01768331229686737
0.13037998974323273 -0.16394558548927307 0.09627926349639893
0.1996089369058609 -0.3072156310081482 0.06011398509144783
-0.13244953751564026 -0.3206276595592499 0.007718526292592287
-0.156537726521492 -0.1715185046195984 0.08217458426952362
-0.0806623324751854 -0.21336595714092255 0.03896701708436012
0.07709383964538574 -0.26229652762413025 -0.12104165554046631
-0.29160255193710327 -0.11883451789617538 -0.2878613770008087
-0.04408670961856842 -0.29077279567718506 0.11941061168909073
0.10509354621171951 0.1695178598165512 0.09127020835876465
0.028158919885754585 -0.1741638034582138 -0.12050841748714447
-0.02682538703083992 -0.32660311460494995 -0.012968413531780243
-0.004855557344853878 -0.15178081393241882 0.17522306740283966
0.1862560510635376 -0.1579427719116211 0.08262023329734802
-0.1831754744052887 -0.1757000833749771 0.1262984424829483
-0.00824064388871193 -0.3187696635723114 -0.16981373727321625
0.2273504137992859 -0.3045109212398529 -0.01985757425427437
-0.09349463880062103 0.09076100587844849 0.2946716248989105
0.08047588169574738 -0.18286782503128052 -0.24553170800209045
-0.27056676149368286 -0.11191147565841675 -0.03904455527663231
0.0021069375798106194 -0.21545517444610596 0.020642733201384544
-0.027294592931866646 -0.2966555655002594 0.03770260885357857
-0.0404428131878376 -0.10118944942951202 0.21352019906044006
0.18730825185775757 -0.35392850637435913 0.06737835705280304
0.204976886510849 -0.17609386146068573 0.15869762003421783
0.23562674224376678 -0.22771519422531128 -0.1566949486732483
0.012590698897838593 -0.13069552183151245 0.2935328185558319
-0.3556113541126251 0.16645683348178864 0.23077791929244995
0.18772995471954346 -0.3377206325531006 -0.219485342502594
-0.16315244138240814 -0.08813678473234177 -0.10605737566947937
-0.0025222529657185078 -0.3523535132408142 -0.019158251583576202
0.137368842959404 -0.05126539245247841 0.04868324473500252
0.09644310176372528 -0.2981628477573395 -0.0024491320364177227
0.15957939624786377 -0.28165704011917114 -0.15527001023292542
-0.1527872532606125 -0.19617041945457458 -0.2145172506570816
0.12769965827465057 -0.1395072042942047 -0.1883862018585205
0.12663964927196503 -0.31940507888793945 0.05631859973073006
0.12424612045288086 -0.2077614963054657 0.20422036945819855
0.08463019877672195 -0.3065871000289917 0.038218904286623
0.055214617401361465 -0.0955147072672844 -0.16495877504348755
0.27170324325561523 -0.05387043207883835 -0.04838862642645836
-0.10975531488656998 -0.27981284260749817 -0.10182683169841766
0.09414047747850418 -0.26777052879333496 0.10599373281002045
-0.44487467408180237 -0.07073241472244263 -0.024724945425987244
-0.1790359914302826 -0.33901354670524597 -0.0025544860400259495
0.02054501697421074 -0.0548279769718647 0.2658151686191559
-0.011095890775322914 -0.23250629007816315 0.10116248577833176
0.21530209481716156 0.07580830901861191 -0.07536379992961884
-0.09581971913576126 -0.3055875301361084 -0.04474855586886406
-0.13856516778469086 -0.298335462808609 0.17187882959842682
0.004811713472008705 -0.271722674369812 0.09516194462776184
-0.06152646988630295 -0.22676542401313782 -0.06532996147871017
-0.13502028584480286 0.12162397056818008 0.4140908718109131
0.03690437227487564 -0.1479925513267517 0.11131905019283295
0.14503057301044464 -0.3558479845523834 0.16273462772369385
-0.16351580619812012 -0.27153506875038147 -0.17753027379512787
0.03219710290431976 -0.273481160402298 -0.044435445219278336
-0.21018041670322418 0.005415028892457485 0.1733795553445816
-0.04477362334728241 -0.2138962596654892 -0.2551305890083313
-0.08235735446214676 -0.3076373338699341 -0.07805243134498596
0.03814159706234932 -0.04128416255116463 0.17045331001281738
-0.1416632980108261 -0.005974611733108759 0.22030234336853027
0.02661772072315216 -0.3141727149486542 -0.03814360871911049
0.24259397387504578 -0.16800592839717865 -0.07970735430717468
-0.20688271522521973 -0.16334395110607147 -0.2352777123451233
0.21274694800376892 -0.2560902237892151 0.22537240386009216
-0.05790982395410538 -0.24577517807483673 -0.10584932565689087
-0.029501596465706825 -0.2579048275947571 -0.18281248211860657
0.25472521781921387 -0.2687552273273468 -0.2077302485704422
-0.06457658857107162 -0.30921417474746704 -0.15877805650234222
-0.38953059911727905 0.14046943187713623 -0.04502548649907112
0.03244777396321297 -0.2257116585969925 0.1478939652442932
0.05015766993165016 -0.27001816034317017 -0.07022436708211899
0.2012927532196045 -0.3018529415130615 0.06952394545078278
-0.07343141734600067 -0.27459120750427246 -0.20984336733818054
0.14879417419433594 -0.009999396279454231 0.2633382976055145
-0.023067712783813477 -0.04563867673277855 0.20115089416503906
-0.11314859241247177 -0.26365089416503906 -0.7943786978721619
-0.20181970298290253 -0.337853342294693 0.07675114274024963
-0.21987800300121307 -0.29695868492126465 -0.03983781859278679
0.0995447114109993 -0.31092286109924316 -0.00873970240354538
-0.07461519539356232 -0.2833288013935089 0.07508721947669983
-0.2699280381202698 0.0017395219765603542 0.04511722922325134
0.2914871871471405 -0.27550381422042847 0.0662684366106987
-0.2165532261133194 -0.09157481044530869 0.006446888670325279
0.030299898236989975 -0.21811561286449432 0.012896604835987091
0.13303838670253754 -0.1641024500131607 -0.07657314836978912
0.19143445789813995 -0.0881124809384346 0.09761428833007812
-0.25404176115989685 -0.19518467783927917 -0.055389054119586945
0.15868738293647766 -0.23366773128509521 0.11085818707942963
-0.014065120369195938 -0.15417350828647614 0.117733895778656
0.09346874058246613 -0.18201540410518646 -0.11467958241701126
-0.06175242364406586 0.008124375715851784 0.2790180742740631
-0.083683080971241 -0.19001667201519012 0.127915620803833
-0.02649824693799019 -0.30353498458862305 -0.22348393499851227
0.06913051754236221 -0.21943998336791992 -0.01862737163901329
0.04767444357275963 -0.22419863939285278 -0.0992257371544838
0.04152993485331535 -0.11186286807060242 -0.14737245440483093
-0.1102827936410904 -0.20305651426315308 0.22760868072509766
-0.050319936126470566 -0.10610855370759964 0.0163896307349205
-0.0682622492313385 -0.22310449182987213 -0.127547949552536
-0.01280740275979042 -0.19284683465957642 0.251373291015625
0.10310638695955276 -0.31351640820503235 0.14599809050559998
0.06522799283266068 -0.18378110229969025 -0.06653501093387604
0.054652340710163116 -0.23779809474945068 0.04551858827471733
0.3702464699745178 -0.3529212474822998 -0.18015341460704803
0.12885747849941254 -0.30211588740348816 -0.010453643277287483
0.08160493522882462 -0.31719210743904114 -0.0373074971139431
-0.2933293581008911 -0.16936756670475006 0.1286401003599167
-0.013109341263771057 -0.10233566164970398 0.2897700369358063
0.2021348774433136 -0.09362038224935532 0.13824881613254547
0.1475163996219635 -0.2956877052783966 -0.018672024831175804
-0.010927766561508179 -0.3268450200557709 -0.06896881759166718
0.007386642042547464 -0.12860524654388428 0.11044897884130478
0.09942937642335892 -0.15112625062465668 -0.23217293620109558
0.0887293741106987 -0.1829783320426941 -0.04284299165010452
0.17941518127918243 -0.13336512446403503 -0.07186096161603928
-0.1865154355764389 -0.26396504044532776 -0.12796667218208313
