ply
format ascii 1.0
element vertex 2048
property float x
property float y
property float z
end_header
0.23509477078914642 -0.12633585929870605 -0.16520987451076508
-0.023685496300458908 -0.20664118230342865 -0.021726027131080627
0.06019618362188339 -0.315150648355484 -0.034281786531209946
0.10613756626844406 -0.33438536524772644 -0.05579576641321182
-0.007493154611438513 -0.3452821969985962 -0.003776649944484234
0.20960086584091187 -0.13526515662670135 -0.1056470274925232
0.2814961373806 -0.35062742233276367 -0.018234701827168465
0.2846319079399109 0.1951581984758377 0.1876337230205536
-0.015339575707912445 -0.31493446230888367 -0.07798697054386139
0.05555940419435501 -0.32963189482688904 -0.02779964916408062
0.013178180903196335 -0.204472154378891 0.28501489758491516
0.00032833032310009 -0.19078263640403748 -0.09923105686903
0.11874322593212128 -0.3057742714881897 0.030605994164943695
0.00790462177246809 -0.24856749176979065 0.09100490063428879
-0.09416301548480988 -0.06171000376343727 0.09756571054458618
-0.013608502224087715 -0.275579035282135 0.05416096746921539
0.10240871459245682 -0.16366203129291534 0.19067934155464172
-0.13637299835681915 0.12837980687618256 0.08026419579982758
0.03068866766989231 -0.2964792549610138 -0.24728792905807495
0.14329113066196442 -0.24324259161949158 -0.05331069231033325
0.0296957828104496 -0.20937657356262207 -0.16259779036045074
-0.05920254811644554 -0.3692045211791992 0.006213732995092869
-0.041840266436338425 0.10414650291204453 0.47504809498786926
-0.23925867676734924 -0.14765127003192902 0.07263006269931793
0.3075290620326996 0.03336678445339203 -0.16168245673179626
-0.1402125060558319 -0.24282780289649963 -0.2761077284812927
-0.2927563786506653 -0.22733238339424133 0.12428867816925049
0.165751114487648 -0.09721589088439941 0.08496741950511932
0.02093401923775673 -0.3015916645526886 -0.14053700864315033
0.12466803193092346 -0.33402764797210693 0.07429059594869614
0.13820385932922363 -0.15350303053855896 0.05220666155219078
0.060792528092861176 -0.25290876626968384 0.02596353366971016
0.011966036632657051 -0.2766716182231903 -0.07881242036819458
-0.14516450464725494 0.059647466987371445 0.16352957487106323
0.16143549978733063 -0.3181326389312744 0.06206279620528221
-0.162596195936203 0.036497995257377625 0.31486114859580994
-0.0516262911260128 -0.21727736294269562 -0.08944399654865265
0.035916056483983994 -0.16318084299564362 0.2096698135137558
-0.014937091618776321 -0.052089713513851166 0.10984397679567337
0.09370306879281998 -0.35931500792503357 0.018457436934113503
0.03616573289036751 -0.2268805354833603 0.1731276959180832
0.15016038715839386 -0.04561005160212517 0.1417035609483719
0.04661707580089569 -0.3212038278579712 0.11156968027353287
0.19231945276260376 -0.30594345927238464 0.052034251391887665
-0.23749621212482452 -0.14830274879932404 0.23998379707336426
0.2543042302131653 -0.22906896471977234 -0.05213038623332977
-0.09278476238250732 -0.20255576074123383 0.18981318175792694
-0.32307377457618713 -0.2589091956615448 0.06584397703409195
0.06965304911136627 -0.3164656460285187 -0.10505285114049911
-0.1251266598701477 -0.2401888221502304 0.1590256690979004
-0.022029805928468704 -0.03388158604502678 -0.15888355672359467
-0.015374217182397842 -0.30611544847488403 -0.137428417801857
-0.22814582288265228 -0.11379843205213547 -0.15269601345062256
-0.12057969719171524 -0.34342315793037415 -0.019174279645085335
0.19041329622268677 -0.27539414167404175 0.05988007411360741
0.2101876139640808 -0.29955562949180603 -0.12874244153499603
-0.026777641847729683 -0.26390987634658813 0.12849967181682587
0.14574287831783295 -0.3099907338619232 0.07949718087911606
0.3107028305530548 -0.1366569548845291 0.030935807153582573
0.10559169948101044 -0.15445813536643982 0.17814069986343384
-0.20820538699626923 -0.17187154293060303 0.06088981032371521
0.10366009175777435 -0.30432984232902527 -0.03424714505672455
-0.0621480867266655 -0.2723228931427002 0.03239573910832405
-0.07929152250289917 -0.17924350500106812 0.0284842811524868
0.074936643242836 -0.162019282579422 -0.01368713192641735
-0.04677170515060425 -0.31718698143959045 -0.07190848886966705
-0.031327374279499054 -0.15902981162071228 0.11717814207077026
0.08170044422149658 -0.32274502515792847 0.03125926852226257
-0.10441391915082932 -0.16297116875648499 0.09379181265830994
-0.0006536187138408422 -0.3153047561645508 -0.11230489611625671
-0.3579302132129669 -0.273990660905838 0.023011719807982445
-0.037401534616947174 -0.18376612663269043 -0.232727512717247
-0.009645052254199982 -0.30658188462257385 -0.07543627172708511
-0.055429067462682724 -0.2245391309261322 0.14810174703598022
-0.19637222588062286 -0.23060135543346405 0.0916668102145195
-0.2516126334667206 -0.2893866002559662 0.08983860909938812
0.06904596090316772 -0.3167435824871063 -0.19777080416679382
0.023851878941059113 -0.0036160838790237904 0.22824373841285706
0.21292196214199066 -0.3025285601615906 -0.09464554488658905
-0.2612611651420593 -0.06216305121779442 0.2457008957862854
-0.0466952808201313 -0.022541677579283714 0.07811852544546127
0.04495754465460777 -0.2927916944026947 -0.020688431337475777
-0.18223334848880768 -0.22460725903511047 -0.05485506355762482
0.01455376110970974 -0.14946426451206207 0.2839963436126709
0.12431444227695465 -0.178646981716156 0.1428879350423813
0.16497458517551422 -0.07333476096391678 0.02963019162416458
0.003007142338901758 -0.35266342759132385 -0.0039383890107274055
-0.03825385868549347 -0.28630292415618896 -0.35676464438438416
-0.08333563059568405 -0.3149224519729614 0.05332658812403679
0.20938968658447266 -0.25443723797798157 0.04512736201286316
0.3532788157463074 -0.2448086142539978 0.012950599193572998
0.34876319766044617 -0.24664025008678436 0.004530130885541439
-0.029100866988301277 -0.06145248934626579 0.2035948932170868
-0.08725516498088837 -0.32290756702423096 -0.08928409963846207
-0.24944347143173218 -0.19101786613464355 0.19826146960258484
0.25334733724594116 -0.17022745311260223 0.18979860842227936
-0.2453368604183197 -0.18619714677333832 -0.2811298072338104
-0.18001028895378113 -0.18137818574905396 0.09611863642930984
0.2651246190071106 -0.2867460250854492 -0.003952630329877138
0.1843496561050415 -0.31817224621772766 0.29570844769477844
-0.46690866351127625 0.16038110852241516 -0.18029239773750305
-0.22039183974266052 -0.14848126471042633 -0.004223862197250128
-0.008810468018054962 -0.1707058846950531 0.3179122507572174
0.044670406728982925 -0.1924302875995636 -0.49694326519966125
0.17039968073368073 -0.17973050475120544 -0.04617488756775856
0.0744960829615593 -0.19973884522914886 0.03212997317314148
-0.08384381234645844 -0.008639849722385406 0.208006352186203
0.14746175706386566 -0.314270943403244 0.030975719913840294
-0.016112258657813072 -0.28123682737350464 0.004747460596263409
-0.0028999755159020424 -0.2092728167772293 -0.30177855491638184
0.1109790951013565 -0.11697518080472946 0.058131441473960876
0.11608126014471054 -0.11455509066581726 0.03943852335214615
0.04018678888678551 -0.2515179514884949 -0.23480580747127533
-0.12238752841949463 -0.2562817931175232 -0.07897075265645981
0.06735982745885849 -0.31189167499542236 0.0744716003537178
-0.06135435402393341 -0.08941534161567688 -0.05457759648561478
0.06810276955366135 -0.12480159848928452 0.014937607571482658
0.10673006623983383 -0.2767735421657562 -0.27237457036972046
0.19066132605075836 -0.20423339307308197 -0.13088871538639069
-0.0292635727673769 -0.11126067489385605 0.021926555782556534
-0.16048887372016907 -0.24731451272964478 0.1545121967792511
0.005026975646615028 -0.24649623036384583 -0.23279531300067902
-0.011712891981005669 -0.341586172580719 -0.04834042489528656
0.24191121757030487 -0.2542431652545929 0.11866829544305801
-0.028730208054184914 -0.05173778533935547 0.29829609394073486
-0.15167127549648285 -0.13018658757209778 -0.14223387837409973
-0.18457135558128357 -0.19420209527015686 -0.055529605597257614
0.01490003801882267 -0.3020113706588745 0.02137260138988495
0.0829833447933197 -0.1483425498008728 0.1851884424686432
0.04260336607694626 -0.10597971081733704 0.15213625133037567
0.12222960591316223 -0.32666197419166565 -0.06450392305850983
0.18181444704532623 -0.1479637175798416 -0.013836605474352837
0.3461425304412842 -0.28117233514785767 -0.03446706384420395
-0.039490409195423126 -0.29695120453834534 -0.10293842852115631
0.12412738800048828 -0.01140616275370121 0.06136315315961838
0.028790263459086418 -0.2942960858345032 0.1752869039773941
0.05729256942868233 -0.12005602568387985 0.12274029105901718
-0.18481402099132538 -0.183346226811409 0.19187131524085999
-0.09572340548038483 -0.23692567646503448 -0.27606692910194397
-0.1757170408964157 0.10292714089155197 0.4150713086128235
-0.001219173427671194 -0.022746749222278595 -0.021942542865872383
0.11907286942005157 -0.29909899830818176 -0.15808765590190887
0.11640384048223495 -0.31816330552101135 0.08134446293115616
0.045685287564992905 -0.2240416258573532 0.04674988612532616
-0.2675330638885498 -0.2562767267227173 -0.25046104192733765
0.05570805072784424 -0.28448164463043213 0.08010373264551163
-0.14177574217319489 -0.2800271511077881 -0.1585504114627838
-0.013376886025071144 -0.3337494134902954 -0.088511161506176
0.1970830261707306 -0.32160255312919617 0.0893397256731987
0.18972860276699066 -0.039188094437122345 0.20391415059566498
0.2150513231754303 -0.2550860047340393 -0.17193274199962616
0.07073090970516205 -0.29179778695106506 0.04428573697805405
-0.18220937252044678 -0.2723914384841919 -0.22086839377880096
-0.0881977453827858 -0.30758967995643616 0.032054074108600616
0.08004303276538849 -0.27438220381736755 0.12145144492387772
-0.18685534596443176 -0.2760283648967743 -0.21200713515281677
-0.07559867203235626 -0.2847951352596283 0.13644807040691376
0.009751800447702408 -0.32168808579444885 -0.097681924700737
-0.14233525097370148 -0.33169490098953247 -0.0076884194277226925
0.0031031263060867786 -0.08551585674285889 0.052228908985853195
-0.1300690472126007 -0.22949376702308655 0.1027209535241127
0.012778522446751595 -0.1100449413061142 -0.014654573053121567
0.06459842622280121 -0.15439200401306152 0.1426132172346115
-0.13707776367664337 -0.14622673392295837 0.23541982471942902
-0.17618036270141602 -0.33325186371803284 0.08437970280647278
0.08956806361675262 -0.30565086007118225 0.02942000888288021
-0.814853847026825 -0.1821482926607132 -0.009480277076363564
0.15457648038864136 -0.1029219850897789 0.025273876264691353
0.029321566224098206 -0.20580802857875824 -0.029435714706778526
-0.08366484940052032 -0.3219928443431854 -0.11466450989246368
-0.2596721947193146 -0.005223672371357679 -0.20665434002876282
0.1995762288570404 -0.29832425713539124 -0.12785454094409943
0.0503445640206337 -0.18004995584487915 0.26513129472732544
0.0863620936870575 -0.39158543944358826 0.11032580584287643
0.12488281726837158 -0.12624475359916687 0.35011669993400574
0.1235797181725502 -0.07728968560695648 0.10760081559419632
-0.1102520227432251 -0.2676026225090027 0.1145959123969078
0.08210653811693192 -0.3128117024898529 0.05341296270489693
0.21471935510635376 -0.2882685363292694 0.029630022123456
-0.18078924715518951 -0.2393915057182312 -0.21130415797233582
0.021815016865730286 0.06263571977615356 0.049687277525663376
0.1382950097322464 0.13388000428676605 -0.04421771690249443
0.008913582190871239 -0.30382028222084045 0.11384719610214233
0.14039693772792816 -0.03578522056341171 -0.003410609904676676
-0.2440541833639145 -0.08579674363136292 -0.2906765341758728
0.2504681646823883 -0.29684996604919434 0.058040451258420944
0.10679060220718384 -0.1506175845861435 0.11437088996171951
0.16251462697982788 0.0830308198928833 0.25823497772216797
-0.09696811437606812 -0.053433533757925034 -0.2043568342924118
0.029788877815008163 -0.42492830753326416 0.042023029178380966
-0.03413407877087593 -0.32575729489326477 0.06907214224338531
-0.0054358867928385735 -0.2993864417076111 -0.09040183573961258
-0.12278861552476883 -0.25403302907943726 -0.2165975272655487
0.21743693947792053 -0.28390443325042725 0.09157813340425491
-0.0032893423922359943 -0.24058985710144043 -0.02525862492620945
-0.18803207576274872 -0.21349097788333893 0.003499791258946061
-0.17215391993522644 -0.28747719526290894 0.11550627648830414
-0.04643850773572922 -0.33924341201782227 0.030087241902947426
0.0778222605586052 -0.31641504168510437 -0.027066010981798172
0.4419877529144287 -0.31593358516693115 -0.06934232264757156
0.06311414390802383 0.032083943486213684 0.10932201892137527
0.13161878287792206 -0.14527641236782074 0.12770533561706543
0.09969852864742279 -0.2901105284690857 0.057500481605529785
-0.1931842565536499 -0.21110452711582184 -0.04062531888484955
-0.34916427731513977 -0.23045790195465088 0.016166219487786293
-0.2522030472755432 -0.09845177084207535 -0.16241885721683502
-0.005023987963795662 -0.28502586483955383 -0.30969107151031494
0.1919831782579422 -0.3293176591396332 0.07130353152751923
-0.020126640796661377 -0.25930583477020264 -0.03182883933186531
0.13864034414291382 -0.20343591272830963 0.06878996640443802
0.15107758343219757 -0.2716059386730194 -0.14207985997200012
0.14666269719600677 -0.02665228769183159 0.10577640682458878
-0.11781076341867447 -0.04610593244433403 0.34361135959625244
0.10126650333404541 -0.21812930703163147 0.17132417857646942
-0.17817141115665436 -0.15133872628211975 -0.15939757227897644
0.13175275921821594 -0.31879764795303345 -0.0028056674636900425
0.1475386917591095 -0.2675160765647888 0.02952970750629902
0.005476311314851046 -0.30283188819885254 -0.1598006933927536
0.08990860730409622 0.010655010119080544 0.1221923828125
0.2303532063961029 -0.16118130087852478 -0.03294342756271362
0.22584378719329834 -0.011361991986632347 0.31354379653930664
0.14340245723724365 -0.2892824709415436 -0.18883396685123444
-0.12194982171058655 -0.07747220247983932 0.05429665371775627
0.032866619527339935 -0.28951185941696167 0.007022957783192396
-0.062310658395290375 -0.21427471935749054 0.11072111874818802
-0.09255462884902954 -0.1615053415298462 0.2194601595401764
0.008772425353527069 -0.07506314665079117 0.20860923826694489
0.06558722257614136 -0.25372403860092163 -0.23605598509311676
0.1417028307914734 -0.11348635703325272 0.11681720614433289
-0.06934808194637299 -0.1286180019378662 0.32563516497612
-0.2358071506023407 0.08487177640199661 -0.06793330609798431
0.15860463678836823 0.08895359933376312 0.19213096797466278
-0.03655782341957092 -0.34877339005470276 -0.0560455359518528
0.07069934159517288 -0.16335046291351318 -0.18920987844467163
0.1637929081916809 -0.166037455201149 0.1391017585992813
-0.05365550145506859 -0.3383098542690277 0.07264810800552368
-0.01775429956614971 -0.10444267839193344 -0.01621904969215393
0.0715971514582634 -0.22954808175563812 0.11557353287935257
-0.0330154225230217 -0.2613343894481659 0.017779730260372162
-0.1785181313753128 -0.19779466092586517 0.08984838426113129
0.056982360780239105 -0.2999100983142853 -0.23349322378635406
-0.17023169994354248 0.004725204780697823 0.12705838680267334
-0.1346246749162674 -0.35751408338546753 -0.005303071811795235
0.2567460536956787 -0.1206752210855484 -0.05924443528056145
-0.04440641775727272 -0.13439534604549408 -0.061470385640859604
0.020229289308190346 -0.25616276264190674 -0.06560048460960388
-0.3870203495025635 0.3378068804740906 0.13602088391780853
0.0137647595256567 -0.07497355341911316 0.0784447193145752
0.0011126503814011812 -0.1967587172985077 0.012347042560577393
0.1361406147480011 -0.27479755878448486 0.004475492052733898
0.12889133393764496 -0.292893648147583 0.0452662818133831
-0.08065719902515411 -0.0004704564344137907 0.22228339314460754
-0.10600583255290985 -0.2993890941143036 0.24870997667312622
-0.28491461277008057 -0.21007293462753296 0.06989772617816925
-0.10251954197883606 -0.31614550948143005 -0.10485775768756866
0.08304328471422195 -0.16104258596897125 0.0004547636490315199
0.028906794264912605 -0.3297766149044037 -0.07834460586309433
0.15141409635543823 -0.32323622703552246 0.036908652633428574
-0.04241449013352394 -0.20275001227855682 -0.0057150269858539104
-0.03454577922821045 -0.22938790917396545 0.02316201850771904
-0.03004058450460434 -0.2727207541465759 0.10542283207178116
0.04378636181354523 -0.07987213879823685 0.04768575355410576
0.057407867163419724 -0.2760584056377411 0.05301923304796219
0.12326497584581375 -0.28924840688705444 0.15133097767829895
-0.05120899900794029 -0.30684894323349 -0.10357163846492767
0.07587087899446487 -0.3108952045440674 -0.10334018617868423
0.07145554572343826 -0.08280665427446365 0.009981583803892136
0.12415473908185959 -0.24548748135566711 0.18826700747013092
0.0025931266136467457 -0.29404211044311523 -0.05851767212152481
0.10356340557336807 -0.3101893365383148 -0.09509550780057907
-0.014131531119346619 -0.33556291460990906 -0.002986662555485964
0.14648714661598206 -0.16486142575740814 -0.0196037907153368
0.08023863285779953 -0.2827790081501007 0.07679793983697891
0.11227679997682571 -0.0504029281437397 0.055912040174007416
0.034760501235723495 -0.14092890918254852 0.2406475841999054
-0.12066537141799927 -0.22576522827148438 -0.12666025757789612
-0.014972392469644547 -0.1595102995634079 0.18612125515937805
0.009751083329319954 -0.14128859341144562 0.12766395509243011
0.07232332974672318 -0.059812694787979126 0.1915186196565628
0.14133942127227783 -0.04664228484034538 0.22419950366020203
0.07364732772111893 0.03712901845574379 0.18369105458259583
0.05797160789370537 -0.32798466086387634 -0.0024384111166000366
-0.07774795591831207 -0.29990944266319275 -0.06104593351483345
-0.0908200591802597 -0.30363720655441284 0.10774210840463638
-0.11468827724456787 -0.2939595580101013 -0.11438308656215668
0.05573156103491783 -0.22631898522377014 0.1964370608329773
0.2129078507423401 -0.11642233282327652 -0.1233714297413826
-0.1564209908246994 -0.14795316755771637 -0.18135586380958557
-0.17236576974391937 -0.26053863763809204 0.09396108984947205
0.14113514125347137 -0.22198128700256348 -0.02803519368171692
0.0773438885807991 -0.23768092691898346 -0.015165843069553375
-0.08214237540960312 -0.2032136619091034 -0.10783994942903519
0.18390923738479614 -0.23626378178596497 0.013840865343809128
0.13541124761104584 -0.2909626066684723 -0.09770796447992325
-0.1256372481584549 -0.23513342440128326 0.1425744742155075
-0.13371308147907257 -0.28374385833740234 0.03539740666747093
-0.01302887313067913 -0.11312022060155869 0.17898820340633392
0.10441767424345016 -0.29677003622055054 -0.16425353288650513
-0.3010796010494232 -0.3222324252128601 0.12437143176794052
-0.19464777410030365 -0.4271487891674042 0.1296354979276657
0.1590403914451599 -0.30463269352912903 -0.09061749279499054
0.11577417701482773 -0.2961409389972687 0.022437764331698418
-0.02485174499452114 0.019664160907268524 0.17395776510238647
-0.09957214444875717 -0.08893666416406631 0.06529965996742249
0.06415773928165436 -0.3063233494758606 -0.16801804304122925
-0.01844460517168045 -0.29773619771003723 0.04175994172692299
0.10054691880941391 -0.12592606246471405 0.10254762321710587
0.0792517438530922 -0.11835366487503052 0.10496099293231964
-0.32223787903785706 -0.33215561509132385 0.10036597400903702
0.05700033903121948 -0.309381902217865 -0.07784949243068695
-0.50650954246521 0.4559807777404785 -0.012672213837504387
0.08257663995027542 0.0630543902516365 0.20543329417705536
0.080943763256073 -0.30719467997550964 -0.1507052332162857
0.1285494565963745 -0.33684733510017395 0.046912141144275665
-0.16364127397537231 -0.14615215361118317 -0.13030974566936493
-0.011795643717050552 -0.2663195729255676 0.06805713474750519
-0.26072633266448975 -0.03475657105445862 0.0018050865037366748
-0.08621954917907715 -0.2924068868160248 0.07326054573059082
0.09888000786304474 -0.22590690851211548 0.057797811925411224
0.07869233191013336 -0.1523224115371704 -0.01914818584918976
-0.01325652189552784 -0.14716461300849915 -0.09002377092838287
-0.07692774385213852 -0.30715715885162354 -0.09660187363624573
-0.30830949544906616 -0.058346208184957504 0.22233958542346954
-0.2722989320755005 -0.15662328898906708 -0.29540207982063293
0.04399627447128296 0.010220766067504883 0.33074256777763367
-0.06953869014978409 -0.12712861597537994 -0.13414379954338074
0.21930718421936035 -0.20578818023204803 -0.09488795697689056
0.10248438268899918 -0.24030369520187378 -0.002876168116927147
-0.39726269245147705 -0.082022525370121 -0.14246784150600433
-0.0007713972590863705 -0.1892874538898468 -0.0024188896641135216
0.09521458297967911 -0.29996421933174133 0.1006091758608818
0.05629194155335426 -0.11746679991483688 0.20875251293182373
0.10975988209247589 -0.29605910181999207 -0.2540740370750427
0.04013370722532272 -0.2856248915195465 0.11370692402124405
0.18136483430862427 -0.26905566453933716 -0.09464264661073685
-0.035257771611213684 -0.3711150586605072 0.12375414371490479
-0.01185692474246025 -0.29729074239730835 -0.02542588859796524
0.11749427020549774 -0.22293446958065033 0.2306644171476364
0.2353498935699463 -0.057294074445962906 0.09384389221668243
-0.00898069329559803 -0.04706687852740288 0.10336508601903915
-0.06901267915964127 -0.14427310228347778 -0.13744382560253143
0.12285006046295166 -0.0399048812687397 -0.19458559155464172
-0.08335590362548828 -0.2567617893218994 -0.295582115650177
0.03491340950131416 -0.3350902199745178 -0.09653960168361664
0.02849567122757435 -0.307233601808548 -0.14575083553791046
0.04625708609819412 -0.21864303946495056 -0.08399281650781631
0.03520500287413597 -0.3060941696166992 -0.027579739689826965
-0.13930560648441315 -0.26091572642326355 0.059837788343429565
-0.013712769374251366 -0.2634216248989105 0.10699240863323212
0.24169105291366577 -0.09426286071538925 0.20264184474945068
0.037996336817741394 -0.3319850564002991 0.0004776271525770426
0.19213204085826874 -0.18095649778842926 0.1238124817609787
-0.03507775068283081 -0.18171387910842896 0.1558154970407486
-0.21706704795360565 -0.11597497761249542 0.40062668919563293
0.040941640734672546 -0.3413027226924896 0.03937128558754921
-0.12433839589357376 -0.13336403667926788 -0.21124820411205292
-0.05400024726986885 -0.11404094099998474 -0.0892091765999794
-0.342225044965744 -0.13338199257850647 0.012211903929710388
0.20849362015724182 0.21348635852336884 0.5207029581069946
0.2680049538612366 -0.0295815821737051 0.23953315615653992
0.16104766726493835 -0.2534833252429962 -0.1777559071779251
0.07532677799463272 -0.2493528127670288 -0.5329322814941406
0.09653566777706146 -0.03913493454456329 -0.13173995912075043
-0.18718171119689941 -0.294700026512146 -0.10410382598638535
0.07097301632165909 -0.2108616679906845 0.06762679666280746
-0.13019821047782898 -0.1914476752281189 -0.10883519798517227
0.08695391565561295 -0.342738538980484 -0.004587415140122175
-0.12158539891242981 0.11800351738929749 0.07092435657978058
-0.023039456456899643 -0.07954740524291992 -0.02033492550253868
0.0017995680682361126 -0.38468024134635925 0.4152541756629944
0.049539558589458466 -0.3067696988582611 -0.10811430960893631
0.14328351616859436 -0.04876190051436424 -0.006369296927005053
-0.12148158252239227 -0.17630617320537567 0.2408418208360672
-0.12458359450101852 -0.241642028093338 -0.28422704339027405
0.02695799432694912 -0.21416237950325012 0.13961473107337952
0.16105693578720093 -0.1798071265220642 0.07502645254135132
0.2141568660736084 -0.3211299777030945 -0.24360084533691406
-0.42157939076423645 -0.23393617570400238 -0.35809066891670227
0.09670406579971313 -0.3425840139389038 0.08051301538944244
-0.10613983124494553 -0.03601297736167908 -0.0654473751783371
-0.2154305875301361 -0.0038631372153759003 0.12785577774047852
-0.14386242628097534 -0.179435595870018 -0.0649024248123169
-0.0008096215315163136 -0.27301153540611267 -0.16511347889900208
0.07044725120067596 -0.2872636616230011 -0.2876259386539459
0.10401353985071182 -0.2177380919456482 -0.06048693135380745
-0.009557221084833145 -0.2485465407371521 0.10284936428070068
-0.17313914000988007 -0.2583029270172119 -0.030322803184390068
-0.06787057220935822 -0.20202475786209106 0.029132623225450516
0.09531135112047195 -0.16461893916130066 0.2697950601577759
-0.25939691066741943 -0.18131029605865479 0.1164889708161354
0.2791355848312378 -0.28756991028785706 0.00789047870784998
-0.04097308963537216 -0.325443834066391 0.10203152894973755
0.11969737708568573 -0.29157283902168274 -0.22506052255630493
0.08861461281776428 -0.28109732270240784 -0.18860562145709991
-0.13943764567375183 -0.19688701629638672 0.14661061763763428
0.10461147129535675 -0.3545784652233124 0.04985833540558815
-0.07961636781692505 -0.3636648654937744 -0.07723704725503922
0.12137307226657867 -0.23169595003128052 -0.023885805159807205
0.11847490072250366 -0.13114173710346222 0.17684756219387054
-0.016861576586961746 -0.1523306518793106 -0.006451600696891546
0.2820195257663727 -0.02802971377968788 0.09755946695804596
0.0601351335644722 -0.1932787299156189 -0.04825955629348755
-0.25794005393981934 -0.26659220457077026 0.06911353021860123
0.1341426968574524 -0.19505731761455536 0.24041028320789337
-0.10294374078512192 -0.2870864272117615 -0.1742834448814392
-0.1808384358882904 -0.2775944769382477 -0.16687661409378052
0.15044765174388885 -0.40681931376457214 0.07343447208404541
0.08348474651575089 -0.15781228244304657 0.2694339454174042
-0.28277191519737244 -0.258412629365921 0.10988881438970566
-0.09223245829343796 -0.32081323862075806 -0.10506754368543625
0.024036342278122902 -0.13991765677928925 0.169711634516716
0.017189299687743187 -0.2078322023153305 0.06933918595314026
-0.1297273486852646 -0.13571633398532867 0.1927037239074707
0.1944352388381958 0.06986251473426819 0.27777084708213806
-0.1848931610584259 -0.2597165107727051 -0.2156195491552353
0.05233220010995865 -0.33269017934799194 0.03209010884165764
-0.24705035984516144 -0.23604224622249603 -0.1273687183856964
0.08079535514116287 -0.15178179740905762 0.2033528983592987
0.025291670113801956 -0.2900594174861908 0.07353278249502182
-0.28619518876075745 -0.23784150183200836 -0.10425247251987457
-0.0013759853318333626 -0.3618115186691284 -0.032864317297935486
-0.20207135379314423 -0.1421118527650833 0.1811576634645462
-0.07653916627168655 -0.016547467559576035 0.5581368803977966
-0.09021817892789841 -0.29810062050819397 -0.05203574523329735
0.043288733810186386 -0.282191663980484 0.16896982491016388
0.2645829916000366 -0.3369920253753662 0.050819121301174164
-0.04596750810742378 -0.1930680274963379 0.006398674100637436
0.1586802750825882 -0.08118872344493866 0.2151089310646057
-0.1638898104429245 -0.4837881922721863 0.10479459911584854
0.09676133096218109 -0.2904908359050751 -0.1526142954826355
-0.2979676425457001 -0.17514415085315704 0.14236503839492798
0.07025852799415588 -0.3390602767467499 0.03457917645573616
-0.04877888038754463 -0.21045902371406555 -0.2491075098514557
0.028448356315493584 -0.26003167033195496 -0.22273117303848267
0.007309365086257458 -0.23636923730373383 -0.21951924264431
0.2409077286720276 -0.2904333174228668 -0.02954717166721821
-0.11492002755403519 -0.14438468217849731 -0.011221084743738174
-0.19231879711151123 -0.14297959208488464 0.11965347081422806
-0.04980471357703209 -0.2818894684314728 0.12096788734197617
-0.01778501085937023 -0.3078325688838959 -0.025873668491840363
0.08443360775709152 -0.10157587379217148 -0.16814900934696198
0.11390553414821625 -0.05462591350078583 0.31225720047950745
0.15376408398151398 0.023931141942739487 0.19909298419952393
0.1327301412820816 -0.26154088973999023 -0.07055274397134781
-0.040314365178346634 -0.2582210302352905 0.13550341129302979
0.16658081114292145 -0.27900224924087524 -0.16858144104480743
0.25223204493522644 -0.18068483471870422 0.06934234499931335
-0.0432690866291523 -0.21003617346286774 -0.240326389670372
-0.08626795560121536 -0.1360432505607605 0.09911322593688965
-0.05936377868056297 -0.25041812658309937 -0.2162008434534073
0.013770993798971176 0.014404769986867905 0.32809513807296753
-0.023465484380722046 -0.2930101156234741 -0.2961006462574005
-0.11268776655197144 0.1007724180817604 0.18346650898456573
-0.005347958765923977 0.02686670422554016 0.175756573677063
-0.18069857358932495 -0.2676437795162201 -0.1984817534685135
0.10306114703416824 -0.03311750665307045 0.30988943576812744
-0.013382848352193832 -0.22727274894714355 -0.049182116985321045
-0.003445534035563469 -0.32095131278038025 -0.11452379077672958
0.01763114333152771 -0.27847737073898315 0.038329049944877625
0.22777530550956726 -0.14704769849777222 0.14796558022499084
0.26225224137306213 0.04119383916258812 0.042991556227207184
0.14740897715091705 -0.2972557544708252 -0.09169850498437881
0.17051488161087036 -0.3015325665473938 0.029446762055158615
0.1182357594370842 -0.32047373056411743 -0.023437434807419777
0.07090100646018982 0.011981058865785599 0.07918000221252441
-0.015924790874123573 -0.1269838958978653 0.08399190753698349
-0.2723177671432495 -0.23723311722278595 -0.23171450197696686
-0.08050310611724854 -0.30671706795692444 -0.13381719589233398
0.006786311510950327 -0.2331341803073883 -0.08479657024145126
-0.34733331203460693 -0.24553999304771423 -0.37070232629776
0.1856035590171814 -0.35710567235946655 0.05105747655034065
-0.21192656457424164 -0.17759346961975098 -0.27413392066955566
-0.15973234176635742 -0.3398314416408539 -0.1344233602285385
-0.2435150444507599 -0.313289076089859 0.00617120461538434
-0.09671440720558167 -0.3107370436191559 -0.0686444491147995
0.07030084729194641 -0.31850680708885193 0.019827615469694138
0.030199581757187843 -0.3127630352973938 -0.11698386818170547
0.14411965012550354 -0.06810679286718369 0.3409457802772522
0.13657641410827637 -0.15250402688980103 -0.05892058461904526
0.06361622363328934 -0.3185184597969055 -0.03623046353459358
0.12257297337055206 -0.27854955196380615 -0.250773161649704
-0.05587916448712349 0.09144452959299088 0.27399417757987976
-0.12293227761983871 -0.23765306174755096 0.13818585872650146
-0.11414428055286407 -0.28834226727485657 0.003310440806671977
-0.15295258164405823 -0.34431517124176025 0.1312941163778305
0.10941995680332184 -0.055901262909173965 0.15396548807621002
0.14976494014263153 -0.24173110723495483 -0.09551546722650528
-0.24945279955863953 -0.1981694996356964 -0.050505463033914566
0.031152913346886635 -0.30637845396995544 0.021663878113031387
0.2030448019504547 -0.1862555742263794 -0.04178517311811447
0.16170276701450348 -0.28384438157081604 -0.046709753572940826
-0.00904749147593975 -0.20918788015842438 0.0723787322640419
-0.11043419688940048 -0.00656983582302928 0.23345577716827393
0.14050929248332977 0.054256994277238846 0.23259203135967255
0.07877073436975479 -0.20867876708507538 0.14806947112083435
-0.09199430793523788 -0.31099021434783936 -0.14679674804210663
0.06929981708526611 -0.31368759274482727 0.025635981932282448
-0.026441972702741623 -0.05008764564990997 0.1858704835176468
0.0026396983303129673 0.07725761085748672 0.2426920235157013
-0.22433263063430786 0.040456678718328476 -0.17371626198291779
-0.07546848058700562 -0.249426931142807 0.11341395974159241
0.18333996832370758 0.06198256462812424 -0.04463892802596092
-0.058766867965459824 -0.32416367530822754 -0.09246721863746643
-0.06156178563833237 -0.3482247591018677 -0.019803838804364204
-0.007032300811260939 -0.30633029341697693 0.05831548199057579
0.02318357117474079 -0.0993659645318985 0.20520873367786407
0.06398769468069077 -0.31057125329971313 0.04961543530225754
0.15268062055110931 -0.06282659620046616 0.32231616973876953
0.10832972079515457 -0.34461313486099243 0.055156558752059937
0.12961971759796143 -0.3141018748283386 -0.035071961581707
-0.07937277108430862 -0.24680855870246887 0.12895482778549194
-0.14849555492401123 0.03474140167236328 0.2089713215827942
-0.09974557906389236 -0.13907229900360107 0.09644440561532974
-0.0648852214217186 -0.25015178322792053 0.09497679024934769
-0.029854431748390198 -0.33526986837387085 -0.2501831352710724
0.08252385258674622 -0.3003292679786682 -0.03799872845411301
0.13735926151275635 -0.31286320090293884 -0.12815110385417938
-0.19266274571418762 -0.2604962885379791 0.1281411200761795
-0.00936056673526764 -0.329208105802536 -0.05696171894669533
-0.04303620383143425 -0.15434223413467407 -0.18481287360191345
0.11477011442184448 -0.13612677156925201 -0.1271580010652542
-0.14960797131061554 -0.1036628782749176 -0.0274067260324955
0.030813777819275856 -0.23465730249881744 -0.06567811965942383
-0.014671919867396355 -0.41107049584388733 0.05700649693608284
0.18186414241790771 -0.219315767288208 0.18731248378753662
0.24410930275917053 -0.16066963970661163 -0.060106098651885986
-0.10211194306612015 -0.3149751126766205 -0.11061203479766846
-0.1380421668291092 -0.2785613536834717 -0.18348388373851776
-0.008291497826576233 -0.25737226009368896 -0.14861968159675598
0.10860643535852432 -0.25255197286605835 0.01977378875017166
0.050482895225286484 -0.2104133516550064 0.12041683495044708
-0.14708150923252106 -0.10891655087471008 -0.11802645772695541
0.15072940289974213 -0.1393543779850006 -0.1048179492354393
-0.13411188125610352 -0.06693875789642334 -0.06409288942813873
0.036067813634872437 -0.3018767535686493 -0.08758191764354706
0.014563081786036491 -0.16253457963466644 0.002174875233322382
0.06466612219810486 -0.16021394729614258 0.08589022606611252
0.1891801506280899 -0.2668234407901764 -0.18167972564697266
0.25536423921585083 -0.14755907654762268 0.09644109755754471
0.12502311170101166 -0.31476032733917236 -0.08569931983947754
0.00773316714912653 -0.1139507070183754 0.018550323322415352
-0.004428595304489136 -0.3126009404659271 -0.31619468331336975
0.3423231244087219 0.04527401924133301 0.23090989887714386
0.049726519733667374 -0.23734210431575775 0.3635106682777405
0.07330476492643356 -0.26917532086372375 -0.0994502529501915
-0.05360260233283043 -0.15772749483585358 0.11949513852596283
0.046013329178094864 -0.2905319631099701 0.05361490696668625
-0.12244412302970886 -0.06030481308698654 0.35958197712898254
0.1843857318162918 -0.1240248903632164 0.13213719427585602
-0.027998914942145348 -0.36167147755622864 -0.22820809483528137
0.05286088585853577 -0.22072716057300568 -0.06846402585506439
0.28375330567359924 -0.06567025184631348 0.019077537581324577
0.08981974422931671 -0.34221151471138 0.08482427895069122
0.2830442488193512 -0.12253841012716293 -0.14448435604572296
0.15867626667022705 -0.3381343185901642 -0.10483060032129288
-0.1169358491897583 -0.18213282525539398 -0.029593737795948982
0.24358275532722473 -0.3397209346294403 0.01762317307293415
-0.13877302408218384 -0.22423332929611206 0.010205965489149094
0.060564491897821426 -0.2726494073867798 0.05952277407050133
0.09829767048358917 -0.12099570780992508 0.11640488356351852
0.0698835551738739 -0.2988211214542389 -0.10642674565315247
-0.17196504771709442 -0.306322306394577 0.07636824250221252
-0.00747673911973834 -0.08121027052402496 0.011070402339100838
0.2631346583366394 -0.1511395275592804 -0.12235163152217865
0.08509267121553421 -0.3126884698867798 -0.009518789127469063
-0.16259518265724182 -0.3332917392253876 0.01727733574807644
-0.15150856971740723 -0.16248971223831177 0.1702805906534195
-0.16496919095516205 0.0989544466137886 -0.1638178825378418
-0.4463268518447876 0.10455455631017685 0.05784999951720238
0.082769475877285 -0.23972494900226593 0.02804001234471798
-0.04958885535597801 -0.09718723595142365 0.21445214748382568
0.09798098355531693 -0.28811073303222656 0.06805472820997238
-0.007084973622113466 0.004183340352028608 0.2390175759792328
0.07603529840707779 0.04973766207695007 0.27777886390686035
0.05546103045344353 -0.282249391078949 -0.11853770166635513
-0.05360003560781479 -0.0019180106464773417 -0.27896416187286377
0.055591825395822525 -0.3043208420276642 -0.16903355717658997
0.012271510437130928 -0.3345130980014801 -0.06430540233850479
-0.018023164942860603 -0.26087507605552673 0.12333028018474579
-0.02504182979464531 -0.38324278593063354 -0.29744890332221985
0.12138588726520538 -0.03645524010062218 -0.255077600479126
-0.029597969725728035 0.006089452188462019 0.18678101897239685
-0.020742129534482956 -0.2684563994407654 -0.004733216017484665
-0.11924498528242111 -0.32814517617225647 0.07755459100008011
-0.22667378187179565 -0.20223359763622284 0.16159994900226593
0.03398461267352104 -0.2590477764606476 -0.21619033813476562
-0.21034657955169678 -0.2437194287776947 -0.013147061690688133
-0.14434684813022614 -0.1745559424161911 0.05444838106632233
-0.23942206799983978 -0.023492557927966118 0.11985380947589874
-0.07822372764348984 -0.28156745433807373 -0.17881076037883759
0.17079243063926697 -0.29235056042671204 0.14741633832454681
0.12946531176567078 -0.3156336545944214 -0.07298748195171356
-0.02045043185353279 -0.303070992231369 0.0487351156771183
0.03218868002295494 -0.23034213483333588 0.040104303508996964
0.005134560167789459 -0.07960769534111023 0.17881660163402557
0.1204545870423317 -0.2491394281387329 0.08626869320869446
0.12141742557287216 -0.20537064969539642 0.15013040602207184
-0.07669346034526825 -0.2654278874397278 0.13789205253124237
0.322388619184494 0.023674732074141502 -0.1157461404800415
0.015083521604537964 -0.27870315313339233 -0.11662112921476364
-0.10559268295764923 -0.3330483138561249 -0.17391158640384674
0.09056468307971954 -0.3014349639415741 0.05460885912179947
-0.2722417116165161 0.0374671034514904 -0.21283748745918274
-0.23637066781520844 -0.043240610510110855 -0.019658027216792107
-0.06051694601774216 -0.1668541431427002 -0.013523314148187637
0.11370636522769928 -0.22696031630039215 -0.043432995676994324
0.14716140925884247 -0.2970913052558899 -0.08015619963407516
-0.12727764248847961 0.007266744505614042 0.4328523278236389
-0.18275423347949982 -0.1588646024465561 -0.11268405616283417
0.004507972858846188 -0.334558367729187 -0.025158878415822983
-0.05663686990737915 -0.12557873129844666 0.24607008695602417
0.08316729962825775 -0.34070515632629395 0.01757950708270073
-0.003048065584152937 -0.31591635942459106 0.02613561786711216
-0.07290533930063248 0.07634362578392029 0.07896438986063004
0.04628075659275055 -0.2965119183063507 -0.010460687801241875
0.08928713947534561 -0.3380782902240753 0.07092756032943726
-0.27125874161720276 -0.25705602765083313 0.10510433465242386
0.4636784493923187 0.11900709569454193 0.17250052094459534
0.12415626645088196 -0.2956114411354065 -0.10660908371210098
0.138222798705101 -0.04343850910663605 0.25667843222618103
0.0396357998251915 -0.2489333152770996 -0.02251078188419342
-0.09078152477741241 -0.09209024906158447 0.15528766810894012
0.11850094050168991 -0.18588007986545563 -0.17346319556236267
-0.014362497255206108 -0.32135075330734253 -0.10346566885709763
0.027032755315303802 -0.1558007448911667 0.0013055180897936225
-0.015532128512859344 -0.2970549166202545 -0.19751951098442078
-0.15750610828399658 -0.20089668035507202 0.20632226765155792
0.20941175520420074 -0.30953967571258545 -0.008552661165595055
0.026285529136657715 -0.3042076528072357 -0.4146823287010193
0.17273785173892975 -0.34655389189720154 0.08974878489971161
0.07656659930944443 -0.2770063281059265 -0.05165979266166687
-0.12416780740022659 -0.18923670053482056 -0.17889170348644257
-0.08070101588964462 -0.03590718284249306 0.07163602113723755
0.2109152376651764 0.022818855941295624 0.14995889365673065
-0.13599541783332825 -0.08247244358062744 0.2885335087776184
0.09227908402681351 -0.2886417508125305 -0.11846423894166946
0.014307012781500816 -0.20401664078235626 0.16544973850250244
-0.2594458758831024 -0.1404230147600174 0.14527064561843872
0.2609671652317047 -0.04514775425195694 -0.01670674979686737
-0.06804842501878738 -0.2827991843223572 -0.0807621031999588
0.14248940348625183 -0.19973604381084442 -0.0015238318592309952
0.10417107492685318 -0.28861451148986816 0.30992329120635986
0.07338178157806396 -0.276111364364624 0.1540573686361313
0.1037527397274971 -0.09607920795679092 -0.1630793660879135
0.1870298534631729 -0.30803805589675903 0.06518329679965973
-0.07852112501859665 -0.12695316970348358 0.07828036695718765
0.0037711509503424168 -0.30451786518096924 -0.548380434513092
-0.10490789264440536 -0.2338346689939499 0.12666207551956177
0.004351826384663582 -0.17934377491474152 -0.0999792143702507
-0.17310607433319092 -0.15976938605308533 0.07361850887537003
0.0785399079322815 -0.150852769613266 0.19003599882125854
0.1196042075753212 -0.32573744654655457 -0.05584229156374931
-0.09300120174884796 -0.2642655074596405 -0.1779162883758545
0.1405123621225357 -0.3363285958766937 0.06677241623401642
0.034857798367738724 -0.3222488462924957 -0.05079745873808861
-0.003824768587946892 -0.3131216764450073 -0.07366519421339035
-0.03719078004360199 -0.04247413948178291 0.0971340760588646
-0.19365206360816956 -0.06682398915290833 -0.0794876217842102
0.08717421442270279 -0.08546031266450882 0.16177932918071747
-0.09040407836437225 -0.08904248476028442 0.12975797057151794
0.015623783692717552 -0.26727721095085144 -0.17064431309700012
0.0010341043816879392 -0.20315654575824738 0.18845583498477936
0.0655602440237999 -0.1734001636505127 -0.03963931277394295
-0.21408861875534058 -0.3227333724498749 0.09945686906576157
0.0043553439900279045 -0.3356713652610779 -0.028749700635671616
-0.09277290105819702 -0.08271754533052444 -0.1769627332687378
-0.08326155692338943 -0.11156748980283737 0.06318948417901993
0.2125737965106964 0.06929946690797806 -0.011189935728907585
-0.19744499027729034 -0.2617014944553375 0.03957363963127136
0.010371949523687363 -0.26912152767181396 -0.005677776876837015
0.17840877175331116 -0.10909107327461243 -0.3078135848045349
0.16936631500720978 -0.2987803518772125 -0.07569191604852676
-0.008520867675542831 -0.23751449584960938 -0.10308556258678436
-0.28436246514320374 -0.18878915905952454 0.015152817592024803
-0.20712146162986755 -0.09811755269765854 0.24895448982715607
0.29897090792655945 -0.19665081799030304 -0.0871415063738823
-0.004079905338585377 -0.31599101424217224 0.001192949479445815
-0.11895282566547394 -0.2390134334564209 0.11194164305925369
0.16486366093158722 0.2858578562736511 0.41922828555107117
0.10766924172639847 -0.02743217907845974 0.2659171223640442
-0.13507510721683502 -0.14909020066261292 -0.13025107979774475
-0.0580107681453228 -0.1484425663948059 0.20995937287807465
0.00012954825069755316 -0.2749210298061371 -0.07336248457431793
0.24445804953575134 -0.2847624123096466 -0.25403425097465515
0.2684224843978882 -0.08042344450950623 0.1668488085269928
0.05337290093302727 -0.2465951144695282 -0.0006956467404961586
0.20385976135730743 -0.31445080041885376 0.06678013503551483
-0.003884660080075264 -0.22681158781051636 0.1388660967350006
0.006324607878923416 -0.2755569517612457 0.02448960579931736
0.01797175034880638 -0.17319513857364655 0.16807299852371216
0.1471986621618271 0.09560414403676987 0.10553713142871857
-0.16072537004947662 -0.17565517127513885 0.10011956840753555
0.11643484979867935 -0.14320753514766693 -0.23685164749622345
0.09960438311100006 -0.3014516830444336 -0.05277850106358528
-0.003202203195542097 -0.3400062918663025 -0.05955856665968895
0.2442002296447754 -0.19316329061985016 0.06021609902381897
0.03095909208059311 -0.32416200637817383 0.013139232993125916
0.01640193723142147 -0.2972975969314575 0.045047733932733536
-0.08413422107696533 -0.31828466057777405 0.0768916979432106
0.04308399185538292 -0.24817758798599243 0.1185070127248764
0.2041674107313156 -0.2212083637714386 -0.027826765552163124
-0.13021306693553925 -0.2298891842365265 0.11084099113941193
0.13769970834255219 -0.19266274571418762 0.03879035636782646
-0.06856786459684372 -0.1707322597503662 -0.05043448135256767
0.08643881231546402 -0.25405749678611755 0.044817280024290085
-0.012954380363225937 -0.2383314073085785 -0.03919209539890289
-0.10021650791168213 -0.19873973727226257 -0.27323758602142334
0.01916724443435669 -0.3232952058315277 -0.04903550073504448
-0.11648093163967133 -0.03659997507929802 0.11880260705947876
-0.07910696417093277 -0.25136056542396545 -0.12219391763210297
-0.025598861277103424 -0.2989947199821472 -0.075257807970047
0.21353435516357422 -0.2870345711708069 -0.12903913855552673
-0.03373081237077713 -0.1372629851102829 0.24047614634037018
0.12344778329133987 -0.19145584106445312 0.012366097420454025
-0.11287909746170044 -0.3196433484554291 -0.0006603514775633812
-0.1573212742805481 -0.24954065680503845 0.04862435907125473
-0.08441447466611862 -0.2540212571620941 -0.14741604030132294
0.12157765030860901 -0.2343384325504303 -0.24032503366470337
0.03603919968008995 -0.3218212425708771 -0.1141618937253952
-0.1851959228515625 -0.3045777380466461 -0.040656838566064835
0.06977307051420212 -0.2339411824941635 0.10884173214435577
-0.17284546792507172 -0.24545332789421082 0.13400574028491974
0.06702516973018646 -0.2264358550310135 0.02534548193216324
0.11279871314764023 -0.31534311175346375 0.13138897716999054
-0.15417005121707916 -0.16844168305397034 -0.1523091346025467
0.0025441357865929604 -0.3144035041332245 -0.08842095732688904
-0.028780018910765648 -0.34002700448036194 0.03961365297436714
0.018426230177283287 -0.32010307908058167 -0.11103871464729309
-0.1554156243801117 -0.13248881697654724 -0.25656238198280334
0.18918265402317047 -0.22838324308395386 -0.05010461062192917
-0.09494460374116898 -0.0434490405023098 0.18545013666152954
-0.10972908139228821 -0.14803063869476318 0.1784972846508026
-0.10420151054859161 -0.25367987155914307 0.10123803466558456
0.0791560560464859 -0.2844959497451782 -0.10605163872241974
-0.007677468936890364 -0.32430413365364075 -0.025192752480506897
-0.40483665466308594 0.020577671006321907 -0.18149587512016296
0.249245285987854 -0.18959887325763702 -0.12535983324050903
-0.12417770177125931 -0.2419520616531372 -0.12313833832740784
-0.13145005702972412 -0.1714780628681183 -0.39914214611053467
0.3649389445781708 0.048533979803323746 0.030052494257688522
0.06046309694647789 -0.2605917751789093 -0.05074616149067879
-0.2283141165971756 -0.28973931074142456 -0.012079978361725807
-0.026686765253543854 -0.22025682032108307 0.09758386760950089
0.07699281722307205 -0.24100425839424133 -0.11539244651794434
0.05605671927332878 -0.28723612427711487 0.14697664976119995
0.009905582293868065 -0.3021724224090576 -0.01408720389008522
0.28378984332084656 -0.20339035987854004 0.13051846623420715
0.11801152676343918 -0.22022013366222382 -0.036803554743528366
-0.11098770052194595 -0.13309134542942047 0.039476096630096436
0.26134246587753296 -0.32032355666160583 0.10425456613302231
0.11019392311573029 -0.2810179889202118 -0.04282555729150772
0.1960916966199875 -0.22444556653499603 -0.10037495940923691
0.024573443457484245 -0.2932157814502716 -0.2576545476913452
0.14598895609378815 -0.28468969464302063 -0.07502126693725586
-0.1874898225069046 -0.2551560699939728 -0.08338187634944916
-0.12679137289524078 -0.33346468210220337 -0.1851443350315094
0.20819757878780365 -0.2907543480396271 -0.06462766230106354
-0.10179362446069717 -0.26894959807395935 0.11159861087799072
0.09737780690193176 -0.3371986448764801 0.3642278015613556
0.016672488301992416 -0.20310364663600922 0.07954004406929016
-0.13486351072788239 -0.17806772887706757 0.23515844345092773
0.2349017709493637 -0.28381651639938354 -0.04894188418984413
-0.05028221383690834 -0.26237836480140686 -0.012804308906197548
0.10316020250320435 -0.23273874819278717 -0.04259614273905754
0.14783979952335358 -0.18878310918807983 0.08713217824697495
-0.06754990667104721 -0.32250869274139404 -0.009134665131568909
0.05573350191116333 -0.3104972839355469 0.08649054914712906
-0.02868596836924553 -0.2867107391357422 -0.3105323910713196
0.1360134333372116 -0.29957467317581177 0.10666664689779282
0.13529527187347412 -0.20820042490959167 0.11091484129428864
-0.2732408940792084 -0.20459887385368347 -0.3064669966697693
0.1865583211183548 -0.07293301075696945 0.21389396488666534
-0.15374626219272614 -0.1930706650018692 0.028521759435534477
0.03597681224346161 -0.2078181356191635 -0.1323215812444687
-0.041959431022405624 -0.30582395195961 -0.08994872123003006
-0.09228356927633286 -0.11630726605653763 -0.08493534475564957
-0.11326643079519272 -0.30129823088645935 0.03676724433898926
0.2957460582256317 -0.05896415933966637 0.008226265199482441
0.09831451624631882 -0.04253077507019043 -0.1624225676059723
0.07113583385944366 -0.2690584063529968 0.04802862927317619
-0.20239822566509247 -0.17566226422786713 0.19546714425086975
0.1809418797492981 -0.26773515343666077 -0.002656571101397276
-0.02539670094847679 -0.2594461739063263 0.021159028634428978
-0.24504725635051727 -0.0010938127525150776 0.06533998996019363
0.0969025269150734 0.09458000212907791 0.24531491100788116
-0.14677122235298157 -0.24699246883392334 0.06461166590452194
0.1118992269039154 -0.18923477828502655 0.20417657494544983
0.048819512128829956 -0.29837825894355774 0.08209005743265152
0.1332247406244278 -0.28035667538642883 0.04869439825415611
0.0760657861828804 -0.1943455934524536 0.08757299929857254
-0.013469552621245384 -0.2960687577724457 -0.14378760755062103
0.13707971572875977 -0.11876904219388962 0.2262474149465561
0.1166779100894928 -0.33131977915763855 0.05524909868836403
-0.20761212706565857 -0.20115475356578827 -0.24213217198848724
-0.21930988132953644 -0.1492260843515396 -0.18947604298591614
0.033622849732637405 -0.19135232269763947 0.13968707621097565
-0.005467174109071493 -0.19761520624160767 0.16160057485103607
-0.35227856040000916 -0.16877618432044983 0.14061442017555237
0.047708019614219666 -0.17783696949481964 -0.053081873804330826
-0.131032332777977 -0.07109507918357849 0.12742263078689575
0.10498308390378952 -0.14188571274280548 0.14046227931976318
-0.013890126720070839 -0.21632787585258484 0.0843513086438179
-0.10060328245162964 -0.1575569063425064 0.1465093344449997
-0.05354829505085945 0.006510688457638025 0.26280972361564636
0.0015328547451645136 -0.33042991161346436 -0.0091793742030859
0.01093064621090889 -0.21363021433353424 0.16065140068531036
0.04001162201166153 -0.3079829514026642 -0.010037966072559357
0.11116795241832733 -0.06422676891088486 -0.08566821366548538
0.19082602858543396 -0.21835200488567352 0.1118883490562439
-0.03988691046833992 -0.32095929980278015 -0.06357453018426895
-0.09782595932483673 0.026225220412015915 0.3631040155887604
0.06650745868682861 -0.16636957228183746 0.016701942309737206
-0.009037775918841362 -0.2549993097782135 0.025387125089764595
-0.17724931240081787 -0.301820307970047 0.059753935784101486
-0.14581820368766785 -0.2709559500217438 -0.19297750294208527
-0.1251523196697235 -0.3026060163974762 -0.0326211117208004
-0.05409807711839676 -0.28225791454315186 -0.14949896931648254
-0.1268184781074524 -0.3037551939487457 -0.00995507463812828
-0.05051317438483238 -0.30608120560646057 -0.1479104906320572
0.1617971658706665 -0.29100513458251953 0.17111824452877045
0.08467649668455124 -0.2847045660018921 -0.24737538397312164
0.020072193816304207 0.1047416478395462 0.19683967530727386
0.17620399594306946 -0.28828996419906616 -0.07497688382863998
0.479152649641037 -0.08972329646348953 0.3556482791900635
0.15295663475990295 -0.2360653579235077 -0.1663498729467392
-0.15320345759391785 -0.3901898264884949 0.11405342072248459
-0.08485309034585953 -0.01647265814244747 0.08073776960372925
-0.12073975056409836 -0.1707761287689209 -0.09503079950809479
-0.2079303115606308 -0.04903457313776016 0.34929773211479187
-0.16356952488422394 -0.037781231105327606 0.13666932284832
-0.06409290432929993 -0.16613247990608215 -0.09338371455669403
0.25717297196388245 0.0037377537228167057 0.16854581236839294
-0.05162161961197853 -0.2106551080942154 0.15901994705200195
-0.048797424882650375 -0.28923994302749634 0.11970935761928558
0.2054990977048874 -0.31356552243232727 0.024378877133131027
0.1807211935520172 0.019705332815647125 0.25371360778808594
0.13848431408405304 -0.3078584372997284 -0.06576427072286606
-0.0528852604329586 -0.06346076726913452 0.16655568778514862
0.045368704944849014 -0.3402719497680664 -0.13801434636116028
0.12132050842046738 -0.11812538653612137 0.21655596792697906
-0.034048862755298615 -0.34204086661338806 -0.008672812953591347
-0.16094113886356354 -0.34811192750930786 -0.0029808981344103813
-0.0029865140095353127 -0.32085105776786804 -0.2139098048210144
-0.3683719038963318 -0.07130028307437897 -0.16743898391723633
-0.1615249216556549 -0.04248553141951561 -0.10735241323709488
-0.1718115359544754 -0.05304362252354622 0.08918435871601105
-0.02151298336684704 -0.1385732740163803 0.1770976483821869
0.0201597698032856 -0.31742531061172485 -0.057587265968322754
-0.14928436279296875 -0.07670000195503235 0.13493351638317108
0.24912822246551514 -0.16387206315994263 -0.16852164268493652
0.018810689449310303 -0.018664704635739326 -0.32728493213653564
0.14475560188293457 -0.1241675540804863 -0.37659215927124023
0.6767224669456482 -0.24753963947296143 -0.04224361851811409
0.11351055651903152 -0.25748172402381897 0.010741090402007103
0.06009956821799278 -0.2523030638694763 0.0653100311756134
0.06662824004888535 -0.2740713059902191 0.22389788925647736
-0.011136513203382492 -0.11616654694080353 -0.11464852839708328
-0.04148628190159798 -0.3759452700614929 0.09618145227432251
-0.11963140219449997 -0.3175683915615082 -0.09730762988328934
0.03434886783361435 -0.30482980608940125 -0.19137990474700928
0.20380204916000366 -0.25432130694389343 0.013712681829929352
-0.20034997165203094 -0.13681210577487946 0.2157062441110611
0.1630217432975769 -0.30306074023246765 0.08279215544462204
-0.14918285608291626 -0.3023439347743988 -0.14211902022361755
0.14378604292869568 -0.2970978319644928 -0.1117485910654068
0.014991771429777145 -0.27140942215919495 0.07312232255935669
0.019911544397473335 -0.009480489417910576 0.24675340950489044
0.12993411719799042 -0.16018158197402954 0.14315184950828552
0.000821287278085947 -0.3109634220600128 -0.1373254954814911
-0.11965875327587128 -0.30300769209861755 -0.11986701190471649
0.18734192848205566 -0.2705704867839813 -0.017116375267505646
0.03504975140094757 -0.06958247721195221 -0.0789884477853775
-0.11919470876455307 -0.11970549821853638 -0.046710651367902756
0.1832546442747116 -0.07829222083091736 0.4462939500808716
0.23030787706375122 -0.22154539823532104 0.14765620231628418
0.24561643600463867 -0.2712215781211853 -0.053566161543130875
-0.0021280895452946424 -0.11050351709127426 0.09893471002578735
-0.213592529296875 -0.26667046546936035 -0.13594046235084534
0.06284967064857483 -0.30151936411857605 -0.03976667672395706
0.00943119078874588 -0.12254592031240463 0.18281866610050201
0.18685150146484375 0.023450888693332672 0.31621620059013367
-0.16944928467273712 -0.06333334743976593 0.0514376237988472
-0.10684262961149216 -0.13613246381282806 0.0820765346288681
0.020775465294718742 -0.24855493009090424 -0.06212325021624565
0.21723197400569916 -0.3279876708984375 -0.06179745867848396
0.11340751498937607 -0.2554422616958618 -0.03618582338094711
0.12682974338531494 -0.2866256535053253 0.06480421125888824
-0.3799475431442261 -0.17027680575847626 0.04574144259095192
-0.03033197671175003 -0.18336710333824158 0.1167975589632988
-0.06508443504571915 -0.3219277560710907 0.005206736735999584
-0.2725898027420044 -0.17267583310604095 -0.4625714123249054
0.17961227893829346 -0.31991568207740784 -0.1208486258983612
0.12595678865909576 0.012695904821157455 0.295931875705719
-0.03247140720486641 0.011969195678830147 0.2757008373737335
0.0537109412252903 -0.09686562418937683 0.18772971630096436
-0.1555517315864563 -0.06719262152910233 0.17261311411857605
-0.09694037586450577 -0.1912386119365692 0.15841250121593475
0.17665521800518036 -0.10003907233476639 0.16955076158046722
-0.08019883930683136 -0.2087094634771347 -0.12897621095180511
-0.08020391315221786 -0.32875990867614746 -0.04656486585736275
0.3727518916130066 -0.2407933473587036 -0.16803722083568573
0.03644062951207161 -0.29901325702667236 0.08035755902528763
-0.09272506088018417 -0.2824021279811859 -0.12412182241678238
0.036592647433280945 -0.26537397503852844 -0.07643570005893707
0.1867455095052719 -0.262460321187973 0.13723810017108917
0.02519869990646839 -0.1368178278207779 0.2678971290588379
-0.08687572926282883 -0.38176003098487854 -0.0013053100556135178
0.13065209984779358 -0.28156331181526184 0.10513190180063248
0.10829605907201767 -0.21972042322158813 -0.0670061707496643
-0.07836876064538956 -0.16597126424312592 -0.12171503901481628
0.1990460306406021 -0.23725463449954987 -0.1565997451543808
0.03539688512682915 -0.26590287685394287 -0.06867147237062454
0.17456772923469543 -0.17978043854236603 0.16360674798488617
-0.0651579275727272 -0.1436140239238739 0.2758235037326813
-0.10803034156560898 -0.1370440274477005 0.17475832998752594
0.15771029889583588 -0.07993458211421967 -0.011774027720093727
0.05448037385940552 -0.3363173305988312 -0.06672295928001404
-0.10413917154073715 -0.286927193403244 -0.06368020921945572
0.27025192975997925 0.08966373652219772 0.028022361919283867
-0.1877145916223526 -0.08452685922384262 -0.04306569695472717
-0.10960929840803146 -0.15158583223819733 0.07601545751094818
0.06828615814447403 -0.199914813041687 -0.08124120533466339
0.2315226048231125 -0.24939313530921936 -0.12102857232093811
-0.19854100048542023 -0.19357046484947205 -0.4823155105113983
0.11953727900981903 -0.16495925188064575 0.05474913865327835
0.18409787118434906 -0.3619626760482788 0.08703108131885529
0.044314220547676086 -0.20674201846122742 0.13349109888076782
-0.16544723510742188 -0.22722533345222473 -0.14563266932964325
0.19163966178894043 -0.2951408326625824 -0.121809221804142
-0.27892082929611206 -0.03447924181818962 0.04951940476894379
-0.3486354947090149 -0.13445059955120087 0.11472722887992859
0.10320979356765747 -0.32239967584609985 -0.013284919783473015
-0.05697457119822502 0.031162098050117493 0.4952475428581238
-0.012248996645212173 -0.3032003343105316 -0.006914958823472261
0.09172912687063217 -0.3150239586830139 -0.23406840860843658
-0.030192125588655472 -0.21854332089424133 -0.08541867136955261
0.009626949205994606 -0.11588563770055771 0.056238334625959396
0.06129973381757736 -0.3695807456970215 -0.004393457900732756
-0.13125500082969666 0.011946937069296837 0.08597523719072342
0.05411858484148979 -0.32926657795906067 0.006660723127424717
0.07526438683271408 -0.07908912748098373 0.10546919703483582
-0.27737510204315186 -0.16523219645023346 0.11408846825361252
-0.09405805170536041 -0.31045520305633545 -0.10273359715938568
-0.3394182026386261 0.30242830514907837 -0.20467345416545868
0.1404024362564087 -0.28119149804115295 -0.013359760865569115
0.2143489420413971 0.08109807968139648 0.20915564894676208
-0.04567193239927292 -0.20661941170692444 0.18652573227882385
-0.10219943523406982 -0.043412238359451294 0.11739170551300049
0.06722254306077957 -0.21303609013557434 0.11282085627317429
0.038467053323984146 -0.0016618897207081318 -0.0017879728693515062
-0.00048238947056233883 -0.18539494276046753 0.12641911208629608
-0.36694562435150146 0.08750223368406296 0.2669910788536072
-0.11808597296476364 -0.28899550437927246 -0.06932443380355835
-0.10837700963020325 -0.3453051745891571 -0.11402235180139542
-0.028285445645451546 -0.3196870684623718 -0.08791177719831467
-0.01961871236562729 -0.29353228211402893 0.06796164065599442
-0.0672372356057167 -0.3096732199192047 0.07490609586238861
-0.22663195431232452 -0.2572380304336548 -0.41459816694259644
0.03191833198070526 -0.17742402851581573 0.06740828603506088
0.05720781534910202 -0.1688222438097 0.21195678412914276
-0.0005944480653852224 -0.23158924281597137 0.14912253618240356
0.0482340045273304 -0.2777964472770691 -0.2055358737707138
0.08306961506605148 0.18893717229366302 0.26176756620407104
-0.17253783345222473 -0.3156213164329529 -0.035328611731529236
0.2489718496799469 -0.2055528163909912 -0.20166504383087158
-0.08072707802057266 -0.28175783157348633 -0.22266969084739685
0.22062428295612335 -0.13967931270599365 0.2884903848171234
0.2977626323699951 -0.12406667321920395 -0.1792512834072113
-0.1303422898054123 -0.2757616937160492 -0.10245411098003387
0.3822900056838989 -0.24692778289318085 -0.14298637211322784
-0.040263183414936066 -0.030424075201153755 0.057014305144548416
0.11232681572437286 -0.2746070921421051 0.06379489600658417
-0.13488872349262238 -0.27749672532081604 0.15227743983268738
-0.21156112849712372 -0.058742206543684006 -0.04769553244113922
0.11054850369691849 0.004652420058846474 0.0019841105677187443
0.06462738662958145 -0.12379138916730881 0.2295057326555252
-0.1334749311208725 -0.1971755027770996 -0.03367247059941292
-0.035375721752643585 -0.10598412156105042 0.17046886682510376
0.04108606278896332 -0.32013896107673645 0.03895261138677597
-0.007003525737673044 -0.27142101526260376 0.03222469985485077
0.07343175262212753 -0.32949942350387573 0.04963896423578262
-0.016607604920864105 -0.28353187441825867 -0.14498992264270782
0.3250097334384918 -0.25576725602149963 -0.2112543284893036
0.03112328052520752 -0.27518847584724426 0.05685493350028992
-0.279997318983078 -0.2112301141023636 0.09373267740011215
0.06330087780952454 -0.1589941829442978 0.14498712122440338
0.03919230028986931 -0.16673894226551056 0.017056487500667572
-0.036868829280138016 -0.33833247423171997 0.03828037530183792
0.002757035428658128 -0.16710449755191803 -0.3327265679836273
-0.14193274080753326 0.22257952392101288 0.6580633521080017
0.02089502289891243 -0.37418293952941895 -0.16567732393741608
0.14353926479816437 -0.26522204279899597 0.03293401375412941
0.3201909065246582 -0.06747117638587952 -0.018936220556497574
0.055626172572374344 -0.30126580595970154 0.015274563804268837
0.4241276681423187 -0.10868604481220245 0.03203611820936203
-0.18559043109416962 -0.13388267159461975 -0.14865677058696747
0.07905416935682297 -0.2652480900287628 0.0038443952798843384
0.11507834494113922 -0.02850719913840294 0.2880650460720062
-0.07059119641780853 -0.08216819912195206 0.25369271636009216
0.11789291352033615 -0.28605926036834717 -0.0189594104886055
0.07993079721927643 -0.10773324221372604 0.20065224170684814
0.1549758017063141 -0.10261280834674835 0.06380753964185715
-0.1974816471338272 -0.18110370635986328 -0.12581458687782288
-0.12454419583082199 -0.024589823558926582 0.2585214078426361
-0.09175680577754974 -0.246347576379776 0.10968098789453506
-0.0007338293362408876 0.15735508501529694 0.10505399852991104
-0.06167621910572052 -0.2649098038673401 -0.1961355358362198
-0.14483855664730072 -0.12071200460195541 -0.02217935398221016
-0.03699270635843277 -0.06263276934623718 0.22870086133480072
0.3263426125049591 -0.025394456461071968 -0.17700305581092834
-0.17648984491825104 0.1768133044242859 -0.17505140602588654
0.10853851586580276 -0.23557065427303314 0.09416170418262482
-0.06828075647354126 -0.30492934584617615 -0.1637135148048401
0.09203501045703888 -0.32481080293655396 0.0042387377470731735
0.020070265978574753 -0.21189458668231964 0.14526456594467163
-0.030633315443992615 -0.18045787513256073 -0.22609616816043854
-0.2497432827949524 -0.2372284084558487 -0.2919873297214508
-0.015764053910970688 -0.3312986195087433 -0.03184415027499199
-0.05055686831474304 -0.18762199580669403 -0.18605567514896393
-0.2607033848762512 -0.0510268397629261 0.16720043122768402
-0.0219626035541296 -0.26319020986557007 0.1417752504348755
-0.010611457750201225 -0.10210089385509491 0.17276158928871155
0.03994176909327507 -0.2918965816497803 0.10884256660938263
-0.04414769262075424 -0.2863461673259735 -0.20924490690231323
-0.024406591430306435 -0.24633750319480896 -0.08875331282615662
0.024241289123892784 -0.04349201172590256 0.21500030159950256
-0.3600272238254547 -0.22881177067756653 -0.3542124032974243
-0.20421500504016876 -0.3325429856777191 -0.12823455035686493
-0.2121228128671646 -0.05803076550364494 -0.06957806646823883
-0.013064097613096237 -0.23089875280857086 -0.17312495410442352
-0.14685574173927307 -0.2584652602672577 0.11800127476453781
-0.10205328464508057 -0.28501972556114197 -0.025765391066670418
-0.10968659818172455 -0.05748535692691803 0.28939834237098694
0.14968055486679077 -0.2128695249557495 0.11532793194055557
-0.4282413125038147 -0.13860748708248138 0.3356797993183136
-0.05045250058174133 -0.37093234062194824 0.0010220245458185673
0.06114606931805611 -0.32763007283210754 -0.0388726182281971
0.08873163163661957 -0.17443445324897766 0.21166343986988068
-0.016460679471492767 -0.06067288666963577 0.21930767595767975
-0.08698375523090363 -0.43164777755737305 0.04348534345626831
0.11149377375841141 -0.27336356043815613 -0.16681675612926483
0.18161968886852264 -0.061867158859968185 0.08541286736726761
0.05383632332086563 -0.3397402763366699 -0.15430036187171936
-0.11578664183616638 -0.0640571266412735 0.32703691720962524
-0.11380940675735474 -0.16104473173618317 0.04554309695959091
0.04683160409331322 0.02930271439254284 0.23121601343154907
-0.2810418903827667 -0.23184920847415924 0.13150639832019806
-0.11456254124641418 0.21118882298469543 0.12311620265245438
0.12846295535564423 -0.21829485893249512 -0.17258158326148987
-0.03239281848073006 -0.36461174488067627 0.04192331060767174
-0.012176478281617165 -0.30954810976982117 -0.1414860486984253
0.06187701225280762 -0.2239244431257248 0.21861904859542847
-0.032191239297389984 -0.14585766196250916 0.07461906969547272
-0.01434067077934742 -0.3368530571460724 0.010241024196147919
0.028823215514421463 -0.29665055871009827 0.09776875376701355
0.17746247351169586 -0.27067458629608154 -0.23624619841575623
-0.023428522050380707 -0.3100746273994446 0.03848356381058693
-0.09678012877702713 -0.33827224373817444 -0.026201536878943443
-0.0678485706448555 -0.3008379638195038 -0.13039526343345642
-0.04694123938679695 -0.31980517506599426 -0.0696733370423317
-0.09267756342887878 -0.20219415426254272 0.17323023080825806
0.034032050520181656 -0.2606552243232727 0.08023467659950256
0.10537810623645782 -0.24174878001213074 -0.018909813836216927
-0.10430382192134857 -0.13485176861286163 -0.20441082119941711
0.2439948469400406 -0.326458215713501 -0.026423411443829536
0.0022960854694247246 -0.11456640064716339 -0.1472461074590683
0.32105666399002075 -0.17298947274684906 -0.2709556818008423
-0.03854817897081375 -0.27269506454467773 -0.13458718359470367
-0.08162664622068405 -0.15436692535877228 -0.08874385058879852
-0.03384016826748848 -0.3002268970012665 -0.19109897315502167
0.06435465067625046 -0.14394967257976532 -0.04142853245139122
0.13958168029785156 -0.22286121547222137 -0.07693532854318619
0.06769327074289322 -0.23685763776302338 -0.21019993722438812
0.13389287889003754 -0.33402320742607117 0.016357187181711197
0.17683711647987366 -0.19076961278915405 0.032633356750011444
-0.05110025033354759 -0.1632143259048462 0.03621653839945793
-0.12197404354810715 -0.27097252011299133 0.015102781355381012
0.16461694240570068 -0.1843797117471695 0.1357288956642151
-0.055966511368751526 -0.13150259852409363 0.15823142230510712
0.1733899563550949 -0.2906959652900696 -0.11760430783033371
-0.04409215599298477 -0.24223120510578156 -0.21728762984275818
-0.16104449331760406 -0.22845681011676788 0.12256898730993271
0.06871037185192108 -0.10573867708444595 0.22870008647441864
0.3205665647983551 -0.17359575629234314 -0.22983510792255402
0.010565623641014099 -0.19253984093666077 0.1270449459552765
-0.04790426045656204 -0.3294948935508728 -0.020954886451363564
-0.18308565020561218 -0.0038140220567584038 0.16718411445617676
-0.484639048576355 -0.19748497009277344 0.17835184931755066
0.10098803043365479 -0.15692929923534393 -0.034720584750175476
0.09066396206617355 -0.30569174885749817 -0.00736123276874423
0.02472046948969364 -0.3376418948173523 0.06084556505084038
0.005513698328286409 -0.296307235956192 -0.12542861700057983
-0.11070241034030914 0.015247361734509468 0.12471197545528412
-0.16185443103313446 -0.18746182322502136 0.060577232390642166
-0.1465320885181427 -0.3162490427494049 -0.03380054235458374
0.04140939190983772 -0.3549109697341919 0.21061769127845764
0.07483495771884918 -0.30927637219429016 0.016508420929312706
-0.19107834994792938 -0.0693294107913971 -0.08936461061239243
0.004648036323487759 -0.2040124088525772 0.16327394545078278
-0.05566205084323883 -0.3158469498157501 0.08970284461975098
-0.16632916033267975 -0.06165162846446037 0.14115211367607117
0.0667821392416954 -0.30273279547691345 0.03755396977066994
0.18018454313278198 -0.29613733291625977 -0.17960645258426666
-0.08613250404596329 0.023883957415819168 0.012735724449157715
0.0726364329457283 -0.32787543535232544 -0.1948455423116684
-0.10075806826353073 -0.28957098722457886 -0.31832268834114075
0.17593462765216827 -0.33874523639678955 -0.025401519611477852
-0.1769486367702484 -0.2912089228630066 -0.08302872627973557
-0.04154838249087334 -0.13779425621032715 -0.20406398177146912
0.21853506565093994 -0.27456846833229065 0.04600675031542778
0.07458274066448212 -0.20851124823093414 0.09323571622371674
0.18763434886932373 -0.10482171922922134 -0.0660071149468422
0.13204467296600342 -0.08485115319490433 0.14701306819915771
0.05529406666755676 -0.3198032081127167 0.038208551704883575
0.032778769731521606 -0.34579652547836304 0.04897421598434448
-0.1475861370563507 -0.3018765151500702 0.0042930105701088905
-0.20402488112449646 -0.044691819697618484 0.040928181260824203
-0.0429718978703022 -0.25453364849090576 0.14343009889125824
-0.028494002297520638 -0.33299848437309265 -0.06979749351739883
0.13799376785755157 -0.23571240901947021 -0.062372904270887375
-0.10613062977790833 -0.3120880126953125 -0.0548449382185936
0.027941696345806122 -0.24623306095600128 0.08881636708974838
0.28016915917396545 -0.07593683153390884 0.013393610715866089
-0.03757157549262047 -0.16503706574440002 0.20411354303359985
0.06093032658100128 -0.2881726324558258 -0.1371098905801773
0.18157383799552917 -0.23561957478523254 -0.017732666805386543
-0.155561625957489 -0.3031667172908783 0.1344365030527115
0.22140942513942719 -0.27888715267181396 -0.11513813585042953
-0.14518499374389648 -0.3008713126182556 0.032743170857429504
-0.08236321806907654 -0.25536540150642395 -0.23759272694587708
-0.1242157444357872 -0.2687205374240875 0.020658472552895546
-0.215200737118721 -0.08504325896501541 -0.2951074242591858
-0.1049828976392746 -0.11965200304985046 0.22259601950645447
-0.3105383515357971 -0.2355678528547287 -0.05304362624883652
0.13452757894992828 -0.3006405532360077 0.030542071908712387
-0.12342865765094757 -0.1444261521100998 -0.18800485134124756
-0.0037942244671285152 -0.1020430326461792 0.06930847465991974
-0.08963848650455475 0.04795610159635544 0.3779248595237732
-0.03952322527766228 -0.02043958380818367 0.25340160727500916
0.18506722152233124 -0.05482125282287598 0.13814808428287506
-0.021040281280875206 -0.07720372825860977 0.13902771472930908
-0.027766350656747818 -0.2800675928592682 0.1290856897830963
0.24412241578102112 -0.08800221234560013 -0.023481428623199463
0.0064963181503117085 -0.30373531579971313 -0.032888658344745636
0.060751888900995255 -0.3170657157897949 -0.05403105542063713
-0.001522350125014782 0.017742140218615532 0.10540669411420822
-0.027403561398386955 -0.03404582291841507 0.1533258855342865
0.05484320595860481 0.07365933060646057 -0.0026427251286804676
0.1065492257475853 -0.26384416222572327 0.10391484946012497
-0.06453362852334976 -0.32994791865348816 -0.0836680456995964
-0.005613431334495544 -0.28676724433898926 0.09752414375543594
0.08349140733480453 -0.22874866425991058 0.07151657342910767
-0.04321881756186485 -0.2468050718307495 0.14379757642745972
0.030364954844117165 -0.33902886509895325 -0.03552447259426117
-0.03962406516075134 -0.2058899998664856 0.03562166541814804
-0.030218087136745453 -0.17109715938568115 0.06169021502137184
-0.21744897961616516 -0.23645982146263123 -0.13669608533382416
0.0968579649925232 -0.22924098372459412 0.1380092352628708
0.08555973321199417 -0.2950156629085541 0.05763618275523186
-0.018398001790046692 -0.11594460904598236 0.30269306898117065
0.06351671367883682 -0.3420078158378601 -0.044229283928871155
0.07989779114723206 -0.11282093822956085 0.1762228161096573
-0.24290554225444794 0.00012279977090656757 -0.26087769865989685
0.11642658710479736 -0.24086900055408478 -0.049037784337997437
-0.16118894517421722 -0.2397056370973587 -0.14864346385002136
-0.034080345183610916 -0.2965600788593292 -0.11859418451786041
0.07486355304718018 -0.25514912605285645 -0.051864150911569595
0.12381832301616669 -0.3192422091960907 -0.06053255870938301
0.0794513076543808 -0.09748069196939468 -0.028580281883478165
0.04840116947889328 -0.3271327018737793 0.05603339150547981
-0.20972654223442078 -0.21244768798351288 0.05905088782310486
0.07870448380708694 -0.14446379244327545 -0.2506917119026184
0.23496703803539276 -0.323930561542511 0.01673714816570282
-0.08504126965999603 -0.22584635019302368 0.14487825334072113
-0.09011474251747131 -0.27972543239593506 0.13066792488098145
0.012724598869681358 -0.05571386218070984 0.25441431999206543
0.1438194215297699 -0.2962356507778168 -0.21443548798561096
0.0011952923377975821 -0.14512278139591217 0.1401306539773941
-0.0688464343547821 -0.07445622235536575 -0.07816577702760696
-0.2490086853504181 -0.10259075462818146 -0.14281706511974335
-0.026457926258444786 -0.34694167971611023 -0.005281499121338129
-0.035685595124959946 -0.28895556926727295 0.06337536871433258
-0.3406370282173157 -0.06875487416982651 -0.14706985652446747
0.11830522865056992 -0.23630031943321228 -0.0946156308054924
0.16819821298122406 -0.24027658998966217 -0.0982259213924408
0.0026787694077938795 -0.19187486171722412 0.11156722903251648
-0.10305202752351761 -0.296969473361969 -0.012070845812559128
0.1147732064127922 -0.32351455092430115 -0.26141515374183655
0.013065138831734657 -0.1949012130498886 0.05515972897410393
-0.3173339366912842 0.0946272611618042 0.04784563183784485
-0.16831636428833008 -0.32807618379592896 0.10895641893148422
0.2434983253479004 -0.29414603114128113 0.01673128455877304
0.0218067429959774 -0.28117385506629944 0.03862490504980087
0.1561937928199768 -0.1139228343963623 0.14548984169960022
0.09125391393899918 -0.16352801024913788 0.1368478536605835
0.3279986083507538 -0.08293206989765167 0.1532847285270691
0.01231468841433525 -0.1361944079399109 0.23361936211585999
-0.13921737670898438 -0.13275456428527832 -0.20827196538448334
-0.09116847068071365 -0.1590898633003235 0.07613971829414368
-0.2112317681312561 -0.23341627418994904 -0.20793353021144867
-0.07422102987766266 -0.3003372550010681 -0.1726084202528
-0.25466349720954895 -0.2525428831577301 -0.0003927447833120823
0.040684692561626434 -0.3207870125770569 -0.13342861831188202
0.5013134479522705 -0.030269699171185493 0.0680350661277771
-0.053166501224040985 -0.25872495770454407 -0.1179739311337471
0.14097267389297485 -0.27759790420532227 -0.3132413327693939
0.10862773656845093 -0.016464538872241974 0.2711718678474426
0.15386153757572174 0.005675022024661303 -0.25331637263298035
-0.06872065365314484 -0.09153459221124649 0.21495795249938965
0.22979474067687988 -0.30884286761283875 -0.020019732415676117
0.05531470850110054 -0.4206044673919678 0.1536923497915268
0.05392308160662651 -0.34189122915267944 0.007615242153406143
0.23422065377235413 -0.26473742723464966 0.24498935043811798
-0.059874631464481354 -0.2966609299182892 -0.149593785405159
-0.09291104972362518 -0.10875478386878967 0.1387544721364975
-0.22843943536281586 -0.14092572033405304 -0.26885786652565
0.1635901778936386 -0.2157595008611679 0.007614712230861187
0.039559606462717056 -0.28255152702331543 0.006863547023385763
0.04750456288456917 -0.3256329894065857 -0.03354014456272125
-0.29580822587013245 -0.19919119775295258 -0.2042013257741928
0.21427740156650543 0.067914217710495 0.178055077791214
0.11370721459388733 -0.3282531201839447 0.06504178792238235
0.04798882454633713 -0.26753702759742737 -0.19955980777740479
0.3167465031147003 -0.0200056005269289 0.1787843257188797
0.26707035303115845 -0.23512019217014313 -0.12499045580625534
0.03244617581367493 -0.1099826842546463 0.21329909563064575
0.06336241215467453 -0.305696040391922 -0.10115444660186768
0.02709770016372204 -0.2168041467666626 0.1499675214290619
-0.02697889506816864 -0.09229043126106262 0.2582574188709259
0.16248302161693573 -0.3223530352115631 0.03506843000650406
0.023564593866467476 -0.3089641034603119 0.07250431925058365
-0.1961452066898346 -0.046846676617860794 0.26867708563804626
-0.33021003007888794 -0.05055413767695427 -0.01214890368282795
-0.00804714486002922 -0.30181074142456055 -0.1432759016752243
0.0060765729285776615 -0.2832343876361847 -0.2273973524570465
-0.14094625413417816 -0.13953101634979248 -0.17391623556613922
-0.10895225405693054 -0.2569507360458374 -0.003051465842872858
-0.17191340029239655 -0.29664161801338196 -0.06795427948236465
-0.09632185846567154 -0.20909354090690613 -0.051718372851610184
-0.030717652291059494 -0.31833019852638245 -0.12885738909244537
0.1360427439212799 -0.10489636659622192 0.13770824670791626
0.2028023600578308 -0.31630298495292664 0.005115615203976631
-0.14256596565246582 -0.3067964017391205 -0.017635192722082138
-0.10915157198905945 -0.0995645821094513 -0.027079084888100624
0.059748608618974686 -0.1272915005683899 0.1689978390932083
0.08768846839666367 -0.22235101461410522 -0.19280587136745453
0.12455995380878448 -0.29464825987815857 0.0924934670329094
0.1946844905614853 -0.168982595205307 0.08695099502801895
0.11308272927999496 -0.19904541969299316 -0.12916214764118195
0.040037497878074646 -0.33335185050964355 -0.04789603501558304
-0.2132156789302826 -0.23327475786209106 0.0856960341334343
-0.04137082025408745 0.03909933567047119 0.2875452935695648
0.10295425355434418 -0.2732810378074646 -0.24485810101032257
-0.17927342653274536 -0.16826756298542023 0.11534085124731064
0.22194571793079376 -0.05775570124387741 0.15371936559677124
0.023194395005702972 -0.31368377804756165 -0.06995045393705368
-0.02026154100894928 -0.06693344563245773 -0.1075512021780014
0.07822877913713455 -0.18178437650203705 0.11495868861675262
0.09602069854736328 -0.21118970215320587 -0.1556089222431183
0.13839979469776154 -0.18312253057956696 0.23233111202716827
0.06524231284856796 -0.26725634932518005 -0.0538104809820652
-2.41096131503582e-06 -0.34712961316108704 -0.05546439811587334
-0.2811281085014343 -0.07943069934844971 -0.19049964845180511
-0.07691093534231186 -0.08031559735536575 0.03587200120091438
-0.3785422742366791 -0.08618489652872086 0.07959818840026855
-0.04609100893139839 -0.25557848811149597 0.1263972520828247
0.2141248732805252 -0.30795785784721375 -0.09407290816307068
-0.03875146433711052 -0.3102240264415741 0.06292100995779037
-0.197854682803154 -0.10411470383405685 0.16816943883895874
0.04375616833567619 -0.13961954414844513 0.11952126771211624
-0.18276603519916534 -0.1872497946023941 0.048925988376140594
0.09082341939210892 -0.10260511189699173 0.10440786927938461
0.188832625746727 -0.23928114771842957 0.1457425206899643
0.1484164595603943 -0.28832557797431946 -0.15056876838207245
0.08271757513284683 -0.22542962431907654 -0.29572391510009766
0.16747605800628662 -0.151678204536438 0.08824057877063751
-0.2266935110092163 -0.1257706880569458 -0.016094746068120003
0.06002260744571686 0.3536793291568756 0.31661903858184814
0.2802284359931946 -0.22263884544372559 0.07101279497146606
0.09063966572284698 -0.2151765674352646 0.07522869110107422
-0.10578877478837967 -0.2874339520931244 0.019366834312677383
0.12680035829544067 -0.18419405817985535 -0.09000921994447708
-0.17360329627990723 -0.12119825929403305 0.16094954311847687
0.04727520793676376 -0.2682879567146301 0.030385321006178856
-0.23389165103435516 -0.285266637802124 0.039822570979595184
-0.14055030047893524 -0.13375477492809296 0.10360217839479446
-0.0933322161436081 -0.11857752501964569 -0.18717005848884583
-0.2599130868911743 0.10987861454486847 0.09054263681173325
-0.11783923953771591 0.040869034826755524 0.42095643281936646
0.23534047603607178 -0.30896270275115967 0.0067872339859604836
-0.23906081914901733 -0.3076663017272949 -0.06633441895246506
0.09784109145402908 -0.3148254454135895 -0.038386475294828415
-0.06993760168552399 -0.29632678627967834 0.08186393231153488
0.00593728618696332 -0.30364546179771423 -0.016672512516379356
-0.025187993422150612 -0.32198092341423035 0.085704505443573
-0.19388410449028015 -0.2686198949813843 0.0434974730014801
-0.05002230033278465 -0.23328818380832672 -0.14829079806804657
-0.12367572635412216 -0.2484605759382248 0.09980489313602448
-0.24502547085285187 0.009289354085922241 -0.11984743177890778
-0.1132696121931076 -0.2936420142650604 -0.04981937259435654
-0.023198453709483147 -0.3104490637779236 -0.12984737753868103
-0.10669867694377899 0.12652301788330078 0.4512959420681
0.06291614472866058 -0.19496743381023407 -0.05498553439974785
0.09720388054847717 -0.0878327265381813 0.11685904115438461
0.10770034790039062 -0.2816159427165985 -0.10341434180736542
0.16151827573776245 -0.33916351199150085 0.01871664449572563
-0.05693267658352852 -0.26500722765922546 -0.05424663797020912
-0.08590993285179138 0.00046708190347999334 0.12458714842796326
0.07643070816993713 -0.1730087399482727 0.18719270825386047
0.15809963643550873 0.10744468867778778 0.39467719197273254
-0.11875101923942566 -0.24893364310264587 0.13322779536247253
-0.32196998596191406 -0.25795403122901917 -0.2063850462436676
0.10187605768442154 -0.3097655475139618 -0.024757644161581993
0.07275906950235367 -0.2897707223892212 0.03274957463145256
-0.2551075220108032 -0.13274814188480377 -0.011671874672174454
-0.05106118693947792 -0.134535551071167 0.09094814211130142
0.07695135474205017 -0.2552570104598999 -0.13985399901866913
0.17837350070476532 -0.040268298238515854 0.1943453848361969
0.06918816268444061 -0.2484583854675293 0.14761799573898315
-0.1477116495370865 -0.2928372025489807 -0.17333456873893738
0.005821095779538155 0.0726773664355278 0.13566483557224274
-0.021764812991023064 -0.30160340666770935 0.07151670008897781
0.018967557698488235 -0.08385367691516876 0.2566463053226471
0.18989264965057373 -0.0547989159822464 0.08401229977607727
0.09832246601581573 -0.004094743635505438 0.11937420070171356
-0.1458001285791397 -0.33840644359588623 -0.007002744358032942
0.07102447003126144 0.1966206133365631 0.08037836104631424
-0.03575226292014122 -0.26287421584129333 0.02759350836277008
0.0248298030346632 -0.11209051311016083 0.08109377324581146
0.141673743724823 0.10147897899150848 0.1844548135995865
0.13079525530338287 -0.32787245512008667 -0.018334368243813515
0.09840977191925049 -0.19000853598117828 0.11144427210092545
-0.022517364472150803 -0.03012952394783497 0.06688344478607178
0.029646864160895348 -0.27152013778686523 0.2894839942455292
0.2062484622001648 -0.31316763162612915 0.08470835536718369
0.006998218595981598 -0.2920337915420532 0.08441440761089325
-0.09791842848062515 -0.32719990611076355 0.0739993155002594
0.020154785364866257 -0.2564370930194855 -0.26453813910484314
0.29784753918647766 -0.13885220885276794 -0.25102531909942627
0.1287749856710434 -0.3083832561969757 0.009540578350424767
0.025837097316980362 -0.30207183957099915 -0.11936446279287338
-0.15795427560806274 -0.26742246747016907 0.11091383546590805
0.07747693359851837 -0.28259536623954773 -0.004346092697232962
-0.11410687118768692 -0.24856775999069214 -0.006589091848582029
0.022537190467119217 -0.22912567853927612 0.09024782478809357
0.049156446009874344 -0.3205397427082062 -0.15953773260116577
0.010827351361513138 -0.07233665883541107 0.0358806848526001
-0.19087693095207214 -0.08532793819904327 0.1645945906639099
-0.2125147432088852 -0.1831134855747223 0.100150465965271
-0.01924961805343628 -0.2062956690788269 -0.10426677018404007
0.012368828058242798 -0.29928553104400635 -0.1514095664024353
0.2874871492385864 -0.21800349652767181 0.022358320653438568
0.3198895752429962 -0.19458039104938507 -0.03585974499583244
0.145099937915802 -0.18374799191951752 -0.0035612015053629875
-0.3560745418071747 -0.21274854242801666 -0.035538967698812485
0.1549672782421112 0.06271548569202423 -0.09253276884555817
-0.045626793056726456 -0.11709243804216385 -0.33809471130371094
0.07117073982954025 -0.1191951110959053 0.07910031825304031
-0.27478253841400146 -0.1787826418876648 0.0005562002770602703
-0.20261895656585693 0.0902712494134903 0.3752400279045105
-0.04005192592740059 -0.31390002369880676 0.015702305361628532
-0.0031576817855238914 -0.349855899810791 -0.004966950509697199
-0.15642614662647247 -0.3277696669101715 -0.07082337886095047
-0.09284625947475433 -0.2429889440536499 0.04997337982058525
-0.2063886672258377 0.07531943917274475 0.23561525344848633
0.02155243046581745 -0.2988336980342865 -0.015191851183772087
-0.26243671774864197 -0.19958578050136566 0.06481269001960754
0.17782644927501678 -0.2711044251918793 -0.03204670920968056
-0.04625324532389641 -0.1266023963689804 0.19097912311553955
-0.17218366265296936 -0.23672768473625183 -0.34023478627204895
0.07523101568222046 -0.22454272210597992 0.09227927774190903
0.1204231008887291 -0.07584475725889206 -0.14145921170711517
-0.06854036450386047 -0.28586214780807495 0.09489861875772476
0.12997576594352722 -0.30355143547058105 -0.010103577747941017
-0.1434493362903595 -0.10760603845119476 0.01713559590280056
-0.1549961417913437 -0.2572433650493622 -0.17056100070476532
0.22187413275241852 0.006045105401426554 0.06277996301651001
0.13981586694717407 0.33723703026771545 0.4599490761756897
0.2974395155906677 6.739876698702574e-05 0.10576285421848297
0.11147614568471909 -0.04196694493293762 0.20166657865047455
-0.15731079876422882 0.08796195685863495 0.15956653654575348
0.1896071583032608 -0.21495337784290314 0.07090665400028229
0.20261874794960022 -0.06804051995277405 0.00290022068656981
-0.028537841513752937 -0.18727220594882965 0.09249952435493469
-0.08304347097873688 -0.10068213194608688 -0.02234783209860325
-0.05417916178703308 0.08447770029306412 0.27942243218421936
0.004458353854715824 -0.31372499465942383 -0.005924697499722242
-0.005600634962320328 -0.17314639687538147 0.00667852908372879
0.2128964066505432 -0.12480483204126358 -0.12519171833992004
-0.041981495916843414 -0.31141114234924316 0.007120136637240648
-0.11572171747684479 -0.2785469591617584 0.05891619995236397
0.13515624403953552 -0.28366997838020325 0.09463561326265335
-0.050267547369003296 0.112225741147995 0.4633190929889679
0.06916607916355133 -0.31586912274360657 -0.07672939449548721
0.038320623338222504 -0.3117545247077942 0.023545101284980774
-0.09822480380535126 -0.1256248950958252 -0.010043196380138397
0.06580247730016708 -0.34325724840164185 0.10132637619972229
-0.15728449821472168 0.02532675676047802 0.2623952329158783
0.09910634160041809 -0.426708459854126 -0.005842254497110844
0.20514202117919922 -0.1049795001745224 -0.01994078978896141
0.060576796531677246 -0.3575551211833954 -0.04282710701227188
-0.34856489300727844 0.0724664032459259 0.17523352801799774
0.18093952536582947 -0.2959595024585724 -0.09375528246164322
0.21926143765449524 -0.28484174609184265 -0.07038199156522751
0.039378512650728226 -0.09879379719495773 0.09325984120368958
0.16397793591022491 -0.2561929523944855 0.06668015569448471
-0.06946193426847458 -0.32472699880599976 -0.09763339161872864
0.10606278479099274 -0.18026572465896606 -0.10028455406427383
-0.0910496637225151 -0.27375468611717224 -0.1712293177843094
-0.06653312593698502 -0.3385072350502014 0.18931955099105835
0.11466961354017258 -0.2937493324279785 0.08463867753744125
0.02299097739160061 -0.0322980172932148 0.21024468541145325
-0.051469434052705765 0.13738012313842773 0.37120717763900757
0.017986105754971504 -0.18331442773342133 -0.004102659877389669
-0.09389720112085342 -0.2640678286552429 -0.14517800509929657
0.013508716598153114 -0.3122377097606659 0.011331506073474884
-0.12555013597011566 -0.20352229475975037 0.13747648894786835
-0.21374759078025818 -0.14328165352344513 0.1167173758149147
-0.14201003313064575 -0.28099310398101807 0.11379047483205795
-0.18881112337112427 -0.21330396831035614 -0.0501733161509037
-0.046264540404081345 -0.11714887619018555 0.07906029373407364
0.05501830577850342 -0.016485275700688362 0.29701387882232666
0.15869125723838806 0.2451419234275818 0.37304335832595825
-0.02121417038142681 -0.31839126348495483 0.22483912110328674
0.0462353453040123 -0.19184112548828125 0.07177036255598068
-0.10849729180335999 -0.3253863453865051 -0.09239547699689865
0.15304727852344513 -0.21243888139724731 -0.05961190536618233
0.28062984347343445 0.00623367540538311 0.06175805255770683
-0.0444585420191288 -0.34176746010780334 -0.07734152674674988
0.1071537658572197 -0.23979967832565308 0.07404647022485733
0.1520155519247055 -0.2976979613304138 -0.1626850813627243
0.07249701023101807 -0.13393016159534454 0.1870105266571045
-0.13971014320850372 -0.2640828788280487 -0.17743094265460968
0.0665433332324028 -0.1739155501127243 0.017945721745491028
0.22487342357635498 -0.2262727916240692 -0.22122272849082947
-0.02148505300283432 -0.326723575592041 0.12813572585582733
-0.10565853863954544 0.0016597786452621222 0.36735570430755615
0.2140507698059082 -0.28340354561805725 -0.1075143963098526
-0.23534013330936432 -0.11155569553375244 0.20954464375972748
0.14648079872131348 -0.10921020805835724 0.03918854147195816
0.06137195974588394 -0.15985913574695587 0.14978666603565216
-0.2890125811100006 -0.2181853950023651 0.17728762328624725
-0.2548315227031708 -0.055992867797613144 -0.07363595068454742
-0.08859796077013016 -0.09288907796144485 -0.12881767749786377
-0.1500333696603775 -0.19979552924633026 -0.05188519135117531
0.1619308739900589 -0.11279074847698212 0.06648770719766617
0.07595843076705933 -0.2955733835697174 0.15811732411384583
0.23682880401611328 -0.29486897587776184 -0.08846451342105865
0.28899839520454407 -0.22904010117053986 0.12570559978485107
0.028301220387220383 -0.3469916880130768 0.05203263834118843
0.1095055341720581 -0.20983944833278656 0.16248264908790588
0.06813596934080124 -0.2964562177658081 -0.37877559661865234
0.15058781206607819 -0.21552231907844543 0.052554547786712646
0.0382864810526371 -0.3292992413043976 0.1401316374540329
0.03837224468588829 -0.26564574241638184 -0.07961086928844452
0.11686695367097855 -0.002046962734311819 0.2515099048614502
0.23424451053142548 -0.08863408118486404 0.09129412472248077
-0.115983746945858 -0.2967185080051422 0.04303053766489029
0.04093876853585243 -0.3146527111530304 -0.015595417469739914
0.08737950772047043 -0.08457696437835693 0.38531294465065
-0.060862936079502106 -0.23540902137756348 -0.056168507784605026
-0.004678277764469385 0.04210832715034485 0.26089879870414734
0.22605958580970764 -0.0391763374209404 0.11026541143655777
0.1133560836315155 -0.0959925726056099 -0.15746834874153137
-0.2582251727581024 -0.1256415843963623 0.06371133774518967
-0.3074188232421875 -0.15173201262950897 0.1826869249343872
-0.11874126642942429 -0.3437592089176178 0.0400737002491951
-0.01395222544670105 -0.02810344099998474 0.22381038963794708
0.23571191728115082 -0.314054936170578 0.0044911946170032024
0.13271835446357727 -0.2452448010444641 -0.08760146796703339
-0.0867229700088501 -0.33048373460769653 -0.05122150480747223
-0.11627493798732758 -0.3170446455478668 -0.06824547797441483
0.06617353111505508 -0.3042865991592407 -0.209441676735878
0.13854029774665833 -0.2994941473007202 0.044588275253772736
0.12840625643730164 -0.19851841032505035 -0.07562942802906036
-0.1546955704689026 -0.3332134485244751 0.12783294916152954
0.03648601844906807 -0.07248996198177338 0.19484278559684753
0.10131324827671051 -0.2803233563899994 -0.0756838396191597
0.24866870045661926 -0.2282881736755371 0.03491253778338432
-0.33617883920669556 -0.04080168530344963 0.046338800340890884
-0.1714383065700531 -0.16623055934906006 -0.24445560574531555
-0.10334465652704239 -0.28781405091285706 -0.012632939964532852
-0.1379421502351761 -0.1354764848947525 0.1454704999923706
-0.35525086522102356 -0.137226402759552 -0.07097721844911575
-0.06536497920751572 -0.24791547656059265 -0.2651079297065735
0.2040543258190155 -0.19125394523143768 0.1387626677751541
0.11311208456754684 -0.023396119475364685 0.03372330218553543
-0.035108499228954315 -0.2521120309829712 0.055950913578271866
-0.08920417726039886 -0.2065250426530838 -0.3709993064403534
0.02723325788974762 -0.28753462433815 -0.15759128332138062
-0.07656560093164444 -0.3157555162906647 0.03533095493912697
0.058541711419820786 0.059200357645750046 0.32385754585266113
-0.07057185471057892 0.02173950895667076 0.11643264442682266
0.05466969311237335 0.0601813904941082 0.14815403521060944
-0.26827192306518555 -0.14250366389751434 0.15184363722801208
-0.14202703535556793 -0.018809858709573746 0.0260262880474329
-0.06643963605165482 -0.31996458768844604 0.06694472581148148
-0.029633071273565292 -0.25322675704956055 -0.019662773236632347
-0.04127621278166771 -0.31039106845855713 -0.10714054107666016
-0.10132768750190735 -0.3109024167060852 -0.2895909249782562
-0.1577676683664322 -0.338289350271225 0.06332576274871826
-0.04860934242606163 -0.20212484896183014 0.21975311636924744
0.14945371448993683 -0.19898484647274017 -0.16342686116695404
0.005171868018805981 -0.287744402885437 0.04843393340706825
0.12890003621578217 -0.2693605422973633 0.1327323615550995
0.12041566520929337 -0.2356155812740326 0.10236544907093048
-0.024201685562729836 -0.15359297394752502 0.10846821963787079
0.053393974900245667 -0.28733450174331665 0.03449808433651924
-0.15294179320335388 -0.05226871371269226 0.0006375501397997141
0.18393205106258392 -0.25187358260154724 -0.022448962554335594
0.19904769957065582 -0.255707710981369 0.0110138189047575
0.024640101939439774 -0.1651231199502945 0.21115899085998535
-0.1385650485754013 -0.1028698980808258 -0.2361575961112976
0.10641065239906311 -0.222030371427536 0.013374822214245796
0.07474185526371002 -0.280261754989624 -0.020294519141316414
0.10380226373672485 -0.2941633462905884 0.1024646982550621
0.16803501546382904 -0.07794919610023499 0.15682949125766754
0.108408123254776 -0.28491365909576416 0.21550726890563965
0.14169833064079285 -0.5442906022071838 -0.6437137722969055
0.14552608132362366 -0.14561890065670013 0.029864173382520676
-0.08144254237413406 -0.24352023005485535 0.1738399714231491
0.18044491112232208 -0.31389135122299194 0.0017288165399804711
-0.21681848168373108 -0.33453893661499023 0.0028743580915033817
-0.3650622069835663 -0.2972055673599243 0.0641336515545845
-0.10787782073020935 -0.1913362592458725 -0.12773561477661133
-0.12295853346586227 -0.2011379599571228 -0.22056399285793304
0.09536200016736984 -0.32508260011672974 0.018224848434329033
0.26498228311538696 -0.18621893227100372 -0.08021944016218185
-0.08678532391786575 -0.22474297881126404 -0.03096679039299488
0.16616256535053253 -0.30618003010749817 -0.04616249352693558
0.193954199552536 -0.33427008986473083 -0.2987103760242462
-0.2324906885623932 -0.3152815103530884 -0.032349396497011185
0.09978403896093369 -0.0735582485795021 0.12940657138824463
0.14113624393939972 -0.29734307527542114 -0.2063944786787033
0.19401288032531738 -0.17500923573970795 -0.08512414991855621
0.08966285735368729 -0.2901046872138977 -0.25672295689582825
-0.19462646543979645 -0.10314057767391205 -0.012119496241211891
-0.0621429979801178 -0.3349379897117615 -0.3208521008491516
-0.22393439710140228 -0.15413819253444672 0.06159036234021187
-0.07302714884281158 -0.20131318271160126 -0.028600338846445084
0.024112144485116005 -0.20165839791297913 -0.18131700158119202
0.12290225178003311 -0.12254781275987625 0.2252790927886963
0.1456872820854187 -0.2791176438331604 0.061914656311273575
-0.06906459480524063 -0.048145826905965805 -0.029841763898730278
-0.23014794290065765 -0.27898842096328735 0.009643111377954483
0.2682899534702301 -0.18481644988059998 -0.03472734987735748
-0.14516742527484894 -0.09498567134141922 0.017580077052116394
0.03829284757375717 0.026136793196201324 0.2845018804073334
0.16157162189483643 0.13104598224163055 0.46401843428611755
-0.09525120258331299 -0.10847463458776474 -0.011274658143520355
-0.13376863300800323 -0.11864827573299408 0.0246413741260767
-0.025277085602283478 -0.2983384132385254 0.07831543684005737
-0.005252462346106768 -0.1254245489835739 0.019396036863327026
0.005352010019123554 -0.11023702472448349 -0.1922421157360077
-0.007640864234417677 -0.1375514268875122 0.24302810430526733
0.1966349333524704 -0.26278701424598694 0.09067748486995697
-0.030831720679998398 -0.1781834065914154 -0.07761658728122711
0.23225077986717224 -0.3909723162651062 -0.04328234866261482
-0.2669501006603241 -0.2879768908023834 0.09643677622079849
0.2056121528148651 -0.2795180082321167 -0.10919082164764404
0.020982909947633743 -0.3221592307090759 -0.010008657351136208
0.10737553238868713 -0.04543931037187576 0.2609959840774536
-0.11761655658483505 -0.1862965077161789 0.2658126950263977
-0.016276467591524124 -0.2403271347284317 -0.019217025488615036
0.019384482875466347 -0.15998698770999908 -0.003555369097739458
0.047388963401317596 -0.2579028904438019 0.03909214213490486
0.0347723551094532 0.2006600946187973 0.09910077601671219
0.1071423664689064 -0.23464541137218475 0.09529823809862137
0.055788129568099976 -0.2703196704387665 0.05823280289769173
-0.009318076074123383 0.06766510754823685 0.3176880478858948
0.07881003618240356 0.21438157558441162 0.026464860886335373
-0.16545923054218292 -0.27383461594581604 0.048706404864788055
-0.0232763160020113 -0.29769691824913025 0.09756814688444138
0.11853037774562836 -0.3426189124584198 -0.03515057638287544
0.1963665932416916 -0.14414893090724945 -0.04278276860713959
-0.13006936013698578 0.17509698867797852 0.2488878220319748
0.188567653298378 -0.043070245534181595 0.16069689393043518
0.02451884187757969 -0.32987120747566223 -0.03401608392596245
-0.18206553161144257 -0.19925105571746826 -0.1692635715007782
0.04594727233052254 -0.2695290148258209 0.11418542265892029
-0.051644932478666306 -0.3502083718776703 0.004201413132250309
0.06658519804477692 -0.05683506280183792 0.24836470186710358
-0.13765168190002441 -0.0760558694601059 -0.007883157581090927
0.07608714699745178 -0.271933376789093 0.04003603011369705
0.05560973286628723 -0.2382248342037201 0.1661909520626068
-0.02423640713095665 -0.25129133462905884 -0.1053391620516777
-0.05626853182911873 -0.29151710867881775 0.01008640043437481
-0.1947011798620224 -0.10842648148536682 0.07815532386302948
0.05452217161655426 -0.29070380330085754 -0.25625044107437134
-0.013710025697946548 -0.12489994615316391 0.041816018521785736
0.08920149505138397 -0.03381652384996414 0.27156707644462585
-0.09211432188749313 -0.2740115821361542 -0.30032986402511597
0.1102323979139328 -0.08041591942310333 -0.1936771422624588
-0.01485094241797924 -0.1424550563097 -0.14109466969966888
-0.027790728956460953 -0.31615206599235535 -0.03571722283959389
-0.02661445364356041 0.08543158322572708 0.10566844046115875
0.03787326067686081 0.00228891265578568 -0.30628567934036255
0.07317424565553665 -0.2989857792854309 -0.21829074621200562
0.06191445142030716 -0.03226413205265999 -0.2375745326280594
-0.09965185075998306 -0.29174938797950745 0.09154845029115677
0.19436080753803253 -0.29880720376968384 0.07324237376451492
-0.07808423042297363 -0.22193403542041779 -0.07821525633335114
-0.06737000495195389 -0.28961503505706787 -0.04340365156531334
0.1740148514509201 -0.20154470205307007 0.16576902568340302
-0.2916421890258789 -0.0660388171672821 -0.06299307197332382
-0.04183676466345787 -0.19500423967838287 -0.04644528031349182
-0.5731255412101746 0.03663642704486847 -0.1572299599647522
-0.3203459680080414 -0.2721450924873352 0.08095328509807587
-0.35496753454208374 -0.06691368669271469 0.2403576821088791
0.07161407917737961 -0.28611013293266296 0.12542742490768433
0.046467047184705734 0.020632391795516014 0.12317720055580139
-0.17532622814178467 0.016944866627454758 -0.10990342497825623
0.15351152420043945 0.060533907264471054 -0.05542638152837753
0.03575184941291809 -0.10811259597539902 0.29562121629714966
-0.10179183632135391 -0.24778805673122406 0.11994230002164841
-0.10356860607862473 -0.26486465334892273 -0.17640085518360138
-0.15288500487804413 -0.2670796811580658 -0.16206282377243042
0.30721423029899597 -0.3475262224674225 -0.017860962077975273
0.08858489245176315 -0.331849604845047 -0.004887021612375975
0.08817912638187408 -0.21728961169719696 0.11031552404165268
-0.19310860335826874 -0.08583986014127731 0.13088412582874298
0.1219235435128212 -0.32541483640670776 -0.05327913165092468
-0.07616157829761505 -0.1065436378121376 0.21416935324668884
0.011478865519165993 -0.22186438739299774 0.23858080804347992
-0.11254582554101944 -0.21828579902648926 -0.08370642364025116
-0.22119224071502686 -0.06704298406839371 0.08827018737792969
-0.10122120380401611 -0.12056176364421844 -0.057744286954402924
0.06507440656423569 -0.28868481516838074 -0.17055322229862213
0.08306238055229187 -0.30213895440101624 -0.23171629011631012
0.01760297268629074 -0.3340860605239868 -0.08944926410913467
0.007182959001511335 -0.3219906985759735 -0.10715771466493607
-0.032104767858982086 -0.3014984726905823 0.09525115042924881
0.010931242257356644 -0.04886006936430931 -0.1155080646276474
0.15771934390068054 -0.28239598870277405 0.14108794927597046
-0.008987421169877052 -0.5148410797119141 -0.3308766484260559
0.1391284018754959 -0.17698663473129272 0.013692637905478477
0.10267695039510727 -0.05555005371570587 0.3683597445487976
0.03251919522881508 -0.313349187374115 -0.08310393244028091
-0.24929064512252808 -0.2353135049343109 0.008638952858746052
0.22781234979629517 -0.282183974981308 -0.2409999817609787
-0.17112848162651062 0.030163070186972618 0.2842007279396057
0.10506648570299149 -0.24567747116088867 -0.054727327078580856
-0.09447982162237167 -0.16745981574058533 0.3020502030849457
-0.03533487766981125 -0.33927109837532043 -0.07902033627033234
-0.2055012583732605 -0.206485778093338 0.16322453320026398
0.01978083699941635 -0.2803250551223755 0.025642335414886475
0.061328787356615067 -0.2710321545600891 -0.12132066488265991
0.10061181336641312 -0.16758336126804352 -0.00490034744143486
0.08926666527986526 -0.2319156527519226 -0.17636868357658386
0.1262795329093933 -0.24209189414978027 0.35837170481681824
0.1483314484357834 -0.32651272416114807 -0.06162668392062187
0.10225269198417664 -0.21728038787841797 0.06806068122386932
0.24490021169185638 -0.36890408396720886 0.12200307101011276
0.13145184516906738 -0.06416976451873779 -0.02548222988843918
0.007890020497143269 -0.163018599152565 0.02445843257009983
0.11499990522861481 -0.06558402627706528 0.01903553307056427
0.10478220134973526 -0.31370827555656433 -0.09801239520311356
0.11118098348379135 -0.3433307111263275 0.0006213898304849863
0.18272463977336884 -0.3272286653518677 0.028064366430044174
-0.17772464454174042 -0.08563805371522903 0.1384975165128708
0.1207553818821907 -0.2851715683937073 -0.01761581376194954
0.09934180974960327 -0.1549036204814911 0.1580365151166916
0.23272962868213654 -0.30371707677841187 0.04266878589987755
-0.1633750945329666 -0.03701137378811836 0.1140974685549736
0.3264179825782776 -0.2910410165786743 -0.0020648958161473274
0.007725900504738092 -0.23806282877922058 0.12435199320316315
-0.01568545401096344 -0.09410509467124939 -0.2778753638267517
-0.11560676246881485 -0.2986614406108856 -0.07883930951356888
-0.009217934682965279 -0.20381200313568115 0.034843456000089645
-0.18391606211662292 -0.2798228859901428 -0.20387554168701172
-0.05234692618250847 -0.29345738887786865 -0.18866494297981262
-0.21575827896595 -0.2542765736579895 -0.12460839003324509
0.15941308438777924 -0.32726868987083435 0.06144627928733826
-0.2894265949726105 -0.06015647575259209 0.03702244535088539
0.12611809372901917 -0.27768784761428833 -0.06462633609771729
0.07807214558124542 -0.12988093495368958 0.179732546210289
-0.005690563935786486 -0.08872529864311218 0.14127324521541595
0.1422175168991089 -0.04637623578310013 0.10645291209220886
-0.5345917344093323 -0.2501929998397827 -0.011560846120119095
0.14117838442325592 -0.16063055396080017 0.10881856083869934
-0.21705150604248047 -0.17605158686637878 0.15511181950569153
0.039087191224098206 -0.2578943371772766 0.06208221614360809
0.256279855966568 -0.1379481852054596 0.09005259722471237
-0.002096679760143161 -0.2504400312900543 0.06218548119068146
0.21064244210720062 -0.2750731408596039 0.0005574978422373533
0.2468714565038681 -0.17833513021469116 0.23011814057826996
-0.39791572093963623 -0.196538046002388 -0.2888880968093872
0.33301806449890137 0.05807686224579811 -0.1898045390844345
0.13678842782974243 -0.30119025707244873 -0.10291697084903717
-0.20056377351284027 -0.005236702039837837 0.1523434966802597
0.1586713343858719 -0.2990407347679138 -0.15727463364601135
0.26634636521339417 0.24442341923713684 0.08672323822975159
0.0020563569851219654 -0.28782889246940613 -0.3138909339904785
-0.31919291615486145 -0.0799543485045433 -0.2340572327375412
0.0010461785132065415 -0.3575727939605713 -0.031184596940875053
0.07618356496095657 -0.31197038292884827 0.004882275126874447
0.08299759030342102 -0.32537785172462463 -0.049280114471912384
0.028646642342209816 0.0032252774108201265 0.04306287690997124
0.19173945486545563 -0.0895732194185257 -0.05798894539475441
-0.12039608508348465 -0.015637854114174843 -0.027022268623113632
0.01223503053188324 -0.2963351011276245 0.008794554509222507
-0.0569416768848896 -0.265671968460083 -0.013860996812582016
-0.18022844195365906 -0.044185858219861984 -0.18877704441547394
-0.048781268298625946 -0.18693123757839203 0.18976862728595734
-0.13822051882743835 -0.14494730532169342 -0.1848541498184204
-0.1193113848567009 -0.30918967723846436 -0.0667617991566658
-0.05510908365249634 -0.2852485477924347 -0.2675072252750397
-0.21261711418628693 -0.25719255208969116 -0.031573500484228134
-0.08309393376111984 -0.30388715863227844 0.08335550129413605
0.2585768401622772 -0.18454334139823914 -0.11485602706670761
0.05553554370999336 -0.1429031640291214 0.17989063262939453
0.22052955627441406 -0.12320913374423981 0.20657075941562653
0.11916070431470871 -0.33889439702033997 0.1094980388879776
0.022477496415376663 -0.22975030541419983 0.10272681713104248
0.25785335898399353 -0.2679186463356018 -0.19561588764190674
-0.06410087645053864 -0.3251281678676605 -0.06094200536608696
0.04291418939828873 -0.32791629433631897 0.053612079471349716
-0.12432853132486343 -0.33206725120544434 -0.00255405530333519
0.12887869775295258 -0.29517677426338196 -0.04510713368654251
0.04633408412337303 -0.15236063301563263 0.15316209197044373
0.18715514242649078 0.04937418922781944 0.11401475220918655
0.1423361897468567 -0.05317449942231178 0.1905451864004135
0.26874804496765137 -0.33341914415359497 0.03304874151945114
-0.07351706922054291 -0.2513119876384735 0.05850418657064438
-0.28222307562828064 -0.18564727902412415 0.15421605110168457
0.314994752407074 -0.24207794666290283 -0.3491600453853607
-0.08645682781934738 -0.26734718680381775 -0.14977218210697174
-0.054905958473682404 -0.26859843730926514 0.1146540641784668
-0.184975728392601 -0.3024234473705292 -0.1361953467130661
-0.061316780745983124 0.0571645088493824 0.2598784565925598
-0.07267892360687256 -0.33245864510536194 0.01376565732061863
0.2577306032180786 -0.2808454930782318 -0.11160923540592194
-0.007863122969865799 -0.16885706782341003 -0.06433266401290894
-0.21118538081645966 -0.3175255060195923 -0.005902442615479231
-0.038559045642614365 -0.25922077894210815 -0.1768830567598343
-0.14299894869327545 0.09801296889781952 0.24345384538173676
0.004685917869210243 0.06290018558502197 0.34381455183029175
-0.07501589506864548 -0.2349369078874588 -0.19950474798679352
0.11615496873855591 -0.30257299542427063 0.08415193855762482
0.034422993659973145 0.019416850060224533 0.2172614336013794
0.19554001092910767 -0.29382994771003723 -0.03460262343287468
-0.17289197444915771 -0.20784761011600494 -0.021285435184836388
-0.2627672553062439 0.27346768975257874 -0.00756835239008069
0.19454419612884521 -0.32397010922431946 0.05643138289451599
0.09590484201908112 -0.3112102746963501 0.0031370085198432207
0.03925977647304535 -0.18588285148143768 -0.018802527338266373
-0.3253631889820099 -0.07139501720666885 -0.02274644374847412
0.07925702631473541 -0.1974581629037857 -0.03420891985297203
-0.06913086026906967 -0.04698764905333519 0.16107910871505737
0.05528389662504196 -0.33059149980545044 -0.06405018270015717
0.09775413572788239 -0.35810112953186035 -0.18132391571998596
-0.1378096640110016 -0.31907227635383606 -0.045268598943948746
-0.18992914259433746 -0.27984198927879333 -0.19360043108463287
0.22718800604343414 -0.10952725261449814 -0.03277559578418732
-0.10920633375644684 -0.28186461329460144 -0.09291117638349533
0.017543358728289604 -0.24639877676963806 -0.008688364177942276
-0.005579914432018995 -0.2529148757457733 0.09603822976350784
-0.009573567658662796 -0.2161342203617096 0.0839073583483696
0.14351822435855865 -0.27246952056884766 -0.20035001635551453
-0.17761923372745514 -0.2988249361515045 -0.13497020304203033
0.06434604525566101 -0.15743373334407806 0.29919910430908203
0.017227761447429657 -0.09089423716068268 0.3413622975349426
-0.10314829647541046 -0.10345641523599625 0.20371666550636292
0.07570696622133255 -0.15280254185199738 0.042413629591464996
0.15438951551914215 -0.30712124705314636 0.07168710231781006
-0.1373482048511505 -0.2724158763885498 -0.3340006470680237
0.03440066799521446 -0.31837669014930725 0.006776185240596533
0.04514334350824356 -0.08762334287166595 -0.0735802948474884
0.08548956364393234 -0.22507703304290771 0.10487902164459229
-0.06832567602396011 -0.19499413669109344 0.19790616631507874
0.020101528614759445 -0.31363293528556824 0.042784433811903
-0.3267349898815155 0.13107474148273468 0.052370812743902206
0.19234894216060638 -0.1789558231830597 0.05254188925027847
-0.02893975004553795 -0.3290601670742035 -0.035934362560510635
-0.012546539306640625 -0.3035063147544861 -0.06814378499984741
-0.007380935829132795 -0.16283711791038513 0.2178274393081665
-0.21905113756656647 -0.37543487548828125 0.09323383122682571
-0.03374702110886574 -0.20068955421447754 -0.16133099794387817
0.018371786922216415 -0.3257145583629608 -0.0777992308139801
0.032392628490924835 -0.3008219003677368 0.022717362269759178
-0.06481153517961502 -0.14399510622024536 -0.14129550755023956
0.011647647246718407 -0.18213996291160583 0.1965084671974182
0.046922385692596436 -0.15291066467761993 0.04081817343831062
0.08790180832147598 -0.21461883187294006 0.0746544748544693
0.001849089516326785 -0.3411686420440674 -0.04999493807554245
0.04315419867634773 -0.2717057168483734 -0.22793534398078918
-0.16948197782039642 -0.24385230243206024 0.1623135656118393
-0.14307889342308044 -0.31133052706718445 0.027089381590485573
-0.11806900054216385 0.06254665553569794 0.44540777802467346
0.13830804824829102 -0.26072201132774353 -0.16213709115982056
0.0005751545540988445 -0.27852150797843933 -0.23634254932403564
-0.03789404034614563 -0.1229424998164177 0.058624882251024246
0.013769593089818954 -0.3393709659576416 0.016028979793190956
0.019025126472115517 -0.3314755856990814 0.037119150161743164
0.2776077687740326 -0.16851402819156647 -0.14700910449028015
0.027198633179068565 -0.3004196584224701 -0.04311119765043259
0.11174313724040985 -0.2690122127532959 0.03396060690283775
0.1449745148420334 -0.28566113114356995 -0.15641120076179504
0.09665284305810928 -0.13993148505687714 0.177652508020401
-0.021797046065330505 -0.036573655903339386 0.2707615792751312
-0.1086345762014389 -0.26434317231178284 -0.20830360054969788
-0.21740230917930603 -0.23076197504997253 -0.00010724423918873072
0.256736695766449 -0.3272284269332886 0.1372646540403366
-0.1202164888381958 -0.2534671127796173 -0.06736887246370316
0.17512662708759308 -0.16206955909729004 -0.29622411727905273
-0.36133211851119995 0.2620314359664917 0.12986670434474945
0.10357715934515 -0.1995236724615097 0.06106262654066086
-0.09845130145549774 -0.18965782225131989 -0.11164221167564392
-0.023122841492295265 -0.16664990782737732 -0.06048991531133652
-0.14464327692985535 -0.23082201182842255 0.09636296331882477
-0.17387138307094574 -0.0369168221950531 0.3561607599258423
-0.44916513562202454 -0.05975138768553734 -0.27974221110343933
0.04215604066848755 -0.26329341530799866 -0.18170806765556335
0.24535083770751953 -0.2191467434167862 -0.13379506766796112
0.12201753258705139 0.026441307738423347 0.21211598813533783
-0.03960214927792549 0.10171832144260406 0.3042212426662445
0.08503378182649612 -0.22097478806972504 -0.06729752570390701
-0.05946872755885124 -0.1849067509174347 0.34729722142219543
-0.10777091234922409 -0.29884159564971924 -0.11655723303556442
-0.08979255706071854 -0.21784695982933044 0.2871779203414917
0.14374645054340363 -0.24428676068782806 -0.16061194241046906
0.0533539354801178 -0.11793053150177002 0.13481304049491882
-0.1393529325723648 0.1656278520822525 0.25483232736587524
0.04999236762523651 -0.2884618937969208 -0.1838887333869934
0.17491823434829712 -0.28880545496940613 -0.23174865543842316
0.1625547856092453 -0.33988112211227417 0.005409093573689461
0.08740971237421036 -0.25483131408691406 0.11018845438957214
0.04910498857498169 -0.07916169613599777 0.01214471273124218
0.07545743137598038 -0.07626054435968399 0.02374350279569626
-0.09275633841753006 -0.1165112853050232 -0.15796054899692535
-0.06021752208471298 -0.3493960499763489 0.05892634391784668
-0.020726455375552177 -0.19400273263454437 -0.08949436992406845
0.015239253640174866 -0.25939884781837463 0.12259841710329056
0.001517016557045281 -0.2880742847919464 -0.10236607491970062
-0.028011884540319443 -0.34430086612701416 -0.03185558319091797
-0.3559187650680542 -0.18955160677433014 0.038426823914051056
-0.049294937402009964 -0.15508846938610077 0.16577917337417603
0.0802510529756546 -0.1181807741522789 0.15572063624858856
0.028937097638845444 -0.2653823792934418 0.041897259652614594
-0.18553808331489563 -0.16140136122703552 0.1544242948293686
-0.03875214606523514 -0.2801491618156433 -0.3312164843082428
-0.10013728588819504 -0.32441040873527527 0.11936431378126144
-0.13311037421226501 0.15912744402885437 0.0033953937236219645
-0.1305440068244934 -0.22652952373027802 0.1048765704035759
0.1288442611694336 -0.2005530595779419 -0.3830347955226898
0.13095732033252716 -0.04069606959819794 0.11170462518930435
0.09009873121976852 -0.2735191285610199 -0.12351738661527634
0.18418337404727936 0.09291478991508484 0.17033670842647552
-0.06345883011817932 -0.2660885751247406 -0.13835468888282776
0.06286022067070007 -0.2841440439224243 0.1724708527326584
-0.13522771000862122 0.027603020891547203 0.2559177875518799
0.008368279784917831 -0.32306697964668274 -0.0393725149333477
0.10970937460660934 0.024940133094787598 0.45234906673431396
-0.22283048927783966 -0.2610067129135132 0.177792027592659
0.03712508827447891 -0.23077045381069183 0.1437079906463623
-0.022943073883652687 -0.3313015401363373 -0.12048813700675964
0.055901121348142624 -0.2596563696861267 -0.17606130242347717
0.09693046659231186 -0.39350777864456177 -0.3072511553764343
0.01881427690386772 -0.015492290258407593 0.14251501858234406
-0.12210148572921753 -0.23423530161380768 -0.012889117002487183
0.03955626115202904 -0.08163952827453613 0.014562992379069328
-0.1572607010602951 -0.18305347859859467 -0.08219588547945023
-0.17263762652873993 -0.03804999217391014 -0.2728005647659302
-0.01676272414624691 0.05332992598414421 0.07693985104560852
-0.11009278893470764 -0.14777109026908875 0.02720935270190239
-0.08519383519887924 -0.27686235308647156 -0.16806240379810333
0.05840053781867027 0.06242481619119644 0.43474945425987244
0.06188362091779709 -0.3237570822238922 0.05406775325536728
-0.0009895949624478817 0.2552920877933502 0.20944061875343323
0.05793776735663414 -0.13444583117961884 0.15117371082305908
0.07756400853395462 -0.14259587228298187 -0.16305933892726898
-0.1338997632265091 0.07525806874036789 -0.07299602776765823
-0.01690678484737873 -0.337780237197876 0.022101450711488724
-0.1327507197856903 -0.26562461256980896 -0.037950143218040466
0.028418291360139847 -0.26597365736961365 -0.05417993292212486
0.17167842388153076 0.04442450776696205 0.26318010687828064
0.055779799818992615 -0.3179869055747986 0.044358186423778534
-0.11180368065834045 -0.11338561773300171 0.10403147339820862
-0.0918680727481842 -0.23930077254772186 -0.07496043294668198
0.1440449208021164 -0.24844424426555634 0.01910865120589733
0.060238275676965714 -0.12695766985416412 -0.06909068673849106
0.0377701036632061 -0.2398339956998825 0.01002277247607708
-0.11170913279056549 -0.3153749704360962 -0.12809297442436218
0.14289867877960205 -0.2620425820350647 0.1294320523738861
-0.18973751366138458 -0.105290986597538 0.06681293249130249
0.14384621381759644 -0.20291656255722046 -0.07531603425741196
0.23390892148017883 -0.29939013719558716 0.039476532489061356
-0.1331891417503357 -0.1583385318517685 0.2987719774246216
-0.03268175199627876 -0.3180862367153168 -0.023690391331911087
-0.04798009991645813 -0.15706902742385864 0.17369858920574188
0.077791228890419 -0.2412049025297165 -0.14147789776325226
0.09054949134588242 -0.2986393868923187 -0.011896761134266853
0.03813183307647705 -0.347994863986969 -0.0007391986437141895
0.3090250492095947 -0.21193522214889526 0.19934207201004028
-0.1373608559370041 -0.10465880483388901 -0.05270339921116829
0.11956377327442169 -0.32005178928375244 0.047978952527046204
-0.023833559826016426 -0.2967715263366699 0.10462052375078201
-0.17274555563926697 -0.3327026963233948 0.002737639704719186
0.07596052438020706 -0.2197340875864029 -0.3138652443885803
0.01581636443734169 -0.3635685443878174 0.08783159404993057
0.007828556932508945 -0.2321406751871109 -0.1323004812002182
0.028977349400520325 -0.16640985012054443 -0.1763763129711151
0.07528401166200638 -0.026895498856902122 0.1868053823709488
-0.4244636297225952 -0.3427425026893616 0.03573613986372948
-0.13879214227199554 -0.08565396070480347 -0.014660099521279335
-0.030230488628149033 -0.3243168890476227 -0.06031542271375656
0.08108873665332794 -0.33091065287590027 -0.05749338120222092
-0.14182262122631073 -0.27261900901794434 0.13606734573841095
-0.0051499404944479465 -0.29062724113464355 -0.041069962084293365
0.07117436081171036 -0.07945375144481659 -0.0970132052898407
0.1019797995686531 -0.3231586813926697 0.022725554183125496
0.02795270085334778 -0.09007542580366135 -0.1387004554271698
-0.0462331548333168 -0.2662777304649353 0.01919403113424778
0.035206880420446396 -0.3269563615322113 -0.14278234541416168
-0.12809522449970245 -0.21935632824897766 -0.059712186455726624
-0.15054604411125183 -0.3180152475833893 -0.017008600756525993
-0.22260214388370514 0.19556385278701782 0.024942146614193916
-0.18080838024616241 -0.1835348755121231 0.2565268278121948
0.250017911195755 -0.3096122741699219 -0.2180609554052353
-0.02450674958527088 -0.30561894178390503 0.06178027018904686
-0.2194853276014328 0.053244832903146744 0.2666831612586975
-0.028602540493011475 -0.05833165720105171 -0.27168965339660645
0.18308225274085999 -0.25736406445503235 -0.11466030031442642
0.18830181658267975 -0.18475788831710815 -0.14418987929821014
-0.33335447311401367 0.0026926209684461355 0.036423832178115845
-0.1732618808746338 -0.03328497335314751 -0.3192847967147827
0.057213567197322845 -0.2971125543117523 -0.23922432959079742
0.0671197846531868 -0.34307974576950073 0.06044897437095642
0.2178761065006256 0.08586897701025009 0.2955557107925415
0.14329683780670166 -0.24077224731445312 -0.015571782365441322
-0.08240122348070145 -0.31639620661735535 -0.01768616773188114
0.13037675619125366 -0.16394855082035065 0.0962781235575676
0.19960811734199524 -0.307211697101593 0.06011533364653587
-0.13245142996311188 -0.32062646746635437 0.007719508837908506
-0.15653760731220245 -0.17151416838169098 0.08217595517635345
-0.08066312968730927 -0.21336711943149567 0.0389665812253952
0.07709401845932007 -0.2622990310192108 -0.1210426539182663
-0.2916032671928406 -0.11883135139942169 -0.2878597676753998
-0.04408896341919899 -0.2907703220844269 0.11941087990999222
0.10509353876113892 0.1695224791765213 0.09127224236726761
0.028158387169241905 -0.17417748272418976 -0.12051223963499069
-0.02682555466890335 -0.3266119360923767 -0.012971905991435051
-0.004855881445109844 -0.151783287525177 0.1752251535654068
0.18625415861606598 -0.1579452008008957 0.08261866122484207
-0.1831749975681305 -0.17569896578788757 0.12630188465118408
-0.008241744711995125 -0.3187626302242279 -0.16981299221515656
0.22735081613063812 -0.3045072853565216 -0.019858576357364655
-0.09349539130926132 0.09076187759637833 0.2946755886077881
0.08047425001859665 -0.18287549912929535 -0.2455286979675293
-0.2705663740634918 -0.11191300302743912 -0.03904370218515396
0.0021060111466795206 -0.2154647260904312 0.020639337599277496
-0.027296090498566628 -0.2966640591621399 0.03770291805267334
-0.040443144738674164 -0.10119269788265228 0.213524729013443
0.18730846047401428 -0.3539217710494995 0.06739354133605957
0.20497159659862518 -0.1760960966348648 0.15869782865047455
0.23562787473201752 -0.22770820558071136 -0.15669214725494385
0.012588471174240112 -0.13069361448287964 0.2935342788696289
-0.3556085526943207 0.16645699739456177 0.23078128695487976
0.18772561848163605 -0.33771422505378723 -0.21948771178722382
-0.16315200924873352 -0.08814170211553574 -0.10606089979410172
-0.0025212536565959454 -0.35236212611198425 -0.019162768498063087
0.13737019896507263 -0.051266394555568695 0.04868263751268387
0.09644575417041779 -0.298165500164032 -0.0024497066624462605
0.15957573056221008 -0.2816503047943115 -0.15526625514030457
-0.1527879238128662 -0.19617174565792084 -0.21451526880264282
0.12769673764705658 -0.13951672613620758 -0.1883837878704071
0.12664034962654114 -0.3194049298763275 0.05631941556930542
0.12424811720848083 -0.20777174830436707 0.2042243927717209
0.08463113754987717 -0.3065929114818573 0.03821922093629837
0.05521313101053238 -0.09552711248397827 -0.16496020555496216
0.2717071771621704 -0.053873803466558456 -0.04839179664850235
-0.1097540333867073 -0.27982163429260254 -0.10182985663414001
0.09413747489452362 -0.2677825689315796 0.10599195212125778
-0.4448753893375397 -0.07073038816452026 -0.024726098403334618
-0.17903758585453033 -0.33901241421699524 -0.002555361483246088
0.020540693774819374 -0.05483073368668556 0.26582300662994385
-0.011097429320216179 -0.23251216113567352 0.10116399824619293
0.21530571579933167 0.07580678910017014 -0.07536729425191879
-0.09581980109214783 -0.30559495091438293 -0.04475236311554909
-0.13856467604637146 -0.2983328104019165 0.17187698185443878
0.00480892788618803 -0.2717306911945343 0.09516213834285736
-0.061526842415332794 -0.22677242755889893 -0.06533512473106384
-0.13501931726932526 0.12163348495960236 0.4140773415565491
0.03690324351191521 -0.1479979306459427 0.11131811141967773
0.14503052830696106 -0.3558405637741089 0.16273842751979828
-0.16351565718650818 -0.27154341340065 -0.17753274738788605
0.03219860419631004 -0.2734887897968292 -0.04444119334220886
-0.21018001437187195 0.005420368164777756 0.17338109016418457
-0.04477423056960106 -0.21390177309513092 -0.25512975454330444
-0.08235619962215424 -0.3076469898223877 -0.07805618643760681
0.03814050182700157 -0.041283052414655685 0.1704551875591278
-0.14166365563869476 -0.005973528604954481 0.22030602395534515
0.02661915309727192 -0.31417930126190186 -0.03814830631017685
0.24259702861309052 -0.1680152267217636 -0.07971083372831345
-0.2068835198879242 -0.1633412390947342 -0.23527519404888153
0.21275395154953003 -0.2561013698577881 0.2253706157207489
-0.05790920928120613 -0.24578535556793213 -0.1058531105518341
-0.02950170263648033 -0.2579100430011749 -0.18281316757202148
0.2547251582145691 -0.2687474191188812 -0.20772896707057953
-0.06457601487636566 -0.30921670794487 -0.15877985954284668
-0.3895303010940552 0.14046798646450043 -0.04502750560641289
0.03244706243276596 -0.2257171869277954 0.14789338409900665
0.05015892907977104 -0.2700243294239044 -0.07022978365421295
0.20129118859767914 -0.3018486201763153 0.06952502578496933
-0.07343127578496933 -0.2745950222015381 -0.2098444700241089
0.14879105985164642 -0.010000133886933327 0.26334524154663086
-0.023067278787493706 -0.045640069991350174 0.2011542171239853
-0.11314859241247177 -0.2636432945728302 -0.7943753004074097
-0.20182187855243683 -0.33784547448158264 0.07675619423389435
-0.219878688454628 -0.29695820808410645 -0.039836328476667404
0.0995473563671112 -0.3109234571456909 -0.008740440011024475
-0.0746176689863205 -0.2833252549171448 0.0750916376709938
-0.26993000507354736 0.0017447206191718578 0.045113787055015564
0.2914864122867584 -0.2754964530467987 0.06626982241868973
-0.21655376255512238 -0.09157901257276535 0.006445406936109066
0.030299723148345947 -0.21812473237514496 0.01289290376007557
0.13304036855697632 -0.1641158163547516 -0.07657676190137863
0.19143244624137878 -0.08811341226100922 0.0976133868098259
-0.25404319167137146 -0.1951812207698822 -0.055388711392879486
0.15868273377418518 -0.23367241024971008 0.11085651069879532
-0.014065122231841087 -0.15417994558811188 0.117733433842659
0.09346897155046463 -0.1820269674062729 -0.11468209326267242
-0.06175341457128525 0.008123021572828293 0.27902477979660034
-0.08368263393640518 -0.1900152713060379 0.1279187947511673
-0.02649836614727974 -0.3035266399383545 -0.2234826534986496
0.06913290917873383 -0.21944652497768402 -0.01863234117627144
0.04767494276165962 -0.22420910000801086 -0.09922971576452255
0.04152895137667656 -0.11187263578176498 -0.14737628400325775
-0.1102844774723053 -0.20304901897907257 0.22761401534080505
-0.05031861364841461 -0.10612309724092484 0.016386300325393677
-0.06826185435056686 -0.22311338782310486 -0.12755087018013
-0.012808509171009064 -0.19284653663635254 0.25138241052627563
0.1031060442328453 -0.3135300874710083 0.14599034190177917
0.06522960960865021 -0.18379496037960052 -0.0665401965379715
0.054652053862810135 -0.23780885338783264 0.04551708325743675
0.3702511191368103 -0.3528916835784912 -0.18015269935131073
0.1288599818944931 -0.3021140992641449 -0.01045401580631733
0.08160706609487534 -0.317192018032074 -0.0373106487095356
-0.293329656124115 -0.169365793466568 0.12864218652248383
-0.01311248168349266 -0.10233481973409653 0.2897759974002838
0.20213033258914948 -0.09361956268548965 0.1382485330104828
0.14751827716827393 -0.2956846356391907 -0.01867297664284706
-0.010926270857453346 -0.3268522322177887 -0.06897357106208801
0.007386152632534504 -0.12861095368862152 0.11044801771640778
0.09942617267370224 -0.15113674104213715 -0.23216979205608368
0.08873257040977478 -0.18298950791358948 -0.04284822940826416
0.17941755056381226 -0.1333741843700409 -0.07186487317085266
-0.18651513755321503 -0.2639693021774292 -0.12796732783317566
