ply
format ascii 1.0
element vertex 2048
property float x
property float y
property float z
end_header
0.23509034514427185 -0.1263325959444046 -0.16520822048187256
-0.023686937987804413 -0.2066393792629242 -0.02172849141061306
0.06019506976008415 -0.31516915559768677 -0.034289903938770294
0.10613693296909332 -0.33440107107162476 -0.055804505944252014
-0.007492331322282553 -0.34529027342796326 -0.003783272113651037
0.2095978707075119 -0.13527272641658783 -0.10564570873975754
0.28150051832199097 -0.35063451528549194 -0.0182325579226017
0.2846246063709259 0.19516299664974213 0.18762987852096558
-0.015339020639657974 -0.3149477243423462 -0.07798831909894943
0.055558741092681885 -0.32965031266212463 -0.027808871120214462
0.013180991634726524 -0.20448313653469086 0.2850363552570343
0.0003269026055932045 -0.19078363478183746 -0.09923049062490463
0.11874763667583466 -0.30579566955566406 0.030598346143960953
0.007900850847363472 -0.24855872988700867 0.09100902825593948
-0.09416119754314423 -0.06172824278473854 0.0975618064403534
-0.013610856607556343 -0.27557268738746643 0.05416348576545715
0.10240112245082855 -0.16365733742713928 0.19068607687950134
-0.1363789290189743 0.12837323546409607 0.08025690913200378
0.030690474435687065 -0.29648157954216003 -0.24728833138942719
0.1432925909757614 -0.24325905740261078 -0.05331707000732422
0.02969507873058319 -0.20939059555530548 -0.16259697079658508
-0.059202563017606735 -0.36920350790023804 0.0062078083865344524
-0.041842639446258545 0.10416608303785324 0.4750364422798157
-0.23925988376140594 -0.14764532446861267 0.0726291611790657
0.30752822756767273 0.03336077556014061 -0.16167619824409485
-0.1402146816253662 -0.24283988773822784 -0.27610906958580017
-0.2927568554878235 -0.2273211032152176 0.12428995966911316
0.1657586395740509 -0.09722789376974106 0.08496478199958801
0.020933624356985092 -0.30160918831825256 -0.14053961634635925
0.12467261403799057 -0.3340504467487335 0.07427825778722763
0.13821277022361755 -0.15351133048534393 0.052201904356479645
0.060796406120061874 -0.25292566418647766 0.025958364829421043
0.011965395882725716 -0.2766857445240021 -0.07881370931863785
-0.14516188204288483 0.059655237942934036 0.1635294407606125
0.16144004464149475 -0.31815105676651 0.06205185130238533
-0.16259735822677612 0.03649402782320976 0.31487172842025757
-0.05162765830755234 -0.21727298200130463 -0.0894424170255661
0.03591329604387283 -0.16317100822925568 0.2096778303384781
-0.014935750514268875 -0.052102141082286835 0.10984111577272415
0.09370745718479156 -0.3593375086784363 0.01844317466020584
0.03615725040435791 -0.2268623560667038 0.17313426733016968
0.1501622200012207 -0.045615244656801224 0.14170023798942566
0.04661022126674652 -0.3211927115917206 0.11156988143920898
0.19232366979122162 -0.30595991015434265 0.05202454328536987
-0.23749542236328125 -0.1482992321252823 0.2399849146604538
0.25430428981781006 -0.22908435761928558 -0.05213754251599312
-0.09278736263513565 -0.20253948867321014 0.1898191273212433
-0.3230738341808319 -0.2589082717895508 0.06584049761295319
0.06965053081512451 -0.31648001074790955 -0.10505416244268417
-0.1251317262649536 -0.24016785621643066 0.15903723239898682
-0.022031044587492943 -0.0339013896882534 -0.1588878482580185
-0.015373436734080315 -0.30613237619400024 -0.13743041455745697
-0.22814418375492096 -0.11379251629114151 -0.15269452333450317
-0.12057939916849136 -0.3434211313724518 -0.019172048196196556
0.19041761755943298 -0.2754146158695221 0.05987298861145973
0.2101839929819107 -0.29954859614372253 -0.12873487174510956
-0.026784535497426987 -0.2638898491859436 0.12850739061832428
0.14574642479419708 -0.31001055240631104 0.07948702573776245
0.3107070326805115 -0.13666556775569916 0.030931619927287102
0.10558627545833588 -0.15445709228515625 0.17814375460147858
-0.20820626616477966 -0.1718674898147583 0.060889583081007004
0.10366043448448181 -0.30434945225715637 -0.0342557467520237
-0.062151022255420685 -0.27231884002685547 0.03239580988883972
-0.07929490506649017 -0.17923901975154877 0.02848242223262787
0.07494136691093445 -0.1620255708694458 -0.013693511486053467
-0.04677020385861397 -0.31719717383384705 -0.07190897315740585
-0.0313289649784565 -0.1590302586555481 0.11717861145734787
0.08170317113399506 -0.32276424765586853 0.03125064820051193
-0.10441545397043228 -0.16297198832035065 0.09379146248102188
-0.0006539321038872004 -0.3153199553489685 -0.11230659484863281
-0.3579295873641968 -0.27399298548698425 0.02301129698753357
-0.03740024194121361 -0.18377262353897095 -0.23272837698459625
-0.009644398465752602 -0.3065955638885498 -0.07543779164552689
-0.05543435364961624 -0.22452236711978912 0.1481071561574936
-0.196373850107193 -0.23059426248073578 0.09166886657476425
-0.2516133785247803 -0.2893826365470886 0.08983293175697327
0.06904865801334381 -0.31674033403396606 -0.19776830077171326
0.023852482438087463 -0.003616396337747574 0.22824493050575256
0.21291916072368622 -0.30252572894096375 -0.09464147686958313
-0.26126033067703247 -0.062165211886167526 0.2457004338502884
-0.04669423773884773 -0.02255052700638771 0.07811589539051056
0.044958025217056274 -0.2928091585636139 -0.020696373656392097
-0.1822333186864853 -0.22460533678531647 -0.054853349924087524
0.014553660526871681 -0.149470716714859 0.2840215861797333
0.12431038916110992 -0.17864812910556793 0.1428871899843216
0.1649831086397171 -0.07335151731967926 0.0296271163970232
0.0030073565430939198 -0.3526737689971924 -0.003946497105062008
-0.038252074271440506 -0.28630194067955017 -0.35675615072250366
-0.08333981782197952 -0.31491026282310486 0.053331080824136734
0.2093939483165741 -0.2544557750225067 0.04511960223317146
0.3532829284667969 -0.24480918049812317 0.012939916923642159
0.34876710176467896 -0.24664025008678436 0.004518927074968815
-0.02909870631992817 -0.06145772710442543 0.20359385013580322
-0.08725346624851227 -0.3229154050350189 -0.08928350359201431
-0.2494441568851471 -0.1910085678100586 0.19826877117156982
0.25333619117736816 -0.17022135853767395 0.18980306386947632
-0.24533747136592865 -0.18619880080223083 -0.28113219141960144
-0.18001098930835724 -0.18137763440608978 0.09611876308917999
0.26512518525123596 -0.2867512106895447 -0.003962381277233362
0.1843496561050415 -0.31818777322769165 0.2957259714603424
-0.46690306067466736 0.16038048267364502 -0.18030133843421936
-0.2203926146030426 -0.1484757959842682 -0.004222982097417116
-0.008809415623545647 -0.1707247942686081 0.31794607639312744
0.044676925987005234 -0.19242282211780548 -0.4969436824321747
0.17039908468723297 -0.1797432154417038 -0.046179454773664474
0.07450173050165176 -0.1997494101524353 0.032124683260917664
-0.08384139090776443 -0.008643969893455505 0.20800626277923584
0.14746640622615814 -0.31429168581962585 0.030965212732553482
-0.01611180044710636 -0.28124263882637024 0.004743635654449463
-0.0028981254436075687 -0.20928581058979034 -0.3017783761024475
0.11098620295524597 -0.11698658764362335 0.058127645403146744
0.11608926951885223 -0.11456769704818726 0.039434053003787994
0.04018939286470413 -0.2515394389629364 -0.23480908572673798
-0.12238749861717224 -0.25628066062927246 -0.07896871864795685
0.06736037135124207 -0.3119009733200073 0.07446762174367905
-0.06135166436433792 -0.08942649513483047 -0.05457771196961403
0.06810708343982697 -0.12481234222650528 0.01493232510983944
0.10673414170742035 -0.27676621079444885 -0.27237266302108765
0.19065795838832855 -0.20425747334957123 -0.1308874636888504
-0.02926487661898136 -0.11126990616321564 0.021922798827290535
-0.16049346327781677 -0.24729372560977936 0.1545235514640808
0.0050284829922020435 -0.24652019143104553 -0.23279766738414764
-0.011712374165654182 -0.3415990173816681 -0.04834408685564995
0.24190978705883026 -0.2542552649974823 0.11865784972906113
-0.02873094193637371 -0.05174245685338974 0.29831817746162415
-0.15167097747325897 -0.1301814317703247 -0.14223068952560425
-0.18457113206386566 -0.1941983848810196 -0.05552767589688301
0.014900662004947662 -0.30201655626296997 0.0213690884411335
0.08297989517450333 -0.14834079146385193 0.18519221246242523
0.042604584246873856 -0.10598427057266235 0.15213289856910706
0.12222903221845627 -0.32667431235313416 -0.06450900435447693
0.18181702494621277 -0.14797551929950714 -0.013841504231095314
0.34614643454551697 -0.28116685152053833 -0.03447573259472847
-0.03948985040187836 -0.2969624400138855 -0.10293836146593094
0.1241326853632927 -0.011414268985390663 0.061361540108919144
0.028779860585927963 -0.2942824363708496 0.17529305815696716
0.057294078171253204 -0.12006249278783798 0.12273658812046051
-0.1848141998052597 -0.18333807587623596 0.19187554717063904
-0.0957249104976654 -0.23694202303886414 -0.2760705053806305
-0.17572186887264252 0.10292304307222366 0.4150990843772888
-0.0012190439738333225 -0.022752415388822556 -0.02194865047931671
0.11907505989074707 -0.2991017699241638 -0.15808609127998352
0.11640606075525284 -0.318181574344635 0.08133451640605927
0.04568793997168541 -0.22405336797237396 0.0467473566532135
-0.26753586530685425 -0.2562800943851471 -0.2504591643810272
0.055706802755594254 -0.28448230028152466 0.08010454475879669
-0.14177589118480682 -0.2800336182117462 -0.15854960680007935
-0.01337679848074913 -0.33376365900039673 -0.08851291239261627
0.19708693027496338 -0.3216128945350647 0.0893278643488884
0.18972335755825043 -0.03918510675430298 0.20391301810741425
0.21504788100719452 -0.2550932466983795 -0.171925351023674
0.07073335349559784 -0.29181143641471863 0.04428223520517349
-0.18221189081668854 -0.2724030911922455 -0.22086648643016815
-0.0882008746266365 -0.3075806200504303 0.03205627575516701
0.08003798127174377 -0.2743779718875885 0.12145217508077621
-0.18685761094093323 -0.2760394811630249 -0.21200600266456604
-0.07560573518276215 -0.2847793698310852 0.1364545375108719
0.009750936180353165 -0.3217035233974457 -0.09768365323543549
-0.14233580231666565 -0.33169251680374146 -0.007685523014515638
0.003101716749370098 -0.08553379029035568 0.0522245317697525
-0.13007260859012604 -0.2294849157333374 0.10272429883480072
0.012776350602507591 -0.1100594624876976 -0.014657517895102501
0.06459817290306091 -0.15439362823963165 0.14261206984519958
-0.13707700371742249 -0.14622272551059723 0.23542289435863495
-0.17618440091609955 -0.3332456648349762 0.08437808603048325
0.08957143127918243 -0.3056696653366089 0.029413597658276558
-0.8148574233055115 -0.18216107785701752 -0.009484268724918365
0.15458475053310394 -0.10293741524219513 0.02526991441845894
0.029323041439056396 -0.20581255853176117 -0.029440995305776596
-0.08366331458091736 -0.3220032751560211 -0.11466474831104279
-0.25968027114868164 -0.005231624934822321 -0.206650048494339
0.19957301020622253 -0.2983187735080719 -0.1278475821018219
0.050339728593826294 -0.18004508316516876 0.26515594124794006
0.08636405318975449 -0.3916049599647522 0.11031520366668701
0.12487882375717163 -0.12625613808631897 0.3501491844654083
0.12358398735523224 -0.07730042189359665 0.10759822279214859
-0.11025813221931458 -0.26758521795272827 0.11460508406162262
0.08210910856723785 -0.3128279745578766 0.053407106548547745
0.2147219330072403 -0.28828516602516174 0.0296211838722229
-0.18078933656215668 -0.23939666152000427 -0.21130236983299255
0.02181672677397728 0.062635138630867 0.0496862456202507
0.13830021023750305 0.1338764727115631 -0.04422559589147568
0.008908625692129135 -0.303804874420166 0.11385104805231094
0.1404041051864624 -0.03579296916723251 -0.003414650447666645
-0.24405348300933838 -0.08579520881175995 -0.29068660736083984
0.25047022104263306 -0.2968580424785614 0.058031871914863586
0.10679283738136292 -0.1506231129169464 0.11436750739812851
0.16250796616077423 0.08303755521774292 0.25823646783828735
-0.09696750342845917 -0.05345262959599495 -0.20435898005962372
0.029791733250021935 -0.4249511659145355 0.042020563036203384
-0.03413736820220947 -0.32574525475502014 0.06907504051923752
-0.005435947794467211 -0.29940032958984375 -0.09040259569883347
-0.12278956174850464 -0.2540460526943207 -0.21659544110298157
0.21743805706501007 -0.2839186191558838 0.09156815707683563
-0.0032884739339351654 -0.24059773981571198 -0.02526252530515194
-0.18803226947784424 -0.21349060535430908 0.0035006264224648476
-0.17215749621391296 -0.287468284368515 0.11550594866275787
-0.04644017294049263 -0.3392370939254761 0.030087243765592575
0.07782185822725296 -0.31643441319465637 -0.027075381949543953
0.4419913589954376 -0.31594863533973694 -0.06934884935617447
0.06311453878879547 0.032082777470350266 0.10932093858718872
0.13161884248256683 -0.1452799141407013 0.12770166993141174
0.09970229119062424 -0.2901274859905243 0.05749636888504028
-0.19318406283855438 -0.211101695895195 -0.04062353074550629
-0.34916478395462036 -0.23045754432678223 0.01616786979138851
-0.2522009015083313 -0.09844571352005005 -0.16241693496704102
-0.005022330675274134 -0.2850261330604553 -0.30968764424324036
0.19198843836784363 -0.3293274939060211 0.07129368185997009
-0.02012602984905243 -0.2593148946762085 -0.031831543892621994
0.13864769041538239 -0.20344695448875427 0.06878562271595001
0.15107813477516174 -0.271617591381073 -0.14207859337329865
0.1466674953699112 -0.026660501956939697 0.10577499121427536
-0.11781298369169235 -0.046116363257169724 0.3436431586742401
0.1012553945183754 -0.2181178629398346 0.1713312268257141
-0.17817144095897675 -0.151335209608078 -0.1593942493200302
0.131755530834198 -0.31881681084632874 -0.0028179469518363476
0.1475449800491333 -0.26753777265548706 0.02952270768582821
0.005477328319102526 -0.30285143852233887 -0.15980441868305206
0.08990854024887085 0.010652024298906326 0.12219073623418808
0.23035363852977753 -0.16119490563869476 -0.03294771537184715
0.22583843767642975 -0.011364737525582314 0.3135654628276825
0.14340521395206451 -0.28927984833717346 -0.18882960081100464
-0.12194972485303879 -0.07748940587043762 0.054293666034936905
0.03286811336874962 -0.2895251512527466 0.007016596384346485
-0.06231489032506943 -0.21426723897457123 0.11072441935539246
-0.09255480766296387 -0.16149520874023438 0.2194642573595047
0.008774169720709324 -0.07506605982780457 0.2086104154586792
0.06559113413095474 -0.25374215841293335 -0.23605898022651672
0.14170579612255096 -0.11349324136972427 0.11681336164474487
-0.06934735924005508 -0.12863363325595856 0.3256661593914032
-0.2358180731534958 0.08487528562545776 -0.06793785095214844
0.15860164165496826 0.08895367383956909 0.19212867319583893
-0.036556679755449295 -0.3487838804721832 -0.05604701116681099
0.07069933414459229 -0.16335490345954895 -0.18921023607254028
0.16378910839557648 -0.1660381257534027 0.1390990912914276
-0.05365828052163124 -0.3383001685142517 0.07264748215675354
-0.01775490492582321 -0.10445722937583923 -0.016220930963754654
0.0715947300195694 -0.22954675555229187 0.11557465046644211
-0.03301611170172691 -0.26133763790130615 0.017777975648641586
-0.17851905524730682 -0.19779357314109802 0.08984864503145218
0.056986041367053986 -0.29990947246551514 -0.2334907501935959
-0.1702301949262619 0.004723819904029369 0.12705588340759277
-0.13462457060813904 -0.35751035809516907 -0.005304086487740278
0.2567470073699951 -0.12068638950586319 -0.05924465134739876
-0.04440576955676079 -0.13439790904521942 -0.06146906688809395
0.020228881388902664 -0.25617483258247375 -0.0656028538942337
-0.3870192766189575 0.3378058671951294 0.13605020940303802
0.013763664290308952 -0.07498964667320251 0.07844116538763046
0.0011126325698569417 -0.19676052033901215 0.012343049049377441
0.1361452341079712 -0.2748193144798279 0.004466723650693893
0.12889660894870758 -0.2929149270057678 0.045260269194841385
-0.08065517991781235 -0.00047369126696139574 0.222284734249115
-0.1060045063495636 -0.2993850111961365 0.24871715903282166
-0.2849150002002716 -0.21007055044174194 0.0698978379368782
-0.10251838713884354 -0.3161531090736389 -0.10485716164112091
0.08304888755083084 -0.16104939579963684 0.0004481729120016098
0.028904907405376434 -0.32979321479797363 -0.07834731042385101
0.15141861140727997 -0.32325518131256104 0.03689739853143692
-0.042417000979185104 -0.2027468979358673 -0.005717043299227953
-0.034547168761491776 -0.2293914556503296 0.0231606587767601
-0.030046895146369934 -0.2727012634277344 0.1054307222366333
0.04378499835729599 -0.07989079505205154 0.047682128846645355
0.05740932375192642 -0.2760680019855499 0.05301745980978012
0.12325477600097656 -0.28924664855003357 0.15132936835289001
-0.051208045333623886 -0.30685997009277344 -0.10357186198234558
0.07586858421564102 -0.31091010570526123 -0.1033417135477066
0.07145744562149048 -0.08282656967639923 0.009977882727980614
0.12414372712373734 -0.24548842012882233 0.18827202916145325
0.002593402750790119 -0.2940567433834076 -0.05852058157324791
0.10356252640485764 -0.3102022111415863 -0.09509669244289398
-0.014130767434835434 -0.33556821942329407 -0.0029913093894720078
0.14648988842964172 -0.16487115621566772 -0.019609957933425903
0.08023983985185623 -0.2827877104282379 0.07679640501737595
0.11228226125240326 -0.050418462604284286 0.055910125374794006
0.034758809953927994 -0.14092302322387695 0.24066080152988434
-0.12066539376974106 -0.2257605791091919 -0.12665791809558868
-0.014974027872085571 -0.1595011204481125 0.18612457811832428
0.00975043885409832 -0.141291543841362 0.12766218185424805
0.0723235011100769 -0.05981529504060745 0.19151751697063446
0.14133520424365997 -0.046641286462545395 0.22420203685760498
0.07364565134048462 0.03712951019406319 0.1836884617805481
0.05797238647937775 -0.32800257205963135 -0.002448274753987789
-0.07774706929922104 -0.2999154031276703 -0.061044808477163315
-0.09082601219415665 -0.3036242127418518 0.10774583369493484
-0.11468794196844101 -0.29396477341651917 -0.1143815740942955
0.05572516843676567 -0.22631116211414337 0.1964426040649414
0.21290399134159088 -0.11642058193683624 -0.12337040156126022
-0.15642057359218597 -0.14794820547103882 -0.18135181069374084
-0.17236904799938202 -0.26052528619766235 0.09396751970052719
0.14113758504390717 -0.22199518978595734 -0.028043517842888832
0.07734671980142593 -0.23769639432430267 -0.01517387107014656
-0.08214261382818222 -0.2032073438167572 -0.10783778876066208
0.1839134842157364 -0.23628002405166626 0.013831868767738342
0.13541214168071747 -0.29097455739974976 -0.09770885109901428
-0.12564188241958618 -0.23511458933353424 0.1425837129354477
-0.1337156742811203 -0.28373923897743225 0.035397257655858994
-0.013028223067522049 -0.11312075704336166 0.1789875477552414
0.1044202521443367 -0.29677629470825195 -0.16425339877605438
-0.30108240246772766 -0.32222408056259155 0.12437479943037033
-0.1946537345647812 -0.4271237850189209 0.12964831292629242
0.15903989970684052 -0.30463850498199463 -0.09061645716428757
0.11577869951725006 -0.2961623966693878 0.02243063971400261
-0.024848278611898422 0.019665461033582687 0.17395681142807007
-0.09957130253314972 -0.08894868940114975 0.0652962401509285
0.06415890157222748 -0.3063341975212097 -0.16802066564559937
-0.01844649389386177 -0.29772982001304626 0.04176180437207222
0.10055061429738998 -0.12593397498130798 0.10254402458667755
0.07925473898649216 -0.11836188286542892 0.10495748370885849
-0.32224053144454956 -0.3321438431739807 0.10037058591842651
0.05699784308671951 -0.30939921736717224 -0.07785221934318542
-0.5065131783485413 0.45598194003105164 -0.012644827365875244
0.082573302090168 0.06305629014968872 0.20543161034584045
0.08094377815723419 -0.3072042167186737 -0.1507064253091812
0.12855510413646698 -0.3368690609931946 0.04689991846680641
-0.163641095161438 -0.14614984393119812 -0.13030672073364258
-0.011798862367868423 -0.2663114666938782 0.0680609941482544
-0.2607239782810211 -0.03475945442914963 0.0018046083860099316
-0.08622485399246216 -0.29239246249198914 0.07326726615428925
0.09888613224029541 -0.22592172026634216 0.05779438838362694
0.07869716733694077 -0.15233002603054047 -0.01915394887328148
-0.013257360085844994 -0.14716795086860657 -0.09002266079187393
-0.07692647725343704 -0.3071657121181488 -0.09660107642412186
-0.3083086907863617 -0.05835016816854477 0.22233867645263672
-0.27229753136634827 -0.15662766993045807 -0.2954099774360657
0.043988849967718124 0.010215137153863907 0.33076998591423035
-0.0695360004901886 -0.12712311744689941 -0.1341399848461151
0.21930646896362305 -0.2058086097240448 -0.09488897770643234
0.10248908400535583 -0.2403211146593094 -0.0028845681808888912
-0.3972652554512024 -0.08201914280653 -0.14246639609336853
-0.000772158382460475 -0.18928715586662292 -0.0024229795671999454
0.09521431475877762 -0.2999745011329651 0.10060442239046097
0.05629141628742218 -0.1174655556678772 0.20875778794288635
0.10976365953683853 -0.2960509657859802 -0.25407177209854126
0.04012692719697952 -0.28560903668403625 0.11371136456727982
0.18136432766914368 -0.269067645072937 -0.09464336186647415
-0.03526217117905617 -0.37109580636024475 0.12375574558973312
-0.011855760589241982 -0.29730120301246643 -0.02543076127767563
0.11748600751161575 -0.2229369580745697 0.23067809641361237
0.23535913228988647 -0.05730448663234711 0.09384194761514664
-0.008979592472314835 -0.04707922413945198 0.10336261242628098
-0.06901084631681442 -0.14426852762699127 -0.1374395787715912
0.12284834682941437 -0.03991089388728142 -0.19458214938640594
-0.08335648477077484 -0.2567790746688843 -0.29558441042900085
0.034910719841718674 -0.33510622382164 -0.09654133766889572
0.02849501557648182 -0.30725085735321045 -0.14575400948524475
0.04625615477561951 -0.21865065395832062 -0.08399512618780136
0.03520495444536209 -0.3061104118824005 -0.02758726291358471
-0.13930852711200714 -0.26091134548187256 0.05983790010213852
-0.013718795031309128 -0.263403981924057 0.10699927061796188
0.24168357253074646 -0.09425929188728333 0.20264264941215515
0.0379970446228981 -0.3320000171661377 0.0004688970511779189
0.19213102757930756 -0.18095843493938446 0.12380767613649368
-0.035080574452877045 -0.1817038655281067 0.15581797063350677
-0.21706730127334595 -0.11598131060600281 0.40065798163414
0.04094286635518074 -0.3413155972957611 0.03936361148953438
-0.12433751672506332 -0.13335540890693665 -0.2112434357404709
-0.053997378796339035 -0.1140437051653862 -0.0892070084810257
-0.3422245681285858 -0.13338229060173035 0.012213721871376038
0.20849531888961792 0.2134976089000702 0.5206899642944336
0.26799678802490234 -0.029574722051620483 0.2395348846912384
0.16104717552661896 -0.25350019335746765 -0.17775331437587738
0.07532921433448792 -0.24935635924339294 -0.5329461693763733
0.09653258323669434 -0.03913667052984238 -0.13174180686473846
-0.18718189001083374 -0.29470130801200867 -0.10410335659980774
0.07097657769918442 -0.2108728587627411 0.06762479245662689
-0.13019748032093048 -0.19144299626350403 -0.10883267968893051
0.08695615082979202 -0.34276074171066284 -0.004603447858244181
-0.12158820778131485 0.11800132691860199 0.07091987878084183
-0.023038577288389206 -0.07956649363040924 -0.020337413996458054
0.0018090136582031846 -0.38471466302871704 0.4152446687221527
0.0495370551943779 -0.3067857623100281 -0.10811608284711838
0.14329040050506592 -0.048771847039461136 -0.006373104173690081
-0.12148041278123856 -0.1763058453798294 0.24084490537643433
-0.12458523362874985 -0.24165581166744232 -0.2842293381690979
0.02695266343653202 -0.21415159106254578 0.1396181285381317
0.1610642671585083 -0.17981462180614471 0.07502193003892899
0.21414734423160553 -0.32113343477249146 -0.24358782172203064
-0.42157644033432007 -0.23394925892353058 -0.3580928146839142
0.09670744091272354 -0.3426073491573334 0.0805005356669426
-0.10614041239023209 -0.03601733595132828 -0.06545482575893402
-0.21542960405349731 -0.003869700711220503 0.1278524547815323
-0.14386193454265594 -0.17943164706230164 -0.06490106880664825
-0.0008096240926533937 -0.27303093671798706 -0.16511543095111847
0.0704498216509819 -0.28725573420524597 -0.28762155771255493
0.10401370376348495 -0.21775004267692566 -0.06049187108874321
-0.009562281891703606 -0.2485329657793045 0.10285471379756927
-0.17313845455646515 -0.2583054006099701 -0.030321789905428886
-0.06787360459566116 -0.20202404260635376 0.029131297022104263
0.09530384838581085 -0.1646183729171753 0.2698267102241516
-0.25939735770225525 -0.18130715191364288 0.11648864299058914
0.27913686633110046 -0.2875741124153137 0.007881560362875462
-0.04097693786025047 -0.32543206214904785 0.10203181952238083
0.11970338970422745 -0.2915678322315216 -0.22505569458007812
0.08861948549747467 -0.2811114192008972 -0.18860727548599243
-0.13943974673748016 -0.19687548279762268 0.14661484956741333
0.10461687296628952 -0.35460180044174194 0.049846187233924866
-0.07961516827344894 -0.3636721074581146 -0.07723548263311386
0.12137617915868759 -0.2317110002040863 -0.02389429695904255
0.11846981942653656 -0.13114148378372192 0.1768491268157959
-0.016864269971847534 -0.15232941508293152 -0.006454888265579939
0.2820291519165039 -0.0280348751693964 0.09755715727806091
0.060136836022138596 -0.19328506290912628 -0.04826458916068077
-0.25794053077697754 -0.26658734679222107 0.06911236047744751
0.13413488864898682 -0.19506458938121796 0.2404273897409439
-0.10294324159622192 -0.28710126876831055 -0.17428401112556458
-0.18083839118480682 -0.27759918570518494 -0.1668766438961029
0.15045222640037537 -0.4068138003349304 0.07344964146614075
0.08348099142313004 -0.15781806409358978 0.26946139335632324
-0.2827722132205963 -0.25840482115745544 0.10988416522741318
-0.09223098307847977 -0.3208220601081848 -0.10506708174943924
0.024036182090640068 -0.13991595804691315 0.16971233487129211
0.017188776284456253 -0.20783735811710358 0.06933946907520294
-0.1297266185283661 -0.1357104629278183 0.19270510971546173
0.1944269835948944 0.06986980885267258 0.27777522802352905
-0.18489477038383484 -0.2597236931324005 -0.2156173139810562
0.052334342151880264 -0.33270594477653503 0.032081685960292816
-0.2470513880252838 -0.2360406517982483 -0.1273665726184845
0.08079070597887039 -0.15177784860134125 0.20336000621318817
0.025289438664913177 -0.2900530695915222 0.07353579252958298
-0.28619706630706787 -0.23783987760543823 -0.10425123572349548
-0.0013750034850090742 -0.361827552318573 -0.0328742191195488
-0.20207086205482483 -0.14210724830627441 0.18115894496440887
-0.07653512805700302 -0.01655050553381443 0.5581066608428955
-0.09021735191345215 -0.29810550808906555 -0.0520346499979496
0.04327267408370972 -0.28216034173965454 0.16897915303707123
0.26458537578582764 -0.3369893431663513 0.050824861973524094
-0.04597024992108345 -0.19306424260139465 0.006396380253136158
0.15867388248443604 -0.08118803799152374 0.21511290967464447
-0.16389337182044983 -0.48374858498573303 0.10482044517993927
0.09676291048526764 -0.2905028462409973 -0.15261542797088623
-0.2979673147201538 -0.1751406341791153 0.1423649787902832
0.07026088982820511 -0.33907976746559143 0.034568849951028824
-0.04877883940935135 -0.21047188341617584 -0.2491101324558258
0.02845044620335102 -0.2600559592247009 -0.22273346781730652
0.007311016786843538 -0.23639275133609772 -0.21952079236507416
0.2409062385559082 -0.2904389798641205 -0.029555732384324074
-0.11492035537958145 -0.14437997341156006 -0.011220850050449371
-0.19231897592544556 -0.14297829568386078 0.1196531131863594
-0.049811672419309616 -0.28186994791030884 0.12097639590501785
-0.017783772200345993 -0.30784153938293457 -0.0258783046156168
0.08443174511194229 -0.1015683189034462 -0.16814950108528137
0.11389928311109543 -0.0546361580491066 0.3122916519641876
0.15376189351081848 0.02393350377678871 0.19908994436264038
0.13273128867149353 -0.26155805587768555 -0.07055714726448059
-0.04032100737094879 -0.25820180773735046 0.13551123440265656
0.16658051311969757 -0.2790049612522125 -0.16857637465000153
0.2522379457950592 -0.18068990111351013 0.06933702528476715
-0.043268535286188126 -0.21004892885684967 -0.240327849984169
-0.08626867085695267 -0.13604237139225006 0.09911224991083145
-0.05936398729681969 -0.25043827295303345 -0.2162008434534073
0.013765793293714523 0.014399940147995949 0.32812029123306274
-0.023463616147637367 -0.293013334274292 -0.2961018681526184
-0.11268563568592072 0.1007746234536171 0.18346767127513885
-0.005344036966562271 0.026868173852562904 0.1757553517818451
-0.18069946765899658 -0.26765117049217224 -0.198480486869812
0.10305510461330414 -0.0331258550286293 0.30991917848587036
-0.01338324323296547 -0.227275088429451 -0.049183931201696396
-0.0034455847926437855 -0.3209666609764099 -0.11452576518058777
0.01763145998120308 -0.2784816324710846 0.03832768276333809
0.2277725636959076 -0.14704617857933044 0.1479615718126297
0.2622606158256531 0.04118452966213226 0.04298841208219528
0.14740926027297974 -0.29726555943489075 -0.09169883280992508
0.17051900923252106 -0.3015527129173279 0.029437540099024773
0.1182369738817215 -0.32049211859703064 -0.02344878949224949
0.07090012729167938 0.011978676542639732 0.0791788324713707
-0.015926433727145195 -0.12698890268802643 0.08398865908384323
-0.2723190188407898 -0.2372337281703949 -0.23171189427375793
-0.08050190657377243 -0.3067290782928467 -0.13381774723529816
0.006785352248698473 -0.23313941061496735 -0.08479736000299454
-0.3473306894302368 -0.24555644392967224 -0.3707030117511749
0.18560761213302612 -0.3571023941040039 0.05106255039572716
-0.2119266837835312 -0.17759674787521362 -0.2741364538669586
-0.1597319394350052 -0.3398416042327881 -0.13442376255989075
-0.24351486563682556 -0.3132878541946411 0.006173667497932911
-0.09671306610107422 -0.31074318289756775 -0.06864320486783981
0.07030277699232101 -0.31852415204048157 0.01981993392109871
0.030197909101843834 -0.31277915835380554 -0.11698615550994873
0.1441141664981842 -0.06811413168907166 0.34097906947135925
0.13657622039318085 -0.15251722931861877 -0.05892300605773926
0.06361494958400726 -0.3185366988182068 -0.03623848780989647
0.1225782111287117 -0.27854451537132263 -0.25077173113822937
-0.05587742105126381 0.09144967049360275 0.2739996910095215
-0.12293686717748642 -0.23763437569141388 0.1381949484348297
-0.11414573341608047 -0.2883411943912506 0.0033100033178925514
-0.1529599130153656 -0.3442952334880829 0.13129986822605133
0.10942121595144272 -0.05590607225894928 0.15396198630332947
0.14976494014263153 -0.24174778163433075 -0.09551747143268585
-0.2494538128376007 -0.19816359877586365 -0.05050313472747803
0.03115386702120304 -0.30638736486434937 0.02165929228067398
0.20304442942142487 -0.186269611120224 -0.0417904332280159
0.16170388460159302 -0.28386107087135315 -0.04671685770153999
-0.009049175307154655 -0.20918987691402435 0.07238000631332397
-0.11043241620063782 -0.006574490573257208 0.23345772922039032
0.14050519466400146 0.054260969161987305 0.2325916886329651
0.07876532524824142 -0.208672434091568 0.14807234704494476
-0.0919928029179573 -0.31100431084632874 -0.14679819345474243
0.06930165737867355 -0.313704252243042 0.02562943659722805
-0.02643914893269539 -0.050093915313482285 0.18586768209934235
0.002642794046550989 0.07726191729307175 0.2426941841840744
-0.2243424355983734 0.0404549315571785 -0.17371222376823425
-0.07547435909509659 -0.24941200017929077 0.1134205088019371
0.1833471804857254 0.061963170766830444 -0.04464226961135864
-0.05876510217785835 -0.3241744041442871 -0.09246762096881866
-0.061560943722724915 -0.3482261598110199 -0.019805163145065308
-0.007034651469439268 -0.3063206076622009 0.058318983763456345
0.02318466454744339 -0.09936656802892685 0.20521152019500732
0.06398912519216537 -0.3105829656124115 0.049611687660217285
0.15267536044120789 -0.06283680349588394 0.3223516643047333
0.10833492130041122 -0.3446371853351593 0.055144019424915314
0.1296204924583435 -0.3141189217567444 -0.0350814163684845
-0.07937851548194885 -0.24679134786128998 0.128962442278862
-0.14849385619163513 0.034743696451187134 0.20897266268730164
-0.09974677860736847 -0.13907112181186676 0.09644351899623871
-0.06489048153162003 -0.25013962388038635 0.09498197585344315
-0.029855918139219284 -0.3352682292461395 -0.2501782178878784
0.08252327889204025 -0.3003491163253784 -0.038006749004125595
0.1373584270477295 -0.3128625154495239 -0.12814728915691376
-0.19266603887081146 -0.2604810893535614 0.12814632058143616
-0.009359721094369888 -0.3292216658592224 -0.05696484073996544
-0.04303477331995964 -0.15433800220489502 -0.18480946123600006
0.11476843804121017 -0.13613055646419525 -0.12715761363506317
-0.14960794150829315 -0.10366933792829514 -0.0274050273001194
0.030813518911600113 -0.23466601967811584 -0.06568105518817902
-0.01467229425907135 -0.41106849908828735 0.05700654163956642
0.18185055255889893 -0.2193218320608139 0.18731673061847687
0.24410954117774963 -0.16068556904792786 -0.06010785698890686
-0.10211075097322464 -0.3149832487106323 -0.11061160266399384
-0.13804250955581665 -0.2785726487636566 -0.18348334729671478
-0.00829232670366764 -0.25738558173179626 -0.1486196368932724
0.10861264914274216 -0.25257235765457153 0.019766800105571747
0.05047991871833801 -0.21041011810302734 0.12041851878166199
-0.1470811516046524 -0.10891152918338776 -0.11802446842193604
0.15072642266750336 -0.1393640637397766 -0.10481743514537811
-0.13411195576190948 -0.06694281101226807 -0.064095638692379
0.03606582060456276 -0.30189353227615356 -0.08758379518985748
0.01456259936094284 -0.1625356525182724 0.0021701455116271973
0.06466872990131378 -0.1602213978767395 0.08588754385709763
0.18917720019817352 -0.2668271064758301 -0.1816728562116623
0.25537046790122986 -0.1475623995065689 0.09643693268299103
0.12502224743366241 -0.3147702217102051 -0.08570004254579544
0.007731072138994932 -0.11396195739507675 0.018545906990766525
-0.004427808802574873 -0.31259432435035706 -0.31618833541870117
0.34231632947921753 0.0452762208878994 0.23090699315071106
0.04973665997385979 -0.2373775839805603 0.363532155752182
0.07330276072025299 -0.26919129490852356 -0.09945178776979446
-0.05360392853617668 -0.1577274203300476 0.11949577182531357
0.04601379856467247 -0.29053711891174316 0.05361397564411163
-0.12244650721549988 -0.06031925603747368 0.3596203923225403
0.18438619375228882 -0.12402766197919846 0.13213282823562622
-0.028003446757793427 -0.3616621494293213 -0.22819826006889343
0.05286058411002159 -0.22073568403720856 -0.0684676393866539
0.2837584912776947 -0.06568063050508499 0.019074924290180206
0.08982224017381668 -0.3422335982322693 0.08481211960315704
0.28304675221443176 -0.1225343570113182 -0.1444827914237976
0.15867114067077637 -0.3381243646144867 -0.10482286661863327
-0.11693618446588516 -0.18212714791297913 -0.02959386818110943
0.2435849905014038 -0.3397202789783478 0.017624976113438606
-0.13877397775650024 -0.22423580288887024 0.010205022990703583
0.06056592985987663 -0.2726580798625946 0.05952152609825134
0.09830048680305481 -0.1210026741027832 0.11640117317438126
0.06988129764795303 -0.2988370656967163 -0.10642845928668976
-0.171968013048172 -0.3063170313835144 0.07636622339487076
-0.007477353792637587 -0.08123158663511276 0.011066729202866554
0.2631360590457916 -0.15114887058734894 -0.12235047668218613
0.08509381860494614 -0.31270796060562134 -0.009528357535600662
-0.16259704530239105 -0.33328771591186523 0.01727740466594696
-0.1515086591243744 -0.16248227655887604 0.17028282582759857
-0.16498076915740967 0.09896962344646454 -0.16381485760211945
-0.4463304877281189 0.1045537143945694 0.05784792825579643
0.08277502655982971 -0.23974241316318512 0.028034400194883347
-0.04958762973546982 -0.09718655049800873 0.21445460617542267
0.09798388183116913 -0.28812527656555176 0.06805137544870377
-0.007082550320774317 0.0041823191568255424 0.23902016878128052
0.07602931559085846 0.04974273964762688 0.2777855396270752
0.05545855686068535 -0.2822659909725189 -0.11853910237550735
-0.05359703674912453 -0.0019262952264398336 -0.27897149324417114
0.0555928610265255 -0.3043343126773834 -0.16903667151927948
0.012270700186491013 -0.3345284163951874 -0.0643087849020958
-0.01803038828074932 -0.2608548104763031 0.1233377754688263
-0.025045400485396385 -0.3832366466522217 -0.29744747281074524
0.12138808518648148 -0.03645467758178711 -0.25509023666381836
-0.029594430699944496 0.006088877096772194 0.18678012490272522
-0.02074141427874565 -0.26846450567245483 -0.004736879374831915
-0.11924942582845688 -0.32813742756843567 0.07755361497402191
-0.2266746312379837 -0.2022208273410797 0.1616075187921524
0.03398685157299042 -0.25907236337661743 -0.21619287133216858
-0.2103462517261505 -0.24372218549251556 -0.013145526871085167
-0.14434829354286194 -0.17455467581748962 0.054446712136268616
-0.23942138254642487 -0.023506052792072296 0.1198505088686943
-0.07822299748659134 -0.28158435225486755 -0.1788114607334137
0.17078641057014465 -0.2923639416694641 0.1474079191684723
0.12946482002735138 -0.3156448006629944 -0.0729897990822792
-0.020452825352549553 -0.30306166410446167 0.04873830825090408
0.03219063580036163 -0.23035287857055664 0.04010174795985222
0.005136226303875446 -0.07961250841617584 0.17881403863430023
0.12045777589082718 -0.24915343523025513 0.08626570552587509
0.12141141295433044 -0.20537206530570984 0.15013106167316437
-0.07669967412948608 -0.2654099762439728 0.1379014253616333
0.3223898708820343 0.023666219785809517 -0.11574182659387589
0.015082012861967087 -0.2787175178527832 -0.11662184447050095
-0.10559243708848953 -0.33306974172592163 -0.17391552031040192
0.09056781232357025 -0.3014511168003082 0.05460413917899132
-0.2722521424293518 0.037468306720256805 -0.21283084154129028
-0.2363676130771637 -0.04324343428015709 -0.019658373668789864
-0.06051922217011452 -0.16684767603874207 -0.013524854555726051
0.11370783299207687 -0.2269740253686905 -0.043439917266368866
0.14716194570064545 -0.29710298776626587 -0.0801580473780632
-0.12727968394756317 0.007272358052432537 0.43286922574043274
-0.18275447189807892 -0.15886260569095612 -0.11268135905265808
0.004508625250309706 -0.3345707952976227 -0.025165246799588203
-0.05663637816905975 -0.1255730390548706 0.24607785046100616
0.08316975831985474 -0.34072715044021606 0.017566408962011337
-0.003048382233828306 -0.31591591238975525 0.02613411471247673
-0.07290416210889816 0.07634826004505157 0.07896404713392258
0.046281598508358 -0.2965286374092102 -0.010468913242220879
0.08928970247507095 -0.33809894323349 0.07091677188873291
-0.271259605884552 -0.2570474147796631 0.10510099679231644
0.4636840522289276 0.11901092529296875 0.17249567806720734
0.12415692955255508 -0.29562273621559143 -0.1066097617149353
0.13821794092655182 -0.043438609689474106 0.2566879391670227
0.03963746502995491 -0.24894848465919495 -0.02251734398305416
-0.09077905863523483 -0.09209468960762024 0.15528522431850433
0.11849706619977951 -0.18589600920677185 -0.17346367239952087
-0.014362147077918053 -0.321365088224411 -0.10346703976392746
0.027033308520913124 -0.15580375492572784 0.001300415606237948
-0.01553034782409668 -0.29707804322242737 -0.1975235939025879
-0.15750768780708313 -0.20088697969913483 0.2063283771276474
0.20941253006458282 -0.3095482587814331 -0.008564265444874763
0.026285700500011444 -0.3042142689228058 -0.4146955907344818
0.1727428436279297 -0.3465595245361328 0.08973988890647888
0.07656578719615936 -0.2770256996154785 -0.05166563019156456
-0.1241670772433281 -0.18923425674438477 -0.17888763546943665
-0.08070054650306702 -0.03592318296432495 0.0716322585940361
0.21091584861278534 0.022818254306912422 0.1499558836221695
-0.13599520921707153 -0.08247280865907669 0.28854498267173767
0.09227859973907471 -0.2886568009853363 -0.11846572160720825
0.014301029965281487 -0.20400133728981018 0.16545473039150238
-0.25944599509239197 -0.14042158424854279 0.14527028799057007
0.2609712481498718 -0.0451522096991539 -0.016709469258785248
-0.06804807484149933 -0.28280556201934814 -0.0807606652379036
0.1424943506717682 -0.19974671304225922 -0.0015319918747991323
0.10418060421943665 -0.28863659501075745 0.30994394421577454
0.07337430864572525 -0.2761038839817047 0.15406018495559692
0.10375137627124786 -0.0960715189576149 -0.16307957470417023
0.18703387677669525 -0.30805453658103943 0.0651729628443718
-0.078522227704525 -0.12695224583148956 0.07827796787023544
0.0037692126352339983 -0.3045157492160797 -0.5483812689781189
-0.1049126461148262 -0.23381957411766052 0.12666840851306915
0.004350402392446995 -0.1793460249900818 -0.09997857362031937
-0.1731068640947342 -0.15976682305335999 0.07361725717782974
0.07853666692972183 -0.15085045993328094 0.19004036486148834
0.11960373818874359 -0.3257516026496887 -0.05584906041622162
-0.09300100058317184 -0.26427724957466125 -0.17791560292243958
0.14051802456378937 -0.336349219083786 0.06676042824983597
0.034856535494327545 -0.3222658336162567 -0.050802864134311676
-0.003824479877948761 -0.3131358325481415 -0.07366720587015152
-0.03718886151909828 -0.0424879752099514 0.09713158756494522
-0.19364981353282928 -0.0668225884437561 -0.07948838919401169
0.08717488497495651 -0.08546459674835205 0.16177617013454437
-0.09040194749832153 -0.08904958516359329 0.12975472211837769
0.015623679384589195 -0.2672983705997467 -0.17064641416072845
0.0010301361326128244 -0.20314349234104156 0.18846045434474945
0.06556286662817001 -0.17340615391731262 -0.039644431322813034
-0.2140919715166092 -0.3227256238460541 0.09945682436227798
0.004355954006314278 -0.335683673620224 -0.02875584363937378
-0.09277268499135971 -0.08271729946136475 -0.17696397006511688
-0.0832618996500969 -0.11157020181417465 0.06318649649620056
0.21258023381233215 0.06928019225597382 -0.0111932922154665
-0.19744548201560974 -0.26170188188552856 0.0395733006298542
0.010373590514063835 -0.2691345810890198 -0.005683469586074352
0.17841044068336487 -0.10909633338451385 -0.30781495571136475
0.1693657487630844 -0.2987889051437378 -0.07569313794374466
-0.008522119373083115 -0.2375185638666153 -0.10308501124382019
-0.2843630909919739 -0.1887832134962082 0.015154365450143814
-0.2071203738451004 -0.09811457246541977 0.24895623326301575
0.298974871635437 -0.1966680884361267 -0.08714449405670166
-0.004079252015799284 -0.31599631905555725 0.0011880355887115002
-0.11895739287137985 -0.23900049924850464 0.11194735020399094
0.1648617684841156 0.2858741879463196 0.41925162076950073
0.10766558349132538 -0.027432989329099655 0.26592782139778137
-0.13507427275180817 -0.14908742904663086 -0.13024738430976868
-0.05801115557551384 -0.14843271672725677 0.20996347069740295
0.00012953171972185373 -0.2749340534210205 -0.07336364686489105
0.24444730579853058 -0.284760445356369 -0.25402456521987915
0.26842212677001953 -0.08042097836732864 0.1668446660041809
0.05337584391236305 -0.24661172926425934 -0.000702819088473916
0.20386354625225067 -0.3144620656967163 0.06676986813545227
-0.0038907076232135296 -0.22679618000984192 0.13887079060077667
0.006325157824903727 -0.27556276321411133 0.02448669821023941
0.01796916499733925 -0.1731870472431183 0.16807587444782257
0.14719872176647186 0.09559419751167297 0.1055360659956932
-0.16072618961334229 -0.1756555587053299 0.10011973232030869
0.11643778532743454 -0.14321616291999817 -0.23685778677463531
0.09960398823022842 -0.30147063732147217 -0.05278460681438446
-0.0032021906226873398 -0.34002047777175903 -0.05956188961863518
0.2442055195569992 -0.19317035377025604 0.060210101306438446
0.030959881842136383 -0.3241731524467468 0.013132994994521141
0.01640147715806961 -0.29729729890823364 0.045047860592603683
-0.08413882553577423 -0.31827273964881897 0.07689490169286728
0.043078504502773285 -0.24816614389419556 0.11851096153259277
0.2041679471731186 -0.22122395038604736 -0.027835795655846596
-0.13021670281887054 -0.22987845540046692 0.11084531992673874
0.13770848512649536 -0.19267265498638153 0.038784418255090714
-0.06856866180896759 -0.17072583734989166 -0.05043419077992439
0.08644388616085052 -0.2540750503540039 0.044813379645347595
-0.012954281643033028 -0.23833686113357544 -0.039194535464048386
-0.10021664947271347 -0.19874635338783264 -0.2732425630092621
0.019166866317391396 -0.3233107924461365 -0.04904056712985039
-0.11647983640432358 -0.03661402314901352 0.11879943311214447
-0.0791076198220253 -0.25136104226112366 -0.12219153344631195
-0.025598078966140747 -0.2990066707134247 -0.0752585157752037
0.2135312557220459 -0.28703099489212036 -0.12903247773647308
-0.03373076394200325 -0.1372556984424591 0.24048443138599396
0.12345483154058456 -0.19146545231342316 0.012358611449599266
-0.11288010329008102 -0.31964030861854553 -0.0006593370344489813
-0.15732316672801971 -0.24954086542129517 0.04862289875745773
-0.08441486209630966 -0.25402531027793884 -0.14741410315036774
0.1215810626745224 -0.23435455560684204 -0.24032904207706451
0.03603706136345863 -0.3218367099761963 -0.11416386067867279
-0.18519511818885803 -0.30457955598831177 -0.04065506532788277
0.06977126747369766 -0.23394106328487396 0.10884275287389755
-0.17284943163394928 -0.24543361365795135 0.13401661813259125
0.06703005731105804 -0.2264505922794342 0.025339888408780098
0.11279623955488205 -0.31536051630973816 0.131377711892128
-0.15416981279850006 -0.168439120054245 -0.15230511128902435
0.0025438605807721615 -0.3144185245037079 -0.08842258155345917
-0.028781045228242874 -0.3400222361087799 0.03961251303553581
0.01842491328716278 -0.32011884450912476 -0.11104053258895874
-0.15541501343250275 -0.13248524069786072 -0.2565617263317108
0.18918240070343018 -0.2283998429775238 -0.05011134222149849
-0.09494173526763916 -0.043456703424453735 0.18544767796993256
-0.10972900688648224 -0.1480238288640976 0.17849880456924438
-0.104206882417202 -0.25366663932800293 0.10124413669109344
0.07915419340133667 -0.28451240062713623 -0.10605328530073166
-0.007676347624510527 -0.3243139982223511 -0.025198163464665413
-0.40484100580215454 0.020578669384121895 -0.1814897358417511
0.24924634397029877 -0.18961971998214722 -0.12535907328128815
-0.12417767196893692 -0.24194888770580292 -0.12313598394393921
-0.1314496099948883 -0.17148879170417786 -0.39913904666900635
0.3649429976940155 0.04852791503071785 0.030048705637454987
0.06046248599886894 -0.2606089413166046 -0.05075148493051529
-0.22831346094608307 -0.2897416055202484 -0.012076880782842636
-0.026690656319260597 -0.22025054693222046 0.09758730232715607
0.07699114084243774 -0.24101866781711578 -0.11539364606142044
0.05604909732937813 -0.2872236967086792 0.14697930216789246
0.009906597435474396 -0.3021838665008545 -0.014093862846493721
0.2837887704372406 -0.2033911645412445 0.13051018118858337
0.11801356077194214 -0.22023317217826843 -0.03681106120347977
-0.11098899692296982 -0.13308632373809814 0.03947462886571884
0.2613427937030792 -0.3203173279762268 0.10424511879682541
0.11019507795572281 -0.2810380458831787 -0.04283304512500763
0.1960901916027069 -0.22446517646312714 -0.10037606209516525
0.02457481622695923 -0.2932180166244507 -0.2576563358306885
0.14598992466926575 -0.28470489382743835 -0.07502453774213791
-0.18749025464057922 -0.2551545202732086 -0.08337989449501038
-0.12679219245910645 -0.3334875702857971 -0.185148686170578
0.20819595456123352 -0.2907605767250061 -0.06463014334440231
-0.10179991275072098 -0.26893264055252075 0.11160746961832047
0.09739062935113907 -0.33720871806144714 0.36423400044441223
0.01667163521051407 -0.20310764014720917 0.07954078912734985
-0.134863018989563 -0.17806664109230042 0.2351611852645874
0.23490020632743835 -0.28382232785224915 -0.04894721880555153
-0.050282735377550125 -0.26238343119621277 -0.012805785983800888
0.10316164791584015 -0.23275300860404968 -0.04260307550430298
0.14784517884254456 -0.18879106640815735 0.08712800592184067
-0.0675496757030487 -0.322508305311203 -0.009135890752077103
0.05573258921504021 -0.31050053238868713 0.0864882543683052
-0.028683975338935852 -0.2867141366004944 -0.31053000688552856
0.13601341843605042 -0.29959022998809814 0.10665836185216904
0.13529571890830994 -0.20820729434490204 0.11091198772192001
-0.2732405662536621 -0.20459672808647156 -0.3064676821231842
0.1865512579679489 -0.07293112576007843 0.2138964980840683
-0.15374745428562164 -0.1930696964263916 0.028520725667476654
0.035975489765405655 -0.2078286111354828 -0.1323210895061493
-0.04195820167660713 -0.30583497881889343 -0.08994872868061066
-0.09228093922138214 -0.11630813032388687 -0.08493220061063766
-0.11326997727155685 -0.3012898862361908 0.036769427359104156
0.29575052857398987 -0.05897193402051926 0.008223345503211021
0.09831216186285019 -0.042536865919828415 -0.16242194175720215
0.07113897055387497 -0.26907262206077576 0.048025667667388916
-0.2023981511592865 -0.17565546929836273 0.19547031819820404
0.18094490468502045 -0.2677544951438904 -0.0026666144840419292
-0.025397280231118202 -0.25944989919662476 0.021157212555408478
-0.24504628777503967 -0.001095025334507227 0.06533556431531906
0.0968964621424675 0.0945870652794838 0.24531584978103638
-0.1467737853527069 -0.24698981642723083 0.06461126357316971
0.11188866198062897 -0.18922936916351318 0.20418649911880493
0.04881777614355087 -0.2983764708042145 0.08209090679883957
0.13323038816452026 -0.28037816286087036 0.048689112067222595
0.07606856524944305 -0.19435381889343262 0.0875714123249054
-0.013468930497765541 -0.2960859537124634 -0.14378976821899414
0.1370716691017151 -0.11876825988292694 0.22625809907913208
0.11668209731578827 -0.3313417136669159 0.05523785576224327
-0.20761245489120483 -0.20115727186203003 -0.24212993681430817
-0.21930934488773346 -0.1492222100496292 -0.18947401642799377
0.03361950442194939 -0.1913466602563858 0.13968904316425323
-0.005471581127494574 -0.19760224223136902 0.16160400211811066
-0.3522782027721405 -0.16877536475658417 0.14061301946640015
0.047709621489048004 -0.17784175276756287 -0.05308561772108078
-0.1310311257839203 -0.07110563665628433 0.12741893529891968
0.10498266667127609 -0.14188873767852783 0.14045971632003784
-0.013892963528633118 -0.21632614731788635 0.08435387164354324
-0.10060382634401321 -0.15755367279052734 0.14651045203208923
-0.053546007722616196 0.006507410202175379 0.26281508803367615
0.0015338441589847207 -0.33043909072875977 -0.009185461327433586
0.010924244299530983 -0.21361418068408966 0.16065628826618195
0.04001230746507645 -0.3079978823661804 -0.010046079754829407
0.11116862297058105 -0.0642242282629013 -0.08567149192094803
0.190825417637825 -0.21836020052433014 0.11188243329524994
-0.039885323494672775 -0.3209697902202606 -0.06357569247484207
-0.09782817214727402 0.02621757797896862 0.3631327450275421
0.06651242822408676 -0.1663755625486374 0.016695719212293625
-0.009037807583808899 -0.2550049424171448 0.02538495883345604
-0.1772518903017044 -0.30181434750556946 0.05975376442074776
-0.14581885933876038 -0.2709662616252899 -0.19297608733177185
-0.12515197694301605 -0.30260786414146423 -0.032619912177324295
-0.05409751832485199 -0.2822708785533905 -0.14949914813041687
-0.12681891024112701 -0.30375435948371887 -0.00995456613600254
-0.05051160603761673 -0.3060983419418335 -0.1479126662015915
0.1617884486913681 -0.29102155566215515 0.1711125671863556
0.08468222618103027 -0.2847025692462921 -0.24737487733364105
0.020075708627700806 0.10474172234535217 0.19683977961540222
0.17620359361171722 -0.2883002460002899 -0.07497870177030563
0.4791525900363922 -0.08972660452127457 0.3556582033634186
0.15295469760894775 -0.23608970642089844 -0.16634880006313324
-0.15320874750614166 -0.390174925327301 0.11405564099550247
-0.0848536342382431 -0.016478916630148888 0.08073459565639496
-0.12073888629674911 -0.17077240347862244 -0.09502822905778885
-0.20793254673480988 -0.04904281347990036 0.34932059049606323
-0.163568913936615 -0.037795014679431915 0.13666577637195587
-0.06409253925085068 -0.16612839698791504 -0.09338151663541794
0.25717252492904663 0.003739932319149375 0.16854166984558105
-0.05162603035569191 -0.2106393724679947 0.1590244472026825
-0.048805199563503265 -0.28921905159950256 0.11971776187419891
0.2055017501115799 -0.31357741355895996 0.024368617683649063
0.180714413523674 0.01971074566245079 0.2537165880203247
0.13848447799682617 -0.3078715205192566 -0.06576786935329437
-0.05288225784897804 -0.06346892565488815 0.16655176877975464
0.045366719365119934 -0.34028080105781555 -0.13801485300064087
0.12131418287754059 -0.11812577396631241 0.216563418507576
-0.0340481735765934 -0.3420441746711731 -0.00867639109492302
-0.16094189882278442 -0.34810811281204224 -0.002979802433401346
-0.0029859505593776703 -0.32085973024368286 -0.2139100432395935
-0.3683750629425049 -0.07129719853401184 -0.16743700206279755
-0.1615218073129654 -0.042485591024160385 -0.10735712200403214
-0.17181189358234406 -0.053062595427036285 0.08918045461177826
-0.02151346020400524 -0.13856925070285797 0.17709881067276
0.02015911601483822 -0.31744131445884705 -0.057591479271650314
-0.14928364753723145 -0.07670658826828003 0.1349305659532547
0.24912728369235992 -0.16388222575187683 -0.16852045059204102
0.018811453133821487 -0.01867995783686638 -0.3272937834262848
0.1447615772485733 -0.12417159229516983 -0.3765878677368164
0.6767191290855408 -0.24756287038326263 -0.04224235191941261
0.11351613700389862 -0.25750261545181274 0.010733190923929214
0.060101233422756195 -0.2523120045661926 0.06530933827161789
0.06662318110466003 -0.27407538890838623 0.22390778362751007
-0.011135576292872429 -0.11616696417331696 -0.11464787274599075
-0.04148847982287407 -0.3759326934814453 0.09618173539638519
-0.11963017284870148 -0.3175741136074066 -0.09730658680200577
0.03435108810663223 -0.3048441708087921 -0.19138342142105103
0.2038048505783081 -0.25433987379074097 0.013703010976314545
-0.20034922659397125 -0.13680700957775116 0.215706929564476
0.16302506625652313 -0.3030799627304077 0.08278226107358932
-0.1491820365190506 -0.3023515045642853 -0.14211931824684143
0.1437862068414688 -0.29710447788238525 -0.111747607588768
0.01498933881521225 -0.2714030146598816 0.07312553375959396
0.019911810755729675 -0.009481240063905716 0.2467571496963501
0.12993107736110687 -0.1601831614971161 0.14315006136894226
0.0008216517162509263 -0.3109809160232544 -0.13732808828353882
-0.11965788155794144 -0.30301427841186523 -0.11986608058214188
0.18734332919120789 -0.2705884575843811 -0.01712656207382679
0.035048484802246094 -0.06958574801683426 -0.0789925828576088
-0.11919322609901428 -0.11970855295658112 -0.0467081181704998
0.1832563430070877 -0.07827699184417725 0.4462617039680481
0.2303018569946289 -0.22155117988586426 0.14765124022960663
0.2456149011850357 -0.27122825384140015 -0.05357128754258156
-0.002128834370523691 -0.1105118915438652 0.09893091022968292
-0.21359284222126007 -0.2666704058647156 -0.13593971729278564
0.06284860521554947 -0.30153828859329224 -0.03977404162287712
0.009431598708033562 -0.12254501134157181 0.18281957507133484
0.18684493005275726 0.023450003936886787 0.3162357211112976
-0.1694502830505371 -0.06335164606571198 0.051435165107250214
-0.10684388130903244 -0.1361294388771057 0.08207500725984573
0.020775191485881805 -0.2485658824443817 -0.06212608143687248
0.21723000705242157 -0.32798293232917786 -0.06179957464337349
0.11340966820716858 -0.2554609179496765 -0.03619374707341194
0.12683440744876862 -0.2866447865962982 0.06479926407337189
-0.3799467980861664 -0.17027531564235687 0.045742522925138474
-0.030334647744894028 -0.18336443603038788 0.11679941415786743
-0.06508520990610123 -0.32192403078079224 0.005206056870520115
-0.27259039878845215 -0.17268477380275726 -0.46257466077804565
0.179609015583992 -0.3199065327644348 -0.12084075808525085
0.1259509176015854 0.012695776298642159 0.29594719409942627
-0.03246954083442688 0.01196700893342495 0.27570825815200806
0.05371170863509178 -0.09686770290136337 0.18772976100444794
-0.155550017952919 -0.06719745695590973 0.17261074483394623
-0.09694281220436096 -0.1912258416414261 0.15841615200042725
0.1766510158777237 -0.10003978759050369 0.16954870522022247
-0.08019924908876419 -0.2087046355009079 -0.12897361814975739
-0.08020228892564774 -0.328764945268631 -0.04656452313065529
0.3727591037750244 -0.24078379571437836 -0.16803312301635742
0.03643845394253731 -0.29900819063186646 0.08035958558320999
-0.09272463619709015 -0.2824081778526306 -0.1241205558180809
0.03659110888838768 -0.265388548374176 -0.07643802464008331
0.18674075603485107 -0.2624748945236206 0.13723225891590118
0.02519768290221691 -0.13681916892528534 0.2679171860218048
-0.08687332272529602 -0.38176095485687256 -0.0013157529756426811
0.13065285980701447 -0.28157854080200195 0.10512654483318329
0.1082959994673729 -0.21973273158073425 -0.06701058149337769
-0.07836759835481644 -0.16596704721450806 -0.12171158194541931
0.1990431547164917 -0.23727500438690186 -0.15659615397453308
0.03539571538567543 -0.2659180164337158 -0.06867425888776779
0.1745586097240448 -0.17978090047836304 0.16360725462436676
-0.06515668332576752 -0.1436166763305664 0.2758348286151886
-0.1080297976732254 -0.13703982532024384 0.17475910484790802
0.1577155441045761 -0.07994937151670456 -0.011777017265558243
0.0544775053858757 -0.33633506298065186 -0.06672698259353638
-0.10413888096809387 -0.28693097829818726 -0.06367840617895126
0.27025654911994934 0.08965187519788742 0.028018608689308167
-0.18771404027938843 -0.08453260362148285 -0.04306476190686226
-0.10961107164621353 -0.1515834480524063 0.07601410150527954
0.0682859793305397 -0.19992317259311676 -0.08124391734600067
0.23152174055576324 -0.24940305948257446 -0.12102583795785904
-0.19854022562503815 -0.19357140362262726 -0.48231762647628784
0.11954526603221893 -0.1649675965309143 0.05474454537034035
0.18410159647464752 -0.36195266246795654 0.087038554251194
0.044310312718153 -0.20673561096191406 0.13349342346191406
-0.16544711589813232 -0.22722271084785461 -0.14563022553920746
0.1916373372077942 -0.2951386272907257 -0.12180382758378983
-0.2789193093776703 -0.034488797187805176 0.04951847717165947
-0.3486352562904358 -0.13444842398166656 0.1147252693772316
0.1032109335064888 -0.32241931557655334 -0.013296609744429588
-0.05697697028517723 0.031184464693069458 0.49522364139556885
-0.012248171493411064 -0.3032069206237793 -0.006919879000633955
0.09173162281513214 -0.3150128424167633 -0.23406080901622772
-0.03019343689084053 -0.2185411900281906 -0.08541807532310486
0.009625278413295746 -0.11589505523443222 0.05623384937644005
0.06130266934633255 -0.3696039319038391 -0.004411390051245689
-0.13125436007976532 0.011951921507716179 0.08597218245267868
0.05411975830793381 -0.3292837142944336 0.006651442963629961
0.07526668161153793 -0.07909964770078659 0.10546649992465973
-0.2773752808570862 -0.1652304232120514 0.11408726871013641
-0.09405680000782013 -0.3104628622531891 -0.102732814848423
-0.3394176959991455 0.3024313151836395 -0.2047196626663208
0.1404057890176773 -0.2812122404575348 -0.013369297608733177
0.21434235572814941 0.0811016708612442 0.20915360748767853
-0.045674897730350494 -0.206604465842247 0.18653017282485962
-0.10219766199588776 -0.04342703893780708 0.11738858371973038
0.06722113490104675 -0.21303708851337433 0.11282160133123398
0.038466114550828934 -0.0016634347848594189 -0.0017930236645042896
-0.00048543931916356087 -0.1853908896446228 0.12642085552215576
-0.3669532835483551 0.08750493079423904 0.26699596643447876
-0.11808580905199051 -0.28899872303009033 -0.06932259351015091
-0.10837593674659729 -0.3453143537044525 -0.11402183026075363
-0.02828437089920044 -0.31969982385635376 -0.0879126563668251
-0.019622379913926125 -0.29351887106895447 0.0679669976234436
-0.06724198907613754 -0.3096590042114258 0.07491164654493332
-0.22662930190563202 -0.25724807381629944 -0.41459599137306213
0.03191930428147316 -0.17743022739887238 0.06740618497133255
0.05720480903983116 -0.16881711781024933 0.2119644731283188
-0.0006011365912854671 -0.23157209157943726 0.1491275429725647
0.04823697358369827 -0.2778170704841614 -0.20553849637508392
0.08306599408388138 0.18895035982131958 0.26177167892456055
-0.17253674566745758 -0.31562283635139465 -0.035326264798641205
0.2489720582962036 -0.2055698186159134 -0.20166264474391937
-0.08072786778211594 -0.281781405210495 -0.22267116606235504
0.22061873972415924 -0.13968929648399353 0.288524329662323
0.2977668046951294 -0.12406256049871445 -0.17924916744232178
-0.13034236431121826 -0.2757629454135895 -0.10245244950056076
0.38229653239250183 -0.2469194531440735 -0.14298363029956818
-0.04026230424642563 -0.030436785891652107 0.0570107027888298
0.11233139783143997 -0.2746250629425049 0.06379108130931854
-0.13489510118961334 -0.2774800658226013 0.15228162705898285
-0.2115587592124939 -0.05874426290392876 -0.04769577831029892
0.1105487123131752 0.004648090340197086 0.0019797421991825104
0.064625583589077 -0.12379061430692673 0.22951550781726837
-0.13347499072551727 -0.197171151638031 -0.033672139048576355
-0.03537454456090927 -0.10598639398813248 0.17046692967414856
0.04108694940805435 -0.3201480209827423 0.03894858434796333
-0.007003852631896734 -0.2714232802391052 0.032223496586084366
0.07343439012765884 -0.32951730489730835 0.04963010922074318
-0.016607526689767838 -0.28354784846305847 -0.14499090611934662
0.3250158429145813 -0.255752831697464 -0.21124909818172455
0.031122801825404167 -0.2751906216144562 0.056855347007513046
-0.279997855424881 -0.21122559905052185 0.09373229742050171
0.06330016255378723 -0.1589948832988739 0.14498654007911682
0.039194561541080475 -0.1667429804801941 0.01705097034573555
-0.03687053546309471 -0.3383263945579529 0.03828025609254837
0.0027592077385634184 -0.1671183854341507 -0.33272409439086914
-0.14192397892475128 0.222567617893219 0.6580536961555481
0.020888809114694595 -0.37417468428611755 -0.16567203402519226
0.14354556798934937 -0.2652440369129181 0.03292746841907501
0.32019466161727905 -0.06747569888830185 -0.018939027562737465
0.05562791973352432 -0.3012807369232178 0.015268145129084587
0.42412886023521423 -0.10869186371564865 0.03203224763274193
-0.18559002876281738 -0.1338784098625183 -0.1486547589302063
0.07905768603086472 -0.26526835560798645 0.003836540738120675
0.11507313698530197 -0.028511250391602516 0.2880847752094269
-0.07059010863304138 -0.08216742426156998 0.2537005543708801
0.11789556592702866 -0.2860802710056305 -0.018968695774674416
0.0799291655421257 -0.10773377120494843 0.2006554901599884
0.15498434007167816 -0.1026260256767273 0.06380458176136017
-0.19748207926750183 -0.18110118806362152 -0.12581144273281097
-0.12454225867986679 -0.024595540016889572 0.2585257291793823
-0.09176209568977356 -0.2463340014219284 0.10968691110610962
-0.000729390187188983 0.15733294188976288 0.10504905134439468
-0.06167586147785187 -0.2649289667606354 -0.1961362659931183
-0.14483845233917236 -0.120713971555233 -0.022177863866090775
-0.03699078410863876 -0.06263644248247147 0.22870361804962158
0.3263436257839203 -0.025397401303052902 -0.176998108625412
-0.17648690938949585 0.176823228597641 -0.17506267130374908
0.10854057222604752 -0.2355806678533554 0.094159796833992
-0.06827916949987411 -0.30494803190231323 -0.1637161672115326
0.09203697741031647 -0.3248315751552582 0.00422755628824234
0.020064756274223328 -0.21188248693943024 0.1452682763338089
-0.030631940811872482 -0.18046347796916962 -0.22609664499759674
-0.2497439980506897 -0.23722904920578003 -0.2919875681400299
-0.015762921422719955 -0.33130884170532227 -0.03184865042567253
-0.05055667459964752 -0.18762382864952087 -0.1860525906085968
-0.26070263981819153 -0.05103335529565811 0.1671978235244751
-0.021971290931105614 -0.26316630840301514 0.1417837142944336
-0.010610468685626984 -0.10210399329662323 0.17275948822498322
0.0399363711476326 -0.29188382625579834 0.10884600132703781
-0.04414690285921097 -0.2863709032535553 -0.20924808084964752
-0.02440720610320568 -0.24634146690368652 -0.08875282108783722
0.02424265630543232 -0.04349477216601372 0.21500109136104584
-0.3600248694419861 -0.22881470620632172 -0.354210764169693
-0.20421524345874786 -0.33254948258399963 -0.12823481857776642
-0.21211986243724823 -0.05802956596016884 -0.06957857310771942
-0.013064553961157799 -0.23091231286525726 -0.17312392592430115
-0.14686079323291779 -0.25844746828079224 0.1180107593536377
-0.102053701877594 -0.2850218713283539 -0.02576480805873871
-0.10968611389398575 -0.057486988604068756 0.2894110679626465
0.14967994391918182 -0.21287700533866882 0.11532437801361084
-0.4282398521900177 -0.13860374689102173 0.3356776535511017
-0.05045111104846001 -0.37093544006347656 0.001013465109281242
0.061144620180130005 -0.327648788690567 -0.038880735635757446
0.08872546255588531 -0.1744316816329956 0.2116720974445343
-0.016458749771118164 -0.060676854103803635 0.2193089872598648
-0.08698432892560959 -0.4316331744194031 0.04348933696746826
0.11149682104587555 -0.27337896823883057 -0.1668175458908081
0.181627556681633 -0.06188041344285011 0.08541108667850494
0.0538342110812664 -0.33974266052246094 -0.15429843962192535
-0.11578833311796188 -0.06406433880329132 0.3270629942417145
-0.11381161212921143 -0.16104000806808472 0.04554126039147377
0.04683009162545204 0.02930539660155773 0.2312169075012207
-0.2810429632663727 -0.23183663189411163 0.13150814175605774
-0.11456995457410812 0.2112005203962326 0.12311533838510513
0.1284603774547577 -0.2183200716972351 -0.1725817173719406
-0.03239315375685692 -0.3646097183227539 0.04191885516047478
-0.012175355106592178 -0.3095652759075165 -0.14148880541324615
0.06187192723155022 -0.2239193469285965 0.2186276912689209
-0.032193489372730255 -0.14585846662521362 0.07461703568696976
-0.014340553432703018 -0.3368557095527649 0.010237440466880798
0.02881825529038906 -0.2966372072696686 0.09777288883924484
0.1774607002735138 -0.2706707715988159 -0.23623941838741302
-0.023430386558175087 -0.31006741523742676 0.03848546743392944
-0.09677895158529282 -0.3382727801799774 -0.02620052732527256
-0.06784743815660477 -0.30084946751594543 -0.1303955465555191
-0.04693952202796936 -0.31981536746025085 -0.06967401504516602
-0.09268023818731308 -0.20217794179916382 0.17323514819145203
0.03403009474277496 -0.2606526017189026 0.08023697137832642
0.1053813248872757 -0.24176576733589172 -0.0189184732735157
-0.10430227220058441 -0.13484279811382294 -0.20440566539764404
0.24399489164352417 -0.3264559507369995 -0.026430314406752586
0.002296995371580124 -0.11456146091222763 -0.1472453773021698
0.3210642337799072 -0.17301185429096222 -0.2709551453590393
-0.03854835405945778 -0.2727052569389343 -0.13458669185638428
-0.08162518590688705 -0.15436379611492157 -0.08874111622571945
-0.03383852168917656 -0.300250381231308 -0.19110341370105743
0.0643577128648758 -0.14395922422409058 -0.041432034224271774
0.1395811289548874 -0.22287599742412567 -0.07693883776664734
0.06769609451293945 -0.2368827760219574 -0.21020245552062988
0.13389723002910614 -0.3340425491333008 0.016343513503670692
0.17684441804885864 -0.19077874720096588 0.032626923173666
-0.05110382288694382 -0.16321027278900146 0.03621404245495796
-0.12197618186473846 -0.2709726393222809 0.015101810917258263
0.16461315751075745 -0.18438191711902618 0.1357259899377823
-0.055966004729270935 -0.1315016895532608 0.1582309752702713
0.17338891327381134 -0.2906990051269531 -0.11760107427835464
-0.04409204050898552 -0.24225172400474548 -0.21728762984275818
-0.16104720532894135 -0.22844302654266357 0.1225753128528595
0.06870870292186737 -0.10573846101760864 0.22870883345603943
0.32057565450668335 -0.17360827326774597 -0.22983314096927643
0.010562390089035034 -0.19253499805927277 0.12704695761203766
-0.04790303856134415 -0.329498291015625 -0.020957158878445625
-0.18308420479297638 -0.0038201240822672844 0.16718211770057678
-0.4846387505531311 -0.1974828690290451 0.17835254967212677
0.100991390645504 -0.1569385826587677 -0.034725721925497055
0.09066552668809891 -0.30571138858795166 -0.007370638195425272
0.02472016029059887 -0.3376449942588806 0.060841649770736694
0.005513145122677088 -0.2963229715824127 -0.12542982399463654
-0.11070208996534348 0.015251629054546356 0.12471061944961548
-0.161855548620224 -0.18746228516101837 0.06057608127593994
-0.14653144776821136 -0.31625059247016907 -0.03379867225885391
0.041398655623197556 -0.3549010455608368 0.21062715351581573
0.07483704388141632 -0.3092941641807556 0.016501059755682945
-0.1910761147737503 -0.06932669132947922 -0.08936558663845062
0.004642533604055643 -0.20399737358093262 0.1632785052061081
-0.05566713958978653 -0.31583234667778015 0.08970708400011063
-0.16632859408855438 -0.061661336570978165 0.14114858210086823
0.06678424775600433 -0.3027467131614685 0.03754954785108566
0.1801818162202835 -0.29612815380096436 -0.1795983761548996
-0.08613263070583344 0.023891577497124672 0.01273190788924694
0.07263702899217606 -0.3278660774230957 -0.19484010338783264
-0.10075545310974121 -0.2895837724208832 -0.31832242012023926
0.17593510448932648 -0.3387488126754761 -0.02541150152683258
-0.17694838345050812 -0.29121023416519165 -0.0830276682972908
-0.04154575988650322 -0.13778863847255707 -0.20406083762645721
0.21853816509246826 -0.2745867967605591 0.04599875211715698
0.07458429783582687 -0.20851832628250122 0.09323502331972122
0.18763332068920135 -0.10483021289110184 -0.06600750982761383
0.1320449858903885 -0.08485625684261322 0.14700929820537567
0.05529570206999779 -0.3198159337043762 0.03820334002375603
0.032778650522232056 -0.3458044230937958 0.04896923154592514
-0.14758706092834473 -0.3018745183944702 0.004293639212846756
-0.20402438938617706 -0.04470623657107353 0.040926165878772736
-0.0429784394800663 -0.2545149028301239 0.14343775808811188
-0.028492867946624756 -0.3330107033252716 -0.06979910284280777
0.13799439370632172 -0.23572780191898346 -0.06237804517149925
-0.10612944513559341 -0.31209251284599304 -0.05484354496002197
0.0279389675706625 -0.24622882902622223 0.08881926536560059
0.2801741659641266 -0.07594838738441467 0.013391118496656418
-0.03757285699248314 -0.16502496600151062 0.20411808788776398
0.06092870607972145 -0.28818970918655396 -0.1371118575334549
0.18157581984996796 -0.23563586175441742 -0.017742576077580452
-0.15556582808494568 -0.30315905809402466 0.13443519175052643
0.22140677273273468 -0.27888742089271545 -0.11513319611549377
-0.1451876312494278 -0.3008652925491333 0.03274478018283844
-0.0823645293712616 -0.2553851008415222 -0.23759198188781738
-0.1242179200053215 -0.26872020959854126 0.020657312124967575
-0.21520014107227325 -0.08504281938076019 -0.29512032866477966
-0.10498172044754028 -0.11964655667543411 0.22259940207004547
-0.3105399012565613 -0.2355658859014511 -0.053042251616716385
0.13453248143196106 -0.30066242814064026 0.03053440898656845
-0.12342780083417892 -0.14441882073879242 -0.18799984455108643
-0.0037955129519104958 -0.10205500572919846 0.06930391490459442
-0.08964095264673233 0.04795011505484581 0.37795397639274597
-0.03952094167470932 -0.020443852990865707 0.2534061670303345
0.1850692629814148 -0.05482662469148636 0.13814473152160645
-0.02103869430720806 -0.0772126317024231 0.13902321457862854
-0.02777552418410778 -0.280042439699173 0.1290949583053589
0.24412468075752258 -0.08801357448101044 -0.02348318323493004
0.006497252266854048 -0.30374881625175476 -0.0328945592045784
0.06074995920062065 -0.3170839250087738 -0.05403660237789154
-0.00151990563608706 0.0177442729473114 0.10540582984685898
-0.027400704100728035 -0.03405227139592171 0.1533231884241104
0.05484598129987717 0.07365081459283829 -0.0026459982618689537
0.10654889792203903 -0.263851523399353 0.10391306132078171
-0.06453175842761993 -0.32995733618736267 -0.08366821706295013
-0.005618924740701914 -0.2867489457130432 0.09753105044364929
0.08349504321813583 -0.2287605255842209 0.07151487469673157
-0.04322510585188866 -0.24678674340248108 0.14380459487438202
0.0303645096719265 -0.33904576301574707 -0.035532396286726
-0.039626676589250565 -0.205890953540802 0.03562052920460701
-0.030220985412597656 -0.1710972636938095 0.061688996851444244
-0.21744976937770844 -0.23645831644535065 -0.1366935819387436
0.09685356914997101 -0.22924010455608368 0.13801012933254242
0.08556228876113892 -0.2950301468372345 0.05763272941112518
-0.018399197608232498 -0.11595172435045242 0.3027232587337494
0.06351520121097565 -0.3420273959636688 -0.04423892870545387
0.0798972025513649 -0.11282286047935486 0.17622265219688416
-0.24291495978832245 0.00011584092862904072 -0.26086968183517456
0.11642779409885406 -0.24088476598262787 -0.04904443398118019
-0.16118906438350677 -0.23970405757427216 -0.14864154160022736
-0.034079864621162415 -0.2965729832649231 -0.11859461665153503
0.07486317306756973 -0.2551659941673279 -0.0518697164952755
0.12381792813539505 -0.3192557990550995 -0.060537610203027725
0.07945435494184494 -0.09749818593263626 -0.028583252802491188
0.048402704298496246 -0.32714319229125977 0.05602792650461197
-0.2097271978855133 -0.21244730055332184 0.05905105918645859
0.07870997488498688 -0.14447322487831116 -0.2507016658782959
0.2349693924188614 -0.32393476366996765 0.016729680821299553
-0.08504592627286911 -0.2258293777704239 0.144884392619133
-0.09012094140052795 -0.27970921993255615 0.13067559897899628
0.01272505335509777 -0.0557158999145031 0.2544231712818146
0.14382222294807434 -0.2962270677089691 -0.21442879736423492
0.0011944406433030963 -0.14512352645397186 0.14012978971004486
-0.06884492188692093 -0.07446266710758209 -0.07816874235868454
-0.24900659918785095 -0.10258563607931137 -0.1428152322769165
-0.026457207277417183 -0.3469460904598236 -0.005286150611937046
-0.03568954020738602 -0.28894245624542236 0.06338059902191162
-0.3406388759613037 -0.0687510296702385 -0.147067591547966
0.11830473691225052 -0.23631566762924194 -0.09461785852909088
0.1681978702545166 -0.24029414355754852 -0.09822747856378555
0.00267610652372241 -0.19187302887439728 0.11156905442476273
-0.10305298119783401 -0.2969694137573242 -0.012070832774043083
0.11477223038673401 -0.3235085606575012 -0.2614094913005829
0.013065312057733536 -0.19490648806095123 0.05515814945101738
-0.31734368205070496 0.09463480114936829 0.04784102365374565
-0.16832034289836884 -0.3280692994594574 0.1089560016989708
0.24349921941757202 -0.29415568709373474 0.016721736639738083
0.021807067096233368 -0.2811785340309143 0.0386233888566494
0.1561925858259201 -0.11392562091350555 0.14548608660697937
0.09125310182571411 -0.163530170917511 0.13684628903865814
0.3280024230480194 -0.08292977511882782 0.15328043699264526
0.01231478527188301 -0.13618917763233185 0.2336285561323166
-0.13921710848808289 -0.13274627923965454 -0.2082674205303192
-0.09117073565721512 -0.15908841788768768 0.07613859325647354
-0.21123191714286804 -0.2334195375442505 -0.20793168246746063
-0.0742197185754776 -0.30035683512687683 -0.17261110246181488
-0.2546639144420624 -0.25254565477371216 -0.00039112172089517117
0.04068318009376526 -0.32080137729644775 -0.13343098759651184
0.501308262348175 -0.030267534777522087 0.06803354620933533
-0.05316707491874695 -0.2587292790412903 -0.11797220259904861
0.14097116887569427 -0.27758684754371643 -0.3132246434688568
0.1086236760020256 -0.01646474003791809 0.271182656288147
0.15386159718036652 0.005675847176462412 -0.2533283531665802
-0.0687188059091568 -0.0915348082780838 0.21496015787124634
0.22979483008384705 -0.3088473975658417 -0.020030133426189423
0.055308371782302856 -0.4206005334854126 0.15369026362895966
0.05392427742481232 -0.3419102132320404 0.007603607140481472
0.23420710861682892 -0.26475414633750916 0.24500252306461334
-0.05987332761287689 -0.2966760993003845 -0.14959533512592316
-0.09290952980518341 -0.10875725001096725 0.13875287771224976
-0.22843840718269348 -0.140926331281662 -0.2688611149787903
0.16359542310237885 -0.21577252447605133 0.00760611891746521
0.03956146538257599 -0.28256678581237793 0.006856980733573437
0.04750378802418709 -0.32565057277679443 -0.03354822099208832
-0.2958076596260071 -0.19919343292713165 -0.20420145988464355
0.2142738699913025 0.06791453063488007 0.17805224657058716
0.11371035873889923 -0.3282735347747803 0.06503108143806458
0.0479910783469677 -0.26756078004837036 -0.1995624601840973
0.31674644351005554 -0.020001715049147606 0.17877984046936035
0.26707300543785095 -0.23512978851795197 -0.12498795241117477
0.0324469730257988 -0.10998169332742691 0.21330417692661285
0.06335969269275665 -0.3057119846343994 -0.1011563092470169
0.02709111012518406 -0.21678899228572845 0.1499720811843872
-0.026978231966495514 -0.09228880703449249 0.25826868414878845
0.16248765587806702 -0.32237035036087036 0.035057153552770615
0.02356264553964138 -0.30895859003067017 0.07250621914863586
-0.19614426791667938 -0.04684945568442345 0.26868104934692383
-0.3302084803581238 -0.05055689439177513 -0.012148000299930573
-0.008046569302678108 -0.3018285036087036 -0.14327828586101532
0.006078257691115141 -0.28325507044792175 -0.22739996016025543
-0.14094580709934235 -0.13952432572841644 -0.1739117056131363
-0.1089538112282753 -0.25695323944091797 -0.0030516996048390865
-0.17191267013549805 -0.29664346575737 -0.06795310229063034
-0.09632257372140884 -0.2090880423784256 -0.051717717200517654
-0.03071628138422966 -0.31834593415260315 -0.1288594752550125
0.13604332506656647 -0.1049012765288353 0.13770438730716705
0.20280414819717407 -0.3163129985332489 0.005104132927954197
-0.14256590604782104 -0.30679672956466675 -0.017634015530347824
-0.1091502457857132 -0.09957370162010193 -0.027077633887529373
0.05974876508116722 -0.12729252874851227 0.16899770498275757
0.08768908679485321 -0.22237521409988403 -0.19280770421028137
0.12456206977367401 -0.2946654260158539 0.09248708933591843
0.1946907639503479 -0.16898773610591888 0.0869462639093399
0.11307994276285172 -0.1990634799003601 -0.1291620284318924
0.04003620147705078 -0.3333694636821747 -0.04790247604250908
-0.21321678161621094 -0.2332683950662613 0.08569757640361786
-0.04136905074119568 0.03909892216324806 0.28755372762680054
0.10296078026294708 -0.2732820212841034 -0.24485783278942108
-0.17927388846874237 -0.16826653480529785 0.11534158885478973
0.221946120262146 -0.05775737389922142 0.15371528267860413
0.023193083703517914 -0.31370028853416443 -0.0699535459280014
-0.020259033888578415 -0.06693645566701889 -0.1075558066368103
0.07822943478822708 -0.18178880214691162 0.11495740711688995
0.09601838886737823 -0.21121035516262054 -0.15560898184776306
0.13838684558868408 -0.1831190288066864 0.23234951496124268
0.06524146348237991 -0.2672743797302246 -0.05381562188267708
-2.807122655212879e-06 -0.3471444249153137 -0.05546797066926956
-0.28112825751304626 -0.07942623645067215 -0.19049642980098724
-0.07690954208374023 -0.08033539354801178 0.035868894308805466
-0.37854158878326416 -0.08618777245283127 0.07959751784801483
-0.04609786346554756 -0.2555589973926544 0.12640498578548431
0.21412217617034912 -0.30795320868492126 -0.09406867623329163
-0.03875511512160301 -0.31020984053611755 0.06292622536420822
-0.19785407185554504 -0.10411442071199417 0.16816890239715576
0.04375704005360603 -0.139624685049057 0.11951856315135956
-0.182766854763031 -0.18724827468395233 0.04892554506659508
0.0908268615603447 -0.10261441022157669 0.10440453886985779
0.18882611393928528 -0.23929278552532196 0.14573843777179718
0.1484171748161316 -0.2883291244506836 -0.15056560933589935
0.08271963894367218 -0.22543670237064362 -0.29572156071662903
0.16748227179050446 -0.15168441832065582 0.08823651820421219
-0.22669391334056854 -0.1257702112197876 -0.016093693673610687
0.06001593917608261 0.353691965341568 0.31662818789482117
0.2802318334579468 -0.22265005111694336 0.07100396603345871
0.09064394235610962 -0.21518823504447937 0.07522650808095932
-0.1057913601398468 -0.2874303162097931 0.019366424530744553
0.12679843604564667 -0.18420813977718353 -0.09001056849956512
-0.1736026555299759 -0.12119779735803604 0.16094970703125
0.04727763682603836 -0.2683015763759613 0.03038116730749607
-0.2338922768831253 -0.2852644920349121 0.039823852479457855
-0.14055058360099792 -0.13375267386436462 0.10360123962163925
-0.09333069622516632 -0.11856777220964432 -0.18716570734977722
-0.25992298126220703 0.10988802462816238 0.09053591638803482
-0.11784185469150543 0.04086842015385628 0.4209810495376587
0.23534145951271057 -0.30896928906440735 0.006776939611881971
-0.23906108736991882 -0.3076653480529785 -0.06633074581623077
0.09784068912267685 -0.31484419107437134 -0.03839496150612831
-0.06994300335645676 -0.29631081223487854 0.0818711668252945
0.00593819422647357 -0.3036566376686096 -0.0166788287460804
-0.02519124560058117 -0.32196885347366333 0.08570648729801178
-0.193884938955307 -0.2686181664466858 0.04349775239825249
-0.05002318322658539 -0.2332918345928192 -0.1482885628938675
-0.12368007749319077 -0.24844874441623688 0.0998101532459259
-0.24503038823604584 0.009282605722546577 -0.11984890699386597
-0.11326928436756134 -0.29364514350891113 -0.049817875027656555
-0.023197606205940247 -0.3104647397994995 -0.1298494040966034
-0.10670023411512375 0.1265302151441574 0.4513113498687744
0.06291747093200684 -0.19497394561767578 -0.054990142583847046
0.09720692038536072 -0.08784159272909164 0.11685571074485779
0.10770061612129211 -0.28163132071495056 -0.10341612994670868
0.161522775888443 -0.3391760289669037 0.018705563619732857
-0.05693262070417404 -0.26501238346099854 -0.05424582213163376
-0.08590961992740631 0.000466882367618382 0.12458579987287521
0.0764249637722969 -0.1730015128850937 0.18719924986362457
0.1580905318260193 0.10745060443878174 0.394696444272995
-0.11875635385513306 -0.24891456961631775 0.13323761522769928
-0.3219708204269409 -0.2579534947872162 -0.20638447999954224
0.10187680274248123 -0.3097850978374481 -0.02476722002029419
0.07276187837123871 -0.28978678584098816 0.032744649797677994
-0.2551077902317047 -0.13274595141410828 -0.011670604348182678
-0.05106263607740402 -0.13453659415245056 0.09094635397195816
0.07695011794567108 -0.2552749216556549 -0.13985535502433777
0.17836961150169373 -0.04026653990149498 0.19434310495853424
0.06917800009250641 -0.24844051897525787 0.1476237177848816
-0.14771153032779694 -0.2928491234779358 -0.17333516478538513
0.005824665538966656 0.07267768681049347 0.135664701461792
-0.02176876924932003 -0.30158892273902893 0.07152259349822998
0.01896783895790577 -0.08385449647903442 0.25665900111198425
0.18990100920200348 -0.05481167882680893 0.08401063084602356
0.09832372516393661 -0.004099241923540831 0.11937256157398224
-0.14580069482326508 -0.3384031355381012 -0.00699983024969697
0.07102949917316437 0.19660402834415436 0.08037452399730682
-0.03575386852025986 -0.2628749907016754 0.02759265899658203
0.024829111993312836 -0.11210034042596817 0.08108990639448166
0.1416701078414917 0.10147865116596222 0.18445304036140442
0.130796879529953 -0.32788920402526855 -0.018348362296819687
0.09841097891330719 -0.19001391530036926 0.11144253611564636
-0.02251625247299671 -0.030141236260533333 0.06688062846660614
0.029650794342160225 -0.2715303897857666 0.28950345516204834
0.20625165104866028 -0.313178151845932 0.08469679206609726
0.006994209252297878 -0.2920200228691101 0.08441974967718124
-0.0979231670498848 -0.32719025015830994 0.07400020211935043
0.02015606313943863 -0.256451815366745 -0.2645435631275177
0.2978503108024597 -0.1388683319091797 -0.25102126598358154
0.12877874076366425 -0.30840396881103516 0.009530782699584961
0.025835582986474037 -0.3020881414413452 -0.11936616152524948
-0.15795883536338806 -0.26740679144859314 0.11092165857553482
0.07747914642095566 -0.2826155424118042 -0.004354740027338266
-0.11410800367593765 -0.24857035279273987 -0.006589128170162439
0.02253471501171589 -0.2291237860918045 0.09025021642446518
0.04915648326277733 -0.3205500543117523 -0.15954042971134186
0.010825645178556442 -0.07235801219940186 0.03587670996785164
-0.19087637960910797 -0.08532895147800446 0.16459311544895172
-0.21251526474952698 -0.18311142921447754 0.10015071928501129
-0.019251270219683647 -0.20629477500915527 -0.10426559299230576
0.01236904039978981 -0.29930421710014343 -0.15141259133815765
0.28748929500579834 -0.21801647543907166 0.022347765043377876
0.3198927342891693 -0.19459517300128937 -0.03586968407034874
0.14510460197925568 -0.18375733494758606 -0.003568730317056179
-0.35607558488845825 -0.21274691820144653 -0.035536665469408035
0.1549677550792694 0.06270249933004379 -0.09253477305173874
-0.045624490827322006 -0.11710917949676514 -0.3380930721759796
0.07117412984371185 -0.11920484900474548 0.07909683883190155
-0.2747836112976074 -0.17877592146396637 0.000557733466848731
-0.20262232422828674 0.09026756882667542 0.37526020407676697
-0.040052711963653564 -0.31389641761779785 0.01570127345621586
-0.0031567951664328575 -0.34986525774002075 -0.004974690731614828
-0.15642496943473816 -0.32777249813079834 -0.07082118093967438
-0.09284970164299011 -0.24298816919326782 0.04997309297323227
-0.20638690888881683 0.07532535493373871 0.235617533326149
0.0215535257011652 -0.29884734749794006 -0.015198955312371254
-0.26243770122528076 -0.19958285987377167 0.06481315940618515
0.17782780528068542 -0.27112236618995667 -0.03205591067671776
-0.04625270888209343 -0.12659834325313568 0.1909804344177246
-0.17218247056007385 -0.23673804104328156 -0.3402312695980072
0.07523182779550552 -0.22454893589019775 0.09227898716926575
0.12042205035686493 -0.07583760470151901 -0.14145997166633606
-0.06854661554098129 -0.28584474325180054 0.09490661323070526
0.12997841835021973 -0.3035713732242584 -0.010113535448908806
-0.14344991743564606 -0.1076090857386589 0.017135795205831528
-0.15499567985534668 -0.25724712014198303 -0.1705600619316101
0.2218831330537796 0.006038866471499205 0.06277777254581451
0.13981425762176514 0.33725225925445557 0.4599623382091522
0.29744812846183777 6.508687511086464e-05 0.10576042532920837
0.11147492378950119 -0.04196765646338463 0.20166589319705963
-0.1573089361190796 0.08796902745962143 0.15956589579582214
0.18961326777935028 -0.21496476233005524 0.07090083509683609
0.20262475311756134 -0.06805393844842911 0.0028973696753382683
-0.028540434315800667 -0.18727263808250427 0.09250099956989288
-0.08304157108068466 -0.10069312155246735 -0.02234708145260811
-0.05417746677994728 0.0844826027750969 0.27942848205566406
0.004459181800484657 -0.31373369693756104 -0.005930776707828045
-0.005602404475212097 -0.17314513027668 0.006674501579254866
0.21289224922657013 -0.1248052790760994 -0.12519024312496185
-0.041981909424066544 -0.31140944361686707 0.007118217181414366
-0.11572585999965668 -0.2785380184650421 0.05891881883144379
0.13515816628932953 -0.2836870551109314 0.09463001042604446
-0.050269290804862976 0.11224105954170227 0.4633169174194336
0.0691634863615036 -0.31588634848594666 -0.07673224061727524
0.038321688771247864 -0.31176477670669556 0.023540424183011055
-0.09822425991296768 -0.12562447786331177 -0.010042626410722733
0.06580270826816559 -0.34327173233032227 0.10131615400314331
-0.1572839468717575 0.025324439629912376 0.26239991188049316
0.09910932928323746 -0.426719605922699 -0.005839169956743717
0.20514428615570068 -0.10499445348978043 -0.019943002611398697
0.06057741120457649 -0.3575769066810608 -0.04284275323152542
-0.3485725224018097 0.07247567176818848 0.17523162066936493
0.18093816936016083 -0.2959638237953186 -0.0937533751130104
0.21925954520702362 -0.28484684228897095 -0.07038327306509018
0.03937864676117897 -0.09880455583333969 0.09325624257326126
0.16398338973522186 -0.256212443113327 0.06667456775903702
-0.06946013122797012 -0.32473719120025635 -0.09763357043266296
0.10606111586093903 -0.18027929961681366 -0.10028529167175293
-0.091049425303936 -0.2737666070461273 -0.17122891545295715
-0.06653786450624466 -0.3385049104690552 0.18932172656059265
0.11467200517654419 -0.2937653958797455 0.08463351428508759
0.022992266342043877 -0.03230036795139313 0.21024468541145325
-0.051470279693603516 0.13738475739955902 0.3712266683578491
0.017986685037612915 -0.183315709233284 -0.004107756074517965
-0.09389761835336685 -0.26407331228256226 -0.1451764851808548
0.013509476557374 -0.31224456429481506 0.011326640844345093
-0.1255529224872589 -0.20351114869117737 0.13748057186603546
-0.2137480527162552 -0.14327974617481232 0.11671657860279083
-0.14201481640338898 -0.28098025918006897 0.1137954369187355
-0.1888112872838974 -0.21330124139785767 -0.05017136037349701
-0.046265535056591034 -0.11715354025363922 0.07905669510364532
0.05501355230808258 -0.01648952066898346 0.2970339357852936
0.15868669748306274 0.24515751004219055 0.3730611205101013
-0.0212179534137249 -0.3183979094028473 0.22484534978866577
0.046236973255872726 -0.19184881448745728 0.07176890224218369
-0.10849574208259583 -0.32539311051368713 -0.09239462018013
0.15304706990718842 -0.21245306730270386 -0.059616751968860626
0.2806398570537567 0.0062292939983308315 0.061755165457725525
-0.04445737972855568 -0.3417786955833435 -0.07734231650829315
0.10715867578983307 -0.23981404304504395 0.07404372096061707
0.1520157754421234 -0.2976939082145691 -0.16267970204353333
0.07249510288238525 -0.13392899930477142 0.18701380491256714
-0.13971012830734253 -0.2640899121761322 -0.17742982506752014
0.06654837727546692 -0.17392200231552124 0.017939500510692596
0.22487017512321472 -0.22628509998321533 -0.22121751308441162
-0.02149161323904991 -0.32670843601226807 0.12813599407672882
-0.10566126555204391 0.0016504101222380996 0.3673897087574005
0.2140480875968933 -0.28340405225753784 -0.10751009732484818
-0.2353392094373703 -0.11155303567647934 0.20954464375972748
0.14648975431919098 -0.10922396928071976 0.039184536784887314
0.06137099117040634 -0.15985894203186035 0.14978672564029694
-0.28901344537734985 -0.21817414462566376 0.17729167640209198
-0.25482815504074097 -0.0559905543923378 -0.07363517582416534
-0.08859679847955704 -0.09288433939218521 -0.12881775200366974
-0.15003281831741333 -0.19979164004325867 -0.05188412964344025
0.16193963587284088 -0.11280243843793869 0.06648452579975128
0.07594507932662964 -0.29555752873420715 0.15812063217163086
0.23682600259780884 -0.2948661148548126 -0.08846122771501541
0.28899797797203064 -0.229047030210495 0.1256941854953766
0.02830059826374054 -0.34699732065200806 0.05202840268611908
0.10949809104204178 -0.20983777940273285 0.16248543560504913
0.06813862174749374 -0.29645267128944397 -0.3787625730037689
0.15059582889080048 -0.2155357301235199 0.052549127489328384
0.038280654698610306 -0.3292945325374603 0.14012686908245087
0.038370631635189056 -0.26566052436828613 -0.07961272448301315
0.11686353385448456 -0.002044502180069685 0.2515140473842621
0.23425358533859253 -0.08864466100931168 0.09129190444946289
-0.11598755419254303 -0.29670947790145874 0.043033089488744736
0.04093887656927109 -0.3146683871746063 -0.015603646636009216
0.08737321197986603 -0.08457282930612564 0.38532161712646484
-0.06086406111717224 -0.23540808260440826 -0.05616762861609459
-0.004676498472690582 0.04211043938994408 0.2609032392501831
0.2260664403438568 -0.03918362036347389 0.11026331782341003
0.1133548691868782 -0.09598460048437119 -0.1574687510728836
-0.25822633504867554 -0.12563666701316833 0.06371065974235535
-0.3074181079864502 -0.15172915160655975 0.1826883852481842
-0.11874447017908096 -0.3437518775463104 0.040070999413728714
-0.01394963264465332 -0.02810720168054104 0.22381126880645752
0.23571331799030304 -0.3140605688095093 0.004481268115341663
0.1327187567949295 -0.24526068568229675 -0.0876043364405632
-0.08672108501195908 -0.330488920211792 -0.0512208566069603
-0.11627371609210968 -0.31704920530319214 -0.06824386864900589
0.06617802381515503 -0.3042882978916168 -0.2094401717185974
0.13854557275772095 -0.2995162010192871 0.04458105191588402
0.12840516865253448 -0.19853146374225616 -0.07563239336013794
-0.15470129251480103 -0.3331988453865051 0.1278361678123474
0.036487311124801636 -0.07249327003955841 0.19484221935272217
0.10131305456161499 -0.2803412973880768 -0.07568734139204025
0.24867159128189087 -0.22830232977867126 0.03490351513028145
-0.3361777067184448 -0.04080960899591446 0.0463385209441185
-0.17143787443637848 -0.16623124480247498 -0.24445347487926483
-0.10334548354148865 -0.287815123796463 -0.01263306476175785
-0.1379416137933731 -0.1354764699935913 0.14547108113765717
-0.3552502691745758 -0.1372305452823639 -0.07097429037094116
-0.065366230905056 -0.24793513119220734 -0.26511120796203613
0.20404969155788422 -0.1912548840045929 0.13875865936279297
0.11311624199151993 -0.02340571954846382 0.033720340579748154
-0.03511140123009682 -0.2521081864833832 0.05595286190509796
-0.0892033651471138 -0.20653389394283295 -0.3709942102432251
0.027232831344008446 -0.2875540554523468 -0.1575939804315567
-0.07656872272491455 -0.31574591994285583 0.0353337824344635
0.05853335186839104 0.059202585369348526 0.3238755464553833
-0.07057208567857742 0.021745195612311363 0.11643162369728088
0.05467136204242706 0.060180362313985825 0.1481524407863617
-0.2682720720767975 -0.14250199496746063 0.1518436223268509
-0.14202730357646942 -0.01881531812250614 0.02602113038301468
-0.06644381582736969 -0.3199516832828522 0.06694867461919785
-0.029632696881890297 -0.2532336413860321 -0.019665254279971123
-0.04127509891986847 -0.31040307879447937 -0.10714107006788254
-0.10132656246423721 -0.31091800332069397 -0.28959915041923523
-0.15777158737182617 -0.3382837474346161 0.06332201510667801
-0.048612870275974274 -0.20210830867290497 0.21976156532764435
0.14944855868816376 -0.19900743663311005 -0.16342628002166748
0.0051706451922655106 -0.28774142265319824 0.0484352707862854
0.12889647483825684 -0.26936987042427063 0.13272909820079803
0.12041698396205902 -0.23562565445899963 0.10236309468746185
-0.024203039705753326 -0.15359488129615784 0.10846789926290512
0.05339568108320236 -0.2873465120792389 0.03449425473809242
-0.15294240415096283 -0.05228128284215927 0.0006345420842990279
0.18393371999263763 -0.2518914043903351 -0.022459089756011963
0.19905053079128265 -0.2557262182235718 0.011003967374563217
0.024637427181005478 -0.1651122272014618 0.21116702258586884
-0.1385650485754013 -0.10286577045917511 -0.23615455627441406
0.1064172014594078 -0.2220449000597 0.013367177918553352
0.07474307715892792 -0.28028199076652527 -0.02030305005609989
0.10380212217569351 -0.29417479038238525 0.10246016085147858
0.16803394258022308 -0.07795244455337524 0.15682584047317505
0.10839977860450745 -0.2849181592464447 0.2155158966779709
0.14170271158218384 -0.5443048477172852 -0.6437263488769531
0.1455344408750534 -0.14562807977199554 0.029858669266104698
-0.08144912123680115 -0.2434970736503601 0.17385093867778778
0.18044693768024445 -0.31390517950057983 0.0017165688332170248
-0.21681854128837585 -0.33453717827796936 0.002874288707971573
-0.3650621175765991 -0.2971978783607483 0.06413345038890839
-0.10787726193666458 -0.19133110344409943 -0.12773264944553375
-0.1229572594165802 -0.20114029943943024 -0.2205616682767868
0.09536506980657578 -0.32510367035865784 0.018213989213109016
0.26498398184776306 -0.18623752892017365 -0.08022165298461914
-0.08678696304559708 -0.22474049031734467 -0.030966496095061302
0.16616284847259521 -0.30619198083877563 -0.04616982117295265
0.19394488632678986 -0.33428215980529785 -0.2987162470817566
-0.2324901670217514 -0.31528040766716003 -0.032342538237571716
0.09978632628917694 -0.07356579601764679 0.129403218626976
0.14113931357860565 -0.2973345220088959 -0.2063882201910019
0.1940106749534607 -0.175026535987854 -0.08512455224990845
0.08966760337352753 -0.2900983691215515 -0.25672218203544617
-0.19462653994560242 -0.10314655303955078 -0.01211816631257534
-0.062142178416252136 -0.33493244647979736 -0.3208480477333069
-0.22393573820590973 -0.1541319191455841 0.06158984825015068
-0.07302912324666977 -0.2013072669506073 -0.02860078401863575
0.024112235754728317 -0.20167197287082672 -0.18131639063358307
0.12289511412382126 -0.12254713475704193 0.22528941929340363
0.14569240808486938 -0.27913862466812134 0.06190928444266319
-0.0690651461482048 -0.048158593475818634 -0.029847322031855583
-0.23014746606349945 -0.27899083495140076 0.009645180776715279
0.26829126477241516 -0.18483145534992218 -0.034734390676021576
-0.14516788721084595 -0.09499435871839523 0.017580073326826096
0.038288868963718414 0.026138873770833015 0.2845112681388855
0.16156601905822754 0.131068155169487 0.46400439739227295
-0.09525008499622345 -0.10848155617713928 -0.011273859068751335
-0.1337689459323883 -0.11864686012268066 0.02464107610285282
-0.025281570851802826 -0.2983221709728241 0.07832188159227371
-0.005254865158349276 -0.1254308670759201 0.019391702488064766
0.005354102235287428 -0.11023230105638504 -0.19224144518375397
-0.007641075644642115 -0.13754449784755707 0.24303878843784332
0.19663703441619873 -0.26280468702316284 0.09066981822252274
-0.030833236873149872 -0.1781800240278244 -0.0776159018278122
0.23225754499435425 -0.39097949862480164 -0.043273091316223145
-0.2669505774974823 -0.2879723310470581 0.09643173962831497
0.2056099772453308 -0.27952128648757935 -0.10918744653463364
0.020983532071113586 -0.3221713900566101 -0.010015895590186119
0.10737179964780807 -0.04544097185134888 0.2610078454017639
-0.11761771887540817 -0.18629615008831024 0.26581984758377075
-0.016276150941848755 -0.24033352732658386 -0.01922019012272358
0.019384272396564484 -0.15998883545398712 -0.003560294397175312
0.047391388565301895 -0.2579154074192047 0.0390891395509243
0.03477776050567627 0.20064258575439453 0.09909713268280029
0.10714434087276459 -0.2346552461385727 0.09529644250869751
0.055789344012737274 -0.27032801508903503 0.05823177099227905
-0.009319286793470383 0.0676673948764801 0.31770211458206177
0.07881521433591843 0.21436670422554016 0.026463299989700317
-0.16546133160591125 -0.27383047342300415 0.04870675876736641
-0.02328190766274929 -0.2976779341697693 0.09757526218891144
0.11853175610303879 -0.3426343500614166 -0.03516566380858421
0.1963663101196289 -0.14416319131851196 -0.04278520494699478
-0.13007137179374695 0.17508932948112488 0.248890221118927
0.18856695294380188 -0.04307160899043083 0.1606930047273636
0.024518540129065514 -0.32988688349723816 -0.034023042768239975
-0.18206548690795898 -0.19924989342689514 -0.16926030814647675
0.04594225063920021 -0.26951801776885986 0.114189013838768
-0.05164492875337601 -0.3502068519592285 0.004198214504867792
0.06658368557691574 -0.056836966425180435 0.24837350845336914
-0.1376522332429886 -0.07606970518827438 -0.007883736863732338
0.07609060406684875 -0.27195000648498535 0.04003194347023964
0.055598001927137375 -0.23820286989212036 0.16619864106178284
-0.024237142875790596 -0.25129637122154236 -0.10533826053142548
-0.05626972019672394 -0.2915152311325073 0.0100850909948349
-0.19470222294330597 -0.10842392593622208 0.07815326750278473
0.05452503263950348 -0.2907020151615143 -0.2562510669231415
-0.013712519779801369 -0.12490532547235489 0.04181162267923355
0.08919773250818253 -0.033818792551755905 0.2715807259082794
-0.09211380779743195 -0.2740289568901062 -0.3003329038619995
0.11023149639368057 -0.08041607588529587 -0.1936754733324051
-0.014850804582238197 -0.1424538940191269 -0.1410922259092331
-0.027789201587438583 -0.31616100668907166 -0.035720761865377426
-0.0266127772629261 0.08543220907449722 0.10566861927509308
0.03787381201982498 0.002274717204272747 -0.30630433559417725
0.07317948341369629 -0.2989863157272339 -0.21828842163085938
0.061918389052152634 -0.03227866813540459 -0.23757708072662354
-0.09965747594833374 -0.2917354702949524 0.09155517816543579
0.19436414539813995 -0.2988240122795105 0.07323222607374191
-0.0780850201845169 -0.22192883491516113 -0.07821372151374817
-0.0673694759607315 -0.28962090611457825 -0.04340346157550812
0.17400270700454712 -0.20154155790805817 0.16577279567718506
-0.2916395664215088 -0.0660393014550209 -0.06299109756946564
-0.04183882847428322 -0.19499903917312622 -0.046445898711681366
-0.5731263756752014 0.03663337603211403 -0.1572214514017105
-0.3203457295894623 -0.272142618894577 0.0809469148516655
-0.3549674153327942 -0.06691782921552658 0.24035748839378357
0.07160933315753937 -0.2861056625843048 0.12542791664600372
0.04646825045347214 0.020631873980164528 0.12317567318677902
-0.17532385885715485 0.016935642808675766 -0.1099059134721756
0.15351371467113495 0.06051744893193245 -0.055430591106414795
0.0357486717402935 -0.10812009871006012 0.29565495252609253
-0.1017971783876419 -0.24777168035507202 0.11994992941617966
-0.10356858372688293 -0.26487496495246887 -0.1763998121023178
-0.15288516879081726 -0.2670837640762329 -0.16206207871437073
0.3072185218334198 -0.3475370705127716 -0.017858339473605156
0.08858618885278702 -0.3318704068660736 -0.004899906925857067
0.08817882090806961 -0.2172936052083969 0.11031518131494522
-0.193108469247818 -0.08584156632423401 0.13088151812553406
0.12192322313785553 -0.3254290819168091 -0.053286630660295486
-0.07616029679775238 -0.10654096305370331 0.21417196094989777
0.011477256193757057 -0.22186024487018585 0.23859138786792755
-0.11254584044218063 -0.21828019618988037 -0.08370480686426163
-0.2211925983428955 -0.06705573201179504 0.0882677212357521
-0.10121899843215942 -0.12056460976600647 -0.057741496711969376
0.06507556140422821 -0.2887016236782074 -0.17055615782737732
0.08306718617677689 -0.3021329641342163 -0.23171158134937286
0.017601046711206436 -0.33410170674324036 -0.08945116400718689
0.007182125933468342 -0.32200610637664795 -0.1071595773100853
-0.0321102999150753 -0.30147987604141235 0.09525792300701141
0.010933058336377144 -0.04886388033628464 -0.11551368236541748
0.15771281719207764 -0.28240445256233215 0.14108304679393768
-0.008983565494418144 -0.5148444771766663 -0.33088219165802
0.1391354650259018 -0.17699511349201202 0.01368560828268528
0.10267018526792526 -0.05555106699466705 0.36837977170944214
0.03251754865050316 -0.3133660852909088 -0.0831061378121376
-0.2492910623550415 -0.23531430959701538 0.008640730753540993
0.2278033345937729 -0.2821793556213379 -0.2409900575876236
-0.171128511428833 0.030160129070281982 0.2842075526714325
0.10506699234247208 -0.24569295346736908 -0.05473316088318825
-0.0944804698228836 -0.1674642413854599 0.3020670711994171
-0.035333793610334396 -0.3392831087112427 -0.07902155071496964
-0.2055024355649948 -0.2064720094203949 0.16323283314704895
0.01978188566863537 -0.28033268451690674 0.025638887658715248
0.06132647767663002 -0.2710482180118561 -0.12132205069065094
0.10061746835708618 -0.16759082674980164 -0.004907373338937759
0.08926649391651154 -0.23194009065628052 -0.17637000977993011
0.12628968060016632 -0.2421206533908844 0.35839200019836426
0.1483311653137207 -0.32652080059051514 -0.06163284555077553
0.10225829482078552 -0.2172936350107193 0.06805768609046936
0.24489982426166534 -0.36888018250465393 0.12201964855194092
0.13145756721496582 -0.06418044120073318 -0.025485754013061523
0.00788908638060093 -0.16301964223384857 0.024454129859805107
0.11500674486160278 -0.06560171395540237 0.019032161682844162
0.10478108376264572 -0.31371989846229553 -0.09801303595304489
0.1111847460269928 -0.34335166215896606 0.0006051799282431602
0.1827288717031479 -0.32724085450172424 0.02805379591882229
-0.17772434651851654 -0.08563999831676483 0.1384953111410141
0.12075813114643097 -0.28519245982170105 -0.017625171691179276
0.09933862835168839 -0.15490341186523438 0.1580369472503662
0.23273205757141113 -0.30372703075408936 0.04266010969877243
-0.16337484121322632 -0.03702770173549652 0.11409366130828857
0.3264212906360626 -0.29103949666023254 -0.0020727571099996567
0.007719769142568111 -0.23804816603660583 0.1243569552898407
-0.015680594369769096 -0.09412142634391785 -0.2778894007205963
-0.11560606211423874 -0.29866528511047363 -0.07883750647306442
-0.009218912571668625 -0.20381498336791992 0.03484126925468445
-0.1839178502559662 -0.2798337936401367 -0.20387476682662964
-0.05234552547335625 -0.2934800386428833 -0.18866842985153198
-0.21575918793678284 -0.25427496433258057 -0.1246066614985466
0.15941858291625977 -0.3272869884967804 0.061435043811798096
-0.2894250750541687 -0.060168974101543427 0.03702414780855179
0.12611933052539825 -0.2777059078216553 -0.06463122367858887
0.07807058095932007 -0.12988074123859406 0.1797342300415039
-0.0056897783651947975 -0.08873271942138672 0.1412687599658966
0.1422223597764969 -0.04638627544045448 0.10645125806331635
-0.5345934629440308 -0.2501915693283081 -0.011560387909412384
0.14118081331253052 -0.16063542664051056 0.10881470888853073
-0.21705175936222076 -0.17604511976242065 0.15511447191238403
0.039087165147066116 -0.25789904594421387 0.06208242475986481
0.256287157535553 -0.13795286417007446 0.09004900604486465
-0.0020985936280339956 -0.2504381537437439 0.06218741461634636
0.21064363420009613 -0.275089830160141 0.0005471379263326526
0.24685779213905334 -0.1783374845981598 0.23013120889663696
-0.3979130983352661 -0.19653566181659698 -0.28889116644859314
0.33301791548728943 0.058070093393325806 -0.18979701399803162
0.1367887407541275 -0.30119842290878296 -0.10291650146245956
-0.2005624622106552 -0.005243973340839148 0.15234100818634033
0.15867073833942413 -0.2990358769893646 -0.15726882219314575
0.26634877920150757 0.24442890286445618 0.08672620356082916
0.002058175392448902 -0.2878268361091614 -0.31388673186302185
-0.3191954791545868 -0.07995335757732391 -0.2340540885925293
0.0010463637299835682 -0.3575878441333771 -0.031192617490887642
0.07618509232997894 -0.3119889795780182 0.004873504862189293
0.08299590647220612 -0.32539597153663635 -0.04928736761212349
0.02864670380949974 0.0032244364265352488 0.043059736490249634
0.1917392462491989 -0.08957960456609726 -0.0579899325966835
-0.12039565294981003 -0.01563912257552147 -0.027028590440750122
0.012236103415489197 -0.2963433861732483 0.008789366111159325
-0.056942157447338104 -0.2656767666339874 -0.013862308114767075
-0.18022575974464417 -0.04419432207942009 -0.1887766271829605
-0.04878411442041397 -0.18691515922546387 0.18977326154708862
-0.1382201462984085 -0.14494067430496216 -0.18484950065612793
-0.11931037157773972 -0.30919408798217773 -0.0667601004242897
-0.05510898679494858 -0.28526771068573 -0.26751330494880676
-0.21261698007583618 -0.2571950852870941 -0.0315716452896595
-0.08309910446405411 -0.30387306213378906 0.08336133509874344
0.25857868790626526 -0.1845630258321762 -0.1148558259010315
0.05553464591503143 -0.14290092885494232 0.1798931211233139
0.22051936388015747 -0.1232076957821846 0.20657506585121155
0.1191621646285057 -0.33891668915748596 0.10948354750871658
0.022474000230431557 -0.22974443435668945 0.1027299016714096
0.2578500807285309 -0.2679106593132019 -0.19560663402080536
-0.06409900635480881 -0.32513588666915894 -0.060941990464925766
0.04291539266705513 -0.3279258608818054 0.05360700562596321
-0.12432944029569626 -0.3320639431476593 -0.002551985438913107
0.1288798451423645 -0.2951951324939728 -0.0451144240796566
0.04633352905511856 -0.15236032009124756 0.15316197276115417
0.18715855479240417 0.04936814308166504 0.11401361227035522
0.1423337310552597 -0.05317530408501625 0.19054345786571503
0.26875025033950806 -0.3334188163280487 0.033051345497369766
-0.07352126389741898 -0.2513071894645691 0.05850576236844063
-0.2822233736515045 -0.1856401115655899 0.15421882271766663
0.3149927854537964 -0.24208372831344604 -0.34915709495544434
-0.08645687252283096 -0.26735466718673706 -0.14977100491523743
-0.054912716150283813 -0.268579363822937 0.11466258764266968
-0.18497557938098907 -0.30242854356765747 -0.13619591295719147
-0.06131519377231598 0.05716703087091446 0.25988319516181946
-0.07268033176660538 -0.3324526846408844 0.013766102492809296
0.25772860646247864 -0.2808399200439453 -0.1116037592291832
-0.00786476768553257 -0.16885678470134735 -0.06433341652154922
-0.21118533611297607 -0.3175240457057953 -0.005897140596061945
-0.038558922708034515 -0.2592374384403229 -0.17688339948654175
-0.14299693703651428 0.09801804274320602 0.2434585690498352
0.004680796060711145 0.06289983540773392 0.34383687376976013
-0.07501591742038727 -0.23494873940944672 -0.19950322806835175
0.1161576583981514 -0.30259084701538086 0.08414509892463684
0.034423187375068665 0.019418226554989815 0.217261403799057
0.1955396682024002 -0.2938418388366699 -0.03461132571101189
-0.17289161682128906 -0.20784546434879303 -0.02128455601632595
-0.2627629339694977 0.2734767496585846 -0.007561753038316965
0.19454896450042725 -0.3239816129207611 0.05642173811793327
0.09590697288513184 -0.3112303614616394 0.003127580275759101
0.03926195204257965 -0.18588638305664062 -0.018808189779520035
-0.3253612220287323 -0.07140135020017624 -0.02274388074874878
0.07925944775342941 -0.19746607542037964 -0.0342155359685421
-0.06912777572870255 -0.046996429562568665 0.1610759049654007
0.0552813857793808 -0.3306090533733368 -0.06405460834503174
0.09774932265281677 -0.3580874502658844 -0.18131519854068756
-0.13780876994132996 -0.31907451152801514 -0.04526641592383385
-0.18993018567562103 -0.2798510193824768 -0.19360025227069855
0.22718922793865204 -0.10954117774963379 -0.03277692571282387
-0.109206423163414 -0.28186747431755066 -0.09290926903486252
0.0175450649112463 -0.24641133844852448 -0.008694017305970192
-0.0055847312323749065 -0.25290215015411377 0.09604346007108688
-0.009576233103871346 -0.2161329984664917 0.08390975743532181
0.14352203905582428 -0.27247491478919983 -0.2003466784954071
-0.17761895060539246 -0.2988295257091522 -0.13497036695480347
0.06434125453233719 -0.15744061768054962 0.29923999309539795
0.017223229631781578 -0.09090762585401535 0.34140539169311523
-0.10314635187387466 -0.10345519334077835 0.2037176787853241
0.0757124051451683 -0.1528099626302719 0.04240863025188446
0.1543937772512436 -0.30714181065559387 0.07167725265026093
-0.13734643161296844 -0.27243009209632874 -0.333996444940567
0.03440146893262863 -0.31838905811309814 0.006769394967705011
0.0451410710811615 -0.0876309722661972 -0.07358304411172867
0.08548972755670547 -0.2250814288854599 0.10487877577543259
-0.0683276429772377 -0.19497981667518616 0.19791072607040405
0.020101482048630714 -0.3136341869831085 0.04278361797332764
-0.32674214243888855 0.13107791543006897 0.052366457879543304
0.192356675863266 -0.17896321415901184 0.05253659561276436
-0.028938360512256622 -0.32906877994537354 -0.03593770042061806
-0.01254589855670929 -0.303519606590271 -0.06814561039209366
-0.007383012678474188 -0.16282473504543304 0.21783505380153656
-0.21905620396137238 -0.3754233717918396 0.09323755651712418
-0.03374795243144035 -0.20069296658039093 -0.16132789850234985
0.01837039180099964 -0.3257306218147278 -0.07780182361602783
0.0323939211666584 -0.3008309304714203 0.022712960839271545
-0.06480980664491653 -0.14399033784866333 -0.1412912905216217
0.01164419949054718 -0.18212725222110748 0.19651435315608978
0.04692479968070984 -0.1529165655374527 0.04081335663795471
0.0879058763384819 -0.21463032066822052 0.0746525451540947
0.0018491842783987522 -0.3411833345890045 -0.049999453127384186
0.04315709322690964 -0.2717243731021881 -0.22793743014335632
-0.16948650777339935 -0.24383163452148438 0.16232484579086304
-0.14308135211467743 -0.3113245964050293 0.027091223746538162
-0.11807067692279816 0.06255345046520233 0.44541996717453003
0.13830925524234772 -0.2607392966747284 -0.16213661432266235
0.0005762301152572036 -0.2785419821739197 -0.2363450676202774
-0.03789577633142471 -0.1229463517665863 0.058621007949113846
0.013770541176199913 -0.3393799662590027 0.016022488474845886
0.01902572438120842 -0.33148083090782166 0.03711547330021858
0.27761173248291016 -0.16852661967277527 -0.14700816571712494
0.0271984301507473 -0.30043622851371765 -0.04311695322394371
0.11174921691417694 -0.26903340220451355 0.0339549295604229
0.144975945353508 -0.2856656312942505 -0.156408429145813
0.09664902836084366 -0.13993050158023834 0.1776549071073532
-0.021796150133013725 -0.036576926708221436 0.2707716226577759
-0.10863547027111053 -0.264358788728714 -0.20830227434635162
-0.21740248799324036 -0.230763241648674 -0.00010560103692114353
0.25673234462738037 -0.32720947265625 0.13725508749485016
-0.1202167496085167 -0.25346624851226807 -0.06736697256565094
0.17512334883213043 -0.16209159791469574 -0.2962266206741333
-0.3613271713256836 0.2620491087436676 0.12988141179084778
0.10358388721942902 -0.1995353400707245 0.06105882674455643
-0.09845075011253357 -0.18965192139148712 -0.11163970828056335
-0.02312443219125271 -0.16664782166481018 -0.06049036234617233
-0.14464619755744934 -0.23081465065479279 0.09636558592319489
-0.17387428879737854 -0.036927230656147 0.35619020462036133
-0.4491651952266693 -0.059747114777565 -0.27974560856819153
0.04215676710009575 -0.2633168399333954 -0.18171076476573944
0.24535220861434937 -0.21916602551937103 -0.13379321992397308
0.12201550602912903 0.026443766430020332 0.2121143490076065
-0.039600640535354614 0.10172411799430847 0.30422958731651306
0.08503338694572449 -0.22098587453365326 -0.06730172038078308
-0.059464991092681885 -0.18492695689201355 0.34732910990715027
-0.10777043551206589 -0.29884830117225647 -0.11655604839324951
-0.08978719264268875 -0.21786470711231232 0.2871865928173065
0.14374566078186035 -0.24430909752845764 -0.16061125695705414
0.05335516482591629 -0.11793597787618637 0.13480940461158752
-0.1393548548221588 0.16562074422836304 0.2548353672027588
0.04999431595206261 -0.2884804606437683 -0.1838924139738083
0.1749161034822464 -0.28879785537719727 -0.2317405492067337
0.1625584214925766 -0.33989208936691284 0.005397391505539417
0.08740811794996262 -0.25483378767967224 0.11018837243318558
0.049103595316410065 -0.07918243110179901 0.01214095763862133
0.0754595622420311 -0.07628017663955688 0.02373996563255787
-0.09275457262992859 -0.1165020540356636 -0.15795694291591644
-0.06022088602185249 -0.3493850827217102 0.05892658606171608
-0.02072792500257492 -0.19400039315223694 -0.08949370682239532
0.015232551842927933 -0.2593814432621002 0.12260416895151138
0.0015164993237704039 -0.28808796405792236 -0.10236651450395584
-0.028010807931423187 -0.34430909156799316 -0.031859140843153
-0.355918824672699 -0.18954984843730927 0.03842823579907417
-0.049295857548713684 -0.1550820916891098 0.1657804697751999
0.08025147765874863 -0.1181839108467102 0.15571823716163635
0.028938038274645805 -0.26538988947868347 0.041895512491464615
-0.185538187623024 -0.1613963395357132 0.15442638099193573
-0.03874965012073517 -0.28015291690826416 -0.3312116265296936
-0.10014200210571289 -0.3244011104106903 0.11936326324939728
-0.1331247091293335 0.15911903977394104 0.0033844434656202793
-0.1305474042892456 -0.22652091085910797 0.10487990826368332
0.12884415686130524 -0.20055511593818665 -0.3830258846282959
0.13096129894256592 -0.040705058723688126 0.1117030531167984
0.09009788930416107 -0.27353525161743164 -0.12351881712675095
0.1841808706521988 0.0929126963019371 0.1703343242406845
-0.06345949321985245 -0.26609617471694946 -0.1383533477783203
0.06284238398075104 -0.2841144800186157 0.1724802404642105
-0.1352272778749466 0.02760157361626625 0.2559222877025604
0.008368650451302528 -0.3230808675289154 -0.039378080517053604
0.10970277339220047 0.024958964437246323 0.45232802629470825
-0.222832590341568 -0.2609918415546417 0.17779110372066498
0.037118811160326004 -0.23075714707374573 0.14371193945407867
-0.022942671552300453 -0.3313167989253998 -0.12049011886119843
0.055901434272527695 -0.2596789300441742 -0.17606361210346222
0.09692801535129547 -0.39351439476013184 -0.3072614073753357
0.01881599612534046 -0.015495959669351578 0.14251293241977692
-0.12210214883089066 -0.23423662781715393 -0.01288922131061554
0.03955405578017235 -0.08166017383337021 0.014559239149093628
-0.1572602242231369 -0.18305015563964844 -0.08219391852617264
-0.172638401389122 -0.03806412220001221 -0.2728005349636078
-0.016762249171733856 0.053334955126047134 0.0769391879439354
-0.11009430885314941 -0.14776481688022614 0.0272079985588789
-0.08519355952739716 -0.2768752872943878 -0.16806244850158691
0.058391038328409195 0.062436364591121674 0.43474671244621277
0.06188562884926796 -0.3237711191177368 0.05406147614121437
-0.0009860119316726923 0.25531119108200073 0.2094508558511734
0.05793830379843712 -0.1344478726387024 0.15117192268371582
0.07756303995847702 -0.1425950825214386 -0.16305901110172272
-0.13390035927295685 0.07525588572025299 -0.07300016283988953
-0.0169070977717638 -0.3377798795700073 0.022099068388342857
-0.13275080919265747 -0.26562660932540894 -0.037948932498693466
0.028418080881237984 -0.2659890949726105 -0.0541837103664875
0.17167167365550995 0.04443005472421646 0.2631833851337433
0.055781248956918716 -0.3179984390735626 0.04435346648097038
-0.11180349439382553 -0.11338554322719574 0.10402977466583252
-0.09186848998069763 -0.23929807543754578 -0.07495850324630737
0.14405131340026855 -0.24846376478672028 0.01910082809627056
0.06023881956934929 -0.12697003781795502 -0.06909196078777313
0.037772972136735916 -0.23984816670417786 0.010016873478889465
-0.11170778423547745 -0.3153844475746155 -0.12809322774410248
0.14289572834968567 -0.2620546817779541 0.129427969455719
-0.1897389143705368 -0.1052897572517395 0.06681126356124878
0.1438451111316681 -0.20293091237545013 -0.07531901448965073
0.23391099274158478 -0.29940104484558105 0.03946755453944206
-0.13318833708763123 -0.1583433300256729 0.29878222942352295
-0.03268047422170639 -0.318092405796051 -0.023694003000855446
-0.04798109084367752 -0.15706126391887665 0.17370013892650604
0.07778958976268768 -0.24122294783592224 -0.14147885143756866
0.09055101871490479 -0.29865968227386475 -0.011906050145626068
0.03813232108950615 -0.348012238740921 -0.0007507884874939919
0.3090152442455292 -0.21193508803844452 0.19934412837028503
-0.13736049830913544 -0.1046636700630188 -0.05270134285092354
0.11956854909658432 -0.3200739324092865 0.04796886071562767
-0.023839876055717468 -0.296750545501709 0.10462799668312073
-0.17274631559848785 -0.33269983530044556 0.002740252763032913
0.07596224546432495 -0.21974173188209534 -0.31385934352874756
0.015816766768693924 -0.3635701835155487 0.08782689273357391
0.007827254012227058 -0.23214873671531677 -0.13229995965957642
0.028976622968912125 -0.16641390323638916 -0.1763753443956375
0.07528375089168549 -0.02689659222960472 0.18680334091186523
-0.42446258664131165 -0.3427179455757141 0.035742081701755524
-0.13879232108592987 -0.08566559106111526 -0.014659583568572998
-0.030228987336158752 -0.3243279457092285 -0.06031730771064758
0.0810864120721817 -0.3309278190135956 -0.057499323040246964
-0.1418275237083435 -0.27260497212409973 0.13607284426689148
-0.005149075761437416 -0.29064035415649414 -0.041073914617300034
0.07117174565792084 -0.07945241779088974 -0.09701645374298096
0.10198326408863068 -0.3231801986694336 0.022714899852871895
0.02795279398560524 -0.09007027745246887 -0.13870224356651306
-0.04623480886220932 -0.26627859473228455 0.019192727282643318
0.03520604595541954 -0.3269697427749634 -0.14278554916381836
-0.12809528410434723 -0.21935239434242249 -0.05971105396747589
-0.1505460888147354 -0.31801512837409973 -0.01700637862086296
-0.22260668873786926 0.19555573165416718 0.024935266003012657
-0.1808084398508072 -0.1835373044013977 0.25652971863746643
0.2500082850456238 -0.30961304903030396 -0.21805328130722046
-0.024509891867637634 -0.3056061863899231 0.061785224825143814
-0.2194838672876358 0.053245607763528824 0.26668739318847656
-0.02860182337462902 -0.058356255292892456 -0.27170616388320923
0.18308125436306 -0.25737786293029785 -0.11465997993946075
0.18829676508903503 -0.18477848172187805 -0.14418815076351166
-0.33335670828819275 0.0026993765495717525 0.03641900792717934
-0.17326243221759796 -0.03329670801758766 -0.3193081319332123
0.05721717327833176 -0.29711171984672546 -0.23922255635261536
0.06712175160646439 -0.34309783577919006 0.060439590364694595
0.21786724030971527 0.08587706089019775 0.29556143283843994
0.14330025017261505 -0.24078941345214844 -0.01558109000325203
-0.08240114152431488 -0.3163970112800598 -0.017686422914266586
0.13038121163845062 -0.1639552116394043 0.09627437591552734
0.19961172342300415 -0.3072260916233063 0.06010531261563301
-0.13245323300361633 -0.320622056722641 0.007721318863332272
-0.1565384715795517 -0.17151473462581635 0.08217506110668182
-0.08066609501838684 -0.21336910128593445 0.038965605199337006
0.07709222286939621 -0.26231512427330017 -0.1210441142320633
-0.2916017174720764 -0.11883242428302765 -0.2878689467906952
-0.044096991419792175 -0.2907487452030182 0.1194191426038742
0.10509847849607468 0.1695091277360916 0.09126856178045273
0.02815704047679901 -0.17418420314788818 -0.1205110028386116
-0.026824356988072395 -0.32661667466163635 -0.012975852936506271
-0.004856946412473917 -0.15177743136882782 0.17522718012332916
0.18626117706298828 -0.1579509824514389 0.08261441439390182
-0.18317553400993347 -0.175695538520813 0.12630364298820496
-0.00824037753045559 -0.31878212094306946 -0.1698177456855774
0.22735027968883514 -0.30451318621635437 -0.0198690053075552
-0.09349597245454788 0.09076645970344543 0.29468321800231934
0.08047860115766525 -0.18288882076740265 -0.24553808569908142
-0.270565390586853 -0.11191704124212265 -0.039041340351104736
0.002106450032442808 -0.21547017991542816 0.020635901018977165
-0.027298055589199066 -0.296657532453537 0.03770430386066437
-0.04044223576784134 -0.10119138658046722 0.213527649641037
0.1873130053281784 -0.3539183437824249 0.06739643961191177
0.20496390759944916 -0.17609481513500214 0.15869684517383575
0.23562787473201752 -0.2277258336544037 -0.15668810904026031
0.012587958946824074 -0.13070295751094818 0.29356399178504944
-0.35561448335647583 0.16644972562789917 0.23078088462352753
0.1877230703830719 -0.33771926164627075 -0.21947945654392242
-0.16315121948719025 -0.08813735842704773 -0.10606119781732559
-0.0025207707658410072 -0.3523733913898468 -0.01917017064988613
0.13737763464450836 -0.05128163844347 0.04868039861321449
0.09644802659749985 -0.298185795545578 -0.0024585332721471786
0.15957589447498322 -0.2816544473171234 -0.1552622765302658
-0.1527869999408722 -0.19617271423339844 -0.21451237797737122
0.12769389152526855 -0.13951538503170013 -0.1883843094110489
0.12664499878883362 -0.3194264769554138 0.05630895867943764
0.12423714995384216 -0.2077709287405014 0.20423288643360138
0.08463405072689056 -0.3066103160381317 0.03821349889039993
0.0552118755877018 -0.09552040696144104 -0.16496115922927856
0.27170976996421814 -0.05387461930513382 -0.04839327558875084
-0.109754279255867 -0.2798246741294861 -0.10182797908782959
0.094136081635952 -0.26778605580329895 0.10599122196435928
-0.4448767304420471 -0.07072977721691132 -0.02472645230591297
-0.17903801798820496 -0.33900973200798035 -0.002552878577262163
0.02054021693766117 -0.05483313277363777 0.26583558320999146
-0.011101890355348587 -0.23250260949134827 0.101168192923069
0.21531276404857635 0.07579221576452255 -0.07536826282739639
-0.09581916779279709 -0.3055989742279053 -0.04475131258368492
-0.1385679692029953 -0.29832351207733154 0.1718750149011612
0.004804014228284359 -0.27171579003334045 0.09516812115907669
-0.06152809411287308 -0.22676923871040344 -0.06533408164978027
-0.13502342998981476 0.12163197249174118 0.4141034185886383
0.03690352290868759 -0.1480032205581665 0.11131592839956284
0.14502601325511932 -0.35585346817970276 0.16272328794002533
-0.16351592540740967 -0.2715499997138977 -0.1775318682193756
0.0321987047791481 -0.27350571751594543 -0.04444633796811104
-0.21017836034297943 0.005415646824985743 0.17337928712368011
-0.04477411508560181 -0.21391606330871582 -0.2551332712173462
-0.08235486596822739 -0.30765408277511597 -0.078055240213871
0.03814154118299484 -0.041286952793598175 0.170452281832695
-0.14166219532489777 -0.00597808975726366 0.22030659019947052
0.026618923991918564 -0.3141947090625763 -0.03815481811761856
0.24259687960147858 -0.16803224384784698 -0.07971138507127762
-0.206883043050766 -0.16334199905395508 -0.23527340590953827
0.21273769438266754 -0.25611379742622375 0.22538167238235474
-0.05791029706597328 -0.24578547477722168 -0.10585096478462219
-0.02950134314596653 -0.2579287588596344 -0.18281394243240356
0.2547205686569214 -0.2687392234802246 -0.20771977305412292
-0.06457437574863434 -0.30923470854759216 -0.15878240764141083
-0.38952770829200745 0.14046697318553925 -0.04503156244754791
0.03244032710790634 -0.22570322453975677 0.1478976011276245
0.05015726760029793 -0.2700408399105072 -0.07023271918296814
0.20129451155662537 -0.3018638789653778 0.06951487064361572
-0.07343163341283798 -0.2746164798736572 -0.20984551310539246
0.14878594875335693 -0.00999763235449791 0.2633524239063263
-0.023064568638801575 -0.045645542442798615 0.20115265250205994
-0.11314454674720764 -0.26363295316696167 -0.7943724989891052
-0.2018251270055771 -0.337839812040329 0.07675409317016602
-0.2198779582977295 -0.29695984721183777 -0.03983350098133087
0.0995488315820694 -0.3109438419342041 -0.0087503120303154
-0.07462285459041595 -0.2833108901977539 0.07509811222553253
-0.26993000507354736 0.0017471497412770987 0.04510919377207756
0.29148903489112854 -0.27550143003463745 0.06626150757074356
-0.21655401587486267 -0.0915878564119339 0.00644682114943862
0.030302155762910843 -0.21813412010669708 0.012887658551335335
0.1330389380455017 -0.16412946581840515 -0.07657819986343384
0.19143959879875183 -0.08812462538480759 0.09761098772287369
-0.2540440261363983 -0.19517582654953003 -0.055386558175086975
0.15868248045444489 -0.2336834967136383 0.1108521968126297
-0.014066504314541817 -0.15418151021003723 0.11773320287466049
0.09346747398376465 -0.18204081058502197 -0.11468204855918884
-0.0617518275976181 0.008119168691337109 0.27903255820274353
-0.08368527144193649 -0.19000934064388275 0.12792102992534637
-0.0264976117759943 -0.3035459816455841 -0.22348593175411224
0.06913568079471588 -0.21945776045322418 -0.018639829009771347
0.04767370596528053 -0.22421790659427643 -0.09923132508993149
0.04152736812829971 -0.11186736077070236 -0.14737670123577118
-0.11028562486171722 -0.20304086804389954 0.22762013971805573
-0.05031853914260864 -0.10613325238227844 0.01638360135257244
-0.0682627260684967 -0.22311028838157654 -0.1275484412908554
-0.0128104817122221 -0.1928393393754959 0.2513948082923889
0.10310180485248566 -0.3135441243648529 0.1459810733795166
0.06523063778877258 -0.18380185961723328 -0.06654343008995056
0.05465516075491905 -0.2378222793340683 0.045514337718486786
0.37024450302124023 -0.3528834581375122 -0.18014614284038544
0.1288626492023468 -0.30213427543640137 -0.010463807731866837
0.08160606771707535 -0.31721141934394836 -0.03731885552406311
-0.2933295667171478 -0.16936373710632324 0.1286412924528122
-0.013112988322973251 -0.10233830660581589 0.28980013728141785
0.20213165879249573 -0.09362373501062393 0.13824446499347687
0.14752048254013062 -0.29570356011390686 -0.018682749941945076
-0.010925602167844772 -0.3268658518791199 -0.0689757913351059
0.007385477423667908 -0.1286163330078125 0.11044519394636154
0.09942931681871414 -0.1511441320180893 -0.23217526078224182
0.08873467892408371 -0.1829972118139267 -0.04285378381609917
0.17941556870937347 -0.13338734209537506 -0.07186493277549744
-0.18651536107063293 -0.2639685571193695 -0.12796629965305328
