ply
format ascii 1.0
element vertex 2048
property float x
property float y
property float z
end_header
0.2350926399230957 -0.12633506953716278 -0.16520847380161285
-0.023686552420258522 -0.20664004981517792 -0.02172800339758396
0.06019623577594757 -0.31516364216804504 -0.034287746995687485
0.10613768547773361 -0.3343941271305084 -0.05580150708556175
-0.007492597680538893 -0.3452896475791931 -0.0037806276232004166
0.2095993012189865 -0.1352696567773819 -0.10564682632684708
0.28149837255477905 -0.3506332337856293 -0.01823252998292446
0.2846260368824005 0.19516274333000183 0.18763230741024017
-0.015338633209466934 -0.31494516134262085 -0.07798921316862106
0.05555960163474083 -0.3296445310115814 -0.027805840596556664
0.013180619105696678 -0.20448298752307892 0.28503289818763733
0.00032757024746388197 -0.19078536331653595 -0.09923122078180313
0.11874634027481079 -0.3057878911495209 0.03060215339064598
0.007901905104517937 -0.24856263399124146 0.09100858867168427
-0.09416154772043228 -0.061720553785562515 0.09756354987621307
-0.0136101134121418 -0.27557557821273804 0.054163604974746704
0.10240409523248672 -0.16366039216518402 0.19068488478660583
-0.13637740910053253 0.12837474048137665 0.08025937527418137
0.03068983368575573 -0.2964780628681183 -0.24728748202323914
0.1432928442955017 -0.24325400590896606 -0.053315721452236176
0.029695676639676094 -0.20938746631145477 -0.16259771585464478
-0.05920253321528435 -0.36920517683029175 0.006210444029420614
-0.04184131324291229 0.1041628047823906 0.4750298857688904
-0.23925970494747162 -0.14764666557312012 0.07262938469648361
0.3075292408466339 0.03336143493652344 -0.16167837381362915
-0.14021381735801697 -0.2428363561630249 -0.27610835433006287
-0.2927566170692444 -0.22732557356357574 0.12429075688123703
0.1657552570104599 -0.09722308814525604 0.08496600389480591
0.020934084430336952 -0.30160367488861084 -0.14053915441036224
0.12467055022716522 -0.33404144644737244 0.07428371906280518
0.13820943236351013 -0.15350909531116486 0.05220383405685425
0.0607951283454895 -0.25292161107063293 0.025960365310311317
0.011966094374656677 -0.2766824960708618 -0.07881435751914978
-0.14516262710094452 0.059653617441654205 0.16353009641170502
0.16143818199634552 -0.31814128160476685 0.06205732375383377
-0.16259685158729553 0.0364949032664299 0.31487008929252625
-0.05162714421749115 -0.2172752469778061 -0.08944326639175415
0.03591457009315491 -0.1631757915019989 0.20967641472816467
-0.014935862272977829 -0.05209566280245781 0.10984262824058533
0.09370625764131546 -0.3593277037143707 0.018449515104293823
0.03616013750433922 -0.22686903178691864 0.17313292622566223
0.15016110241413116 -0.0456121526658535 0.14170193672180176
0.04661145433783531 -0.32120004296302795 0.11157038807868958
0.19232219457626343 -0.3059502840042114 0.05202971398830414
-0.2374953031539917 -0.14830230176448822 0.23998598754405975
0.2543050944805145 -0.22907820343971252 -0.05213537812232971
-0.0927855372428894 -0.2025468796491623 0.18981818854808807
-0.3230738341808319 -0.2589086890220642 0.06584187597036362
0.0696517750620842 -0.3164747357368469 -0.10505383461713791
-0.12512928247451782 -0.24017639458179474 0.15903456509113312
-0.02203083224594593 -0.03389725089073181 -0.15888604521751404
-0.015373356640338898 -0.30612799525260925 -0.13743047416210175
-0.22814461588859558 -0.11379417032003403 -0.15269488096237183
-0.12057986855506897 -0.34342148900032043 -0.01917247101664543
0.19041591882705688 -0.2754058837890625 0.059876393526792526
0.21018542349338531 -0.29955053329467773 -0.12873728573322296
-0.026782451197504997 -0.26389625668525696 0.12850631773471832
0.1457444578409195 -0.31000205874443054 0.07949196547269821
0.3107065260410309 -0.13666309416294098 0.03093324415385723
0.10558793693780899 -0.15445873141288757 0.17814385890960693
-0.208205908536911 -0.1718682199716568 0.060889482498168945
0.1036612018942833 -0.30434247851371765 -0.03425303474068642
-0.06215018779039383 -0.27231961488723755 0.03239692375063896
-0.07929355651140213 -0.1792387068271637 0.02848341502249241
0.07493998110294342 -0.16202442348003387 -0.013691743835806847
-0.04677024483680725 -0.3171955347061157 -0.07190988212823868
-0.031328000128269196 -0.1590297520160675 0.11717939376831055
0.08170237392187119 -0.3227583169937134 0.03125450387597084
-0.10441462695598602 -0.1629701852798462 0.09379246830940247
-0.0006534340791404247 -0.3153162896633148 -0.11230676621198654
-0.35792988538742065 -0.2739908993244171 0.02301168441772461
-0.03740077465772629 -0.18377117812633514 -0.2327277809381485
-0.009644141420722008 -0.3065928518772125 -0.07543841004371643
-0.05543196201324463 -0.22452858090400696 0.14810657501220703
-0.19637300074100494 -0.23059730231761932 0.09166882932186127
-0.2516128122806549 -0.2893844544887543 0.08983614295721054
0.06904692947864532 -0.3167380094528198 -0.19776837527751923
0.02385200560092926 -0.0036161462776362896 0.2282458245754242
0.2129203826189041 -0.3025255799293518 -0.09464245289564133
-0.2612607181072235 -0.062165018171072006 0.24570229649543762
-0.04669443145394325 -0.02254384011030197 0.07811708748340607
0.044958729296922684 -0.29280444979667664 -0.020694272592663765
-0.18223343789577484 -0.22460511326789856 -0.054853953421115875
0.014553071931004524 -0.14947186410427094 0.2840181887149811
0.124310702085495 -0.1786489337682724 0.14288873970508575
0.16498008370399475 -0.07334430515766144 0.029628165066242218
0.003007659688591957 -0.35267212986946106 -0.003943278454244137
-0.03825277090072632 -0.2863028347492218 -0.356759637594223
-0.08333880454301834 -0.31491348147392273 0.0533314049243927
0.20939293503761292 -0.254448264837265 0.04512288048863411
0.35328149795532227 -0.24480608105659485 0.012945737689733505
0.3487657606601715 -0.24663744866847992 0.004524747841060162
-0.02909942716360092 -0.061456289142370224 0.20359580218791962
-0.08725368976593018 -0.3229147791862488 -0.08928444981575012
-0.2494434416294098 -0.1910131573677063 0.19826750457286835
0.25333935022354126 -0.1702243983745575 0.189802885055542
-0.2453370839357376 -0.1861974149942398 -0.28113073110580444
-0.18001051247119904 -0.18137750029563904 0.09611927717924118
0.26512542366981506 -0.2867460250854492 -0.003957083448767662
0.18435479700565338 -0.3181830644607544 0.29571589827537537
-0.46690577268600464 0.16038057208061218 -0.1803029626607895
-0.22039251029491425 -0.14847759902477264 -0.00422347616404295
-0.008810287341475487 -0.170721635222435 0.31793758273124695
0.044675055891275406 -0.19242559373378754 -0.4969432055950165
0.17039994895458221 -0.17974038422107697 -0.04617865011096001
0.07449954748153687 -0.1997464895248413 0.03212664648890495
-0.08384228497743607 -0.008641837164759636 0.20800800621509552
0.1474650800228119 -0.31428202986717224 0.03097054921090603
-0.016112053766846657 -0.2812419831752777 0.004745009355247021
-0.002898517996072769 -0.20928163826465607 -0.30177855491638184
0.11098328232765198 -0.11698269098997116 0.05812933295965195
0.11608622968196869 -0.11456348747015 0.039435975253582
0.040188390761613846 -0.2515292167663574 -0.2348071187734604
-0.12238772213459015 -0.25628092885017395 -0.07896941155195236
0.06735958158969879 -0.31190046668052673 0.07446948438882828
-0.06135252118110657 -0.08942258358001709 -0.05457858741283417
0.06810545921325684 -0.12480940669775009 0.014934193342924118
0.10673321038484573 -0.27676936984062195 -0.2723739743232727
0.19065994024276733 -0.20424900949001312 -0.1308881789445877
-0.029263971373438835 -0.1112678274512291 0.021923867985606194
-0.16049127280712128 -0.24730241298675537 0.1545209437608719
0.0050280736759305 -0.24651074409484863 -0.232796311378479
-0.01171187311410904 -0.3415968120098114 -0.04834401607513428
0.24190914630889893 -0.2542490065097809 0.11866265535354614
-0.028731569647789 -0.05174313858151436 0.29831477999687195
-0.15167079865932465 -0.1301814317703247 -0.14223161339759827
-0.1845712959766388 -0.194199338555336 -0.05552845820784569
0.014900486916303635 -0.3020166754722595 0.02137085236608982
0.08298128098249435 -0.14834271371364594 0.185191810131073
0.04260404035449028 -0.10598304122686386 0.15213526785373688
0.12222963571548462 -0.32666856050491333 -0.06450722366571426
0.18181701004505157 -0.14797243475914001 -0.013840151950716972
0.3461448550224304 -0.2811683714389801 -0.03447217121720314
-0.03948957100510597 -0.2969607710838318 -0.10293928533792496
0.12413107603788376 -0.011409632861614227 0.06136220693588257
0.028784075751900673 -0.29429030418395996 0.17529064416885376
0.057293228805065155 -0.12006040662527084 0.12273858487606049
-0.18481352925300598 -0.18334250152111053 0.191875159740448
-0.09572429955005646 -0.23693735897541046 -0.27606892585754395
-0.17571941018104553 0.10292588919401169 0.4150864779949188
-0.0012190621346235275 -0.022748848423361778 -0.02194671519100666
0.11907423287630081 -0.2990978956222534 -0.15808552503585815
0.1164044439792633 -0.3181753158569336 0.081339031457901
0.045686766505241394 -0.22405070066452026 0.046748533844947815
-0.26753467321395874 -0.2562796473503113 -0.25045961141586304
0.05570662021636963 -0.28448450565338135 0.08010473847389221
-0.14177586138248444 -0.28003308176994324 -0.15854988992214203
-0.013376299291849136 -0.3337608873844147 -0.08851335197687149
0.19708503782749176 -0.3216046094894409 0.08933380246162415
0.18972501158714294 -0.0391860194504261 0.2039148360490799
0.21504975855350494 -0.2550874948501587 -0.17192739248275757
0.07073239237070084 -0.2918088436126709 0.0442839115858078
-0.18221114575862885 -0.2724001407623291 -0.2208673357963562
-0.0882001668214798 -0.3075830340385437 0.032057024538517
0.08003836870193481 -0.274382621049881 0.12145230919122696
-0.18685691058635712 -0.2760365605354309 -0.212006613612175
-0.07560313493013382 -0.28478509187698364 0.13645368814468384
0.009751720353960991 -0.3216995894908905 -0.09768388420343399
-0.14233598113059998 -0.33169251680374146 -0.007686053868383169
0.003102347254753113 -0.08552735298871994 0.052226267755031586
-0.1300710290670395 -0.22948800027370453 0.1027240976691246
0.012776851654052734 -0.11005553603172302 -0.014656886458396912
0.06459783762693405 -0.15439404547214508 0.14261367917060852
-0.13707678020000458 -0.14622627198696136 0.23542338609695435
-0.17618335783481598 -0.33324700593948364 0.08438043296337128
0.08957048505544662 -0.3056640625 0.029416672885417938
-0.8148557543754578 -0.1821557879447937 -0.009482787922024727
0.1545819640159607 -0.10293193906545639 0.025271467864513397
0.029322830960154533 -0.20581215620040894 -0.029439950361847878
-0.0836634486913681 -0.3220023810863495 -0.11466541141271591
-0.2596781551837921 -0.005228033754974604 -0.20665183663368225
0.199574276804924 -0.298319548368454 -0.12784962356090546
0.05034187436103821 -0.18005044758319855 0.2651521861553192
0.08636277914047241 -0.3915975093841553 0.11032085865736008
0.12488061934709549 -0.12624603509902954 0.3501232862472534
0.1235821396112442 -0.07729573547840118 0.10759952664375305
-0.11025577783584595 -0.2675912082195282 0.11460363119840622
0.08210789412260056 -0.31282395124435425 0.05340982601046562
0.21472124755382538 -0.288275808095932 0.02962602861225605
-0.18078924715518951 -0.239394411444664 -0.21130262315273285
0.02181635983288288 0.06263513118028641 0.04968715086579323
0.1382981687784195 0.1338767558336258 -0.04422217980027199
0.008909281343221664 -0.30381131172180176 0.11385081708431244
0.1404019147157669 -0.03578854724764824 -0.0034134788438677788
-0.24405401945114136 -0.08579513430595398 -0.2906815707683563
0.2504691183567047 -0.29685065150260925 0.058036644011735916
0.10679126530885696 -0.15062162280082703 0.11436937749385834
0.16251052916049957 0.08303521573543549 0.25823697447776794
-0.09696757048368454 -0.05344874784350395 -0.2043585330247879
0.029790665954351425 -0.4249449074268341 0.042023129761219025
-0.034136638045310974 -0.32574978470802307 0.06907548755407333
-0.0054354192689061165 -0.29939743876457214 -0.09040342271327972
-0.12278926372528076 -0.25404226779937744 -0.21659629046916962
0.21743671596050262 -0.2839098572731018 0.09157322347164154
-0.0032885074615478516 -0.2405954897403717 -0.02526194602251053
-0.18803252279758453 -0.21348954737186432 0.0035000559873878956
-0.17215581238269806 -0.28747230768203735 0.11550755053758621
-0.04643995314836502 -0.3392397463321686 0.030088746920228004
0.07782281190156937 -0.3164280951023102 -0.027072198688983917
0.4419892132282257 -0.3159424662590027 -0.06934787333011627
0.06311464309692383 0.032083749771118164 0.10932151973247528
0.13161799311637878 -0.14527903497219086 0.1277039498090744
0.09970062226057053 -0.29012331366539 0.05749830976128578
-0.19318431615829468 -0.21110208332538605 -0.040624286979436874
-0.34916454553604126 -0.2304576337337494 0.016166800633072853
-0.2522018849849701 -0.09844779223203659 -0.16241750121116638
-0.0050223893485963345 -0.2850259840488434 -0.30968886613845825
0.1919863224029541 -0.32931971549987793 0.07129877060651779
-0.020126160234212875 -0.2593124508857727 -0.031831495463848114
0.1386444866657257 -0.2034440040588379 0.0687873363494873
0.15107828378677368 -0.27161145210266113 -0.14207841455936432
0.14666561782360077 -0.026655934751033783 0.1057756245136261
-0.11781247705221176 -0.04611443355679512 0.343635618686676
0.10125849395990372 -0.21812307834625244 0.17132966220378876
-0.17817145586013794 -0.15133531391620636 -0.15939508378505707
0.13175509870052338 -0.31880828738212585 -0.0028123212978243828
0.1475433111190796 -0.26753029227256775 0.02952575869858265
0.005477394443005323 -0.30284425616264343 -0.1598033457994461
0.08990873396396637 0.010654132813215256 0.12219160050153732
0.23035430908203125 -0.1611916422843933 -0.03294679895043373
0.2258414775133133 -0.011365437880158424 0.3135601282119751
0.14340396225452423 -0.2892783582210541 -0.18883024156093597
-0.12194956839084625 -0.07748368382453918 0.05429438501596451
0.03286799043416977 -0.28952252864837646 0.0070188771933317184
-0.06231290102005005 -0.21426910161972046 0.11072458326816559
-0.09255418926477432 -0.16150055825710297 0.21946418285369873
0.00877348706126213 -0.07506559044122696 0.20861130952835083
0.0655900165438652 -0.25373244285583496 -0.2360568642616272
0.1417040228843689 -0.11349067836999893 0.11681535094976425
-0.06934854388237 -0.12863104045391083 0.3256600797176361
-0.23581334948539734 0.08487530052661896 -0.06793583184480667
0.15860261023044586 0.08895377069711685 0.19213032722473145
-0.03655647858977318 -0.3487823009490967 -0.05604761093854904
0.07069957256317139 -0.16335418820381165 -0.18921031057834625
0.1637893170118332 -0.16603876650333405 0.1391013264656067
-0.05365774780511856 -0.33830299973487854 0.07264942675828934
-0.01775469072163105 -0.1044531837105751 -0.016220858320593834
0.07159461081027985 -0.2295493185520172 0.11557506769895554
-0.033016137778759 -0.26133695244789124 0.017779028043150902
-0.17851866781711578 -0.19779376685619354 0.08984917402267456
0.05698470398783684 -0.2999071478843689 -0.23349080979824066
-0.1702304482460022 0.004727426916360855 0.12705717980861664
-0.13462528586387634 -0.3575109839439392 -0.00530286505818367
0.2567470371723175 -0.1206822395324707 -0.05924535542726517
-0.044405918568372726 -0.13439781963825226 -0.06146978959441185
0.020229412242770195 -0.2561720311641693 -0.06560315936803818
-0.38702166080474854 0.3377947509288788 0.13604426383972168
0.013764144852757454 -0.07498278468847275 0.07844282686710358
0.0011125885648652911 -0.1967601478099823 0.012344345450401306
0.13614453375339508 -0.2748117744922638 0.004470286425203085
0.12889473140239716 -0.29290756583213806 0.04526316002011299
-0.08065585792064667 -0.00047189590986818075 0.22228595614433289
-0.10600345581769943 -0.29938822984695435 0.24871470034122467
-0.2849150002002716 -0.21007117629051208 0.06989756226539612
-0.10251844674348831 -0.31615275144577026 -0.10485806316137314
0.08304716646671295 -0.161048024892807 0.0004502583760768175
0.028906142339110374 -0.32978877425193787 -0.07834739238023758
0.15141727030277252 -0.32324570417404175 0.036903005093336105
-0.04241623729467392 -0.2027471661567688 -0.005716450046747923
-0.034546926617622375 -0.22938962280750275 0.02316169999539852
-0.030045073479413986 -0.27270743250846863 0.10542967915534973
0.043785348534584045 -0.07988347858190536 0.04768368601799011
0.05740850791335106 -0.2760671079158783 0.05301840975880623
0.12325678020715714 -0.2892497777938843 0.15132975578308105
-0.0512080192565918 -0.30685853958129883 -0.10357274115085602
0.07586976885795593 -0.3109048306941986 -0.1033414676785469
0.07145679742097855 -0.08281872421503067 0.009979020804166794
0.12414775043725967 -0.2454908937215805 0.18827058374881744
0.0025939811021089554 -0.29405346512794495 -0.05852077901363373
0.10356315225362778 -0.31019681692123413 -0.09509625285863876
-0.014130860567092896 -0.3355681300163269 -0.002989392261952162
0.14648959040641785 -0.16486892104148865 -0.019608300179243088
0.08023853600025177 -0.28278711438179016 0.07679735869169235
0.11228031665086746 -0.050410810858011246 0.05591103807091713
0.03475925326347351 -0.1409272998571396 0.2406592071056366
-0.12066520005464554 -0.2257620394229889 -0.1266585737466812
-0.014973029494285583 -0.15950515866279602 0.186124786734581
0.009750798344612122 -0.14129115641117096 0.12766364216804504
0.07232338935136795 -0.05981435999274254 0.19151918590068817
0.14133691787719727 -0.04664189741015434 0.2242024689912796
0.07364614307880402 0.03712943196296692 0.1836903691291809
0.05797282233834267 -0.3279972970485687 -0.002444229554384947
-0.07774724066257477 -0.299914687871933 -0.0610458143055439
-0.09082430601119995 -0.3036278188228607 0.10774659365415573
-0.11468808352947235 -0.29396486282348633 -0.11438237875699997
0.05572851374745369 -0.2263157069683075 0.19644121825695038
0.21290582418441772 -0.1164209395647049 -0.12337108701467514
-0.15642069280147552 -0.14794813096523285 -0.1813529133796692
-0.1723676472902298 -0.2605300843715668 0.09396673738956451
0.14113758504390717 -0.22199121117591858 -0.028041258454322815
0.07734639197587967 -0.23769201338291168 -0.015171626582741737
-0.08214251697063446 -0.20320947468280792 -0.10783852636814117
0.18391290307044983 -0.23627473413944244 0.013835282996296883
0.1354120373725891 -0.2909691631793976 -0.09770835936069489
-0.12563973665237427 -0.23512211441993713 0.1425817459821701
-0.13371506333351135 -0.28373953700065613 0.03539840504527092
-0.013028303161263466 -0.11312133818864822 0.1789892613887787
0.10441902279853821 -0.29677119851112366 -0.1642523854970932
-0.3010813593864441 -0.32222557067871094 0.1243758425116539
-0.19465196132659912 -0.4271288216114044 0.12964773178100586
0.15904022753238678 -0.3046343922615051 -0.09061624854803085
0.1157776340842247 -0.29615509510040283 0.02243412844836712
-0.024849580600857735 0.019666185602545738 0.17395827174186707
-0.09957119077444077 -0.08894530683755875 0.06529735028743744
0.0641583502292633 -0.30632755160331726 -0.1680188924074173
-0.018446050584316254 -0.297732949256897 0.04176216199994087
0.10054869949817657 -0.12593133747577667 0.10254580527544022
0.07925330847501755 -0.11835893988609314 0.10495923459529877
-0.3222399055957794 -0.33214420080184937 0.10037203133106232
0.05699915811419487 -0.30939388275146484 -0.07785212248563766
-0.5065120458602905 0.45598262548446655 -0.01265132799744606
0.08257431536912918 0.0630555972456932 0.20543316006660461
0.08094386011362076 -0.30719855427742004 -0.15070533752441406
0.12855294346809387 -0.3368593156337738 0.0469055250287056
-0.1636410355567932 -0.14614935219287872 -0.13030751049518585
-0.011797823011875153 -0.26631468534469604 0.06806078553199768
-0.2607254683971405 -0.03475617617368698 0.001803999999538064
-0.08622314035892487 -0.29239630699157715 0.07326675951480865
0.09888359159231186 -0.2259180247783661 0.057795699685811996
0.07869584858417511 -0.15232858061790466 -0.019152410328388214
-0.013256793841719627 -0.1471678614616394 -0.09002354741096497
-0.07692672312259674 -0.3071650564670563 -0.09660213440656662
-0.3083091974258423 -0.0583486333489418 0.22234012186527252
-0.27229782938957214 -0.15662531554698944 -0.2954072654247284
0.043990328907966614 0.01021643914282322 0.3307611048221588
-0.06953656673431396 -0.1271243840456009 -0.13414175808429718
0.21930749714374542 -0.2058023065328598 -0.09488897025585175
0.10248814523220062 -0.24031588435173035 -0.002881874330341816
-0.39726483821868896 -0.08202072978019714 -0.14246678352355957
-0.0007719323039054871 -0.18928758800029755 -0.002421875484287739
0.0952133908867836 -0.2999735176563263 0.10060660541057587
0.05629180371761322 -0.11746726185083389 0.2087571769952774
0.10976263135671616 -0.2960546314716339 -0.2540728449821472
0.04012839496135712 -0.28561681509017944 0.11371041089296341
0.1813652366399765 -0.2690618336200714 -0.09464286267757416
-0.0352618545293808 -0.3711014986038208 0.12375560402870178
-0.011855868622660637 -0.29729902744293213 -0.025429895147681236
0.11749149858951569 -0.22293873131275177 0.23067626357078552
0.23535528779029846 -0.057299334555864334 0.09384263306856155
-0.008979786187410355 -0.047072555869817734 0.1033640056848526
-0.06901095062494278 -0.14426931738853455 -0.13744129240512848
0.1228487566113472 -0.03990951180458069 -0.19458338618278503
-0.08335596323013306 -0.25677290558815 -0.2955837845802307
0.034912124276161194 -0.3351013660430908 -0.09654136002063751
0.028495384380221367 -0.3072446286678314 -0.14575307071208954
0.04625692591071129 -0.2186501920223236 -0.08399520814418793
0.03520559147000313 -0.30610623955726624 -0.027585400268435478
-0.13930752873420715 -0.26091212034225464 0.05983898788690567
-0.013717127963900566 -0.2634097933769226 0.1069982647895813
0.24168559908866882 -0.09426049143075943 0.20264379680156708
0.037997424602508545 -0.3319963812828064 0.0004723698366433382
0.19213028252124786 -0.18095865845680237 0.12381026893854141
-0.03507920727133751 -0.18170754611492157 0.15581855177879333
-0.217067688703537 -0.11598058044910431 0.4006502330303192
0.040942203253507614 -0.34131327271461487 0.03936723247170448
-0.12433790415525436 -0.13335783779621124 -0.2112450897693634
-0.053998056799173355 -0.11404267698526382 -0.08920834958553314
-0.3422245681285858 -0.13338258862495422 0.012212879955768585
0.20849640667438507 0.21348799765110016 0.520692765712738
0.2679992616176605 -0.029577823355793953 0.23953597247600555
0.16104736924171448 -0.253491073846817 -0.1777530461549759
0.07532893866300583 -0.2493542730808258 -0.5329418182373047
0.09653382003307343 -0.039139650762081146 -0.13174103200435638
-0.18718183040618896 -0.29470178484916687 -0.10410352051258087
0.07097476720809937 -0.21087010204792023 0.06762571632862091
-0.1301976889371872 -0.1914438009262085 -0.10883329808712006
0.08695609122514725 -0.3427523374557495 -0.00459679402410984
-0.12158793956041336 0.11800146847963333 0.07092123478651047
-0.0230388380587101 -0.07955937832593918 -0.02033734694123268
0.0018038421403616667 -0.38470137119293213 0.4152458608150482
0.04953835532069206 -0.30678078532218933 -0.1081160232424736
0.14328835904598236 -0.04876641184091568 -0.00637212535366416
-0.12148024886846542 -0.17630815505981445 0.24084538221359253
-0.12458450347185135 -0.24165165424346924 -0.28422844409942627
0.02695409208536148 -0.2141561061143875 0.1396181732416153
0.16106107831001282 -0.17981255054473877 0.07502376288175583
0.21414947509765625 -0.32113274931907654 -0.2435925453901291
-0.4215775430202484 -0.23394708335399628 -0.3580927550792694
0.09670566767454147 -0.34260058403015137 0.08050528168678284
-0.10613992065191269 -0.036015838384628296 -0.06545263528823853
-0.21542999148368835 -0.003864126745611429 0.12785376608371735
-0.1438623070716858 -0.1794320046901703 -0.06490132957696915
-0.0008092834614217281 -0.2730253338813782 -0.165115088224411
0.07044941931962967 -0.2872597277164459 -0.28762394189834595
0.1040143147110939 -0.21774740517139435 -0.060491204261779785
-0.009560849517583847 -0.24853725731372833 0.10285414755344391
-0.17313894629478455 -0.2583032250404358 -0.030322236940264702
-0.06787258386611938 -0.20202235877513885 0.029132232069969177
0.09530714154243469 -0.16462115943431854 0.2698206305503845
-0.259397029876709 -0.18130812048912048 0.11648932099342346
0.2791363596916199 -0.2875692844390869 0.007886801846325397
-0.040976349264383316 -0.3254350423812866 0.10203370451927185
0.11970098316669464 -0.29156821966171265 -0.22505736351013184
0.08861760795116425 -0.28110307455062866 -0.18860575556755066
-0.13943831622600555 -0.1968802958726883 0.14661426842212677
0.10461484640836716 -0.35459214448928833 0.04985122010111809
-0.07961489260196686 -0.36367225646972656 -0.07723712921142578
0.12137596309185028 -0.23170658946037292 -0.023891983553767204
0.11847145855426788 -0.1311425417661667 0.17684967815876007
-0.01686318777501583 -0.15233048796653748 -0.0064540342427790165
0.2820253074169159 -0.028031928464770317 0.0975579172372818
0.060136642307043076 -0.19328457117080688 -0.048263706266880035
-0.25794023275375366 -0.2665891647338867 0.06911347061395645
0.13413994014263153 -0.19506493210792542 0.24042555689811707
-0.10294324159622192 -0.28709787130355835 -0.17428438365459442
-0.18083828687667847 -0.27759870886802673 -0.16687658429145813
0.15045031905174255 -0.4068119525909424 0.07344672828912735
0.08348271250724792 -0.15781892836093903 0.26945674419403076
-0.28277185559272766 -0.2584083676338196 0.10988685488700867
-0.09223099052906036 -0.3208214342594147 -0.10506802052259445
0.024036291986703873 -0.1399175226688385 0.16971343755722046
0.017188895493745804 -0.20783616602420807 0.06933990120887756
-0.12972642481327057 -0.1357133537530899 0.1927061229944229
0.19443032145500183 0.06986670196056366 0.27777519822120667
-0.18489420413970947 -0.2597217261791229 -0.21561801433563232
0.05233364924788475 -0.332702100276947 0.03208530321717262
-0.2470507174730301 -0.23604077100753784 -0.12736672163009644
0.08079272508621216 -0.15178066492080688 0.2033587098121643
0.025289665907621384 -0.2900570034980774 0.0735355019569397
-0.28619614243507385 -0.23784032464027405 -0.10425112396478653
-0.001374550862237811 -0.36182427406311035 -0.03287196904420853
-0.20207087695598602 -0.1421094387769699 0.18115955591201782
-0.07653509825468063 -0.016558395698666573 0.5581264495849609
-0.0902177020907402 -0.29810476303100586 -0.052035581320524216
0.043276797980070114 -0.28217068314552307 0.16897669434547424
0.2645837664604187 -0.336988240480423 0.05082567408680916
-0.04596932232379913 -0.19306471943855286 0.006397258024662733
0.15867649018764496 -0.08118875324726105 0.21511289477348328
-0.16389308869838715 -0.48376086354255676 0.10481461137533188
0.09676261991262436 -0.2904965877532959 -0.15261444449424744
-0.2979673445224762 -0.17514224350452423 0.14236581325531006
0.07025996595621109 -0.33907410502433777 0.034573525190353394
-0.04877901449799538 -0.21046815812587738 -0.24910864233970642
0.028449691832065582 -0.26004523038864136 -0.2227323055267334
0.007310530170798302 -0.23638436198234558 -0.21952025592327118
0.2409072071313858 -0.2904340326786041 -0.029551776126027107
-0.11492036283016205 -0.14438027143478394 -0.011220823973417282
-0.19231872260570526 -0.14297787845134735 0.11965394020080566
-0.04980947822332382 -0.2818760275840759 0.12097510695457458
-0.017783796414732933 -0.30784010887145996 -0.0258775781840086
0.08443262428045273 -0.10157360881567001 -0.16814929246902466
0.11390113085508347 -0.05463256314396858 0.31227925419807434
0.15376262366771698 0.02393276058137417 0.19909197092056274
0.1327316015958786 -0.2615524232387543 -0.07055633515119553
-0.04031873121857643 -0.25820815563201904 0.1355101466178894
0.1665804386138916 -0.27900129556655884 -0.168577179312706
0.2522360384464264 -0.1806890368461609 0.06933891028165817
-0.04326874017715454 -0.21004512906074524 -0.24032673239707947
-0.08626793324947357 -0.13604170083999634 0.09911327809095383
-0.05936381593346596 -0.25043201446533203 -0.21620112657546997
0.013766376301646233 0.014400452375411987 0.3281134068965912
-0.023463718593120575 -0.29301130771636963 -0.29610148072242737
-0.11268673837184906 0.10077381134033203 0.18346793949604034
-0.0053455522283911705 0.026868237182497978 0.17575672268867493
-0.18069924414157867 -0.26764941215515137 -0.19848071038722992
0.10305669158697128 -0.03312362730503082 0.30991002917289734
-0.013383032754063606 -0.22727495431900024 -0.049184150993824005
-0.0034451819956302643 -0.3209631145000458 -0.11452595144510269
0.017631197348237038 -0.27848219871520996 0.03832874819636345
0.2277723103761673 -0.14704708755016327 0.14796441793441772
0.26225751638412476 0.04118659719824791 0.04298969358205795
0.14740951359272003 -0.297260582447052 -0.09169836342334747
0.17051808536052704 -0.30154305696487427 0.02944239228963852
0.11823714524507523 -0.32048431038856506 -0.02344413287937641
0.07090060412883759 0.011980762705206871 0.07917945086956024
-0.015925494953989983 -0.1269873082637787 0.08399002254009247
-0.27231839299201965 -0.2372325211763382 -0.23171207308769226
-0.08050206303596497 -0.30672749876976013 -0.1338183432817459
0.006786062382161617 -0.23313960433006287 -0.08479784429073334
-0.34733179211616516 -0.24555207788944244 -0.3707033097743988
0.18560561537742615 -0.3570985496044159 0.05106458440423012
-0.21192657947540283 -0.1775946468114853 -0.27413493394851685
-0.1597317010164261 -0.3398408889770508 -0.1344245970249176
-0.24351494014263153 -0.31328698992729187 0.006173328496515751
-0.09671355783939362 -0.3107427656650543 -0.06864414364099503
0.07030238211154938 -0.31851938366889954 0.019823312759399414
0.030198941007256508 -0.31277427077293396 -0.11698602885007858
0.14411646127700806 -0.0681067407131195 0.3409576714038849
0.1365766078233719 -0.15251396596431732 -0.05892292410135269
0.06361611187458038 -0.318530797958374 -0.03623631224036217
0.12257643789052963 -0.2785457670688629 -0.2507722079753876
-0.05587822198867798 0.09144778549671173 0.27399885654449463
-0.12293482571840286 -0.23764187097549438 0.1381930410861969
-0.11414576321840286 -0.2883407175540924 0.0033104184549301863
-0.15295693278312683 -0.3443029820919037 0.13129828870296478
0.10942063480615616 -0.055903613567352295 0.1539643257856369
0.14976570010185242 -0.24174241721630096 -0.0955171212553978
-0.24945354461669922 -0.19816574454307556 -0.05050408095121384
0.03115365095436573 -0.3063865005970001 0.021661361679434776
0.2030453383922577 -0.18626628816127777 -0.04178934544324875
0.1617041528224945 -0.2838537096977234 -0.04671468213200569
-0.009048603475093842 -0.2091890573501587 0.072380430996418
-0.11043308675289154 -0.006572440732270479 0.2334587723016739
0.14050666987895966 0.05425937846302986 0.23259298503398895
0.07876628637313843 -0.2086762636899948 0.14807237684726715
-0.09199319779872894 -0.3110015392303467 -0.14679846167564392
0.06930126249790192 -0.31369999051094055 0.02563239447772503
-0.026440085843205452 -0.050091423094272614 0.1858701854944229
0.0026412794832140207 0.07726035267114639 0.2426944226026535
-0.2243393063545227 0.04045812413096428 -0.17371399700641632
-0.07547213137149811 -0.24941658973693848 0.11341974884271622
0.183345764875412 0.06196858733892441 -0.04464143142104149
-0.05876519903540611 -0.3241730034351349 -0.09246844053268433
-0.061561308801174164 -0.3482266962528229 -0.019804876297712326
-0.007034182082861662 -0.3063252568244934 0.05831880122423172
0.023184366524219513 -0.09936720877885818 0.20521177351474762
0.06398842483758926 -0.3105812966823578 0.04961353912949562
0.1526777595281601 -0.06283161789178848 0.32233548164367676
0.10833298414945602 -0.3446277976036072 0.05514926835894585
0.1296207755804062 -0.3141111433506012 -0.03507775813341141
-0.07937613874673843 -0.24679744243621826 0.12896117568016052
-0.1484941691160202 0.03474433347582817 0.20897343754768372
-0.0997459664940834 -0.13907016813755035 0.0964445173740387
-0.06488844007253647 -0.25014281272888184 0.09498164057731628
-0.029855158179998398 -0.3352658152580261 -0.25017932057380676
0.08252425491809845 -0.30034276843070984 -0.03800468519330025
0.13735876977443695 -0.3128606677055359 -0.12814787030220032
-0.19266444444656372 -0.26048755645751953 0.12814582884311676
-0.009359441697597504 -0.3292190432548523 -0.05696514993906021
-0.04303491488099098 -0.15433979034423828 -0.18481110036373138
0.11476919054985046 -0.1361292153596878 -0.1271582543849945
-0.14960819482803345 -0.103666290640831 -0.02740580588579178
0.03081405535340309 -0.2346646636724472 -0.06568115204572678
-0.014672402292490005 -0.4110724925994873 0.05700668320059776
0.18185482919216156 -0.21932198107242584 0.18731600046157837
0.24411015212535858 -0.1606813222169876 -0.06010805442929268
-0.10211087018251419 -0.31498298048973083 -0.11061231791973114
-0.13804253935813904 -0.2785700857639313 -0.18348382413387299
-0.008291611447930336 -0.2573830187320709 -0.14862030744552612
0.10861103981733322 -0.25256624817848206 0.019769465550780296
0.05048026517033577 -0.21041275560855865 0.1204189732670784
-0.1470813900232315 -0.10891196876764297 -0.11802531033754349
0.15072764456272125 -0.13936057686805725 -0.10481826215982437
-0.1341119110584259 -0.06694115698337555 -0.06409548223018646
0.03606690838932991 -0.3018890917301178 -0.08758413046598434
0.014562832191586494 -0.16253605484962463 0.0021715753246098757
0.06466745585203171 -0.16021931171417236 0.08588878065347672
0.18917831778526306 -0.26682278513908386 -0.1816743016242981
0.25536754727363586 -0.14756157994270325 0.09643861651420593
0.1250230371952057 -0.31476518511772156 -0.08569943159818649
0.007732042111456394 -0.11395927518606186 0.018547307699918747
-0.004427793435752392 -0.3125975728034973 -0.31619054079055786
0.342317134141922 0.04527617245912552 0.2309093326330185
0.04973415657877922 -0.23736414313316345 0.3635181188583374
0.0733039453625679 -0.26918676495552063 -0.0994519516825676
-0.05360284820199013 -0.1577269583940506 0.11949651688337326
0.046013280749320984 -0.29053768515586853 0.05361475795507431
-0.12244581431150436 -0.06031481921672821 0.3596082627773285
0.18438506126403809 -0.1240265890955925 0.13213522732257843
-0.028001582249999046 -0.361661434173584 -0.22820164263248444
0.05286092683672905 -0.22073444724082947 -0.06846752762794495
0.2837575078010559 -0.06567590683698654 0.01907547563314438
0.08982080966234207 -0.3422277569770813 0.08481670171022415
0.2830461859703064 -0.12253674864768982 -0.144483283162117
0.15867294371128082 -0.33812689781188965 -0.10482481867074966
-0.11693636327981949 -0.18212728202342987 -0.029593730345368385
0.24358391761779785 -0.33971869945526123 0.01762676052749157
-0.13877394795417786 -0.22423295676708221 0.010205365717411041
0.06056497246026993 -0.27265751361846924 0.059522293508052826
0.09829891473054886 -0.12100030481815338 0.1164032444357872
0.0698823481798172 -0.2988318204879761 -0.10642828792333603
-0.17196689546108246 -0.3063185513019562 0.076368547976017
-0.007477039936929941 -0.08122383058071136 0.01106766052544117
0.26313620805740356 -0.1511458307504654 -0.12235148251056671
0.08509413152933121 -0.3127012848854065 -0.009524527937173843
-0.16259688138961792 -0.33328762650489807 0.017278751358389854
-0.15150831639766693 -0.16248565912246704 0.1702830195426941
-0.16497619450092316 0.09896507114171982 -0.16381798684597015
-0.44632789492607117 0.10455214232206345 0.05784855782985687
0.08277300745248795 -0.23973768949508667 0.028036564588546753
-0.04958787560462952 -0.09718769788742065 0.2144552767276764
0.09798235446214676 -0.2881219983100891 0.06805307418107986
-0.007083693984895945 0.004182624630630016 0.2390206903219223
0.0760309025645256 0.04973979294300079 0.2777852416038513
0.05545958876609802 -0.2822610139846802 -0.11853908002376556
-0.053598251193761826 -0.0019199857488274574 -0.27896514534950256
0.05559234693646431 -0.3043271601200104 -0.1690349280834198
0.012271866202354431 -0.33452457189559937 -0.06430870294570923
-0.018028223887085915 -0.2608616054058075 0.12333667278289795
-0.02504376694560051 -0.3832375705242157 -0.2974478006362915
0.12138638645410538 -0.03645482659339905 -0.2550848424434662
-0.029595747590065002 0.006090081762522459 0.18678167462348938
-0.0207417793571949 -0.26846256852149963 -0.004735828842967749
-0.11924813687801361 -0.3281390964984894 0.0775558277964592
-0.22667403519153595 -0.20222635567188263 0.16160601377487183
0.03398602083325386 -0.2590615749359131 -0.2161916345357895
-0.210346519947052 -0.24372021853923798 -0.013146301731467247
-0.1443476676940918 -0.17455343902111053 0.05444754660129547
-0.2394218146800995 -0.023498473688960075 0.11985176801681519
-0.07822339981794357 -0.2815800905227661 -0.17881162464618683
0.17078734934329987 -0.29235923290252686 0.14741113781929016
0.12946543097496033 -0.31563928723335266 -0.0729888528585434
-0.02045222744345665 -0.303065687417984 0.04873832315206528
0.03218982368707657 -0.23035044968128204 0.04010293260216713
0.005135637708008289 -0.0796111524105072 0.1788165420293808
0.12045596539974213 -0.2491506040096283 0.08626712113618851
0.12141235917806625 -0.2053733766078949 0.15013180673122406
-0.07669723778963089 -0.2654162645339966 0.137899711728096
0.3223896920681 0.023668723180890083 -0.11574327945709229
0.015082862228155136 -0.27871426939964294 -0.11662229895591736
-0.10559240728616714 -0.3330632448196411 -0.1739150881767273
0.09056626260280609 -0.30144697427749634 0.05460648611187935
-0.2722470760345459 0.037469200789928436 -0.212832972407341
-0.23636913299560547 -0.043240614235401154 -0.019658993929624557
-0.060518428683280945 -0.1668490618467331 -0.013524491339921951
0.11370795220136642 -0.22697052359580994 -0.04343850910663605
0.14716224372386932 -0.2970973253250122 -0.0801573172211647
-0.1272784024477005 0.007277411874383688 0.43284937739372253
-0.18275409936904907 -0.15886275470256805 -0.11268213391304016
0.004508952610194683 -0.33456817269325256 -0.025163570418953896
-0.05663655325770378 -0.1255766749382019 0.2460770606994629
0.08316928148269653 -0.34071964025497437 0.017572179436683655
-0.003048371523618698 -0.3159177303314209 0.026135487481951714
-0.07290437072515488 0.07634688168764114 0.0789647325873375
0.04628194123506546 -0.2965244948863983 -0.010466305539011955
0.08928853273391724 -0.3380931317806244 0.07092109322547913
-0.2712589502334595 -0.25705134868621826 0.10510323196649551
0.4636804163455963 0.11901050806045532 0.17249660193920135
0.12415710091590881 -0.2956174910068512 -0.1066092848777771
0.13822004199028015 -0.04343995824456215 0.2566874623298645
0.03963716700673103 -0.24894428253173828 -0.02251582406461239
-0.09077941626310349 -0.09209318459033966 0.1552869826555252
0.11849836260080338 -0.185890793800354 -0.17346376180648804
-0.014361778274178505 -0.32136204838752747 -0.10346756130456924
0.027033116668462753 -0.15580344200134277 0.0013020094484090805
-0.015530988574028015 -0.29706859588623047 -0.19752225279808044
-0.15750660002231598 -0.20089206099510193 0.20632754266262054
0.20941275358200073 -0.3095419108867645 -0.008558398112654686
0.02628570981323719 -0.3042144179344177 -0.4146934151649475
0.17274035513401031 -0.3465522527694702 0.08974552899599075
0.07656649500131607 -0.2770199477672577 -0.051664676517248154
-0.12416719645261765 -0.18923403322696686 -0.17888860404491425
-0.08070039749145508 -0.03591388836503029 0.07163379341363907
0.21091508865356445 0.02281871624290943 0.14995722472667694
-0.13599517941474915 -0.08247443288564682 0.2885437309741974
0.09227900952100754 -0.2886512577533722 -0.11846540123224258
0.014303268864750862 -0.2040071040391922 0.16545423865318298
-0.2594458758831024 -0.14042189717292786 0.14527113735675812
0.2609705924987793 -0.045150212943553925 -0.016709156334400177
-0.06804806739091873 -0.28280484676361084 -0.08076171576976776
0.14249351620674133 -0.19974401593208313 -0.0015293541364371777
0.10418076068162918 -0.28862857818603516 0.309933602809906
0.07337567210197449 -0.27610915899276733 0.15405920147895813
0.10375207662582397 -0.09607672691345215 -0.16307921707630157
0.18703217804431915 -0.3080449402332306 0.06517836451530457
-0.07852128148078918 -0.1269523948431015 0.07827922701835632
0.00377036165446043 -0.3045137822628021 -0.5483809113502502
-0.1049104854464531 -0.23382505774497986 0.12666745483875275
0.004350971430540085 -0.17934730648994446 -0.09997931867837906
-0.17310644686222076 -0.15976640582084656 0.07361796498298645
0.07853792607784271 -0.15085241198539734 0.1900399774312973
0.11960436403751373 -0.32574528455734253 -0.05584683641791344
-0.0930011197924614 -0.2642745077610016 -0.1779160052537918
0.1405157893896103 -0.3363393247127533 0.06676597893238068
0.03485776484012604 -0.32226118445396423 -0.05080205574631691
-0.003823977429419756 -0.31313270330429077 -0.0736677274107933
-0.03718925267457962 -0.042480308562517166 0.09713289886713028
-0.19365078210830688 -0.06682237982749939 -0.07948847860097885
0.08717453479766846 -0.08546317368745804 0.16177856922149658
-0.09040214866399765 -0.08904718607664108 0.12975634634494781
0.015624012798070908 -0.26729172468185425 -0.170646071434021
0.0010323397582396865 -0.20314902067184448 0.18845991790294647
0.06556228548288345 -0.1734055131673813 -0.039643384516239166
-0.2140907496213913 -0.32272869348526 0.09945809841156006
0.004356443881988525 -0.3356812596321106 -0.028754444792866707
-0.09277268499135971 -0.0827215239405632 -0.17696435749530792
-0.08326121419668198 -0.11156973242759705 0.06318747252225876
0.21257852017879486 0.06928609311580658 -0.011192139238119125
-0.19744530320167542 -0.26170119643211365 0.0395735427737236
0.010373327881097794 -0.269131600856781 -0.005681857466697693
0.1784089058637619 -0.10909368097782135 -0.3078164756298065
0.16936634480953217 -0.2987838089466095 -0.07569246739149094
-0.008521435782313347 -0.23751899600028992 -0.10308582335710526
-0.28436279296875 -0.18878516554832458 0.015153393149375916
-0.20712055265903473 -0.09811704605817795 0.24895747005939484
0.29897379875183105 -0.19666244089603424 -0.08714362233877182
-0.004079141188412905 -0.31599605083465576 0.0011899122036993504
-0.11895541846752167 -0.23900523781776428 0.11194638162851334
0.164863720536232 0.28586646914482117 0.4192388951778412
0.10766683518886566 -0.02743426337838173 0.26592710614204407
-0.1350744366645813 -0.14908680319786072 -0.13024833798408508
-0.058010414242744446 -0.1484375149011612 0.20996339619159698
0.00012991344556212425 -0.2749311625957489 -0.07336445897817612
0.24445098638534546 -0.2847616672515869 -0.25402796268463135
0.2684209942817688 -0.08042105287313461 0.1668473184108734
0.05337526276707649 -0.2466071993112564 -0.0007006260566413403
0.2038617879152298 -0.3144536316394806 0.06677514314651489
-0.003888868261128664 -0.22680166363716125 0.13887055218219757
0.006324946414679289 -0.27556246519088745 0.024488119408488274
0.017970174551010132 -0.17319068312644958 0.16807618737220764
0.14719881117343903 0.09559684246778488 0.10553646832704544
-0.16072581708431244 -0.1756548285484314 0.10012038797140121
0.11643622815608978 -0.1432153284549713 -0.2368539720773697
0.09960467368364334 -0.30146393179893494 -0.05278316140174866
-0.003201534040272236 -0.34001755714416504 -0.059561990201473236
0.24420389533042908 -0.1931689977645874 0.06021228805184364
0.030960053205490112 -0.3241715133190155 0.013135600835084915
0.016401277855038643 -0.29729941487312317 0.04504844918847084
-0.08413754403591156 -0.3182757496833801 0.07689598947763443
0.04307938739657402 -0.24817152321338654 0.11851055920124054
0.20416873693466187 -0.22121906280517578 -0.027833163738250732
-0.13021501898765564 -0.2298823446035385 0.11084485054016113
0.13770543038845062 -0.19266988337039948 0.03878667950630188
-0.06856847554445267 -0.17072732746601105 -0.05043448135256767
0.086441770195961 -0.25407087802886963 0.04481497034430504
-0.01295425184071064 -0.23833546042442322 -0.039194535464048386
-0.10021671652793884 -0.19874481856822968 -0.27324026823043823
0.01916768029332161 -0.3233067989349365 -0.04904008284211159
-0.11648007482290268 -0.03660618141293526 0.11880112439393997
-0.07910718023777008 -0.2513620853424072 -0.12219247967004776
-0.025597870349884033 -0.29900431632995605 -0.07525935024023056
0.21353265643119812 -0.2870306670665741 -0.12903442978858948
-0.033730775117874146 -0.13725988566875458 0.24048355221748352
0.1234530657529831 -0.1914631873369217 0.012361207976937294
-0.11287997663021088 -0.31964111328125 -0.0006592315621674061
-0.15732258558273315 -0.2495402991771698 0.04862397909164429
-0.08441456407308578 -0.2540256381034851 -0.14741498231887817
0.12157964706420898 -0.23434601724147797 -0.24032601714134216
0.0360381118953228 -0.3218318521976471 -0.11416345834732056
-0.1851954162120819 -0.304578572511673 -0.04065561667084694
0.06977108865976334 -0.23394303023815155 0.10884301364421844
-0.1728474646806717 -0.2454415112733841 0.13401420414447784
0.06702835112810135 -0.22644656896591187 0.02534198760986328
0.11279591917991638 -0.31535738706588745 0.13138146698474884
-0.15416966378688812 -0.1684386283159256 -0.15230609476566315
0.0025445986539125443 -0.3144152760505676 -0.08842316269874573
-0.028781097382307053 -0.34002506732940674 0.039614275097846985
0.018425682559609413 -0.32011470198631287 -0.1110406443476677
-0.1554155945777893 -0.13248594105243683 -0.25656118988990784
0.18918341398239136 -0.22839459776878357 -0.050109703093767166
-0.09494247287511826 -0.043453630059957504 0.18545009195804596
-0.10972843319177628 -0.14802704751491547 0.17849968373775482
-0.10420486330986023 -0.25367066264152527 0.10124341398477554
0.07915512472391129 -0.28450730443000793 -0.1060531958937645
-0.007676192093640566 -0.324312299489975 -0.02519712969660759
-0.4048377275466919 0.02057810127735138 -0.18149173259735107
0.24924679100513458 -0.18961216509342194 -0.1253596395254135
-0.12417753785848618 -0.24195046722888947 -0.12313657253980637
-0.13144981861114502 -0.17148515582084656 -0.3991405665874481
0.3649422228336334 0.04852942004799843 0.030049901455640793
0.06046345457434654 -0.2606040835380554 -0.05075085535645485
-0.22831380367279053 -0.2897397577762604 -0.012077832594513893
-0.026689261198043823 -0.2202521711587906 0.09758739918470383
0.07699193805456161 -0.24101510643959045 -0.11539369821548462
0.056050218641757965 -0.28722959756851196 0.14697879552841187
0.009906748309731483 -0.302181601524353 -0.014092111960053444
0.2837880253791809 -0.20339162647724152 0.13051393628120422
0.11801362037658691 -0.2202298939228058 -0.036809321492910385
-0.11098833382129669 -0.13308706879615784 0.039475202560424805
0.2613416314125061 -0.3203163743019104 0.10425033420324326
0.11019532382488251 -0.2810312509536743 -0.04283122345805168
0.19609156250953674 -0.2244584560394287 -0.10037583857774734
0.02457462251186371 -0.2932150363922119 -0.2576550841331482
0.14599007368087769 -0.2846985459327698 -0.07502362132072449
-0.18748995661735535 -0.25515466928482056 -0.08338036388158798
-0.12679153680801392 -0.33348044753074646 -0.18514828383922577
0.2081969529390335 -0.2907560169696808 -0.0646289810538292
-0.10179769992828369 -0.2689380943775177 0.11160620301961899
0.09738589078187943 -0.3371998965740204 0.36422738432884216
0.016671940684318542 -0.2031068205833435 0.07954107969999313
-0.13486264646053314 -0.17806926369667053 0.23516173660755157
0.2349010407924652 -0.28381776809692383 -0.04894491657614708
-0.05028265714645386 -0.26238173246383667 -0.012805458158254623
0.10316180437803268 -0.23274913430213928 -0.042601581662893295
0.14784246683120728 -0.18878889083862305 0.08712980896234512
-0.06754990667104721 -0.3225090503692627 -0.00913546048104763
0.055732253938913345 -0.3105025589466095 0.08648960292339325
-0.028684094548225403 -0.2867124378681183 -0.3105308413505554
0.13601215183734894 -0.2995850145816803 0.10666225105524063
0.13529454171657562 -0.20820634067058563 0.11091376096010208
-0.27324050664901733 -0.20459678769111633 -0.30646753311157227
0.18655364215373993 -0.07293204963207245 0.21389688551425934
-0.1537470817565918 -0.1930685192346573 0.028520993888378143
0.03597624599933624 -0.20782731473445892 -0.13232195377349854
-0.041958294808864594 -0.3058336079120636 -0.08994971215724945
-0.09228162467479706 -0.1163070797920227 -0.08493354916572571
-0.11326914280653 -0.30129149556159973 0.036770228296518326
0.2957497239112854 -0.058968108147382736 0.008223839104175568
0.09831302613019943 -0.04253782704472542 -0.16242186725139618
0.07113751024007797 -0.26906996965408325 0.04802698269486427
-0.20239771902561188 -0.17565932869911194 0.19547031819820404
0.1809448003768921 -0.2677464485168457 -0.002662515267729759
-0.025397246703505516 -0.25944915413856506 0.021158428862690926
-0.24504739046096802 -0.0010915519669651985 0.06533646583557129
0.09689823538064957 0.0945843830704689 0.24531644582748413
-0.1467728465795517 -0.2469903975725174 0.0646122470498085
0.1118929535150528 -0.1892326921224594 0.20418484508991241
0.04881766811013222 -0.2983798682689667 0.0820910707116127
0.13322842121124268 -0.28037112951278687 0.048691608011722565
0.07606679201126099 -0.194351926445961 0.08757232874631882
-0.013468820601701736 -0.29608145356178284 -0.14378969371318817
0.13707539439201355 -0.11877010762691498 0.22625689208507538
0.11668040603399277 -0.33133310079574585 0.055243026465177536
-0.20761239528656006 -0.20115543901920319 -0.24212999641895294
-0.21930937469005585 -0.14922282099723816 -0.18947453796863556
0.03362027555704117 -0.19134953618049622 0.1396895796060562
-0.005469734780490398 -0.19760730862617493 0.16160404682159424
-0.35227832198143005 -0.168775737285614 0.1406143307685852
0.04770933836698532 -0.17784178256988525 -0.053085051476955414
-0.13103117048740387 -0.07110174745321274 0.1274205893278122
0.10498201847076416 -0.1418883353471756 0.1404617875814438
-0.01389193907380104 -0.21632663905620575 0.08435407280921936
-0.10060299932956696 -0.1575547456741333 0.14651113748550415
-0.053547006100416183 0.006508232094347477 0.2628149092197418
0.0015339229721575975 -0.3304377496242523 -0.009183395653963089
0.010926617309451103 -0.21362029016017914 0.16065578162670135
0.040012724697589874 -0.3079943060874939 -0.010043421760201454
0.11116892099380493 -0.06422547996044159 -0.08567067980766296
0.19082458317279816 -0.2183581292629242 0.1118851751089096
-0.039885278791189194 -0.3209680914878845 -0.06357650458812714
-0.09782771021127701 0.02621978335082531 0.36312344670295715
0.06651069223880768 -0.16637423634529114 0.016697917133569717
-0.009037740528583527 -0.255003958940506 0.02538619190454483
-0.17725108563899994 -0.3018157482147217 0.05975544825196266
-0.14581869542598724 -0.27096375823020935 -0.19297657907009125
-0.12515228986740112 -0.30260708928108215 -0.03262052312493324
-0.05409739166498184 -0.28226804733276367 -0.14949963986873627
-0.12681922316551208 -0.3037538230419159 -0.009954674169421196
-0.05051186680793762 -0.306094229221344 -0.1479126513004303
0.16179049015045166 -0.29101771116256714 0.17111413180828094
0.08468043059110641 -0.28470170497894287 -0.2473745495080948
0.020074259489774704 0.10474173724651337 0.19684065878391266
0.17620405554771423 -0.28829455375671387 -0.07497793436050415
0.47915372252464294 -0.08972888439893723 0.35565847158432007
0.1529555767774582 -0.23607943952083588 -0.16634847223758698
-0.15320706367492676 -0.3901781737804413 0.11405632644891739
-0.08485295623540878 -0.0164728295058012 0.08073598146438599
-0.12073922157287598 -0.17077258229255676 -0.09502878040075302
-0.20793162286281586 -0.049042169004678726 0.3493168354034424
-0.16356882452964783 -0.037788257002830505 0.13666751980781555
-0.0640924721956253 -0.16612985730171204 -0.09338226169347763
0.25717151165008545 0.0037396743427962065 0.16854368150234222
-0.05162385106086731 -0.21064545214176178 0.1590242236852646
-0.048802901059389114 -0.2892257273197174 0.11971665918827057
0.20550121366977692 -0.313569575548172 0.024374354630708694
0.1807171255350113 0.019708309322595596 0.2537170350551605
0.1384849101305008 -0.3078652620315552 -0.06576668471097946
-0.05288301035761833 -0.063465915620327 0.16655445098876953
0.04536715894937515 -0.34027478098869324 -0.13801345229148865
0.12131690979003906 -0.11812705546617508 0.21656259894371033
-0.03404831513762474 -0.34204474091529846 -0.008675061166286469
-0.1609419584274292 -0.3481084108352661 -0.0029794122092425823
-0.00298605440184474 -0.32085227966308594 -0.2139090597629547
-0.3683742582798004 -0.07129883766174316 -0.16743753850460052
-0.16152292490005493 -0.0424874909222126 -0.10735567659139633
-0.17181158065795898 -0.05305475369095802 0.08918170630931854
-0.021512918174266815 -0.13857127726078033 0.1771000623703003
0.020160052925348282 -0.3174373507499695 -0.05759125575423241
-0.14928370714187622 -0.07670416682958603 0.13493211567401886
0.24912859499454498 -0.16387906670570374 -0.1685210019350052
0.018810715526342392 -0.01867428608238697 -0.3272920846939087
0.14475974440574646 -0.12417016178369522 -0.37658944725990295
0.6767239570617676 -0.24755258858203888 -0.04224148020148277
0.11351467669010162 -0.2574962377548218 0.010736117139458656
0.060100212693214417 -0.2523112893104553 0.06530987471342087
0.06662838906049728 -0.2740773856639862 0.22390498220920563
-0.01113559864461422 -0.11616730690002441 -0.11464900523424149
-0.04148802533745766 -0.3759377598762512 0.09618207812309265
-0.11963044852018356 -0.31757426261901855 -0.09730742126703262
0.03434997424483299 -0.3048356771469116 -0.19138149917125702
0.20380496978759766 -0.25433239340782166 0.013707034289836884
-0.20034922659397125 -0.13681013882160187 0.21570800244808197
0.16302329301834106 -0.30307117104530334 0.08278714865446091
-0.14918215572834015 -0.30235111713409424 -0.14211955666542053
0.1437865048646927 -0.2971002161502838 -0.11174744367599487
0.014989785850048065 -0.27140671014785767 0.07312516868114471
0.01991121843457222 -0.009481361135840416 0.24675749242305756
0.12993118166923523 -0.16018345952033997 0.14315196871757507
0.000821885943878442 -0.3109756410121918 -0.13732779026031494
-0.11965793371200562 -0.30301433801651 -0.1198667585849762
0.18734394013881683 -0.27058058977127075 -0.017122596502304077
0.035048920661211014 -0.06958483159542084 -0.0789918527007103
-0.11919395625591278 -0.1197066530585289 -0.04670903459191322
0.1832554191350937 -0.07828439027070999 0.4462714195251465
0.23030269145965576 -0.2215503454208374 0.14765386283397675
0.24561595916748047 -0.271223247051239 -0.053569190204143524
-0.002128362422809005 -0.1105090081691742 0.09893254935741425
-0.21359235048294067 -0.2666706442832947 -0.13593968749046326
0.0628497302532196 -0.3015325963497162 -0.03977233171463013
0.009431568905711174 -0.12254616618156433 0.18282076716423035
0.18684782087802887 0.02344871498644352 0.3162311315536499
-0.1694498509168625 -0.06334403902292252 0.051435455679893494
-0.1068429946899414 -0.13612912595272064 0.08207615464925766
0.020775772631168365 -0.24856334924697876 -0.06212623789906502
0.21723052859306335 -0.327983558177948 -0.06179873272776604
0.11340975761413574 -0.25545501708984375 -0.036191876977682114
0.12683232128620148 -0.28663894534111023 0.06480176746845245
-0.3799469769001007 -0.17027553915977478 0.04574180394411087
-0.030333377420902252 -0.18336515128612518 0.11679991334676743
-0.06508535146713257 -0.32192519307136536 0.0052069975063204765
-0.2725907862186432 -0.1726822406053543 -0.46257367730140686
0.17961011826992035 -0.3199085593223572 -0.12084244936704636
0.1259528249502182 0.012694187462329865 0.29594507813453674
-0.03247062861919403 0.011967070400714874 0.2757076621055603
0.05371146276593208 -0.09686775505542755 0.18773099780082703
-0.1555502861738205 -0.06719576567411423 0.1726125031709671
-0.09694147855043411 -0.19123102724552155 0.15841615200042725
0.17665162682533264 -0.10003960132598877 0.16955091059207916
-0.0801989808678627 -0.20870675146579742 -0.1289745271205902
-0.08020280301570892 -0.3287644386291504 -0.0465654656291008
0.37275567650794983 -0.24078652262687683 -0.16803455352783203
0.03643856197595596 -0.29901233315467834 0.08035951852798462
-0.09272479265928268 -0.2824079692363739 -0.12412136048078537
0.03659211844205856 -0.2653849720954895 -0.07643827050924301
0.18674108386039734 -0.26247021555900574 0.13723503053188324
0.02519739419221878 -0.13682183623313904 0.2679150700569153
-0.08687428385019302 -0.381761372089386 -0.0013114160392433405
0.1306515485048294 -0.28157490491867065 0.10512911528348923
0.10829651355743408 -0.21972998976707458 -0.06700997054576874
-0.07836765050888062 -0.1659679263830185 -0.12171272188425064
0.19904494285583496 -0.23726516962051392 -0.15659670531749725
0.0353967510163784 -0.26591429114341736 -0.06867443025112152
0.17456072568893433 -0.17978200316429138 0.16360829770565033
-0.06515733152627945 -0.14361867308616638 0.27583444118499756
-0.10802943259477615 -0.13704164326190948 0.17476020753383636
0.15771406888961792 -0.0799427404999733 -0.011776482686400414
0.05447901040315628 -0.33632948994636536 -0.06672650575637817
-0.10413901507854462 -0.2869302034378052 -0.06367933750152588
0.27025488018989563 0.08965631574392319 0.028020203113555908
-0.18771441280841827 -0.08452923595905304 -0.04306548088788986
-0.10961012542247772 -0.15158246457576752 0.07601528614759445
0.06828640401363373 -0.19992229342460632 -0.08124381303787231
0.2315228134393692 -0.2493973970413208 -0.12102621793746948
-0.19854074716567993 -0.19357018172740936 -0.4823172688484192
0.11954199522733688 -0.1649654060602188 0.054746441543102264
0.18409934639930725 -0.36195048689842224 0.08704087138175964
0.044311098754405975 -0.206739142537117 0.13349372148513794
-0.16544705629348755 -0.22722335159778595 -0.1456306427717209
0.19163843989372253 -0.2951377034187317 -0.12180519104003906
-0.27892059087753296 -0.03448270633816719 0.04951797425746918
-0.34863537549972534 -0.13444875180721283 0.11472594738006592
0.10321104526519775 -0.32241177558898926 -0.013291604816913605
-0.05697571858763695 0.03117125853896141 0.4952316880226135
-0.012248247861862183 -0.30320608615875244 -0.0069183302111923695
0.09173055738210678 -0.31501737236976624 -0.23406358063220978
-0.03019295632839203 -0.21854329109191895 -0.08541877567768097
0.009626144543290138 -0.115892194211483 0.056235626339912415
0.061301928013563156 -0.36959511041641235 -0.0044038970954716206
-0.13125409185886383 0.011952828615903854 0.08597348630428314
0.054119862616062164 -0.3292789161205292 0.006655348930507898
0.07526570558547974 -0.07909493893384933 0.10546791553497314
-0.27737492322921753 -0.1652306765317917 0.1140880435705185
-0.09405691176652908 -0.3104623258113861 -0.10273367911577225
-0.33941805362701416 0.3024323582649231 -0.20470257103443146
0.14040550589561462 -0.2812044620513916 -0.013365715742111206
0.21434389054775238 0.08110092580318451 0.20915533602237701
-0.045672886073589325 -0.20661097764968872 0.1865297108888626
-0.10219784080982208 -0.043419502675533295 0.1173902228474617
0.06722094118595123 -0.21303844451904297 0.11282218247652054
0.03846650570631027 -0.0016619600355625153 -0.0017911940813064575
-0.000484344782307744 -0.18539254367351532 0.1264215111732483
-0.36695030331611633 0.08750486373901367 0.26699525117874146
-0.11808604747056961 -0.28899818658828735 -0.06932346522808075
-0.10837588459253311 -0.34531369805336 -0.11402293294668198
-0.028284287080168724 -0.3196975290775299 -0.0879133939743042
-0.01962129957973957 -0.2935238778591156 0.06796645373106003
-0.06724072247743607 -0.30966272950172424 0.07491181790828705
-0.22663064301013947 -0.257243275642395 -0.4145968556404114
0.031918786466121674 -0.1774282306432724 0.06740725040435791
0.05720635876059532 -0.16882064938545227 0.21196331083774567
-0.0005989091005176306 -0.23157818615436554 0.14912709593772888
0.048235826194286346 -0.27780696749687195 -0.20553690195083618
0.08306709676980972 0.1889466494321823 0.26177024841308594
-0.1725374013185501 -0.3156222403049469 -0.035327035933732986
0.24897369742393494 -0.20556028187274933 -0.20166298747062683
-0.0807274654507637 -0.2817733585834503 -0.2226710468530655
0.2206236571073532 -0.13968786597251892 0.2885138988494873
0.29776594042778015 -0.12406621128320694 -0.17924951016902924
-0.13034220039844513 -0.27576330304145813 -0.10245311260223389
0.38229355216026306 -0.24692249298095703 -0.14298461377620697
-0.04026239365339279 -0.03042852319777012 0.057012151926755905
0.11232920736074448 -0.2746206820011139 0.06379284709692001
-0.13489240407943726 -0.27748751640319824 0.15228138864040375
-0.2115597277879715 -0.058742355555295944 -0.04769621416926384
0.11054902523756027 0.004649255890399218 0.0019813855178654194
0.06462646275758743 -0.12379264086484909 0.2295144945383072
-0.13347525894641876 -0.19717103242874146 -0.03367218002676964
-0.03537473455071449 -0.1059861108660698 0.17046910524368286
0.041086554527282715 -0.320147305727005 0.0389506034553051
-0.0070038470439612865 -0.2714237570762634 0.032224636524915695
0.07343319058418274 -0.3295126259326935 0.0496339425444603
-0.016607219353318214 -0.2835440933704376 -0.14499123394489288
0.32501354813575745 -0.2557578682899475 -0.21125169098377228
0.031122740358114243 -0.275191992521286 0.05685572698712349
-0.27999764680862427 -0.21122746169567108 0.09373266249895096
0.0633000060915947 -0.1589955985546112 0.144988015294075
0.03919379413127899 -0.16674228012561798 0.017052918672561646
-0.03687024489045143 -0.33832934498786926 0.038281653076410294
0.00275861332193017 -0.1671132892370224 -0.3327251970767975
-0.1419282704591751 0.22256524860858917 0.6580643653869629
0.020890703424811363 -0.374172568321228 -0.16567236185073853
0.14354386925697327 -0.2652367055416107 0.032930195331573486
0.3201937675476074 -0.06747333705425262 -0.018938735127449036
0.05562780052423477 -0.3012775182723999 0.015270816162228584
0.42412781715393066 -0.10868902504444122 0.03203391283750534
-0.185589998960495 -0.1338786482810974 -0.14865538477897644
0.07905684411525726 -0.2652626037597656 0.003839310957118869
0.11507473140954971 -0.02851179987192154 0.28808143734931946
-0.0705905556678772 -0.0821688249707222 0.25369974970817566
0.11789552122354507 -0.2860729396343231 -0.01896549016237259
0.07992983609437943 -0.10773450136184692 0.20065556466579437
0.15498077869415283 -0.10262119770050049 0.06380592286586761
-0.19748187065124512 -0.18110191822052002 -0.12581223249435425
-0.12454298883676529 -0.02459397353231907 0.25852587819099426
-0.09175992012023926 -0.24633847177028656 0.10968621075153351
-0.0007308772765100002 0.15734170377254486 0.10505162924528122
-0.061675891280174255 -0.26492321491241455 -0.19613638520240784
-0.14483872056007385 -0.12071262300014496 -0.02217826433479786
-0.03699151799082756 -0.0626358911395073 0.22870412468910217
0.32634371519088745 -0.025396497920155525 -0.17699958384037018
-0.17648370563983917 0.17681556940078735 -0.17506465315818787
0.10853895545005798 -0.23557931184768677 0.09416098147630692
-0.06827947497367859 -0.30494314432144165 -0.16371598839759827
0.09203685075044632 -0.32482433319091797 0.004232687875628471
0.020066305994987488 -0.21188707649707794 0.14526842534542084
-0.030632399022579193 -0.18046222627162933 -0.22609639167785645
-0.24974334239959717 -0.2372291386127472 -0.29198750853538513
-0.015762880444526672 -0.3313070833683014 -0.031848013401031494
-0.05055655166506767 -0.1876237690448761 -0.18605388700962067
-0.26070308685302734 -0.05103055387735367 0.16719934344291687
-0.021968616172671318 -0.26317402720451355 0.14178220927715302
-0.010610703378915787 -0.10210370272397995 0.1727616786956787
0.03993741422891617 -0.2918907403945923 0.10884544253349304
-0.04414714127779007 -0.28636160492897034 -0.20924729108810425
-0.024406984448432922 -0.2463417500257492 -0.08875381946563721
0.024241836741566658 -0.04349394515156746 0.21500225365161896
-0.3600258231163025 -0.22881527245044708 -0.3542119264602661
-0.20421506464481354 -0.33254972100257874 -0.12823541462421417
-0.2121211141347885 -0.05802932381629944 -0.06957880407571793
-0.013064095750451088 -0.23090936243534088 -0.17312456667423248
-0.1468583196401596 -0.25845441222190857 0.11800889670848846
-0.10205397009849548 -0.285020649433136 -0.02576513960957527
-0.10968632996082306 -0.05748813971877098 0.28940945863723755
0.1496790200471878 -0.21287579834461212 0.1153264120221138
-0.42824047803878784 -0.13860633969306946 0.33568066358566284
-0.05045158416032791 -0.37093615531921387 0.0010168571025133133
0.06114582717418671 -0.3276427090167999 -0.03887845575809479
0.08872850239276886 -0.1744346171617508 0.21167080104351044
-0.01645936630666256 -0.06067584082484245 0.21930988132953644
-0.0869850143790245 -0.43163785338401794 0.043489471077919006
0.11149575561285019 -0.27337130904197693 -0.16681639850139618
0.18162420392036438 -0.061874207109212875 0.08541184663772583
0.053834475576877594 -0.3397376537322998 -0.15429715812206268
-0.11578784883022308 -0.0640643760561943 0.3270585834980011
-0.11381082981824875 -0.16103976964950562 0.04554228484630585
0.046830207109451294 0.029304465278983116 0.23121772706508636
-0.2810424864292145 -0.23184160888195038 0.13150887191295624
-0.11456708610057831 0.2111995667219162 0.12311931699514389
0.12846122682094574 -0.21831059455871582 -0.17258137464523315
-0.032393161207437515 -0.3646123707294464 0.04192104563117027
-0.012175409123301506 -0.30956047773361206 -0.14148853719234467
0.06187513843178749 -0.22392268478870392 0.2186262607574463
-0.03219220042228699 -0.14585794508457184 0.07461819052696228
-0.014340609312057495 -0.3368566632270813 0.01023930124938488
0.02881922945380211 -0.2966436743736267 0.09777229279279709
0.17746064066886902 -0.27067115902900696 -0.23624128103256226
-0.023429909721016884 -0.31007060408592224 0.03848590329289436
-0.0967797264456749 -0.3382730185985565 -0.02620120160281658
-0.0678473562002182 -0.3008476197719574 -0.13039611279964447
-0.04693961516022682 -0.31981369853019714 -0.06967489421367645
-0.09267862141132355 -0.20218506455421448 0.1732345074415207
0.0340302474796772 -0.26065564155578613 0.08023678511381149
0.10538101196289062 -0.2417607307434082 -0.01891598105430603
-0.10430271178483963 -0.13484571874141693 -0.2044074684381485
0.2439946085214615 -0.32645541429519653 -0.026426997035741806
0.0022969855926930904 -0.11456438153982162 -0.14724645018577576
0.3210621774196625 -0.17300234735012054 -0.27095359563827515
-0.03854813799262047 -0.2727038264274597 -0.13458748161792755
-0.08162567019462585 -0.15436427295207977 -0.08874192833900452
-0.03383899852633476 -0.30024176836013794 -0.19110214710235596
0.06435692310333252 -0.14395737648010254 -0.04143134504556656
0.13958187401294708 -0.22287215292453766 -0.07693836092948914
0.06769515573978424 -0.23687227070331573 -0.21020126342773438
0.13389624655246735 -0.33403316140174866 0.016350198537111282
0.1768423467874527 -0.19077642261981964 0.03262929618358612
-0.051102299243211746 -0.16321085393428802 0.03621521592140198
-0.12197571247816086 -0.2709712088108063 0.015102596953511238
0.1646135002374649 -0.18438240885734558 0.1357281655073166
-0.055965736508369446 -0.13150224089622498 0.15823256969451904
0.17338959872722626 -0.29069599509239197 -0.11760159581899643
-0.04409206658601761 -0.2422451227903366 -0.21728773415088654
-0.16104574501514435 -0.22844873368740082 0.12257414311170578
0.06870930641889572 -0.1057400181889534 0.2287079393863678
0.3205726742744446 -0.1736041158437729 -0.22983328998088837
0.01056346669793129 -0.19253715872764587 0.12704746425151825
-0.04790337011218071 -0.3294985294342041 -0.02095676213502884
-0.1830843836069107 -0.0038153990171849728 0.1671835333108902
-0.484639048576355 -0.19748331606388092 0.17835354804992676
0.10099085420370102 -0.1569368839263916 -0.0347246378660202
0.09066567569971085 -0.3057049512863159 -0.00736684026196599
0.02471974305808544 -0.33764660358428955 0.06084396317601204
0.005513807293027639 -0.29631903767585754 -0.12543027102947235
-0.11070175468921661 0.015252567827701569 0.12471156567335129
-0.1618552803993225 -0.18746089935302734 0.060576725751161575
-0.14653180539608002 -0.3162499964237213 -0.033799394965171814
0.04140414670109749 -0.35490837693214417 0.2106216847896576
0.07483676820993423 -0.3092890679836273 0.016504399478435516
-0.19107702374458313 -0.06932711601257324 -0.08936551213264465
0.004644494503736496 -0.20400309562683105 0.1632782369852066
-0.05566573888063431 -0.3158365786075592 0.08970742672681808
-0.1663285791873932 -0.061657484620809555 0.14115038514137268
0.06678354740142822 -0.3027437627315521 0.037551552057266235
0.18018242716789246 -0.29613053798675537 -0.17960086464881897
-0.08613218367099762 0.023889169096946716 0.01273362711071968
0.07263578474521637 -0.3278663456439972 -0.19484098255634308
-0.10075601935386658 -0.289578378200531 -0.31832268834114075
0.17593474686145782 -0.338744193315506 -0.025406336411833763
-0.17694847285747528 -0.2912103235721588 -0.08302800357341766
-0.04154643043875694 -0.13779202103614807 -0.2040623426437378
0.21853722631931305 -0.27457767724990845 0.04600273445248604
0.07458312064409256 -0.20851750671863556 0.09323576092720032
0.1876339614391327 -0.10482636094093323 -0.06600812077522278
0.1320442259311676 -0.0848541259765625 0.14701175689697266
0.05529508739709854 -0.31981360912323 0.03820591792464256
0.03277837485074997 -0.3458044230937958 0.04897170513868332
-0.14758698642253876 -0.3018741309642792 0.004293801262974739
-0.20402462780475616 -0.04469871520996094 0.040926188230514526
-0.042975910007953644 -0.2545214593410492 0.1434365063905716
-0.028492741286754608 -0.333008736371994 -0.0697997659444809
0.13799455761909485 -0.23572343587875366 -0.06237713620066643
-0.10612992197275162 -0.3120920956134796 -0.054844409227371216
0.02793932892382145 -0.2462318390607834 0.0888190045952797
0.2801733613014221 -0.07594332844018936 0.013391586020588875
-0.037571970373392105 -0.16503039002418518 0.2041177600622177
0.06092942878603935 -0.2881837487220764 -0.13711145520210266
0.18157626688480377 -0.23563037812709808 -0.017739472910761833
-0.15556403994560242 -0.30316293239593506 0.13443702459335327
0.22140814363956451 -0.27888548374176025 -0.11513445526361465
-0.14518702030181885 -0.30086612701416016 0.03274547681212425
-0.08236422389745712 -0.25537848472595215 -0.23759199678897858
-0.12421750277280807 -0.2687189280986786 0.020658189430832863
-0.215200737118721 -0.08504268527030945 -0.2951149344444275
-0.10498183220624924 -0.11964964866638184 0.22259990870952606
-0.3105390965938568 -0.235566645860672 -0.05304285138845444
0.1345311999320984 -0.300653874874115 0.030538368970155716
-0.12342822551727295 -0.14441987872123718 -0.18800130486488342
-0.003794696182012558 -0.10205109417438507 0.06930577754974365
-0.08964038640260696 0.04795276001095772 0.3779422640800476
-0.03952203691005707 -0.020442936569452286 0.2534061372280121
0.18506783246994019 -0.0548236183822155 0.13814644515514374
-0.021039078012108803 -0.07720905542373657 0.1390257030725479
-0.027772756293416023 -0.28005045652389526 0.12909331917762756
0.24412482976913452 -0.08800863474607468 -0.02348332479596138
0.006497576367110014 -0.30374565720558167 -0.0328935906291008
0.0607513003051281 -0.3170783817768097 -0.05403579771518707
-0.0015206355601549149 0.01774527132511139 0.10540647804737091
-0.027401680126786232 -0.03404846787452698 0.15332521498203278
0.05484509840607643 0.07365342974662781 -0.002644175197929144
0.10654792189598083 -0.26385176181793213 0.10391417145729065
-0.06453189253807068 -0.3299563229084015 -0.08366917073726654
-0.0056174397468566895 -0.28675562143325806 0.09752999246120453
0.0834931805729866 -0.22875812649726868 0.07151566445827484
-0.04322255030274391 -0.2467932105064392 0.14380347728729248
0.030365198850631714 -0.3390411138534546 -0.035530272871255875
-0.03962569311261177 -0.20588938891887665 0.035621527582407
-0.03021971881389618 -0.17109641432762146 0.06168997660279274
-0.21744921803474426 -0.23645852506160736 -0.1366938054561615
0.09685393422842026 -0.22924290597438812 0.1380106806755066
0.08556094020605087 -0.2950270175933838 0.05763445049524307
-0.018399858847260475 -0.11595235764980316 0.30271777510643005
0.06351633369922638 -0.34202054142951965 -0.04423615336418152
0.07989732921123505 -0.11282286047935486 0.1762239933013916
-0.2429119348526001 0.00011973304208368063 -0.2608736455440521
0.11642806231975555 -0.24088020622730255 -0.04904315993189812
-0.16118881106376648 -0.23970447480678558 -0.14864179491996765
-0.03407956659793854 -0.2965708076953888 -0.11859529465436935
0.07486387342214584 -0.255161315202713 -0.05186889320611954
0.12381847947835922 -0.3192494213581085 -0.060535937547683716
0.07945335656404495 -0.09749174863100052 -0.028582699596881866
0.048401787877082825 -0.3271423578262329 0.056030403822660446
-0.20972701907157898 -0.2124473601579666 0.05905091017484665
0.07870794832706451 -0.14447206258773804 -0.2506970167160034
0.23496851325035095 -0.32393044233322144 0.01673419214785099
-0.08504363894462585 -0.225835919380188 0.14488351345062256
-0.09011835604906082 -0.27971479296684265 0.13067448139190674
0.012724269181489944 -0.05571652203798294 0.25442254543304443
0.143820658326149 -0.2962295114994049 -0.2144312709569931
0.0011949732434004545 -0.14512383937835693 0.14013123512268066
-0.06884551048278809 -0.07446106523275375 -0.07816880196332932
-0.2490074336528778 -0.10258716344833374 -0.14281581342220306
-0.026457488536834717 -0.3469461500644684 -0.0052842334844172
-0.03568842634558678 -0.28894686698913574 0.06338028609752655
-0.3406388759613037 -0.0687529668211937 -0.14706844091415405
0.11830523610115051 -0.2363114356994629 -0.09461761265993118
0.1681986153125763 -0.24028818309307098 -0.09822709858417511
0.002677071373909712 -0.19187410175800323 0.11156944185495377
-0.1030530259013176 -0.2969689667224884 -0.012070858851075172
0.11477290838956833 -0.3235115110874176 -0.26141121983528137
0.01306518167257309 -0.19490478932857513 0.05515911802649498
-0.3173390328884125 0.09463074803352356 0.047843437641859055
-0.1683187633752823 -0.328071653842926 0.10895764827728271
0.2434990555047989 -0.29414859414100647 0.01672731526196003
0.02180681936442852 -0.28117895126342773 0.03862443566322327
0.1561920940876007 -0.11392476409673691 0.1454886496067047
0.09125278145074844 -0.16353054344654083 0.13684788346290588
0.3279997706413269 -0.08292945474386215 0.1532825529575348
0.012314833700656891 -0.1361926943063736 0.2336275428533554
-0.1392172873020172 -0.13274821639060974 -0.20826885104179382
-0.09116978198289871 -0.15908730030059814 0.07613986730575562
-0.2112317830324173 -0.2334175407886505 -0.20793186128139496
-0.07421977072954178 -0.3003515303134918 -0.1726108193397522
-0.2546638548374176 -0.25254422426223755 -0.0003920758608728647
0.04068385809659958 -0.3207956850528717 -0.13343025743961334
0.5013096928596497 -0.03026776947081089 0.0680340975522995
-0.05316678434610367 -0.25872984528541565 -0.11797328293323517
0.14097222685813904 -0.2775927186012268 -0.3132300078868866
0.10862495005130768 -0.016466278582811356 0.27118200063705444
0.15386033058166504 0.005674689542502165 -0.25332218408584595
-0.0687193050980568 -0.09153544157743454 0.21496115624904633
0.22979527711868286 -0.3088429868221283 -0.020025096833705902
0.05530945584177971 -0.4206031262874603 0.15369108319282532
0.053924329578876495 -0.34190478920936584 0.007608812768012285
0.2342158704996109 -0.26475247740745544 0.24499911069869995
-0.0598735436797142 -0.2966727316379547 -0.14959558844566345
-0.09290953725576401 -0.10875621438026428 0.13875417411327362
-0.22843891382217407 -0.14092516899108887 -0.26885899901390076
0.163594588637352 -0.21576903760433197 0.007609108928591013
0.0395611971616745 -0.28256329894065857 0.006859275046736002
0.047504816204309464 -0.3256455063819885 -0.033546097576618195
-0.29580795764923096 -0.19919171929359436 -0.20420098304748535
0.21427437663078308 0.06791453063488007 0.17805388569831848
0.11370883136987686 -0.3282659649848938 0.06503598392009735
0.04799029603600502 -0.2675502896308899 -0.19956110417842865
0.31674492359161377 -0.020002618432044983 0.17878217995166779
0.2670729160308838 -0.23512420058250427 -0.1249883845448494
0.03244677186012268 -0.10998301208019257 0.21330375969409943
0.06336108595132828 -0.30570685863494873 -0.10115616768598557
0.027093086391687393 -0.21679504215717316 0.14997166395187378
-0.0269789919257164 -0.09229113906621933 0.25826767086982727
0.16248615086078644 -0.32236090302467346 0.03506292775273323
0.02356269769370556 -0.3089626729488373 0.0725063681602478
-0.19614464044570923 -0.04684931039810181 0.2686815559864044
-0.3302096724510193 -0.05055403709411621 -0.012148967012763023
-0.008046304807066917 -0.30182328820228577 -0.14327816665172577
0.006077857222408056 -0.28324490785598755 -0.2273985594511032
-0.1409458965063095 -0.13952501118183136 -0.1739128977060318
-0.10895367711782455 -0.2569506764411926 -0.003051376435905695
-0.17191286385059357 -0.2966431677341461 -0.06795350462198257
-0.0963226929306984 -0.2090887576341629 -0.05171792209148407
-0.030716348439455032 -0.31834232807159424 -0.12885962426662445
0.13604237139225006 -0.10489951819181442 0.13770681619644165
0.20280373096466064 -0.3163062334060669 0.00511020515114069
-0.1425664722919464 -0.30679595470428467 -0.017634321004152298
-0.10915073752403259 -0.09957044571638107 -0.027078542858362198
0.05974859371781349 -0.12729321420192719 0.16899922490119934
0.08768869191408157 -0.2223658710718155 -0.19280679523944855
0.1245604082942009 -0.29466062784194946 0.09249015152454376
0.1946878582239151 -0.16898642480373383 0.0869482085108757
0.11308130621910095 -0.19905869662761688 -0.12916253507137299
0.040037404745817184 -0.33336442708969116 -0.04790113866329193
-0.21321618556976318 -0.2332710325717926 0.0856977105140686
-0.04137018322944641 0.03909838944673538 0.28755274415016174
0.10295866429805756 -0.2732795178890228 -0.24485714733600616
-0.17927336692810059 -0.1682666838169098 0.11534206569194794
0.2219451665878296 -0.057755518704652786 0.1537175178527832
0.023194439709186554 -0.3136962652206421 -0.06995363533496857
-0.02025984786450863 -0.06693757325410843 -0.10755526274442673
0.07822836935520172 -0.18178817629814148 0.11495865881443024
0.09601927548646927 -0.21120408177375793 -0.15560925006866455
0.1383933424949646 -0.18312354385852814 0.23234662413597107
0.06524230539798737 -0.2672692537307739 -0.05381501093506813
-1.760898157954216e-06 -0.347141295671463 -0.055468007922172546
-0.28112882375717163 -0.07942840456962585 -0.19049739837646484
-0.0769096314907074 -0.08032865822315216 0.0358695350587368
-0.3785421848297119 -0.08618675917387009 0.07959743589162827
-0.046095337718725204 -0.25556522607803345 0.12640388309955597
0.21412360668182373 -0.3079540729522705 -0.0940699428319931
-0.038754191249608994 -0.3102145493030548 0.06292599439620972
-0.197854146361351 -0.10411403328180313 0.16817006468772888
0.04375641793012619 -0.13962341845035553 0.11952028423547745
-0.18276672065258026 -0.18724772334098816 0.0489254966378212
0.09082527458667755 -0.10261082649230957 0.10440623015165329
0.1888270080089569 -0.2392902970314026 0.1457403600215912
0.14841710031032562 -0.2883254885673523 -0.15056581795215607
0.08271915465593338 -0.22543373703956604 -0.29572218656539917
0.1674792766571045 -0.15168258547782898 0.08823829889297485
-0.22669385373592377 -0.12577055394649506 -0.016094142571091652
0.06001723185181618 0.35366883873939514 0.316617488861084
0.2802305817604065 -0.22264575958251953 0.07100732624530792
0.09064171463251114 -0.21518564224243164 0.07522754371166229
-0.10579082369804382 -0.2874303162097931 0.01936747133731842
0.12679943442344666 -0.18420512974262238 -0.09001073986291885
-0.1736026555299759 -0.12119759619235992 0.16095054149627686
0.04727673903107643 -0.26829907298088074 0.030382972210645676
-0.23389214277267456 -0.2852645218372345 0.039824020117521286
-0.14055033028125763 -0.1337519884109497 0.10360235720872879
-0.0933309942483902 -0.1185721755027771 -0.18716761469841003
-0.25991880893707275 0.10988365858793259 0.09053920954465866
-0.11784052848815918 0.04087396711111069 0.420961856842041
0.23534128069877625 -0.30896374583244324 0.006782726850360632
-0.23906069993972778 -0.3076658844947815 -0.06633198261260986
0.09784132987260818 -0.3148372173309326 -0.038392212241888046
-0.06994134187698364 -0.2963152825832367 0.08187060058116913
0.005938264541327953 -0.30365437269210815 -0.016677288338541985
-0.0251906868070364 -0.3219732642173767 0.08570738881826401
-0.19388450682163239 -0.26861831545829773 0.043498046696186066
-0.05002265423536301 -0.23329246044158936 -0.14828968048095703
-0.12367812544107437 -0.2484527975320816 0.09980951994657516
-0.24502971768379211 0.009283497929573059 -0.11984837055206299
-0.11326953768730164 -0.2936444878578186 -0.04981871694326401
-0.02319752424955368 -0.3104613125324249 -0.1298496425151825
-0.10669868439435959 0.1265334039926529 0.45129430294036865
0.06291740387678146 -0.19497336447238922 -0.05498945713043213
0.09720548987388611 -0.08783787488937378 0.11685749888420105
0.10770078003406525 -0.281625896692276 -0.10341580212116241
0.1615215688943863 -0.3391678035259247 0.018711363896727562
-0.056932803243398666 -0.2650112211704254 -0.0542466938495636
-0.085909403860569 0.0004698435077443719 0.12458674609661102
0.07642696797847748 -0.1730053573846817 0.18719802796840668
0.15809403359889984 0.10745111852884293 0.3946830630302429
-0.11875402927398682 -0.2489219307899475 0.1332356333732605
-0.3219703435897827 -0.2579532861709595 -0.20638424158096313
0.10187730938196182 -0.3097780644893646 -0.024763740599155426
0.07276090979576111 -0.2897831201553345 0.03274684026837349
-0.2551076412200928 -0.1327471286058426 -0.011671202257275581
-0.051061633974313736 -0.1345359981060028 0.09094741195440292
0.07695081830024719 -0.25526943802833557 -0.13985507190227509
0.17837052047252655 -0.04026668891310692 0.1943451315164566
0.06918026506900787 -0.24844862520694733 0.14762231707572937
-0.1477116197347641 -0.2928467392921448 -0.17333528399467468
0.0058235712349414825 0.07267749309539795 0.13566525280475616
-0.021767696365714073 -0.3015941083431244 0.07152197510004044
0.01896720752120018 -0.08385615050792694 0.2566579282283783
0.18989746272563934 -0.05480566993355751 0.08401133865118027
0.09832355380058289 -0.004096206743270159 0.11937332153320312
-0.14580106735229492 -0.3384036123752594 -0.007000323850661516
0.07102750241756439 0.1966126263141632 0.08037789165973663
-0.03575346991419792 -0.26287493109703064 0.02759375050663948
0.024829424917697906 -0.11209692806005478 0.08109156042337418
0.14167113602161407 0.10147882252931595 0.18445438146591187
0.13079684972763062 -0.3278813064098358 -0.018342405557632446
0.0984097570180893 -0.19001345336437225 0.111443892121315
-0.022516466677188873 -0.030133703723549843 0.06688179075717926
0.02965286187827587 -0.2715313136577606 0.2894962430000305
0.20624975860118866 -0.31316983699798584 0.08470253646373749
0.006995251402258873 -0.29202595353126526 0.08441892266273499
-0.09792172908782959 -0.32719263434410095 0.0740017518401146
0.02015583962202072 -0.25644463300704956 -0.26454129815101624
0.2978501617908478 -0.1388627290725708 -0.2510216236114502
0.12877795100212097 -0.3083959221839905 0.009535546414554119
0.02583654783666134 -0.3020838797092438 -0.11936627328395844
-0.1579570174217224 -0.26741281151771545 0.11092053353786469
0.07747891545295715 -0.2826097011566162 -0.004351596813648939
-0.11410810053348541 -0.24856773018836975 -0.0065889437682926655
0.022535189986228943 -0.22912542521953583 0.09025019407272339
0.049156349152326584 -0.32054367661476135 -0.15953870117664337
0.01082632876932621 -0.072349414229393 0.03587814047932625
-0.19087643921375275 -0.0853283479809761 0.16459441184997559
-0.21251481771469116 -0.18311206996440887 0.10015106201171875
-0.019250649958848953 -0.206296905875206 -0.10426630824804306
0.012369165197014809 -0.2992980182170868 -0.15141205489635468
0.28748926520347595 -0.21801166236400604 0.022352145984768867
0.3198924958705902 -0.19459056854248047 -0.03586655110120773
0.1451038122177124 -0.1837552934885025 -0.0035662921145558357
-0.3560752272605896 -0.21274761855602264 -0.035537656396627426
0.15496808290481567 0.06270639598369598 -0.09253457933664322
-0.04562540724873543 -0.11710476130247116 -0.3380945026874542
0.07117260247468948 -0.11920143663883209 0.0790984034538269
-0.27478334307670593 -0.17877820134162903 0.0005569095956161618
-0.20262092351913452 0.09026779234409332 0.3752553462982178
-0.04005281627178192 -0.31389835476875305 0.015702586621046066
-0.0031569930724799633 -0.34986403584480286 -0.004971570800989866
-0.15642516314983368 -0.32777291536331177 -0.07082221657037735
-0.09284847229719162 -0.2429869920015335 0.04997442290186882
-0.20638777315616608 0.07532461732625961 0.23561793565750122
0.02155379392206669 -0.2988443076610565 -0.015197070315480232
-0.2624375820159912 -0.19958342611789703 0.0648127868771553
0.1778283268213272 -0.27111485600471497 -0.03205282986164093
-0.0462525300681591 -0.12660057842731476 0.19098156690597534
-0.17218272387981415 -0.23673507571220398 -0.34023311734199524
0.07523079216480255 -0.22454889118671417 0.09227956831455231
0.12042277306318283 -0.07584252208471298 -0.14145955443382263
-0.06854454427957535 -0.2858499586582184 0.09490565210580826
0.12997810542583466 -0.30356332659721375 -0.010109199211001396
-0.14344972372055054 -0.10760816186666489 0.017135530710220337
-0.15499566495418549 -0.257246732711792 -0.17056022584438324
0.2218797206878662 0.006041448097676039 0.06277864426374435
0.13981708884239197 0.3372376561164856 0.45994654297828674
0.29744431376457214 6.634253077208996e-05 0.10576131939888
0.11147535592317581 -0.041967250406742096 0.20166733860969543
-0.15730984508991241 0.08796705305576324 0.15956664085388184
0.18961071968078613 -0.2149614691734314 0.07090301066637039
0.20262329280376434 -0.06804770976305008 0.0028978995978832245
-0.02853935956954956 -0.18727193772792816 0.0925014391541481
-0.0830421969294548 -0.10068971663713455 -0.022347917780280113
-0.05417821928858757 0.08448070287704468 0.27942758798599243
0.0044591850601136684 -0.313732385635376 -0.005928827915340662
-0.00560184707865119 -0.17314577102661133 0.006675794720649719
0.2128939926624298 -0.12480490654706955 -0.12519106268882751
-0.041981883347034454 -0.31141069531440735 0.007119379471987486
-0.11572443693876266 -0.2785399854183197 0.05891942232847214
0.1351565569639206 -0.2836824357509613 0.09463266283273697
-0.05026824027299881 0.11224110424518585 0.46330463886260986
0.06916483491659164 -0.31588074564933777 -0.07673189043998718
0.03832157328724861 -0.3117632269859314 0.023542573675513268
-0.09822436422109604 -0.12562432885169983 -0.010042941197752953
0.06580198556184769 -0.34327074885368347 0.10131921619176865
-0.1572842001914978 0.02532585710287094 0.26239994168281555
0.09910886734724045 -0.42671096324920654 -0.005837221629917622
0.2051442712545395 -0.1049889400601387 -0.019942939281463623
0.06057796999812126 -0.3575690686702728 -0.04283764958381653
-0.34856995940208435 0.07247365266084671 0.17523348331451416
0.1809389889240265 -0.2959601879119873 -0.0937533974647522
0.21926060318946838 -0.28484293818473816 -0.07038245350122452
0.03937840834259987 -0.09880047291517258 0.09325794875621796
0.16398116946220398 -0.25620630383491516 0.06667695939540863
-0.06946037709712982 -0.3247361183166504 -0.09763439744710922
0.1060619130730629 -0.18027639389038086 -0.10028567910194397
-0.09104952961206436 -0.2737639546394348 -0.17122945189476013
-0.06653503328561783 -0.3385085463523865 0.18932048976421356
0.11467039585113525 -0.293761283159256 0.08463598787784576
0.022991467267274857 -0.032299332320690155 0.21024617552757263
-0.051470424979925156 0.13738179206848145 0.3712206184864044
0.017986509948968887 -0.18331582844257355 -0.004106341861188412
-0.09389723837375641 -0.26407328248023987 -0.14517727494239807
0.013509528711438179 -0.3122439682483673 0.01132877729833126
-0.12555131316184998 -0.20351573824882507 0.13748012483119965
-0.21374787390232086 -0.14327962696552277 0.11671746522188187
-0.14201271533966064 -0.2809852361679077 0.11379525065422058
-0.18881139159202576 -0.21330155432224274 -0.05017220601439476
-0.046264540404081345 -0.11715230345726013 0.07905812561511993
0.05501437932252884 -0.016490081325173378 0.2970302999019623
0.15868885815143585 0.2451510727405548 0.3730557858943939
-0.021213756874203682 -0.3183995485305786 0.2248425930738449
0.046236101537942886 -0.1918468177318573 0.07176972925662994
-0.10849607735872269 -0.32539305090904236 -0.09239564090967178
0.15304778516292572 -0.21244943141937256 -0.05961589142680168
0.2806364893913269 0.006230831611901522 0.061756156384944916
-0.04445715621113777 -0.34177717566490173 -0.0773431584239006
0.1071564108133316 -0.2398110181093216 0.07404492050409317
0.15201552212238312 -0.2976929843425751 -0.16268081963062286
0.07249584048986435 -0.13393047451972961 0.18701376020908356
-0.13971008360385895 -0.26408857107162476 -0.17743009328842163
0.06654653698205948 -0.173920676112175 0.017941750586032867
0.224872425198555 -0.22627641260623932 -0.22121836245059967
-0.02148979716002941 -0.3267148435115814 0.12813639640808105
-0.10566039383411407 0.0016539737116545439 0.3673771917819977
0.21404942870140076 -0.28340214490890503 -0.10751087218523026
-0.23533952236175537 -0.11155431717634201 0.20954585075378418
0.1464863419532776 -0.10921917110681534 0.03918622434139252
0.06137103959918022 -0.1598600298166275 0.1497880220413208
-0.28901293873786926 -0.2181791067123413 0.17729154229164124
-0.25483012199401855 -0.05599061772227287 -0.07363582402467728
-0.08859709650278091 -0.0928872600197792 -0.12881878018379211
-0.1500333845615387 -0.19979166984558105 -0.0518844872713089
0.16193605959415436 -0.11279824376106262 0.06648597866296768
0.0759490504860878 -0.2955677807331085 0.15811893343925476
0.2368275374174118 -0.29486599564552307 -0.08846208453178406
0.28899699449539185 -0.2290436178445816 0.12569904327392578
0.028300691395998 -0.3469983637332916 0.05203033611178398
0.1094999685883522 -0.209840327501297 0.16248518228530884
0.06813769787549973 -0.29645615816116333 -0.3787684440612793
0.15059293806552887 -0.2155318409204483 0.052551183849573135
0.03828119486570358 -0.3292994797229767 0.14012813568115234
0.038371726870536804 -0.2656570374965668 -0.07961314171552658
0.11686476320028305 -0.002046117791905999 0.2515144944190979
0.23424966633319855 -0.08864021301269531 0.09129276871681213
-0.11598648875951767 -0.29671135544776917 0.04303380474448204
0.0409393236041069 -0.31466442346572876 -0.015601001679897308
0.08737600594758987 -0.08456718176603317 0.38530027866363525
-0.060863856226205826 -0.2354082614183426 -0.0561683289706707
-0.004677527118474245 0.04210953414440155 0.26090288162231445
0.2260631024837494 -0.03917965665459633 0.11026398837566376
0.11335569620132446 -0.0959894210100174 -0.1574685126543045
-0.2582258880138397 -0.12563790380954742 0.06371074169874191
-0.3074183464050293 -0.15173068642616272 0.18268883228302002
-0.11874391883611679 -0.34375301003456116 0.040073905140161514
-0.013950787484645844 -0.028106026351451874 0.22381241619586945
0.23571312427520752 -0.31405583024024963 0.004486783407628536
0.1327192485332489 -0.24525590240955353 -0.0876038670539856
-0.08672165870666504 -0.3304884731769562 -0.05122171342372894
-0.11627396196126938 -0.31704893708229065 -0.06824484467506409
0.0661759078502655 -0.30428415536880493 -0.20943966507911682
0.13854379951953888 -0.2995077967643738 0.04458458349108696
0.12840595841407776 -0.19852879643440247 -0.07563219964504242
-0.15469926595687866 -0.3332033157348633 0.12783649563789368
0.03648679703474045 -0.07249243557453156 0.1948438584804535
0.10131364315748215 -0.28033527731895447 -0.07568684965372086
0.24867135286331177 -0.22829708456993103 0.034907154738903046
-0.3361785411834717 -0.04080434888601303 0.0463377945125103
-0.17143802344799042 -0.16622987389564514 -0.24445340037345886
-0.10334562510251999 -0.2878141403198242 -0.012632966041564941
-0.13794134557247162 -0.13547605276107788 0.14547185599803925
-0.3552502393722534 -0.137229323387146 -0.07097554206848145
-0.06536585092544556 -0.24792851507663727 -0.26510974764823914
0.20405015349388123 -0.1912556290626526 0.13876131176948547
0.11311506479978561 -0.0234002023935318 0.033721473067998886
-0.03511032462120056 -0.25210922956466675 0.05595340207219124
-0.08920349180698395 -0.20653009414672852 -0.37099626660346985
0.027233228087425232 -0.28754743933677673 -0.157593235373497
-0.07656800001859665 -0.3157486021518707 0.03533437103033066
0.05853518098592758 0.059200458228588104 0.32387158274650574
-0.07057169079780579 0.02174513228237629 0.11643239855766296
0.054670754820108414 0.060180433094501495 0.14815352857112885
-0.2682719826698303 -0.14250238239765167 0.15184439718723297
-0.14202696084976196 -0.018810318782925606 0.026022614911198616
-0.06644275784492493 -0.31995531916618347 0.06694921106100082
-0.02963286079466343 -0.2532314658164978 -0.01966497302055359
-0.041275009512901306 -0.3104012608528137 -0.10714173316955566
-0.10132639855146408 -0.31091025471687317 -0.28959619998931885
-0.15777049958705902 -0.33828437328338623 0.06332522630691528
-0.04861118271946907 -0.20211561024188995 0.2197599560022354
0.14945049583911896 -0.19899946451187134 -0.16342654824256897
0.005170774646103382 -0.28774404525756836 0.04843553155660629
0.12889613211154938 -0.26936906576156616 0.13273057341575623
0.12041554600000381 -0.235624298453331 0.10236445814371109
-0.02420221082866192 -0.153593972325325 0.10846870392560959
0.053394999355077744 -0.28734445571899414 0.03449605405330658
-0.15294219553470612 -0.0522749163210392 0.0006347352173179388
0.18393433094024658 -0.2518845498561859 -0.022455880418419838
0.19905050098896027 -0.2557188868522644 0.011008044704794884
0.024638719856739044 -0.16511738300323486 0.2111656367778778
-0.1385650783777237 -0.10286898165941238 -0.23615573346614838
0.10641525685787201 -0.22204086184501648 0.013369858264923096
0.07474351674318314 -0.28027597069740295 -0.02030063048005104
0.10380116105079651 -0.29417312145233154 0.1024622768163681
0.1680336445569992 -0.07795080542564392 0.15682826936244965
0.10840538144111633 -0.2849200367927551 0.21551327407360077
0.14170147478580475 -0.544295072555542 -0.6437177658081055
0.1455317586660385 -0.14562565088272095 0.02986082062125206
-0.08144598454236984 -0.24350623786449432 0.17384827136993408
0.1804465800523758 -0.3138972222805023 0.0017228700453415513
-0.21681874990463257 -0.33453667163848877 0.0028749285265803337
-0.36506226658821106 -0.29719820618629456 0.0641343966126442
-0.1078772097826004 -0.1913321316242218 -0.1277334988117218
-0.12295767664909363 -0.20113874971866608 -0.22056230902671814
0.09536438435316086 -0.32509610056877136 0.018219206482172012
0.26498404145240784 -0.18623211979866028 -0.08022145926952362
-0.08678688108921051 -0.22473976016044617 -0.030966660007834435
0.16616326570510864 -0.3061853051185608 -0.04616682231426239
0.19394737482070923 -0.33427879214286804 -0.29871541261672974
-0.23249027132987976 -0.3152802288532257 -0.032344527542591095
0.09978529065847397 -0.07356250286102295 0.12940511107444763
0.14113764464855194 -0.2973364293575287 -0.20639023184776306
0.1940118968486786 -0.17502176761627197 -0.08512510359287262
0.08966632187366486 -0.2901005148887634 -0.25672271847724915
-0.1946265697479248 -0.10314410924911499 -0.012118741869926453
-0.06214231252670288 -0.3349345624446869 -0.3208507299423218
-0.22393536567687988 -0.15413348376750946 0.06158982962369919
-0.0730287954211235 -0.2013079673051834 -0.028600657358765602
0.02411254122853279 -0.20166827738285065 -0.18131700158119202
0.12289828062057495 -0.12254904955625534 0.2252882570028305
0.14569035172462463 -0.27913162112236023 0.061911843717098236
-0.06906510889530182 -0.04815277084708214 -0.029846126213669777
-0.23014771938323975 -0.2789890766143799 0.009644577279686928
0.2682916522026062 -0.18482746183872223 -0.03473261371254921
-0.1451677680015564 -0.0949915423989296 0.017579717561602592
0.03828947991132736 0.026136908680200577 0.28451046347618103
0.16156929731369019 0.13106225430965424 0.4640011489391327
-0.09525046497583389 -0.10847939550876617 -0.011274384334683418
-0.13376884162425995 -0.11864688992500305 0.024641141295433044
-0.025280311703681946 -0.29832759499549866 0.07832112163305283
-0.005253851413726807 -0.1254298835992813 0.01939309947192669
0.005353517364710569 -0.11023709923028946 -0.19224217534065247
-0.0076412842608988285 -0.13754869997501373 0.24303776025772095
0.1966353952884674 -0.26279762387275696 0.09067323058843613
-0.030832719057798386 -0.17818208038806915 -0.07761649787425995
0.2322549819946289 -0.39097923040390015 -0.04327753558754921
-0.26695021986961365 -0.2879742681980133 0.09643462300300598
0.20561107993125916 -0.27951809763908386 -0.10918793827295303
0.02098379284143448 -0.32216888666152954 -0.010013457387685776
0.10737308859825134 -0.04544210061430931 0.2610069215297699
-0.11761712282896042 -0.18629886209964752 0.2658195197582245
-0.01627616211771965 -0.2403317391872406 -0.019219711422920227
0.019384438171982765 -0.15998896956443787 -0.0035588755272328854
0.04739030450582504 -0.2579129934310913 0.039090465754270554
0.03477582708001137 0.2006528675556183 0.09910105168819427
0.10714272409677505 -0.23465412855148315 0.09529759734869003
0.055788423866033554 -0.27032768726348877 0.05823245272040367
-0.00931977853178978 0.06766510754823685 0.3176996111869812
0.07881268858909607 0.2143714427947998 0.02646607533097267
-0.16546064615249634 -0.2738312780857086 0.048707377165555954
-0.023280488327145576 -0.2976841330528259 0.09757457673549652
0.11853150278329849 -0.3426264524459839 -0.03515977784991264
0.19636693596839905 -0.14415927231311798 -0.04278510436415672
-0.1300715208053589 0.17509500682353973 0.24889101088047028
0.18856647610664368 -0.043070171028375626 0.16069526970386505
0.02451934851706028 -0.32988274097442627 -0.03402141481637955
-0.18206535279750824 -0.1992492526769638 -0.1692608892917633
0.04594280570745468 -0.2695235311985016 0.11418861895799637
-0.05164526402950287 -0.3502081334590912 0.0042001791298389435
0.06658388674259186 -0.05683764070272446 0.24837292730808258
-0.13765224814414978 -0.07606397569179535 -0.0078843142837286
0.07608918845653534 -0.27194616198539734 0.040033772587776184
0.055601466447114944 -0.23821185529232025 0.1661965698003769
-0.024236785247921944 -0.25129634141921997 -0.10533925145864487
-0.05626959726214409 -0.29151594638824463 0.01008608564734459
-0.19470158219337463 -0.10842422395944595 0.07815402746200562
0.05452406406402588 -0.2907012104988098 -0.2562505602836609
-0.013711325824260712 -0.12490431219339371 0.041813191026449203
0.08919857442378998 -0.033819857984781265 0.271579384803772
-0.09211337566375732 -0.27402234077453613 -0.30033209919929504
0.11023189127445221 -0.08041873574256897 -0.19367559254169464
-0.014850402250885963 -0.1424548178911209 -0.14109382033348083
-0.027789287269115448 -0.3161594271659851 -0.03572051599621773
-0.026613231748342514 0.08543180674314499 0.10566891729831696
0.037873122841119766 0.002280412707477808 -0.3062994182109833
0.07317736744880676 -0.29898327589035034 -0.21828845143318176
0.061916060745716095 -0.032274529337882996 -0.23757539689540863
-0.09965550154447556 -0.2917393445968628 0.09155475348234177
0.19436250627040863 -0.2988143563270569 0.07323744893074036
-0.07808498293161392 -0.2219303995370865 -0.0782143846154213
-0.06736987084150314 -0.2896198034286499 -0.04340403527021408
0.17400574684143066 -0.2015441209077835 0.1657724529504776
-0.29164108633995056 -0.06603817641735077 -0.0629921704530716
-0.04183827340602875 -0.1950007528066635 -0.04644596949219704
-0.5731252431869507 0.03663433715701103 -0.1572263240814209
-0.32034575939178467 -0.27214351296424866 0.08094966411590576
-0.35496771335601807 -0.06691639870405197 0.24035857617855072
0.07160960137844086 -0.2861103117465973 0.1254279911518097
0.046467795968055725 0.02063310332596302 0.12317657470703125
-0.1753259301185608 0.016938038170337677 -0.10990478098392487
0.15351374447345734 0.06052207946777344 -0.05542931705713272
0.035748712718486786 -0.10811977833509445 0.29564738273620605
-0.10179489850997925 -0.24777744710445404 0.119948610663414
-0.10356878489255905 -0.264872670173645 -0.176400288939476
-0.15288522839546204 -0.2670834958553314 -0.16206219792366028
0.30721598863601685 -0.34753406047821045 -0.01785847544670105
0.08858627825975418 -0.3318629264831543 -0.0048942770808935165
0.08817803859710693 -0.21729427576065063 0.11031608283519745
-0.19310852885246277 -0.08584079891443253 0.13088291883468628
0.12192374467849731 -0.3254225254058838 -0.053283996880054474
-0.07616034150123596 -0.10654275864362717 0.21417270600795746
0.011479122564196587 -0.22186462581157684 0.23858968913555145
-0.11254595220088959 -0.21828137338161469 -0.0837053582072258
-0.2211923748254776 -0.06705109030008316 0.0882684513926506
-0.10121987015008926 -0.12056300789117813 -0.057742491364479065
0.06507504731416702 -0.288693904876709 -0.17055454850196838
0.08306532353162766 -0.30213382840156555 -0.23171266913414001
0.01760244183242321 -0.33409759402275085 -0.0894513949751854
0.007182980887591839 -0.322002112865448 -0.10715974122285843
-0.03210869058966637 -0.3014857769012451 0.09525720030069351
0.010932475328445435 -0.04886593297123909 -0.11551225930452347
0.15771354734897614 -0.28240180015563965 0.1410852074623108
-0.008986009284853935 -0.5148462057113647 -0.33088189363479614
0.13913372159004211 -0.17699319124221802 0.013688096776604652
0.10267287492752075 -0.05554385110735893 0.3683575987815857
0.03251855820417404 -0.3133614659309387 -0.08310633152723312
-0.24929091334342957 -0.23531357944011688 0.008639633655548096
0.22780638933181763 -0.28218185901641846 -0.24099411070346832
-0.17112843692302704 0.030161475762724876 0.284206748008728
0.10506744682788849 -0.2456885427236557 -0.05473208427429199
-0.0944807156920433 -0.1674657016992569 0.3020656406879425
-0.03533349186182022 -0.3392814099788666 -0.07902227342128754
-0.20550157129764557 -0.20647798478603363 0.16323110461235046
0.019781550392508507 -0.280332088470459 0.025640545412898064
0.061327554285526276 -0.2710435390472412 -0.12132210284471512
0.10061594098806381 -0.16758932173252106 -0.004905254580080509
0.08926666527986526 -0.23193113505840302 -0.17636944353580475
0.12628741562366486 -0.2421082854270935 0.35837575793266296
0.14833159744739532 -0.3265158236026764 -0.06163046881556511
0.10225553065538406 -0.2172905057668686 0.06805898994207382
0.24489912390708923 -0.3688907027244568 0.12201536446809769
0.13145583868026733 -0.06417499482631683 -0.025485102087259293
0.007889483124017715 -0.16301977634429932 0.02445559948682785
0.11500445008277893 -0.06559374183416367 0.019033247604966164
0.10478183627128601 -0.3137146234512329 -0.09801255166530609
0.11118417233228683 -0.34334248304367065 0.0006123544881120324
0.18272797763347626 -0.3272325098514557 0.028059525415301323
-0.17772431671619415 -0.08563905954360962 0.13849663734436035
0.12075790762901306 -0.2851851284503937 -0.017621899023652077
0.09933916479349136 -0.15490460395812988 0.15803807973861694
0.2327311486005783 -0.3037192225456238 0.04266495630145073
-0.16337475180625916 -0.037019506096839905 0.11409538984298706
0.3264198899269104 -0.29103878140449524 -0.002068280940875411
0.007721431087702513 -0.23805339634418488 0.12435662001371384
-0.015682684257626534 -0.09411770105361938 -0.2778855562210083
-0.11560633033514023 -0.29866525530815125 -0.07883858680725098
-0.009218506515026093 -0.20381362736225128 0.03484247252345085
-0.18391720950603485 -0.2798314690589905 -0.20387519896030426
-0.05234584957361221 -0.29347264766693115 -0.18866774439811707
-0.2157585769891739 -0.25427550077438354 -0.12460682541131973
0.15941645205020905 -0.3272770345211029 0.06144064664840698
-0.2894262969493866 -0.06016279384493828 0.0370229110121727
0.12611956894397736 -0.27769944071769714 -0.06463028490543365
0.07807107269763947 -0.12988202273845673 0.17973479628562927
-0.005689866375178099 -0.08873023092746735 0.14127129316329956
0.1422204077243805 -0.046381037682294846 0.10645204782485962
-0.5345929861068726 -0.25019189715385437 -0.011560279875993729
0.1411791890859604 -0.1606343686580658 0.10881669819355011
-0.2170514166355133 -0.17604783177375793 0.15511436760425568
0.03908682242035866 -0.2578997015953064 0.062082771211862564
0.25628408789634705 -0.13795126974582672 0.09005045145750046
-0.002097966382279992 -0.2504396438598633 0.0621875636279583
0.21064428985118866 -0.2750813066959381 0.0005519059486687183
0.24686354398727417 -0.17833897471427917 0.23012980818748474
-0.39791399240493774 -0.19653542339801788 -0.2888897955417633
0.3330186903476715 0.05807049944996834 -0.1898007094860077
0.1367889791727066 -0.3011937439441681 -0.10291611403226852
-0.20056284964084625 -0.005238415207713842 0.15234249830245972
0.15867088735103607 -0.2990356385707855 -0.15727008879184723
0.26634684205055237 0.2444303333759308 0.08672735840082169
0.0020579290576279163 -0.28782814741134644 -0.3138881027698517
-0.3191951513290405 -0.0799536257982254 -0.23405520617961884
0.0010470687411725521 -0.357584685087204 -0.031190814450383186
0.07618510723114014 -0.311983585357666 0.004877123516052961
0.08299718797206879 -0.3253892660140991 -0.04928530752658844
0.02864694781601429 0.0032267170026898384 0.0430610291659832
0.19173960387706757 -0.08957632631063461 -0.057990338653326035
-0.1203954815864563 -0.01563728228211403 -0.027026502415537834
0.012235842645168304 -0.2963423728942871 0.008791407570242882
-0.0569421760737896 -0.2656751573085785 -0.01386200450360775
-0.1802273392677307 -0.044193852692842484 -0.1887768656015396
-0.04878251999616623 -0.18692198395729065 0.1897727996110916
-0.13821999728679657 -0.1449412852525711 -0.1848507523536682
-0.119310662150383 -0.30919378995895386 -0.06676101684570312
-0.05510867387056351 -0.2852594554424286 -0.26751068234443665
-0.21261702477931976 -0.25719311833381653 -0.031572386622428894
-0.08309758454561234 -0.3038769066333771 0.08336128294467926
0.2585787773132324 -0.1845562905073166 -0.1148563027381897
0.05553489178419113 -0.14290288090705872 0.17989341914653778
0.22052274644374847 -0.12320868670940399 0.20657508075237274
0.11916091293096542 -0.33890941739082336 0.10948861390352249
0.022474784404039383 -0.22974754869937897 0.10272981226444244
0.2578524649143219 -0.267912358045578 -0.1956103891134262
-0.06409914791584015 -0.3251349925994873 -0.060942988842725754
0.042914800345897675 -0.32792532444000244 0.053609393537044525
-0.12432955950498581 -0.33206453919410706 -0.0025521242059767246
0.12888015806674957 -0.29518771171569824 -0.045112308114767075
0.04633358120918274 -0.1523614227771759 0.153163343667984
0.1871572583913803 0.04936980456113815 0.11401400715112686
0.1423344612121582 -0.05317462980747223 0.1905451864004135
0.26874876022338867 -0.33341696858406067 0.03305293247103691
-0.0735197365283966 -0.25130775570869446 0.058506645262241364
-0.2822231352329254 -0.18564322590827942 0.1542188674211502
0.3149939477443695 -0.24208210408687592 -0.34916284680366516
-0.08645663410425186 -0.26735401153564453 -0.14977163076400757
-0.05491042509675026 -0.2685851454734802 0.11466135084629059
-0.1849754899740219 -0.30242863297462463 -0.13619598746299744
-0.06131596118211746 0.05716642737388611 0.2598826587200165
-0.07268032431602478 -0.3324545919895172 0.01376715861260891
0.2577296793460846 -0.2808409035205841 -0.11160548776388168
-0.007864201441407204 -0.16885824501514435 -0.06433363258838654
-0.2111855149269104 -0.3175235390663147 -0.005898455623537302
-0.03855869174003601 -0.25923338532447815 -0.17688386142253876
-0.14299793541431427 0.09801691025495529 0.2434580773115158
0.004681576043367386 0.06289909780025482 0.3438301086425781
-0.07501573115587234 -0.23494569957256317 -0.1995038390159607
0.11615584790706635 -0.3025854229927063 0.08414831012487411
0.03442283719778061 0.019417980685830116 0.2172626256942749
0.19554045796394348 -0.2938348948955536 -0.034607674926519394
-0.17289197444915771 -0.2078450322151184 -0.02128506451845169
-0.26276493072509766 0.2734760642051697 -0.007562682498246431
0.19454720616340637 -0.32397326827049255 0.05642685666680336
0.09590689092874527 -0.3112235367298126 0.0031316769309341908
0.03926132991909981 -0.18588608503341675 -0.018806753680109978
-0.3253622353076935 -0.07139775902032852 -0.02274535596370697
0.07925908267498016 -0.1974644809961319 -0.03421403095126152
-0.06912854313850403 -0.046992164105176926 0.16107822954654694
0.05528268590569496 -0.3306034803390503 -0.06405387818813324
0.09775111079216003 -0.35809409618377686 -0.18131937086582184
-0.13780921697616577 -0.31907424330711365 -0.04526736959815025
-0.18992993235588074 -0.27984893321990967 -0.19360047578811646
0.22718945145606995 -0.10953595489263535 -0.03277726098895073
-0.1092064380645752 -0.2818678319454193 -0.09291021525859833
0.017544683068990707 -0.2464078962802887 -0.008692525327205658
-0.005583378951996565 -0.2529063820838928 0.09604287147521973
-0.009575162082910538 -0.21613362431526184 0.08390989899635315
0.14352022111415863 -0.272469699382782 -0.20034672319889069
-0.1776188313961029 -0.29882973432540894 -0.13497044146060944
0.06434281170368195 -0.15744000673294067 0.29922857880592346
0.017223995178937912 -0.09090006351470947 0.3413844406604767
-0.10314660519361496 -0.10345625877380371 0.20371925830841064
0.07571014016866684 -0.1528080701828003 0.04241069778800011
0.1543917953968048 -0.3071323335170746 0.07168219983577728
-0.13734672963619232 -0.2724247872829437 -0.3339974284172058
0.03440161421895027 -0.3183864951133728 0.006772180553525686
0.04514173045754433 -0.08762791007757187 -0.07358293980360031
0.0854886919260025 -0.22508196532726288 0.1048794612288475
-0.06832611560821533 -0.19498659670352936 0.19791017472743988
0.020101236179471016 -0.3136359751224518 0.0427846685051918
-0.326737642288208 0.13107465207576752 0.05236857756972313
0.1923542469739914 -0.1789616346359253 0.05253859981894493
-0.028938347473740578 -0.3290674388408661 -0.03593766316771507
-0.01254541240632534 -0.3035169541835785 -0.0681462362408638
-0.007381908129900694 -0.1628306359052658 0.21783378720283508
-0.21905450522899628 -0.37542593479156494 0.09323810786008835
-0.03374730795621872 -0.2006932646036148 -0.16132928431034088
0.018371643498539925 -0.32572653889656067 -0.07780204713344574
0.03239363804459572 -0.3008299469947815 0.022714996710419655
-0.06480997800827026 -0.14399123191833496 -0.14129306375980377
0.011646008118987083 -0.1821330189704895 0.1965133249759674
0.04692395403981209 -0.15291516482830048 0.04081522673368454
0.08790396898984909 -0.21462798118591309 0.07465334981679916
0.0018499876605346799 -0.34117987751960754 -0.04999907314777374
0.043156079947948456 -0.27171459794044495 -0.227935791015625
-0.1694844663143158 -0.24384044110774994 0.16232240200042725
-0.14308089017868042 -0.31132519245147705 0.027092061936855316
-0.11806932091712952 0.06255689263343811 0.44540292024612427
0.138309046626091 -0.26073122024536133 -0.16213589906692505
0.000576077844016254 -0.27853190898895264 -0.23634347319602966
-0.03789478540420532 -0.12294545024633408 0.05862247943878174
0.013770179823040962 -0.33937910199165344 0.01602548360824585
0.019025148823857307 -0.331481397151947 0.0371176078915596
0.27761098742485046 -0.16852237284183502 -0.14700879156589508
0.027199093252420425 -0.3004319667816162 -0.04311613366007805
0.11174720525741577 -0.2690271735191345 0.03395737707614899
0.14497549831867218 -0.2856614887714386 -0.1564086228609085
0.09665021300315857 -0.13993200659751892 0.17765523493289948
-0.021797064691781998 -0.036577265709638596 0.2707708775997162
-0.10863525420427322 -0.26435428857803345 -0.2083030343055725
-0.2174026072025299 -0.23076216876506805 -0.00010660896077752113
0.2567322552204132 -0.3272126317024231 0.13726092875003815
-0.1202169805765152 -0.25346580147743225 -0.06736768782138824
0.1751234382390976 -0.16208384931087494 -0.29622745513916016
-0.3613288402557373 0.262046217918396 0.1298815757036209
0.10358104109764099 -0.19953230023384094 0.06106031686067581
-0.09845100343227386 -0.1896534264087677 -0.11164043843746185
-0.02312398888170719 -0.16664941608905792 -0.06049052253365517
-0.14464493095874786 -0.23081742227077484 0.0963655561208725
-0.17387329041957855 -0.03692566230893135 0.35618364810943604
-0.4491655230522156 -0.05974777042865753 -0.27974289655685425
0.04215647652745247 -0.2633081078529358 -0.18170978128910065
0.24535289406776428 -0.21915747225284576 -0.13379386067390442
0.12201624363660812 0.02644282765686512 0.2121160477399826
-0.03960157930850983 0.10172124952077866 0.30422818660736084
0.08503387868404388 -0.22098380327224731 -0.06730131804943085
-0.05946700647473335 -0.18492235243320465 0.3473197817802429
-0.1077704057097435 -0.2988480031490326 -0.11655687540769577
-0.08978887647390366 -0.21786148846149445 0.28718599677085876
0.14374615252017975 -0.24429981410503387 -0.16061095893383026
0.05335455760359764 -0.1179344430565834 0.1348116546869278
-0.1393551379442215 0.1656249761581421 0.25483569502830505
0.04999350756406784 -0.2884715795516968 -0.18389077484607697
0.17491626739501953 -0.28880125284194946 -0.23174352943897247
0.1625574380159378 -0.33988457918167114 0.005403490737080574
0.0874074250459671 -0.25483548641204834 0.11018895357847214
0.049103911966085434 -0.07917428016662598 0.012142153456807137
0.07545886933803558 -0.07627210021018982 0.023741209879517555
-0.09275504946708679 -0.11650532484054565 -0.15795867145061493
-0.060220371931791306 -0.3493877947330475 0.058928679674863815
-0.020727302879095078 -0.1940024197101593 -0.08949439972639084
0.015234211459755898 -0.25938811898231506 0.12260330468416214
0.0015172128332778811 -0.28808504343032837 -0.10236723721027374
-0.028010740876197815 -0.34430819749832153 -0.03185880929231644
-0.35591885447502136 -0.18955005705356598 0.0384274497628212
-0.04929487779736519 -0.15508468449115753 0.16578148305416107
0.08025092631578445 -0.11818341910839081 0.15572041273117065
0.028937479481101036 -0.26538944244384766 0.04189656302332878
-0.18553778529167175 -0.1613985300064087 0.15442650020122528
-0.03875023126602173 -0.2801513373851776 -0.3312133252620697
-0.10014074295759201 -0.3244030773639679 0.1193656474351883
-0.1331196427345276 0.15912126004695892 0.0033896244131028652
-0.1305456906557083 -0.22652408480644226 0.10487959533929825
0.12884432077407837 -0.20055150985717773 -0.38302963972091675
0.13095974922180176 -0.04070020094513893 0.1117037832736969
0.09009841084480286 -0.2735297977924347 -0.12351872771978378
0.18418140709400177 0.09291363507509232 0.17033563554286957
-0.06345917284488678 -0.2660956084728241 -0.1383543312549591
0.06284792721271515 -0.28412702679634094 0.17247691750526428
-0.1352272927761078 0.02760261483490467 0.25592243671417236
0.00836927443742752 -0.3230777978897095 -0.03937716409564018
0.10970617830753326 0.02494852803647518 0.4523332715034485
-0.22283141314983368 -0.26099875569343567 0.1777927428483963
0.03712039440870285 -0.2307627946138382 0.1437116414308548
-0.02294243685901165 -0.3313133120536804 -0.12049026042222977
0.0559014268219471 -0.25967052578926086 -0.17606264352798462
0.09692877531051636 -0.3935103416442871 -0.30725690722465515
0.01881531812250614 -0.015492985025048256 0.1425144076347351
-0.1221022754907608 -0.23423412442207336 -0.012889131903648376
0.03955475240945816 -0.08165229111909866 0.014560388401150703
-0.15726053714752197 -0.1830507516860962 -0.08219446986913681
-0.17263896763324738 -0.038058944046497345 -0.27279919385910034
-0.016762085258960724 0.05333352088928223 0.07693980634212494
-0.11009369045495987 -0.14776548743247986 0.027208592742681503
-0.08519359678030014 -0.2768724858760834 -0.16806286573410034
0.058394789695739746 0.06243555247783661 0.43473660945892334
0.06188439577817917 -0.32376861572265625 0.054064325988292694
-0.000987715320661664 0.255310982465744 0.2094491571187973
0.05793790891766548 -0.1344481259584427 0.15117380023002625
0.07756375521421432 -0.14259614050388336 -0.1630595624446869
-0.1339016854763031 0.07525824755430222 -0.07299847155809402
-0.016907237470149994 -0.3377816081047058 0.022100890055298805
-0.1327512413263321 -0.2656247615814209 -0.03794948011636734
0.028418563306331635 -0.26598507165908813 -0.05418359488248825
0.1716744303703308 0.04442760720849037 0.2631838321685791
0.05578060448169708 -0.31799668073654175 0.04435567557811737
-0.11180302500724792 -0.11338531225919724 0.1040307953953743
-0.09186874330043793 -0.23929879069328308 -0.07495918869972229
0.14404989778995514 -0.24845758080482483 0.019103823229670525
0.06023874506354332 -0.12696662545204163 -0.06909214705228806
0.03777212277054787 -0.23984438180923462 0.010018864646553993
-0.11170806735754013 -0.3153834342956543 -0.12809383869171143
0.14289546012878418 -0.2620527446269989 0.1294299066066742
-0.18973839282989502 -0.10528989136219025 0.06681181490421295
0.14384597539901733 -0.20292766392230988 -0.07531878352165222
0.23391027748584747 -0.2993929982185364 0.03947272151708603
-0.1331886649131775 -0.15834403038024902 0.2987821400165558
-0.03268071264028549 -0.3180916905403137 -0.023693406954407692
-0.04798018932342529 -0.15706458687782288 0.17370106279850006
0.07779037207365036 -0.24121783673763275 -0.14147882163524628
0.0905512273311615 -0.2986530661582947 -0.011902624741196632
0.038132715970277786 -0.3480076491832733 -0.0007462045177817345
0.3090176284313202 -0.2119355946779251 0.19934409856796265
-0.13736073672771454 -0.10466095060110092 -0.05270225927233696
0.11956670135259628 -0.32006531953811646 0.047973692417144775
-0.023838378489017487 -0.29675719141960144 0.10462723672389984
-0.1727464497089386 -0.33269986510276794 0.0027401314582675695
0.07596184313297272 -0.21973808109760284 -0.3138609528541565
0.015816304832696915 -0.36357417702674866 0.08782796561717987
0.007828136906027794 -0.23214824497699738 -0.1323009729385376
0.028977179899811745 -0.16641336679458618 -0.17637617886066437
0.07528385519981384 -0.0268959142267704 0.1868053674697876
-0.42446285486221313 -0.3427266478538513 0.03573980927467346
-0.13879233598709106 -0.08566092699766159 -0.014660347253084183
-0.03022870048880577 -0.32432594895362854 -0.06031787395477295
0.08108784258365631 -0.33092159032821655 -0.05749769136309624
-0.14182540774345398 -0.27261099219322205 0.1360723078250885
-0.005148706492036581 -0.2906371057033539 -0.041073672473430634
0.07117283344268799 -0.07945320755243301 -0.09701583534479141
0.10198231786489487 -0.32317227125167847 0.022719940170645714
0.027952957898378372 -0.09007424116134644 -0.13870230317115784
-0.0462343655526638 -0.26627832651138306 0.019193852320313454
0.03520647808909416 -0.32696333527565 -0.1427842080593109
-0.12809550762176514 -0.2193526327610016 -0.05971137806773186
-0.15054652094841003 -0.31801459193229675 -0.01700686477124691
-0.22260157763957977 0.19556060433387756 0.024941032752394676
-0.18080802261829376 -0.18353857100009918 0.2565303444862366
0.2500109076499939 -0.30961382389068604 -0.21805734932422638
-0.024509137496352196 -0.3056110739707947 0.061784714460372925
-0.21948465704917908 0.053246185183525085 0.26668718457221985
-0.028602898120880127 -0.05834841728210449 -0.2716994881629944
0.18308214843273163 -0.2573715150356293 -0.11465974897146225
0.18829917907714844 -0.1847713589668274 -0.14418913424015045
-0.3333567976951599 0.00269867992028594 0.03642016276717186
-0.17326286435127258 -0.03329189121723175 -0.31929948925971985
0.05721607431769371 -0.29710978269577026 -0.23922236263751984
0.06712093204259872 -0.34309396147727966 0.06044335663318634
0.2178710550069809 0.08587376028299332 0.2955612242221832
0.14330023527145386 -0.24078397452831268 -0.015578215941786766
-0.08240143954753876 -0.3163968026638031 -0.017686380073428154
0.1303788125514984 -0.16395339369773865 0.09627611935138702
0.1996101588010788 -0.307216614484787 0.0601106658577919
-0.13245317339897156 -0.3206225037574768 0.0077215274795889854
-0.1565379947423935 -0.17151343822479248 0.08217588067054749
-0.0806652083992958 -0.2133663296699524 0.03896679729223251
0.07709332555532455 -0.262310653924942 -0.1210440918803215
-0.2916021943092346 -0.11883143335580826 -0.28786522150039673
-0.04409442096948624 -0.2907554507255554 0.1194179356098175
0.10509661585092545 0.16951516270637512 0.09127074480056763
0.028157837688922882 -0.17418359220027924 -0.12051203101873398
-0.02682473137974739 -0.326616495847702 -0.012974739074707031
-0.004856318235397339 -0.1517801433801651 0.17522795498371124
0.18625804781913757 -0.15794938802719116 0.08261618763208389
-0.18317480385303497 -0.17569704353809357 0.12630371749401093
-0.008240774273872375 -0.3187740445137024 -0.16981619596481323
0.22735075652599335 -0.30450811982154846 -0.01986381970345974
-0.09349586814641953 0.09076455980539322 0.29468175768852234
0.0804770216345787 -0.18288546800613403 -0.24553343653678894
-0.27056553959846497 -0.11191549152135849 -0.03904230147600174
0.0021063205786049366 -0.21546855568885803 0.020637227222323418
-0.0272977277636528 -0.2966603636741638 0.03770493343472481
-0.04044225811958313 -0.10119282454252243 0.21352806687355042
0.18731050193309784 -0.353913813829422 0.06739948689937592
0.20496539771556854 -0.17609620094299316 0.15869852900505066
0.235629141330719 -0.22771655023097992 -0.15668924152851105
0.012587158009409904 -0.13070283830165863 0.29355889558792114
-0.3556104898452759 0.1664528101682663 0.23078270256519318
0.18772321939468384 -0.33771902322769165 -0.2194841504096985
-0.16315136849880219 -0.08813822269439697 -0.1060614064335823
-0.002520668786019087 -0.35237133502960205 -0.019167756661772728
0.13737495243549347 -0.05127426236867905 0.04868130758404732
0.09644805639982224 -0.2981792092323303 -0.00245498213917017
0.15957599878311157 -0.2816503345966339 -0.15526264905929565
-0.152787446975708 -0.19617120921611786 -0.2145129144191742
0.12769468128681183 -0.13951753079891205 -0.1883840411901474
0.12664315104484558 -0.3194176256656647 0.056313931941986084
0.12424231320619583 -0.20777404308319092 0.2042311728000641
0.08463301509618759 -0.3066055476665497 0.03821622580289841
0.055212512612342834 -0.09552562236785889 -0.16496096551418304
0.2717091143131256 -0.05387444049119949 -0.048393286764621735
-0.10975425690412521 -0.27982497215270996 -0.10182886570692062
0.09413542598485947 -0.26778754591941833 0.10599192976951599
-0.4448767304420471 -0.07072903215885162 -0.02472657896578312
-0.17903827130794525 -0.3390096426010132 -0.002553138881921768
0.02053973264992237 -0.05483408272266388 0.2658344507217407
-0.0111005250364542 -0.2325056791305542 0.10116801410913467
0.21531128883361816 0.07579595595598221 -0.07536858320236206
-0.09581942856311798 -0.3055983781814575 -0.04475216567516327
-0.13856607675552368 -0.2983284294605255 0.1718767285346985
0.004805340897291899 -0.2717217206954956 0.09516722708940506
-0.06152784824371338 -0.22677046060562134 -0.06533468514680862
-0.1350213587284088 0.12163422256708145 0.4140908122062683
0.03690331056714058 -0.14800183475017548 0.11131735146045685
0.14502637088298798 -0.3558458089828491 0.16272780299186707
-0.16351599991321564 -0.27154868841171265 -0.1775318831205368
0.032199278473854065 -0.2735010087490082 -0.04444582015275955
-0.21017898619174957 0.005419977009296417 0.17338064312934875
-0.044774193316698074 -0.2139117419719696 -0.25513124465942383
-0.08235512673854828 -0.3076533079147339 -0.07805610448122025
0.038141146302223206 -0.041284967213869095 0.17045465111732483
-0.14166276156902313 -0.005975695326924324 0.22030818462371826
0.026619749143719673 -0.3141906261444092 -0.03815380111336708
0.24259741604328156 -0.16802743077278137 -0.07971195876598358
-0.20688340067863464 -0.1633404940366745 -0.23527351021766663
0.2127458155155182 -0.25611379742622375 0.22537897527217865
-0.05790980905294418 -0.24578671157360077 -0.1058519259095192
-0.029501251876354218 -0.2579236626625061 -0.18281401693820953
0.2547231912612915 -0.2687413990497589 -0.20772390067577362
-0.06457466632127762 -0.30923014879226685 -0.1587822437286377
-0.3895277678966522 0.1404666155576706 -0.04503018781542778
0.03244210034608841 -0.2257087081670761 0.14789731800556183
0.0501583032310009 -0.2700364291667938 -0.07023283839225769
0.2012927085161209 -0.30185431241989136 0.0695202499628067
-0.0734313502907753 -0.27460935711860657 -0.2098456174135208
0.14878806471824646 -0.009999865666031837 0.2633523643016815
-0.023065589368343353 -0.04564357176423073 0.20115487277507782
-0.11314567923545837 -0.26363494992256165 -0.7943728566169739
-0.2018240988254547 -0.33784130215644836 0.07675640285015106
-0.21987831592559814 -0.29695868492126465 -0.03983432054519653
0.09954895824193954 -0.3109365999698639 -0.008746074512600899
-0.07462108135223389 -0.2833147644996643 0.0750977173447609
-0.2699311077594757 0.0017487222794443369 0.04511018842458725
0.2914876639842987 -0.2754950225353241 0.06626591831445694
-0.21655374765396118 -0.09158428013324738 0.006446026731282473
0.030301352962851524 -0.21813151240348816 0.012889426201581955
0.13303977251052856 -0.16412627696990967 -0.07657844573259354
0.19143621623516083 -0.08811981230974197 0.09761206060647964
-0.2540436089038849 -0.19517800211906433 -0.0553874708712101
0.15868166089057922 -0.23368129134178162 0.11085439473390579
-0.014065790921449661 -0.15418097376823425 0.11773411184549332
0.0934683084487915 -0.18203765153884888 -0.11468267440795898
-0.06175261735916138 0.008119994774460793 0.27903202176094055
-0.08368384093046188 -0.19001127779483795 0.12792134284973145
-0.026497647166252136 -0.3035365343093872 -0.2234845757484436
0.06913530081510544 -0.2194550633430481 -0.01863781362771988
0.047674622386693954 -0.22421720623970032 -0.09923159331083298
0.04152812063694 -0.11187031865119934 -0.14737719297409058
-0.11028463393449783 -0.20304568111896515 0.22761951386928558
-0.050318170338869095 -0.10613096505403519 0.016384201124310493
-0.06826216727495193 -0.22311264276504517 -0.12754924595355988
-0.012809153646230698 -0.19284513592720032 0.2513931393623352
0.1031017154455185 -0.313542902469635 0.14598393440246582
0.06523063778877258 -0.1838013231754303 -0.06654312461614609
0.054653916507959366 -0.23781955242156982 0.04551560804247856
0.3702467381954193 -0.35287705063819885 -0.1801508665084839
0.1288623958826065 -0.30212637782096863 -0.010459627956151962
0.08160708099603653 -0.31720495223999023 -0.03731648623943329
-0.29332953691482544 -0.169364333152771 0.1286422610282898
-0.013113655149936676 -0.10234011709690094 0.28979671001434326
0.20213033258914948 -0.09362167865037918 0.13824665546417236
0.147520512342453 -0.29569557309150696 -0.018678678199648857
-0.010925114154815674 -0.32686328887939453 -0.06897638738155365
0.007385841570794582 -0.128614604473114 0.11044660955667496
0.0994279533624649 -0.15114377439022064 -0.23217196762561798
0.08873450011014938 -0.18299594521522522 -0.04285264387726784
0.17941641807556152 -0.1333828568458557 -0.07186554372310638
-0.18651500344276428 -0.2639691233634949 -0.1279662698507309
