ply
format ascii 1.0
element vertex 2048
property float x
property float y
property float z
end_header
0.09668192267417908 0.019950419664382935 -0.27449101209640503
-0.03228199854493141 0.054095663130283356 -0.04430784657597542
0.09927099943161011 -0.1541447937488556 -0.2505655884742737
0.06991447508335114 -0.3628680109977722 -0.4379923343658447
-0.01985524594783783 -0.3628680109977722 -0.3219296932220459
0.11710794270038605 0.03947199881076813 -0.20141813158988953
0.12596222758293152 -0.3628680109977722 -0.39625614881515503
0.028154468163847923 0.4218846559524536 -0.0031386427581310272
-0.09123899787664413 -0.16760201752185822 -0.25881871581077576
0.007040433585643768 -0.3305801749229431 -0.27449101209640503
0.13079600036144257 -0.3095358610153198 0.03190210834145546
0.0028718113899230957 0.03947199881076813 -0.1727856993675232
0.1266918182373047 -0.1988297998905182 -0.05376200005412102
-0.017572462558746338 -0.05461699888110161 -0.01104612648487091
-0.053583599627017975 0.2800630033016205 -0.018733877688646317
-0.044551700353622437 -0.05461699888110161 -0.023936063051223755
0.048353999853134155 -0.013581504113972187 0.037604816257953644
-0.028899159282445908 0.42102736234664917 -0.0021415799856185913
-0.04724650830030441 -0.3628680109977722 -0.47083422541618347
0.11076889932155609 -0.05461699888110161 -0.21272052824497223
-0.03319821506738663 -0.016263581812381744 -0.27449101209640503
-0.07806465029716492 -0.3628680109977722 -0.353909432888031
0.0029138997197151184 0.4096439778804779 0.032864999026060104
-0.1272750049829483 0.2009275108575821 0.013724792748689651
0.09562188386917114 0.3725748658180237 -0.05376200005412102
-0.12637899816036224 -0.28526121377944946 -0.42820438742637634
-0.1272750049829483 -0.034084707498550415 0.02497827634215355
0.13079600036144257 0.23129437863826752 -0.02721305936574936
-0.005058124661445618 -0.24637800455093384 -0.3962312340736389
0.07720519602298737 -0.3628680109977722 -0.29160237312316895
0.13079600036144257 0.13143402338027954 -0.020051181316375732
0.13079600036144257 -0.009806223213672638 -0.07161876559257507
-0.02611669898033142 -0.05461699888110161 -0.21194086968898773
-0.0831032320857048 0.39376091957092285 -0.02115621417760849
0.13079600036144257 -0.31128454208374023 -0.2644970417022705
-0.08993203192949295 0.3383980989456177 0.032864999026060104
-0.03206951916217804 0.03947199881076813 -0.18310336768627167
0.011647619307041168 -0.0462762750685215 0.032864999026060104
0.011750355362892151 0.3253209888935089 -0.01807444542646408
0.10708969831466675 -0.3628680109977722 -0.361348420381546
0.13079600036144257 -0.20882581174373627 0.0307198204100132
0.1290857493877411 0.32977256178855896 -0.02430938556790352
0.028693966567516327 -0.3628680109977722 -0.27943992614746094
0.13079600036144257 -0.27487465739250183 -0.24274972081184387
-0.1272750049829483 -0.09520915150642395 0.030662499368190765
0.12863191962242126 -0.05461699888110161 -0.20244790613651276
-0.1034342348575592 -0.2170410454273224 0.032864999026060104
-0.1272750049829483 -0.04600384831428528 -0.058690041303634644
-0.012045115232467651 -0.3628680109977722 -0.4001913368701935
-0.11297428607940674 -0.26411640644073486 0.032864999026060104
-0.04117918014526367 0.3534994125366211 -0.05376200005412102
-0.12637899816036224 -0.3136768639087677 -0.3145313262939453
-0.1272750049829483 0.17693540453910828 -0.03589995950460434
-0.1177888885140419 -0.3628680109977722 -0.2961825728416443
0.1252436637878418 -0.09507012367248535 -0.05376200005412102
0.13079600036144257 -0.33062028884887695 -0.4853985905647278
0.10127300024032593 -0.22913752496242523 0.0022541433572769165
0.12100514769554138 -0.3151688575744629 -0.05376200005412102
0.13079600036144257 0.09045220166444778 -0.031162744387984276
0.08209899812936783 0.008071091026067734 0.032864999026060104
-0.1272750049829483 0.1291753202676773 -0.02846975065767765
0.1125020980834961 -0.11360675096511841 -0.24104200303554535
-0.07210320234298706 -0.05461699888110161 -0.04261651635169983
-0.03228199854493141 0.13278424739837646 -0.035986337810754776
0.06237500160932541 0.12248265743255615 -0.0522073395550251
-0.09590638428926468 -0.1305738240480423 -0.24104200303554535
-0.03228199854493141 0.06122756749391556 0.026483070105314255
0.09016229212284088 -0.2892509996891022 -0.27449101209640503
-0.07798200100660324 0.09226518869400024 0.013515595346689224
-0.09355252981185913 -0.3033144772052765 -0.27449101209640503
-0.1272750049829483 -0.07231460511684418 -0.04368894174695015
-0.06992678344249725 -0.009206462651491165 -0.27449101209640503
-0.03359095752239227 -0.05461699888110161 -0.2411888837814331
-0.028651535511016846 -0.05461699888110161 0.012303892523050308
-0.1272750049829483 -0.024972885847091675 -0.006463877856731415
-0.1272750049829483 -0.2488829791545868 0.011499937623739243
0.025457926094532013 -0.3628680109977722 -0.47777992486953735
0.042647331953048706 0.3253209888935089 0.02210211008787155
0.13079600036144257 -0.2973245084285736 -0.4578310251235962
-0.1272750049829483 0.2537478804588318 0.02763436920940876
-0.023939937353134155 0.3694044351577759 -0.05376200005412102
0.02944483608007431 -0.05461699888110161 -0.15794779360294342
-0.1272750049829483 0.015074294060468674 -0.13600987195968628
0.12856270372867584 -0.09771543741226196 0.032864999026060104
0.048353999853134155 -0.009126799181103706 0.03404437005519867
0.10449100285768509 0.27606457471847534 -0.042954329401254654
0.0014253705739974976 -0.3628680109977722 -0.3477194309234619
-0.12351587414741516 -0.3628680109977722 -0.4763445258140564
-0.11594755947589874 -0.2594563961029053 -0.05376200005412102
0.10763277113437653 -0.05461699888110161 -0.1081697940826416
0.12746931612491608 -0.05461699888110161 -0.15392155945301056
0.11990891396999359 -0.05461699888110161 -0.165787473320961
-0.015163522213697433 0.23351313173770905 0.032864999026060104
-0.10807161033153534 -0.31904786825180054 -0.27449101209640503
-0.12537091970443726 -0.13233038783073425 0.032864999026060104
0.11786781251430511 0.02467864751815796 0.032864999026060104
-0.1272750049829483 -0.08767706155776978 -0.268415629863739
-0.10207511484622955 0.07124243676662445 0.032864999026060104
0.12795710563659668 -0.15915223956108093 -0.27449101209640503
0.13079600036144257 -0.35316798090934753 0.023623671382665634
-0.11229574680328369 0.35721561312675476 -0.05376200005412102
-0.1272750049829483 0.185350701212883 -0.02373131923377514
0.10736963152885437 -0.2605367600917816 0.032864999026060104
-0.06542176008224487 -0.24793754518032074 -0.4913420081138611
0.11627344787120819 0.03947199881076813 -0.12221671640872955
0.06237500160932541 0.08270338177680969 -0.04665928706526756
-0.04631383717060089 0.30705517530441284 0.032864999026060104
0.12010811269283295 -0.27824488282203674 -0.27449101209640503
-0.02862585335969925 -0.05461699888110161 -0.09286324679851532
-0.05960439145565033 -0.24637800455093384 -0.43786197900772095
0.10449100285768509 0.17026789486408234 -0.03879033401608467
0.10449100285768509 0.17449833452701569 -0.044709522277116776
-0.05030909180641174 -0.24637800455093384 -0.4523474872112274
-0.11127310246229172 -0.05461699888110161 -0.12585632503032684
0.12035610526800156 -0.29976892471313477 -0.05376200005412102
-0.04941482096910477 0.2986316680908203 -0.05376200005412102
0.06105585768818855 0.20033395290374756 -0.05376200005412102
0.024368569254875183 -0.2910013198852539 -0.4913420081138611
0.09007594734430313 -0.05461699888110161 -0.259550005197525
0.007199801504611969 0.2311980128288269 -0.05376200005412102
-0.12206238508224487 -0.2501213848590851 0.032864999026060104
-0.07111397385597229 -0.24637800455093384 -0.4238663911819458
-0.06582894921302795 -0.3628680109977722 -0.3565242290496826
0.13079600036144257 -0.14183205366134644 -0.023075837641954422
0.0025641657412052155 0.25049740076065063 0.032864999026060104
-0.11425139009952545 0.19126366078853607 -0.05376200005412102
-0.1272750049829483 0.07416558265686035 -0.04491449147462845
0.0052933841943740845 -0.05461699888110161 -0.10103431344032288
0.055924464017152786 0.015850882977247238 0.032864999026060104
0.06237500160932541 0.19414493441581726 0.02263764664530754
0.07885359227657318 -0.3628680109977722 -0.44384804368019104
0.13079600036144257 0.10509802401065826 -0.041898105293512344
0.13079600036144257 -0.2498205006122589 -0.3326781392097473
-0.09298161417245865 -0.09401460736989975 -0.24104200303554535
0.10034443438053131 0.3805573880672455 -0.045073606073856354
0.1027999073266983 -0.3628680109977722 -0.021154116839170456
0.06237500160932541 0.1895197480916977 0.017819758504629135
-0.12115740776062012 -0.12290361523628235 0.032864999026060104
-0.10167938470840454 -0.24637800455093384 -0.45439332723617554
-0.07057482749223709 0.3856067657470703 0.032864999026060104
-0.01157303899526596 0.3770456612110138 -0.05376200005412102
0.07644890248775482 -0.29203617572784424 -0.4913420081138611
0.13079600036144257 -0.34001198410987854 -0.24737237393856049
0.0705958902835846 0.051562000066041946 -0.04521332308650017
-0.12637899816036224 -0.30666765570640564 -0.4573999047279358
0.10127300024032593 -0.15475502610206604 -0.027243103832006454
-0.1272750049829483 -0.24929851293563843 -0.2743430733680725
-0.05736426264047623 -0.3628680109977722 -0.411052942276001
0.12470725923776627 -0.34306976199150085 -0.27449101209640503
0.1273302584886551 0.3343418836593628 0.001117657870054245
0.08538004755973816 -0.24637800455093384 -0.44936925172805786
0.07491497695446014 -0.05461699888110161 -0.10150231420993805
-0.12637899816036224 -0.30063605308532715 -0.4467209577560425
-0.1272750049829483 -0.14342810213565826 -0.03607616201043129
0.13079600036144257 -0.25889620184898376 0.017839079722762108
-0.12637899816036224 -0.34378188848495483 -0.4174927771091461
-0.08923599869012833 -0.333725243806839 -0.006328016519546509
-0.022395417094230652 -0.3628680109977722 -0.32112544775009155
-0.1160304844379425 -0.3224169611930847 -0.27449101209640503
0.015247121453285217 0.27607062458992004 -0.05376200005412102
-0.0882120132446289 -0.05461699888110161 0.0029570795595645905
0.03504008799791336 0.23730510473251343 -0.05376200005412102
0.025360088795423508 0.08099357783794403 0.032864999026060104
-0.09888680279254913 -0.07511571049690247 0.032864999026060104
-0.10564407706260681 -0.35915613174438477 -0.05376200005412102
0.10767664760351181 -0.17934681475162506 -0.05376200005412102
-0.1272750049829483 0.013363823294639587 -0.18035075068473816
0.1070551723241806 0.21545758843421936 -0.05376200005412102
0.03814569115638733 0.03947199881076813 -0.07860610634088516
-0.11054384708404541 -0.3628680109977722 -0.37567299604415894
-0.11356566846370697 0.3384055495262146 -0.05376200005412102
0.13079600036144257 -0.2883089482784271 -0.4700695872306824
0.13079600036144257 -0.16545602679252625 0.02783704176545143
0.12287446856498718 -0.3628680109977722 -0.0461244098842144
0.0717179998755455 -0.012017766013741493 0.04684052988886833
0.10038935393095016 0.2800630033016205 -0.027078881859779358
-0.1272750049829483 -0.22701169550418854 -0.003108792006969452
0.1220514327287674 -0.24499458074569702 -0.05376200005412102
0.13079600036144257 -0.13123208284378052 -0.04652901738882065
-0.12341592460870743 -0.12790372967720032 -0.27449101209640503
0.040578678250312805 0.4182485342025757 -0.048703309148550034
0.00388234481215477 0.424551784992218 -0.04612046107649803
0.10127300024032593 -0.32803109288215637 -0.03046989068388939
0.08213058114051819 0.34702879190444946 -0.05376200005412102
-0.12627311050891876 0.03947199881076813 -0.22646015882492065
0.1207868680357933 -0.2278205305337906 -0.05376200005412102
0.10449100285768509 0.13471119105815887 0.003156803548336029
0.06637853384017944 0.3988761305809021 0.032864999026060104
-0.07216134667396545 0.31736230850219727 -0.05376200005412102
0.08292733132839203 -0.3628680109977722 -0.29546666145324707
-0.09123899787664413 -0.3238428235054016 -0.2547612488269806
-0.013746820390224457 -0.05461699888110161 -0.2464938759803772
-0.12637899816036224 -0.2524944245815277 -0.34535276889801025
0.13079600036144257 -0.21551653742790222 -0.03710968792438507
-0.0035920292139053345 0.03947199881076813 -0.113610178232193
-0.1272750049829483 0.051679134368896484 -0.03189834579825401
-0.1272750049829483 -0.29492491483688354 -0.016710922122001648
-0.09123899787664413 -0.34501323103904724 -0.26657095551490784
0.10200539231300354 -0.2508423924446106 -0.27449101209640503
0.13079600036144257 -0.3484320640563965 -0.4023049771785736
0.07841233909130096 0.3999658524990082 -0.05202556774020195
0.10449100285768509 0.09562897682189941 0.016048206016421318
0.10127300024032593 -0.11160624027252197 -0.048827361315488815
-0.1272750049829483 0.031770940870046616 -0.09922368824481964
-0.1272750049829483 0.05286470055580139 -0.031080033630132675
-0.11556855589151382 0.2198163866996765 -0.05376200005412102
-0.08898230642080307 -0.329164057970047 -0.4913420081138611
0.13079600036144257 -0.34899067878723145 -0.2898586690425873
-0.03970436751842499 -0.05461699888110161 -0.11924585700035095
0.13079600036144257 0.04848587512969971 -0.018337693065404892
0.05051161348819733 -0.24637800455093384 -0.39012178778648376
0.0524434819817543 0.3388795852661133 -0.05376200005412102
-0.08083461225032806 0.13053232431411743 0.032864999026060104
0.13079600036144257 -0.1684301346540451 0.016547899693250656
-0.11609993875026703 0.03947199881076813 -0.10345512628555298
0.13079600036144257 -0.3043098449707031 -0.27851879596710205
0.0786757543683052 -0.05461699888110161 -0.11831952631473541
-0.06473954021930695 -0.3628680109977722 -0.38954678177833557
0.10026483237743378 0.38063398003578186 -0.03734327480196953
0.13079600036144257 0.032658934593200684 -0.09434327483177185
0.11243608593940735 0.36444801092147827 0.03265181928873062
0.05512314289808273 -0.2699747085571289 -0.4913420081138611
-0.07798200100660324 0.27696001529693604 -0.013009700924158096
0.009629897773265839 -0.05461699888110161 -0.11871851235628128
-0.047176748514175415 -0.02801712229847908 0.032864999026060104
-0.06812267005443573 -0.05461699888110161 0.022090598940849304
0.04255819320678711 0.19795790314674377 0.032864999026060104
0.0010268688201904297 -0.25579389929771423 -0.4913420081138611
0.10449100285768509 0.1776844561100006 -0.011149197816848755
-0.10723137855529785 -0.14398667216300964 0.032864999026060104
-0.07326291501522064 0.40095803141593933 -0.045822031795978546
0.060602761805057526 0.41081702709198 0.01020110584795475
-0.09174522757530212 -0.3628680109977722 -0.359652578830719
0.009484365582466125 0.009674252942204475 -0.27449101209640503
0.11786781251430511 0.02467864751815796 0.032864999026060104
-0.10130727291107178 -0.3628680109977722 -0.2451530396938324
-0.03228199854493141 0.26313260197639465 -0.04802775755524635
0.0321284756064415 -0.05461699888110161 -0.0032515749335289
-0.06065388768911362 -0.05461699888110161 -0.06694898754358292
-0.1272750049829483 0.034166187047958374 -0.024811185896396637
0.006486877799034119 -0.3628680109977722 -0.4880877733230591
-0.10377887636423111 0.37218913435935974 -0.005242981016635895
-0.11767347902059555 -0.3628680109977722 -0.3238144814968109
0.12331230938434601 0.03947199881076813 -0.11523203551769257
-0.027117103338241577 0.16259869933128357 -0.05376200005412102
-0.015024051070213318 -0.05461699888110161 -0.16981640458106995
-0.0688227191567421 0.40366339683532715 0.02586529217660427
0.05161994695663452 0.3253209888935089 -0.0389842763543129
0.018994100391864777 0.07538677752017975 -0.05376200005412102
0.08522815257310867 -0.05461699888110161 -0.1382458508014679
0.1068146750330925 -0.13101179897785187 -0.05376200005412102
-0.022656209766864777 0.3245995342731476 0.032864999026060104
-0.12173932790756226 -0.3628680109977722 0.02859814651310444
-0.1272750049829483 0.08333620429039001 -0.005485363304615021
-0.1131165623664856 -0.27954068779945374 -0.27449101209640503
0.10449100285768509 0.1320422738790512 -0.03707388415932655
-0.015013068914413452 -0.3628680109977722 -0.3883850574493408
0.10372897237539291 -0.3407500982284546 -0.27449101209640503
-0.03228199854493141 0.054178182035684586 -0.03216894343495369
-0.016693726181983948 0.03947199881076813 -0.06657339632511139
0.10127300024032593 -0.1575332134962082 0.0028784163296222687
0.06237500160932541 0.27518442273139954 -0.050322312861680984
0.057632092386484146 -0.05461699888110161 -0.049957118928432465
0.10127300024032593 -0.32803109288215637 -0.03046989068388939
-0.09676353633403778 -0.2239881455898285 -0.27449101209640503
0.0478815883398056 -0.24637800455093384 -0.3953809142112732
0.059856582432985306 0.2742655277252197 -0.05376200005412102
0.13079600036144257 -0.2926032841205597 0.012220721691846848
-0.0069826096296310425 -0.05461699888110161 -0.2021290361881256
0.06977523863315582 -0.24637800455093384 -0.4066852629184723
-0.06796371936798096 -0.3104343116283417 -0.27449101209640503
0.13079600036144257 0.07111626863479614 -0.03557789325714111
0.13079600036144257 -0.1242944747209549 -0.026697702705860138
0.0524434819817543 0.3388795852661133 -0.05376200005412102
0.06014072895050049 -0.015915730968117714 0.04469180107116699
-0.1272750049829483 0.010634676553308964 -0.17823609709739685
0.011992597952485085 -0.011262170039117336 0.04018250107765198
0.028091009706258774 0.13205888867378235 0.032864999026060104
0.10449100285768509 0.2755574882030487 0.01536748930811882
0.13079600036144257 0.30913686752319336 0.01697586476802826
0.049206994473934174 0.36418065428733826 0.032864999026060104
0.08618754893541336 -0.287637859582901 -0.27449101209640503
-0.07322652637958527 -0.05461699888110161 -0.1804986596107483
-0.08923599869012833 -0.3338867127895355 -0.02172202244400978
-0.1272750049829483 -0.1214294582605362 -0.25434064865112305
0.10736963152885437 -0.2605367600917816 0.032864999026060104
0.08302131295204163 0.03947199881076813 -0.23931707441806793
-0.11812075972557068 0.03947199881076813 -0.15902076661586761
-0.1272750049829483 -0.05578729510307312 -0.0174572616815567
0.13079600036144257 0.0001189596951007843 -0.1197676956653595
0.13079600036144257 0.020537836477160454 -0.10812811553478241
-0.04138249158859253 0.03947199881076813 -0.18234169483184814
0.13079600036144257 -0.04203248396515846 -0.09717893600463867
0.0964067131280899 -0.24637800455093384 -0.3430544137954712
-0.12304955720901489 -0.1808389127254486 0.032864999026060104
-0.12363121658563614 -0.05461699888110161 -0.07188409566879272
0.028091009706258774 0.13205888867378235 0.032864999026060104
0.05512314289808273 -0.2699747085571289 -0.4913420081138611
-0.1272750049829483 -0.3605162501335144 0.020407792180776596
-0.1272750049829483 -0.3605162501335144 0.020407792180776596
0.13079600036144257 -0.28886377811431885 -0.41103094816207886
0.09294029325246811 -0.05461699888110161 -0.15307193994522095
0.010324664413928986 0.3397834300994873 0.032864999026060104
-0.07798200100660324 0.266890287399292 -0.009185738861560822
0.028116032481193542 -0.3628680109977722 -0.4703163206577301
-0.038996875286102295 -0.05461699888110161 -0.06677651405334473
0.10449100285768509 0.16207607090473175 -0.014535538852214813
0.06237500160932541 0.1993333399295807 0.011304464191198349
-0.1272750049829483 -0.35712647438049316 -0.01178067922592163
0.03710976243019104 -0.24637800455093384 -0.2972400188446045
-0.0777643546462059 0.3982153534889221 0.029702266678214073
0.07568109035491943 0.3905172348022461 0.032864999026060104
0.038532741367816925 -0.3182907998561859 -0.4913420081138611
0.06698718667030334 -0.3628680109977722 -0.32112449407577515
-0.1272750049829483 0.14865827560424805 -0.038728006184101105
-0.027478694915771484 -0.05461699888110161 -0.026143059134483337
-0.11815471202135086 0.34905993938446045 -0.029671531170606613
-0.08923599869012833 -0.17931373417377472 -0.025683145970106125
0.07979689538478851 0.04438159242272377 -0.05376200005412102
0.061111707240343094 0.13494867086410522 -0.05376200005412102
0.006975032389163971 0.1572241187095642 -0.05376200005412102
-0.10672737658023834 -0.1350211501121521 -0.24104200303554535
-0.1264449656009674 0.2666240632534027 0.032864999026060104
-0.12587150931358337 -0.026737600564956665 -0.27449101209640503
0.06449685990810394 0.35506677627563477 0.032864999026060104
-0.03228199854493141 0.16632603108882904 -0.05354752019047737
0.13079600036144257 -0.033101893961429596 -0.23165880143642426
0.13079600036144257 -0.018450021743774414 -0.09624817967414856
-0.12446335703134537 0.27675026655197144 -0.05376200005412102
0.01968289166688919 0.07738220691680908 -0.05376200005412102
0.10127300024032593 -0.3106166422367096 -0.028605379164218903
0.0291772298514843 0.0927991271018982 0.032864999026060104
0.049237772822380066 -0.3587093949317932 -0.4913420081138611
0.13079600036144257 -0.272712767124176 0.0018532909452915192
0.1081027090549469 -0.10906731337308884 -0.27449101209640503
-0.09344460070133209 -0.3628680109977722 -0.04451889917254448
-0.03899432718753815 -0.05461699888110161 -0.13746780157089233
0.13079600036144257 -0.24896478652954102 0.023002058267593384
0.13079600036144257 0.265799880027771 -0.02249058336019516
0.005602896213531494 0.3253209888935089 -0.047230545431375504
-0.07798200100660324 0.12807771563529968 -0.04620090499520302
-0.03407919406890869 0.31983521580696106 -0.05376200005412102
-0.11172263324260712 -0.2937890887260437 -0.4913420081138611
-0.007216796278953552 -0.3628680109977722 -0.4152955710887909
-0.03732890635728836 -0.3628680109977722 -0.3894667327404022
0.038723573088645935 0.03947199881076813 -0.2061883509159088
0.03992171213030815 -0.05461699888110161 -0.20399770140647888
-0.0859014093875885 -0.05461699888110161 -0.0378120094537735
0.10127300024032593 -0.13691940903663635 -0.013164002448320389
0.13079600036144257 0.1807568073272705 0.030084023252129555
-0.004730045795440674 -0.3280743360519409 -0.27449101209640503
0.13079600036144257 0.02706170082092285 0.02035675384104252
-0.015481059439480305 -0.024225788190960884 0.03329768404364586
-0.1272750049829483 -0.2643653452396393 0.031180141493678093
-0.0006597787141799927 -0.3628680109977722 -0.30939728021621704
-0.10960085690021515 0.03947199881076813 -0.21079109609127045
-0.015713466331362724 0.20651429891586304 -0.05376200005412102
-0.1272750049829483 0.2762886583805084 -0.011858392506837845
0.03172675520181656 0.41213688254356384 0.032864999026060104
0.12381633371114731 0.3434881567955017 0.0063782744109630585
0.04415394365787506 -0.24637800455093384 -0.4029238224029541
-0.06238362193107605 -0.318794310092926 -0.4913420081138611
0.014515139162540436 0.34351247549057007 -0.05376200005412102
-0.1272750049829483 -0.17512544989585876 -0.2711043655872345
0.06237500160932541 0.05272616818547249 -0.033367954194545746
-0.0979025661945343 0.03947199881076813 -0.12320521473884583
0.041813433170318604 -0.3628680109977722 -0.3604240417480469
-0.013672694563865662 0.4230891168117523 -0.014010794460773468
-0.024874776601791382 0.3253209888935089 -0.050473447889089584
-0.09579034894704819 -0.3628680109977722 0.01928565464913845
-0.011601448059082031 -0.24637800455093384 -0.34255439043045044
0.08549028635025024 0.33946239948272705 -0.05376200005412102
-0.08923599869012833 -0.2535407543182373 0.023991364985704422
-0.12637899816036224 -0.2783011794090271 -0.47919347882270813
0.03525974601507187 -0.05461699888110161 0.0077251773327589035
0.10449100285768509 0.06188785284757614 -0.0006586313247680664
0.07456561923027039 -0.3628680109977722 -0.47487887740135193
-0.12637899816036224 -0.3088507652282715 -0.4772679805755615
0.06374861299991608 -0.3628680109977722 -0.28342369198799133
-0.04926490783691406 0.3705154359340668 -0.05376200005412102
-0.10896026343107224 0.3643799424171448 -0.00833931565284729
-0.09560550004243851 0.10688269138336182 -0.05376200005412102
-0.08385439217090607 -0.24637800455093384 -0.3311951458454132
-0.005521133542060852 -0.3087863028049469 -0.4913420081138611
0.08564616739749908 0.03947199881076813 -0.17552459239959717
-0.019120842218399048 -0.05461699888110161 0.0010024979710578918
-0.1272750049829483 -0.035542815923690796 -0.07443022727966309
-0.03228199854493141 0.06511233747005463 -0.022897355258464813
0.1168210357427597 -0.05566850304603577 0.032864999026060104
-0.1272750049829483 0.09530842304229736 0.01959821954369545
0.13079600036144257 -0.14539946615695953 -0.2697981894016266
-0.03200603276491165 -0.3628680109977722 -0.28090956807136536
0.04944515973329544 -0.2984011769294739 -0.4913420081138611
0.04836198687553406 -0.24637800455093384 -0.45386001467704773
-0.05915270745754242 -0.02732565999031067 0.03999612480401993
0.09537993371486664 -0.3628680109977722 -0.3262103199958801
-0.10330438613891602 -0.3628680109977722 -0.3971008062362671
0.13079600036144257 -0.02233250066637993 -0.11827557533979416
0.10449100285768509 0.09440010786056519 0.021800722926855087
0.012794449925422668 0.1692897528409958 -0.05376200005412102
0.12707208096981049 0.33501386642456055 -0.05215221270918846
0.06418401002883911 0.03947199881076813 -0.11871959269046783
-0.1272750049829483 -0.05510708689689636 -0.027610085904598236
0.12856270372867584 -0.09771543741226196 0.032864999026060104
-0.12637899816036224 -0.31068506836891174 -0.3383321762084961
-0.12637899816036224 -0.2637382745742798 -0.31434664130210876
0.11805654317140579 -0.3628680109977722 -0.2880516052246094
0.1007857471704483 -0.05461699888110161 0.03172073885798454
-0.1272750049829483 -0.15548992156982422 0.018560536205768585
-0.12637899816036224 -0.3204101324081421 -0.306853324174881
0.03704322129487991 0.07077822089195251 0.032864999026060104
0.06237500160932541 0.08054175972938538 -0.024716727435588837
-0.05916064232587814 0.022105472162365913 0.032864999026060104
0.09644755721092224 0.38430750370025635 0.028772752732038498
-0.12637899816036224 -0.28669172525405884 -0.3863905668258667
0.030638515949249268 -0.3628680109977722 -0.2828162610530853
-0.1272750049829483 -0.009296063333749771 -0.2208956778049469
0.05904160439968109 -0.01361039187759161 0.04238666221499443
0.10127300024032593 -0.13176056742668152 -0.02624284103512764
-0.1272750049829483 0.005952087230980396 -0.21216192841529846
-0.005252361297607422 -0.3628680109977722 -0.3903104066848755
-0.11773492395877838 0.07153299450874329 0.032864999026060104
-0.05651345103979111 -0.021566864103078842 0.0472010001540184
-0.07765479385852814 -0.05461699888110161 -0.1638304889202118
0.10127300024032593 -0.3415949046611786 -0.04225299134850502
0.13079600036144257 -0.3571089804172516 -0.3165380358695984
-0.03228199854493141 0.09084313362836838 -0.031152334064245224
0.13070398569107056 0.21922071278095245 0.032864999026060104
-0.11186888068914413 -0.3628680109977722 -0.004146929830312729
0.03156095743179321 -0.24637800455093384 -0.4279300570487976
-0.1272750049829483 0.07901431620121002 0.027622181922197342
0.06579920649528503 -0.3628680109977722 -0.3207140266895294
-0.0949443057179451 -0.0895615965127945 -0.27449101209640503
-0.05600520223379135 -0.24637800455093384 -0.4408886432647705
-0.064119353890419 -0.24637800455093384 -0.3825221657752991
0.13079600036144257 -0.24856309592723846 -0.3176998794078827
-0.07798200100660324 0.16614772379398346 -0.04936451092362404
-0.10827916860580444 0.132412850856781 0.032864999026060104
-0.08923599869012833 -0.2776317000389099 -0.013982191681861877
-0.02532052993774414 -0.05461699888110161 -0.17087242007255554
0.04072694480419159 0.03947199881076813 -0.23087558150291443
0.08650907129049301 0.2974202334880829 0.032864999026060104
0.11429712921380997 0.36164310574531555 -0.008440915495157242
0.0891876295208931 -0.05461699888110161 -0.2190927118062973
-0.08923599869012833 -0.24730682373046875 -0.005456414073705673
0.07813005149364471 -0.24637800455093384 -0.4564003050327301
0.13079600036144257 0.007434040307998657 -0.037056971341371536
-0.10217108577489853 -0.04972828924655914 -0.27449101209640503
-0.03228199854493141 0.1465694159269333 0.01346517726778984
-0.09590524435043335 -0.24637800455093384 -0.3781551718711853
0.027972906827926636 0.343548446893692 0.032864999026060104
-0.06344805657863617 -0.3628680109977722 -0.4821799397468567
0.013396665453910828 0.4121198058128357 0.032864999026060104
0.024688102304935455 0.36019647121429443 0.032864999026060104
-0.12637899816036224 -0.2912282645702362 -0.35974106192588806
0.09065718948841095 0.33257347345352173 0.032864999026060104
-0.0026175975799560547 0.03947199881076813 -0.13156600296497345
-0.04313201829791069 -0.3628680109977722 -0.4051373600959778
0.010102145373821259 -0.05461699888110161 -0.0547029934823513
0.13079600036144257 0.07107573747634888 0.012856941670179367
0.0913969874382019 0.3891679048538208 -0.05252154916524887
0.10559651255607605 -0.24637800455093384 -0.35820281505584717
0.12281470745801926 -0.19660508632659912 -0.24104200303554535
0.13079600036144257 -0.30011996626853943 -0.32948583364486694
0.08080590516328812 0.397260457277298 -0.05376200005412102
0.06237500160932541 0.1686255782842636 -0.002725265920162201
-0.12637899816036224 -0.250322550535202 -0.3512890934944153
-0.12637899816036224 -0.29366013407707214 -0.29921555519104004
-0.0021343082189559937 0.03947199881076813 -0.20540893077850342
-0.12637899816036224 -0.3137088418006897 -0.46943721175193787
0.11917252838611603 -0.3628680109977722 -0.32736116647720337
-0.1225789412856102 -0.02532331645488739 -0.27449101209640503
-0.12316856533288956 -0.3628680109977722 -0.40372034907341003
-0.1272750049829483 -0.29858672618865967 -0.2510075569152832
-0.1082339808344841 -0.11936348676681519 -0.24104200303554535
0.09927099943161011 -0.2594490051269531 -0.2605162560939789
0.024113759398460388 -0.24637800455093384 -0.3961651921272278
0.11169838160276413 0.2974979281425476 0.032864999026060104
0.11815084517002106 0.03947199881076813 -0.11815750598907471
0.041638828814029694 -0.24637800455093384 -0.27682384848594666
0.042394720017910004 -0.2818800210952759 -0.4913420081138611
-0.022337716072797775 0.39471837878227234 0.032864999026060104
-0.11944057047367096 -0.18179425597190857 0.032864999026060104
-0.10851357132196426 -0.05461699888110161 -0.08334910869598389
-0.11131235212087631 -0.3628680109977722 -0.03047710284590721
0.07358752191066742 0.2800630033016205 0.0075500719249248505
0.08393627405166626 -0.05461699888110161 -0.24579153954982758
-0.1272750049829483 0.08264565467834473 -0.03596198931336403
0.03223453462123871 -0.05461699888110161 -0.121961310505867
0.13079600036144257 0.037791118025779724 -0.13158969581127167
0.12773913145065308 -0.06370717287063599 -0.24104200303554535
-0.03228199854493141 0.05573215335607529 0.013400567695498466
-0.05583229660987854 0.289291650056839 0.032864999026060104
0.10132641345262527 0.37961238622665405 0.026032274588942528
0.07867510616779327 -0.05461699888110161 0.01882459968328476
-0.10664722323417664 -0.3628680109977722 -0.4133477210998535
0.11764311790466309 -0.22444692254066467 -0.05376200005412102
-0.022130019962787628 0.2640704810619354 0.032864999026060104
0.03269387036561966 0.3828636109828949 0.032864999026060104
-0.0896303802728653 0.371347039937973 -0.05376200005412102
-0.06659412384033203 -0.05461699888110161 -0.0013874173164367676
0.03366594761610031 0.407609224319458 -0.05376200005412102
-0.09123899787664413 -0.3136855363845825 -0.2727469801902771
-0.07993342727422714 -0.3628680109977722 -0.2962789535522461
0.10127300024032593 -0.19652977585792542 -0.02255726233124733
0.03655121475458145 0.15560823678970337 0.032864999026060104
0.10797606408596039 -0.22940203547477722 -0.05376200005412102
0.11169838160276413 0.2974979281425476 0.032864999026060104
0.1028037965297699 -0.3628680109977722 -0.3156006336212158
0.13079600036144257 -0.26628267765045166 -0.3356313109397888
-0.08923599869012833 -0.15933281183242798 -0.0003587454557418823
-0.05250205099582672 0.3457895517349243 0.032864999026060104
-0.03228199854493141 0.1418398767709732 0.0101235993206501
-0.05974748730659485 -0.05461699888110161 -0.02388983964920044
-0.07003390789031982 -0.3628680109977722 -0.4492453932762146
0.10770037025213242 -0.0709691047668457 -0.24104200303554535
0.08043268322944641 -0.3628680109977722 -0.44620633125305176
-0.1272750049829483 -0.2413634955883026 0.007630594074726105
-0.04193812981247902 -0.28938108682632446 -0.27449101209640503
-0.05646786093711853 0.03947199881076813 -0.22556839883327484
0.06542734801769257 0.03947199881076813 -0.2070978581905365
-0.06356542557477951 0.2800630033016205 -0.050673775374889374
0.035610005259513855 0.03947199881076813 -0.18794694542884827
-0.0015436261892318726 -0.3628680109977722 -0.2841886579990387
0.13079600036144257 -0.14216361939907074 0.003229742869734764
0.13079600036144257 0.038600582629442215 -0.16554726660251617
-0.12637899816036224 -0.3054695725440979 -0.2904662787914276
-0.12637899816036224 -0.2912282645702362 -0.35974106192588806
-0.057270895689725876 -0.05461699888110161 -0.2584577798843384
0.07704810798168182 -0.05461699888110161 -0.08395791798830032
0.041939567774534225 -0.025137949734926224 0.032864999026060104
-0.10747703164815903 0.23409534990787506 -0.05376200005412102
0.10965152084827423 0.03947199881076813 -0.16601282358169556
-0.06283065676689148 0.35649043321609497 -0.05376200005412102
0.023966260254383087 -0.05461699888110161 -0.2475852370262146
0.022210892289876938 0.1490160971879959 -0.05376200005412102
0.06237500160932541 0.13985607028007507 -0.019548241049051285
0.08430273830890656 -0.24637800455093384 -0.4628603756427765
0.13079600036144257 0.06910330057144165 0.009253453463315964
0.062097690999507904 -0.3628680109977722 -0.4259260892868042
0.03755475580692291 0.2114659994840622 -0.05376200005412102
-0.057483792304992676 -0.3628680109977722 -0.482120543718338
0.09262442588806152 0.3879866898059845 -0.010392189025878906
0.10127300024032593 -0.3380243182182312 0.03187280520796776
0.022687897086143494 -0.05461699888110161 -0.2448722869157791
-0.03228199854493141 0.06122756749391556 0.026483070105314255
0.07992935180664062 -0.05461699888110161 -0.07347195595502853
-0.04768245667219162 -0.02045699954032898 0.04372508078813553
0.13079600036144257 0.12446492910385132 -0.013607949018478394
-0.07003390789031982 -0.3628680109977722 -0.4492453932762146
0.03972296416759491 0.03947199881076813 -0.19632261991500854
0.13079600036144257 0.2151065468788147 -0.04369146749377251
0.06260748952627182 -0.3628680109977722 -0.2765423655509949
0.10766862332820892 0.02621917799115181 -0.27449101209640503
0.103700652718544 -0.3628680109977722 -0.42886650562286377
-0.07798200100660324 0.12957745790481567 -0.029951494187116623
0.1118573397397995 -0.3628680109977722 -0.38829275965690613
-0.0774751603603363 0.051562000066041946 -0.034671712666749954
0.06447064876556396 -0.05461699888110161 -0.03923025727272034
0.10449100285768509 0.19854247570037842 0.006399925798177719
-0.04764924943447113 -0.24637800455093384 -0.29321104288101196
-0.1272750049829483 -0.27761536836624146 -0.02597847208380699
0.003990441560745239 0.3107663094997406 -0.05376200005412102
0.13079600036144257 0.023833101615309715 -0.2708275318145752
0.09927099943161011 -0.19200284779071808 -0.24914471805095673
-0.12637899816036224 -0.32820776104927063 -0.2754252851009369
-0.05818387493491173 -0.02445193938910961 0.041231680661439896
-0.08242971450090408 0.38632142543792725 -0.05376200005412102
-0.11870957165956497 0.34761568903923035 -0.0011208727955818176
0.08347800374031067 0.03947199881076813 -0.0664365142583847
0.018834512680768967 0.13104656338691711 0.032864999026060104
0.10127300024032593 -0.15475502610206604 -0.027243103832006454
0.026801757514476776 0.3258059620857239 0.032864999026060104
0.08837095648050308 0.3621807396411896 0.032864999026060104
-0.09207089245319366 -0.14855927228927612 -0.27449101209640503
-0.0697992742061615 0.3637440800666809 -0.05376200005412102
-0.0005860328674316406 -0.34238123893737793 -0.4913420081138611
-0.03146366775035858 -0.3628680109977722 -0.35969388484954834
0.10127300024032593 -0.1825818568468094 0.02076137438416481
-0.08756403625011444 -0.3628680109977722 -0.46823620796203613
-0.015596583485603333 0.03523917868733406 -0.27449101209640503
0.0007811412215232849 0.3326416015625 0.032864999026060104
-0.028234392404556274 -0.05461699888110161 -0.1171000599861145
-0.1212795153260231 -0.32232874631881714 -0.05376200005412102
-0.1272750049829483 -0.04602658748626709 0.021370477974414825
-0.056919485330581665 -0.24637800455093384 -0.43633270263671875
-0.1272750049829483 -0.010137951001524925 -0.08906404674053192
-0.07798200100660324 0.11834149062633514 0.005531582981348038
-0.12356334179639816 0.3253209888935089 -0.014181707054376602
-0.12637899816036224 -0.2910330295562744 -0.3537871837615967
0.1222604513168335 -0.3488844037055969 -0.05376200005412102
0.13079600036144257 -0.30521613359451294 -0.4123697280883789
-0.08923599869012833 -0.16196662187576294 -0.04627553001046181
0.030641943216323853 0.03947199881076813 -0.05946608632802963
0.06237500160932541 0.21878275275230408 0.014654356986284256
0.10127300024032593 -0.057418178766965866 -0.03935650736093521
0.08759460598230362 -0.05461699888110161 0.002545773983001709
-0.08923599869012833 -0.28496795892715454 0.007638867944478989
0.09420832991600037 0.3647744059562683 -0.05376200005412102
-0.04619985446333885 -0.05461699888110161 -0.24200236797332764
-0.10766515135765076 -0.3628680109977722 -0.43469715118408203
0.13079600036144257 -0.1997564733028412 -0.03740272670984268
-0.10717540979385376 0.3591589033603668 -0.05376200005412102
-0.11707500368356705 0.35187023878097534 -0.03476985916495323
-0.03228199854493141 0.14178811013698578 -0.04287213459610939
0.13079600036144257 0.01721123605966568 -0.17255687713623047
0.10298258066177368 -0.24637800455093384 -0.3475240468978882
-0.11531023681163788 0.263521283864975 0.032864999026060104
-0.1272750049829483 0.12255978584289551 -0.044904883950948715
-0.01225937157869339 -0.31485679745674133 -0.27449101209640503
-0.04318704456090927 -0.02045699954032898 0.045866455882787704
0.039428651332855225 -0.3628680109977722 -0.3409007787704468
-0.09480126947164536 -0.18296822905540466 -0.05376200005412102
-0.04748086631298065 0.4146983325481415 -0.039515797048807144
0.03459712117910385 -0.05461699888110161 -0.14737825095653534
0.045762330293655396 -0.3628680109977722 -0.29033082723617554
-0.1272750049829483 -0.1136620044708252 0.004212120547890663
0.10026483237743378 0.38063398003578186 -0.03734327480196953
0.07542920112609863 -0.24637800455093384 -0.35478800535202026
0.13079600036144257 0.3153335452079773 0.02254379913210869
0.03803835064172745 0.03947199881076813 -0.12019802629947662
-0.029292160645127296 0.1874604970216751 0.032864999026060104
0.010757654905319214 -0.029537759721279144 -0.27449101209640503
-0.06598840653896332 -0.3628680109977722 -0.32272693514823914
0.06038795784115791 0.15039075911045074 -0.05376200005412102
-0.041954994201660156 -0.3628680109977722 -0.45736533403396606
-0.11899849772453308 -0.2468155175447464 0.032864999026060104
0.13079600036144257 -0.3082546293735504 -0.336689829826355
-0.07396386563777924 -0.3628523349761963 -0.4913420081138611
0.13079600036144257 -0.35553789138793945 -0.2840549051761627
0.03992171213030815 -0.05461699888110161 -0.20399770140647888
-0.1272750049829483 0.010634676553308964 -0.17823609709739685
-0.020847469568252563 0.35965603590011597 -0.05376200005412102
0.10575447976589203 0.37451833486557007 -0.024726301431655884
-0.07587992399930954 0.023104609921574593 0.032864999026060104
0.044283121824264526 -0.24637800455093384 -0.3608579635620117
0.10127300024032593 -0.0910460352897644 0.021666135638952255
-0.12520602345466614 0.13130396604537964 0.032864999026060104
0.11092262715101242 0.28222307562828064 -0.05376200005412102
-0.07322955131530762 -0.05461699888110161 -0.20307837426662445
0.13079600036144257 0.03292766213417053 -0.08872221410274506
0.10781160742044449 -0.34404638409614563 0.032864999026060104
0.10127300024032593 -0.3225588798522949 -0.011708397418260574
0.04180096089839935 0.03947199881076813 -0.22270072996616364
0.12833304703235626 -0.2824299931526184 -0.24104200303554535
-0.03228199854493141 0.19624465703964233 -0.024543344974517822
-0.12139461189508438 -0.3628680109977722 -0.4790649712085724
-0.0726097822189331 -0.05461699888110161 0.023576661944389343
0.0036324113607406616 0.03947199881076813 -0.16784922778606415
-0.10344076156616211 0.1522579789161682 0.032864999026060104
0.0651368722319603 -0.004377399105578661 0.03572593256831169
0.06234295666217804 -0.3628680109977722 -0.4150661528110504
-0.11605852842330933 -0.2092844694852829 -0.27449101209640503
0.09426745772361755 -0.3628680109977722 -0.30873310565948486
0.019792690873146057 -0.2685464322566986 -0.27449101209640503
-0.09123899787664413 -0.11078578233718872 -0.24429935216903687
-0.0073734670877456665 0.3253209888935089 -0.026910481974482536
-0.08535975962877274 0.33327412605285645 -0.05376200005412102
0.06237500160932541 0.22729912400245667 0.009950706735253334
-0.07798200100660324 0.20877180993556976 0.02540547028183937
-0.03818497061729431 -0.24637800455093384 -0.3492640256881714
0.10127300024032593 -0.15776315331459045 0.01932070031762123
0.05616047978401184 0.08532562851905823 -0.05376200005412102
-0.1272750049829483 -0.31039971113204956 -0.016519587486982346
-0.01727430522441864 -0.33767175674438477 -0.27449101209640503
-0.11060367524623871 0.2693386971950531 -0.05376200005412102
-0.07798200100660324 0.23079781234264374 0.0029233209788799286
0.05833454430103302 0.4121990203857422 -0.052348677068948746
-0.1272750049829483 -0.04533945769071579 -0.0699024647474289
-0.020447276532649994 -0.05461699888110161 -0.11741933226585388
-0.002158448100090027 0.02154434658586979 -0.27449101209640503
0.13079600036144257 -0.2540319859981537 -0.37567397952079773
-0.045800331979990005 -0.05461699888110161 -0.18641526997089386
-0.1272750049829483 0.13547098636627197 -0.028548341244459152
-0.11773492395877838 0.07153299450874329 0.032864999026060104
0.13079600036144257 -0.023310933262109756 -0.24833449721336365
0.0010179206728935242 -0.05461699888110161 -0.1489667296409607
-0.07878188788890839 -0.05461699888110161 0.020434122532606125
0.02952643111348152 0.42173391580581665 0.03001273050904274
0.08566930890083313 0.3253209888935089 0.021061060950160027
-0.11385438591241837 0.11331300437450409 -0.05376200005412102
-0.03748510032892227 -0.025309231132268906 0.0460578128695488
-0.01834297925233841 -0.05461699888110161 -0.20380918681621552
0.10192713141441345 -0.3397851884365082 -0.4913420081138611
0.13079600036144257 0.2161109447479248 0.023751143366098404
0.05166219174861908 0.03947199881076813 -0.09467100352048874
0.13079600036144257 -0.3043098449707031 -0.27851879596710205
0.10127300024032593 -0.082549087703228 0.0031109265983104706
-0.023431964218616486 -0.05461699888110161 -0.056536171585321426
0.027037743479013443 -0.01614541746675968 0.037157755345106125
0.04663988947868347 0.41618403792381287 -0.029744455590844154
-0.07530701160430908 0.051562000066041946 0.02572248876094818
-0.0031785741448402405 0.01345909759402275 -0.27449101209640503
0.09927099943161011 -0.11746558547019958 -0.2613884210586548
-0.05396444350481033 -0.3628680109977722 -0.360830157995224
0.13079600036144257 -0.006499584764242172 -0.04848656803369522
0.03307657688856125 -0.27056142687797546 -0.27449101209640503
0.04195193573832512 -0.05461699888110161 -0.08566994965076447
-0.1212795153260231 -0.32232874631881714 -0.05376200005412102
0.13079600036144257 -0.10042762756347656 -0.024154648184776306
0.13079600036144257 -0.038766320794820786 -0.12623706459999084
-0.09403710067272186 -0.045121848583221436 0.032864999026060104
0.0923047661781311 0.051562000066041946 -0.04801761358976364
-0.03228199854493141 0.1364588588476181 -0.042122695595026016
0.0646575540304184 -0.05461699888110161 -0.05246724188327789
0.0008692294359207153 0.03947199881076813 -0.15378199517726898
-0.11521650105714798 -0.06122975051403046 -0.27449101209640503
-0.028409220278263092 -0.2568526864051819 -0.27449101209640503
-0.05660329759120941 0.3253209888935089 -0.01709138974547386
-0.06731361150741577 -0.05461699888110161 -0.20956876873970032
-0.042197033762931824 -0.05461699888110161 -0.21339157223701477
0.13079600036144257 -0.2781396508216858 -0.4397430717945099
0.009948328137397766 -0.04214657470583916 0.032864999026060104
0.10449100285768509 0.05702878162264824 -0.04760110750794411
-0.1272750049829483 -0.183759868144989 -0.049651507288217545
-0.1272750049829483 -0.014715135097503662 -0.04106563702225685
-0.10159074515104294 -0.05461699888110161 -0.23200348019599915
0.052739813923835754 -0.24637800455093384 -0.48139169812202454
-0.003174707293510437 -0.3628680109977722 -0.4466058909893036
-0.1272750049829483 -0.1215900182723999 -0.24819159507751465
0.0405796617269516 -0.05461699888110161 -0.013389479368925095
-0.12304955720901489 -0.1808389127254486 0.032864999026060104
0.0661902129650116 0.051562000066041946 -0.05141275376081467
0.10749077796936035 -0.34999462962150574 -0.05376200005412102
-0.1272750049829483 0.02590775117278099 -0.14785753190517426
-0.057980164885520935 -0.24637800455093384 -0.2772010564804077
-0.03200603276491165 -0.3628680109977722 -0.28090956807136536
-0.03433656692504883 -0.3628680109977722 -0.409957617521286
-0.0945405662059784 0.03947199881076813 -0.22814880311489105
0.13079600036144257 -0.041551411151885986 -0.18926995992660522
-0.02744508534669876 0.27260518074035645 0.032864999026060104
-0.04962790012359619 -0.00928194634616375 0.03561512380838394
-0.0814785286784172 -0.05461699888110161 -0.0228436216711998
0.09967728704214096 -0.10795395076274872 -0.27449101209640503
-0.0583701953291893 -0.25179386138916016 -0.27449101209640503
-0.12117927521467209 0.34118738770484924 -0.04445653036236763
0.1284896284341812 -0.01483103632926941 -0.27449101209640503
-0.1046958863735199 -0.05461699888110161 -0.1973966360092163
-0.08875717222690582 -0.24637800455093384 -0.47212478518486023
0.0913969874382019 0.3891679048538208 -0.05252154916524887
0.040441446006298065 -0.05461699888110161 -0.18678779900074005
-0.12306264042854309 -0.05461699888110161 -0.09844547510147095
-0.04962790012359619 -0.00928194634616375 0.03561512380838394
0.0006907954812049866 -0.05461699888110161 -0.23994722962379456
0.10127300024032593 -0.32803109288215637 -0.03046989068388939
-0.015287071466445923 -0.05461699888110161 -0.1186918318271637
0.13079600036144257 -0.03679358959197998 -0.010940421372652054
0.13079600036144257 0.02008640207350254 -0.11533311009407043
-0.07798200100660324 0.2021670639514923 -0.013512950390577316
0.13079600036144257 -0.34204402565956116 -0.2477249950170517
0.06341788172721863 -0.05461699888110161 -0.2118586003780365
0.1251087635755539 -0.0548652708530426 -0.24104200303554535
-0.022795289754867554 -0.3499492108821869 -0.4913420081138611
0.11691512167453766 -0.15544843673706055 -0.27449101209640503
-0.1272750049829483 -0.007787318900227547 -0.16828110814094543
-0.12438905239105225 -0.3628680109977722 -0.41273272037506104
0.13079600036144257 -0.2558155655860901 -0.3528306782245636
-0.08923599869012833 -0.18117085099220276 -0.007951460778713226
0.10127300024032593 -0.35747474431991577 0.028535621240735054
0.06237500160932541 0.07259441912174225 -0.004649072885513306
-0.1177603006362915 -0.23920652270317078 0.032864999026060104
0.11717812716960907 -0.24637800455093384 -0.30563414096832275
-0.06445915997028351 -0.05461699888110161 -0.08808383345603943
0.08056467026472092 -0.05461699888110161 -0.13854652643203735
0.13079600036144257 0.04744142293930054 0.00043471530079841614
-0.1016579270362854 -0.1905442476272583 -0.05376200005412102
0.10127300024032593 -0.3106166422367096 -0.028605379164218903
-0.08563238382339478 -0.3628680109977722 -0.46995022892951965
0.10127300024032593 -0.31803497672080994 -0.02930072322487831
0.06287993490695953 -0.02252380922436714 0.032864999026060104
-0.12637899816036224 -0.2696892023086548 -0.441975474357605
0.13079600036144257 0.26678675413131714 0.0164470337331295
-0.07798200100660324 0.06792720407247543 -0.00808073952794075
0.026256375014781952 0.003701230511069298 -0.27449101209640503
-0.09123899787664413 -0.10871389508247375 -0.25149446725845337
-0.028041336685419083 0.17726744711399078 -0.05376200005412102
-0.1272750049829483 -0.12384593486785889 -0.039484720677137375
0.13079600036144257 0.22777819633483887 -0.04935620352625847
-0.012074872851371765 0.32153624296188354 -0.05376200005412102
0.06617990136146545 -0.05461699888110161 -0.06291221082210541
-0.10109342634677887 -0.05467349290847778 0.032864999026060104
0.11421209573745728 -0.05461699888110161 -0.14330171048641205
-0.0441342368721962 -0.05461699888110161 -0.07468768954277039
-0.09443938732147217 0.38285166025161743 -0.019402071833610535
0.05458926036953926 0.4035983681678772 0.032864999026060104
-0.1272750049829483 -0.023412853479385376 -0.039839278906583786
0.12315946072340012 -0.06538829207420349 0.032864999026060104
0.10127300024032593 -0.23226165771484375 -0.027067821472883224
0.10691571235656738 -0.08641096949577332 -0.05376200005412102
0.0651836097240448 0.051562000066041946 0.007179507985711098
-0.054644227027893066 -0.24637800455093384 -0.3472403585910797
0.13079600036144257 0.08340516686439514 0.026822514832019806
0.03650467097759247 -0.3628680109977722 -0.2929595112800598
-0.1272750049829483 -0.062094300985336304 -0.2730570137500763
-0.12437988817691803 0.03947199881076813 -0.19818530976772308
0.02040211856365204 -0.020506858825683594 0.032864999026060104
0.038981013000011444 -0.05461699888110161 0.02396135777235031
-0.1272750049829483 0.1040005087852478 0.027500871568918228
0.05738406628370285 0.07007439434528351 -0.05376200005412102
-0.07798200100660324 0.24441981315612793 0.006649412214756012
0.10449100285768509 0.10113127529621124 0.014268521219491959
-0.04487645998597145 -0.003385231364518404 0.03399518504738808
-0.050633594393730164 0.03728919103741646 0.032864999026060104
-0.005687333643436432 0.32058146595954895 0.032864999026060104
-0.04193812981247902 -0.28938108682632446 -0.27449101209640503
0.12485256791114807 -0.09942784905433655 0.032864999026060104
0.040441446006298065 -0.05461699888110161 -0.18678779900074005
0.05038370192050934 0.32979243993759155 -0.05376200005412102
0.13079600036144257 -0.0465623140335083 -0.0032362937927246094
-0.09123899787664413 -0.20344603061676025 -0.26655036211013794
-0.046204641461372375 0.33196040987968445 0.032864999026060104
0.06237500160932541 0.13591612875461578 -0.02634204551577568
-0.003393113613128662 0.03947199881076813 -0.058730144053697586
-0.1272750049829483 -0.2472272515296936 -0.02515745535492897
-0.12637899816036224 -0.2637679874897003 -0.3309621512889862
-0.11330202221870422 -0.05461699888110161 -0.13739928603172302
-0.10374505072832108 -0.20718416571617126 -0.27449101209640503
-0.12213682383298874 -0.05461699888110161 -0.1025397777557373
-0.12637899816036224 -0.30018311738967896 -0.3819256126880646
0.13079600036144257 -0.338760644197464 -0.03250483423471451
0.01685536652803421 -0.30232447385787964 -0.4913420081138611
0.04045737534761429 0.40710514783859253 0.032864999026060104
0.09029786288738251 -0.24637800455093384 -0.3143177628517151
0.1278705596923828 0.3253209888935089 0.024623554199934006
0.026774615049362183 -0.24637800455093384 -0.3746362328529358
-0.11368997395038605 -0.3628680109977722 -0.015989769250154495
-0.04137931764125824 0.37503382563591003 -0.05376200005412102
-0.07798200100660324 0.09025899320840836 -0.03720221295952797
-0.10872587561607361 -0.021922141313552856 0.032864999026060104
-0.07798200100660324 0.27913790941238403 -0.009722165763378143
-0.03228199854493141 0.10260990262031555 -0.04414253309369087
0.1232438012957573 0.344978392124176 -0.006330147385597229
-0.020672999322414398 -0.05461699888110161 0.01048939861357212
-0.08923599869012833 -0.3137613534927368 -0.03828519955277443
0.13079600036144257 -0.313700795173645 -0.3208017945289612
0.11550825834274292 0.3598177433013916 0.018527261912822723
0.13079600036144257 -0.27511999011039734 -0.34694960713386536
-0.021550869569182396 0.2346634417772293 0.032864999026060104
0.06418377161026001 -0.3628680109977722 -0.4478932321071625
0.11927682161331177 0.11377596855163574 0.032864999026060104
-0.059618547558784485 -0.3628680109977722 -0.29245519638061523
-0.12637899816036224 -0.3601805567741394 -0.33008572459220886
-0.04577041417360306 -0.3628680109977722 -0.46172013878822327
-0.1272750049829483 0.229378342628479 -0.05268998071551323
-0.06283065676689148 0.35649043321609497 -0.05376200005412102
-0.08036606013774872 0.3253209888935089 -0.016351059079170227
0.028834134340286255 0.03576979786157608 0.032864999026060104
0.09927099943161011 -0.15598443150520325 -0.25387638807296753
-0.07798200100660324 0.23743605613708496 0.001651998609304428
0.12824316322803497 -0.01924005150794983 -0.27449101209640503
-0.04331393539905548 0.03709923475980759 -0.27449101209640503
-0.042000383138656616 -0.24637800455093384 -0.4729725122451782
0.13079600036144257 -0.11242663860321045 -0.2674849033355713
0.07233567535877228 -0.05461699888110161 -0.1139279454946518
0.03876552730798721 -0.05461699888110161 -0.02534782886505127
0.13079600036144257 -0.3424420952796936 0.018134575337171555
0.003241937607526779 0.18358367681503296 -0.05376200005412102
-0.02989240735769272 -0.3628680109977722 -0.2800849676132202
-0.1160304844379425 -0.3224169611930847 -0.27449101209640503
-0.02011662721633911 -0.3628680109977722 -0.4752236306667328
0.11263963580131531 -0.05461699888110161 -0.11643198132514954
-0.10153190046548843 -0.020687103271484375 0.032864999026060104
0.13079600036144257 -0.28745195269584656 -0.038828469812870026
-0.12637899816036224 -0.3422912359237671 -0.35613295435905457
0.07265101373195648 -0.24637800455093384 -0.40242764353752136
-0.005575396120548248 -0.05461699888110161 -0.015865817666053772
0.018985867500305176 0.31835657358169556 0.032864999026060104
0.09198882430791855 0.02371443435549736 0.032864999026060104
-0.05343859642744064 -0.3628680109977722 -0.3650829792022705
-0.1272750049829483 -0.23661653697490692 -0.2611750662326813
0.11773739755153656 -0.05461699888110161 -0.20898908376693726
0.015365302562713623 0.33793458342552185 -0.05376200005412102
-0.07798200100660324 0.20929625630378723 -0.02768736705183983
0.12293151021003723 0.26763319969177246 0.032864999026060104
0.10127300024032593 -0.0771639496088028 -0.0156887024641037
0.13079600036144257 -0.08900640904903412 -0.25425970554351807
0.06237500160932541 0.20476284623146057 -0.0032539814710617065
-0.1272750049829483 -0.09466510266065598 -0.26091304421424866
0.06003241613507271 -0.05461699888110161 -0.2236335575580597
0.027163736522197723 0.09637638926506042 0.032864999026060104
0.1096150204539299 0.368699848651886 0.03178804740309715
-0.06435561180114746 0.3253209888935089 -0.03344036638736725
-0.07798200100660324 0.18745534121990204 -0.0031395740807056427
-0.0032188892364501953 -0.05461699888110161 -0.14241763949394226
0.11691568791866302 -0.3628680109977722 -0.42406848073005676
0.0687570720911026 -0.05461699888110161 -0.1600499451160431
0.13079600036144257 -0.1370907425880432 -0.039991576224565506
-0.1272750049829483 0.25382745265960693 0.015794899314641953
-0.00782039761543274 0.046111881732940674 0.032864999026060104
-0.1016579270362854 -0.1905442476272583 -0.05376200005412102
-0.12010221183300018 -0.24845828115940094 -0.4913420081138611
0.0996088832616806 -0.3628680109977722 -0.4464711546897888
0.07355154305696487 0.3566799461841583 0.032864999026060104
-0.0001052170991897583 0.3323812186717987 0.032864999026060104
0.10818109661340714 0.18485116958618164 0.032864999026060104
-0.07798200100660324 0.2277691513299942 0.02875274047255516
-0.03873826563358307 -0.038871198892593384 0.032864999026060104
0.13079600036144257 0.16833257675170898 0.0176302008330822
-0.05356822907924652 0.03947199881076813 -0.1975502073764801
-0.10945110023021698 -0.2677609920501709 -0.24104200303554535
0.12382389605045319 -0.24637800455093384 -0.43921440839767456
0.10127300024032593 -0.22915036976337433 -0.02742057666182518
-0.11101095378398895 -0.07693833112716675 -0.24104200303554535
0.017305225133895874 -0.05461699888110161 -0.21211890876293182
0.13079600036144257 -0.2531221807003021 0.004236102104187012
0.07019651681184769 -0.028074000030755997 0.04096217826008797
-0.11311439424753189 -0.3628680109977722 -0.33180931210517883
0.13079600036144257 -0.2381344437599182 -0.0002539828419685364
0.08650322258472443 0.02230210043489933 -0.27449101209640503
-0.04670730233192444 0.03947199881076813 -0.101188063621521
0.07542920112609863 -0.24637800455093384 -0.35478800535202026
0.020652830600738525 -0.05461699888110161 -0.19594204425811768
0.06916273385286331 -0.028074000030755997 0.035664401948451996
-0.02575129270553589 -0.05461699888110161 0.0312945656478405
-0.07777045667171478 0.051562000066041946 0.0328286848962307
0.10449100285768509 0.22881129384040833 -0.04659165069460869
0.026380613446235657 -0.3628680109977722 -0.42543694376945496
-0.10863561183214188 -0.05461699888110161 -0.1489717662334442
0.05278943479061127 0.41408947110176086 -0.037490107119083405
-0.07524541020393372 0.3253209888935089 -0.04644820839166641
-0.07798200100660324 0.14667436480522156 0.012875910848379135
0.08901949226856232 0.03947199881076813 -0.1558007299900055
0.1272122710943222 -0.1030299961566925 -0.27449101209640503
-0.11984343081712723 -0.2774408161640167 -0.4913420081138611
0.10449100285768509 0.13399656116962433 -0.01690780743956566
0.11090245842933655 -0.3628680109977722 -0.303960382938385
0.01325950026512146 -0.05461699888110161 0.011287573724985123
-0.1272750049829483 -0.03692171722650528 -0.17977000772953033
0.13079600036144257 -0.2829855680465698 -0.44655221700668335
-0.11762911081314087 0.3504279851913452 -0.027360819280147552
-0.1272750049829483 0.22990037500858307 0.023451074957847595
0.13079600036144257 -0.2991197407245636 -0.2832804322242737
-0.042890265583992004 0.32711100578308105 0.032864999026060104
-0.020447276532649994 -0.05461699888110161 -0.11741933226585388
0.04776741564273834 -0.3628680109977722 -0.47800081968307495
-0.027642935514450073 0.03947199881076813 -0.17169032990932465
0.06237500160932541 0.21063297986984253 -0.0492330826818943
0.08431324362754822 -0.3628680109977722 -0.38445979356765747
-0.0628291517496109 0.407315194606781 -0.029937243089079857
0.05081014707684517 -0.31196123361587524 -0.27449101209640503
0.07084476947784424 0.2800630033016205 -0.029354633763432503
-0.1272750049829483 0.1040005087852478 0.027500871568918228
-0.10732296854257584 -0.26026585698127747 -0.27449101209640503
-0.06377799808979034 0.40541312098503113 -0.05376200005412102
0.11730899661779404 -0.05461699888110161 -0.19441194832324982
0.0800786092877388 0.39895060658454895 0.0013156570494174957
0.10372314602136612 -0.19285932183265686 0.032864999026060104
-0.03807506710290909 0.3253209888935089 -0.02198372408747673
0.029056668281555176 -0.019586393609642982 0.033827949315309525
-0.01927424967288971 0.3857858180999756 -0.05376200005412102
-0.01384475827217102 0.0038642510771751404 0.032864999026060104
-0.10047580301761627 0.3768233060836792 0.032864999026060104
-0.11874748766422272 -0.05461699888110161 -0.17539039254188538
-0.1141647920012474 -0.3628680109977722 -0.398861289024353
-0.06696836650371552 -0.25889068841934204 -0.27449101209640503
-0.08923599869012833 -0.13001681864261627 -0.030735377222299576
-0.09289125353097916 -0.2838374972343445 -0.05376200005412102
-0.12637899816036224 -0.3253813683986664 -0.48322954773902893
0.06237500160932541 0.10872429609298706 -0.007035855203866959
0.0790897011756897 -0.050032392144203186 0.032864999026060104
0.10127300024032593 -0.15639951825141907 0.016428347676992416
-0.04439610242843628 -0.24637800455093384 -0.45453929901123047
0.04040735960006714 0.4183068871498108 0.019288264214992523
-0.1272750049829483 -0.24404650926589966 -0.25546902418136597
0.1004544198513031 -0.24637800455093384 -0.4233713150024414
-0.09972408413887024 -0.29796773195266724 -0.4913420081138611
0.13079600036144257 0.04519432783126831 0.03223187476396561
0.12176123261451721 0.0162701066583395 -0.27449101209640503
-0.11768954247236252 -0.05461699888110161 -0.19188927114009857
0.11842294037342072 -0.24637800455093384 -0.43545299768447876
-0.017783522605895996 0.3693123459815979 -0.05376200005412102
0.13079600036144257 -0.09378382563591003 -0.029972612857818604
-0.1272750049829483 -0.3082343637943268 0.005774587392807007
-0.06752260029315948 0.35129475593566895 -0.05376200005412102
0.04435356706380844 0.3993370831012726 -0.05376200005412102
0.11289053410291672 0.04416018724441528 0.032864999026060104
-0.07798200100660324 0.0542290024459362 -0.031464625149965286
-0.005058689042925835 0.15021950006484985 0.032864999026060104
0.09927099943161011 -0.27082693576812744 -0.2539539933204651
-0.02594897150993347 -0.05461699888110161 -0.053352802991867065
0.0819787085056305 -0.34629201889038086 -0.27449101209640503
-0.08573576807975769 -0.24637800455093384 -0.30460038781166077
0.10900469124317169 -0.28046715259552 -0.4913420081138611
0.00901883840560913 -0.05461699888110161 -0.03184349834918976
-0.1272750049829483 0.017697691917419434 -0.013365555554628372
0.10449100285768509 0.057971663773059845 0.02452101558446884
0.06237500160932541 0.14320014417171478 -0.02481818199157715
-0.043391622602939606 -0.3628680109977722 -0.28258198499679565
-0.11966505646705627 -0.025722354650497437 -0.27449101209640503
-0.07946018874645233 0.3920437693595886 0.032864999026060104
0.011421501636505127 -0.3628680109977722 -0.4676685929298401
0.09544272720813751 -0.05461699888110161 -0.10835443437099457
0.1266918033361435 0.1882910281419754 -0.05376200005412102
0.06936551630496979 -0.05461699888110161 -0.1399700790643692
0.13079600036144257 0.2233353853225708 -0.036989908665418625
-0.1272750049829483 0.16204002499580383 -0.05286656692624092
0.051280274987220764 -0.05461699888110161 -0.09930859506130219
0.07514596730470657 0.330063134431839 0.032864999026060104
-0.007197685539722443 0.11882907152175903 0.032864999026060104
0.08623100817203522 -0.05461699888110161 -0.20227327942848206
0.10987655818462372 0.16265511512756348 0.032864999026060104
0.13079600036144257 0.1930214911699295 -0.032173965126276016
-0.1272750049829483 0.01813334971666336 -0.13883338868618011
-0.07798200100660324 0.26062703132629395 0.031462956219911575
-0.07264706492424011 -0.05461699888110161 -0.013134151697158813
0.02805008739233017 0.4218961298465729 -0.0075617022812366486
-0.10312601923942566 -0.24637800455093384 -0.37156301736831665
-0.07798200100660324 0.2250482738018036 -0.011946268379688263
0.020132549107074738 0.18014778196811676 0.032864999026060104
0.09487943351268768 0.03947199881076813 -0.263705849647522
-0.03345833718776703 0.4165602922439575 -0.05376200005412102
0.05913762375712395 -0.05461699888110161 -0.027562078088521957
-0.08728397637605667 -0.3628680109977722 -0.42664647102355957
0.05773347243666649 -0.3136064410209656 -0.27449101209640503
0.012447290122509003 -0.05461699888110161 0.01416228711605072
-0.050223857164382935 -0.009012768045067787 -0.27449101209640503
-0.12637899816036224 -0.2643986642360687 -0.45772820711135864
-0.09123899787664413 -0.28239214420318604 -0.25952616333961487
-0.06921705603599548 0.03947199881076813 -0.2282053530216217
-0.1272750049829483 0.30471330881118774 0.023101147264242172
0.10127300024032593 -0.28375235199928284 0.024509478360414505
0.007501859217882156 0.162838414311409 0.032864999026060104
0.10127300024032593 -0.28720682859420776 -0.019774403423070908
-0.12637899816036224 -0.2970436215400696 -0.4427681565284729
-0.04556548222899437 -0.05461699888110161 -0.14953091740608215
0.05724980682134628 0.29409369826316833 0.032864999026060104
-0.12637899816036224 -0.28054380416870117 -0.4868074059486389
-0.12637899816036224 -0.35827523469924927 -0.37782514095306396
-0.08907639980316162 0.3467042148113251 -0.05376200005412102
-0.06870152056217194 -0.05461699888110161 -0.2519736588001251
-0.1272750049829483 -0.17806699872016907 0.004150347784161568
-0.09555104374885559 -0.05461699888110161 -0.12133309245109558
-0.07986614853143692 0.1425434947013855 0.032864999026060104
0.08682532608509064 -0.05461699888110161 0.0016146115958690643
-0.1272750049829483 -0.18278631567955017 0.03008081577718258
-0.05248083919286728 -0.3628680109977722 -0.34159621596336365
-0.012012258172035217 -0.34457525610923767 -0.27449101209640503
0.1007857471704483 -0.05461699888110161 0.03172073885798454
0.012151610106229782 0.2448531538248062 0.032864999026060104
-0.10812613368034363 -0.3628680109977722 -0.2492653876543045
0.03156095743179321 -0.24637800455093384 -0.4279300570487976
0.13079600036144257 0.2844657599925995 -0.03381757065653801
0.07706061005592346 -0.3628680109977722 -0.45049816370010376
-0.07837101817131042 0.05128327012062073 0.032864999026060104
-0.07798200100660324 0.13427121937274933 -0.0032313205301761627
0.046518243849277496 0.34844210743904114 0.032864999026060104
-0.1272750049829483 -0.07257905602455139 0.005758311599493027
-0.012730919755995274 0.4231926202774048 0.014007125049829483
-0.023321397602558136 -0.05461699888110161 -0.26391345262527466
-0.021576248109340668 -0.3628680109977722 -0.2871115207672119
-0.07719433307647705 -0.3628680109977722 -0.35781919956207275
0.13079600036144257 -0.2677001953125 0.032232001423835754
-0.03228199854493141 0.15510612726211548 -0.02468065544962883
-0.0308665931224823 -0.33970409631729126 -0.27449101209640503
0.10127300024032593 -0.27779120206832886 -0.026411529630422592
0.057492516934871674 -0.2521377205848694 -0.4913420081138611
-0.08923599869012833 -0.17283755540847778 -0.03560270741581917
-0.11430387198925018 -0.3224174380302429 -0.27449101209640503
-0.10786689072847366 -0.27008241415023804 -0.27449101209640503
-0.10885630548000336 -0.20038427412509918 -0.24104200303554535
-0.08923599869012833 -0.16511397063732147 0.021337855607271194
0.010738737881183624 -0.05461699888110161 -0.01935701072216034
0.08028639107942581 -0.05461699888110161 -0.13019916415214539
-0.08112892508506775 0.03947199881076813 -0.21815553307533264
0.1143278032541275 -0.3628680109977722 -0.41676807403564453
-0.02258981391787529 0.15705934166908264 -0.05376200005412102
0.09614871442317963 -0.24796678125858307 -0.4913420081138611
-0.06870152056217194 -0.05461699888110161 -0.2519736588001251
-0.03228199854493141 0.14704324305057526 -0.04961501434445381
-0.04577041417360306 -0.3628680109977722 -0.46172013878822327
0.061111707240343094 0.13494867086410522 -0.05376200005412102
0.13079600036144257 -0.041551411151885986 -0.18926995992660522
-0.05394434928894043 -0.24637800455093384 -0.4172472357749939
0.05622483789920807 -0.3628680109977722 -0.34146448969841003
0.11293505132198334 0.05193580687046051 -0.05376200005412102
-0.03228199854493141 0.1512267291545868 -0.03161659464240074
-0.10731427371501923 -0.05461699888110161 -0.08369390666484833
0.06683142483234406 -0.01372458040714264 0.032864999026060104
0.010942410677671432 0.09751817584037781 0.032864999026060104
0.13079600036144257 -0.2580002546310425 -0.40619975328445435
-0.09068922698497772 -0.24637800455093384 -0.36269423365592957
-0.1272750049829483 -0.04336202144622803 0.00908314622938633
0.12284522503614426 0.13262557983398438 0.032864999026060104
0.08872564136981964 -0.24637800455093384 -0.4537397027015686
0.014547355473041534 -0.008187835104763508 0.032864999026060104
-0.09563959389925003 -0.28943726420402527 -0.24104200303554535
-0.09846533834934235 0.3253209888935089 0.014749500900506973
-0.1272750049829483 -0.07209864258766174 0.02395746484398842
0.06237500160932541 0.09951888024806976 -0.051305290311574936
0.1086764931678772 -0.09462010860443115 -0.24104200303554535
0.030638515949249268 -0.3628680109977722 -0.2828162610530853
-0.04868145287036896 -0.24637800455093384 -0.2904837131500244
-0.031274691224098206 0.38266533613204956 -0.05376200005412102
-0.07798200100660324 0.07209476083517075 -0.0037540793418884277
-0.12406899034976959 -0.1544990837574005 -0.24104200303554535
0.10127300024032593 -0.3620946407318115 0.017120717093348503
0.10127300024032593 -0.15620964765548706 -0.04893108084797859
-0.10146743059158325 0.32202789187431335 -0.05376200005412102
0.061950720846652985 -0.05461699888110161 0.02668825350701809
-0.08923599869012833 -0.3380511403083801 -0.053107645362615585
-0.07798200100660324 0.2765645682811737 0.0064646098762750626
0.10696511715650558 -0.13392676413059235 -0.05376200005412102
0.13079600036144257 -0.32965752482414246 -0.4886774718761444
-0.01816020905971527 0.40024498105049133 -0.05376200005412102
0.050494857132434845 -0.3628680109977722 -0.4623676538467407
-0.12637899816036224 -0.36170434951782227 -0.46712106466293335
0.1066039577126503 -0.3628680109977722 -0.4014543890953064
-0.11920121312141418 -0.05461699888110161 -0.2045469582080841
-0.046251505613327026 0.03947199881076813 -0.25777164101600647
0.11698858439922333 -0.05461699888110161 -0.1210288405418396
0.04284973442554474 0.017120983451604843 0.032864999026060104
0.10449100285768509 0.16023598611354828 -0.04471214488148689
0.10449100285768509 0.2418767213821411 0.01299736276268959
0.12285088002681732 -0.2717207968235016 -0.24104200303554535
0.027516409754753113 -0.3628680109977722 -0.2930055558681488
-0.12488815188407898 -0.0944349616765976 -0.05376200005412102
-0.06992047280073166 0.3739355802536011 -0.05376200005412102
-0.08923599869012833 -0.27475813031196594 0.013551507145166397
-0.05027562752366066 -0.3628680109977722 -0.3022177219390869
0.13079600036144257 -0.04668841511011124 -0.20292876660823822
-0.11832724511623383 -0.12454599142074585 -0.24104200303554535
-0.005639970302581787 -0.05461699888110161 -0.003023643046617508
0.13079600036144257 0.18939915299415588 -0.03452276811003685
-0.013082295656204224 -0.048498496413230896 0.032864999026060104
-0.011649467051029205 -0.24637800455093384 -0.3555298149585724
0.13079600036144257 -0.038766320794820786 -0.12623706459999084
-0.1272750049829483 -0.3551901876926422 0.02188081294298172
0.12159673869609833 -0.24637800455093384 -0.3943130373954773
-0.1272750049829483 -0.13723492622375488 -0.03615153953433037
-0.10753883421421051 -0.24637800455093384 -0.4474451541900635
-0.09784260392189026 -0.05461699888110161 -0.06003961339592934
-0.08280883729457855 0.030133072286844254 -0.27449101209640503
-0.05302052944898605 -0.00913660041987896 0.04117223620414734
-0.1272750049829483 0.014732101932168007 -0.16170592606067657
0.10767664760351181 -0.17934681475162506 -0.05376200005412102
-0.09669697284698486 0.03947199881076813 -0.20978790521621704
-0.03228199854493141 0.2659408450126648 -0.030532142147421837
-0.04298786073923111 0.3495796024799347 0.032864999026060104
-0.017748583108186722 0.2862231433391571 0.032864999026060104
0.13079600036144257 0.2939309775829315 -0.008541841059923172
-0.03228199854493141 0.2634904980659485 -0.005518224090337753
0.10127300024032593 -0.30249837040901184 0.015730109065771103
0.12059807777404785 0.18700917065143585 -0.05376200005412102
0.020672202110290527 -0.05461699888110161 -0.19004201889038086
0.036830902099609375 -0.24637800455093384 -0.29018765687942505
0.033065542578697205 0.39528265595436096 -0.05376200005412102
-0.017141982913017273 0.2988152801990509 0.032864999026060104
0.003596395254135132 0.4115206301212311 -0.05376200005412102
0.13079600036144257 -0.15338078141212463 -0.010986488312482834
-0.11470377445220947 -0.33907705545425415 -0.27449101209640503
0.10127300024032593 -0.20615334808826447 0.008335340768098831
0.03266879543662071 -0.010397052392363548 0.03523855656385422
0.10127300024032593 -0.21347105503082275 0.03094809129834175
0.006589964032173157 -0.3628680109977722 -0.34536078572273254
-0.03228199854493141 0.061548713594675064 -0.016333021223545074
-0.03228199854493141 0.1127563863992691 -0.02372075244784355
-0.1272750049829483 -0.03415627032518387 -0.18956075608730316
0.10127300024032593 -0.09851838648319244 0.009685348719358444
0.13079600036144257 -0.14554956555366516 -0.04153643921017647
0.026689894497394562 -0.02059844695031643 0.0472010001540184
0.011496588587760925 -0.3628680109977722 -0.3835204243659973
0.10449100285768509 0.15094369649887085 0.02471998706459999
-0.11262856423854828 0.31456494331359863 -0.05376200005412102
0.06821183115243912 -0.05461699888110161 -0.16446539759635925
-0.10782772302627563 -0.05461699888110161 -0.22657307982444763
-0.09123899787664413 -0.12786994874477386 -0.25776588916778564
0.04792823642492294 -0.05461699888110161 -0.1726868450641632
0.13079600036144257 -0.33795276284217834 -0.39229702949523926
0.05142727866768837 0.2167166769504547 -0.05376200005412102
0.04091481864452362 -0.336422860622406 -0.27449101209640503
-0.1272750049829483 0.03696322441101074 -0.02803310751914978
-0.027798011898994446 -0.0010345950722694397 -0.27449101209640503
0.13079600036144257 -0.33611586689949036 -0.37568917870521545
-0.08923599869012833 -0.10740610957145691 0.032055530697107315
-0.1272750049829483 -0.3078232705593109 -0.021247342228889465
0.05551180988550186 0.25492358207702637 0.032864999026060104
0.06091804802417755 -0.3466411232948303 -0.4913420081138611
0.025360088795423508 0.08099357783794403 0.032864999026060104
-0.03510800004005432 0.3246912658214569 -0.05376200005412102
-0.11556855589151382 0.2198163866996765 -0.05376200005412102
-0.024494633078575134 -0.3628680109977722 -0.32037293910980225
-0.0646195113658905 -0.05461699888110161 -0.031693652272224426
-0.12446335703134537 0.27675026655197144 -0.05376200005412102
0.03951411694288254 -0.05461699888110161 -0.2352672666311264
0.0813373401761055 -0.05461699888110161 -0.2515951991081238
-0.0017509683966636658 0.01395517960190773 0.032864999026060104
-0.10656166076660156 -0.05461699888110161 -0.11117565631866455
0.05556124448776245 -0.3628680109977722 -0.4845521152019501
0.06237500160932541 0.09262003004550934 -0.02525545284152031
-0.09520823508501053 0.3821117579936981 0.0029620733112096786
-0.11492441594600677 -0.3628680109977722 -0.037102967500686646
0.13079600036144257 -0.22005246579647064 -0.24742239713668823
0.014088831841945648 -0.05461699888110161 -0.05534005165100098
0.10449100285768509 0.14328061044216156 0.021689224988222122
0.10449100285768509 0.057971663773059845 0.02452101558446884
0.13079600036144257 0.24229484796524048 0.006587790325284004
0.05174100026488304 -0.013292621821165085 0.04526098445057869
-0.10960085690021515 0.03947199881076813 -0.21079109609127045
-0.07798200100660324 0.12532362341880798 0.009257163852453232
-0.1272750049829483 -0.09987258911132812 -0.26565882563591003
-0.09181500971317291 -0.3628680109977722 -0.41275736689567566
-0.1272750049829483 -0.01616007834672928 -0.04353397339582443
0.034605227410793304 -0.3628680109977722 -0.44861122965812683
0.13079600036144257 0.323429137468338 -0.04361492022871971
-0.06725680828094482 -0.05461699888110161 -0.21489888429641724
0.022948741912841797 -0.301123708486557 -0.4913420081138611
0.06255596876144409 0.3360213339328766 0.032864999026060104
0.03254932910203934 0.0374675914645195 -0.27449101209640503
-0.013722153380513191 0.13442015647888184 0.032864999026060104
0.13079600036144257 -0.32200556993484497 -0.38168391585350037
0.10360836982727051 -0.3628680109977722 0.003534715622663498
0.03178277611732483 -0.3628680109977722 -0.33698540925979614
0.13079600036144257 -0.31407812237739563 0.026836158707737923
-0.12637899816036224 -0.29366013407707214 -0.29921555519104004
-0.07798200100660324 0.1818803995847702 0.02667996659874916
-0.1272750049829483 0.0038861194625496864 -0.25024843215942383
0.13079600036144257 0.020798008888959885 -0.09174743294715881
0.0052933841943740845 -0.05461699888110161 -0.10103431344032288
0.03824954852461815 -0.29860609769821167 -0.27449101209640503
-0.1272750049829483 -0.014631744474172592 -0.2580220699310303
0.07214566320180893 0.4037840664386749 -0.006866592913866043
0.07733510434627533 -0.3567775785923004 -0.27449101209640503
-0.06220225989818573 -0.24637800455093384 -0.427685022354126
0.12406909465789795 0.34283024072647095 -0.0059860460460186005
0.12057700008153915 -0.06170734763145447 -0.27449101209640503
0.0322127491235733 0.12392221391201019 0.032864999026060104
0.033585503697395325 -0.24637800455093384 -0.3442386984825134
0.10127300024032593 -0.07695136219263077 0.002155561000108719
0.029838010668754578 0.10363468527793884 0.032864999026060104
0.13079600036144257 -0.31962084770202637 -0.3043670058250427
0.10127300024032593 -0.25167879462242126 -0.043490950018167496
-0.11394697427749634 0.19759556651115417 0.032864999026060104
-0.12210273742675781 0.33878374099731445 -0.029894020408391953
-0.0493369996547699 -0.24637800455093384 -0.38379234075546265
-0.057546064257621765 -0.2992905378341675 -0.4913420081138611
-0.1131289005279541 0.03947199881076813 -0.1401052176952362
-0.1272750049829483 -0.035542815923690796 -0.07443022727966309
-0.12358995527029037 -0.05461699888110161 -0.16461068391799927
-0.07860662043094635 0.03947199881076813 -0.06509767472743988
-0.06308585405349731 -0.3628680109977722 -0.4147810935974121
0.10449100285768509 0.22049656510353088 0.00886542722582817
0.13079600036144257 -0.31834864616394043 -0.3224473297595978
-0.12299206107854843 -0.05461699888110161 -0.1031012088060379
-0.04983074963092804 0.2982192933559418 -0.05376200005412102
0.10952968895435333 0.11905394494533539 0.032864999026060104
-0.09123899787664413 -0.09759905934333801 -0.27446916699409485
0.13079600036144257 -0.2632899284362793 -0.02112913504242897
0.13079600036144257 0.055017292499542236 -0.005021210759878159
0.03154604882001877 -0.015455253422260284 -0.27449101209640503
0.00860607624053955 -0.3628680109977722 -0.3428539037704468
-0.1272750049829483 -0.01827964186668396 0.005623726174235344
0.010324664413928986 0.3397834300994873 0.032864999026060104
-0.009574636816978455 -0.2644411325454712 -0.4913420081138611
-0.11438624560832977 0.10141631960868835 0.032864999026060104
0.13079600036144257 0.2843586802482605 0.014755992218852043
0.012846596539020538 -0.24888236820697784 -0.27449101209640503
-0.026579633355140686 0.3437325060367584 -0.05376200005412102
0.07549329102039337 0.051562000066041946 0.00933411531150341
-0.013746820390224457 -0.05461699888110161 -0.2464938759803772
0.12013284862041473 -0.058294087648391724 0.032864999026060104
0.040441446006298065 -0.05461699888110161 -0.18678779900074005
-0.04313201829791069 -0.3628680109977722 -0.4051373600959778
-0.1272750049829483 0.18199358880519867 -0.05266926810145378
-0.02889646589756012 0.3253209888935089 -0.045387979596853256
-0.1272750049829483 0.2945236265659332 -0.0025582313537597656
-0.08923599869012833 -0.1726977378129959 0.00020960718393325806
0.10479921102523804 -0.3628680109977722 -0.4320709705352783
-0.08923599869012833 -0.2567327618598938 -0.04770280048251152
-0.11678729951381683 0.1839134842157364 0.032864999026060104
0.06237500160932541 0.16013646125793457 0.01172991469502449
-0.1272750049829483 0.10374471545219421 -0.006934981793165207
0.06237500160932541 0.2300979197025299 0.004827272146940231
0.13079600036144257 -0.13560934364795685 -0.008819498121738434
0.06844942271709442 -0.24637800455093384 -0.4512723386287689
-0.01453767716884613 -0.2536357641220093 -0.4913420081138611
0.13079600036144257 0.11162328720092773 -0.0037078894674777985
-0.1272750049829483 0.2410707324743271 -0.005576007068157196
-0.018247023224830627 0.42258647084236145 0.024712301790714264
0.11364098638296127 -0.05461699888110161 -0.057421326637268066
0.09156164526939392 0.051562000066041946 -0.019884150475263596
-0.09042561054229736 -0.05461699888110161 -0.07207424938678741
0.10976172983646393 0.03947199881076813 -0.17321519553661346
-0.10005152970552444 0.14043837785720825 0.032864999026060104
0.026391997933387756 -0.05461699888110161 -0.07765580713748932
-0.1272750049829483 -0.07473957538604736 -0.038131214678287506
-0.07798200100660324 0.1613045185804367 0.02561715617775917
-0.07586528360843658 0.03947199881076813 -0.21615612506866455
-0.07915323227643967 0.3973691165447235 0.0005948394536972046
-0.06134897470474243 0.34284818172454834 0.032864999026060104
0.13079600036144257 -0.3071075975894928 -0.33076104521751404
-0.12637899816036224 -0.2791014015674591 -0.29194965958595276
0.07013202458620071 -0.24637800455093384 -0.29661333560943604
-0.08923599869012833 -0.24617791175842285 -0.032725561410188675
-0.006430700421333313 -0.05461699888110161 -0.13570450246334076
-0.044125691056251526 -0.3514273166656494 -0.27449101209640503
-0.1272750049829483 -0.04600384831428528 -0.058690041303634644
-0.057904377579689026 -0.05461699888110161 -0.22716274857521057
-0.0882120132446289 -0.05461699888110161 0.0029570795595645905
-0.10352650284767151 0.3662002980709076 -0.05376200005412102
-0.1138429343700409 -0.05461699888110161 -0.14092044532299042
-0.12637899816036224 -0.3242625594139099 -0.33030498027801514
-0.04639376327395439 0.40676194429397583 0.032864999026060104
0.08195711672306061 0.03947199881076813 -0.13833773136138916
0.10449100285768509 0.24090272188186646 -0.0010306313633918762
0.1072051152586937 -0.11702198535203934 -0.27449101209640503
0.06473976373672485 -0.3628680109977722 -0.3529052734375
-0.07290562987327576 -0.05461699888110161 -0.13957491517066956
-0.04137931764125824 0.37503382563591003 -0.05376200005412102
0.06364059448242188 -0.033677492290735245 0.032864999026060104
0.061863064765930176 0.4100491404533386 0.02735573798418045
-0.1272750049829483 -0.20537713170051575 0.017563194036483765
-0.12637899816036224 -0.2981107532978058 -0.4073978364467621
0.09927099943161011 -0.17507226765155792 -0.2631568908691406
0.07059269398450851 -0.05461699888110161 -0.11288350820541382
-0.1272750049829483 0.22866225242614746 -0.03352474421262741
-0.03228199854493141 0.1595129370689392 0.0030350014567375183
-0.03036537766456604 -0.05461699888110161 -0.2611801028251648
0.11873723566532135 0.3253209888935089 -0.012244809418916702
0.13079600036144257 -0.20349636673927307 0.026381174102425575
-0.12637899816036224 -0.3537278473377228 -0.3602921962738037
0.04663988947868347 0.41618403792381287 -0.029744455590844154
-0.08923599869012833 -0.2129204422235489 -0.023726556450128555
0.05205395817756653 0.17618265748023987 0.032864999026060104
0.12318510562181473 0.3319489657878876 -0.05376200005412102
0.11009491235017776 0.367976576089859 -0.02997850626707077
-0.11429987847805023 -0.3628680109977722 -0.27784475684165955
0.01243200059980154 0.4236122965812683 -0.03261566907167435
-0.06290359050035477 -0.05461699888110161 -0.039678171277046204
0.06237500160932541 0.199407160282135 -0.0038079209625720978
0.04118303582072258 0.41804268956184387 0.0012021586298942566
0.06476523727178574 -0.3628680109977722 -0.37451067566871643
0.06766713410615921 0.018341127783060074 0.032864999026060104
0.006824038922786713 0.3581715226173401 -0.05376200005412102
0.1016727089881897 -0.3449344336986542 0.032864999026060104
0.13079600036144257 -0.32801225781440735 -0.2766348123550415
0.10127300024032593 -0.17470452189445496 -0.014485437422990799
-0.08923599869012833 -0.34463343024253845 -0.03387968987226486
-0.05403168499469757 -0.2542349696159363 -0.4913420081138611
0.07109664380550385 -0.03108307160437107 -0.27449101209640503
0.1080833449959755 -0.21529048681259155 -0.24104200303554535
-0.04764924943447113 -0.24637800455093384 -0.29321104288101196
-0.1272750049829483 -0.20094579458236694 -0.008182477205991745
0.0638490691781044 -0.05461699888110161 -0.14376971125602722
-0.1272750049829483 -0.020756946876645088 -0.0802973061800003
0.0057928976602852345 -0.01929427683353424 0.032864999026060104
0.011421501636505127 -0.3628680109977722 -0.4676685929298401
0.025080114603042603 0.33780017495155334 -0.05376200005412102
-0.1272750049829483 0.21498623490333557 0.015475457534193993
-0.1272750049829483 0.09442839026451111 -0.0053619034588336945
-0.013883143663406372 0.03947199881076813 -0.16495032608509064
-0.05394434928894043 -0.24637800455093384 -0.4172472357749939
0.13079600036144257 -0.02721455879509449 -0.07810817658901215
0.13079600036144257 -0.004132013767957687 -0.17048421502113342
0.10449100285768509 0.05702878162264824 -0.04760110750794411
-0.1272750049829483 0.1291753202676773 -0.02846975065767765
0.003141537308692932 0.40070515871047974 -0.05376200005412102
-0.10464407503604889 -0.010139990597963333 -0.27449101209640503
0.06237500160932541 0.1802002340555191 -0.012173488736152649
-0.1272750049829483 0.17203617095947266 -0.032278649508953094
-0.11138810217380524 0.3492977023124695 0.032864999026060104
-0.09394005686044693 -0.1283378303050995 -0.05376200005412102
0.003551200032234192 -0.3628680109977722 -0.3410622179508209
-0.12637899816036224 -0.33912748098373413 -0.2993868291378021
-0.055164918303489685 -0.015497216954827309 0.03734094277024269
-0.09929866343736649 0.37817537784576416 0.006539659574627876
0.021600879728794098 -0.05461699888110161 -0.12623131275177002
-0.1272750049829483 0.10355252027511597 0.001386694610118866
0.11297742277383804 -0.05461699888110161 -0.22049295902252197
-0.02335868775844574 0.06435465812683105 0.032864999026060104
-0.12637899816036224 -0.28054380416870117 -0.4868074059486389
0.04372173920273781 -0.017067082226276398 0.032864999026060104
0.03795706480741501 0.24463868141174316 -0.05376200005412102
-0.08923599869012833 -0.20121970772743225 -0.011764179915189743
0.13079600036144257 -0.1566043198108673 -0.2555786967277527
-0.07798200100660324 0.24456346035003662 -0.0006536021828651428
-0.1272750049829483 -0.09553508460521698 -0.264496773481369
0.1018844023346901 0.37907540798187256 -0.04664044454693794
-0.025402797386050224 0.4218001365661621 0.025515427812933922
0.11507463455200195 0.34145137667655945 -0.05376200005412102
0.09440487623214722 0.3253209888935089 0.013319771736860275
-0.06862422078847885 0.4037843346595764 -0.008130759000778198
0.13079600036144257 -0.024489164352416992 -0.0175490640103817
0.13079600036144257 0.2616836130619049 -0.04029277339577675
-0.03228199854493141 0.06404861807823181 0.021993715316057205
-0.04941482096910477 0.2986316680908203 -0.05376200005412102
-0.01679818332195282 0.3632482588291168 0.032864999026060104
-0.0012629255652427673 -0.05461699888110161 -0.15864568948745728
0.03975142538547516 0.1284240335226059 -0.05376200005412102
0.09564881026744843 0.03947199881076813 -0.25589215755462646
-0.049340978264808655 -0.05461699888110161 -0.10633337497711182
-0.10827798396348953 -0.0763392448425293 -0.05376200005412102
0.13079600036144257 -0.2182600349187851 -0.0061764828860759735
-0.03568166494369507 0.4096505641937256 0.032864999026060104
0.06285445392131805 -0.24637800455093384 -0.3509337902069092
0.10314477980136871 -0.1400991678237915 -0.05376200005412102
-0.03228199854493141 0.194642573595047 -0.03498919680714607
0.05353565514087677 -0.3628680109977722 -0.2778439223766327
-0.05333133786916733 0.31864795088768005 0.032864999026060104
0.1241646260023117 -0.3628680109977722 -0.3306741714477539
0.10933901369571686 0.17368817329406738 -0.05376200005412102
0.08431324362754822 -0.3628680109977722 -0.38445979356765747
-0.10718787461519241 0.36705121397972107 0.011072352528572083
0.13079600036144257 -0.27074697613716125 -0.4027257263660431
0.11776205897331238 -0.24637800455093384 -0.34712016582489014
0.06237500160932541 0.23256097733974457 -0.01826636865735054
0.09073506295681 -0.05461699888110161 -0.06846286356449127
-0.12637899816036224 -0.3382625877857208 -0.32220399379730225
0.06542734801769257 0.03947199881076813 -0.2070978581905365
-0.10924379527568817 -0.24637800455093384 -0.30901095271110535
-0.10005722939968109 -0.3628680109977722 -0.024811934679746628
0.13079600036144257 -0.23712486028671265 -0.020435824990272522
0.003562748432159424 0.2899544835090637 0.032864999026060104
-0.023115793243050575 0.41590166091918945 0.032864999026060104
0.05360136181116104 0.08314314484596252 -0.05376200005412102
-0.10524403303861618 -0.06783762574195862 -0.24104200303554535
0.03399386256933212 -0.05461699888110161 -0.13387031853199005
-0.05818387493491173 -0.02445193938910961 0.041231680661439896
-0.1203785091638565 0.11148077249526978 0.032864999026060104
-0.1272750049829483 -0.26810815930366516 0.0006546974182128906
-0.1272750049829483 0.025273092091083527 -0.10916788876056671
-0.03228199854493141 0.19672998785972595 -0.009816985577344894
0.03148207813501358 0.3308972418308258 0.032864999026060104
0.012188509106636047 0.42363905906677246 0.023348171263933182
-0.08934687823057175 -0.3628680109977722 -0.002301357686519623
0.06237500160932541 0.0936732068657875 -0.02403167635202408
-0.12637899816036224 -0.3382625877857208 -0.32220399379730225
0.13079600036144257 0.002656061202287674 -0.18592621386051178
0.1198660135269165 0.3532498776912689 -0.05330348387360573
-0.0984036847949028 -0.3628680109977722 -0.3910386562347412
0.047354649752378464 -0.05461699888110161 -0.03084719367325306
0.07099507749080658 -0.30109551548957825 -0.4913420081138611
0.05060359463095665 0.06719329953193665 0.032864999026060104
-0.1272750049829483 -0.19210955500602722 -0.27390167117118835
0.06237500160932541 0.1332811564207077 -0.038952965289354324
0.07322648167610168 -0.24637800455093384 -0.4766889214515686
-0.08923599869012833 -0.35859498381614685 -0.05245957896113396
-0.07186966389417648 0.2850078344345093 0.032864999026060104
0.13079600036144257 -0.2580002546310425 -0.40619975328445435
-0.12313392758369446 0.10956472158432007 0.032864999026060104
0.10449100285768509 0.1926524043083191 -0.051618997007608414
0.06908814609050751 0.026029031723737717 0.032864999026060104
-0.1272750049829483 -0.20782098174095154 0.022156095132231712
-0.11754221469163895 0.35065415501594543 -0.035642046481370926
-0.05161493271589279 0.2936783730983734 -0.05376200005412102
-0.09249144792556763 0.04447512328624725 -0.05376200005412102
0.10449100285768509 0.17222705483436584 -0.029767651110887527
0.1037963330745697 -0.34940648078918457 -0.05376200005412102
0.13079600036144257 -0.2781396508216858 -0.4397430717945099
0.13079600036144257 -0.058615028858184814 -0.003871448338031769
0.032539501786231995 -0.3628680109977722 -0.291353315114975
0.13079600036144257 -0.08373108506202698 0.022758878767490387
-0.035195693373680115 -0.3628680109977722 -0.49104607105255127
0.13079600036144257 -0.006499584764242172 -0.04848656803369522
0.11407135426998138 -0.3628680109977722 -0.03313232958316803
0.020749226212501526 -0.05461699888110161 -0.2242918610572815
0.09261192381381989 0.3473740518093109 0.032864999026060104
0.13079600036144257 0.1660178303718567 -0.01894419640302658
-0.1192081943154335 -0.09999707341194153 -0.05376200005412102
0.10456987470388412 -0.08024266362190247 -0.24104200303554535
0.12416267395019531 0.17214560508728027 0.032864999026060104
-0.04557843506336212 0.03947199881076813 -0.12470194697380066
0.013674184679985046 0.34648847579956055 0.032864999026060104
0.13079600036144257 0.3113197088241577 -0.030000578612089157
0.08500123023986816 0.03947199881076813 -0.25353553891181946
-0.1272750049829483 0.22063444554805756 0.012121060863137245
-0.1272750049829483 0.09307149052619934 0.031768620014190674
-0.10812613368034363 -0.3628680109977722 -0.2492653876543045
-0.012354463338851929 0.28484249114990234 0.032864999026060104
0.13079600036144257 -0.3303678035736084 -0.3541949689388275
0.06092078238725662 -0.05461699888110161 -0.2407008409500122
-0.11140504479408264 -0.28251898288726807 -0.27449101209640503
-0.1272750049829483 -0.2266208678483963 -0.2569807171821594
0.008851230144500732 -0.3628680109977722 -0.48212486505508423
0.13079600036144257 -0.20465628802776337 -0.0449703224003315
0.10965152084827423 0.03947199881076813 -0.16601282358169556
-0.10535430163145065 -0.3628680109977722 -0.03992850333452225
0.06237500160932541 0.2218150943517685 0.031300339847803116
0.06600062549114227 -0.05461699888110161 -0.26195472478866577
0.13079600036144257 -0.03777383640408516 -0.08361265063285828
-0.12722691893577576 0.32544615864753723 -0.009890798479318619
-0.1272750049829483 0.007938762195408344 -0.21206577122211456
-0.09959585964679718 -0.05461699888110161 -0.08332601934671402
-0.07798200100660324 0.08864299952983856 0.013349782675504684
-0.1272750049829483 0.238783597946167 -0.05070105195045471
-0.08875717222690582 -0.24637800455093384 -0.47212478518486023
0.13079600036144257 -0.026889681816101074 0.013121183961629868
0.020923681557178497 0.3698609471321106 -0.05376200005412102
-0.043303847312927246 -0.05461699888110161 -0.020356371998786926
-0.1234433501958847 -0.24637800455093384 -0.48524415493011475
-0.006839767098426819 -0.24637800455093384 -0.40473031997680664
-0.11036932468414307 -0.23998184502124786 -0.05376200005412102
0.05108383297920227 0.3846277892589569 0.032864999026060104
-0.01990826427936554 0.3945189118385315 -0.05376200005412102
0.049512285739183426 0.4152056872844696 -0.035096727311611176
-0.12506255507469177 0.12086910009384155 0.032864999026060104
-0.05399324744939804 0.3818483054637909 -0.05376200005412102
-0.10174862295389175 -0.3021950125694275 -0.05376200005412102
-0.03944951295852661 0.03947199881076813 -0.09447814524173737
-0.10526031255722046 -0.24637800455093384 -0.28114888072013855
-0.11424702405929565 -0.3628680109977722 -0.4524924159049988
-0.1145969033241272 -0.3628680109977722 -0.24932554364204407
-0.08923599869012833 -0.2731509208679199 0.0272853784263134
0.058401353657245636 -0.05461699888110161 -0.2607721984386444
-0.023431964218616486 -0.05461699888110161 -0.056536171585321426
0.13079600036144257 -0.27310115098953247 0.013560611754655838
0.05984974279999733 -0.05461699888110161 -0.01314268633723259
-0.03228199854493141 0.10385584831237793 0.017991874366998672
0.0538589246571064 -0.05461699888110161 -0.08804772794246674
-0.051729634404182434 0.36266028881073 -0.05376200005412102
0.11421209573745728 -0.05461699888110161 -0.14330171048641205
0.10720781981945038 -0.05461699888110161 -0.12870094180107117
0.042801063507795334 -0.05408947542309761 0.032864999026060104
-0.07625892758369446 0.03947199881076813 -0.23297011852264404
0.11153644323348999 0.03947199881076813 -0.08021606504917145
0.06125606596469879 -0.05461699888110161 -0.143408864736557
0.10127300024032593 -0.28512218594551086 -0.026921290904283524
0.10449100285768509 0.2336941361427307 0.0172044076025486
0.13079600036144257 -0.3494971990585327 0.014725420624017715
0.03659144043922424 -0.3628680109977722 -0.49082329869270325
0.13079600036144257 0.15901438891887665 -0.022573646157979965
-0.08923599869012833 -0.306378573179245 0.026916999369859695
0.13079600036144257 -0.30593326687812805 -0.3226791322231293
-0.12637899816036224 -0.3558698892593384 -0.28710752725601196
-0.1272750049829483 -0.30340683460235596 -0.020371925085783005
-0.07218022644519806 0.03947199881076813 -0.1815907061100006
-0.10364028811454773 -0.05461699888110161 -0.23958542943000793
0.09283821284770966 -0.31959444284439087 -0.27449101209640503
0.13079600036144257 0.010405201464891434 -0.25429320335388184
-0.07362529635429382 0.03947199881076813 -0.07477325201034546
0.13079600036144257 -0.2686591148376465 -0.33513399958610535
0.0970575362443924 -0.3551943302154541 -0.4913420081138611
-0.1272750049829483 -0.31626635789871216 -0.26767227053642273
0.06237500160932541 0.2630935609340668 0.008800821378827095
0.06840816140174866 -0.3628680109977722 -0.46716225147247314
0.13079600036144257 0.024704718962311745 -0.2533194422721863
0.01604965329170227 -0.32225295901298523 -0.4913420081138611
-0.10294955223798752 0.2878785729408264 -0.05376200005412102
-0.10148261487483978 -0.3628680109977722 -0.4681209921836853
-0.1272750049829483 0.18049824237823486 -0.0238909013569355
-0.06811676919460297 0.051562000066041946 -0.04166962578892708
-0.049828775227069855 -0.024522848427295685 -0.27449101209640503
0.11068125069141388 0.05248737335205078 0.032864999026060104
0.10127300024032593 -0.10560375452041626 -0.04280471429228783
-0.033641546964645386 0.3702884018421173 -0.05376200005412102
-0.12347777187824249 -0.05461699888110161 -0.07755005359649658
0.13079600036144257 0.02027726173400879 -0.12323664128780365
-0.0673828050494194 0.2800630033016205 -0.027031289413571358
0.035532206296920776 0.3426409363746643 0.032864999026060104
0.05716976523399353 0.41259750723838806 0.0325915552675724
-0.05990535393357277 0.2800630033016205 -0.047181207686662674
-0.07798200100660324 0.2250482738018036 -0.011946268379688263
-0.08923599869012833 -0.2278987020254135 -0.03108186647295952
0.032784171402454376 0.18162871897220612 -0.05376200005412102
-0.01924365758895874 0.03947199881076813 -0.22289280593395233
-0.010991883464157581 -0.02787068672478199 0.03689007833600044
0.13079600036144257 -0.11716002225875854 -0.027926448732614517
-0.03228199854493141 0.08620242774486542 -0.04727471247315407
0.12965118885040283 -0.3628680109977722 -0.38622334599494934
-0.1272750049829483 -0.2741122841835022 -0.002465575933456421
0.11245298385620117 -0.24637800455093384 -0.38946881890296936
0.041638828814029694 -0.24637800455093384 -0.27682384848594666
0.06555035710334778 0.2994760274887085 0.032864999026060104
-0.10510429739952087 -0.304837167263031 0.032864999026060104
-0.013718649744987488 0.03947199881076813 -0.07998377829790115
0.02469385415315628 0.14789186418056488 -0.05376200005412102
0.02593887597322464 -0.05461699888110161 -0.033711984753608704
0.023711834102869034 0.42237284779548645 -0.0031632520258426666
0.0405796617269516 -0.05461699888110161 -0.013389479368925095
0.03455460071563721 -0.05461699888110161 -0.045523568987846375
0.03795459121465683 0.36243870854377747 0.032864999026060104
-0.013699350878596306 0.4230861961841583 -0.04313595965504646
-0.12363121658563614 -0.05461699888110161 -0.07188409566879272
-0.08923599869012833 -0.2505614459514618 -0.02411019802093506
0.10057684779167175 -0.3628680109977722 -0.4143693447113037
0.13079600036144257 0.07111626863479614 -0.03557789325714111
-0.025402797386050224 0.4218001365661621 0.025515427812933922
0.13079600036144257 0.3116424083709717 -0.008894488215446472
-0.016358643770217896 -0.2886119484901428 -0.27449101209640503
-0.1272750049829483 0.007938762195408344 -0.21206577122211456
0.13079600036144257 -0.2182600349187851 -0.0061764828860759735
-0.05027562752366066 -0.3628680109977722 -0.3022177219390869
0.10542184114456177 0.2733641564846039 0.032864999026060104
-0.037854015827178955 0.34398454427719116 -0.05376200005412102
0.07649071514606476 -0.05461699888110161 -0.07038591802120209
0.13079600036144257 -0.2331802397966385 0.028642065823078156
-0.042197033762931824 -0.05461699888110161 -0.21339157223701477
-0.07143235206604004 -0.05461699888110161 -0.08001405000686646
-0.1272750049829483 0.2199779450893402 0.012251216918230057
-0.0042176395654678345 -0.34159669280052185 -0.4913420081138611
0.02683388814330101 0.20286785066127777 -0.05376200005412102
0.08726981282234192 0.32719406485557556 0.032864999026060104
-0.1126159131526947 -0.3034531772136688 -0.4913420081138611
0.0369814932346344 0.03947199881076813 -0.27077558636665344
-0.0019808560609817505 0.03947199881076813 -0.17845401167869568
-0.046653181314468384 -0.05461699888110161 -0.19459718465805054
0.020098689943552017 0.4227698743343353 -0.022533949464559555
-0.02387332171201706 0.03947199881076813 -0.27234265208244324
0.020787805318832397 -0.34844982624053955 -0.4913420081138611
0.0017939656972885132 0.03947199881076813 -0.2708769738674164
-0.08923599869012833 -0.24243684113025665 -0.018322467803955078
0.13079600036144257 -0.2448137104511261 -0.023655595257878304
-0.04495994746685028 0.03947199881076813 -0.1672937124967575
-0.07815319299697876 -0.05461699888110161 -0.1546461284160614
0.09025857597589493 -0.05461699888110161 0.011454179883003235
-0.1222708448767662 0.3253209888935089 -0.028319165110588074
-0.05604184418916702 0.051562000066041946 -0.050594262778759
-0.1272750049829483 0.3229181468486786 -0.03660331666469574
-0.1272750049829483 -0.1675521582365036 -0.03613823279738426
-0.1272750049829483 0.2465737909078598 0.03235728293657303
0.13079600036144257 -0.3122223913669586 -0.002033371478319168
0.034544020891189575 0.38348597288131714 -0.05376200005412102
-0.06712359189987183 0.3856760859489441 -0.05376200005412102
0.014243703335523605 0.41166070103645325 -0.05376200005412102
0.048353999853134155 -0.007447471842169762 0.04336325079202652
-0.11356683820486069 -0.11242422461509705 0.032864999026060104
-0.11911718547344208 -0.13364611566066742 -0.27449101209640503
-0.12304435670375824 -0.13747155666351318 -0.27449101209640503
0.13079600036144257 -0.3556102216243744 -0.41376638412475586
0.03352458029985428 -0.3628680109977722 -0.32412421703338623
0.06061705946922302 -0.028383893892169 0.032864999026060104
-0.1272750049829483 0.25382745265960693 0.015794899314641953
0.08431324362754822 -0.3628680109977722 -0.38445979356765747
-0.023002101108431816 0.08205921947956085 0.032864999026060104
0.10127300024032593 -0.3296283483505249 0.022685103118419647
-0.1272750049829483 0.004381711594760418 -0.1275160312652588
-0.1272750049829483 0.27894511818885803 0.012164514511823654
-0.07798200100660324 0.21298259496688843 -0.03611895814538002
0.02003118395805359 -0.24637800455093384 -0.4602862298488617
0.024448901414871216 -0.3552400767803192 -0.4913420081138611
-0.03010103851556778 -0.3628680109977722 -0.41230782866477966
-0.05317734554409981 -0.3628680109977722 -0.3796766400337219
-0.08923599869012833 -0.28411951661109924 -0.02288765460252762
-0.032693177461624146 0.3469574749469757 -0.05376200005412102
0.13079600036144257 -0.32413074374198914 -0.0045838020741939545
-0.049059510231018066 -0.3628680109977722 -0.4728017747402191
0.10449100285768509 0.09229114651679993 -0.03352702036499977
0.11012139916419983 0.33954787254333496 0.032864999026060104
-0.02901729941368103 -0.24637800455093384 -0.2904633581638336
-0.1272750049829483 0.026383310556411743 -0.030968066304922104
0.09569588303565979 -0.31000372767448425 -0.4913420081138611
-0.08266771584749222 0.29893505573272705 0.032864999026060104
0.06283760070800781 -0.05461699888110161 -0.17287412285804749
-0.09992014616727829 -0.29557523131370544 0.032864999026060104
-0.0635068416595459 -0.3628680109977722 -0.39572256803512573
-0.12587937712669373 -0.1307225525379181 0.032864999026060104
0.01959414780139923 -0.05461699888110161 -0.09088636934757233
-0.01773017644882202 -0.05461699888110161 -0.2630739212036133
0.13079600036144257 0.11234605312347412 -0.03450595214962959
-0.036691173911094666 -0.05461699888110161 -0.2593037784099579
0.10306092351675034 -0.332459419965744 0.032864999026060104
0.10057684779167175 -0.3628680109977722 -0.4143693447113037
0.08441878855228424 0.051562000066041946 -0.030235042795538902
0.11096522957086563 -0.3628680109977722 -0.26733651757240295
0.07574115693569183 0.3208222985267639 -0.05376200005412102
0.007137451320886612 0.15885671973228455 -0.05376200005412102
0.0547315776348114 0.3382706940174103 -0.05376200005412102
-0.013068288564682007 -0.3628680109977722 -0.4103725552558899
0.08031325042247772 -0.3628680109977722 -0.37231895327568054
0.13079600036144257 -0.35230526328086853 -0.32452529668807983
-0.07798200100660324 0.23539115488529205 0.01865922287106514
0.08996852487325668 -0.05461699888110161 -0.1922914832830429
0.08110056817531586 0.020806867629289627 0.032864999026060104
0.13079600036144257 -0.25294724106788635 -0.26519259810447693
-0.060139767825603485 0.3253209888935089 -0.011347640305757523
0.12965230643749237 -0.25450587272644043 -0.27449101209640503
-6.0558319091796875e-05 -0.05461699888110161 0.005776751786470413
-0.024186603724956512 0.025749675929546356 -0.27449101209640503
-0.10524403303861618 -0.06783762574195862 -0.24104200303554535
-0.03228199854493141 0.08972950279712677 -0.009952578693628311
-0.12637899816036224 -0.35464054346084595 -0.4220721423625946
-0.10145998746156693 -0.3628680109977722 -0.3974981904029846
-0.11757715791463852 -0.05461699888110161 -0.21365788578987122
0.09563551843166351 -0.3467215895652771 -0.27449101209640503
-0.1272750049829483 0.3116825520992279 -0.020499233156442642
0.07623988389968872 -0.05461699888110161 -0.2426818460226059
0.061738573014736176 0.10979920625686646 0.032864999026060104
0.06237500160932541 0.21878275275230408 0.014654356986284256
0.059039510786533356 0.3253209888935089 -0.035550862550735474
-0.1272750049829483 -0.1214294582605362 -0.25434064865112305
0.10449100285768509 0.07633458077907562 0.015450652688741684
-0.11924899369478226 0.0009881258010864258 0.032864999026060104
0.018572956323623657 -0.05461699888110161 -0.024590298533439636
0.13079600036144257 0.09474503993988037 -0.018238358199596405
-0.027061179280281067 -0.05461699888110161 -0.013972710818052292
0.12496984004974365 -0.05461699888110161 -0.20208996534347534
0.13079600036144257 -0.008556246757507324 0.021543599665164948
-0.12637899816036224 -0.25377118587493896 -0.4491824507713318
0.0779590830206871 0.3995731472969055 -0.05376200005412102
0.1033124178647995 -0.24637800455093384 -0.4004727602005005
-0.11752630770206451 0.35069558024406433 -0.015066605061292648
0.09288845211267471 -0.31170159578323364 -0.4913420081138611
-0.0036389920860528946 0.4241917133331299 -0.0006189532577991486
-0.06742209196090698 -0.33393728733062744 -0.4913420081138611
-0.1272750049829483 0.032462939620018005 -0.21899236738681793
-0.02490408718585968 -0.3628680109977722 -0.3823469281196594
0.10401809215545654 -0.16202481091022491 -0.24104200303554535
-0.005380257964134216 -0.3628680109977722 -0.31058886647224426
0.015740633010864258 0.4006662666797638 -0.05376200005412102
0.10449100285768509 0.1762206256389618 -0.052741099148988724
-0.05307608097791672 0.3825441002845764 -0.05376200005412102
-0.0194166898727417 -0.05461699888110161 -0.11666005849838257
-0.07383154332637787 -0.05461699888110161 -0.11109437048435211
-0.11262856423854828 0.31456494331359863 -0.05376200005412102
-0.013082295656204224 -0.048498496413230896 0.032864999026060104
-0.10633905231952667 0.03947199881076813 -0.17282409965991974
-0.12029587477445602 -0.13312704861164093 -0.24104200303554535
-0.07092325389385223 -0.3628680109977722 -0.4654887318611145
-0.1272750049829483 -0.03235048055648804 -0.11366391181945801
-0.1129215657711029 -0.27245765924453735 -0.05376200005412102
0.13079600036144257 -0.021201252937316895 -0.24834056198596954
0.09383334219455719 0.038679640740156174 0.032864999026060104
0.13079600036144257 0.08843958377838135 0.015729598701000214
0.13079600036144257 -0.3532090485095978 -0.24603350460529327
-0.002552896738052368 -0.02151307463645935 0.032864999026060104
0.10796113312244415 -0.25260862708091736 -0.4913420081138611
-0.09123899787664413 -0.2756195664405823 -0.262237012386322
0.03220589458942413 -0.34455418586730957 -0.27449101209640503
-0.12298981100320816 -0.31781935691833496 -0.24104200303554535
0.11190333217382431 -0.1080234944820404 -0.24104200303554535
0.03704322129487991 0.07077822089195251 0.032864999026060104
0.058841925114393234 0.4118898808956146 -0.03876229748129845
0.0999157726764679 0.2800630033016205 0.009590234607458115
0.13079600036144257 -0.35013169050216675 -0.37019556760787964
-0.07160821557044983 -0.05461699888110161 -0.0321972519159317
-0.1258019655942917 -0.022827357053756714 0.032864999026060104
0.11105446517467499 -0.2838095426559448 -0.4913420081138611
-0.10592550039291382 -0.07012906670570374 -0.24104200303554535
-0.08923599869012833 -0.1875142604112625 -0.0170157290995121
-0.12637507915496826 -0.3628680109977722 -0.34691858291625977
0.015751488506793976 0.3619835078716278 0.032864999026060104
-0.09123899787664413 -0.3181246221065521 -0.2507195770740509
0.13079600036144257 -0.26817262172698975 -0.40458035469055176
-0.027730543166399002 0.10770516097545624 -0.05376200005412102
-0.1272750049829483 -0.2776167690753937 -0.24152958393096924
-0.11195287853479385 -0.13988259434700012 -0.27449101209640503
-0.06364043802022934 0.4068208932876587 0.020583750680088997
0.044339295476675034 0.3701621890068054 0.032864999026060104
-0.09123899787664413 -0.067498117685318 -0.2482152283191681
0.13079600036144257 -0.2782672345638275 -0.03457694500684738
0.03544626384973526 0.33935990929603577 0.032864999026060104
0.09551893174648285 -0.24637800455093384 -0.30912894010543823
-0.1272750049829483 0.06545037031173706 -0.04660767689347267
-0.043118514120578766 0.4161841869354248 -0.031295377761125565
0.13079600036144257 -0.3267291188240051 -0.2958940267562866
0.12962114810943604 -0.1776244044303894 -0.24104200303554535
0.04603802040219307 0.07886594533920288 -0.05376200005412102
-0.1272750049829483 0.3116825520992279 -0.020499233156442642
0.09202773123979568 0.03947199881076813 -0.08209461718797684
-0.05550513416528702 0.2800630033016205 0.006073072552680969
0.008024454116821289 -0.3628680109977722 -0.36965781450271606
0.08891262114048004 -0.3628680109977722 -0.4474603533744812
-0.11990072578191757 -0.23972521722316742 -0.24104200303554535
-0.12637899816036224 -0.33342596888542175 -0.38644570112228394
0.13079600036144257 0.14246724545955658 -0.023120328783988953
-0.07472092658281326 -0.05461699888110161 -0.21193048357963562
0.019463613629341125 0.03947199881076813 -0.09531089663505554
-0.027061179280281067 -0.05461699888110161 -0.013972710818052292
-0.010003551840782166 0.014693282544612885 0.032864999026060104
0.06905081868171692 -0.24637800455093384 -0.48195838928222656
-0.12637899816036224 -0.3136768639087677 -0.3145313262939453
0.10194911807775497 -0.06614917516708374 0.032864999026060104
0.06016132980585098 0.03667959198355675 0.032864999026060104
-0.03228199854493141 0.11581559479236603 0.03194696828722954
0.10449100285768509 0.17026789486408234 -0.03879033401608467
0.13079600036144257 -0.2830336391925812 -0.04851255193352699
-0.12637899816036224 -0.34570735692977905 -0.457206130027771
0.09927099943161011 -0.1826440691947937 -0.24451106786727905
0.02843032032251358 0.2680424451828003 -0.05376200005412102
0.02424526959657669 -0.05461699888110161 -0.010845553129911423
-0.08923599869012833 -0.22546952962875366 0.025160927325487137
0.10127300024032593 -0.20779556035995483 -0.04191700741648674
-0.08999328315258026 0.3871303200721741 -0.0013365857303142548
0.13079600036144257 0.059175826609134674 -0.043171413242816925
-0.09123899787664413 -0.28239214420318604 -0.25952616333961487
-0.014173805713653564 -0.05461699888110161 -0.22448991239070892
0.00871536135673523 -0.050366051495075226 0.032864999026060104
-0.1272750049829483 -0.3580509424209595 -0.03103609010577202
-0.04408523440361023 0.03947199881076813 -0.20456989109516144
-0.011651858687400818 -0.3628680109977722 -0.3002925217151642
0.03223453462123871 -0.05461699888110161 -0.121961310505867
-0.07865501940250397 0.14334934949874878 -0.05376200005412102
0.06015756353735924 -0.05461699888110161 0.02734231948852539
0.06237500160932541 0.1580342948436737 -0.02316702902317047
0.0776669830083847 0.051562000066041946 0.006549615412950516
-0.03430245816707611 -0.3628680109977722 -0.37098461389541626
-0.03948797285556793 -0.2684803605079651 -0.4913420081138611
-0.1272750049829483 -0.2932928204536438 0.008597265928983688
-0.1272750049829483 -0.21820573508739471 -0.03508723899722099
-0.07493384182453156 0.3417028486728668 0.032864999026060104
0.029626771807670593 -0.24637800455093384 -0.40480321645736694
-0.07885845005512238 -0.2774275541305542 -0.4913420081138611
0.019561145454645157 0.2152635157108307 -0.05376200005412102
-0.003570765256881714 -0.3628680109977722 -0.28950902819633484
-0.015115372836589813 -0.3487878441810608 -0.27449101209640503
0.12479597330093384 -0.0016961991786956787 -0.27449101209640503
0.022062167525291443 -0.05461699888110161 -0.20030632615089417
0.07869541645050049 -0.05461699888110161 -0.09762458503246307
0.04908442497253418 -0.24637800455093384 -0.4498884677886963
0.09677654504776001 0.051562000066041946 0.030284956097602844
0.004836272448301315 0.27299627661705017 0.032864999026060104
-0.11551468074321747 -0.24637800455093384 -0.39343613386154175
-0.1272750049829483 0.03021118976175785 -0.06104297190904617
0.13079600036144257 -0.3532090485095978 -0.24603350460529327
-0.10591188818216324 -0.05461699888110161 -0.12255649268627167
-0.008933447301387787 -0.03522861748933792 -0.27449101209640503
-0.06615544855594635 0.4052885174751282 0.023019015789031982
0.10449100285768509 0.06938807666301727 -0.03328238055109978
-0.08924159407615662 0.03947199881076813 -0.0995338037610054
-0.013626888394355774 0.13846540451049805 -0.05376200005412102
-0.09403710067272186 -0.045121848583221436 0.032864999026060104
-0.10703738033771515 0.06449344754219055 0.032864999026060104
-0.12446665018796921 0.019463850185275078 -0.27449101209640503
-0.0278090238571167 -0.24637800455093384 -0.38690683245658875
0.09927099943161011 -0.05751359835267067 -0.2682687044143677
0.11102516949176788 0.3665744960308075 -0.0033888034522533417
-0.022337716072797775 0.39471837878227234 0.032864999026060104
0.06968691945075989 0.03947199881076813 -0.2009153962135315
-0.08923599869012833 -0.3278316855430603 0.02949501946568489
-0.1272750049829483 -0.2119935154914856 -0.2620405852794647
-0.08923599869012833 -0.3259349465370178 0.020783979445695877
0.01976066827774048 -0.24637800455093384 -0.37398284673690796
0.06237500160932541 0.17724891006946564 0.027234409004449844
-0.03203597664833069 0.4199589490890503 0.019109711050987244
0.020994171500205994 -0.24637800455093384 -0.46284544467926025
0.06854455918073654 -0.31424862146377563 -0.4913420081138611
0.1020660400390625 -0.3628680109977722 -0.3910753130912781
0.13079600036144257 -0.11936613917350769 -0.00886586681008339
0.032944079488515854 0.29372701048851013 -0.05376200005412102
0.04936368018388748 0.30953335762023926 -0.05376200005412102
-0.09236738830804825 0.20335593819618225 -0.05376200005412102
-0.098136767745018 -0.3628680109977722 -0.28915709257125854
-0.025726094841957092 0.03947199881076813 -0.1274596005678177
0.10127300024032593 -0.17403367161750793 -0.0026305727660655975
-0.03359095752239227 -0.05461699888110161 -0.2411888837814331
-0.024494633078575134 -0.3628680109977722 -0.32037293910980225
-0.1272750049829483 0.2009275108575821 0.013724792748689651
-0.042391661554574966 -0.010755553841590881 0.03790023922920227
0.10449100285768509 0.14328061044216156 0.021689224988222122
-0.001488231122493744 -0.05461699888110161 -0.030492693185806274
-0.10292434692382812 0.03973016142845154 0.032864999026060104
-0.12637899816036224 -0.3253813683986664 -0.48322954773902893
-0.09729865193367004 -0.3628680109977722 -0.03629031404852867
-0.0365276001393795 0.41842907667160034 -0.04582960158586502
-0.06989113241434097 -0.02811567857861519 0.032864999026060104
0.057492516934871674 -0.2521377205848694 -0.4913420081138611
0.06515118479728699 0.3253209888935089 -0.03245076164603233
-0.04868145287036896 -0.24637800455093384 -0.2904837131500244
0.0616597980260849 0.4101729989051819 0.007376300171017647
-0.07425381243228912 -0.05461699888110161 -0.2501072585582733
0.13079600036144257 -0.34874463081359863 -0.02812030352652073
-0.042890265583992004 0.32711100578308105 0.032864999026060104
-0.02781909704208374 -0.2559601068496704 -0.27449101209640503
0.09882985055446625 0.3773374557495117 0.032864999026060104
-0.1272750049829483 -0.33672812581062317 0.024872390553355217
0.10127300024032593 -0.1397893726825714 -0.000703565776348114
-0.0722004845738411 -0.3628680109977722 -0.4231526255607605
0.005402520298957825 -0.24637800455093384 -0.39006611704826355
0.04651711881160736 -0.3628680109977722 -0.48251253366470337
0.029805444180965424 0.3253209888935089 -0.001261681318283081
-0.1272750049829483 0.014741029590368271 -0.07815416902303696
0.019103489816188812 0.29555243253707886 -0.05376200005412102
-0.12092529237270355 0.06913834810256958 -0.05376200005412102
-0.0580412894487381 0.03947199881076813 -0.2524532377719879
0.04427877441048622 0.4169882535934448 -0.03862850368022919
-0.07798200100660324 0.19350162148475647 -0.02020399272441864
-0.10564712435007095 -0.24637800455093384 -0.2988215386867523
0.05458926036953926 0.4035983681678772 0.032864999026060104
0.09927099943161011 -0.3256829082965851 -0.26599422097206116
0.011757712811231613 0.4236864149570465 0.017157815396785736
0.04404515400528908 0.136265367269516 0.032864999026060104
0.04891084134578705 0.03947199881076813 -0.2378503680229187
-0.05629497021436691 0.3955197334289551 -0.05376200005412102
-0.044125691056251526 -0.3514273166656494 -0.27449101209640503
-0.10591188818216324 -0.05461699888110161 -0.12255649268627167
0.028736025094985962 -0.05461699888110161 -0.19075116515159607
0.09056446701288223 0.3620837330818176 0.032864999026060104
0.10127300024032593 -0.2753196358680725 -0.05250280722975731
-0.07798200100660324 0.20877180993556976 0.02540547028183937
-0.1272750049829483 0.004381711594760418 -0.1275160312652588
0.07957091182470322 -0.05461699888110161 -0.10466007888317108
0.05602758005261421 0.16446271538734436 -0.05376200005412102
0.041790321469306946 0.03947199881076813 -0.06510390341281891
-0.12322566658258438 -0.3628680109977722 -0.34878009557724
0.13079600036144257 -0.23055516183376312 -0.00371415913105011
-0.1272750049829483 0.2410707324743271 -0.005576007068157196
0.13079600036144257 0.00428265705704689 -0.23557478189468384
0.1293739527463913 -0.22805029153823853 -0.24104200303554535
-0.11399772763252258 -0.26647189259529114 0.032864999026060104
-0.05310485512018204 -0.05461699888110161 -0.14812904596328735
-0.0323282852768898 -0.019106848165392876 0.038927506655454636
-0.013746820390224457 -0.05461699888110161 -0.2464938759803772
0.07038244605064392 -0.05461699888110161 -0.21128827333450317
0.022998452186584473 -0.3628680109977722 -0.3582935929298401
0.13079600036144257 -0.04965507984161377 0.017882267013192177
-0.06356542557477951 0.2800630033016205 -0.050673775374889374
0.12760625779628754 -0.3007311522960663 -0.27449101209640503
-0.08923599869012833 -0.2975239157676697 -0.03485788032412529
-0.12637899816036224 -0.3296433091163635 -0.27790743112564087
-0.06542176008224487 -0.24793754518032074 -0.4913420081138611
0.030638515949249268 -0.3628680109977722 -0.2828162610530853
-0.04619985446333885 -0.05461699888110161 -0.24200236797332764
0.034390419721603394 0.03947199881076813 -0.26663675904273987
0.07286982238292694 0.3253209888935089 0.004229135811328888
-0.12579913437366486 -0.3628680109977722 -0.28137195110321045
-0.05297306925058365 0.3013760447502136 -0.05376200005412102
-0.09123899787664413 -0.2616490423679352 -0.26762089133262634
0.02377411723136902 -0.3628680109977722 -0.4227999746799469
-0.1272750049829483 -0.2818571925163269 -0.0012067779898643494
-0.0202353373169899 -0.05461699888110161 -0.16041821241378784
0.026674024760723114 0.27252858877182007 -0.05376200005412102
0.12801827490329742 -0.2943861484527588 -0.27449101209640503
-0.008786141872406006 0.2595691382884979 -0.05376200005412102
-0.07484158873558044 -0.05461699888110161 -0.05166628956794739
0.014169305562973022 -0.3628680109977722 -0.45716115832328796
-0.11657996475696564 0.03947199881076813 -0.09630094468593597
-0.12199259549379349 -0.25315576791763306 -0.24104200303554535
-0.05665411800146103 0.4110775887966156 -0.022253289818763733
-0.12530946731567383 -0.2855716943740845 0.032864999026060104
0.13013984262943268 -0.3507472276687622 -0.4913420081138611
-0.08923599869012833 -0.2237400859594345 -0.035837817937135696
-0.12089035660028458 0.34193938970565796 0.010175179690122604
-0.046251505613327026 0.03947199881076813 -0.25777164101600647
0.07851582020521164 -0.05461699888110161 -0.27335837483406067
0.07133916020393372 -0.028363006189465523 -0.27449101209640503
-0.11130140721797943 0.3608514368534088 -0.02075977995991707
-0.0718943327665329 0.03947199881076813 -0.2636510133743286
-0.005579724907875061 -0.3614395260810852 -0.4913420081138611
0.05075662583112717 -0.3628680109977722 -0.3119710385799408
0.0968964621424675 0.3838755190372467 0.032628029584884644
0.08292702585458755 -0.05461699888110161 -0.1270313709974289
-0.08640918135643005 -0.05461699888110161 -0.14222469925880432
0.10449100285768509 0.10810115933418274 -0.015264060348272324
0.13079600036144257 -0.2882111370563507 -0.26182103157043457
-0.1272750049829483 -0.22377510368824005 -0.04217125102877617
-0.07798200100660324 0.08864299952983856 0.013349782675504684
-0.05895550549030304 0.051562000066041946 0.004611780866980553
0.014628596603870392 -0.05461699888110161 -0.24855895340442657
-0.1272750049829483 -0.0002405364066362381 -0.2590430676937103
-0.08923599869012833 -0.32255247235298157 -0.018627185374498367
0.030993640422821045 0.42151322960853577 -0.008490808308124542
0.010431930422782898 0.03947199881076813 -0.1884576976299286
-0.1086709201335907 -0.24105902016162872 -0.24104200303554535
-0.0033112599048763514 -0.008029471151530743 0.04355920851230621
0.10449100285768509 0.07774694263935089 -0.0045916847884655
-0.09447410702705383 0.05086340010166168 0.032864999026060104
-0.03536790609359741 -0.3628680109977722 -0.4421507716178894
0.13079600036144257 -0.3082546293735504 -0.336689829826355
-0.022337716072797775 0.39471837878227234 0.032864999026060104
-0.043687984347343445 -0.027747252956032753 -0.27449101209640503
-0.1272750049829483 0.25304049253463745 -0.032252632081508636
-0.013994909822940826 0.0475870817899704 -0.05376200005412102
-0.0441342368721962 -0.05461699888110161 -0.07468768954277039
0.016515064984560013 0.12266501784324646 0.032864999026060104
0.1192326545715332 -0.3628680109977722 -0.31956201791763306
0.0717179998755455 -0.011397787369787693 0.03463013842701912
0.1060018390417099 -0.0564405620098114 -0.27449101209640503
0.019886448979377747 -0.035617999732494354 0.04373161122202873
-0.09815914928913116 0.3792719841003418 0.024623312056064606
0.10938353836536407 -0.3628680109977722 -0.46129223704338074
-0.08552408963441849 0.29260605573654175 -0.05376200005412102
0.0039834752678871155 -0.3628680109977722 -0.36398810148239136
0.0868576318025589 0.3378863036632538 -0.05376200005412102
0.09294029325246811 -0.05461699888110161 -0.15307193994522095
0.08538004755973816 -0.24637800455093384 -0.44936925172805786
-0.1272750049829483 -0.04299159348011017 -0.24252447485923767
0.04419061541557312 0.03947199881076813 -0.27196604013442993
0.13079600036144257 -0.30158668756484985 -0.26894357800483704
0.13019545376300812 -0.15708786249160767 0.032864999026060104
0.12133531272411346 -0.1999826431274414 -0.05376200005412102
-0.011973783373832703 0.03947199881076813 -0.2058432251214981
0.1144249215722084 0.20882588624954224 -0.05376200005412102
-0.10642533749341965 -0.05461699888110161 -0.22150015830993652
0.13079600036144257 -0.18949973583221436 0.0023755840957164764
-0.12722691893577576 0.32544615864753723 -0.009890798479318619
-0.12637899816036224 -0.36218589544296265 -0.2993435859680176
0.05638968199491501 0.28720787167549133 0.032864999026060104
-0.028599128127098083 -0.05461699888110161 -0.006683602929115295
0.033175401389598846 0.4142228960990906 -0.05376200005412102
-0.10274375975131989 -0.05461699888110161 -0.1443544626235962
-0.10285694152116776 -0.3628680109977722 -0.01723460480570793
0.10127300024032593 -0.09518715739250183 -0.03121228516101837
-0.04468855261802673 0.03947199881076813 -0.11370675265789032
-0.07827230542898178 0.3913516700267792 0.032864999026060104
0.06237500160932541 0.13680899143218994 -0.00196833536028862
0.1288791000843048 -0.3628680109977722 0.009928656741976738
-0.12582632899284363 -0.24637800455093384 -0.34276315569877625
0.015946365892887115 -0.05461699888110161 -0.17142920196056366
-0.10329491645097733 0.3253209888935089 0.023076914250850677
-0.10935088247060776 -0.12643319368362427 -0.27449101209640503
-0.0976913645863533 -0.09111326932907104 -0.24104200303554535
0.0822845920920372 0.3253209888935089 0.0015903487801551819
-0.08695648610591888 0.2709871530532837 0.032864999026060104
0.023337513208389282 -0.05461699888110161 -0.2330954670906067
0.13079600036144257 0.028411392122507095 -0.24429918825626373
-0.1272750049829483 0.01193317025899887 -0.21508200466632843
0.13079600036144257 -0.3138081729412079 0.022964082658290863
-0.0684470683336258 -0.05461699888110161 -0.18030621111392975
-0.10397416353225708 -0.1876780390739441 -0.27449101209640503
0.09193705022335052 -0.28447896242141724 -0.4913420081138611
-0.09850456565618515 -0.3628680109977722 -0.4308231472969055
-0.08796863257884979 0.3890787363052368 -0.03543146699666977
0.10127300024032593 -0.13312003016471863 0.018993977457284927
0.028198055922985077 -0.05461699888110161 -0.20239323377609253
0.12190094590187073 -0.2647736370563507 -0.05376200005412102
-0.12637899816036224 -0.302763968706131 -0.4042671322822571
0.09157989174127579 0.34150293469429016 0.032864999026060104
-0.02514479123055935 0.2787388265132904 0.032864999026060104
-0.1244407445192337 -0.3001573979854584 -0.4913420081138611
-0.1272750049829483 -0.3622651696205139 -0.2635628879070282
-0.12358995527029037 -0.05461699888110161 -0.16461068391799927
0.09927099943161011 -0.2177196592092514 -0.2430962175130844
-0.08923599869012833 -0.10100272297859192 -0.021076876670122147
-0.10828140377998352 0.36540308594703674 -0.030002888292074203
0.13079600036144257 -0.09975320100784302 -0.04966692999005318
-0.10998775064945221 0.2954960763454437 -0.05376200005412102
0.039203111082315445 0.07364089787006378 -0.05376200005412102
0.1114521473646164 0.03947199881076813 -0.15146762132644653
0.13079600036144257 0.22792863845825195 0.00909155048429966
-0.1272750049829483 0.12255978584289551 -0.044904883950948715
0.10127300024032593 -0.07158703356981277 -0.02416083589196205
0.006596408784389496 0.10854846239089966 0.032864999026060104
0.05276714265346527 0.03947199881076813 -0.21608316898345947
-0.01649169623851776 0.32398897409439087 0.032864999026060104
-0.04831366240978241 -0.017362000420689583 0.03940119966864586
-0.05405229330062866 -0.3628680109977722 -0.4666653573513031
0.09202773123979568 0.03947199881076813 -0.08209461718797684
0.026256375014781952 0.003701230511069298 -0.27449101209640503
0.005708198994398117 0.1658802628517151 -0.05376200005412102
-0.08923599869012833 -0.29971766471862793 0.025688711553812027
-0.03228199854493141 0.2595566511154175 -0.042066581547260284
-0.06956464052200317 -0.05461699888110161 -0.16799193620681763
0.10619772970676422 -0.2881445586681366 0.032864999026060104
0.10170212388038635 -0.3577978312969208 -0.05376200005412102
0.06569325923919678 0.03947199881076813 -0.14756932854652405
0.06564300507307053 0.04473567381501198 -0.05376200005412102
0.11518219858407974 -0.3628680109977722 -0.4856238067150116
0.12462706863880157 -0.11923393607139587 -0.24104200303554535
0.03140648454427719 -0.26653045415878296 -0.27449101209640503
-0.1272750049829483 0.10088439285755157 0.025290420278906822
-0.010315866209566593 -0.007479054853320122 0.04454623907804489
0.13079600036144257 0.1750892996788025 -0.004143454134464264
0.12583354115486145 -0.09508547186851501 -0.24104200303554535
-0.07187630236148834 -0.29947683215141296 -0.27449101209640503
0.06237500160932541 0.1686255782842636 -0.002725265920162201
0.004241570830345154 -0.00245019793510437 -0.27449101209640503
0.12366865575313568 0.03947199881076813 -0.08685679733753204
0.11815084517002106 0.03947199881076813 -0.11815750598907471
-0.1272750049829483 -0.05867207050323486 -0.2413122057914734
